Title,Alternative Title,Creator,Publisher,Resource Class,Temporal Coverage,Date Issued,Date Accessioned,ID,Identifier,Code
Weather Sensor Data,Weather Sensor Data,City of Ann Arbor,Ann Arbor Data Catalog,Datasets,Last Modified: 2026-07-28,2026-07-17,2026-07-28,a60b5473-a3dd-48e7-b6b4-89b81b66945c,weather-sensor-data,07c-02
Monthly Solid Waste Totals,Monthly Solid Waste Totals,City of Ann Arbor,Ann Arbor Data Catalog,Datasets,Last Modified: 2026-07-28,2025-07-18,2026-05-29,817e4813-0d0d-4368-a139-faef9f89b190,monthly-solid-waste-totals,07c-02
PFAS Sampling Data,PFAS Sampling Data,City of Ann Arbor,Ann Arbor Data Catalog,Datasets,Last Modified: 2026-07-28,2025-07-18,2026-05-29,7277c199-1913-46f7-bada-40fe325f4094,pfas-sampling-data,07c-02
Air Quality Sensor Data,Air Quality Sensor Data,City of Ann Arbor,Ann Arbor Data Catalog,Datasets,Last Modified: 2026-07-28,2025-07-21,2026-05-29,3b531fba-bf1e-44a4-ae30-7caaaa76f705,air-quality-sensor-data,07c-02
Rainfall at City-Operated Rain Gauges,Rainfall at City-Operated Rain Gauges,City of Ann Arbor,Ann Arbor Data Catalog,Datasets,Last Modified: 2026-07-28,2025-07-18,2026-05-29,9c24a5f2-df1f-4174-9dde-b7c7eda3a84d,rainfall-at-city-operated-rain-gauges,07c-02
Housing Commission Story Map,Housing Commission Story Map,City of Ann Arbor,Ann Arbor Data Catalog,Datasets,Last Modified: 2026-07-27,2025-09-22,2026-05-29,2e46b74c-a050-4420-9d79-591647439042,housing-commission-story-map,07c-02
Zoning Districts,Zoning Districts,City of Ann Arbor,Ann Arbor Data Catalog,Datasets,Last Modified: 2026-07-26,2025-07-28,2026-05-29,970c31c9-c9c4-4082-a173-a97addf91642,zoning-districts,07c-02
City of Ann Arbor Area Zipcodes,City of Ann Arbor Area Zipcodes,City of Ann Arbor,Ann Arbor Data Catalog,Datasets,Last Modified: 2026-07-26,2025-08-31,2026-05-29,78e6b220-7e8a-439c-9534-16586578fd32,city-of-ann-arbor-area-zipcodes,07c-02
Waterbodies,Waterbodies,City of Ann Arbor,Ann Arbor Data Catalog,Datasets,Last Modified: 2026-07-26,2026-07-09,2026-07-28,6b3d940b-cabd-4a55-a3f1-e75fb8770f90,waterbodies,07c-02
Wards and Precincts,Wards and Precincts,City of Ann Arbor,Ann Arbor Data Catalog,Datasets,Last Modified: 2026-07-26,2025-07-28,2026-05-29,8c6a26f9-1e91-448e-89ca-e83c0126cd94,wards-and-precincts,07c-02
University Owned Land,University Owned Land,City of Ann Arbor,Ann Arbor Data Catalog,Datasets,Last Modified: 2026-07-26,2025-07-28,2026-05-29,bb50cfd7-4cd9-4198-b438-0ce1add8acb8,university-owned-land,07c-02
Street Trees,Street Trees,City of Ann Arbor,Ann Arbor Data Catalog,Datasets,Last Modified: 2026-07-26,2025-07-28,2026-05-29,653f6c44-95a6-4ca7-a4dc-a88cbe1025a3,street-trees,07c-02
Streetlights,Streetlights,City of Ann Arbor,Ann Arbor Data Catalog,Datasets,Last Modified: 2026-07-26,2025-07-28,2026-05-29,352ac737-a717-4ff0-8501-f2b6315fc77e,streetlights,07c-02
Schools,Schools,City of Ann Arbor,Ann Arbor Data Catalog,Datasets,Last Modified: 2026-07-26,2025-07-28,2026-05-29,e40d794d-8b84-4e1a-bc69-aa9ef6135533,schools,07c-02
Road Centerline,Road Centerline,City of Ann Arbor,Ann Arbor Data Catalog,Datasets,Last Modified: 2026-07-26,2025-10-24,2026-05-29,b9c4f1d0-c96a-4456-859e-5c80b4ff37d9,road-centerline,07c-02
Polling Locations,Polling Locations,City of Ann Arbor,Ann Arbor Data Catalog,Datasets,Last Modified: 2026-07-26,2025-07-28,2026-05-29,81272991-ea42-4845-afbc-c3854c0c2af5,polling-locations,07c-02
Parks,Parks,City of Ann Arbor,Ann Arbor Data Catalog,Datasets,Last Modified: 2026-07-26,2025-07-28,2026-05-29,17dd7a5f-5607-4df3-b892-01abca9b1eba,parks,07c-02
Non City Open Spaces,Non City Open Spaces,City of Ann Arbor,Ann Arbor Data Catalog,Datasets,Last Modified: 2026-07-26,2025-07-28,2026-05-29,cdac1c7a-8eea-44ef-8a52-0bd71518d8cc,non-city-open-spaces,07c-02
Current Land Use,Current Land Use,City of Ann Arbor,Ann Arbor Data Catalog,Datasets,Last Modified: 2026-07-26,2025-07-28,2026-05-29,ede3b10b-c75a-47d8-be37-11957819aa99,land-use,07c-02
Fire Hydrants,Fire Hydrants,City of Ann Arbor,Ann Arbor Data Catalog,Datasets,Last Modified: 2026-07-26,2025-07-25,2026-05-29,ecbfd4e7-fe1e-4b8d-ab59-0f74e346aefb,fire-hydrants,07c-02
Hotels,Hotels,City of Ann Arbor,Ann Arbor Data Catalog,Datasets,Last Modified: 2026-07-26,2025-10-22,2026-05-29,736f999a-45fe-48fa-9f4a-3c90c858f8c8,hotels,07c-02
Historic Districts,Historic Districts,City of Ann Arbor,Ann Arbor Data Catalog,Datasets,Last Modified: 2026-07-26,2025-07-28,2026-05-29,d66f46af-f050-4e5e-a3ef-2bc9de1cc115,historic-districts,07c-02
Greenbelt Properties,Greenbelt Properties,City of Ann Arbor,Ann Arbor Data Catalog,Datasets,Last Modified: 2026-07-26,2025-07-28,2026-05-29,b6e43ac2-faac-4964-b166-7f79835106ba,greenbelt-properties,07c-02
Greenbelt Area,Greenbelt Area,City of Ann Arbor,Ann Arbor Data Catalog,Datasets,Last Modified: 2026-07-26,2025-12-03,2026-05-29,76fb9e96-b00a-40de-8bf1-2414f1bdb4d4,greenbelt-area,07c-02
Future Land Use,Future Land Use,City of Ann Arbor,Ann Arbor Data Catalog,Datasets,Last Modified: 2026-07-26,2025-07-25,2026-05-29,868a3adf-10f3-4958-915c-d2d873127976,future-land-use,07c-02
Floodplain Extended Area,Floodplain Extended Area,City of Ann Arbor,Ann Arbor Data Catalog,Datasets,Last Modified: 2026-07-26,2026-04-28,2026-05-29,c2a7caa8-4b91-492f-9092-59127d1da526,floodplain-extended-area,07c-02
Floodplain,Floodplain,City of Ann Arbor,Ann Arbor Data Catalog,Datasets,Last Modified: 2026-07-26,2025-07-25,2026-05-29,31d056de-af54-43c8-8f5b-f2f34a2553cf,floodplain,07c-02
DDA Boundary,DDA Boundary,City of Ann Arbor,Ann Arbor Data Catalog,Datasets,Last Modified: 2026-07-26,2025-07-25,2026-05-29,c64e800a-725f-4f6b-9a18-58bffdea4acb,dda-boundary,07c-02
City Owned Land,City Owned Land,City of Ann Arbor,Ann Arbor Data Catalog,Datasets,Last Modified: 2026-07-26,2025-07-25,2026-05-29,cda8ef3a-bc31-49f0-8071-5271e9035123,city-owned-land,07c-02
City Boundary,City Boundary,City of Ann Arbor,Ann Arbor Data Catalog,Datasets,Last Modified: 2026-07-26,2025-07-25,2026-05-29,c5d51794-60bb-478e-8cef-da420869d98d,city-boundary,07c-02
Catch Basins,Catch Basins,City of Ann Arbor,Ann Arbor Data Catalog,Datasets,Last Modified: 2026-07-26,2025-07-24,2026-05-29,338bf68f-22dc-4c8e-b0f9-bd31dfa855ca,catch-basins,07c-02
Building Footprints,Building Footprints,City of Ann Arbor,Ann Arbor Data Catalog,Datasets,Last Modified: 2026-07-26,2025-07-22,2026-05-29,43aacacb-0d98-4cd0-9348-fffeb942027b,building-footprints,07c-02
Address Points,Address Points,City of Ann Arbor,Ann Arbor Data Catalog,Datasets,Last Modified: 2026-07-26,2025-07-22,2026-05-29,20096a60-3bd6-4c60-ad11-11190fe8a789,address-points,07c-02
Energy Benchmarking Performance Metrics Dashboard,Energy Benchmarking Performance Metrics Dashboard,City of Ann Arbor,Ann Arbor Data Catalog,Datasets,Last Modified: 2026-07-22,2026-03-13,2026-05-29,2689e35d-9560-48ce-b24f-9da730970ee3,energy-benchmarking-performance-metrics-dashboard,07c-02
Solid Waste Collection Map,Solid Waste Collection Map,City of Ann Arbor,Ann Arbor Data Catalog,Datasets,Last Modified: 2026-06-03,2026-06-03,2026-07-28,8195794b-6b84-4e1f-a326-29f6f50189c8,solid-waste-collection-map,07c-02
A2 HERDMap,A2 HERDMap,City of Ann Arbor,Ann Arbor Data Catalog,Datasets,Last Modified: 2026-05-22,2025-07-23,2026-05-29,14422880-83a6-4e44-aab7-ceef1ef4fad1,home-energy-score-locator,07c-02
Parcel Viewer Map,Parcel Viewer Map,City of Ann Arbor,Ann Arbor Data Catalog,Datasets,Last Modified: 2026-04-28,2025-07-22,2026-05-29,e312cf28-79c7-4bb5-91e8-b86b0d854692,parcel-viewer-map,07c-02
Public Plan Map,Public Plan Map,City of Ann Arbor,Ann Arbor Data Catalog,Datasets,Last Modified: 2026-04-08,2025-09-26,2026-05-29,af325e53-8195-41cb-8800-38376c6ff2ff,public-plan-map,07c-02
Downtown Development Authority (DDA) Bikeway Counters,Downtown Development Authority (DDA) Bikeway Counters,City of Ann Arbor,Ann Arbor Data Catalog,Datasets,Last Modified: 2026-01-21,2025-10-30,2026-05-29,7cba24bd-534a-4e18-843f-ecef4495bfff,ann-arbor-downtown-development-authority-bikeway-counters,07c-02
Zoning Map Interactive,Zoning Map Interactive,City of Ann Arbor,Ann Arbor Data Catalog,Datasets,Last Modified: 2025-11-03,2025-11-03,2026-05-29,3f12830b-52ac-40a8-a22b-5be35121e23a,zoninbg-map-interactive,07c-02
Ann Arbor Floodplain Map,Ann Arbor Floodplain Map,City of Ann Arbor,Ann Arbor Data Catalog,Datasets,Last Modified: 2025-10-16,2025-09-22,2026-05-29,9567b2d4-6e60-4b93-bd52-12c4e43a6eb5,ann-arbor-floodplain-map,07c-02
Champion Tree Tour Map,Champion Tree Tour Map,City of Ann Arbor,Ann Arbor Data Catalog,Datasets,Last Modified: 2025-10-16,2025-09-26,2026-05-29,48cf5eb2-b329-4806-b997-7afe3892ea65,champion-tree-tour-map,07c-02
AAPD Crime Dashboard,AAPD Crime Dashboard,City of Ann Arbor,Ann Arbor Data Catalog,Datasets,Last Modified: 2025-10-16,2025-10-15,2026-05-29,3694ba87-2b64-4713-9534-820cad2a6bf9,aapd-crime-dashboard,07c-02
Ann Arbor Circular Economy,Ann Arbor Circular Economy,City of Ann Arbor,Ann Arbor Data Catalog,Datasets,Last Modified: 2025-10-10,2025-08-29,2026-05-29,4eec14f4-441c-4258-a977-ebcf11efd3ae,ann-arbor-circular-economy,07c-02
Allen Creek Historic Map,Allen Creek Historic Map,City of Ann Arbor,Ann Arbor Data Catalog,Datasets,Last Modified: 2025-09-29,2025-09-04,2026-05-29,52ce4d19-d161-4041-85e2-b69eafc77cda,allen-creek-historic-map,07c-02
Traffic Crashes Dashboard,Traffic Crashes Dashboard,City of Ann Arbor,Ann Arbor Data Catalog,Datasets,Last Modified: 2025-09-29,2025-07-21,2026-05-29,5934036b-fb53-4c46-af4e-d33a39035988,traffic-crashes-dashboard,07c-02
Street Tree Inventory,Street Tree Inventory,City of Ann Arbor,Ann Arbor Data Catalog,Datasets,Last Modified: 2025-09-29,2025-09-19,2026-05-29,fa0b6fab-3059-4e82-a390-aba1b0e9d779,street-trees-inventory,07c-02
Snow Plow Tracker,Snow Plow Tracker,City of Ann Arbor,Ann Arbor Data Catalog,Datasets,Last Modified: 2025-09-29,2025-08-28,2026-05-29,73bbcb6f-de5a-40c6-89a1-d004bf4da78e,snow-plow-tracking-map,07c-02
Real-Time Air Quality Map,Real-Time Air Quality Map,City of Ann Arbor,Ann Arbor Data Catalog,Datasets,Last Modified: 2025-09-29,2025-09-22,2026-05-29,1d09cff0-d52a-4b7b-a46c-13712e249804,real-time-air-quality-map,07c-02
Natural Areas Photo Monitoring Map,Natural Areas Photo Monitoring Map,City of Ann Arbor,Ann Arbor Data Catalog,Datasets,Last Modified: 2025-09-29,2025-08-28,2026-05-29,6a735d17-1f51-4812-8cf6-940c27b29299,natural-areas-photo-monitoring-map,07c-02
Pavement Condition and Planned Road Improvements,Pavement Condition and Planned Road Improvements,City of Ann Arbor,Ann Arbor Data Catalog,Datasets,Last Modified: 2025-09-29,2025-07-22,2026-05-29,4bc805ef-f6c2-4ccc-9f1f-e72cda9a9200,pavement-condition-and-planned-road-improvement,07c-02
A2ZERO Dashboard,A2ZERO Dashboard,City of Ann Arbor,Ann Arbor Data Catalog,Datasets,Last Modified: 2025-09-29,2025-07-25,2026-05-29,28d4a577-db12-46d1-adb6-cbcc07c3002a,a2zero-dashboard,07c-02
Sidewalk Gaps Prioritization and Progress,Sidewalk Gaps Prioritization and Progress,City of Ann Arbor,Ann Arbor Data Catalog,Datasets,Last Modified: 2025-09-29,2025-09-19,2026-05-29,db5719ec-3c2c-46c0-958c-300c6900191d,sidewalk-gaps-prioritization-and-progress,07c-02
Public Art Map Tour,Public Art Map Tour,City of Ann Arbor,Ann Arbor Data Catalog,Datasets,Last Modified: 2025-09-25,2025-09-25,2026-05-29,6905fb26-ce8e-431c-ba8b-30df5c825077,public-art-map-tour,07c-02
Public Seating Map,Public Seating Map,City of Ann Arbor,Ann Arbor Data Catalog,Datasets,Last Modified: 2025-09-25,2025-09-22,2026-05-29,ed3bd641-01e5-4efa-9952-e7804c014251,public-seating-map,07c-02
Traffic Calming Map,Traffic Calming Map,City of Ann Arbor,Ann Arbor Data Catalog,Datasets,Last Modified: 2025-09-25,2025-09-25,2026-05-29,98c6da9d-ffb8-45dd-b9ee-a0a8d14d0e64,traffic-calming-map,07c-02
Hydrant Flushing Map,Hydrant Flushing Map,City of Ann Arbor,Ann Arbor Data Catalog,Datasets,Last Modified: 2025-09-25,2025-09-18,2026-05-29,a2a73471-37e0-47d5-af37-7fb8d3b422ae,hydrant-flushing-map,07c-02
Water Service Line Material,Water Service Line Material,City of Ann Arbor,Ann Arbor Data Catalog,Datasets,Last Modified: 2025-09-25,2025-09-19,2026-05-29,4bb7459e-ab38-4d87-b0ee-ea46b84b0e72,water-service-line-material,07c-02
Sanitary Pipe Inspections,Sanitary Pipe Inspections,City of Ann Arbor,Ann Arbor Data Catalog,Datasets,Last Modified: 2025-09-25,2025-09-19,2026-05-29,e383dc75-db6e-4093-aefa-b839e12e1156,sanitary-pipe-inspections,07c-02
Catch Basin Cleaning,Catch Basin Cleaning,City of Ann Arbor,Ann Arbor Data Catalog,Datasets,Last Modified: 2025-09-25,2025-09-19,2026-05-29,dba00c84-c95b-4c2b-8f19-90214563ece7,catch-basin-cleaning,07c-02
Street Tree Pruning Map,Street Tree Pruning Map,City of Ann Arbor,Ann Arbor Data Catalog,Datasets,Last Modified: 2025-09-25,2025-09-22,2026-05-29,f69175d2-e653-4ca8-a7a3-34f31ffc6bdd,street-tree-pruning-map,07c-02
Solid Waste Metrics,Solid Waste Metrics,City of Ann Arbor,Ann Arbor Data Catalog,Datasets,Last Modified: 2025-09-25,2025-09-25,2026-05-29,e0acfc82-9467-4d9b-8249-08a4ba2c1dad,solid-waste-metrics,07c-02
Small Cell Wireless Facility Map,Small Cell Wireless Facility Map,City of Ann Arbor,Ann Arbor Data Catalog,Datasets,Last Modified: 2025-09-24,2025-09-24,2026-05-29,f6a19e12-3041-4540-8f4e-2c4fd065c3e1,small-cell-wireless-facility-map,07c-02
Storm Pipe Inspections,Storm Pipe Inspections,City of Ann Arbor,Ann Arbor Data Catalog,Datasets,Last Modified: 2025-09-24,2025-09-19,2026-05-29,d923e79c-5d84-4a59-baf0-6d1d939e17cd,storm-pipe-inspections,07c-02
Plat Map Search,Plat Map Search,City of Ann Arbor,Ann Arbor Data Catalog,Datasets,Last Modified: 2025-09-24,2025-09-22,2026-05-29,09fdd80d-5d48-40f7-bf88-f97a0c070685,plat-map-search,07c-02
Greenbelt Map,Greenbelt Map,City of Ann Arbor,Ann Arbor Data Catalog,Datasets,Last Modified: 2025-09-24,2025-09-22,2026-05-29,33ab2e1a-a1dd-40e4-8ce7-319e9626fec0,greenbelt-map,07c-02
Fairview Cemetery Map,Fairview Cemetery Map,City of Ann Arbor,Ann Arbor Data Catalog,Datasets,Last Modified: 2025-09-24,2025-09-22,2026-05-29,4d2c6f09-8f77-41a7-a427-03e01f5e494a,fairview-cemetery-map,07c-02
Active City Construction - Road and Utility Projects,Active City Construction - Road and Utility Projects,City of Ann Arbor,Ann Arbor Data Catalog,Datasets,Last Modified: 2025-09-24,2025-09-22,2026-05-29,4c6ac598-0361-4fdb-8da6-698a98d53b82,active-city-construction-road-and-utility-projects,07c-02
Wards and Precincts Map,Wards and Precincts Map,City of Ann Arbor,Ann Arbor Data Catalog,Datasets,Last Modified: 2025-09-24,2025-09-22,2026-05-29,717ae824-83a9-4049-8796-66dc70aaf66e,wards-and-precincts-map,07c-02
Traffic Crash Map,Traffic Crash Map,City of Ann Arbor,Ann Arbor Data Catalog,Datasets,Last Modified: 2025-09-24,2025-07-17,2026-05-29,7da0837f-fe58-436f-893d-0a85f3bce35b,traffic-crash-map,07c-02
Stormwater Impervious Surfaces and Credits,Stormwater Impervious Surfaces and Credits,City of Ann Arbor,Ann Arbor Data Catalog,Datasets,Last Modified: 2025-09-24,2025-08-26,2026-05-29,b7159cb3-6627-4fd9-9c71-56403c865abc,stormwater-impervious-surfaces-and-credits-map,07c-02
Transportation Map,Transportation Map,City of Ann Arbor,Ann Arbor Data Catalog,Datasets,Last Modified: 2025-09-24,2025-08-28,2026-05-29,035e691f-f4ec-427e-9851-c053580838b6,transportation-map,07c-02
Street-Cut Moratorium Map,Street-Cut Moratorium Map,City of Ann Arbor,Ann Arbor Data Catalog,Datasets,Last Modified: 2025-09-24,2025-09-24,2026-05-29,ef41baa9-3637-4076-a8ec-98f08812febc,street-cut-moratorium-map,07c-02
Drinking Water Quality Measures Dashboard,Drinking Water Quality Measures Dashboard,City of Ann Arbor,Ann Arbor Data Catalog,Datasets,Last Modified: 2025-09-24,2025-07-22,2026-05-29,c3b44c2a-06ee-492e-a485-cc79ce4247b7,water-quality-measures-dashboard,07c-02
"Drinking Water and Source Water 1,4-Dioxane Monitoring Dashboard","Drinking Water and Source Water 1,4-Dioxane Monitoring Dashboard",City of Ann Arbor,Ann Arbor Data Catalog,Datasets,Last Modified: 2025-09-24,2025-07-22,2026-05-29,da62898c-a3db-4c23-9a31-49cc5b617165,1-4-dioxane-monitoring-dashboard,07c-02
Major Street Mid-Block Crosswalk Streetlight Needs,Major Street Mid-Block Crosswalk Streetlight Needs,City of Ann Arbor,Ann Arbor Data Catalog,Datasets,Last Modified: 2025-09-23,2025-09-19,2026-05-29,e8b278eb-d542-49a9-9619-ec4b2ba5f18e,major-street-mid-block-crosswalk-streetlight-needs,07c-02
Historic Air Quality Dashboard,Historic Air Quality Dashboard,City of Ann Arbor,Ann Arbor Data Catalog,Datasets,Last Modified: 2025-09-22,2025-07-17,2026-05-29,33dea21f-6bbc-4ab6-a66b-b713728ed057,air-quality-dashboard,07c-02
Bike Lane Obstructions,Bike Lane Obstructions,City of Ann Arbor,Ann Arbor Data Catalog,Datasets,Last Modified: 2025-09-22,2025-09-22,2026-05-29,4a05e983-953d-43fd-92ad-6561b273557e,bike-lane-obstructions,07c-02
Rain Gauges Dashboard,Rain Gauges Dashboard,City of Ann Arbor,Ann Arbor Data Catalog,Datasets,Last Modified: 2025-09-22,2025-07-21,2026-05-29,125da3b3-e986-4b5f-b023-c67482243115,rain-gauges-dashboard,07c-02
Marijuana Locations,Marijuana Locations,City of Ann Arbor,Ann Arbor Data Catalog,Datasets,Last Modified: 2025-09-22,2025-09-04,2026-05-29,528a3c35-c5f5-4da0-8dfd-58d3b291376c,medical-marijuana-locations-in-ann-arbor,07c-02
Accessory Dwelling Units Map,Accessory Dwelling Units Map,City of Ann Arbor,Ann Arbor Data Catalog,Datasets,Last Modified: 2025-09-22,2025-09-04,2026-05-29,8797baf9-8d0b-4454-9b32-15bb95c96a2f,accessory-dwelling-units-map,07c-02
Park Memorial Finder,Park Memorial Finder,City of Ann Arbor,Ann Arbor Data Catalog,Datasets,Last Modified: 2025-09-22,2025-09-04,2026-05-29,c0283dbf-a2dd-44b4-94c1-96857916b892,park-memorial-finder,07c-02
Street Sweeping Map,Street Sweeping Map,City of Ann Arbor,Ann Arbor Data Catalog,Datasets,Last Modified: 2025-09-22,2025-09-09,2026-05-29,b29d40a8-7f9d-409e-a7e7-98cd52d6b890,street-sweeping-map,07c-02
On-Street Snow Parking Ban Enforcement,On-Street Snow Parking Ban Enforcement,City of Ann Arbor,Ann Arbor Data Catalog,Datasets,Last Modified: 2025-09-19,2025-09-19,2026-05-29,67ee2368-afdb-47a3-8600-e9c816567e5e,on-street-snow-parking-ban-enforcement,07c-02
City-Maintained Sidewalk Snow Removal,City-Maintained Sidewalk Snow Removal,City of Ann Arbor,Ann Arbor Data Catalog,Datasets,Last Modified: 2025-09-19,2025-09-19,2026-05-29,774dc6e9-5fb7-43a6-a5a8-d2fe9d0ac43e,city-maintained-sidewalk-snow-removal,07c-02
Natural Features Inventory Interactive Map,Natural Features Inventory Interactive Map,City of Ann Arbor,Ann Arbor Data Catalog,Datasets,Last Modified: 2025-09-19,2025-08-28,2026-05-29,e88ad73b-c500-4061-862b-39cdaef6c429,natural-features-inventory-interactive-map,07c-02
Capital Improvements Plan,Capital Improvements Plan,City of Ann Arbor,Ann Arbor Data Catalog,Datasets,Last Modified: 2025-09-19,2025-08-11,2026-05-29,4eefa60e-e210-4bdf-9108-dc08061547e9,capital-improvements-plan,07c-02
Pothole Dispatch Performance,Pothole Dispatch Performance,City of Ann Arbor,Ann Arbor Data Catalog,Datasets,Last Modified: 2025-09-18,2025-09-18,2026-05-29,036e7be6-7209-4c74-bedf-4c86d6f6b199,pothole-dispatch-performance,07c-02
Barton Dam Evacuation Map,Barton Dam Evacuation Map,City of Ann Arbor,Ann Arbor Data Catalog,Datasets,Last Modified: 2025-09-17,2025-08-28,2026-05-29,aa3b6d4b-d349-4118-a7d6-662f9370d53b,barton-dam-evacuation,07c-02
Floodway,Floodway,City of Ann Arbor,Ann Arbor Data Catalog,Datasets,Last Modified: 2025-09-02,2025-07-25,2026-05-29,debc1ca9-f7ba-4215-9eb8-c6a8467086d3,floodway,07c-02
Park Finder Map,Park Finder Map,City of Ann Arbor,Ann Arbor Data Catalog,Datasets,Last Modified: 2025-07-31,2025-07-22,2026-05-29,f2abbaf5-ea54-457b-b78a-4bad5b709c3c,park-finder-map,07c-02
A2OpenBook,A2OpenBook,City of Ann Arbor,Ann Arbor Data Catalog,Datasets,Last Modified: 2025-07-31,2025-07-31,2026-05-29,9748c7c4-6886-4749-828a-89513ddaf1e8,a2openbook,07c-02
Neighborhoods,Neighborhoods,City of Ann Arbor,Ann Arbor Data Catalog,Datasets,Last Modified: 2025-07-28,2025-07-28,2026-05-29,978b4315-bac0-487e-a481-5707f905d4a1,neighborhoods,07c-02
AAATA Bus Stops,AAATA Bus Stops,City of Ann Arbor,Ann Arbor Data Catalog,Datasets,Last Modified: 2025-07-25,2025-07-18,2026-05-29,f0ba2caf-3d44-4574-91f6-e73beeadd8c1,aaata-bus-stops,07c-02
ARPA Funding Dashboard,ARPA Funding Dashboard,City of Ann Arbor,Ann Arbor Data Catalog,Datasets,Last Modified: 2025-07-22,2025-07-22,2026-05-29,b2d7dc3c-e357-45b6-8f25-e08df0dc9ce1,arpa-funding-dashboard,07c-02
PFAS Monitoring,PFAS Monitoring,City of Ann Arbor,Ann Arbor Data Catalog,Datasets,Last Modified: 2025-07-18,2025-07-18,2026-05-29,474c6d1a-5952-4265-9b87-b80619e90de1,pfas-monitoring,07c-02
City of Milwaukee Open Data Dataset Catalog,City of Milwaukee Open Data Dataset Catalog,Information Technology and Management Division,Milwaukee Open Data,Datasets,Last Modified: 2026-07-28,2019-08-01,2026-05-29,1399bac2-cd16-49aa-9caa-a3d884b1210e,dataset-catalog,10c-01
Zoning,Zoning,Department of City Development,Milwaukee Open Data,Datasets,Last Modified: 2026-07-28,2019-11-11,2026-05-29,27a3101b-41ad-4c59-a1df-a161f80a7176,zoning,10c-01
Voting Wards and Polling Places,Voting Wards and Polling Places,Election Commission,Milwaukee Open Data,Datasets,Last Modified: 2026-07-28,2018-01-31,2026-05-29,e059d8e8-8672-452c-b2a1-074717d7d5fc,voting-wards,10c-01
Tax Incremental Districts (TID),Tax Incremental Districts (TID),Department of City Development,Milwaukee Open Data,Datasets,Last Modified: 2026-07-28,2018-06-14,2026-05-29,dba70269-a380-40cc-8f4e-95f1477f8086,tax-incremental-districts-tid,10c-01
Streetcar Stops,Streetcar Stops,Department of Public Works,Milwaukee Open Data,Datasets,Last Modified: 2026-07-28,2018-05-18,2026-05-29,5c504fa5-caef-4dfa-aa03-58cf778c2975,street-car-stops,10c-01
Streetcar Routes,Streetcar Routes,Department of Public Works,Milwaukee Open Data,Datasets,Last Modified: 2026-07-28,2018-05-18,2026-05-29,65ac773a-fdd9-418b-b9a3-9b0a2f10b72b,streetcar-route,10c-01
Sixteenth Sections,Sixteenth Sections,Department of Public Works,Milwaukee Open Data,Datasets,Last Modified: 2026-07-28,2021-01-25,2026-05-29,a340360c-630c-4b0f-a23b-f23be8f3066f,sixteenth-sections,10c-01
Quarter Sections,Quarter Sections,Department of Public Works,Milwaukee Open Data,Datasets,Last Modified: 2026-07-28,2019-09-24,2026-05-29,8ececff5-0cff-4fdc-a4d3-a9a538fc4c81,quarter-sections,10c-01
Opportunity Zones,Opportunity Zones,Department of City Development,Milwaukee Open Data,Datasets,Last Modified: 2026-07-28,2021-01-05,2026-05-29,4626b746-5e8c-491e-8500-d7ad83fa1cd8,opportunity-zones,10c-01
Neighborhoods,Neighborhoods,Department of City Development,Milwaukee Open Data,Datasets,Last Modified: 2026-07-28,2018-01-31,2026-05-29,0f5695f6-bca1-46e9-832b-54d1d906d28e,neighborhoods,10c-01
Milwaukee Public School Board Districts,Milwaukee Public School Board Districts,Information Technology and Management Division,Milwaukee Open Data,Datasets,Last Modified: 2026-07-28,2021-01-11,2026-05-29,98565acf-5652-4a14-bcab-78a48b2fce8b,milwaukee-public-school-board-districts,10c-01
Police Department Squad Areas,Police Department Squad Areas,Milwaukee Police Department,Milwaukee Open Data,Datasets,Last Modified: 2026-07-28,2018-01-31,2026-05-29,3216a1e4-4286-4247-a0c2-95551d5d268e,milwaukee-police-department-squad-areas,10c-01
Police Districts,Police Districts,Milwaukee Police Department,Milwaukee Open Data,Datasets,Last Modified: 2026-07-28,2018-01-31,2026-05-29,1cb11103-18df-4c6e-b622-859d1e217920,milwaukee-police-district,10c-01
Library Service Areas,Library Service Areas,Milwaukee Public Library,Milwaukee Open Data,Datasets,Last Modified: 2026-07-28,2021-11-09,2026-05-29,5d05757c-863b-45cc-8c0b-8667dcf5e780,library-service-areas,10c-01
Libraries,Libraries,Milwaukee Public Library,Milwaukee Open Data,Datasets,Last Modified: 2026-07-28,2019-05-04,2026-05-29,1b984aba-5cc1-47e3-8c64-999b6d26ceb6,libraries,10c-01
Firehouse Locations,Firehouse Locations,Milwaukee Fire Department,Milwaukee Open Data,Datasets,Last Modified: 2026-07-28,2019-07-16,2026-05-29,13dd602f-0a75-4990-b3c5-fc9bd60fa6d6,firehouse-locations,10c-01
Corporate Boundary,Corporate Boundary,Information Technology and Management Division,Milwaukee Open Data,Datasets,Last Modified: 2026-07-28,2018-01-31,2026-05-29,61436830-335e-4039-b761-e1ab8e214d4b,corporate-boundary,10c-01
Neighborhood Strategic Planning areas (NSP),Neighborhood Strategic Planning areas (NSP),Department of Administration,Milwaukee Open Data,Datasets,Last Modified: 2026-07-28,2018-06-13,2026-05-29,22362669-ecff-43e4-a7ce-9cdb0c7c90b4,neighborhood-strategic-planning-areas-nsp,10c-01
Business Improvement Districts (BID),Business Improvement Districts (BID),Department of City Development,Milwaukee Open Data,Datasets,Last Modified: 2026-07-28,2018-06-13,2026-05-29,ebfe867b-51d7-4a0c-a452-c08595a2c485,business-improvement-districts-bid,10c-01
Alder Districts,Alder Districts,Election Commission,Milwaukee Open Data,Datasets,Last Modified: 2026-07-28,2018-01-31,2026-05-29,1301738f-4b4a-4f73-bbaa-a4cac069e371,aldermanic-districts,10c-01
NIBRS Crime Data (Historical),NIBRS Crime Data (Historical),Milwaukee Police Department,Milwaukee Open Data,Datasets,Last Modified: 2026-07-28,2020-02-27,2026-05-29,5a537f5c-10d7-40a2-9b93-3527a4c89fbd,wibrarchive,10c-01
NIBRS Crime Data (Current),NIBRS Crime Data (Current),Milwaukee Police Department,Milwaukee Open Data,Datasets,Last Modified: 2026-07-28,2018-05-08,2026-05-29,e5feaad3-ee73-418c-b65d-ef810c199390,wibr,10c-01
Traffic Crash Data,Traffic Crash Data,Milwaukee Police Department,Milwaukee Open Data,Datasets,Last Modified: 2026-07-28,2018-10-15,2026-05-29,5fafe01d-dc55-4a41-8760-8ae52f7855f1,traffic_crash,10c-01
Master Property File (MPROP),Master Property File (MPROP),Information Technology and Management Division,Milwaukee Open Data,Datasets,Last Modified: 2026-07-28,2018-05-08,2026-05-29,562ab824-48a5-42cd-b714-87e205e489ba,mprop,10c-01
MFD Calls For Service Detail (Current),MFD Calls For Service Detail (Current),Milwaukee Fire Department,Milwaukee Open Data,Datasets,Last Modified: 2026-07-28,2024-04-26,2026-05-29,8735b4c2-4298-44d0-84c2-b734be52e30d,mfdopendatafire,10c-01
EMS Calls For Service Detail (Current),EMS Calls For Service Detail (Current),Milwaukee Fire Department,Milwaukee Open Data,Datasets,Last Modified: 2026-07-28,2024-04-26,2026-05-29,1a8bef50-1253-45f0-8a4e-86f7bf515240,mfdopendataems,10c-01
Master Address Index (MAI),Master Address Index (MAI),Information Technology and Management Division,Milwaukee Open Data,Datasets,Last Modified: 2026-07-28,2018-05-08,2026-05-29,566af1a6-0499-4766-a89e-2f2a4b4d6e2d,mai,10c-01
Liquor Licenses,Liquor Licenses,City Clerk - License Division,Milwaukee Open Data,Datasets,Last Modified: 2026-07-28,2018-05-08,2026-05-29,1aba8821-f5f6-4031-b469-5c39c90e99c7,liquorlicenses,10c-01
Legal Property Descriptions,Legal Property Descriptions,Department of Administration,Milwaukee Open Data,Datasets,Last Modified: 2026-07-28,2018-05-08,2026-05-29,e3e95bed-2e2d-424b-885c-1446a0372693,legaldescriptions,10c-01
Land Use Code,Land Use Code,Information Technology and Management Division,Milwaukee Open Data,Datasets,Last Modified: 2026-07-28,2018-05-08,2026-05-29,279946fe-8425-46ae-89ee-17b17f8de5ee,landusecode,10c-01
Tax Delinquent Brownfields,Tax Delinquent Brownfields,Department of City Development,Milwaukee Open Data,Datasets,Last Modified: 2026-07-28,2019-10-02,2026-05-29,c9e9e5e1-eee6-4889-a0a4-94673bef1287,environmentaldcd,10c-01
City Resident Property Mailing List,City Resident Property Mailing List,Information Technology and Management Division,Milwaukee Open Data,Datasets,Last Modified: 2026-07-28,2018-10-09,2026-05-29,df4127ba-2fb4-40d8-b5bd-14fbf8729f74,citypropertymailinglistresident,10c-01
CityPropertyMailingListOwnerOccupied,CityPropertyMailingListOwnerOccupied,Information Technology and Management Division,Milwaukee Open Data,Datasets,Last Modified: 2026-07-28,2018-10-09,2026-05-29,7563a990-82b5-4870-a0e9-7c483e3fb830,citypropertymailinglistowneroccupied,10c-01
CityPropertyMailingListOwnerAbsentee,CityPropertyMailingListOwnerAbsentee,Information Technology and Management Division,Milwaukee Open Data,Datasets,Last Modified: 2026-07-28,2018-10-09,2026-05-29,7368bfeb-562a-4c49-a6d9-6a7a17eb1e3b,citypropertymailinglistownerabsentee,10c-01
CityPropertyMailingListBusiness,CityPropertyMailingListBusiness,Information Technology and Management Division,Milwaukee Open Data,Datasets,Last Modified: 2026-07-28,2018-10-09,2026-05-29,877a44a5-6ea2-4343-9766-33e199fa982c,citypropertymailinglistbusiness,10c-01
CityPropertyMailingList,CityPropertyMailingList,Information Technology and Management Division,Milwaukee Open Data,Datasets,Last Modified: 2026-07-28,2018-09-13,2026-05-29,36be9a79-0c89-45a8-9861-8bae9ac037f4,citypropertymailinglist,10c-01
Call Center Data (Historical),Call Center Data (Historical),Information Technology and Management Division,Milwaukee Open Data,Datasets,Last Modified: 2026-07-28,2018-09-18,2026-05-29,16174983-470a-46c1-a925-d4b7ed28cff9,callcenterdatahistorical,10c-01
Call Center Data (Current),Call Center Data (Current),Information Technology and Management Division,Milwaukee Open Data,Datasets,Last Modified: 2026-07-28,2018-09-18,2026-05-29,a418ffb4-ce90-4a11-a489-d256a3e68a8b,callcenterdatacurrent,10c-01
Residential and Commercial Permit Work Data,Residential and Commercial Permit Work Data,Department of Neighborhood Services,Milwaukee Open Data,Datasets,Last Modified: 2026-07-28,2018-05-18,2026-05-29,9bada2e0-fad5-4545-8674-1b2c8c4e9f2f,buildingpermits,10c-01
Vacant Buildings,Vacant Buildings,Department of Neighborhood Services,Milwaukee Open Data,Datasets,Last Modified: 2026-07-28,2018-05-15,2026-05-29,a9d52246-c06e-4ec2-a58e-a53ea0a72ded,accelavacantbuilding,10c-01
Streets,Streets,Information Technology and Management Division,Milwaukee Open Data,Datasets,Last Modified: 2026-07-24,2018-01-31,2026-05-29,75008688-8414-47fa-a211-ab2ba6614f37,streets,10c-01
Parcel Polygons (Previously known as Parcel Outlines),Parcel Polygons (Previously known as Parcel Outlines),Information Technology and Management Division,Milwaukee Open Data,Datasets,Last Modified: 2026-07-24,2018-01-31,2026-05-29,3e238aee-5a21-4e2f-8ae7-803440c5d88a,parcel-outlines,10c-01
Delinquent Real Estate Tax Accounts,Delinquent Real Estate Tax Accounts,Office of The City Treasurer,Milwaukee Open Data,Datasets,Last Modified: 2026-07-10,2018-05-14,2026-05-29,f376a61a-b279-4ff5-b6da-776a3df14ca0,delinquent-real-estate-tax-accounts,10c-01
Delinquent Personal Property Tax Accounts,Delinquent Personal Property Tax Accounts,Office of The City Treasurer,Milwaukee Open Data,Datasets,Last Modified: 2026-07-10,2018-05-14,2026-05-29,72052cc0-93af-4562-963d-906d3297d16e,delinquent-personal-property-tax-accounts,10c-01
Property Sales Data,Property Sales Data,Assessor's Office,Milwaukee Open Data,Datasets,Last Modified: 2026-04-17,2019-02-01,2026-05-29,7a8b81f6-d750-4f62-aee8-30ffce1c64ce,property-sales-data,10c-01
City Employee Salary Data,City Employee Salary Data,Office of the Comptroller,Milwaukee Open Data,Datasets,Last Modified: 2026-03-19,2021-07-29,2026-05-29,95905131-8293-4d4c-92c3-2d59cda7f29d,city-employee-salary-data,10c-01
Citizen Complaints Against Police and Fire Departments & the Department of Emergency Communication,Citizen Complaints Against Police and Fire Departments & the Department of Emergency Communication,Fire and Police Commission,Milwaukee Open Data,Datasets,Last Modified: 2026-03-13,2019-01-18,2026-05-29,d1969887-3718-4441-83bf-c2ac11115f38,fpc-citizen-complaints,10c-01
2024 4th Quarter - MPD Stop and Search Data,2024 4th Quarter - MPD Stop and Search Data,Fire and Police Commission,Milwaukee Open Data,Datasets,2024,2026-01-12,2026-05-29,636891bd-8470-4c02-b9ec-1ba7d08a6398,2024-4th-quarter-mpd-stop-and-search-data,10c-01
2024 3rd Quarter - MPD Stop and Search Data,2024 3rd Quarter - MPD Stop and Search Data,Fire and Police Commission,Milwaukee Open Data,Datasets,2024,2026-01-12,2026-05-29,bd246e81-3188-4759-9b2f-85ae2b4813b5,2024-3rd-quarter-mpd-stop-and-search-data,10c-01
2024 1st Quarter - MPD Stop and Search Data,2024 1st Quarter - MPD Stop and Search Data,Fire and Police Commission,Milwaukee Open Data,Datasets,2024,2026-01-12,2026-05-29,65b1bac7-779e-461f-b750-b2106d65bcea,2024-1st-quarter-mpd-stop-and-search-data,10c-01
2024 2nd Quarter - MPD Stop and Search Data,2024 2nd Quarter - MPD Stop and Search Data,Fire and Police Commission,Milwaukee Open Data,Datasets,2024,2026-01-12,2026-05-29,4f140cc3-d40e-44c3-8aad-3aa09a383039,2024-2nd-quarter-mpd-stop-and-search-data,10c-01
Combinations and Divisions (property listing changes),Combinations and Divisions (property listing changes),Assessor's Office,Milwaukee Open Data,Datasets,Last Modified: 2025-11-24,2019-12-03,2026-05-29,12a4dbf2-3717-4f69-8628-a6299884a564,combinations-and-divisions,10c-01
Milwaukee Public Schools,Milwaukee Public Schools,Information Technology and Management Division,Milwaukee Open Data,Datasets,Last Modified: 2025-11-10,2021-01-11,2026-05-29,2469c650-bf2b-465d-8774-0b23b2376ad2,milwaukee-public-schools,10c-01
Medication Drop Boxes and Envelope Locations,Medication Drop Boxes and Envelope Locations,Milwaukee Health Department,Milwaukee Open Data,Datasets,Last Modified: 2025-07-14,2018-10-24,2026-05-29,67fe8a8a-6c1e-4ee2-acb4-254ad5a791c8,drug-drop-off-sites,10c-01
Master Property List (MPROP) Historical,Master Property List (MPROP) Historical,Information Technology and Management Division,Milwaukee Open Data,Datasets,Last Modified: 2025-07-10,2018-01-31,2026-05-29,79e9d55a-c1ed-457c-ab63-cb8e36235ba8,historical-master-property-file,10c-01
Police Stations,Police Stations,Milwaukee Police Department,Milwaukee Open Data,Datasets,Last Modified: 2025-03-24,2021-01-25,2026-05-29,5a067a87-4e4d-472f-bff0-a1205f31ed94,mpd-stations,10c-01
Police Department Reporting Districts,Police Department Reporting Districts,Milwaukee Police Department,Milwaukee Open Data,Datasets,Last Modified: 2025-03-24,2018-01-31,2026-05-29,0d3c16b3-f44a-47fc-a110-41456c10ee32,milwaukee-police-department-reporting-districts,10c-01
WIBR Crime (Monthly),WIBR Crime (Monthly),Milwaukee Police Department,Milwaukee Open Data,Datasets,Last Modified: 2025-03-24,2021-01-13,2026-05-29,82dfc726-e0fb-4d53-a0c9-e5e4a3fea86a,wibr-crime-monthly,10c-01
Election Results,Election Results,Election Commission,Milwaukee Open Data,Datasets,Last Modified: 2025-03-24,2025-03-24,2026-05-29,593c41c4-6061-4409-97aa-ed826868f747,election-results,10c-01
Neighborhood Revitalization Strategy Areas (NRSA),Neighborhood Revitalization Strategy Areas (NRSA),Department of Administration,Milwaukee Open Data,Datasets,Last Modified: 2025-03-12,2018-06-13,2026-05-29,f8ff7223-8ee6-47d7-b12a-414ae21eab95,neighborhood-revitalization-strategy-areas-nrsa,10c-01
Milwaukee County Boundaries,Milwaukee County Boundaries,Information Technology and Management Division,Milwaukee Open Data,Datasets,Last Modified: 2025-03-11,2019-06-25,2026-05-29,c9680779-a640-41b4-8231-8079acfae151,milwaukee-county-boundaries,10c-01
City of Milwaukee Open Checkbook,City of Milwaukee Open Checkbook,Office of the Comptroller,Milwaukee Open Data,Datasets,Last Modified: 2025-02-24,2023-07-28,2026-05-29,5bed6005-b55f-4885-af0a-9742107033a4,city-of-milwaukee-open-checkbook,10c-01
Total Number of City-Owned Improved Properties Sold by Year,Total Number of City-Owned Improved Properties Sold by Year,Department of City Development,Milwaukee Open Data,Datasets,Last Modified: 2025-02-14,2018-02-22,2026-05-29,ecb6cba7-9af9-40ac-9375-ff6134f466c2,total-number-of-city-owned-improved-properties-sold-by-year,10c-01
Me2 Residential Program Data,Me2 Residential Program Data,Department of Administration,Milwaukee Open Data,Datasets,Last Modified: 2025-02-14,2018-02-21,2026-05-29,b750123c-9bbc-46a3-86a4-9d1775f62e23,me2-residential-program-data,10c-01
"2017 Feb 21, Municipal Judge Branch 1","2017 Feb 21, Municipal Judge Branch 1",Election Commission,Milwaukee Open Data,Datasets,2017,2018-10-24,2026-05-29,365ed836-fe4e-40f3-9f2b-45fbefbeb2e4,municipal-judge-branch-1-by-ward-feb-21-2017,10c-01
"2016 Nov 8, Presidential Race Summary","2016 Nov 8, Presidential Race Summary",Election Commission,Milwaukee Open Data,Datasets,2016,2018-03-01,2026-05-29,915cb1d2-c657-458f-9881-c7ad221a7a0b,presidential-race-summary-2016,10c-01
"2016 Nov 8, District Attorney","2016 Nov 8, District Attorney",Election Commission,Milwaukee Open Data,Datasets,2016,2018-10-24,2026-05-29,41eabcd1-70da-4d16-9146-f313f32e4977,district-attorney-race-by-ward-nov-8-2016,10c-01
"2016 Nov 8, County Clerk","2016 Nov 8, County Clerk",Election Commission,Milwaukee Open Data,Datasets,2016,2018-10-24,2026-05-29,929e0df3-d1c2-450d-9bc8-2c28e79c3ce1,county-clerk-race-by-ward-nov-8-2016,10c-01
"2016 Nov 8, County Treasurer","2016 Nov 8, County Treasurer",Election Commission,Milwaukee Open Data,Datasets,2016,2018-10-24,2026-05-29,3603cb12-6c1d-4252-b896-fd17d1f3a652,county-treasurer-race-by-ward-nov-8-2016,10c-01
"2016 Nov 8, Voter Turnout By Ward","2016 Nov 8, Voter Turnout By Ward",Election Commission,Milwaukee Open Data,Datasets,2016,2018-03-01,2026-05-29,c48ea33c-c332-430b-8c76-7269986c21ed,voter-turnout-by-ward-november-8-2016,10c-01
"2016 Nov 8, United States Senator","2016 Nov 8, United States Senator",Election Commission,Milwaukee Open Data,Datasets,2016,2018-10-24,2026-05-29,7752e913-89b8-4dfc-bd8f-872edee626da,united-states-senator-race-by-ward-nov-8-2016,10c-01
"2016 Nov 8, State Senator District 4","2016 Nov 8, State Senator District 4",Election Commission,Milwaukee Open Data,Datasets,2016,2018-10-24,2026-05-29,df1d59be-17cb-4416-9f8c-f5e31a2fe412,state-senator-district-4-race-by-ward-nov-8-2016,10c-01
"2016 Nov 8, Representative of the Assembly District 16","2016 Nov 8, Representative of the Assembly District 16",Election Commission,Milwaukee Open Data,Datasets,2016,2018-10-24,2026-05-29,1647b346-c063-47ef-a906-56a3a2bf7ae5,representative-of-the-assembly-district-16-race-by-ward-2016,10c-01
"2016 Nov 8, State Senator District 28","2016 Nov 8, State Senator District 28",Election Commission,Milwaukee Open Data,Datasets,2016,2018-10-24,2026-05-29,73fbb957-6c5c-45ff-a85e-e4cb03862291,state-senator-district-28-race-by-ward-nov-8-2016,10c-01
"2016 Nov 8, Representative of the Assembly District 20","2016 Nov 8, Representative of the Assembly District 20",Election Commission,Milwaukee Open Data,Datasets,2016,2018-10-24,2026-05-29,6a088c6a-e4a6-4698-8165-344c86b618fa,representative-of-the-assembly-district-20-race-by-ward-nov-8-2016,10c-01
"2016 Nov 8, Representative in Congress District 4","2016 Nov 8, Representative in Congress District 4",Election Commission,Milwaukee Open Data,Datasets,2016,2018-10-24,2026-05-29,f20d27f5-6708-4cfb-a222-458762209b10,representative-in-congress-district-4-race-by-ward-nov-8-2016,10c-01
"2016 Nov 8, Representative of the Assembly District 7","2016 Nov 8, Representative of the Assembly District 7",Election Commission,Milwaukee Open Data,Datasets,2016,2018-10-24,2026-05-29,aa789b78-522f-4cf7-8fa3-9d21f7e9a6a7,representative-of-the-assembly-district-7-race-by-ward-nov-8-2016,10c-01
"2016 Nov 8, Representative of the Assembly District 14","2016 Nov 8, Representative of the Assembly District 14",Election Commission,Milwaukee Open Data,Datasets,2016,2018-10-24,2026-05-29,1a2c1593-ca6c-4f00-85a2-eef530dfde06,representative-of-the-assembly-district-14-race-by-ward-nov-8-2016,10c-01
"2016 Nov 8, Representative of the Assembly District 18","2016 Nov 8, Representative of the Assembly District 18",Election Commission,Milwaukee Open Data,Datasets,2016,2018-10-24,2026-05-29,806d371e-67fd-4226-a5f6-e069dca75337,representative-of-the-assembly-district-18-race-by-ward-nov-8-2016,10c-01
"2016 Nov 8, Representative of the Assembly District 8","2016 Nov 8, Representative of the Assembly District 8",Election Commission,Milwaukee Open Data,Datasets,2016,2018-10-24,2026-05-29,a2fbf8dc-f2f5-49d1-a515-50dd99ab9932,representative-of-the-assembly-district-8-race-by-ward-nov-8-2016,10c-01
"2016 Nov 8, Representative of the Assembly District 9","2016 Nov 8, Representative of the Assembly District 9",Election Commission,Milwaukee Open Data,Datasets,2016,2018-10-24,2026-05-29,61debbc8-441b-4f4b-b944-b09ed366c6b3,representative-of-the-assembly-district-9-race-by-ward-nov-8-2016,10c-01
"2016 Nov 8, Representative of the Assembly District 10","2016 Nov 8, Representative of the Assembly District 10",Election Commission,Milwaukee Open Data,Datasets,2016,2018-10-24,2026-05-29,5ec89ba2-3180-4499-ae39-c3155b80991c,representative-of-the-assembly-district-10-race-by-ward-nov-8-2016,10c-01
"2016 Nov 8, Representative of the Assembly District 11","2016 Nov 8, Representative of the Assembly District 11",Election Commission,Milwaukee Open Data,Datasets,2016,2018-10-24,2026-05-29,ac8615ac-9752-4c2d-87e1-af793ad2207b,representative-of-the-assembly-district-11-race-by-ward-nov-8-2016,10c-01
"2016 Nov 8, Representative of the Assembly District 12","2016 Nov 8, Representative of the Assembly District 12",Election Commission,Milwaukee Open Data,Datasets,2016,2018-10-24,2026-05-29,c1d8e7e8-3d8d-4b2a-8016-839f2ff00315,representative-of-the-assembly-district-12-race-by-ward-nov-8-2016,10c-01
"2016 Nov 8, Representative of the Assembly District 13","2016 Nov 8, Representative of the Assembly District 13",Election Commission,Milwaukee Open Data,Datasets,2016,2018-10-24,2026-05-29,493e4663-0b4b-4d3b-93e8-7725511d1927,representative-of-the-assembly-district-13-race-by-ward-nov-8-2016,10c-01
"2016 Nov 8, Representative of the Assembly District 84","2016 Nov 8, Representative of the Assembly District 84",Election Commission,Milwaukee Open Data,Datasets,2016,2018-10-24,2026-05-29,dfac9841-d162-44d0-ad32-6c3fd53c81b2,representative-of-the-assembly-district-84-race-by-ward-nov-8-2016,10c-01
"2016 Nov 8, State Senator District 8","2016 Nov 8, State Senator District 8",Election Commission,Milwaukee Open Data,Datasets,2016,2018-10-24,2026-05-29,96041c14-029f-4615-af46-3279a7d547d1,state-senator-district-8-race-by-ward-nov-8-2016,10c-01
"2016 Nov 8, Representative of the Assembly District 22","2016 Nov 8, Representative of the Assembly District 22",Election Commission,Milwaukee Open Data,Datasets,2016,2018-10-24,2026-05-29,c4b772bd-d4f3-4235-9745-e7ef57ac67a2,representative-of-the-assembly-district-22-race-by-ward-nov-8-2016,10c-01
"2016 Nov 8, Register of Deeds","2016 Nov 8, Register of Deeds",Election Commission,Milwaukee Open Data,Datasets,2016,2018-10-24,2026-05-29,8200c781-b85a-4748-a0d9-2771d7066386,register-of-deeds-race-by-ward-nov-8-2018,10c-01
"2017 Feb 21, Voter Turnout By Ward","2017 Feb 21, Voter Turnout By Ward",Election Commission,Milwaukee Open Data,Datasets,2017,2018-03-19,2026-05-29,b024e4ee-0914-4af1-9b44-d29c2d81e49e,voter-turnout-by-ward-feb-21-2017,10c-01
"2016 Nov 8, Representative of the Assembly District 19","2016 Nov 8, Representative of the Assembly District 19",Election Commission,Milwaukee Open Data,Datasets,2016,2018-10-24,2026-05-29,731f1209-5d44-4fca-94d9-3b7de76e7755,representative-of-the-assembly-district-19-race-by-ward-nov-8-2016,10c-01
"2017 Feb 21, State Superintendent","2017 Feb 21, State Superintendent",Election Commission,Milwaukee Open Data,Datasets,2017,2018-10-24,2026-05-29,bc13be66-4b14-4f17-9f60-ec88a6791be0,state-superintendent-by-ward-feb-21-2017,10c-01
"2018 Nov 6, Milwaukee County Advisory Referendum","2018 Nov 6, Milwaukee County Advisory Referendum",Election Commission,Milwaukee Open Data,Datasets,2018,2018-11-12,2026-05-29,b3ef1e5f-d047-45f5-8268-7434fe27ddfa,2018-nov-6-milwaukee-county-advisory-referendum,10c-01
"2016 Nov 6, State Senator District 7","2016 Nov 6, State Senator District 7",Election Commission,Milwaukee Open Data,Datasets,2016,2018-11-12,2026-05-29,0ea46a54-7a25-45a4-ac43-8b0eccde7d4f,2016-nov-6-state-senator-district-7,10c-01
"2018 Nov 6, Representative to the Assembly District 7","2018 Nov 6, Representative to the Assembly District 7",Election Commission,Milwaukee Open Data,Datasets,2018,2018-11-12,2026-05-29,8310faa2-509b-4ca7-9b79-b4bfae6e06f6,2018-nov-6-representative-to-the-assembly-district-7,10c-01
"2018 Nov 6, Unites States Senator","2018 Nov 6, Unites States Senator",Election Commission,Milwaukee Open Data,Datasets,2018,2018-11-12,2026-05-29,849a7b0d-a4f0-4d5d-b62c-c2b55e560dea,2018-nov-6-unites-states-senator,10c-01
"2018 Nov 6, Sheriff","2018 Nov 6, Sheriff",Election Commission,Milwaukee Open Data,Datasets,2018,2018-11-12,2026-05-29,2d128e23-4a0d-4624-8606-65aa52181e2d,2018-nov-6-sheriff,10c-01
"2018 Nov 6, State Treasurer","2018 Nov 6, State Treasurer",Election Commission,Milwaukee Open Data,Datasets,2018,2018-11-12,2026-05-29,e44fd3df-aaf8-47f4-8247-2a19bf0c4efe,2018-nov-6-state-treasurer,10c-01
"2018 Nov 6, Clerk of Circuit Court","2018 Nov 6, Clerk of Circuit Court",Election Commission,Milwaukee Open Data,Datasets,2018,2018-11-12,2026-05-29,b9119877-a6e1-4ad8-b236-163758bc637b,2018-nov-6-clerk-of-circuit-court,10c-01
"2018 Nov 6, State Senator District 3","2018 Nov 6, State Senator District 3",Election Commission,Milwaukee Open Data,Datasets,2018,2018-11-12,2026-05-29,f11491a2-01dd-4fdd-875d-d89dca8de636,2018-nov-6-state-senator-district-3,10c-01
"2018 Nov 6, Representative to the Assembly District 84","2018 Nov 6, Representative to the Assembly District 84",Election Commission,Milwaukee Open Data,Datasets,2018,2018-11-12,2026-05-29,1d146e7b-e52c-4c66-960f-e2fd5f9893af,2018-nov-6-representative-to-the-assembly-district-84,10c-01
"2018 Nov 6, Representative to the Assembly District 22","2018 Nov 6, Representative to the Assembly District 22",Election Commission,Milwaukee Open Data,Datasets,2018,2018-11-12,2026-05-29,8e98d0b0-760c-4aee-84b5-99978dca6b85,2018-nov-6-representative-to-the-assembly-district-21,10c-01
"2018 Nov 6, Representative to the Assembly District 18","2018 Nov 6, Representative to the Assembly District 18",Election Commission,Milwaukee Open Data,Datasets,2018,2018-11-12,2026-05-29,e3fcecc3-10f6-438c-bd4e-f3231ee1c8e0,2018-nov-6-representative-to-the-assembly-district-18,10c-01
"2018 Nov 6, Representative to the Assembly District 20","2018 Nov 6, Representative to the Assembly District 20",Election Commission,Milwaukee Open Data,Datasets,2018,2018-11-12,2026-05-29,eccb42d4-fe91-484f-b400-e81b7f91796f,2018-nov-6-representative-to-the-assembly-district-20,10c-01
"2018 Nov 6, Representative to the Assembly District 13","2018 Nov 6, Representative to the Assembly District 13",Election Commission,Milwaukee Open Data,Datasets,2018,2018-11-12,2026-05-29,da65f619-830c-404d-93ed-a50c7a4827a8,2018-nov-6-representative-to-the-assembly-district-13,10c-01
"2018 Nov 6, Representative to the Assembly District 11","2018 Nov 6, Representative to the Assembly District 11",Election Commission,Milwaukee Open Data,Datasets,2018,2018-11-12,2026-05-29,582531c3-212d-4ddf-a225-e9f8bcb5d695,2018-nov-6-representative-to-the-assembly-district-11,10c-01
"2018 Nov 6, Representative to the Assembly District 8","2018 Nov 6, Representative to the Assembly District 8",Election Commission,Milwaukee Open Data,Datasets,2018,2018-11-12,2026-05-29,9213b8a9-541c-4831-a53f-e13bd39120e5,2018-nov-6-representative-to-the-assembly-district-8,10c-01
"2018 Nov 6, Alderperson District 5","2018 Nov 6, Alderperson District 5",Election Commission,Milwaukee Open Data,Datasets,2018,2018-11-12,2026-05-29,7a42472c-0bc1-4272-9ce6-78fedae19d91,2018-nov-6-alderperson-district-5-district-5,10c-01
"2018 Nov 6, Representative to the Assembly District 16","2018 Nov 6, Representative to the Assembly District 16",Election Commission,Milwaukee Open Data,Datasets,2018,2018-11-12,2026-05-29,e35080f3-9b7d-485d-ad14-dcf36f6b3bbd,2018-nov-6-representative-to-the-assembly-district-16,10c-01
"2018 Nov 6, Representative to the Assembly District 14","2018 Nov 6, Representative to the Assembly District 14",Election Commission,Milwaukee Open Data,Datasets,2018,2018-11-12,2026-05-29,e5cf00e1-73d8-4733-b480-1fc649aeb0bd,2018-nov-6-representative-to-the-assembly-district-14,10c-01
"2018 Nov 6, Secretary of State","2018 Nov 6, Secretary of State",Election Commission,Milwaukee Open Data,Datasets,2018,2018-11-12,2026-05-29,d89c78a3-3708-4548-a414-de6ae4252f60,2018-nov-6-secretary-of-state,10c-01
"2018 Nov 6, Representative to the Assembly District 9","2018 Nov 6, Representative to the Assembly District 9",Election Commission,Milwaukee Open Data,Datasets,2018,2018-11-12,2026-05-29,2f532484-ad88-4a43-8a14-545ca9f27856,2018-nov-6-representative-to-the-assembly-district-9,10c-01
"2018 Nov 6, Representative to the Assembly District 10","2018 Nov 6, Representative to the Assembly District 10",Election Commission,Milwaukee Open Data,Datasets,2018,2018-11-12,2026-05-29,807c9164-3e53-4e56-8788-80a5f995b993,2018-nov-6-representative-to-the-assembly-district-10,10c-01
"2018 Nov 6, Representative to the Assembly District 17","2018 Nov 6, Representative to the Assembly District 17",Election Commission,Milwaukee Open Data,Datasets,2018,2018-11-12,2026-05-29,50fa6b14-6de3-44d9-b8a7-37a86aa329fc,2018-nov-6-representative-to-the-assembly-district-17,10c-01
"2018 Nov 6, Representative to the Assembly District 19","2018 Nov 6, Representative to the Assembly District 19",Election Commission,Milwaukee Open Data,Datasets,2018,2018-11-12,2026-05-29,86fe7792-88c5-4359-b86e-7edc7541d313,2018-nov-6-representative-to-the-assembly-district-19,10c-01
"2018 Nov 6, Representative to the Assembly District 12","2018 Nov 6, Representative to the Assembly District 12",Election Commission,Milwaukee Open Data,Datasets,2018,2018-11-12,2026-05-29,d4092730-a456-435f-8ae2-eaec08e3b8ac,2018-nov-6-representative-to-the-assembly-district-12,10c-01
"2016 Nov 8 , Representative of the Assembly District 17","2016 Nov 8 , Representative of the Assembly District 17",Election Commission,Milwaukee Open Data,Datasets,2016,2018-10-24,2026-05-29,d9afb18a-5aa6-4684-963b-f4aaca040936,representative-of-the-assembly-district-17-race-by-ward-nov-8-2016,10c-01
"2018 Nov 6, Attorney General","2018 Nov 6, Attorney General",Election Commission,Milwaukee Open Data,Datasets,2018,2018-11-12,2026-05-29,b1028b59-e5c4-4c06-b384-ee2f8a8f21bb,2018-nov-6-attorney-general,10c-01
"2018 Nov 6, State Senator District 5","2018 Nov 6, State Senator District 5",Election Commission,Milwaukee Open Data,Datasets,2018,2018-11-12,2026-05-29,be9bbb9b-1966-4fea-902e-c9730c2250d9,2018-nov-6-state-senator-district-5-district-5,10c-01
"2018 Nov 6, Voter Turnout","2018 Nov 6, Voter Turnout",Election Commission,Milwaukee Open Data,Datasets,2018,2018-11-12,2026-05-29,a7446787-2146-4093-83e3-25ba8305d7cf,2018-nov-8-voter-turnout,10c-01
"2018 Nov 6, Governor/ Lieutenant Governor","2018 Nov 6, Governor/ Lieutenant Governor",Election Commission,Milwaukee Open Data,Datasets,2018,2018-11-12,2026-05-29,b79e0cbc-ab6d-4469-a1e4-43b664a2b992,2018-nov-6-governor-lieutenant-governor,10c-01
Call Center Data Visualizations,Call Center Data Visualizations,Information Technology and Management Division,Milwaukee Open Data,Datasets,Last Modified: 2025-02-14,2018-05-09,2026-05-29,f9f30fd0-7a9d-4103-946b-e2de0094ae9c,call-center-data-visualizations,10c-01
2019 Spring Election Results,2019 Spring Election Results,Election Commission,Milwaukee Open Data,Datasets,2019,2019-04-11,2026-05-29,1881c9a7-82ca-446a-8c44-e4ac6cc6ed2b,2019-spring-election-results,10c-01
2016 Spring Election Results,2016 Spring Election Results,Election Commission,Milwaukee Open Data,Datasets,2016,2019-07-26,2026-05-29,410b03d9-118f-404d-961a-06c76b29333f,2016-election-data,10c-01
2018 Fall Primary Election Results,2018 Fall Primary Election Results,Election Commission,Milwaukee Open Data,Datasets,2018,2019-09-10,2026-05-29,958b92c4-2798-4928-941d-e201b500aa39,2018-primary-election-results,10c-01
Master Property File (MPROP) Visualizations,Master Property File (MPROP) Visualizations,Information Technology and Management Division,Milwaukee Open Data,Datasets,Last Modified: 2025-02-14,2018-05-10,2026-05-29,c3a0c185-bb80-4cbe-80ac-63b149125b79,master-property-file-mprop-visualizations,10c-01
2020 Spring Primary Election Results,2020 Spring Primary Election Results,Election Commission,Milwaukee Open Data,Datasets,2020,2020-02-24,2026-05-29,94cb88ea-c2dd-4af1-91b4-8d8f1d61c4aa,2020-spring-election-results,10c-01
2020 Spring Election Results,2020 Spring Election Results,Election Commission,Milwaukee Open Data,Datasets,2020,2020-04-30,2026-05-29,bfbc4dab-4ed3-49d4-81fe-a2c9fde7a066,april-7-2020-spring-election,10c-01
2020 General Election,2020 General Election,Election Commission,Milwaukee Open Data,Datasets,2020,2020-12-16,2026-05-29,376e21f9-57bc-40c5-bc7b-c9f92e148634,2020-general-election,10c-01
Voting Ward Demographics,Voting Ward Demographics,Election Commission,Milwaukee Open Data,Datasets,Last Modified: 2025-02-14,2018-11-01,2026-05-29,97c948ed-08c5-4c92-b640-2e9bb18e46da,voting-ward-demographics,10c-01
2018 Spring Election Results,2018 Spring Election Results,Election Commission,Milwaukee Open Data,Datasets,2018,2019-04-11,2026-05-29,93af64b1-1460-4cc6-975a-ddf49885493c,2018-spring-election-results,10c-01
2020 1st Quarter - MPD Stop and Search Data,2020 1st Quarter - MPD Stop and Search Data,Fire and Police Commission,Milwaukee Open Data,Datasets,2020,2020-07-16,2026-05-29,9fa186c6-fb69-4cb7-8865-f8fcba1ae2fd,milwaukee-police-department-mpd-stop-and-search-data-1st-quarter-2020,10c-01
2020 4th Quarter - MPD Stop and Search Data,2020 4th Quarter - MPD Stop and Search Data,Fire and Police Commission,Milwaukee Open Data,Datasets,2020,2021-04-14,2026-05-29,04197dc0-1cc1-4de8-8454-a2d97d842638,milwaukee-police-department-mpd-stop-and-search-data-4th-quarter-2020,10c-01
2019 1st & 2nd Quarters - MPD Stop and Search Data,2019 1st & 2nd Quarters - MPD Stop and Search Data,Fire and Police Commission,Milwaukee Open Data,Datasets,2019,2020-02-19,2026-05-29,eede14b5-aec0-424c-83aa-ac826a1023db,milwaukee-police-department-mpd-stop-and-search-data-1st-2nd-quarter-2019,10c-01
2020 3rd Quarter - MPD Stop and Search Data,2020 3rd Quarter - MPD Stop and Search Data,Fire and Police Commission,Milwaukee Open Data,Datasets,2020,2021-01-28,2026-05-29,930c7e1a-793f-451c-b1dc-ee55946a0545,milwaukee-police-department-mpd-stop-and-search-data-3rd-quarter-2020,10c-01
2019 3rd Quarter - MPD Stop and Search Data,2019 3rd Quarter - MPD Stop and Search Data,Fire and Police Commission,Milwaukee Open Data,Datasets,2019,2020-01-02,2026-05-29,d983db72-2a5a-4359-a793-cc53bf9f7445,mpd-stop-and-search-data-3rd-quarter-2019,10c-01
2019 4th Quarter - MPD Stop and Search Data,2019 4th Quarter - MPD Stop and Search Data,Fire and Police Commission,Milwaukee Open Data,Datasets,2019,2020-04-13,2026-05-29,da43dea4-b204-4a85-aa12-a8cebf01c114,milwaukee-police-department-mpd-stop-and-search-data-4th-quarter-2019,10c-01
2020 2nd Quarter - MPD Stop and Search Data,2020 2nd Quarter - MPD Stop and Search Data,Fire and Police Commission,Milwaukee Open Data,Datasets,2020,2021-01-06,2026-05-29,b0e4a98c-ede6-4136-a78a-9d116ada1eef,milwaukee-police-department-mpd-stop-and-search-data-2nd-quarter-2020,10c-01
2021 2nd Quarter - MPD Stop and Search Data,2021 2nd Quarter - MPD Stop and Search Data,Fire and Police Commission,Milwaukee Open Data,Datasets,2021,2022-06-09,2026-05-29,b5d61080-da2a-43f5-9cb2-8b8f098967fd,2021-2nd-quarter-mpd-stop-and-search-data,10c-01
2021 3rd Quarter - MPD Stop and Search Data,2021 3rd Quarter - MPD Stop and Search Data,Fire and Police Commission,Milwaukee Open Data,Datasets,2021,2022-06-10,2026-05-29,0b1cca02-ed92-4df6-a6ca-76f45b897b46,2021-3rd-quarter-mpd-stop-and-search-data,10c-01
2021 4th Quarter - MPD Stop and Search Data,2021 4th Quarter - MPD Stop and Search Data,Fire and Police Commission,Milwaukee Open Data,Datasets,2021,2022-06-10,2026-05-29,4b13c091-bced-44d9-9de8-aed9aa61f130,2021-4th-quarter-mpd-stop-and-search-data,10c-01
Tax Incremental District (TID) Value History,Tax Incremental District (TID) Value History,Assessor's Office,Milwaukee Open Data,Datasets,Last Modified: 2025-02-14,2021-08-12,2026-05-29,c032a84e-3fbc-4d3f-a8b4-39011fbc7931,tax-incremental-district-value-history,10c-01
Tax Data by County,Tax Data by County,Assessor's Office,Milwaukee Open Data,Datasets,Last Modified: 2025-02-14,2021-08-03,2026-05-29,8325bd62-d80d-47b8-9bcf-70730afb19ff,tax-data-by-county,10c-01
Assessment Data Summary,Assessment Data Summary,Assessor's Office,Milwaukee Open Data,Datasets,Last Modified: 2025-02-14,2021-07-26,2026-05-29,71cdc6b8-ee8e-4036-9317-acab014802e5,assessment-data-summary,10c-01
Assessment Data by County by Class,Assessment Data by County by Class,Assessor's Office,Milwaukee Open Data,Datasets,Last Modified: 2025-02-14,2021-07-29,2026-05-29,f2b42684-82c7-4d5c-94b2-390d4dae9c42,assessment-data-by-county-by-class,10c-01
2021 1st Quarter - MPD Stop and Search Data,2021 1st Quarter - MPD Stop and Search Data,Fire and Police Commission,Milwaukee Open Data,Datasets,2021,2022-06-08,2026-05-29,f83766a7-b644-4817-af9b-f4cc33a016d0,2021-1st-quarter-mpd-stop-and-search-data,10c-01
Aldermanic District Demographics,Aldermanic District Demographics,Common Council,Milwaukee Open Data,Datasets,Last Modified: 2025-02-14,2018-11-01,2026-05-29,7466c225-7e79-4bf3-9260-81f451cb2b59,aldermanic-district-demographics,10c-01
Personal Property Assessments,Personal Property Assessments,Assessor's Office,Milwaukee Open Data,Datasets,Last Modified: 2025-02-14,2019-08-19,2026-05-29,c0f998f4-81f5-4a7b-abf1-653fa493cd16,personal-property-look-up,10c-01
Fire Unit Status Detail (Historical),Fire Unit Status Detail (Historical),Milwaukee Fire Department,Milwaukee Open Data,Datasets,Last Modified: 2025-02-14,2018-05-25,2026-05-29,10dd6915-31b9-4210-b5f1-51aefe5e7bd7,unit-status-detail-historical,10c-01
EMS Calls For Service (Historical),EMS Calls For Service (Historical),Milwaukee Fire Department,Milwaukee Open Data,Datasets,Last Modified: 2025-02-14,2018-05-24,2026-05-29,44c5523b-874c-49d9-bbb9-50077b382fc5,calls-for-service,10c-01
Fire Incident Detail (Historical),Fire Incident Detail (Historical),Milwaukee Fire Department,Milwaukee Open Data,Datasets,Last Modified: 2025-02-14,2018-05-25,2026-05-29,b61a89f7-1604-4b3a-b465-42f5a1e232bc,incident-detail-historical,10c-01
Strategic Action Plans,Strategic Action Plans,Department of City Development,Milwaukee Open Data,Datasets,Last Modified: 2025-02-11,2018-06-14,2026-05-29,8da0ff31-81ca-4945-a950-fdb1f512464e,strategic-action-plans,10c-01
Redevelopment Plans,Redevelopment Plans,Department of City Development,Milwaukee Open Data,Datasets,Last Modified: 2025-02-11,2018-06-14,2026-05-29,819d28f0-c991-4dde-80a9-41afa98980b4,redevelopment-plans,10c-01
Community Living Arrangement Facilities,Community Living Arrangement Facilities,Information Technology and Management Division,Milwaukee Open Data,Datasets,Last Modified: 2025-02-11,2019-09-09,2026-05-29,1394bc86-9ebb-41e0-86a5-5b0474ad2614,community-living-arrangement-facilities,10c-01
Neighborhood Improvement Districts (NID),Neighborhood Improvement Districts (NID),Department of City Development,Milwaukee Open Data,Datasets,Last Modified: 2025-02-11,2018-06-13,2026-05-29,9e0403ea-868b-48d8-b198-8140cd96a106,neighborhood-improvement-districts,10c-01
DPW Forestry,DPW Forestry,Department of Public Works,Milwaukee Open Data,Datasets,Last Modified: 2025-02-11,2021-01-11,2026-05-29,80bc0dca-95b1-4681-b26e-999c978570d9,dpw-forestry,10c-01
DPW Operations,DPW Operations,Department of Public Works,Milwaukee Open Data,Datasets,Last Modified: 2025-02-11,2021-01-11,2026-05-29,32e79ae0-7ae2-4490-94ca-1ff6d39cf59a,dpw-operations,10c-01
DPW Sanitation,DPW Sanitation,Department of Public Works,Milwaukee Open Data,Datasets,Last Modified: 2025-02-11,2018-01-31,2026-05-29,04956aaf-77ab-4c63-9143-aff7d9442444,garbage-recycling-collection,10c-01
MMSD Geography,MMSD Geography,External Organizations,Milwaukee Open Data,Datasets,Last Modified: 2025-02-11,2022-06-20,2026-05-29,1b28e780-748e-44a6-83b8-e07651aca529,mmsd-geography,10c-01
Residential Assessment Neighborhoods,Residential Assessment Neighborhoods,Assessor's Office,Milwaukee Open Data,Datasets,Last Modified: 2025-02-11,2021-01-11,2026-05-29,389ea273-f09c-421e-9bc9-7f614c706118,residential-assessment-neighborhoods,10c-01
"Schools - elementary, secondary","Schools - elementary, secondary",Information Technology and Management Division,Milwaukee Open Data,Datasets,Last Modified: 2025-02-11,2018-10-24,2026-05-29,0a17dfed-fe14-4457-bc24-b896314702b7,schools-elementary-secondary,10c-01
Parks and parkways,Parks and parkways,Information Technology and Management Division,Milwaukee Open Data,Datasets,Last Modified: 2025-02-11,2018-10-24,2026-05-29,b9dca4a7-64e7-4876-bc04-8909219976f9,parks-and-parkways,10c-01
Parking Meters,Parking Meters,Department of Public Works,Milwaukee Open Data,Datasets,Last Modified: 2025-02-11,2021-01-11,2026-05-29,4cf21b8e-dd11-4b20-a1ee-08ba8df723f9,dpw-parking,10c-01
bublr bikes Open API (Application Programming Interface),bublr bikes Open API (Application Programming Interface),External Organizations,Milwaukee Open Data,Datasets,Last Modified: 2024-10-01,2018-06-27,2026-05-29,c71fd9f9-7a2e-4984-8d91-b0935fcc282c,bublr,10c-01
2023 4th Quarter - MPD Stop and Search Data,2023 4th Quarter - MPD Stop and Search Data,Fire and Police Commission,Milwaukee Open Data,Datasets,2023,2024-09-11,2026-05-29,c84506b8-b070-4371-8012-caceeb081f4f,2023-4th-quarter-mpd-stop-and-search-data,10c-01
2023 3rd Quarter - MPD Stop and Search Data,2023 3rd Quarter - MPD Stop and Search Data,Fire and Police Commission,Milwaukee Open Data,Datasets,2023,2024-09-11,2026-05-29,bd03db27-5d7b-4be2-82da-1b9a4054afc3,2023-3rd-quarter-mpd-stop-and-search-data,10c-01
2023 2nd Quarter - MPD Stop and Search Data,2023 2nd Quarter - MPD Stop and Search Data,Fire and Police Commission,Milwaukee Open Data,Datasets,2023,2024-09-11,2026-05-29,b6673c8b-4667-4c5f-84ef-086820eb35d0,2023-2nd-quarter-mpd-stop-and-search-data,10c-01
2023 1st Quarter - MPD Stop and Search Data,2023 1st Quarter - MPD Stop and Search Data,Fire and Police Commission,Milwaukee Open Data,Datasets,2023,2024-09-11,2026-05-29,14816fbd-b730-4090-ae64-1fe4a954a3b4,mpd-sc-datasets-2023-q1,10c-01
Annual Comprehensive Financial Report,Annual Comprehensive Financial Report,Office of the Comptroller,Milwaukee Open Data,Datasets,Last Modified: 2023-08-08,2021-08-26,2026-05-29,b4a2d6be-3736-43a3-a05c-40aad258be30,annual-comprehensive-financial-report,10c-01
2022 4th Quarter - MPD Stop and Search Data,2022 4th Quarter - MPD Stop and Search Data,Fire and Police Commission,Milwaukee Open Data,Datasets,2022,2023-06-09,2026-05-29,3957dc5d-0275-479c-b4eb-82013bdf97c3,2022-4th-quarter-mpd-stop-and-search-data,10c-01
2022 3rd Quarter - MPD Stop and Search Data,2022 3rd Quarter - MPD Stop and Search Data,Fire and Police Commission,Milwaukee Open Data,Datasets,2022,2023-06-09,2026-05-29,792e7c9d-0093-4b7c-8429-167bc348782c,2022-3rd-quarter-mpd-stop-and-search-data,10c-01
2022 2nd Quarter - MPD Stop and Search Data,2022 2nd Quarter - MPD Stop and Search Data,Fire and Police Commission,Milwaukee Open Data,Datasets,2022,2023-06-09,2026-05-29,689f4d88-af5a-4b25-a9b5-990723877a8e,2022-2nd-quarter-mpd-stop-and-search-data,10c-01
2022 1st Quarter - MPD Stop and Search Data,2022 1st Quarter - MPD Stop and Search Data,Fire and Police Commission,Milwaukee Open Data,Datasets,2022,2023-06-09,2026-05-29,709dd82a-c3a5-4f83-9177-5df049262d02,2022-1st-quarter-mpd-stop-and-search-data,10c-01
2018 Partisan Primary,2018 Partisan Primary,Election Commission,Milwaukee Open Data,Datasets,2018,2022-09-30,2026-05-29,01f8930a-de50-498e-b364-0a8191460eed,2018-august-election,10c-01
2022 Partisan Primary,2022 Partisan Primary,Election Commission,Milwaukee Open Data,Datasets,2022,2022-09-30,2026-05-29,e4e6fc28-0ba5-47f3-ac49-f333a6452ff3,2022-partisan-primary,10c-01
2018 November Election,2018 November Election,Election Commission,Milwaukee Open Data,Datasets,2018,2022-09-30,2026-05-29,3a3ec89f-f003-43e6-aa3d-5b842652c7f1,2018-november-election,10c-01
2021 Spring Election,2021 Spring Election,Election Commission,Milwaukee Open Data,Datasets,2021,2022-09-30,2026-05-29,fe5ee754-4274-4b0a-b6ee-a1af50a90898,2021-spring-election,10c-01
Milwaukee Water Works Service Area Boundary,Milwaukee Water Works Service Area Boundary,Milwaukee Water Works,Milwaukee Open Data,Datasets,Last Modified: 2022-08-19,2022-08-19,2026-05-29,91e4cadb-9a5d-4d64-919f-6c229dc9e8af,milwaukee-water-works-service-area-boundary,10c-01
City of Milwaukee Bicycle Network,City of Milwaukee Bicycle Network,Department of Public Works,Milwaukee Open Data,Datasets,Last Modified: 2021-12-29,2021-12-29,2026-05-29,8aefa0bc-c18f-44e5-bdfa-e4a203f25e33,city-of-milwaukee-bicycle-network,10c-01
Community Based Residential Facilities – Within City of Milwaukee,Community Based Residential Facilities – Within City of Milwaukee,Department of City Development,Milwaukee Open Data,Datasets,Last Modified: 2020-03-06,2018-01-31,2026-05-29,6582cd2d-c565-434a-af46-239d0ab90015,community-based-residential-facilities-within-city-of-milwaukee,10c-01
Targeted Investment Neighborhoods,Targeted Investment Neighborhoods,Department of City Development,Milwaukee Open Data,Datasets,Last Modified: 2020-03-06,2018-06-19,2026-05-29,262359cd-7da0-4190-898a-e2fff4fc75f2,targeted-investment-neighborhoods,10c-01
Child residential facilities - Within City of Milwaukee,Child residential facilities - Within City of Milwaukee,Department of City Development,Milwaukee Open Data,Datasets,Last Modified: 2020-03-06,2018-01-31,2026-05-29,27cfe91c-9f36-48be-9070-5e24a2c2928b,child-residential-facilities-within-city-of-milwaukee,10c-01
United States Census Bureau,United States Census Bureau,External Organizations,Milwaukee Open Data,Datasets,Last Modified: 2019-07-09,2019-07-09,2026-05-29,42a168a2-9404-4897-964e-be38552ee3ff,united-states-census-bureau,10c-01
Census Data API Discovery Tool,Census Data API Discovery Tool,External Organizations,Milwaukee Open Data,Datasets,Last Modified: 2019-06-25,2019-06-25,2026-05-29,482b8699-54d2-4480-b40d-1fb76a4d211a,census-data-api-discovery-tool,10c-01
Milwaukee County Transit System(MCTS) API,Milwaukee County Transit System(MCTS) API,External Organizations,Milwaukee Open Data,Datasets,Last Modified: 2019-06-03,2019-06-03,2026-05-29,d1ee4f39-d91a-4163-a3ae-155b8e1ee0e9,milwaukee-county-transit-system-mcts-api,10c-01
User Tip Sheet,User Tip Sheet,Information Technology and Management Division,Milwaukee Open Data,Datasets,Last Modified: 2018-06-06,2018-02-26,2026-05-29,4128a13c-913a-46bc-813c-b8c9f92772c3,user-tips-sheet,10c-01
Allegheny County Air Quality,Allegheny County Air Quality,Allegheny County,Western Pennsylvania Regional Data Center Open Data,Datasets,Last Modified: 2026-07-28,2023-05-21,2026-07-05,c7b3266c-adc6-41c0-b19a-8d4353bfcdaf,allegheny-county-air-quality,08f-01
DOMI Street Closures For GIS Mapping,DOMI Street Closures For GIS Mapping,City of Pittsburgh,Western Pennsylvania Regional Data Center Open Data,Datasets,Last Modified: 2026-07-28,2023-05-25,2026-07-05,9be8e626-504e-44b8-a28a-ed52e8d70e3a,street-closures,08f-01
Aggregated Parking Transactions,Aggregated Parking Transactions,Pittsburgh Parking Authority,Western Pennsylvania Regional Data Center Open Data,Datasets,Last Modified: 2026-07-28,2023-05-21,2026-07-05,ac32c80c-de99-4444-a9a8-48c0515ac7bb,parking-transactions,08f-01
Pittsburgh Regional Transit Schedule Period Lookup,Pittsburgh Regional Transit Schedule Period Lookup,Pittsburgh Regional Transit,Western Pennsylvania Regional Data Center Open Data,Datasets,Last Modified: 2026-07-28,2023-05-21,2026-07-05,b401859c-412b-4cb6-ad88-a4183b83183d,prt-schedule-period-lookup,08f-01
Pittsburgh Regional Transit Stops,Pittsburgh Regional Transit Stops,Pittsburgh Regional Transit,Western Pennsylvania Regional Data Center Open Data,Datasets,Last Modified: 2026-07-28,2023-05-21,2026-07-05,33d5f44b-5315-4374-b3e3-e4246e8ad5c9,prt-of-allegheny-county-transit-stops,08f-01
Pittsburgh Regional Transit Transit Routes,Pittsburgh Regional Transit Transit Routes,Pittsburgh Regional Transit,Western Pennsylvania Regional Data Center Open Data,Datasets,Last Modified: 2026-07-28,2023-05-21,2026-07-05,6be8185a-7fc3-48c7-9b8d-716602ea03f0,prt-current-transit-routes,08f-01
Pittsburgh Parking Meters and Payment Points,Pittsburgh Parking Meters and Payment Points,Pittsburgh Parking Authority,Western Pennsylvania Regional Data Center Open Data,Datasets,Last Modified: 2026-07-28,2023-05-21,2026-07-05,1d38b5ef-fa53-4c15-9a50-905d4d573292,pittsburgh-parking-meters-and-payment-points,08f-01
Pittsburgh 311 Data,Pittsburgh 311 Data,City of Pittsburgh,Western Pennsylvania Regional Data Center Open Data,Datasets,Last Modified: 2026-07-28,2025-12-19,2026-07-05,8069a170-92d1-4f5e-bc03-327bcf262545,pittsburgh-311-data,08f-01
GEOS-CF Atmospheric Composition Forecast,GEOS-CF Atmospheric Composition Forecast,Western Pennsylvania Regional Data Center,Western Pennsylvania Regional Data Center Open Data,Datasets,Last Modified: 2026-07-28,2023-06-23,2026-07-05,3cd6ab18-61aa-4f7d-90fd-0c8341254b67,air-quality-forecast,08f-01
Pittsburgh PLI/DOMI/ES Violations Report,Pittsburgh PLI/DOMI/ES Violations Report,City of Pittsburgh,Western Pennsylvania Regional Data Center Open Data,Datasets,Last Modified: 2026-07-28,2023-05-21,2026-07-05,d660edf8-9157-45ad-a282-50822badfaae,pittsburgh-pli-violations-report,08f-01
Temperature Inversions Forecasts,Temperature Inversions Forecasts,Western Pennsylvania Regional Data Center,Western Pennsylvania Regional Data Center Open Data,Datasets,Last Modified: 2026-07-28,2024-10-02,2026-07-05,8cd7c3cf-3a9e-4bca-967d-6f1808176ca0,temperature-inversions,08f-01
PLI Permits,PLI Permits,City of Pittsburgh,Western Pennsylvania Regional Data Center Open Data,Datasets,Last Modified: 2026-07-28,2023-05-30,2026-07-05,d0427f19-7303-43e0-b856-a58130d8cf92,pli-permits,08f-01
Allegheny County Jail Daily Census,Allegheny County Jail Daily Census,Allegheny County,Western Pennsylvania Regional Data Center Open Data,Datasets,Last Modified: 2026-07-28,2023-05-21,2026-07-05,d15ca172-66df-4508-8562-5ec54498cfd4,allegheny-county-jail-daily-census,08f-01
Allegheny County Property Sale Transactions,Allegheny County Property Sale Transactions,Allegheny County,Western Pennsylvania Regional Data Center Open Data,Datasets,Last Modified: 2026-07-28,2023-05-21,2026-07-05,9e0ce87d-07b8-420c-a8aa-9de6104f61d6,real-estate-sales,08f-01
Allegheny County Fatal Accidental Overdoses,Allegheny County Fatal Accidental Overdoses,Allegheny County,Western Pennsylvania Regional Data Center Open Data,Datasets,Last Modified: 2026-07-28,2023-05-21,2026-07-05,7fb0505e-8e2c-4825-b22c-4fbee8fc8010,allegheny-county-fatal-accidental-overdoses,08f-01
Allegheny County Plumbing Inspections & Violations,Allegheny County Plumbing Inspections & Violations,Allegheny County,Western Pennsylvania Regional Data Center Open Data,Datasets,Last Modified: 2026-07-28,2023-05-21,2026-07-05,00af664b-cdd1-444e-bffc-0e3ccb5066f9,allegheny-county-plumbing-inspections,08f-01
Allegheny County Housing and Community Environment Inspections,Allegheny County Housing and Community Environment Inspections,Allegheny County,Western Pennsylvania Regional Data Center Open Data,Datasets,Last Modified: 2026-07-28,2023-05-21,2026-07-05,19beed76-cd72-4fa8-9f8f-c402608ed569,housing-and-community-environment-inspections,08f-01
Allegheny County Asbestos Permits,Allegheny County Asbestos Permits,Allegheny County,Western Pennsylvania Regional Data Center Open Data,Datasets,Last Modified: 2026-07-28,2023-05-21,2026-07-05,7c0175b7-ff33-43ea-b353-bc2c5199a7ff,allegheny-county-asbestos-permit,08f-01
Allegheny County Restaurant/Food Facility Inspections and Locations,Allegheny County Restaurant/Food Facility Inspections and Locations,Allegheny County,Western Pennsylvania Regional Data Center Open Data,Datasets,Last Modified: 2026-07-28,2023-05-21,2026-07-05,8744b4f6-5525-49be-9054-401a2c4c2fac,allegheny-county-restaurant-food-facility-inspection-violations,08f-01
Allegheny County Plumbers,Allegheny County Plumbers,Allegheny County,Western Pennsylvania Regional Data Center Open Data,Datasets,Last Modified: 2026-07-28,2023-05-21,2026-07-05,bafa99e3-6773-4dec-95bf-77d34b7754eb,allegheny-county-plumbers,08f-01
Allegheny County Park Rangers Outreach,Allegheny County Park Rangers Outreach,Allegheny County,Western Pennsylvania Regional Data Center Open Data,Datasets,Last Modified: 2026-07-28,2023-05-21,2026-07-05,01894671-26ec-423c-985c-55c66220e433,allegheny-county-park-rangers-outreach,08f-01
Allegheny County Assets,Allegheny County Assets,Western Pennsylvania Regional Data Center,Western Pennsylvania Regional Data Center Open Data,Datasets,Last Modified: 2026-07-28,2023-05-21,2026-07-05,cd2b3e27-ca31-43e0-a8c6-2e6c43b4050a,allegheny-county-assets,08f-01
Condemned and Dead-End Properties,Condemned and Dead-End Properties,City of Pittsburgh,Western Pennsylvania Regional Data Center Open Data,Datasets,Last Modified: 2026-07-28,2023-05-21,2026-07-05,f9006efd-eac0-467a-a0d2-3b3a9a59cd39,condemned-properties,08f-01
Allegheny County Kane Regional Center Census,Allegheny County Kane Regional Center Census,Allegheny County,Western Pennsylvania Regional Data Center Open Data,Datasets,Last Modified: 2026-07-28,2023-05-21,2026-07-05,db327693-d758-431e-9f59-a906bdef46b3,allegheny-county-kane-regional-center-census,08f-01
Daily Community Center Attendance,Daily Community Center Attendance,City of Pittsburgh,Western Pennsylvania Regional Data Center Open Data,Datasets,Last Modified: 2026-07-28,2023-05-21,2026-07-05,5b0b8acc-d8fc-4278-bc57-684e2e4faab5,daily-community-center-attendance,08f-01
City-Owned Properties,City-Owned Properties,City of Pittsburgh,Western Pennsylvania Regional Data Center Open Data,Datasets,Last Modified: 2026-07-28,2023-06-01,2026-07-05,53b09a0f-a419-4cc7-bdd1-4f40ce7515b4,city-owned-properties,08f-01
PWSA Inlets,PWSA Inlets,PWSA,Western Pennsylvania Regional Data Center Open Data,Datasets,Last Modified: 2026-07-27,2026-07-10,2026-07-28,473ec352-da08-4cc2-bc32-20a59b23c0a1,pwsa-inlets,08f-01
Registered Community Groups,Registered Community Groups,City of Pittsburgh,Western Pennsylvania Regional Data Center Open Data,Datasets,Last Modified: 2026-07-27,2026-05-08,2026-07-05,2db3b1d4-ce51-4962-82de-db49cc883842,registered-community-groups,08f-01
Pittsburgh Trails,Pittsburgh Trails,City of Pittsburgh,Western Pennsylvania Regional Data Center Open Data,Datasets,Last Modified: 2026-07-27,2026-05-08,2026-07-05,fb9d8835-88f5-48c2-9079-9260bfc34c1a,pittsburgh-trails,08f-01
Pittsburgh EMS Stations,Pittsburgh EMS Stations,City of Pittsburgh,Western Pennsylvania Regional Data Center Open Data,Datasets,Last Modified: 2026-07-27,2026-05-08,2026-07-05,0f9c9c45-9738-49d6-b4e5-de71a1381a9c,pittsburgh-ems-stations,08f-01
Allegheny County Weights and Measures Inspections,Allegheny County Weights and Measures Inspections,Allegheny County,Western Pennsylvania Regional Data Center Open Data,Datasets,Last Modified: 2026-07-26,2023-05-21,2026-07-05,fd140adb-d740-4ce3-b1e7-31f37bf97d88,allegheny-county-weights-and-measures-inspections,08f-01
Allegheny County Golf Courses,Allegheny County Golf Courses,Allegheny County,Western Pennsylvania Regional Data Center Open Data,Datasets,Last Modified: 2026-07-26,2025-12-03,2026-07-05,91c6bbfc-e592-4864-af45-3777682e9ad5,golf-courses,08f-01
"Allegheny County Schools (Public, Private, Charter, and Career and Technical Centers)","Allegheny County Schools (Public, Private, Charter, and Career and Technical Centers)",Allegheny County,Western Pennsylvania Regional Data Center Open Data,Datasets,Last Modified: 2026-07-26,2025-11-21,2026-07-05,3580b59a-2ce2-4ed9-8997-677449b450f9,allegheny-county-schools,08f-01
Allegheny County Census Tracts 2020,Allegheny County Census Tracts 2020,Allegheny County,Western Pennsylvania Regional Data Center Open Data,Datasets,2020,2025-06-16,2026-07-05,93634185-1779-45dd-a593-c8e8aba3f95b,allegheny-county-census-tracts-2020,08f-01
Allegheny County Municipal Parks,Allegheny County Municipal Parks,Allegheny County,Western Pennsylvania Regional Data Center Open Data,Datasets,Last Modified: 2026-07-26,2025-06-16,2026-07-05,34d1c985-621d-4768-8e78-5759c191b7f9,allegheny-county-municipal-parks,08f-01
Landslides Pomeroy Study,Landslides Pomeroy Study,Allegheny County,Western Pennsylvania Regional Data Center Open Data,Datasets,Last Modified: 2026-07-26,2024-06-12,2026-07-05,521468b6-a0d4-4522-9291-3f8854790c60,landslides-pomeroy-study,08f-01
Allegheny County Land Use Areas,Allegheny County Land Use Areas,Allegheny County,Western Pennsylvania Regional Data Center Open Data,Datasets,Last Modified: 2026-07-26,2023-05-21,2026-07-05,9cb09db9-bad9-4f60-a854-1ea479ef601d,allegheny-county-land-use-areas,08f-01
Allegheny County Addressing Landmarks,Allegheny County Addressing Landmarks,Allegheny County,Western Pennsylvania Regional Data Center Open Data,Datasets,Last Modified: 2026-07-26,2023-05-21,2026-07-05,cd24b8f3-bd02-4f90-b688-9f69a84420e3,allegheny-county-addressing-landmarks3,08f-01
Allegheny County Census Blocks 2020,Allegheny County Census Blocks 2020,Allegheny County,Western Pennsylvania Regional Data Center Open Data,Datasets,2020,2023-05-21,2026-07-05,4f3f06b9-2725-4e76-a236-72ef7737f5d1,allegheny-county-census-blocks-2021,08f-01
Magisterial District Judges Office Locations,Magisterial District Judges Office Locations,Allegheny County,Western Pennsylvania Regional Data Center Open Data,Datasets,Last Modified: 2026-07-26,2023-05-21,2026-07-05,43035153-cd97-4612-82b9-6a2014e760d5,magisterial-district-judges-office-locations,08f-01
Allegheny County Map Index Grid,Allegheny County Map Index Grid,Allegheny County,Western Pennsylvania Regional Data Center Open Data,Datasets,Last Modified: 2026-07-26,2023-05-21,2026-07-05,d63c868f-bf81-4366-8ddc-e25d240e621d,allegheny-county-map-index-grid,08f-01
Allegheny County Pennsylvania Senate District Boundaries,Allegheny County Pennsylvania Senate District Boundaries,Allegheny County,Western Pennsylvania Regional Data Center Open Data,Datasets,Last Modified: 2026-07-26,2023-05-21,2026-07-05,0aaf4dd1-716b-4106-b88e-3f07b6cc141a,allegheny-county-pennsylvania-senate-district-boundaries,08f-01
Allegheny County Hydrology Areas,Allegheny County Hydrology Areas,Allegheny County,Western Pennsylvania Regional Data Center Open Data,Datasets,Last Modified: 2026-07-26,2023-05-21,2026-07-05,f063ae36-6c90-4c3c-aafe-102a876d0d44,allegheny-county-hydrology-areas,08f-01
Allegheny County Major Rivers,Allegheny County Major Rivers,Allegheny County,Western Pennsylvania Regional Data Center Open Data,Datasets,Last Modified: 2026-07-26,2023-05-21,2026-07-05,d285f358-154e-4115-b2e2-520ccf48a2f1,allegheny-county-major-rivers,08f-01
Allegheny County Wooded Area Boundaries,Allegheny County Wooded Area Boundaries,Allegheny County,Western Pennsylvania Regional Data Center Open Data,Datasets,Last Modified: 2026-07-26,2023-05-21,2026-07-05,8d3104f6-a1dc-46b0-a2bc-9715af02f543,allegheny-county-wooded-area-boundaries,08f-01
Allegheny County Basin Outlines Map,Allegheny County Basin Outlines Map,Allegheny County,Western Pennsylvania Regional Data Center Open Data,Datasets,Last Modified: 2026-07-26,2023-05-21,2026-07-05,2e68481c-3ba2-43fd-a5d5-b833fb1d89b2,allegheny-county-basin-outlines-map,08f-01
Allegheny County Boundary,Allegheny County Boundary,Allegheny County,Western Pennsylvania Regional Data Center Open Data,Datasets,Last Modified: 2026-07-26,2023-05-21,2026-07-05,e80cb6b3-b31b-4ca8-a8ae-aee164608100,allegheny-county-boundary,08f-01
Allegheny County Cell Tower Points,Allegheny County Cell Tower Points,Allegheny County,Western Pennsylvania Regional Data Center Open Data,Datasets,Last Modified: 2026-07-26,2023-05-21,2026-07-05,fbb26682-fcf8-4be0-bb98-defcc01cc985,allegheny-county-cell-tower-points,08f-01
Allegheny County Magisterial Districts Outlines,Allegheny County Magisterial Districts Outlines,Allegheny County,Western Pennsylvania Regional Data Center Open Data,Datasets,Last Modified: 2026-07-26,2023-05-21,2026-07-05,205353f9-9a87-4727-9d57-5fed1d88273f,allegheny-county-magisterial-districts-outlines,08f-01
Allegheny County-Owned Bridges Centerlines,Allegheny County-Owned Bridges Centerlines,Allegheny County,Western Pennsylvania Regional Data Center Open Data,Datasets,Last Modified: 2026-07-26,2023-05-21,2026-07-05,c6276e3b-7f6a-4680-a018-420468b01133,allegheny-county-owned-bridges-centerlines2,08f-01
Allegheny County Public Building Locations,Allegheny County Public Building Locations,Allegheny County,Western Pennsylvania Regional Data Center Open Data,Datasets,Last Modified: 2026-07-26,2023-05-21,2026-07-05,b1137baf-7316-4e2b-8dbf-a8a72469fce3,allegheny-county-public-building-locations,08f-01
Allegheny County Watershed Boundaries,Allegheny County Watershed Boundaries,Allegheny County,Western Pennsylvania Regional Data Center Open Data,Datasets,Last Modified: 2026-07-26,2023-05-21,2026-07-05,2194aa30-f6af-487d-9f9f-033e31192d6c,allegheny-county-watershed-boundaries,08f-01
Allegheny County Trails Locations,Allegheny County Trails Locations,Allegheny County,Western Pennsylvania Regional Data Center Open Data,Datasets,Last Modified: 2026-07-26,2023-05-21,2026-07-05,78115312-761a-4841-8fd6-2442acdb7cce,allegheny-county-trails-locations,08f-01
Allegheny County WIC Vendor Locations,Allegheny County WIC Vendor Locations,Allegheny County,Western Pennsylvania Regional Data Center Open Data,Datasets,Last Modified: 2026-07-26,2023-05-21,2026-07-05,93770e04-4378-4637-b449-aac1677b8fd7,allegheny-county-wic-vendor-locations,08f-01
Allegheny County Voting District Boundaries,Allegheny County Voting District Boundaries,Allegheny County,Western Pennsylvania Regional Data Center Open Data,Datasets,Last Modified: 2026-07-26,2023-05-21,2026-07-05,df953315-6b4d-47e6-9502-d5a6af83d993,allegheny-county-voting-district-boundaries,08f-01
Allegheny County Elections Polling Places (Current),Allegheny County Elections Polling Places (Current),Allegheny County,Western Pennsylvania Regional Data Center Open Data,Datasets,Last Modified: 2026-07-26,2023-05-21,2026-07-05,a00402b4-dd73-46fc-8a18-99c3709c5881,polling-places-for-allegheny-county-elections-current,08f-01
Allegheny County Council Districts,Allegheny County Council Districts,Allegheny County,Western Pennsylvania Regional Data Center Open Data,Datasets,Last Modified: 2026-07-26,2023-05-21,2026-07-05,73eb573e-cc12-4f29-8e69-17f7975c89cb,allegheny-county-council-districts,08f-01
Allegheny County School District Boundaries,Allegheny County School District Boundaries,Allegheny County,Western Pennsylvania Regional Data Center Open Data,Datasets,Last Modified: 2026-07-26,2023-05-21,2026-07-05,e41c0a67-837f-460c-94a9-6650b74f10da,allegheny-county-school-district-boundaries,08f-01
Allegheny County Parks Outlines,Allegheny County Parks Outlines,Allegheny County,Western Pennsylvania Regional Data Center Open Data,Datasets,Last Modified: 2026-07-26,2023-05-21,2026-07-05,a696c68a-7233-4415-84c9-5d641e37f3bc,allegheny-county-parks-outlines,08f-01
Allegheny County Land Cover Areas,Allegheny County Land Cover Areas,Allegheny County,Western Pennsylvania Regional Data Center Open Data,Datasets,Last Modified: 2026-07-26,2023-05-21,2026-07-05,829733f9-61dd-48ad-a68c-e5193d3ce14b,allegheny-county-land-cover-areas,08f-01
Allegheny County Department of Public Works Maintenance District Boundaries,Allegheny County Department of Public Works Maintenance District Boundaries,Allegheny County,Western Pennsylvania Regional Data Center Open Data,Datasets,Last Modified: 2026-07-26,2023-05-21,2026-07-05,c5e96c79-d968-403e-9945-e798703ff440,allegheny-county-department-of-public-works-maintenance-district-boundaries2,08f-01
Allegheny County Beltway System Street Centerlines,Allegheny County Beltway System Street Centerlines,Allegheny County,Western Pennsylvania Regional Data Center Open Data,Datasets,Last Modified: 2026-07-26,2023-05-21,2026-07-05,7e26b7ca-26c1-4185-b33f-d17f4c6af9de,allegheny-county-beltway-system-street-centerlines,08f-01
Allegheny County Dam Locations,Allegheny County Dam Locations,Allegheny County,Western Pennsylvania Regional Data Center Open Data,Datasets,Last Modified: 2026-07-26,2023-05-21,2026-07-05,676409b6-c7d2-476f-b87d-e1d707c8aa36,allegheny-county-dam-locations2,08f-01
Allegheny County Park Features,Allegheny County Park Features,Allegheny County,Western Pennsylvania Regional Data Center Open Data,Datasets,Last Modified: 2026-07-26,2023-05-21,2026-07-05,c16b5379-3f99-4bdf-8d52-63fd25676d6e,allegheny-county-park-features,08f-01
Allegheny County Hydrology Lines,Allegheny County Hydrology Lines,Allegheny County,Western Pennsylvania Regional Data Center Open Data,Datasets,Last Modified: 2026-07-26,2023-05-21,2026-07-05,4b94de97-eed9-4717-ad85-bab8d227a457,allegheny-county-hydrology-lines,08f-01
Allegheny County Municipal Boundaries,Allegheny County Municipal Boundaries,Allegheny County,Western Pennsylvania Regional Data Center Open Data,Datasets,Last Modified: 2026-07-26,2023-05-21,2026-07-05,2fa577d6-1a6b-46a8-8165-27fecac1dee5,allegheny-county-municipal-boundaries,08f-01
Allegheny County Cemeteries,Allegheny County Cemeteries,Allegheny County,Western Pennsylvania Regional Data Center Open Data,Datasets,Last Modified: 2026-07-26,2023-05-21,2026-07-05,7973ae28-2f11-46c0-9cbb-59af8b9271b7,allegheny-county-cemetery-outlines,08f-01
Allegheny County Soil Type Areas,Allegheny County Soil Type Areas,Allegheny County,Western Pennsylvania Regional Data Center Open Data,Datasets,Last Modified: 2026-07-26,2023-05-21,2026-07-05,749d1cdb-cd9e-4da2-bfdc-1fe299f9ba84,allegheny-county-soil-type-areas,08f-01
Allegheny County-Owned Roads Centerlines,Allegheny County-Owned Roads Centerlines,Allegheny County,Western Pennsylvania Regional Data Center Open Data,Datasets,Last Modified: 2026-07-26,2023-05-21,2026-07-05,582f82cb-800b-42b4-85a5-883ce46fceab,allegheny-county-owned-roads-centerlines,08f-01
Allegheny County Filed Property Assessment Appeals,Allegheny County Filed Property Assessment Appeals,Allegheny County,Western Pennsylvania Regional Data Center Open Data,Datasets,Last Modified: 2026-07-26,2024-01-24,2026-07-05,d0014e78-69d1-45ac-8d6c-236055f3b72e,filed-property-assessment-appeals,08f-01
Allegheny County Municipal Building Energy and Water Use,Allegheny County Municipal Building Energy and Water Use,Allegheny County,Western Pennsylvania Regional Data Center Open Data,Datasets,Last Modified: 2026-07-25,2023-05-21,2026-07-05,98ec7315-47ad-4ffc-9368-dea01d054761,allegheny-county-energy-and-water-use,08f-01
Air Temperature Inversions,Air Temperature Inversions,Allegheny County,Western Pennsylvania Regional Data Center Open Data,Datasets,Last Modified: 2026-07-25,2026-01-08,2026-07-05,dc57451d-3ff1-4956-942b-22c522b9a620,air-temperature-inversions,08f-01
Allegheny County Addressing Street Centerlines,Allegheny County Addressing Street Centerlines,Allegheny County,Western Pennsylvania Regional Data Center Open Data,Datasets,Last Modified: 2026-07-23,2023-05-21,2026-07-05,34f6668d-130d-4e10-b49b-598c43b83d27,allegheny-county-addressing-street-centerlines,08f-01
Allegheny County Addressing Address Points,Allegheny County Addressing Address Points,Allegheny County,Western Pennsylvania Regional Data Center Open Data,Datasets,Last Modified: 2026-07-23,2023-05-21,2026-07-05,4988ae5c-a677-4a7f-9bd0-e735c19a8ff3,allegheny-county-addressing-address-points2,08f-01
Allegheny County Parcel Boundaries,Allegheny County Parcel Boundaries,Allegheny County,Western Pennsylvania Regional Data Center Open Data,Datasets,Last Modified: 2026-07-23,2023-05-21,2026-07-05,709e4e52-6f82-4cd0-a848-f3e2b3f5d22b,allegheny-county-parcel-boundaries1,08f-01
City-Owned Property (Real Estate Tax Database),City-Owned Property (Real Estate Tax Database),City of Pittsburgh,Western Pennsylvania Regional Data Center Open Data,Datasets,Last Modified: 2026-07-23,2023-05-21,2026-07-05,d93bb0b3-f123-4ac5-8ca2-21fb4da70b86,city-owned-property,08f-01
City of Pittsburgh Property Tax Abatements,City of Pittsburgh Property Tax Abatements,City of Pittsburgh,Western Pennsylvania Regional Data Center Open Data,Datasets,Last Modified: 2026-07-23,2023-05-21,2026-07-05,1131f3a9-bbd8-4ca0-963a-c7ccadffcee4,city-property-tax-abatements,08f-01
City Treasury Sales,City Treasury Sales,City of Pittsburgh,Western Pennsylvania Regional Data Center Open Data,Datasets,Last Modified: 2026-07-23,2023-05-21,2026-07-05,97491251-e607-405f-b89a-af64002b0628,city-treasury-sales,08f-01
City of Pittsburgh Property Tax Delinquency,City of Pittsburgh Property Tax Delinquency,City of Pittsburgh,Western Pennsylvania Regional Data Center Open Data,Datasets,Last Modified: 2026-07-23,2023-05-21,2026-07-05,d0e6dbc6-7086-460d-8479-440a0a4492dd,city-of-pittsburgh-property-tax-delinquency,08f-01
"Licensed Businesses, Contractors & Trades","Licensed Businesses, Contractors & Trades",City of Pittsburgh,Western Pennsylvania Regional Data Center Open Data,Datasets,Last Modified: 2026-07-23,2023-05-21,2026-07-05,2b5324d4-c57f-42f7-bac8-2aec26e199cf,business-contractors-trades,08f-01
Pittsburgh Fire Stations,Pittsburgh Fire Stations,City of Pittsburgh,Western Pennsylvania Regional Data Center Open Data,Datasets,Last Modified: 2026-07-22,2026-04-27,2026-07-05,7bec7990-e46e-4cda-b595-246da73d7280,pgh-fire-stations,08f-01
High Injury Network,High Injury Network,City of Pittsburgh,Western Pennsylvania Regional Data Center Open Data,Datasets,Last Modified: 2026-07-22,2026-04-27,2026-07-05,ee23d41a-7c7d-4093-9245-b1691b7b9b4d,high-injury-network,08f-01
PGHZoningHeightOverlay,PGHZoningHeightOverlay,City of Pittsburgh,Western Pennsylvania Regional Data Center Open Data,Datasets,Last Modified: 2026-07-22,2025-06-04,2026-07-05,7123fa53-04e3-445d-9a98-ca130fc062af,pghzoningheightoverlay,08f-01
Pittsburgh Street Centerline,Pittsburgh Street Centerline,City of Pittsburgh,Western Pennsylvania Regional Data Center Open Data,Datasets,Last Modified: 2026-07-22,2025-06-04,2026-07-05,9ebd073b-f637-4f33-a7c2-619d23dd085a,pittsburgh-street-centerlines,08f-01
Ballfields PGH,Ballfields PGH,City of Pittsburgh,Western Pennsylvania Regional Data Center Open Data,Datasets,Last Modified: 2026-07-22,2023-05-21,2026-07-05,e43ad211-523f-4f7d-8f96-e65d5a10a5df,ballfields-pgh,08f-01
Parking Meters Pittsburgh Parking Authority,Parking Meters Pittsburgh Parking Authority,City of Pittsburgh,Western Pennsylvania Regional Data Center Open Data,Datasets,Last Modified: 2026-07-22,2023-05-21,2026-07-05,96d43314-a8d6-4c74-86dc-4625e1eff8e8,parking-meters-pittsburgh-parking-authority,08f-01
Pittsburgh Parking Authority Meter Areas,Pittsburgh Parking Authority Meter Areas,City of Pittsburgh,Western Pennsylvania Regional Data Center Open Data,Datasets,Last Modified: 2026-07-22,2023-05-21,2026-07-05,d3b826ab-02e9-47a2-a0bf-68a741007721,pittsburgh-parking-authority-meter-areas,08f-01
Pittsburgh CDBG Block Groups,Pittsburgh CDBG Block Groups,City of Pittsburgh,Western Pennsylvania Regional Data Center Open Data,Datasets,Last Modified: 2026-07-22,2023-05-21,2026-07-05,706febd5-e08c-425f-90bd-f1ad8af1ce0f,pittsburgh-2014-cdbg-block-groups,08f-01
Pittsburgh CDBG Census Tracts,Pittsburgh CDBG Census Tracts,City of Pittsburgh,Western Pennsylvania Regional Data Center Open Data,Datasets,Last Modified: 2026-07-22,2023-05-21,2026-07-05,bdd1b7d7-a2a8-4773-ad02-f062fda9a29e,pittsburgh-2014-cdbg-census-tracts,08f-01
Pittsburgh Watersheds,Pittsburgh Watersheds,City of Pittsburgh,Western Pennsylvania Regional Data Center Open Data,Datasets,Last Modified: 2026-07-22,2023-05-21,2026-07-05,d4492d7d-58f4-415f-9ffe-cc0152187468,pittsburgh-watersheds,08f-01
Emergency Medical Service Districts,Emergency Medical Service Districts,City of Pittsburgh,Western Pennsylvania Regional Data Center Open Data,Datasets,Last Modified: 2026-07-22,2023-05-21,2026-07-05,7bd99c7c-e824-4710-894b-73721bef6f88,emergency-medical-service-districts,08f-01
2014 FEMA Flood Zones,2014 FEMA Flood Zones,City of Pittsburgh,Western Pennsylvania Regional Data Center Open Data,Datasets,2014,2023-05-21,2026-07-05,4c9b78ee-d044-418d-97c9-130ccdcb3435,2014-fema-flood-zones,08f-01
Police Sectors,Police Sectors,City of Pittsburgh,Western Pennsylvania Regional Data Center Open Data,Datasets,Last Modified: 2026-07-22,2023-05-21,2026-07-05,8039a2c9-fc4d-464d-bb21-e43738be94cc,police-sectors,08f-01
Police Zones,Police Zones,City of Pittsburgh,Western Pennsylvania Regional Data Center Open Data,Datasets,Last Modified: 2026-07-22,2023-05-21,2026-07-05,412a036d-cf8c-4b72-8525-878b533a2641,police-zones,08f-01
Department of Public Works Street Divisions,Department of Public Works Street Divisions,City of Pittsburgh,Western Pennsylvania Regional Data Center Open Data,Datasets,Last Modified: 2026-07-22,2023-05-21,2026-07-05,e07ba390-7483-4f16-a695-0b6367ef9164,department-of-public-works-street-divisions,08f-01
Neighborhoods,Neighborhoods,City of Pittsburgh,Western Pennsylvania Regional Data Center Open Data,Datasets,Last Modified: 2026-07-22,2023-05-21,2026-07-05,e672f13d-71c4-4a66-8f38-710e75ed80a4,neighborhoods2,08f-01
Residential Permit Parking Program Areas,Residential Permit Parking Program Areas,City of Pittsburgh,Western Pennsylvania Regional Data Center Open Data,Datasets,Last Modified: 2026-07-22,2023-05-21,2026-07-05,72f4488a-9eec-4cc3-be3b-f13a8c6dc72d,residential-permit-parking-program-areas,08f-01
25% or Greater Slope,25% or Greater Slope,City of Pittsburgh,Western Pennsylvania Regional Data Center Open Data,Datasets,Last Modified: 2026-07-22,2023-05-21,2026-07-05,0f643c56-1c53-4c88-824d-3a3876c0d3a0,25-or-greater-slope,08f-01
DPW Environmental Services Divisions,DPW Environmental Services Divisions,City of Pittsburgh,Western Pennsylvania Regional Data Center Open Data,Datasets,Last Modified: 2026-07-22,2023-05-21,2026-07-05,353f0870-8e5d-43c0-91fc-85eeae66c675,dpw-environmental-services-divisions,08f-01
Undermined Areas,Undermined Areas,City of Pittsburgh,Western Pennsylvania Regional Data Center Open Data,Datasets,Last Modified: 2026-07-22,2023-05-21,2026-07-05,ea849f53-0aa9-4621-b9fb-e8dc323d3a9e,undermined-areas,08f-01
2018-to-2020 DPW Divisions,2018-to-2020 DPW Divisions,City of Pittsburgh,Western Pennsylvania Regional Data Center Open Data,Datasets,2018,2023-05-21,2026-07-05,4a86cee6-033f-41d2-bc56-6a9480819117,pittsburgh-dpw-divisions,08f-01
Fire Zones,Fire Zones,City of Pittsburgh,Western Pennsylvania Regional Data Center Open Data,Datasets,Last Modified: 2026-07-22,2023-05-21,2026-07-05,fd2f4880-e245-4c46-8071-5a364efa0abf,fire-zones,08f-01
City Council Districts,City Council Districts,City of Pittsburgh,Western Pennsylvania Regional Data Center Open Data,Datasets,Last Modified: 2026-07-22,2023-05-21,2026-07-05,8249c8b6-37c6-4849-abe7-c9abbcdf6197,city-council-districts-2012,08f-01
City Designated Individual Historic Sites,City Designated Individual Historic Sites,City of Pittsburgh,Western Pennsylvania Regional Data Center Open Data,Datasets,Last Modified: 2026-07-22,2023-05-21,2026-07-05,2ee7c48c-6fcf-407a-a8ca-477bdcfffda7,city-designated-individual-historic-sites,08f-01
Zoning,Zoning,City of Pittsburgh,Western Pennsylvania Regional Data Center Open Data,Datasets,Last Modified: 2026-07-22,2023-05-21,2026-07-05,01773197-baba-4f5e-aa77-ae87a04afafc,zoning,08f-01
Greenways,Greenways,City of Pittsburgh,Western Pennsylvania Regional Data Center Open Data,Datasets,Last Modified: 2026-07-22,2023-05-21,2026-07-05,8820c384-1424-45dd-a2bb-366a6a7c6d1b,greenways,08f-01
Wards,Wards,City of Pittsburgh,Western Pennsylvania Regional Data Center Open Data,Datasets,Last Modified: 2026-07-22,2023-05-21,2026-07-05,766bbec2-e744-408e-9c8c-a58b662b6007,wards,08f-01
Parks,Parks,City of Pittsburgh,Western Pennsylvania Regional Data Center Open Data,Datasets,Last Modified: 2026-07-22,2023-05-21,2026-07-05,e298e2ae-07c0-4aa4-a2ca-2c8db845b552,parks1,08f-01
City Designated Historic Districts,City Designated Historic Districts,City of Pittsburgh,Western Pennsylvania Regional Data Center Open Data,Datasets,Last Modified: 2026-07-22,2023-05-21,2026-07-05,8f92ae09-4cfa-4e0d-9c46-779a66d93d1e,city-designated-historic-districts,08f-01
Landslide Prone Areas,Landslide Prone Areas,City of Pittsburgh,Western Pennsylvania Regional Data Center Open Data,Datasets,Last Modified: 2026-07-22,2023-05-21,2026-07-05,6eb1be84-7abe-45c3-8a37-90db80ea6149,landslide-prone-areas,08f-01
PGHODSteps,PGHODSteps,City of Pittsburgh,Western Pennsylvania Regional Data Center Open Data,Datasets,Last Modified: 2026-07-22,2023-05-21,2026-07-05,9d35d609-e8f9-4c51-9dce-e7dd14e252d4,pghodsteps,08f-01
GTFS Archive,GTFS Archive,Pittsburgh Regional Transit,Western Pennsylvania Regional Data Center Open Data,Datasets,Last Modified: 2026-07-18,2026-03-19,2026-07-05,d0175115-c16b-48a0-b2cc-ca967b23bd40,gtfs-archive,08f-01
Allegheny County Election Results,Allegheny County Election Results,Allegheny County,Western Pennsylvania Regional Data Center Open Data,Datasets,Last Modified: 2026-07-16,2023-05-21,2026-07-05,ea85f4b5-0b95-41b8-86ee-f1e6d16fc409,election-results,08f-01
Allegheny County Toxics Release Inventory,Allegheny County Toxics Release Inventory,Allegheny County,Western Pennsylvania Regional Data Center Open Data,Datasets,Last Modified: 2026-07-16,2023-05-21,2026-07-05,2cff4c07-423a-4b61-af08-7288fbb773eb,toxic-release-inventory,08f-01
"Sidewalk to Street ""Walkability"" Ratio","Sidewalk to Street ""Walkability"" Ratio",Western Pennsylvania Regional Data Center,Western Pennsylvania Regional Data Center Open Data,Datasets,Last Modified: 2026-07-16,2023-05-21,2026-07-05,853a077d-0a31-4292-8a1d-5d60b530169b,sidewalk-to-street-walkability-ratio,08f-01
Housing Indicators,Housing Indicators,Western Pennsylvania Regional Data Center,Western Pennsylvania Regional Data Center Open Data,Datasets,Last Modified: 2026-07-16,2023-05-21,2026-07-05,3dc68ef8-02e6-43ca-8ec3-adf99b940ef6,housing-indicators,08f-01
Pennsylvania Vacant Addresses,Pennsylvania Vacant Addresses,Allegheny County,Western Pennsylvania Regional Data Center Open Data,Datasets,Last Modified: 2026-07-16,2023-05-21,2026-07-05,c5ae9638-7572-4ed9-a193-384cb2ff4d03,vacant-addresses,08f-01
Allegheny County Environmental Justice Areas,Allegheny County Environmental Justice Areas,Allegheny County,Western Pennsylvania Regional Data Center Open Data,Datasets,Last Modified: 2026-07-16,2023-05-21,2026-07-05,cc26ac21-f3b3-4cb4-bf57-90f72bf8f044,environmental-justice-census-tracts,08f-01
Allegheny County Supermarkets & Convenience Stores,Allegheny County Supermarkets & Convenience Stores,Allegheny County,Western Pennsylvania Regional Data Center Open Data,Datasets,Last Modified: 2026-07-16,2023-05-21,2026-07-05,690409e3-27e2-47a1-beed-fd600097f951,allegheny-county-supermarkets-convenience-stores,08f-01
Allegheny County Employee Salaries,Allegheny County Employee Salaries,Allegheny County,Western Pennsylvania Regional Data Center Open Data,Datasets,Last Modified: 2026-07-15,2023-05-21,2026-07-05,16e59d06-1233-4acc-924c-4651f24987ee,allegheny-county-employee-salaries,08f-01
Green Infrastructure Projects,Green Infrastructure Projects,PWSA,Western Pennsylvania Regional Data Center Open Data,Datasets,Last Modified: 2026-07-10,2023-05-21,2026-07-05,30bbb37c-ca2d-47e6-bae4-72c57272383c,green-infrastructure-projects,08f-01
Allegheny County Dog Licenses,Allegheny County Dog Licenses,Allegheny County,Western Pennsylvania Regional Data Center Open Data,Datasets,Last Modified: 2026-07-08,2023-05-21,2026-07-05,ad5bd3d6-1b53-4ed0-8cd9-157a985bd0bd,allegheny-county-dog-licenses,08f-01
Allegheny County Mortgage Foreclosure Records,Allegheny County Mortgage Foreclosure Records,Allegheny County,Western Pennsylvania Regional Data Center Open Data,Datasets,Last Modified: 2026-07-08,2023-05-21,2026-07-05,f2141a79-c0b9-4cf9-b4d2-d591b4aaa8e6,allegheny-county-mortgage-foreclosure-records,08f-01
Allegheny County Conservatorship Filings,Allegheny County Conservatorship Filings,Allegheny County,Western Pennsylvania Regional Data Center Open Data,Datasets,Last Modified: 2026-07-08,2023-05-21,2026-07-05,87a9fb10-71f9-4d99-9a51-cd5ca2c5d3d5,allegheny-county-conservatorship-filings,08f-01
Allegheny County 911 Dispatches - EMS and Fire,Allegheny County 911 Dispatches - EMS and Fire,Allegheny County,Western Pennsylvania Regional Data Center Open Data,Datasets,Last Modified: 2026-07-07,2023-05-21,2026-07-05,abba9671-a026-4270-9c83-003a1414d628,allegheny-county-911-dispatches-ems-and-fire,08f-01
"Allegheny County Tax Liens (Filings, Satisfactions, and Current Status)","Allegheny County Tax Liens (Filings, Satisfactions, and Current Status)",Allegheny County,Western Pennsylvania Regional Data Center Open Data,Datasets,Last Modified: 2026-07-07,2023-05-21,2026-07-05,22fe57da-f5b8-4c52-90ea-b10591a66f90,allegheny-county-tax-liens-filed-and-satisfied,08f-01
Allegheny County Property Assessments,Allegheny County Property Assessments,Allegheny County,Western Pennsylvania Regional Data Center Open Data,Datasets,Last Modified: 2026-07-07,2023-05-21,2026-07-05,2b3df818-601e-4f06-b150-643557229491,property-assessments,08f-01
Monthly Criminal Activity,Monthly Criminal Activity,City of Pittsburgh,Western Pennsylvania Regional Data Center Open Data,Datasets,Last Modified: 2026-07-06,2025-04-07,2026-07-05,65e69ee3-93b2-4f7a-b9cb-8ce977f15d9a,monthly-criminal-activity-dashboard,08f-01
Pittsburgh Police Arrests (2024-2026),Pittsburgh Police Arrests (2024-2026),City of Pittsburgh,Western Pennsylvania Regional Data Center Open Data,Datasets,2024-2026,2025-04-09,2026-07-05,b62e8c3f-f40e-4b3f-9c60-82509bc397fb,pbp_arrest_data_2024_2025,08f-01
POGOH Trip Data,POGOH Trip Data,POGOH,Western Pennsylvania Regional Data Center Open Data,Datasets,Last Modified: 2026-07-03,2023-05-21,2026-07-05,f376ccbc-c851-4b58-8b59-5dd9edc736ee,pogoh-trip-data,08f-01
Allegheny County Farmers Market Nutrition Program,Allegheny County Farmers Market Nutrition Program,Allegheny County,Western Pennsylvania Regional Data Center Open Data,Datasets,Last Modified: 2026-07-01,2023-05-21,2026-07-05,5706fa23-87f6-4757-be8a-bcfc0b677e01,allegheny-county-farmers-markets-locations,08f-01
Smart Trash Containers,Smart Trash Containers,City of Pittsburgh,Western Pennsylvania Regional Data Center Open Data,Datasets,Last Modified: 2026-06-30,2023-05-21,2026-07-05,b1282e47-6a70-4f18-98df-f081e7406e34,smart-trash-containers,08f-01
Allegheny County Finished Property Assessment Appeals,Allegheny County Finished Property Assessment Appeals,Allegheny County,Western Pennsylvania Regional Data Center Open Data,Datasets,Last Modified: 2026-06-22,2023-05-21,2026-07-05,2019f508-2708-4dca-a0d5-cb82c1840c7d,allegheny-county-property-assessment-appeals,08f-01
"Applications for Development, ACCD","Applications for Development, ACCD",Allegheny County Conservation District,Western Pennsylvania Regional Data Center Open Data,Datasets,Last Modified: 2026-06-10,2023-12-07,2026-07-05,feabba77-47ab-404d-9d77-20b9ffad9458,applications-for-development-accd,08f-01
"Implemented Stormwater Control Measures, ACCD","Implemented Stormwater Control Measures, ACCD",Allegheny County Conservation District,Western Pennsylvania Regional Data Center Open Data,Datasets,Last Modified: 2026-06-10,2023-12-07,2026-07-05,c925a742-96bc-4323-99fd-98ff8d446695,implemented-stormwater-control-measures-accd-points,08f-01
Pittsburgh Regional Transit Monthly Average Ridership by Route,Pittsburgh Regional Transit Monthly Average Ridership by Route,Pittsburgh Regional Transit,Western Pennsylvania Regional Data Center Open Data,Datasets,Last Modified: 2026-06-09,2023-05-21,2026-07-05,e6c089da-43d1-439b-92fc-e500d6fb5e73,prt-monthly-average-ridership-by-route,08f-01
PRT Monthly On Time Performance by Route,PRT Monthly On Time Performance by Route,Pittsburgh Regional Transit,Western Pennsylvania Regional Data Center Open Data,Datasets,Last Modified: 2026-06-09,2023-05-21,2026-07-05,b8b5fee7-2281-4426-a68e-2e05c6dec365,port-authority-monthly-average-on-time-performance-by-route,08f-01
2009-13 and 2019-23 American Community Survey estimates for City of Pittsburgh neighborhoods,2009-13 and 2019-23 American Community Survey estimates for City of Pittsburgh neighborhoods,University of Pittsburgh,Western Pennsylvania Regional Data Center Open Data,Datasets,2009,2025-01-02,2026-07-05,007c3ea8-3f76-4b26-8a09-a14811abf12e,2009-13-and-2019-23-american-community-survey-estimates-for-city-of-pittsburgh-neighborhoods,08f-01
POGOH Station Locations,POGOH Station Locations,POGOH,Western Pennsylvania Regional Data Center Open Data,Datasets,Last Modified: 2026-06-07,2023-05-21,2026-07-05,40af8f91-000b-4e75-8ed1-9530360258d2,station-locations,08f-01
IRISE Regional Landslide Inventory for Southwestern Pennsylvania,IRISE Regional Landslide Inventory for Southwestern Pennsylvania,University of Pittsburgh,Western Pennsylvania Regional Data Center Open Data,Datasets,Last Modified: 2026-05-29,2025-02-05,2026-07-05,42a2155f-edf2-4baf-bac9-6d3e77c4a463,irise-regional-landslide-inventory-for-southwestern-pennsylvania,08f-01
Parking Purchases (historical),Parking Purchases (historical),Pittsburgh Parking Authority,Western Pennsylvania Regional Data Center Open Data,Datasets,Last Modified: 2026-05-29,2023-05-21,2026-07-05,e87ccf87-90f6-4023-ba4e-5a2f58793a72,parking-purchases,08f-01
City Revenues and Expenses,City Revenues and Expenses,City of Pittsburgh,Western Pennsylvania Regional Data Center Open Data,Datasets,Last Modified: 2026-05-29,2023-05-21,2026-07-05,846f028b-bcc3-45e0-b939-255cffca5f5e,city-revenues-and-expenses,08f-01
Weekly Pennsylvania COVID-19 Vaccinations Stats Archive (archived),Weekly Pennsylvania COVID-19 Vaccinations Stats Archive (archived),Western Pennsylvania Regional Data Center,Western Pennsylvania Regional Data Center Open Data,Datasets,Last Modified: 2026-05-21,2023-05-21,2026-07-05,78dfb4f8-2ad5-4a7c-af4c-a5982e475a8a,weekly-pennsylvania-covid-19-vaccinations-stats-archive,08f-01
"Allegheny County Public Swimming Pool, Hot Tub, and Spa Inspections","Allegheny County Public Swimming Pool, Hot Tub, and Spa Inspections",Allegheny County,Western Pennsylvania Regional Data Center Open Data,Datasets,Last Modified: 2026-05-21,2023-05-21,2026-07-05,f00f803d-78e3-44fd-80b3-c3fb2cd3003a,allegheny-county-public-swimming-pool-hot-tub-and-spa-inspections,08f-01
Pittsburgh Fish Fry Locations,Pittsburgh Fish Fry Locations,Western Pennsylvania Regional Data Center,Western Pennsylvania Regional Data Center Open Data,Datasets,Last Modified: 2026-05-20,2023-05-21,2026-07-05,682daad1-6d3a-45d3-8710-6c961146e19b,pittsburgh-fish-fry-map,08f-01
City of Pittsburgh Permit Summary (archive),City of Pittsburgh Permit Summary (archive),City of Pittsburgh,Western Pennsylvania Regional Data Center Open Data,Datasets,Last Modified: 2026-05-20,2023-05-21,2026-07-05,9c4eab3b-e05d-4af8-ad18-76e4c1a71a74,city-of-pittsburgh-building-permit-summary,08f-01
211 Service Requests,211 Service Requests,United Way of Southwestern Pennsylvania,Western Pennsylvania Regional Data Center Open Data,Datasets,Last Modified: 2026-05-19,2023-05-21,2026-07-05,4e5ae9e1-36b8-45b6-98ad-6b50f4be099c,211-requests,08f-01
Allegheny County Elevated Blood Lead Level Rates,Allegheny County Elevated Blood Lead Level Rates,Allegheny County,Western Pennsylvania Regional Data Center Open Data,Datasets,Last Modified: 2026-05-19,2023-05-21,2026-07-05,26a17866-0b8b-4eb6-bc0c-6ebcfdd19741,allegheny-county-elevated-blood-lead-level-rates,08f-01
City of Pittsburgh Facilities,City of Pittsburgh Facilities,City of Pittsburgh,Western Pennsylvania Regional Data Center Open Data,Datasets,Last Modified: 2026-05-17,2023-05-21,2026-07-05,e33e12d9-1268-45ed-ae47-ae3a76dcc0aa,city-of-pittsburgh-facilities,08f-01
Playground Equipment,Playground Equipment,City of Pittsburgh,Western Pennsylvania Regional Data Center Open Data,Datasets,Last Modified: 2026-05-17,2023-05-21,2026-07-05,4b9c5947-5645-4dbc-a7b6-eb323418fe02,playground-equipment,08f-01
City of Pittsburgh Speed Humps,City of Pittsburgh Speed Humps,City of Pittsburgh,Western Pennsylvania Regional Data Center Open Data,Datasets,Last Modified: 2026-05-17,2023-05-21,2026-07-05,a4007e33-9db4-4832-a022-4922415f9fff,city-of-pittsburgh-speed-humps,08f-01
City of Pittsburgh Traffic Count,City of Pittsburgh Traffic Count,City of Pittsburgh,Western Pennsylvania Regional Data Center Open Data,Datasets,Last Modified: 2026-05-17,2023-05-21,2026-07-05,a45d5ee0-c7d2-4663-a153-8434e1a26779,traffic-count-data-city-of-pittsburgh,08f-01
Pittsburgh Police Firearm Seizures,Pittsburgh Police Firearm Seizures,City of Pittsburgh,Western Pennsylvania Regional Data Center Open Data,Datasets,Last Modified: 2026-05-12,2023-05-21,2026-07-05,95892fd6-fb4d-4494-9b01-671104fee7fa,pbp-fire-arm-seizures,08f-01
Fire Incidents in City of Pittsburgh,Fire Incidents in City of Pittsburgh,City of Pittsburgh,Western Pennsylvania Regional Data Center Open Data,Datasets,Last Modified: 2026-05-11,2023-05-21,2026-07-05,71416810-5f4c-4174-9b66-d1baaf5f01b4,fire-incidents-in-city-of-pittsburgh,08f-01
Police Incident Blotter (30 Day),Police Incident Blotter (30 Day),City of Pittsburgh,Western Pennsylvania Regional Data Center Open Data,Datasets,Last Modified: 2026-05-11,2023-05-21,2026-07-05,046e5b6a-0f90-4f8e-8c16-14057fd8872e,police-incident-blotter,08f-01
ACDBE/DBE Certified Businesses by the Department of Equity and Inclusion (DEI),ACDBE/DBE Certified Businesses by the Department of Equity and Inclusion (DEI),Allegheny County,Western Pennsylvania Regional Data Center Open Data,Datasets,Last Modified: 2026-05-09,2023-05-21,2026-07-05,f2deaf21-1a73-4bf7-a6a2-d2e8ea1f2b18,allegheny-county-certified-mwdbe-businesses,08f-01
Allegheny County Human Services Community Profiles,Allegheny County Human Services Community Profiles,Allegheny County,Western Pennsylvania Regional Data Center Open Data,Datasets,Last Modified: 2026-05-08,2023-05-21,2026-07-05,3f5b398f-ac2b-428c-b033-0f11935e16d1,allegheny-county-human-services-community-profiles,08f-01
Housing Choice Vouchers - Housing Authority of the City of Pittsburgh,Housing Choice Vouchers - Housing Authority of the City of Pittsburgh,Housing Authority of the City of Pittsburgh,Western Pennsylvania Regional Data Center Open Data,Datasets,Last Modified: 2026-04-27,2023-05-21,2026-07-05,d4bbfe61-1c91-4ddf-a274-726771148007,housing-choice-vouchers-housing-authority-of-the-city-of-pittsburgh,08f-01
BikePGH's Pittsburgh Bike Map Geographic Data,BikePGH's Pittsburgh Bike Map Geographic Data,BikePGH,Western Pennsylvania Regional Data Center Open Data,Datasets,Last Modified: 2026-04-21,2023-05-21,2026-07-05,88550525-db51-4fa2-9418-b23c1329d6e6,shape-files-for-bikepgh-s-pittsburgh-bike-map,08f-01
Allegheny County Greenways (2008),Allegheny County Greenways (2008),Allegheny County,Western Pennsylvania Regional Data Center Open Data,Datasets,2008,2023-05-21,2026-07-05,4a3664df-38a0-4e06-9751-310ba05f7f0a,allegheny-county-greenways,08f-01
Landslides,Landslides,Western Pennsylvania Regional Data Center,Western Pennsylvania Regional Data Center Open Data,Datasets,Last Modified: 2026-04-21,2023-05-21,2026-07-05,7db7daf4-1fcc-4ad6-ad5e-6ed21a45b154,landslides,08f-01
Allegheny County Landslide Portal Archive,Allegheny County Landslide Portal Archive,Allegheny County,Western Pennsylvania Regional Data Center Open Data,Datasets,Last Modified: 2026-03-25,2026-02-19,2026-07-05,f7c1d5c6-b9d9-4cb7-b9be-e39ba5f9dc0b,landslide-portal-archive,08f-01
Public Water Supplier Service Areas,Public Water Supplier Service Areas,Western Pennsylvania Regional Data Center,Western Pennsylvania Regional Data Center Open Data,Datasets,Last Modified: 2026-03-20,2025-08-20,2026-07-05,a917bd77-69b0-4ac7-8304-73b4dcc65d61,pa-public-water-systems,08f-01
Pittsburgh Zoning Map 1967,Pittsburgh Zoning Map 1967,Details Reviewed,Western Pennsylvania Regional Data Center Open Data,Datasets,1967,2026-01-12,2026-07-05,a946ffe7-2900-42d3-8916-6b0e10f0e415,pgh-zoning-1967,08f-01
Pittsburgh Development Map 1969-1974,Pittsburgh Development Map 1969-1974,Details Reviewed,Western Pennsylvania Regional Data Center Open Data,Datasets,1969-1974,2026-01-12,2026-07-05,bc921927-c085-4303-89de-8f520ffdc6ab,pgh-development-1969-1974,08f-01
Pittsburgh Zoning Map 1927,Pittsburgh Zoning Map 1927,Details Reviewed,Western Pennsylvania Regional Data Center Open Data,Datasets,1927,2026-01-12,2026-07-05,2706f171-3803-4ee4-bbf7-b8e9014ce490,pgh-zoning-1927,08f-01
Pittsburgh Wards Map,Pittsburgh Wards Map,City of Pittsburgh,Western Pennsylvania Regional Data Center Open Data,Datasets,Last Modified: 2026-03-03,2023-05-21,2026-07-05,edf7a2fe-1fd8-436f-afde-2edc867bc8ff,pittsburgh-wards-map,08f-01
Pittsburgh Zoning Map 1958,Pittsburgh Zoning Map 1958,Details Reviewed,Western Pennsylvania Regional Data Center Open Data,Datasets,1958,2026-01-12,2026-07-05,c644fd38-0efb-4e47-896a-886d44d92056,pgh-zoning-1958,08f-01
Non-Traffic Citations,Non-Traffic Citations,City of Pittsburgh,Western Pennsylvania Regional Data Center Open Data,Datasets,Last Modified: 2026-02-17,2023-05-21,2026-07-05,8a83b3f0-d228-4960-9fdf-80560520b4be,non-traffic-citations,08f-01
Police Incident Blotter (Archived),Police Incident Blotter (Archived),City of Pittsburgh,Western Pennsylvania Regional Data Center Open Data,Datasets,Last Modified: 2026-02-17,2023-05-21,2026-07-05,5e6711a3-90e5-457d-8c73-445fb5f363e2,uniform-crime-reporting-data,08f-01
Pittsburgh Police Arrest Data (archived),Pittsburgh Police Arrest Data (archived),City of Pittsburgh,Western Pennsylvania Regional Data Center Open Data,Datasets,Last Modified: 2026-02-17,2023-05-21,2026-07-05,d809c36f-28fe-40e6-a33e-796f15c66a69,arrest-data,08f-01
WPRDC Statistics (archived),WPRDC Statistics (archived),Western Pennsylvania Regional Data Center,Western Pennsylvania Regional Data Center Open Data,Datasets,Last Modified: 2026-02-17,2023-05-21,2026-07-05,b114c5e3-6e59-448a-b160-ed71f55b94d1,wprdc-statistics,08f-01
LEGO Diorama Images,LEGO Diorama Images,Western Pennsylvania Regional Data Center,Western Pennsylvania Regional Data Center Open Data,Datasets,Last Modified: 2026-01-15,2023-05-21,2026-07-05,f228a99c-acc4-4fda-9182-a59d42739b01,lego-diorama-images,08f-01
Test Pgh Today Vacancy Rate Housing,Test Pgh Today Vacancy Rate Housing,Western Pennsylvania Regional Data Center,Western Pennsylvania Regional Data Center Open Data,Datasets,Last Modified: 2026-01-15,2023-05-21,2026-07-05,2ecd2568-5e1d-4384-aa59-c1d75520a15c,test-pgh-today-vacancy-rate-housing,08f-01
311 Data Archive,311 Data Archive,City of Pittsburgh,Western Pennsylvania Regional Data Center Open Data,Datasets,Last Modified: 2025-12-19,2023-05-21,2026-07-05,a8f7a1c2-7d4d-4daa-bc30-b866855f0419,311-data,08f-01
Allegheny County Traffic Counts (archived),Allegheny County Traffic Counts (archived),Allegheny County,Western Pennsylvania Regional Data Center Open Data,Datasets,Last Modified: 2025-12-16,2023-05-21,2026-07-05,5d4809dd-3d2d-40c7-aa3b-da53925bf62b,allegheny-county-traffic-counts,08f-01
City of Pittsburgh Trees,City of Pittsburgh Trees,City of Pittsburgh,Western Pennsylvania Regional Data Center Open Data,Datasets,Last Modified: 2025-12-12,2023-05-21,2026-07-05,9ce31f01-1dfa-4a14-9969-a5c5507a4b40,city-trees,08f-01
Allegheny County PA House of Representative Districts,Allegheny County PA House of Representative Districts,Allegheny County,Western Pennsylvania Regional Data Center Open Data,Datasets,Last Modified: 2025-12-03,2023-05-21,2026-07-05,a95a1fbd-928f-40b5-b561-16183eacbc26,allegheny-county-pa-house-of-representative-districts,08f-01
Allegheny County-Owned Bridges Points,Allegheny County-Owned Bridges Points,Allegheny County,Western Pennsylvania Regional Data Center Open Data,Datasets,Last Modified: 2025-12-01,2023-05-21,2026-07-05,66b6bc87-586d-44de-9c8e-8df26a5f1083,allegheny-county-owned-bridges-points,08f-01
3RWW Green Infrastructure Inventory (archived),3RWW Green Infrastructure Inventory (archived),3 Rivers Wet Weather,Western Pennsylvania Regional Data Center Open Data,Datasets,Last Modified: 2025-11-24,2023-05-21,2026-07-05,097c70b6-d5d3-434b-af90-23c8b1a99bfb,3rww-green-infrastructure-inventory,08f-01
Allegheny County Public Schools / Local Education Agency (LEAs) Locations (archived),Allegheny County Public Schools / Local Education Agency (LEAs) Locations (archived),Allegheny County,Western Pennsylvania Regional Data Center Open Data,Datasets,Last Modified: 2025-11-21,2023-05-21,2026-07-05,ed485f75-044f-4614-b35d-65ff73dc46c3,allegheny-county-public-schools-local-education-agency-leas-locations,08f-01
Allegheny County Private Schools Locations (archived),Allegheny County Private Schools Locations (archived),Allegheny County,Western Pennsylvania Regional Data Center Open Data,Datasets,Last Modified: 2025-11-21,2023-05-21,2026-07-05,2a0c1b95-6154-4a67-8074-ad3d5c67ada1,allegheny-county-private-schools-locations,08f-01
Allegheny County Voting District Boundaries Ward District Labels (archive),Allegheny County Voting District Boundaries Ward District Labels (archive),Allegheny County,Western Pennsylvania Regional Data Center Open Data,Datasets,Last Modified: 2025-11-21,2023-05-21,2026-07-05,8f294d6e-d3f6-491d-98d3-75eaa23e1d8b,allegheny-county-voting-district-boundaries-ward-district-labels,08f-01
Capital Budget Deliberation Survey Responses 2019-2020 (Archived data),Capital Budget Deliberation Survey Responses 2019-2020 (Archived data),City of Pittsburgh,Western Pennsylvania Regional Data Center Open Data,Datasets,2019-2020,2023-05-21,2026-07-05,a8a7b82a-8fd9-41b1-a99b-46016a6597cc,2019-capital-budget-deliberation-survey-responses,08f-01
"Allegheny County COVID-19 Tests, Cases and Deaths (Archived)","Allegheny County COVID-19 Tests, Cases and Deaths (Archived)",Allegheny County,Western Pennsylvania Regional Data Center Open Data,Datasets,Last Modified: 2025-11-21,2020-08-14,2026-07-05,80e0ca5d-c88a-4b1a-bf5d-51d0aaeeac86,allegheny-county-covid-19-tests-cases-and-deaths,08f-01
Current Bike Availability by Station (archived),Current Bike Availability by Station (archived),Healthy Ride,Western Pennsylvania Regional Data Center Open Data,Datasets,Last Modified: 2025-11-21,2023-05-21,2026-07-05,2ce8b891-4470-43ba-a11c-46ba14e2f355,current-bike-availability-by-station,08f-01
BigBurgh Social Service Listings (archived),BigBurgh Social Service Listings (archived),City of Pittsburgh,Western Pennsylvania Regional Data Center Open Data,Datasets,Last Modified: 2025-11-21,2023-05-21,2026-07-05,6e683016-0b93-4776-9d9f-caa03e94edc2,bigburgh-social-service-listings,08f-01
Healthy Ride Stations (archived),Healthy Ride Stations (archived),Healthy Ride,Western Pennsylvania Regional Data Center Open Data,Datasets,Last Modified: 2025-11-21,2023-05-21,2026-07-05,4451c1c7-93ad-4fb1-9e60-323da936e63f,healthyride-stations,08f-01
Healthy Ride Trip Data (archived),Healthy Ride Trip Data (archived),Healthy Ride,Western Pennsylvania Regional Data Center Open Data,Datasets,Last Modified: 2025-11-21,2023-05-21,2026-07-05,bfbaa051-677c-445f-95c5-f9ca129accd4,healthyride-trip-data,08f-01
Parcel-level Lead Hazard Data,Parcel-level Lead Hazard Data,Western Pennsylvania Regional Data Center,Western Pennsylvania Regional Data Center Open Data,Datasets,Last Modified: 2025-10-22,2025-09-23,2026-07-05,445f20bf-f543-4575-bf78-004fba351d9c,lead-risk,08f-01
ACED Allegheny Home Improvement Loan Program (AHILP),ACED Allegheny Home Improvement Loan Program (AHILP),Allegheny County,Western Pennsylvania Regional Data Center Open Data,Datasets,Last Modified: 2025-09-23,2023-05-21,2026-07-05,0c165d14-32ff-498b-b0d8-e31a0c7c8a3f,aced-allegheny-home-improvement-loan-program-ahilp,08f-01
Internet Accessibility in Pennsylvania,Internet Accessibility in Pennsylvania,Western Pennsylvania Regional Data Center,Western Pennsylvania Regional Data Center Open Data,Datasets,Last Modified: 2025-09-03,2025-02-10,2026-07-05,e464669e-4271-4a03-ac31-74c3c1eb583a,internet-accessibility-in-pennsylvania,08f-01
2021 Census Boundaries,2021 Census Boundaries,Western Pennsylvania Regional Data Center,Western Pennsylvania Regional Data Center Open Data,Datasets,2021,2024-06-05,2026-07-05,78b91061-5976-49f8-9e4e-b0c1b9a7a401,2020-census-boundaries,08f-01
"Redlining Maps from the Home Owners Loan Corporation, 1937","Redlining Maps from the Home Owners Loan Corporation, 1937",Western Pennsylvania Regional Data Center,Western Pennsylvania Regional Data Center Open Data,Datasets,1937,2023-05-21,2026-07-05,904294e5-ba3f-47f0-9e68-e7ede3ba6b33,redlining-maps-from-the-home-owners-loan-corporation,08f-01
Housing Market Value Analysis 2021,Housing Market Value Analysis 2021,Allegheny County,Western Pennsylvania Regional Data Center Open Data,Datasets,2021,2023-05-21,2026-07-05,f669d677-c9e2-4d2f-b16f-c9ab5a4f3d10,market-value-analysis-2021,08f-01
Allegheny County Crash Data,Allegheny County Crash Data,Allegheny County,Western Pennsylvania Regional Data Center Open Data,Datasets,Last Modified: 2025-07-07,2023-05-21,2026-07-05,3130f583-9499-472b-bb5a-f63a6ff6059a,allegheny-county-crash-data,08f-01
Allegheny County Farmers Markets Locations (2017),Allegheny County Farmers Markets Locations (2017),Allegheny County,Western Pennsylvania Regional Data Center Open Data,Datasets,2017,2023-05-21,2026-07-05,097b4123-6586-49df-af21-5b0f1a28372c,allegheny-county-farmers-markets-locations-2017,08f-01
Allegheny County Building Footprint Locations,Allegheny County Building Footprint Locations,Allegheny County,Western Pennsylvania Regional Data Center Open Data,Datasets,Last Modified: 2025-04-07,2023-05-21,2026-07-05,926d9afe-ea94-4211-9623-d9ad52fd0778,allegheny-county-building-footprint-locations,08f-01
Allegheny County Property Viewer,Allegheny County Property Viewer,Allegheny County,Western Pennsylvania Regional Data Center Open Data,Datasets,Last Modified: 2025-04-07,2023-05-21,2026-07-05,a38c099f-d133-4e9f-9a06-6cd07a777936,http-alcogis-maps-arcgis-com-apps-webappviewer-index-html-id-b4b1dbb65b4943538425bb5ae0f8f62b,08f-01
Allegheny County PA Senate Districts,Allegheny County PA Senate Districts,Allegheny County,Western Pennsylvania Regional Data Center Open Data,Datasets,Last Modified: 2025-04-07,2023-05-21,2026-07-05,72b9aef0-d9f1-453b-905b-200e8725ddc7,allegheny-county-pa-senate-districts,08f-01
Allegheny County TIF Exclusions,Allegheny County TIF Exclusions,Allegheny County,Western Pennsylvania Regional Data Center Open Data,Datasets,Last Modified: 2025-04-07,2023-05-21,2026-07-05,61da498f-8a6e-4754-b8e8-67c25fd8ea05,allegheny-county-tif-exclusions,08f-01
Allegheny County Block Areas,Allegheny County Block Areas,Allegheny County,Western Pennsylvania Regional Data Center Open Data,Datasets,Last Modified: 2025-04-07,2023-05-21,2026-07-05,31d1d279-7f81-466d-8aca-83a78719eaf8,allegheny-county-block-areas,08f-01
Allegheny County Pennsylvania House of Representatives District Boundaries,Allegheny County Pennsylvania House of Representatives District Boundaries,Allegheny County,Western Pennsylvania Regional Data Center Open Data,Datasets,Last Modified: 2025-04-07,2023-05-21,2026-07-05,c725355a-d52b-415b-b02f-5cb5291a5298,allegheny-county-pennsylvania-house-of-representatives-district-boundaries,08f-01
Allegheny County Pennsylvania U.S. Legislative Congressional District Boundaries,Allegheny County Pennsylvania U.S. Legislative Congressional District Boundaries,Allegheny County,Western Pennsylvania Regional Data Center Open Data,Datasets,Last Modified: 2025-04-07,2023-05-21,2026-07-05,c2c77da0-0056-405c-afe6-cb1a61bdec56,allegheny-county-pennsylvania-u-s-legislative-congressional-district-boundaries,08f-01
Waste Recovery Locations,Waste Recovery Locations,City of Pittsburgh,Western Pennsylvania Regional Data Center Open Data,Datasets,Last Modified: 2025-03-27,2023-05-21,2026-07-05,10dd50cf-bf29-4268-83e2-debcacea7885,waste-recovery-locations,08f-01
Parcel Centroids in Allegheny County with Geographic Identifiers,Parcel Centroids in Allegheny County with Geographic Identifiers,Western Pennsylvania Regional Data Center,Western Pennsylvania Regional Data Center Open Data,Datasets,Last Modified: 2025-03-07,2023-05-21,2026-07-05,2536e5e2-253b-4c58-969d-687828bb94c6,parcel-centroids-in-allegheny-county-with-geographic-identifiers,08f-01
Capital Projects,Capital Projects,City of Pittsburgh,Western Pennsylvania Regional Data Center Open Data,Datasets,Last Modified: 2024-09-20,2023-05-21,2026-07-05,b0bfd969-d300-4117-8c85-fc9907a501dc,capital-projects,08f-01
Lots To Love,Lots To Love,Grounded,Western Pennsylvania Regional Data Center Open Data,Datasets,Last Modified: 2024-08-15,2023-05-21,2026-07-05,b066dddd-da11-4599-a64a-176d61bd3003,lots-to-love,08f-01
Comparison of 2008-2012 and 2018-2022 American Community Survey estimates for the City of Pittsburgh and neighborhoods,Comparison of 2008-2012 and 2018-2022 American Community Survey estimates for the City of Pittsburgh and neighborhoods,University of Pittsburgh,Western Pennsylvania Regional Data Center Open Data,Datasets,2008-2012,2024-07-17,2026-07-05,fd29df0b-07c0-4e97-926e-d781dd1f8a8d,ucsur_neighborhoodprofiles_2024,08f-01
Parking Reduction Zoning Overlay,Parking Reduction Zoning Overlay,City of Pittsburgh,Western Pennsylvania Regional Data Center Open Data,Datasets,Last Modified: 2024-07-12,2023-05-21,2026-07-05,ffb63b59-1412-4037-8209-4e6541d7e781,parking-reduction-zoning-overlay,08f-01
On-road Bicycle Pavement Markings,On-road Bicycle Pavement Markings,BikePGH,Western Pennsylvania Regional Data Center Open Data,Datasets,Last Modified: 2024-07-10,2023-05-21,2026-07-05,407de508-f9dc-4e39-94ed-aeadceddcaea,on-road-bicycle-pavement-markings,08f-01
All In Allegheny Community Survey,All In Allegheny Community Survey,Allegheny County,Western Pennsylvania Regional Data Center Open Data,Datasets,Last Modified: 2024-07-10,2024-03-28,2026-07-05,ff93ac72-a9a0-4c2f-93ca-27edfd78c02a,all-in-allegheny-community-survey,08f-01
Pittsburgh American Community Survey 2014 - Miscellaneous Data,Pittsburgh American Community Survey 2014 - Miscellaneous Data,City of Pittsburgh,Western Pennsylvania Regional Data Center Open Data,Datasets,2014,2023-05-21,2026-07-05,c6265ffb-c86e-4a2c-870b-1aaa0772c449,pittsburgh-american-community-survey-2014-miscellaneous-data,08f-01
Pittsburgh American Community Survey 2015 - Miscellaneous Data,Pittsburgh American Community Survey 2015 - Miscellaneous Data,City of Pittsburgh,Western Pennsylvania Regional Data Center Open Data,Datasets,2015,2023-05-21,2026-07-05,5b18c198-474c-4723-b735-cc5220ad43cc,pittsburgh-american-community-survey-2015-miscellaneous-data,08f-01
Pittsburgh American Community Survey Census Data 2014 - Sex by Occupation,Pittsburgh American Community Survey Census Data 2014 - Sex by Occupation,City of Pittsburgh,Western Pennsylvania Regional Data Center Open Data,Datasets,2014,2023-05-21,2026-07-05,378e4a6c-550c-4e9c-bfb5-ca73c1c29cc7,pittsburgh-american-community-survey-census-data,08f-01
Pittsburgh Index Map,Pittsburgh Index Map,City of Pittsburgh,Western Pennsylvania Regional Data Center Open Data,Datasets,Last Modified: 2024-06-28,2023-05-21,2026-07-05,fe326229-f773-42a4-a3e0-6f154d082964,pittsburgh-index-map,08f-01
City of Pittsburgh Parks,City of Pittsburgh Parks,City of Pittsburgh,Western Pennsylvania Regional Data Center Open Data,Datasets,Last Modified: 2024-06-28,2023-05-21,2026-07-05,874bb5ef-e001-4553-94db-57303b439fb0,parks,08f-01
Public Works - Block Party Summary,Public Works - Block Party Summary,City of Pittsburgh,Western Pennsylvania Regional Data Center Open Data,Datasets,Last Modified: 2024-06-28,2023-05-21,2026-07-05,cfaffd5c-ab5a-42fd-83ae-2411e376ae0c,public-works-block-party-summary,08f-01
Municipal Building Energy Usage,Municipal Building Energy Usage,City of Pittsburgh,Western Pennsylvania Regional Data Center Open Data,Datasets,Last Modified: 2024-06-28,2023-05-21,2026-07-05,7b8896c5-867d-428d-a2e3-bdb732655846,municipal-building-energy-usage,08f-01
Library Locations,Library Locations,Carnegie Library of Pittsburgh,Western Pennsylvania Regional Data Center Open Data,Datasets,Last Modified: 2024-06-28,2023-05-21,2026-07-05,5d52127f-3606-4ed9-a019-1daf4381902a,libraries,08f-01
Synthetic Integrated Services Data,Synthetic Integrated Services Data,Allegheny County,Western Pennsylvania Regional Data Center Open Data,Datasets,Last Modified: 2024-06-25,2023-06-14,2026-07-05,13367213-102c-4ff8-9a41-12fda20c16db,synthetic-integrated-services-data,08f-01
Allegheny County COVID-19 Vaccinations (Archive),Allegheny County COVID-19 Vaccinations (Archive),Allegheny County,Western Pennsylvania Regional Data Center Open Data,Datasets,Last Modified: 2024-06-20,2022-01-07,2026-07-05,dcda1c91-0234-452c-89a4-9e5402414ed7,allegheny-county-covid-19-vaccinations,08f-01
Pittsburgh City Boundary,Pittsburgh City Boundary,City of Pittsburgh,Western Pennsylvania Regional Data Center Open Data,Datasets,Last Modified: 2024-06-17,2023-05-21,2026-07-05,ebfb03b2-4cf0-4423-8041-a8ec923ceb7c,pittsburgh-city-boundary,08f-01
Neighborhoods with SNAP Data,Neighborhoods with SNAP Data,City of Pittsburgh,Western Pennsylvania Regional Data Center Open Data,Datasets,Last Modified: 2024-06-17,2023-05-21,2026-07-05,cac22c7f-3f42-441a-9d4e-2db9bce2e2ff,neighborhoods-with-snap-data,08f-01
Pittsburgh SNAP Census Data,Pittsburgh SNAP Census Data,City of Pittsburgh,Western Pennsylvania Regional Data Center Open Data,Datasets,Last Modified: 2024-06-17,2023-05-21,2026-07-05,40188e1c-6d2e-4f20-9391-607bd3054949,pgh,08f-01
Pittsburgh Map,Pittsburgh Map,City of Pittsburgh,Western Pennsylvania Regional Data Center Open Data,Datasets,Last Modified: 2024-06-17,2023-05-21,2026-07-05,f45290dd-b5b8-41b7-86c3-b1840dcda290,pittsburgh-map,08f-01
Pittsburgh Steps Map,Pittsburgh Steps Map,City of Pittsburgh,Western Pennsylvania Regional Data Center Open Data,Datasets,Last Modified: 2024-06-17,2023-05-21,2026-07-05,e0b3530a-b5d3-45a2-98a2-10691be491c8,pittsburgh-steps,08f-01
2011-2024 City of Pittsburgh Operating Budget,2011-2024 City of Pittsburgh Operating Budget,City of Pittsburgh,Western Pennsylvania Regional Data Center Open Data,Datasets,2011-2024,2023-05-21,2026-07-05,72a71398-3033-4f39-832b-f7022f7ecc72,city-pittsburgh-operating-budget,08f-01
1984 Community Profiles: A Descriptive Picture of Communities in Allegheny County,1984 Community Profiles: A Descriptive Picture of Communities in Allegheny County,University of Pittsburgh,Western Pennsylvania Regional Data Center Open Data,Datasets,1984,2023-05-21,2026-07-05,9bec1794-2606-4666-81f0-3d38e148f40f,1984-community-profiles-a-descriptive-picture-of-communities-in-allegheny-county,08f-01
"Pittsburgh Neighborhood Atlas, 1977","Pittsburgh Neighborhood Atlas, 1977",University of Pittsburgh,Western Pennsylvania Regional Data Center Open Data,Datasets,1977,2023-05-21,2026-07-05,9c7da6cf-7492-4ffc-865d-10945a37232a,pittsburgh-neighborhood-atlas-1977,08f-01
MovePGH Project Map,MovePGH Project Map,City of Pittsburgh,Western Pennsylvania Regional Data Center Open Data,Datasets,Last Modified: 2024-06-17,2023-05-21,2026-07-05,9bd7cbbf-a2ee-472b-8d76-a52382327c11,movepgh-project-map,08f-01
Allegheny County Air Quality Emissions Inventory,Allegheny County Air Quality Emissions Inventory,Allegheny County,Western Pennsylvania Regional Data Center Open Data,Datasets,Last Modified: 2024-06-13,2023-07-20,2026-07-05,27230c28-622b-4be0-b7f7-7f5e27614d64,emissions-inventory,08f-01
Snow Plow Activity (2018-2020),Snow Plow Activity (2018-2020),City of Pittsburgh,Western Pennsylvania Regional Data Center Open Data,Datasets,2018-2020,2023-05-21,2026-07-05,d0b56030-3391-49db-87bd-4f1c16490fbc,snowevents-1819,08f-01
Snow Plow Activity (2015-2016),Snow Plow Activity (2015-2016),City of Pittsburgh,Western Pennsylvania Regional Data Center Open Data,Datasets,2015-2016,2023-05-21,2026-07-05,9f364695-24ad-4b87-b65e-398a69927c17,snow-plow-activity-2015-2016,08f-01
Allegheny County Addressing Data Model,Allegheny County Addressing Data Model,Allegheny County,Western Pennsylvania Regional Data Center Open Data,Datasets,Last Modified: 2024-06-13,2023-05-21,2026-07-05,f224ac65-d187-4cc7-914f-32d3da4500d7,allegheny-county-addressing-data-model,08f-01
Operation Green Spaces,Operation Green Spaces,City of Pittsburgh,Western Pennsylvania Regional Data Center Open Data,Datasets,Last Modified: 2024-06-11,2023-05-21,2026-07-05,cd9ae013-5b93-43d6-8793-bccf10f12c72,operations-green-spaces,08f-01
Pittsburgh International Airport - Scheduled Passenger Traffic,Pittsburgh International Airport - Scheduled Passenger Traffic,Allegheny County Airport Authority,Western Pennsylvania Regional Data Center Open Data,Datasets,Last Modified: 2024-06-10,2023-05-21,2026-07-05,4e5c8d90-0df7-478e-91e5-9758442845c5,pittsburgh-international-airport-scheduled-passenger-traffic,08f-01
Lobbyist Activity,Lobbyist Activity,City of Pittsburgh,Western Pennsylvania Regional Data Center Open Data,Datasets,Last Modified: 2024-06-10,2023-05-21,2026-07-05,a4e3055f-867a-47fd-a955-7d1fa3d7b836,lobbyist-activity,08f-01
Campaign Finance Contributions,Campaign Finance Contributions,City of Pittsburgh,Western Pennsylvania Regional Data Center Open Data,Datasets,Last Modified: 2024-06-10,2023-05-21,2026-07-05,d08d87ec-ea98-4dcd-848b-7a35db07622e,campaign-finance-contributions,08f-01
City of Pittsburgh Signalized Intersections,City of Pittsburgh Signalized Intersections,City of Pittsburgh,Western Pennsylvania Regional Data Center Open Data,Datasets,Last Modified: 2024-06-10,2023-05-21,2026-07-05,f470a3d5-f5cb-4209-93a6-c974f7d5a0a4,city-of-pittsburgh-signalized-intersections,08f-01
Right-of-Way Permits and Traffic-Obstruction Permits (archived),Right-of-Way Permits and Traffic-Obstruction Permits (archived),City of Pittsburgh,Western Pennsylvania Regional Data Center Open Data,Datasets,Last Modified: 2024-06-10,2023-05-21,2026-07-05,23482953-50cc-4370-858c-eb0c034b8157,right-of-way-permits,08f-01
Allegheny County Voting District (2015) Web Map,Allegheny County Voting District (2015) Web Map,Allegheny County,Western Pennsylvania Regional Data Center Open Data,Datasets,2015,2023-05-21,2026-07-05,e831e241-925d-45af-b9c5-6827a0d85075,allegheny-county-voting-district-2015-web-map,08f-01
Allegheny County Voting District (2016) Web Map,Allegheny County Voting District (2016) Web Map,Allegheny County,Western Pennsylvania Regional Data Center Open Data,Datasets,2016,2023-05-21,2026-07-05,24503f3a-6dcb-4d4d-9b12-effe970551f8,allegheny-county-voting-district-2016-web-map,08f-01
Roadmap for Inclusive Innovation,Roadmap for Inclusive Innovation,City of Pittsburgh,Western Pennsylvania Regional Data Center Open Data,Datasets,Last Modified: 2024-06-10,2023-05-21,2026-07-05,8f606207-3e88-4d33-a8dc-d8f16b4d08d6,https-data-wprdc-org-dataset-organization-city-of-pittsburgh,08f-01
Pediatric Emergency Department and Primary Care Visits (UPMC),Pediatric Emergency Department and Primary Care Visits (UPMC),University of Pittsburgh,Western Pennsylvania Regional Data Center Open Data,Datasets,Last Modified: 2024-06-10,2023-05-21,2026-07-05,6ff17545-2e53-4e51-a9e4-0c4681ad3e4b,pediatric-and-primary-care-emergency-department-and-primary-care-visits,08f-01
Allegheny County Birth Outcomes,Allegheny County Birth Outcomes,Allegheny County,Western Pennsylvania Regional Data Center Open Data,Datasets,Last Modified: 2024-06-10,2023-05-21,2026-07-05,06f21712-5661-43ee-a838-9f701479706b,allegheny-county-birth-outcomes,08f-01
State of Aging in Allegheny County Survey,State of Aging in Allegheny County Survey,University of Pittsburgh,Western Pennsylvania Regional Data Center Open Data,Datasets,Last Modified: 2024-06-10,2023-05-21,2026-07-05,33891263-235f-4c6c-af8a-c79b0114a9f9,state-of-aging-in-allegheny-county-survey,08f-01
Allegheny County Median Age at Death,Allegheny County Median Age at Death,Allegheny County,Western Pennsylvania Regional Data Center Open Data,Datasets,Last Modified: 2024-06-10,2023-05-21,2026-07-05,ee735209-4de7-4ea4-b446-bf0f0f6d9cb3,median-age-death,08f-01
Allegheny County Clean Indoor Air Act Exemptions,Allegheny County Clean Indoor Air Act Exemptions,Allegheny County,Western Pennsylvania Regional Data Center Open Data,Datasets,Last Modified: 2024-06-10,2023-05-21,2026-07-05,87f6e1d4-1d5b-4b1e-922c-cff0d37e93ac,allegheny-county-clean-indoor-air-act-exemptions,08f-01
City of Pittsburgh Playgrounds,City of Pittsburgh Playgrounds,City of Pittsburgh,Western Pennsylvania Regional Data Center Open Data,Datasets,Last Modified: 2024-06-10,2023-05-21,2026-07-05,37e7a776-c98b-4e08-ad61-a8c8e23ec9ab,playgrounds,08f-01
City of Pittsburgh Courts and Rinks,City of Pittsburgh Courts and Rinks,City of Pittsburgh,Western Pennsylvania Regional Data Center Open Data,Datasets,Last Modified: 2024-06-10,2023-05-21,2026-07-05,8da92664-22a4-42b8-adae-1950048d70aa,city-of-pittsburgh-courts,08f-01
Baum Center Zoning Overlay,Baum Center Zoning Overlay,City of Pittsburgh,Western Pennsylvania Regional Data Center Open Data,Datasets,Last Modified: 2024-06-10,2023-05-21,2026-07-05,d56b2e08-3dc6-41b7-952a-0b520d00b59e,baum-center-zoning-overlay2,08f-01
Planning Sectors,Planning Sectors,City of Pittsburgh,Western Pennsylvania Regional Data Center Open Data,Datasets,Last Modified: 2024-06-10,2023-05-21,2026-07-05,d0611e28-edb1-4b3e-9147-60002942d27d,planning-sectors,08f-01
Uptown IPOD Zoning,Uptown IPOD Zoning,City of Pittsburgh,Western Pennsylvania Regional Data Center Open Data,Datasets,Last Modified: 2024-06-10,2023-05-21,2026-07-05,06c15511-37dd-44eb-9148-73c135457b07,uptown-ipod-zoning,08f-01
Pre 2018 DPW Divisions,Pre 2018 DPW Divisions,City of Pittsburgh,Western Pennsylvania Regional Data Center Open Data,Datasets,2018,2023-05-21,2026-07-05,55369cb9-9335-4bdf-8bb1-07a56815aa5d,pre-2018-dpw-divisions,08f-01
City of Pittsburgh Pools,City of Pittsburgh Pools,City of Pittsburgh,Western Pennsylvania Regional Data Center Open Data,Datasets,Last Modified: 2024-06-09,2023-05-21,2026-07-05,f7067c4e-0c1e-420c-8c31-f62769fcd29a,city-pools,08f-01
City of Pittsburgh Public Art,City of Pittsburgh Public Art,City of Pittsburgh,Western Pennsylvania Regional Data Center Open Data,Datasets,Last Modified: 2024-06-09,2023-05-21,2026-07-05,5d83ce95-eaee-46ca-ab95-1e0c69fb9035,city-of-pittsburgh-public-art,08f-01
Profiles Data,Profiles Data,Western Pennsylvania Regional Data Center,Western Pennsylvania Regional Data Center Open Data,Datasets,Last Modified: 2024-06-09,2023-05-21,2026-07-05,69d24a7a-421f-4e0b-8ee9-a91e46b116a8,profiles-data,08f-01
"A Community Profile of Pittsburgh Neighborhoods, 1974","A Community Profile of Pittsburgh Neighborhoods, 1974",University of Pittsburgh,Western Pennsylvania Regional Data Center Open Data,Datasets,1974,2023-05-21,2026-07-05,bce15079-618a-4bf3-badf-8aa372c3aea2,a-community-profile-of-pittsburgh-neighborhoods-1974,08f-01
Fire Districts,Fire Districts,City of Pittsburgh,Western Pennsylvania Regional Data Center Open Data,Datasets,Last Modified: 2024-06-09,2023-05-21,2026-07-05,c1f2fc55-c2f3-4c0b-bb8d-7aba51bd1aee,fire-districts,08f-01
Autonomous Vehicle Survey of Bicyclists and Pedestrians in Pittsburgh,Autonomous Vehicle Survey of Bicyclists and Pedestrians in Pittsburgh,BikePGH,Western Pennsylvania Regional Data Center Open Data,Datasets,Last Modified: 2024-06-09,2023-05-21,2026-07-05,0b584c84-7e35-4f4d-a5a2-b01697470c0f,autonomous-vehicle-survey-of-bicyclists-and-pedestrians,08f-01
City Traffic Signs,City Traffic Signs,City of Pittsburgh,Western Pennsylvania Regional Data Center Open Data,Datasets,Last Modified: 2024-06-09,2023-05-21,2026-07-05,c35e3717-ea01-42d2-ad52-2814dbd74cac,city-traffic-signs,08f-01
Baldwin Borough Signs,Baldwin Borough Signs,Baldwin Borough,Western Pennsylvania Regional Data Center Open Data,Datasets,Last Modified: 2024-06-09,2023-05-21,2026-07-05,e3fd051b-1096-403e-99c1-b98bd5d3ad2b,signs,08f-01
Allegheny County Sheriff Sales,Allegheny County Sheriff Sales,Allegheny County,Western Pennsylvania Regional Data Center Open Data,Datasets,Last Modified: 2024-06-09,2023-05-21,2026-07-05,1876f595-d8a2-4eb2-a64c-ebedf2afa4df,sheriff-sales,08f-01
Grow Pittsburgh Food Gardens,Grow Pittsburgh Food Gardens,Grow Pittsburgh,Western Pennsylvania Regional Data Center Open Data,Datasets,Last Modified: 2024-06-09,2023-05-21,2026-07-05,0d8c9708-3f01-48c4-adff-04d29825c9a2,grow-pittsburgh-food-gardens,08f-01
Allegheny County Anxiety Medication,Allegheny County Anxiety Medication,Allegheny County,Western Pennsylvania Regional Data Center Open Data,Datasets,Last Modified: 2024-06-08,2023-05-21,2026-07-05,6ee6d30f-c27a-41b6-9f94-0c071ce266e4,anxiety,08f-01
North Side Commercial Parking Zoning Overlay,North Side Commercial Parking Zoning Overlay,City of Pittsburgh,Western Pennsylvania Regional Data Center Open Data,Datasets,Last Modified: 2024-06-07,2023-05-21,2026-07-05,7119f9bd-b7a3-4f41-a607-27880b0981d8,north-side-commercial-parking-zoning-overlay,08f-01
Pittsburgh Bridges,Pittsburgh Bridges,City of Pittsburgh,Western Pennsylvania Regional Data Center Open Data,Datasets,Last Modified: 2024-06-07,2023-05-21,2026-07-05,a6a84421-6484-4698-b55e-4ae57aaaae2f,pittsburgh-bridges,08f-01
City of Pittsburgh Bridges,City of Pittsburgh Bridges,City of Pittsburgh,Western Pennsylvania Regional Data Center Open Data,Datasets,Last Modified: 2024-06-07,2023-05-21,2026-07-05,d6e6c012-45f0-4e13-ab3b-9458fd56ad96,city-of-pittsburgh-bridges,08f-01
Paving Schedule,Paving Schedule,City of Pittsburgh,Western Pennsylvania Regional Data Center Open Data,Datasets,Last Modified: 2024-06-07,2023-05-21,2026-07-05,6d872b14-c9bb-4627-a475-de6a72050cb0,paving-schedule,08f-01
City of Pittsburgh Intersection Markings,City of Pittsburgh Intersection Markings,City of Pittsburgh,Western Pennsylvania Regional Data Center Open Data,Datasets,Last Modified: 2024-06-07,2023-05-21,2026-07-05,31ce085b-87b9-4ffd-adbb-0a9f5b3cf3df,city-of-pittsburgh-markings,08f-01
Metered Streets Pittsburgh Parking Authority,Metered Streets Pittsburgh Parking Authority,City of Pittsburgh,Western Pennsylvania Regional Data Center Open Data,Datasets,Last Modified: 2024-06-07,2023-05-21,2026-07-05,551d7959-8082-4685-bb30-7714fce1d1bf,metered-streets-pittsburgh-parking-authority,08f-01
City of Pittsburgh Playing Fields,City of Pittsburgh Playing Fields,City of Pittsburgh,Western Pennsylvania Regional Data Center Open Data,Datasets,Last Modified: 2024-06-07,2023-05-21,2026-07-05,87c77ec3-db98-4b2a-8891-d9b577b4c44d,playing-fields,08f-01
2010 Census Block Groups,2010 Census Block Groups,City of Pittsburgh,Western Pennsylvania Regional Data Center Open Data,Datasets,2010,2023-05-21,2026-07-05,2a8e1150-5ab0-4cbf-800e-d4d3a8a7182f,2010-census-block-groups,08f-01
2010 Census Tracts,2010 Census Tracts,City of Pittsburgh,Western Pennsylvania Regional Data Center Open Data,Datasets,2010,2023-05-21,2026-07-05,4699bc46-8a74-44ed-9bef-f22dd595a964,2010-census-tracts,08f-01
"Pittsburgh American Community Survey 2015, School Enrollment","Pittsburgh American Community Survey 2015, School Enrollment",City of Pittsburgh,Western Pennsylvania Regional Data Center Open Data,Datasets,2015,2023-05-21,2026-07-05,3cb2b9c2-66e2-4ffa-b0a1-35fb2c6f7230,pittsburgh-american-community-survey-2015-school-enrollment,08f-01
Riverfront Zoning Overlay,Riverfront Zoning Overlay,City of Pittsburgh,Western Pennsylvania Regional Data Center Open Data,Datasets,Last Modified: 2024-06-07,2023-05-21,2026-07-05,5b28354f-ca2d-4894-aa49-1a10c6678942,riverfront-zoning-overlay,08f-01
Parks Open Space Plan Transition Data,Parks Open Space Plan Transition Data,City of Pittsburgh,Western Pennsylvania Regional Data Center Open Data,Datasets,Last Modified: 2024-06-07,2023-05-21,2026-07-05,cd57a067-bc00-46ee-924e-676eaa3221ec,parks-open-space-plan-transition-data,08f-01
Allegheny County Mortality Indicators,Allegheny County Mortality Indicators,Allegheny County,Western Pennsylvania Regional Data Center Open Data,Datasets,Last Modified: 2024-06-07,2023-05-21,2026-07-05,3a0645d8-8495-48f3-be6a-dd44646b1b2a,allegheny-county-mortality-indicators,08f-01
Allegheny County Food Facilities,Allegheny County Food Facilities,Allegheny County,Western Pennsylvania Regional Data Center Open Data,Datasets,Last Modified: 2024-06-03,2023-05-21,2026-07-05,3d945d47-0f92-4042-a6db-59f4c385efba,allegheny-county-food-facilities,08f-01
Division of Tenement House Inspection Annual Reports 1907/1913,Division of Tenement House Inspection Annual Reports 1907/1913,University of Pittsburgh,Western Pennsylvania Regional Data Center Open Data,Datasets,1907,2023-05-21,2026-07-05,df18e46a-9071-4639-9a45-1a53ea12e85a,pittsburgh-tenement-housing,08f-01
Allegheny County Particulate Matter 2.5,Allegheny County Particulate Matter 2.5,Allegheny County,Western Pennsylvania Regional Data Center Open Data,Datasets,Last Modified: 2024-06-03,2023-05-21,2026-07-05,7c0c0ed2-b542-4f5c-868a-49609985faab,particulate-matter-2-5,08f-01
Allegheny County Poor Housing Conditions,Allegheny County Poor Housing Conditions,Allegheny County,Western Pennsylvania Regional Data Center Open Data,Datasets,Last Modified: 2024-06-03,2023-05-21,2026-07-05,12edd529-5119-49c7-92b5-15314b3ae25e,allegheny-county-poor-condition-residential-parcel-rates,08f-01
COVID-19 Resources,COVID-19 Resources,Western Pennsylvania Regional Data Center,Western Pennsylvania Regional Data Center Open Data,Datasets,Last Modified: 2024-06-03,2023-05-21,2026-07-05,acf96177-9c81-43d9-92b5-b01bb594b889,covid-19-resources,08f-01
Allegheny County Older Housing,Allegheny County Older Housing,Allegheny County,Western Pennsylvania Regional Data Center Open Data,Datasets,Last Modified: 2024-06-03,2023-05-21,2026-07-05,f8296e1d-d0a5-4f2a-a95f-a7bab6300cc6,pre-1950-housing,08f-01
Allegheny County Illegal Dump Sites,Allegheny County Illegal Dump Sites,Allegheny County,Western Pennsylvania Regional Data Center Open Data,Datasets,Last Modified: 2024-06-03,2023-05-21,2026-07-05,ed4cf849-d323-4d01-8a13-675d283f1ac9,allegheny-county-illegal-dump-sites,08f-01
Allegheny County Walk Scores,Allegheny County Walk Scores,Allegheny County,Western Pennsylvania Regional Data Center Open Data,Datasets,Last Modified: 2024-06-03,2023-05-21,2026-07-05,4d3d4324-b32a-4519-b56f-cee2340057bf,allegheny-county-walk-scores,08f-01
Allegheny County Fast Food Establishments,Allegheny County Fast Food Establishments,Allegheny County,Western Pennsylvania Regional Data Center Open Data,Datasets,Last Modified: 2024-06-03,2023-05-21,2026-07-05,c34f9a82-779c-4f90-9e1c-b3b5025b0db5,allegheny-county-fast-food,08f-01
Hypertension + Hyperlipidemia comorbidity,Hypertension + Hyperlipidemia comorbidity,Allegheny County,Western Pennsylvania Regional Data Center Open Data,Datasets,Last Modified: 2024-06-03,2023-05-21,2026-07-05,c0cde391-cd26-4904-9c9b-1b6d3ac37dd1,hypertension-hyperlipidemia-comorbidity,08f-01
Allegheny County Obesity Rates,Allegheny County Obesity Rates,Allegheny County,Western Pennsylvania Regional Data Center Open Data,Datasets,Last Modified: 2024-06-03,2023-05-21,2026-07-05,b049da40-910a-4b9d-9438-ff584e432bb1,allegheny-county-obesity-rates,08f-01
Allegheny County Housing Tenure,Allegheny County Housing Tenure,Allegheny County,Western Pennsylvania Regional Data Center Open Data,Datasets,Last Modified: 2024-06-03,2023-05-21,2026-07-05,63d09e2c-931c-4c66-86e0-844b84d2a8ad,allegheny-county-homewonership-and-rentals,08f-01
Allegheny County Smoking Rates,Allegheny County Smoking Rates,Allegheny County,Western Pennsylvania Regional Data Center Open Data,Datasets,Last Modified: 2024-06-03,2023-05-21,2026-07-05,aeaf61da-2533-43b3-8744-2187fccbe163,allegheny-county-smoking-rates,08f-01
Allegheny County Depression Medication,Allegheny County Depression Medication,Allegheny County,Western Pennsylvania Regional Data Center Open Data,Datasets,Last Modified: 2024-06-03,2023-05-21,2026-07-05,873931dc-7c9d-4d46-890c-345891c221b4,allegheny-county-depression-medication,08f-01
Diabetes,Diabetes,Allegheny County,Western Pennsylvania Regional Data Center Open Data,Datasets,Last Modified: 2024-06-03,2023-05-21,2026-07-05,23fa923f-fc4e-4d4f-9be3-8a78c6674c02,diabetes,08f-01
Hypertension,Hypertension,Allegheny County,Western Pennsylvania Regional Data Center Open Data,Datasets,Last Modified: 2024-06-03,2023-05-21,2026-07-05,3f0b8a8c-2239-4dac-8eb0-74ac7d859022,hypertension,08f-01
Hyperlipidemia,Hyperlipidemia,Allegheny County,Western Pennsylvania Regional Data Center Open Data,Datasets,Last Modified: 2024-06-03,2023-05-21,2026-07-05,c341305e-3188-4ba9-8b81-ab53380b0589,hyperlipidemia,08f-01
Diabetes + Hypertension (comorbidity),Diabetes + Hypertension (comorbidity),Allegheny County,Western Pennsylvania Regional Data Center Open Data,Datasets,Last Modified: 2024-06-03,2023-05-21,2026-07-05,60dfb8de-9791-4614-aa55-6947057cacb1,diabetes-hypertension-comorbidity,08f-01
Diabetes + Hyperlipidemia (comorbidity),Diabetes + Hyperlipidemia (comorbidity),Allegheny County,Western Pennsylvania Regional Data Center Open Data,Datasets,Last Modified: 2024-06-03,2023-05-21,2026-07-05,eca6c040-1daa-461b-a6c5-d18e88a49035,diabetes-hyperlipidemia-comorbidity,08f-01
Diabetes & Hypertension & Hyperlipidemia comorbidity,Diabetes & Hypertension & Hyperlipidemia comorbidity,Allegheny County,Western Pennsylvania Regional Data Center Open Data,Datasets,Last Modified: 2024-06-03,2023-05-21,2026-07-05,e4bb0a9e-50e5-4492-a9b6-9527ccccff7a,diabetes-hypertension-hyperlipidemia-comorbidity,08f-01
Allegheny County Primary Care Access,Allegheny County Primary Care Access,Allegheny County,Western Pennsylvania Regional Data Center Open Data,Datasets,Last Modified: 2024-06-03,2023-05-21,2026-07-05,52f87f59-02ed-4f74-9ab9-2c6b9542234d,allegheny-county-primary-care-facilities,08f-01
Allegheny County Hospitals,Allegheny County Hospitals,Allegheny County,Western Pennsylvania Regional Data Center Open Data,Datasets,Last Modified: 2024-06-03,2023-05-21,2026-07-05,d2289ea6-b1ef-4acb-afa7-028cccb7fb18,hospitals,08f-01
Allegheny County Tobacco Vendors,Allegheny County Tobacco Vendors,Allegheny County,Western Pennsylvania Regional Data Center Open Data,Datasets,Last Modified: 2024-06-03,2023-05-21,2026-07-05,77e60b5b-1897-45b5-b39a-89f1a0966a13,allegheny-county-tobacco-vendors,08f-01
Childhood Asthma Healthcare Utilization,Childhood Asthma Healthcare Utilization,Allegheny County,Western Pennsylvania Regional Data Center Open Data,Datasets,Last Modified: 2024-06-03,2023-05-21,2026-07-05,3bdca0be-5768-4061-a069-aa7c7121e364,childhood-asthma-healthcare-utilization,08f-01
Allegheny County TIF Boundaries,Allegheny County TIF Boundaries,Allegheny County,Western Pennsylvania Regional Data Center Open Data,Datasets,Last Modified: 2024-04-26,2023-05-21,2026-07-05,cb7e34ce-3dbe-4f4b-b2cd-fd368371d00b,allegheny-county-tif-boundaries,08f-01
Public WiFi Locations,Public WiFi Locations,Allegheny County,Western Pennsylvania Regional Data Center Open Data,Datasets,Last Modified: 2024-04-26,2023-05-21,2026-07-05,3725d722-1c07-42f9-8faa-02ba0d9f7a7a,public-wifi-locations,08f-01
Allegheny County Census Blocks 2016,Allegheny County Census Blocks 2016,Allegheny County,Western Pennsylvania Regional Data Center Open Data,Datasets,2016,2023-05-21,2026-07-05,0c0b35a2-74b0-47dc-aa04-960b396895fa,allegheny-county-census-blocks-2016,08f-01
Allegheny County Census Block Groups 2016,Allegheny County Census Block Groups 2016,Allegheny County,Western Pennsylvania Regional Data Center Open Data,Datasets,2016,2023-05-21,2026-07-05,2300533b-2cd9-4d72-ab43-7c129d8dd7b9,allegheny-county-census-block-groups-2016,08f-01
Allegheny County Census Tracts 2016,Allegheny County Census Tracts 2016,Allegheny County,Western Pennsylvania Regional Data Center Open Data,Datasets,2016,2023-05-21,2026-07-05,1cef82de-5e67-448e-bdc0-a491b0f9d7db,allegheny-county-census-tracts-2016,08f-01
DPW Park Maintenance Divisions,DPW Park Maintenance Divisions,City of Pittsburgh,Western Pennsylvania Regional Data Center Open Data,Datasets,Last Modified: 2024-04-26,2023-05-21,2026-07-05,a84df4e3-8ec6-48d0-9d68-194a89d5a8b2,dpw-park-maintenance-divisions,08f-01
Allegheny Land Trust GREENPRINT,Allegheny Land Trust GREENPRINT,Allegheny Land Trust,Western Pennsylvania Regional Data Center Open Data,Datasets,Last Modified: 2024-02-14,2023-05-21,2026-07-05,de1cf8b8-094c-4b6f-804b-02cffad4233a,allegheny-land-trust-greenprint,08f-01
A42-M29-M16 Green Infrastructure Concept,A42-M29-M16 Green Infrastructure Concept,PWSA,Western Pennsylvania Regional Data Center Open Data,Datasets,Last Modified: 2024-02-03,2023-05-21,2026-07-05,ef0746f2-f547-4f01-98c4-09919d3039ea,a42-m29-m16-gi-concept,08f-01
City of Pittsburgh Steps,City of Pittsburgh Steps,City of Pittsburgh,Western Pennsylvania Regional Data Center Open Data,Datasets,Last Modified: 2024-02-03,2023-05-21,2026-07-05,e9aa627c-cb22-4ba4-9961-56d9620a46af,city-steps,08f-01
Combined Sewershed,Combined Sewershed,PWSA,Western Pennsylvania Regional Data Center Open Data,Datasets,Last Modified: 2024-02-03,2023-05-21,2026-07-05,fe7e5332-4c87-410d-b0be-43c5d2c44ae0,combined-sewershed,08f-01
A41-027-M19 Green Infrastructure Concept,A41-027-M19 Green Infrastructure Concept,PWSA,Western Pennsylvania Regional Data Center Open Data,Datasets,Last Modified: 2024-01-26,2023-05-21,2026-07-05,67abfe18-1906-478d-8970-da6981f5022f,a41-o27-m19-gi-concept,08f-01
City Owned Publicly Available Properties (2015 Dataset),City Owned Publicly Available Properties (2015 Dataset),City of Pittsburgh,Western Pennsylvania Regional Data Center Open Data,Datasets,2015,2023-05-21,2026-07-05,46a4f481-751f-4e6c-b104-7a42bbb522f8,publically-available-properties,08f-01
City of Pittsburgh Capital Budget Deliberative Forum Survey Responses,City of Pittsburgh Capital Budget Deliberative Forum Survey Responses,City of Pittsburgh,Western Pennsylvania Regional Data Center Open Data,Datasets,Last Modified: 2023-05-26,2023-05-21,2026-07-05,33aebeee-d800-4e18-8cd2-aba32d917423,capital-budget-deliberative-forum-survey,08f-01
Pittsburgh City Council Historic Boundaries Over Time,Pittsburgh City Council Historic Boundaries Over Time,City of Pittsburgh,Western Pennsylvania Regional Data Center Open Data,Datasets,Last Modified: 2023-05-26,2023-05-21,2026-07-05,aea4a3fc-c45b-486b-a8e2-9d32bd5d986d,pittsburgh-city-council-district-map,08f-01
Housing Market Value Analysis - Allegheny County Economic Development,Housing Market Value Analysis - Allegheny County Economic Development,Allegheny County,Western Pennsylvania Regional Data Center Open Data,Datasets,Last Modified: 2023-05-26,2023-05-21,2026-07-05,9088f03b-8b4f-479e-bbea-38710e6a2c0a,market-value-analysis-allegheny-county-economic-development,08f-01
Smart Streetlight RFI Responses,Smart Streetlight RFI Responses,City of Pittsburgh,Western Pennsylvania Regional Data Center Open Data,Datasets,Last Modified: 2023-05-26,2023-05-21,2026-07-05,fd14f748-3b6e-4faa-ae4a-1921d105751e,smart-streetlight-rfi-responses,08f-01
Pittsburgh Internet Service Providers By Block: June 2016,Pittsburgh Internet Service Providers By Block: June 2016,City of Pittsburgh,Western Pennsylvania Regional Data Center Open Data,Datasets,2016,2023-05-21,2026-07-05,ae1f7cda-5e15-4a8a-a5b2-2e4803f1500a,pittsburgh-internet-service-providers-by-block-june-2016,08f-01
City of Pittsburgh Retaining Walls,City of Pittsburgh Retaining Walls,City of Pittsburgh,Western Pennsylvania Regional Data Center Open Data,Datasets,Last Modified: 2023-05-26,2023-05-21,2026-07-05,5e77546c-f1e1-432a-b556-9ccf29db9b2c,city-of-pittsburgh-retaining-walls,08f-01
City of Pittsburgh Water Features,City of Pittsburgh Water Features,City of Pittsburgh,Western Pennsylvania Regional Data Center Open Data,Datasets,Last Modified: 2023-05-26,2023-05-21,2026-07-05,fe7cfb11-9f33-4590-a5ee-04419f3f974a,city-water-features,08f-01
Allegheny County Commercial Vehicle Inspections,Allegheny County Commercial Vehicle Inspections,Allegheny County,Western Pennsylvania Regional Data Center Open Data,Datasets,Last Modified: 2023-05-26,2023-05-21,2026-07-05,669b2409-bb4b-46e5-9d91-c36876b58a17,allegheny-county-commercial-vehicle-inspections,08f-01
Allegheny County Fire Districts,Allegheny County Fire Districts,Allegheny County,Western Pennsylvania Regional Data Center Open Data,Datasets,Last Modified: 2023-05-26,2023-05-21,2026-07-05,7c234430-f48b-40a7-99dc-a883dedc1d48,allegheny-county-fire-districts,08f-01
ACED Federal Grant Contractor Tracking,ACED Federal Grant Contractor Tracking,Allegheny County,Western Pennsylvania Regional Data Center Open Data,Datasets,Last Modified: 2023-05-26,2023-05-21,2026-07-05,1ce7b2b6-3d3c-419b-9e00-25b3180946aa,allegheny-county-economic-development-federal-grant-contractor-tracking,08f-01
Police Officer Training,Police Officer Training,City of Pittsburgh,Western Pennsylvania Regional Data Center Open Data,Datasets,Last Modified: 2023-05-26,2023-05-21,2026-07-05,8a7d1d09-c8d3-4a0b-9812-11f72bb22103,officer-training,08f-01
2014 Capital Project Budgets,2014 Capital Project Budgets,City of Pittsburgh,Western Pennsylvania Regional Data Center Open Data,Datasets,2014,2023-05-21,2026-07-05,6a3f9f95-8104-44a0-bcd7-b0e082d76fc9,project-budgets,08f-01
Police Civil Actions,Police Civil Actions,City of Pittsburgh,Western Pennsylvania Regional Data Center Open Data,Datasets,Last Modified: 2023-05-26,2023-05-21,2026-07-05,8f349889-a5d9-49c1-b1b6-c781c6c6be0e,police-civil-actions,08f-01
Police Community Outreach,Police Community Outreach,City of Pittsburgh,Western Pennsylvania Regional Data Center Open Data,Datasets,Last Modified: 2023-05-26,2023-05-21,2026-07-05,08e92c0b-da2d-42e4-b39f-c964df9e2fdf,police-community-outreach,08f-01
Allegheny County Municipal Land Use Ordinances,Allegheny County Municipal Land Use Ordinances,Allegheny County,Western Pennsylvania Regional Data Center Open Data,Datasets,Last Modified: 2023-05-26,2023-05-21,2026-07-05,139e5661-9e70-4b74-8a71-ee2fff0ebdb6,allegheny-county-municipal-land-use-ordinances,08f-01
Zone and Lot Attributes,Zone and Lot Attributes,Pittsburgh Parking Authority,Western Pennsylvania Regional Data Center Open Data,Datasets,Last Modified: 2023-05-21,2023-05-21,2026-07-05,b3f75d36-aad6-4868-88bc-452caf09233b,zone-and-lot-attributes,08f-01
Westmoreland County Crash Data,Westmoreland County Crash Data,Allegheny County,Western Pennsylvania Regional Data Center Open Data,Datasets,Last Modified: 2023-05-21,2023-05-21,2026-07-05,f0f9d2cf-ecd1-4d6b-9291-78707af92b3c,westmoreland-county-crash-data,08f-01
Washington County Crash Data,Washington County Crash Data,Allegheny County,Western Pennsylvania Regional Data Center Open Data,Datasets,Last Modified: 2023-05-21,2023-05-21,2026-07-05,8f443521-71f1-496b-8495-2ca0460a0c05,washington-county-crash-data,08f-01
Summer Meal Sites,Summer Meal Sites,City of Pittsburgh,Western Pennsylvania Regional Data Center Open Data,Datasets,Last Modified: 2023-05-21,2023-05-21,2026-07-05,543ae03d-3ef4-45c7-b766-2ed49338120f,summer-meal-sites,08f-01
Baldwin Borough Storm Sewer Infrastructure,Baldwin Borough Storm Sewer Infrastructure,Baldwin Borough,Western Pennsylvania Regional Data Center Open Data,Datasets,Last Modified: 2023-05-21,2023-05-21,2026-07-05,4df41b74-3a00-42c0-9c17-2765dfd1ad82,storm-sewer-infrastructure,08f-01
Baldwin Borough Sanitary Sewer Infrastructure,Baldwin Borough Sanitary Sewer Infrastructure,Baldwin Borough,Western Pennsylvania Regional Data Center Open Data,Datasets,Last Modified: 2023-05-21,2023-05-21,2026-07-05,00861d07-df77-495b-9ee6-8bbbbaeb7973,sanitary-sewer-infrastructure,08f-01
Regional Park-n-Ride Facilities,Regional Park-n-Ride Facilities,Southwestern Pennsylvania Commission,Western Pennsylvania Regional Data Center Open Data,Datasets,Last Modified: 2023-05-21,2023-05-21,2026-07-05,77de8d0f-1dfc-4148-b811-97b3520c18c5,regional-park-n-ride-facilities-web-inventory,08f-01
Pittsburgh Regional Transit Park and Rides,Pittsburgh Regional Transit Park and Rides,Pittsburgh Regional Transit,Western Pennsylvania Regional Data Center Open Data,Datasets,Last Modified: 2023-05-21,2023-05-21,2026-07-05,91877d2c-1675-41cd-85a1-bbc6e347aa07,prt-park-and-rides,08f-01
Pittsburgh Public Schools Enrollment by Individualized Education Plan (IEP),Pittsburgh Public Schools Enrollment by Individualized Education Plan (IEP),Pittsburgh Public Schools,Western Pennsylvania Regional Data Center Open Data,Datasets,Last Modified: 2023-05-21,2023-05-21,2026-07-05,fb72c35f-ad18-42ff-adad-2a6d0480f348,pittsburgh-public-schools-individualized-education-plan-iep,08f-01
Pittsburgh Public Schools Feeder Pattern Attendance Boundaries,Pittsburgh Public Schools Feeder Pattern Attendance Boundaries,Pittsburgh Public Schools,Western Pennsylvania Regional Data Center Open Data,Datasets,Last Modified: 2023-05-21,2023-05-21,2026-07-05,d9bf4afc-0fbb-4d12-9c63-7de76965f84e,pittsburgh-public-schools-feeder-pattern-attendance-boundaries,08f-01
"Pittsburgh Public Schools Enrollment by Neighborhood, School, and Feeder Pattern","Pittsburgh Public Schools Enrollment by Neighborhood, School, and Feeder Pattern",Pittsburgh Public Schools,Western Pennsylvania Regional Data Center Open Data,Datasets,Last Modified: 2023-05-21,2023-05-21,2026-07-05,27b6eef7-8825-4cc4-8b48-52c17ac80d37,pittsburgh-public-schools-enrollment,08f-01
Pittsburgh Public School Locations,Pittsburgh Public School Locations,Pittsburgh Public Schools,Western Pennsylvania Regional Data Center Open Data,Datasets,Last Modified: 2023-05-21,2023-05-21,2026-07-05,46fb3ca4-e844-4b42-b034-e87291d34699,pittsburgh-public-school-locations,08f-01
Pittsburgh Neighborhoods Map,Pittsburgh Neighborhoods Map,City of Pittsburgh,Western Pennsylvania Regional Data Center Open Data,Datasets,Last Modified: 2023-05-21,2023-05-21,2026-07-05,1e310bc4-87f5-4e56-b04c-38bd8c9ed954,pittsburgh-neighborhoods,08f-01
Pittsburgh Beautify The Burgh,Pittsburgh Beautify The Burgh,City of Pittsburgh,Western Pennsylvania Regional Data Center Open Data,Datasets,Last Modified: 2023-05-21,2023-05-21,2026-07-05,ce47b2df-a69a-491c-9099-9f20129cf67d,pittsburgh-beautify-the-burgh,08f-01
Pittsburgh American Community Survey Data 2015 - Household Types,Pittsburgh American Community Survey Data 2015 - Household Types,City of Pittsburgh,Western Pennsylvania Regional Data Center Open Data,Datasets,2015,2023-05-21,2026-07-05,307d923c-418e-4838-b2b9-d0896d483f33,pittsburgh-american-community-survey-data-household-types,08f-01
Permitted Shelters,Permitted Shelters,City of Pittsburgh,Western Pennsylvania Regional Data Center Open Data,Datasets,Last Modified: 2023-05-21,2023-05-21,2026-07-05,7bc5037e-52fc-476d-b75c-f1629f007493,permitted-shelters,08f-01
Parking Data Dashboard,Parking Data Dashboard,Pittsburgh Parking Authority,Western Pennsylvania Regional Data Center Open Data,Datasets,Last Modified: 2023-05-21,2023-05-21,2026-07-05,f0fd9c36-39f1-44fa-9935-5fe50dcc4235,parking-data-dashboard,08f-01
Baldwin Borough Parcels,Baldwin Borough Parcels,Baldwin Borough,Western Pennsylvania Regional Data Center Open Data,Datasets,Last Modified: 2023-05-21,2023-05-21,2026-07-05,4cae7c2c-58f6-4d1f-8e16-15162bee86cb,pacrels,08f-01
Housing Market Value Analysis - Urban Redevelopment Authority,Housing Market Value Analysis - Urban Redevelopment Authority,Urban Redevelopment Authority of Pittsburgh,Western Pennsylvania Regional Data Center Open Data,Datasets,Last Modified: 2023-05-21,2023-05-21,2026-07-05,cde6ac1b-d503-4dd8-8d4c-b4f106dd1950,market-value-analysis-urban-redevelopment-authority,08f-01
Make My Trip Count 2015,Make My Trip Count 2015,Green Building Alliance,Western Pennsylvania Regional Data Center Open Data,Datasets,2015,2023-05-21,2026-07-05,2d9c9064-e2f7-489d-9b77-d2c603629a81,make-my-trip-count-2015,08f-01
Kingsley House Membership and Occupation Data 1920/1926,Kingsley House Membership and Occupation Data 1920/1926,University of Pittsburgh,Western Pennsylvania Regional Data Center Open Data,Datasets,1920,2023-05-21,2026-07-05,03433319-a658-418c-8981-b591ef883254,kingsley-house-membership-and-occupation-data-1920-1926,08f-01
True Time API Link (real time arrival info),True Time API Link (real time arrival info),Pittsburgh Regional Transit,Western Pennsylvania Regional Data Center Open Data,Datasets,Last Modified: 2023-05-21,2023-05-21,2026-07-05,1e3a92ad-49b9-46cf-aa14-2d58e76e5ec6,http-truetime-prt-org-bustime-home-jsp,08f-01
Green Infrastructure Siting and Cost Effectiveness Analysis,Green Infrastructure Siting and Cost Effectiveness Analysis,University of Pittsburgh,Western Pennsylvania Regional Data Center Open Data,Datasets,Last Modified: 2023-05-21,2023-05-21,2026-07-05,ccd06e53-4226-4704-8ca4-7384409ffa8f,green-infrastructure-siting-and-cost-effectiveness-analysis,08f-01
Geocoders,Geocoders,Western Pennsylvania Regional Data Center,Western Pennsylvania Regional Data Center Open Data,Datasets,Last Modified: 2023-05-21,2023-05-21,2026-07-05,6bb2a968-761d-48cf-ac5b-c1fc80b4fe6a,geocoders,08f-01
Field Listings,Field Listings,City of Pittsburgh,Western Pennsylvania Regional Data Center Open Data,Datasets,Last Modified: 2023-05-21,2023-05-21,2026-07-05,5934b8d1-892f-4fd7-84c1-aa890d3ff529,field-listings,08f-01
Envision Downtown: Public Space Public Life Survey,Envision Downtown: Public Space Public Life Survey,Envision Downtown,Western Pennsylvania Regional Data Center Open Data,Datasets,Last Modified: 2023-05-21,2023-05-21,2026-07-05,7440cc8e-431a-4411-9395-a6199930ea4f,envision-downtown-public-space-public-life-survey,08f-01
"Data Protected Bike Lanes, Oct 2019","Data Protected Bike Lanes, Oct 2019",BikePGH,Western Pennsylvania Regional Data Center Open Data,Datasets,2019,2023-05-21,2026-07-05,9a633755-da90-4bbb-aaaa-20e9ada109dc,data-protected-bike-lanes-oct-2019,08f-01
CLP Public Wifi,CLP Public Wifi,Carnegie Library of Pittsburgh,Western Pennsylvania Regional Data Center Open Data,Datasets,Last Modified: 2023-05-21,2023-05-21,2026-07-05,f6213ee9-7c53-409d-947a-b3cd7ca36c31,clp-public-wifi,08f-01
Butler County Crash Data,Butler County Crash Data,Allegheny County,Western Pennsylvania Regional Data Center Open Data,Datasets,Last Modified: 2023-05-21,2023-05-21,2026-07-05,fbc918c8-089a-4a27-9908-fb50f5a6dedc,butler-county-crash-data,08f-01
Baldwin Borough Building Footprints,Baldwin Borough Building Footprints,Baldwin Borough,Western Pennsylvania Regional Data Center Open Data,Datasets,Last Modified: 2023-05-21,2023-05-21,2026-07-05,c5f55857-6a20-47f8-a0c6-1c4d8e485642,building-footprints,08f-01
Baldwin Borough Municipal Boundary,Baldwin Borough Municipal Boundary,Baldwin Borough,Western Pennsylvania Regional Data Center Open Data,Datasets,Last Modified: 2023-05-21,2023-05-21,2026-07-05,84f23c6b-8a7f-4823-a57d-99c1138049cf,borough-boundary,08f-01
Bike Rack Locations Downtown Pittsburgh,Bike Rack Locations Downtown Pittsburgh,Envision Downtown,Western Pennsylvania Regional Data Center Open Data,Datasets,Last Modified: 2023-05-21,2023-05-21,2026-07-05,ce31fde1-32a8-4fa9-9d1a-cbe465af3292,bike-rack-locations-downtown-pittsburgh,08f-01
Beaver County Crash Data,Beaver County Crash Data,Allegheny County,Western Pennsylvania Regional Data Center Open Data,Datasets,Last Modified: 2023-05-21,2023-05-21,2026-07-05,1a524b15-fb02-46d4-9c27-a262cf12edbb,beaver-county-crash-data,08f-01
Baldwin Borough Monthly Revenue and Expenses,Baldwin Borough Monthly Revenue and Expenses,Baldwin Borough,Western Pennsylvania Regional Data Center Open Data,Datasets,Last Modified: 2023-05-21,2023-05-21,2026-07-05,b396e1a3-557d-4bf6-80bf-d2e612ac1ceb,baldwin-borough-monthly-revenue-and-expenses,08f-01
A+ Schools Report to the Community,A+ Schools Report to the Community,A+ Schools,Western Pennsylvania Regional Data Center Open Data,Datasets,Last Modified: 2023-05-21,2023-05-21,2026-07-05,dd4d4782-48fd-4256-a647-5aab347db70b,a-schools-report-to-the-community-raw-data,08f-01
Allegheny Land Trust Public Properties,Allegheny Land Trust Public Properties,Allegheny Land Trust,Western Pennsylvania Regional Data Center Open Data,Datasets,Last Modified: 2023-05-21,2023-05-21,2026-07-05,551e4e22-04b2-4b95-a5f8-1d7237395057,allegheny-land-trust-public-properties,08f-01
Allegheny County Zip Code Boundaries,Allegheny County Zip Code Boundaries,Allegheny County,Western Pennsylvania Regional Data Center Open Data,Datasets,Last Modified: 2023-05-21,2023-05-21,2026-07-05,1a5135de-cabe-4e23-b5e4-b2b8dd733817,allegheny-county-zip-code-boundaries2,08f-01
Allegheny County 2000/2010 Census Tract Relationships,Allegheny County 2000/2010 Census Tract Relationships,University of Pittsburgh,Western Pennsylvania Regional Data Center Open Data,Datasets,2000,2023-05-21,2026-07-05,f7ccd6d1-b38e-4b08-aba1-b78b4e9483ca,allegheny-county-2000-2010-census-tract-relationships,08f-01
2020 Census Redistricting Data Extracts (PL 94-171),2020 Census Redistricting Data Extracts (PL 94-171),University of Pittsburgh,Western Pennsylvania Regional Data Center Open Data,Datasets,2020,2023-05-21,2026-07-05,95af9f2c-61c8-446b-ae72-852e195684f3,2020-census-redistricting-data-extracts,08f-01
2010 Census Blocks with Geographic Codes Southwestern PA,2010 Census Blocks with Geographic Codes Southwestern PA,Western Pennsylvania Regional Data Center,Western Pennsylvania Regional Data Center Open Data,Datasets,2010,2023-05-21,2026-07-05,1fb0bfbd-c8cc-4245-a8d0-2e60196040b3,2010-census-blocks-with-geographic-codes-southwestern-pa,08f-01
