friendlier_id,reference_type,distribution_url,label
27a3101b-41ad-4c59-a1df-a161f80a7176,arcgis_dynamic_map_layer,https://milwaukeemaps.milwaukee.gov/arcgis/rest/services/planning/zoning/MapServer/11,
e059d8e8-8672-452c-b2a1-074717d7d5fc,arcgis_dynamic_map_layer,https://milwaukeemaps.milwaukee.gov/arcgis/rest/services/election/election_wards/MapServer/1,
dba70269-a380-40cc-8f4e-95f1477f8086,arcgis_dynamic_map_layer,https://milwaukeemaps.milwaukee.gov/arcgis/rest/services/planning/special_districts/MapServer/8,
5c504fa5-caef-4dfa-aa03-58cf778c2975,arcgis_dynamic_map_layer,https://milwaukeemaps.milwaukee.gov/arcgis/rest/services/DPW/DPW_streetcar/MapServer/0,
65ac773a-fdd9-418b-b9a3-9b0a2f10b72b,arcgis_dynamic_map_layer,https://milwaukeemaps.milwaukee.gov/arcgis/rest/services/DPW/DPW_streetcar/MapServer/1,
a340360c-630c-4b0f-a23b-f23be8f3066f,arcgis_dynamic_map_layer,https://milwaukeemaps.milwaukee.gov/arcgis/rest/services/reference/City_Sections/MapServer/1,
8ececff5-0cff-4fdc-a4d3-a9a538fc4c81,arcgis_dynamic_map_layer,https://milwaukeemaps.milwaukee.gov/arcgis/rest/services/reference/City_Sections/MapServer/0,
4626b746-5e8c-491e-8500-d7ad83fa1cd8,arcgis_dynamic_map_layer,https://milwaukeemaps.milwaukee.gov/arcgis/rest/services/AGO/Opportunity_Zones/MapServer/0,
0f5695f6-bca1-46e9-832b-54d1d906d28e,arcgis_dynamic_map_layer,https://milwaukeemaps.milwaukee.gov/arcgis/rest/services/planning/special_districts/MapServer/4,
98565acf-5652-4a14-bcab-78a48b2fce8b,arcgis_dynamic_map_layer,https://milwaukeemaps.milwaukee.gov/arcgis/rest/services/AGO/MPS_School_Districts/MapServer/1,
3216a1e4-4286-4247-a0c2-95551d5d268e,arcgis_dynamic_map_layer,https://milwaukeemaps.milwaukee.gov/arcgis/rest/services/MPD/MPD_geography/MapServer/1,
1cb11103-18df-4c6e-b622-859d1e217920,arcgis_dynamic_map_layer,https://milwaukeemaps.milwaukee.gov/arcgis/rest/services/MPD/MPD_geography/MapServer/2,
5d05757c-863b-45cc-8c0b-8667dcf5e780,arcgis_dynamic_map_layer,https://milwaukeemaps.milwaukee.gov/arcgis/rest/services/AGO/LibraryServices/MapServer/1,
1b984aba-5cc1-47e3-8c64-999b6d26ceb6,arcgis_dynamic_map_layer,https://milwaukeemaps.milwaukee.gov/arcgis/rest/services/AGO/LibraryServices/MapServer/0,
13dd602f-0a75-4990-b3c5-fc9bd60fa6d6,arcgis_dynamic_map_layer,https://milwaukeemaps.milwaukee.gov/arcgis/rest/services/MFD/MFD_RiskReduction/MapServer/0,
61436830-335e-4039-b761-e1ab8e214d4b,arcgis_dynamic_map_layer,https://milwaukeemaps.milwaukee.gov/arcgis/rest/services/reference/reference_map/MapServer/7,
22362669-ecff-43e4-a7ce-9cdb0c7c90b4,arcgis_dynamic_map_layer,https://milwaukeemaps.milwaukee.gov/arcgis/rest/services/planning/special_districts/MapServer/21,
ebfe867b-51d7-4a0c-a452-c08595a2c485,arcgis_dynamic_map_layer,https://milwaukeemaps.milwaukee.gov/arcgis/rest/services/planning/special_districts/MapServer/3,
1301738f-4b4a-4f73-bbaa-a4cac069e371,arcgis_dynamic_map_layer,https://milwaukeemaps.milwaukee.gov/arcgis/rest/services/election/alderman/MapServer/0,
1aba8821-f5f6-4031-b469-5c39c90e99c7,arcgis_dynamic_map_layer,https://milwaukeemaps.milwaukee.gov/arcgis/rest/services/regulation/license/MapServer/0,
75008688-8414-47fa-a211-ab2ba6614f37,arcgis_dynamic_map_layer,https://milwaukeemaps.milwaukee.gov/arcgis/rest/services/reference/reference_map/MapServer/20,
3e238aee-5a21-4e2f-8ae7-803440c5d88a,arcgis_dynamic_map_layer,https://milwaukeemaps.milwaukee.gov/arcgis/rest/services/property/parcels_mprop/MapServer/2,
2469c650-bf2b-465d-8774-0b23b2376ad2,arcgis_dynamic_map_layer,https://milwaukeemaps.milwaukee.gov/arcgis/rest/services/AGO/MPS_School_Districts/MapServer/0,
5a067a87-4e4d-472f-bff0-a1205f31ed94,arcgis_dynamic_map_layer,https://milwaukeemaps.milwaukee.gov/arcgis/rest/services/MPD/MPD_stations/MapServer/0,
0d3c16b3-f44a-47fc-a110-41456c10ee32,arcgis_dynamic_map_layer,https://milwaukeemaps.milwaukee.gov/arcgis/rest/services/MPD/MPD_geography/MapServer/0,
82dfc726-e0fb-4d53-a0c9-e5e4a3fea86a,arcgis_dynamic_map_layer,https://milwaukeemaps.milwaukee.gov/arcgis/rest/services/MPD/MPD_Monthly/MapServer/0,
f8ff7223-8ee6-47d7-b12a-414ae21eab95,arcgis_dynamic_map_layer,https://milwaukeemaps.milwaukee.gov/arcgis/rest/services/planning/special_districts/MapServer/21,
8da0ff31-81ca-4945-a950-fdb1f512464e,arcgis_dynamic_map_layer,https://milwaukeemaps.milwaukee.gov/arcgis/rest/services/planning/special_districts/MapServer/7,
819d28f0-c991-4dde-80a9-41afa98980b4,arcgis_dynamic_map_layer,https://milwaukeemaps.milwaukee.gov/arcgis/rest/services/planning/special_districts/MapServer/6,
1394bc86-9ebb-41e0-86a5-5b0474ad2614,arcgis_dynamic_map_layer,https://milwaukeemaps.milwaukee.gov/arcgis/rest/services/regulation/CLA/MapServer/1,
9e0403ea-868b-48d8-b198-8140cd96a106,arcgis_dynamic_map_layer,https://milwaukeemaps.milwaukee.gov/arcgis/rest/services/planning/special_districts/MapServer/5,
80bc0dca-95b1-4681-b26e-999c978570d9,arcgis_dynamic_map_layer,https://milwaukeemaps.milwaukee.gov/arcgis/rest/services/DPW/DPW_forestry/MapServer/0,
32e79ae0-7ae2-4490-94ca-1ff6d39cf59a,arcgis_dynamic_map_layer,https://milwaukeemaps.milwaukee.gov/arcgis/rest/services/DPW/DPW_Operations/MapServer/0,
04956aaf-77ab-4c63-9143-aff7d9442444,arcgis_dynamic_map_layer,https://milwaukeemaps.milwaukee.gov/arcgis/rest/services/DPW/DPW_Sanitation/MapServer/0,
1b28e780-748e-44a6-83b8-e07651aca529,arcgis_dynamic_map_layer,https://milwaukeemaps.milwaukee.gov/arcgis/rest/services/ECO/MMSD_geography/MapServer,
389ea273-f09c-421e-9bc9-7f614c706118,arcgis_dynamic_map_layer,https://milwaukeemaps.milwaukee.gov/arcgis/rest/services/assessor/assessor/MapServer/0,
0a17dfed-fe14-4457-bc24-b896314702b7,arcgis_dynamic_map_layer,https://milwaukeemaps.milwaukee.gov/arcgis/rest/services/property/parcels_mprop/MapServer/18,
b9dca4a7-64e7-4876-bc04-8909219976f9,arcgis_dynamic_map_layer,https://milwaukeemaps.milwaukee.gov/arcgis/rest/services/property/parcels_mprop/MapServer/16,
4cf21b8e-dd11-4b20-a1ee-08ba8df723f9,arcgis_dynamic_map_layer,https://milwaukeemaps.milwaukee.gov/arcgis/rest/services/DPW/ParkingMeters/MapServer/0,
6582cd2d-c565-434a-af46-239d0ab90015,arcgis_dynamic_map_layer,https://milwaukeemaps.milwaukee.gov/arcgis/rest/services/regulation/CLA/MapServer/1,
262359cd-7da0-4190-898a-e2fff4fc75f2,arcgis_dynamic_map_layer,https://milwaukeemaps.milwaukee.gov/arcgis/rest/services/planning/special_districts/MapServer/12,
27cfe91c-9f36-48be-9070-5e24a2c2928b,arcgis_dynamic_map_layer,https://milwaukeemaps.milwaukee.gov/arcgis/rest/services/regulation/CLA/MapServer/3,
cd24b8f3-bd02-4f90-b688-9f69a84420e3,arcgis_dynamic_map_layer,https://gisdata.alleghenycounty.us/arcgis/rest/services/Addressing/Addressing_Centerlines/MapServer/2,
34f6668d-130d-4e10-b49b-598c43b83d27,arcgis_dynamic_map_layer,https://maps.pasda.psu.edu/arcgis/rest/services/pasda/AlleghenyCounty/MapServer/7,
4988ae5c-a677-4a7f-9bd0-e735c19a8ff3,arcgis_dynamic_map_layer,https://maps.pasda.psu.edu/arcgis/rest/services/pasda/AlleghenyCounty/MapServer/32,
709e4e52-6f82-4cd0-a848-f3e2b3f5d22b,arcgis_dynamic_map_layer,https://maps.pasda.psu.edu/ArcGIS/rest/services/pasda/AlleghenyCounty/MapServer/25,
926d9afe-ea94-4211-9623-d9ad52fd0778,arcgis_dynamic_map_layer,https://gisdata.alleghenycounty.us/arcgis/rest/services/OPENDATA/Buildings/MapServer/0,
1a5135de-cabe-4e23-b5e4-b2b8dd733817,arcgis_dynamic_map_layer,https://gisdata.alleghenycounty.us/arcgis/rest/services/Addressing/ZipCodes/MapServer/0,
c9680779-a640-41b4-8231-8079acfae151,arcgis_feature_layer,https://lio.milwaukeecountywi.gov/arcgis/rest/services/Administrative/Administrative/FeatureServer/9,
2db3b1d4-ce51-4962-82de-db49cc883842,arcgis_feature_layer,https://services1.arcgis.com/YZCmUqbcsUpOKfj7/arcgis/rest/services/PGHWebRCO/FeatureServer/0,
fb9d8835-88f5-48c2-9079-9260bfc34c1a,arcgis_feature_layer,https://services1.arcgis.com/YZCmUqbcsUpOKfj7/arcgis/rest/services/Trails_PGH/FeatureServer/0,
0f9c9c45-9738-49d6-b4e5-de71a1381a9c,arcgis_feature_layer,https://services1.arcgis.com/YZCmUqbcsUpOKfj7/arcgis/rest/services/EMS_Station/FeatureServer/0,
91c6bbfc-e592-4864-af45-3777682e9ad5,arcgis_feature_layer,https://services1.arcgis.com/vdNDkVykv9vEWFX4/arcgis/rest/services/Allegheny_County_Golf_Courses_NEW/FeatureServer/0,
3580b59a-2ce2-4ed9-8997-677449b450f9,arcgis_feature_layer,https://services1.arcgis.com/vdNDkVykv9vEWFX4/arcgis/rest/services/Allegheny_County_Schools/FeatureServer/0,
93634185-1779-45dd-a593-c8e8aba3f95b,arcgis_feature_layer,https://services1.arcgis.com/vdNDkVykv9vEWFX4/arcgis/rest/services/Allegheny_County_Census_Tracts_2020/FeatureServer/0,
34d1c985-621d-4768-8e78-5759c191b7f9,arcgis_feature_layer,https://services1.arcgis.com/vdNDkVykv9vEWFX4/arcgis/rest/services/Allegheny_County_Municipal_Parks_New/FeatureServer/0,
521468b6-a0d4-4522-9291-3f8854790c60,arcgis_feature_layer,https://services1.arcgis.com/vdNDkVykv9vEWFX4/arcgis/rest/services/Landslide_Pomeroy/FeatureServer/0,
9cb09db9-bad9-4f60-a854-1ea479ef601d,arcgis_feature_layer,https://services1.arcgis.com/vdNDkVykv9vEWFX4/arcgis/rest/services/Land_Use/FeatureServer/0,
4f3f06b9-2725-4e76-a236-72ef7737f5d1,arcgis_feature_layer,https://services1.arcgis.com/vdNDkVykv9vEWFX4/arcgis/rest/services/Allegheny_County_Census_Block_Groups_2020/FeatureServer/1,
43035153-cd97-4612-82b9-6a2014e760d5,arcgis_feature_layer,https://services1.arcgis.com/vdNDkVykv9vEWFX4/arcgis/rest/services/Magisterial_District_Judges_Office_Locations/FeatureServer/0,
d63c868f-bf81-4366-8ddc-e25d240e621d,arcgis_feature_layer,https://services1.arcgis.com/vdNDkVykv9vEWFX4/arcgis/rest/services/Index/FeatureServer/0,
0aaf4dd1-716b-4106-b88e-3f07b6cc141a,arcgis_feature_layer,https://services1.arcgis.com/vdNDkVykv9vEWFX4/arcgis/rest/services/Allegheny_County_Pennsylvania_Senate_Districts/FeatureServer/0,
f063ae36-6c90-4c3c-aafe-102a876d0d44,arcgis_feature_layer,https://services1.arcgis.com/vdNDkVykv9vEWFX4/arcgis/rest/services/Hydrology_Areas/FeatureServer/0,
d285f358-154e-4115-b2e2-520ccf48a2f1,arcgis_feature_layer,https://services1.arcgis.com/vdNDkVykv9vEWFX4/arcgis/rest/services/Major_Rivers/FeatureServer/0,
8d3104f6-a1dc-46b0-a2bc-9715af02f543,arcgis_feature_layer,https://services1.arcgis.com/vdNDkVykv9vEWFX4/arcgis/rest/services/Wooded_Areas/FeatureServer/0,
2e68481c-3ba2-43fd-a5d5-b833fb1d89b2,arcgis_feature_layer,https://services1.arcgis.com/vdNDkVykv9vEWFX4/arcgis/rest/services/Basins/FeatureServer/0,
e80cb6b3-b31b-4ca8-a8ae-aee164608100,arcgis_feature_layer,https://services1.arcgis.com/vdNDkVykv9vEWFX4/arcgis/rest/services/Allegheny_County_Boundary/FeatureServer/0,
fbb26682-fcf8-4be0-bb98-defcc01cc985,arcgis_feature_layer,https://services1.arcgis.com/vdNDkVykv9vEWFX4/arcgis/rest/services/CellTowers/FeatureServer/0,
205353f9-9a87-4727-9d57-5fed1d88273f,arcgis_feature_layer,https://services1.arcgis.com/vdNDkVykv9vEWFX4/arcgis/rest/services/Magisterial_Districts/FeatureServer/0,
c6276e3b-7f6a-4680-a018-420468b01133,arcgis_feature_layer,https://services1.arcgis.com/vdNDkVykv9vEWFX4/arcgis/rest/services/Allegheny_County_Owned_Bridge_Centerlines/FeatureServer/0,
b1137baf-7316-4e2b-8dbf-a8a72469fce3,arcgis_feature_layer,https://services1.arcgis.com/vdNDkVykv9vEWFX4/arcgis/rest/services/Public_Buildings/FeatureServer/0,
2194aa30-f6af-487d-9f9f-033e31192d6c,arcgis_feature_layer,https://services1.arcgis.com/vdNDkVykv9vEWFX4/arcgis/rest/services/Watersheds/FeatureServer/0,
78115312-761a-4841-8fd6-2442acdb7cce,arcgis_feature_layer,https://services1.arcgis.com/vdNDkVykv9vEWFX4/arcgis/rest/services/Trails/FeatureServer/0,
93770e04-4378-4637-b449-aac1677b8fd7,arcgis_feature_layer,https://services1.arcgis.com/vdNDkVykv9vEWFX4/arcgis/rest/services/Allegheny_County_WIC_Vendor_Locations/FeatureServer/0,
df953315-6b4d-47e6-9502-d5a6af83d993,arcgis_feature_layer,https://services1.arcgis.com/vdNDkVykv9vEWFX4/arcgis/rest/services/Allegheny_County_Election_Districts/FeatureServer/0,
a00402b4-dd73-46fc-8a18-99c3709c5881,arcgis_feature_layer,https://services1.arcgis.com/vdNDkVykv9vEWFX4/arcgis/rest/services/PUBLIC_Polling_Places_(November_2020)/FeatureServer/0,
73eb573e-cc12-4f29-8e69-17f7975c89cb,arcgis_feature_layer,https://services1.arcgis.com/vdNDkVykv9vEWFX4/arcgis/rest/services/Council_Districts/FeatureServer/0,
e41c0a67-837f-460c-94a9-6650b74f10da,arcgis_feature_layer,https://services1.arcgis.com/vdNDkVykv9vEWFX4/arcgis/rest/services/Allegheny_County_School_Districts/FeatureServer/0,
a696c68a-7233-4415-84c9-5d641e37f3bc,arcgis_feature_layer,https://services1.arcgis.com/vdNDkVykv9vEWFX4/arcgis/rest/services/AlCo_Parks_Polygons_DD/FeatureServer/0,
829733f9-61dd-48ad-a68c-e5193d3ce14b,arcgis_feature_layer,https://services1.arcgis.com/vdNDkVykv9vEWFX4/arcgis/rest/services/Land_Cover/FeatureServer/0,
c5e96c79-d968-403e-9945-e798703ff440,arcgis_feature_layer,https://services1.arcgis.com/vdNDkVykv9vEWFX4/arcgis/rest/services/DPW_Maintenance_Districts/FeatureServer/0,
7e26b7ca-26c1-4185-b33f-d17f4c6af9de,arcgis_feature_layer,https://services1.arcgis.com/vdNDkVykv9vEWFX4/arcgis/rest/services/Allegheny_County_Beltway_System_Roads/FeatureServer/0,
676409b6-c7d2-476f-b87d-e1d707c8aa36,arcgis_feature_layer,https://services1.arcgis.com/vdNDkVykv9vEWFX4/arcgis/rest/services/Allegheny_County_Dam_Locations/FeatureServer/0,
c16b5379-3f99-4bdf-8d52-63fd25676d6e,arcgis_feature_layer,https://services1.arcgis.com/vdNDkVykv9vEWFX4/arcgis/rest/services/Allegheny_County_Park_Features/FeatureServer/0,
4b94de97-eed9-4717-ad85-bab8d227a457,arcgis_feature_layer,https://services1.arcgis.com/vdNDkVykv9vEWFX4/arcgis/rest/services/Hydrology_Lines/FeatureServer/0,
2fa577d6-1a6b-46a8-8165-27fecac1dee5,arcgis_feature_layer,https://services1.arcgis.com/vdNDkVykv9vEWFX4/arcgis/rest/services/AlleghenyCountyMunicipalBoundaries/FeatureServer/0,
7973ae28-2f11-46c0-9cbb-59af8b9271b7,arcgis_feature_layer,https://services1.arcgis.com/vdNDkVykv9vEWFX4/arcgis/rest/services/Allegheny_County_Cemeteries_NEW/FeatureServer/0,
749d1cdb-cd9e-4da2-bfdc-1fe299f9ba84,arcgis_feature_layer,https://services1.arcgis.com/vdNDkVykv9vEWFX4/arcgis/rest/services/Soils/FeatureServer/0,
582f82cb-800b-42b4-85a5-883ce46fceab,arcgis_feature_layer,https://services1.arcgis.com/vdNDkVykv9vEWFX4/arcgis/rest/services/AlleghenyCountyOwnedRoadsCenterlines/FeatureServer/0,
7bec7990-e46e-4cda-b595-246da73d7280,arcgis_feature_layer,https://services1.arcgis.com/YZCmUqbcsUpOKfj7/arcgis/rest/services/Fire_Station/FeatureServer/0,
ee23d41a-7c7d-4093-9245-b1691b7b9b4d,arcgis_feature_layer,https://services1.arcgis.com/YZCmUqbcsUpOKfj7/arcgis/rest/services/High_Injury_Network/FeatureServer/0,
7123fa53-04e3-445d-9a98-ca130fc062af,arcgis_feature_layer,https://services1.arcgis.com/YZCmUqbcsUpOKfj7/arcgis/rest/services/PGHZoningRiverfrontHeightOverlay/FeatureServer/0,
9ebd073b-f637-4f33-a7c2-619d23dd085a,arcgis_feature_layer,https://services1.arcgis.com/YZCmUqbcsUpOKfj7/arcgis/rest/services/PavementPublic/FeatureServer/0,
e43ad211-523f-4f7d-8f96-e65d5a10a5df,arcgis_feature_layer,https://services1.arcgis.com/YZCmUqbcsUpOKfj7/arcgis/rest/services/Ballfields_PGH/FeatureServer/0,
96d43314-a8d6-4c74-86dc-4625e1eff8e8,arcgis_feature_layer,https://services1.arcgis.com/YZCmUqbcsUpOKfj7/arcgis/rest/services/PGHWebPPATerminals/FeatureServer/0,
d3b826ab-02e9-47a2-a0bf-68a741007721,arcgis_feature_layer,https://services1.arcgis.com/YZCmUqbcsUpOKfj7/arcgis/rest/services/ParkingMeterAreas/FeatureServer/0,
706febd5-e08c-425f-90bd-f1ad8af1ce0f,arcgis_feature_layer,https://services1.arcgis.com/YZCmUqbcsUpOKfj7/arcgis/rest/services/PGHWebCDBG2018Blockgroups/FeatureServer/0,
bdd1b7d7-a2a8-4773-ad02-f062fda9a29e,arcgis_feature_layer,https://services1.arcgis.com/YZCmUqbcsUpOKfj7/arcgis/rest/services/PGHWebCDBG2018CensusTracts/FeatureServer/0,
d4492d7d-58f4-415f-9ffe-cc0152187468,arcgis_feature_layer,https://services1.arcgis.com/YZCmUqbcsUpOKfj7/arcgis/rest/services/PGH_Watersheds/FeatureServer/0,
7bd99c7c-e824-4710-894b-73721bef6f88,arcgis_feature_layer,https://services1.arcgis.com/YZCmUqbcsUpOKfj7/arcgis/rest/services/PGHWebEMSDistricts/FeatureServer/0,
4c9b78ee-d044-418d-97c9-130ccdcb3435,arcgis_feature_layer,https://services1.arcgis.com/YZCmUqbcsUpOKfj7/arcgis/rest/services/PGHWebFEMA2014/FeatureServer/0,
8039a2c9-fc4d-464d-bb21-e43738be94cc,arcgis_feature_layer,https://services1.arcgis.com/YZCmUqbcsUpOKfj7/arcgis/rest/services/PGHWebPoliceSectors/FeatureServer/0,
412a036d-cf8c-4b72-8525-878b533a2641,arcgis_feature_layer,https://services1.arcgis.com/YZCmUqbcsUpOKfj7/arcgis/rest/services/PGHWebPoliceZones/FeatureServer/0,
e07ba390-7483-4f16-a695-0b6367ef9164,arcgis_feature_layer,https://services1.arcgis.com/YZCmUqbcsUpOKfj7/arcgis/rest/services/PGHWebDPWDivisions/FeatureServer/0,
e672f13d-71c4-4a66-8f38-710e75ed80a4,arcgis_feature_layer,https://services1.arcgis.com/YZCmUqbcsUpOKfj7/arcgis/rest/services/PGHWebNeighborhoods/FeatureServer/0,
72f4488a-9eec-4cc3-be3b-f13a8c6dc72d,arcgis_feature_layer,https://services1.arcgis.com/YZCmUqbcsUpOKfj7/arcgis/rest/services/PGHWebRPPP/FeatureServer/0,
0f643c56-1c53-4c88-824d-3a3876c0d3a0,arcgis_feature_layer,https://services1.arcgis.com/YZCmUqbcsUpOKfj7/arcgis/rest/services/PGHWebSlope25/FeatureServer/0,
353f0870-8e5d-43c0-91fc-85eeae66c675,arcgis_feature_layer,https://services1.arcgis.com/YZCmUqbcsUpOKfj7/arcgis/rest/services/DPWEnvironmentalServicesDivisions/FeatureServer/0,
ea849f53-0aa9-4621-b9fb-e8dc323d3a9e,arcgis_feature_layer,https://services1.arcgis.com/YZCmUqbcsUpOKfj7/arcgis/rest/services/PGHWebUndermined/FeatureServer/0,
4a86cee6-033f-41d2-bc56-6a9480819117,arcgis_feature_layer,https://services1.arcgis.com/YZCmUqbcsUpOKfj7/arcgis/rest/services/PGH_DPWDivisions/FeatureServer/0,
fd2f4880-e245-4c46-8071-5a364efa0abf,arcgis_feature_layer,https://services1.arcgis.com/YZCmUqbcsUpOKfj7/arcgis/rest/services/PGHWebFirezones/FeatureServer/0,
8249c8b6-37c6-4849-abe7-c9abbcdf6197,arcgis_feature_layer,https://services1.arcgis.com/YZCmUqbcsUpOKfj7/arcgis/rest/services/CouncilDistricts2022/FeatureServer/0,
2ee7c48c-6fcf-407a-a8ca-477bdcfffda7,arcgis_feature_layer,https://services1.arcgis.com/YZCmUqbcsUpOKfj7/arcgis/rest/services/PGHWEBCHDIndividialProperties/FeatureServer/0,
01773197-baba-4f5e-aa77-ae87a04afafc,arcgis_feature_layer,https://services1.arcgis.com/YZCmUqbcsUpOKfj7/arcgis/rest/services/PGHWebZoning/FeatureServer/0,
8820c384-1424-45dd-a2bb-366a6a7c6d1b,arcgis_feature_layer,https://services1.arcgis.com/YZCmUqbcsUpOKfj7/arcgis/rest/services/PGHWebGreenways/FeatureServer/0,
766bbec2-e744-408e-9c8c-a58b662b6007,arcgis_feature_layer,https://services1.arcgis.com/YZCmUqbcsUpOKfj7/arcgis/rest/services/PGHWebWards/FeatureServer/0,
e298e2ae-07c0-4aa4-a2ca-2c8db845b552,arcgis_feature_layer,https://services1.arcgis.com/YZCmUqbcsUpOKfj7/arcgis/rest/services/PGHWebParks/FeatureServer/0,
8f92ae09-4cfa-4e0d-9c46-779a66d93d1e,arcgis_feature_layer,https://services1.arcgis.com/YZCmUqbcsUpOKfj7/arcgis/rest/services/PGHWebCHDHistoricDistricts/FeatureServer/0,
6eb1be84-7abe-45c3-8a37-90db80ea6149,arcgis_feature_layer,https://services1.arcgis.com/YZCmUqbcsUpOKfj7/arcgis/rest/services/PGHWebLandslideProne/FeatureServer/0,
9d35d609-e8f9-4c51-9dce-e7dd14e252d4,arcgis_feature_layer,https://services1.arcgis.com/YZCmUqbcsUpOKfj7/arcgis/rest/services/PittsburghSteps/FeatureServer/0,
66b6bc87-586d-44de-9c8e-8df26a5f1083,arcgis_feature_layer,https://services1.arcgis.com/vdNDkVykv9vEWFX4/arcgis/rest/services/Allegheny_County_Owned_Bridges_points/FeatureServer/0,
ed485f75-044f-4614-b35d-65ff73dc46c3,arcgis_feature_layer,https://services1.arcgis.com/vdNDkVykv9vEWFX4/arcgis/rest/services/Allegheny_County_Public_Schools/FeatureServer/0,
2a0c1b95-6154-4a67-8074-ad3d5c67ada1,arcgis_feature_layer,https://services1.arcgis.com/vdNDkVykv9vEWFX4/arcgis/rest/services/Allegheny_County_Private_Schools/FeatureServer/0,
8f294d6e-d3f6-491d-98d3-75eaa23e1d8b,arcgis_feature_layer,https://services1.arcgis.com/vdNDkVykv9vEWFX4/arcgis/rest/services/Allegheny_County_Voting_District_Boundaries_Ward_District_Labels/FeatureServer/0,
097b4123-6586-49df-af21-5b0f1a28372c,arcgis_feature_layer,https://services1.arcgis.com/vdNDkVykv9vEWFX4/arcgis/rest/services/Allegheny_County_Farmers_Markets_(2017)/FeatureServer/0,
72b9aef0-d9f1-453b-905b-200e8725ddc7,arcgis_feature_layer,http://www.arcgis.com/home/webmap/viewer.html?url=http://services1.arcgis.com/vdNDkVykv9vEWFX4/ArcGIS/rest/services/Allegheny_County_Pennsylvania_Senate_Districts/FeatureServer&source=sd,
61da498f-8a6e-4754-b8e8-67c25fd8ea05,arcgis_feature_layer,https://services1.arcgis.com/vdNDkVykv9vEWFX4/arcgis/rest/services/TIF_Exclusions/FeatureServer/0,
31d1d279-7f81-466d-8aca-83a78719eaf8,arcgis_feature_layer,https://services1.arcgis.com/vdNDkVykv9vEWFX4/arcgis/rest/services/Blocks/FeatureServer/0,
c725355a-d52b-415b-b02f-5cb5291a5298,arcgis_feature_layer,https://services1.arcgis.com/vdNDkVykv9vEWFX4/arcgis/rest/services/Allegheny_County_Pennsylvania_House_of_Representatives_Districts/FeatureServer/0,
c2c77da0-0056-405c-afe6-cb1a61bdec56,arcgis_feature_layer,https://services1.arcgis.com/vdNDkVykv9vEWFX4/arcgis/rest/services/Allegheny_County_Pennsylvania_Congressional_Districts_2018/FeatureServer/0,
ffb63b59-1412-4037-8209-4e6541d7e781,arcgis_feature_layer,https://services1.arcgis.com/YZCmUqbcsUpOKfj7/arcgis/rest/services/PGHWebParkingReductionOverlay/FeatureServer/0,
ebfb03b2-4cf0-4423-8041-a8ec923ceb7c,arcgis_feature_layer,https://services1.arcgis.com/YZCmUqbcsUpOKfj7/arcgis/rest/services/CityBoundary/FeatureServer/0,
cac22c7f-3f42-441a-9d4e-2db9bce2e2ff,arcgis_feature_layer,https://services1.arcgis.com/YZCmUqbcsUpOKfj7/arcgis/rest/services/PGH_Neighborhoods_SNAP_OD/FeatureServer/0,
d56b2e08-3dc6-41b7-952a-0b520d00b59e,arcgis_feature_layer,https://services1.arcgis.com/YZCmUqbcsUpOKfj7/arcgis/rest/services/PGHWebBaumCentreOverlay/FeatureServer/0,
d0611e28-edb1-4b3e-9147-60002942d27d,arcgis_feature_layer,https://services1.arcgis.com/YZCmUqbcsUpOKfj7/arcgis/rest/services/PGHWebPlanningSectors/FeatureServer/0,
06c15511-37dd-44eb-9148-73c135457b07,arcgis_feature_layer,https://services1.arcgis.com/YZCmUqbcsUpOKfj7/arcgis/rest/services/PGHWebUptownIPOD/FeatureServer/0,
55369cb9-9335-4bdf-8bb1-07a56815aa5d,arcgis_feature_layer,https://services1.arcgis.com/YZCmUqbcsUpOKfj7/arcgis/rest/services/PGHWebPre2018DPWDivisions/FeatureServer/0,
c1f2fc55-c2f3-4c0b-bb8d-7aba51bd1aee,arcgis_feature_layer,https://services1.arcgis.com/YZCmUqbcsUpOKfj7/arcgis/rest/services/PGHWebFireDistricts/FeatureServer/0,
7119f9bd-b7a3-4f41-a607-27880b0981d8,arcgis_feature_layer,https://services1.arcgis.com/YZCmUqbcsUpOKfj7/arcgis/rest/services/PGHWEBNorthSideCommercialParkingOverlay/FeatureServer/0,
a6a84421-6484-4698-b55e-4ae57aaaae2f,arcgis_feature_layer,https://services1.arcgis.com/YZCmUqbcsUpOKfj7/arcgis/rest/services/PGHBridges/FeatureServer/0,
551d7959-8082-4685-bb30-7714fce1d1bf,arcgis_feature_layer,https://services1.arcgis.com/YZCmUqbcsUpOKfj7/arcgis/rest/services/MeteredStreets/FeatureServer/0,
2a8e1150-5ab0-4cbf-800e-d4d3a8a7182f,arcgis_feature_layer,https://services1.arcgis.com/YZCmUqbcsUpOKfj7/arcgis/rest/services/PGHWebBlockgroups2010/FeatureServer/0,
4699bc46-8a74-44ed-9bef-f22dd595a964,arcgis_feature_layer,https://services1.arcgis.com/YZCmUqbcsUpOKfj7/arcgis/rest/services/PGHWebCensusTracts2010/FeatureServer/0,
5b28354f-ca2d-4894-aa49-1a10c6678942,arcgis_feature_layer,https://services1.arcgis.com/YZCmUqbcsUpOKfj7/arcgis/rest/services/PGHWebRiverfrontOverlay/FeatureServer/0,
cd57a067-bc00-46ee-924e-676eaa3221ec,arcgis_feature_layer,https://services1.arcgis.com/YZCmUqbcsUpOKfj7/arcgis/rest/services/PGHWebParksOSPTransition/FeatureServer/0,
cb7e34ce-3dbe-4f4b-b2cd-fd368371d00b,arcgis_feature_layer,https://services1.arcgis.com/vdNDkVykv9vEWFX4/arcgis/rest/services/TIF_Boundaries/FeatureServer/0,
3725d722-1c07-42f9-8faa-02ba0d9f7a7a,arcgis_feature_layer,https://services1.arcgis.com/vdNDkVykv9vEWFX4/arcgis/rest/services/WiFi_Locations_Public/FeatureServer/0,
0c0b35a2-74b0-47dc-aa04-960b396895fa,arcgis_feature_layer,https://services1.arcgis.com/vdNDkVykv9vEWFX4/arcgis/rest/services/Allegheny_County_Blocks_2016/FeatureServer/0,
2300533b-2cd9-4d72-ab43-7c129d8dd7b9,arcgis_feature_layer,https://services1.arcgis.com/vdNDkVykv9vEWFX4/arcgis/rest/services/Allegheny_County_Block_Groups_2016/FeatureServer/0,
1cef82de-5e67-448e-bdc0-a491b0f9d7db,arcgis_feature_layer,https://services1.arcgis.com/vdNDkVykv9vEWFX4/arcgis/rest/services/Allegheny_County_Census_Tracts_2016/FeatureServer/0,
a84df4e3-8ec6-48d0-9d68-194a89d5a8b2,arcgis_feature_layer,https://services1.arcgis.com/YZCmUqbcsUpOKfj7/arcgis/rest/services/DPWParkMaintenance/FeatureServer/0,
ce47b2df-a69a-491c-9099-9f20129cf67d,arcgis_feature_layer,https://services1.arcgis.com/YZCmUqbcsUpOKfj7/arcgis/rest/services/BeautifyBurgh/FeatureServer/0,
817e4813-0d0d-4368-a139-faef9f89b190,documentation_download,https://ckan.a2gov.org/dataset/817e4813-0d0d-4368-a139-faef9f89b190/resource/1d777c15-37fc-4ec0-ac08-6a17fac2a532/download/solid-waste-metadata-documentation.pdf,
22362669-ecff-43e4-a7ce-9cdb0c7c90b4,documentation_download,https://data.milwaukee.gov/dataset/22362669-ecff-43e4-a7ce-9cdb0c7c90b4/resource/d4068535-de83-439a-9cdc-7da13cf4d453/download/nsp-5-1-19.pdf,
562ab824-48a5-42cd-b714-87e205e489ba,documentation_download,https://data.milwaukee.gov/dataset/562ab824-48a5-42cd-b714-87e205e489ba/resource/3d94613b-a1df-4ed1-86d9-d9205925e2ab/download/mprop_fall_2024.pdf,
566af1a6-0499-4766-a89e-2f2a4b4d6e2d,documentation_download,https://city.milwaukee.gov/ImageLibrary/Public/GIS/MAI.pdf,
3e238aee-5a21-4e2f-8ae7-803440c5d88a,documentation_download,https://data.milwaukee.gov/dataset/3e238aee-5a21-4e2f-8ae7-803440c5d88a/resource/eb00811b-0e0f-4259-a2e4-c5cbc8d67818/download/mprop_documentation.pdf,
d1969887-3718-4441-83bf-c2ac11115f38,documentation_download,https://data.milwaukee.gov/dataset/d1969887-3718-4441-83bf-c2ac11115f38/resource/4f50a427-72fb-4eb7-9a39-0c2b585d2e58/download/memo-re-records-mgmt-transition-feb-2026.pdf,
12a4dbf2-3717-4f69-8628-a6299884a564,documentation_download,https://data.milwaukee.gov/dataset/12a4dbf2-3717-4f69-8628-a6299884a564/resource/c23ed028-ed95-4830-9a1d-78714e00201a/download/combinationdivision_documentation.pdf,
79e9d55a-c1ed-457c-ab63-cb8e36235ba8,documentation_download,https://data.milwaukee.gov/dataset/79e9d55a-c1ed-457c-ab63-cb8e36235ba8/resource/a01e9514-b752-4929-897e-78192ae7598d/download/mprop1995dec.pdf,
94cb88ea-c2dd-4af1-91b4-8d8f1d61c4aa,documentation_download,https://data.milwaukee.gov/dataset/94cb88ea-c2dd-4af1-91b4-8d8f1d61c4aa/resource/55ee60fc-5a39-4bb5-ad89-18309c90a6b0/download/summary-report.pdf,
9fa186c6-fb69-4cb7-8865-f8fcba1ae2fd,documentation_download,https://data.milwaukee.gov/dataset/9fa186c6-fb69-4cb7-8865-f8fcba1ae2fd/resource/b8689242-00c8-498c-b09e-dc331d897404/download/mpd-compliance-data-dictionary-q1-2020.pdf,
04197dc0-1cc1-4de8-8454-a2d97d842638,documentation_download,https://data.milwaukee.gov/dataset/04197dc0-1cc1-4de8-8454-a2d97d842638/resource/8c999408-c02b-491f-9e74-718ecc553747/download/mpd-compliance-data-dictionary-redactions-noted.pdf,
eede14b5-aec0-424c-83aa-ac826a1023db,documentation_download,https://data.milwaukee.gov/dataset/eede14b5-aec0-424c-83aa-ac826a1023db/resource/1d3a5132-2579-4562-96f6-bcafdd36439f/download/mpd-compliance-data-dictionary-2019-q1-q2.pdf,
930c7e1a-793f-451c-b1dc-ee55946a0545,documentation_download,https://data.milwaukee.gov/dataset/930c7e1a-793f-451c-b1dc-ee55946a0545/resource/e5df8ba0-dde6-4b99-ac2d-b3245fdcb42f/download/mpd-compliance-data-dictionary-redactions-noted.pdf,
d983db72-2a5a-4359-a793-cc53bf9f7445,documentation_download,https://data.milwaukee.gov/dataset/d983db72-2a5a-4359-a793-cc53bf9f7445/resource/10160d03-37e2-400c-a8cd-a279dc06e01e/download/mpd-compliance-data-dictionary-2019-q3.pdf,
da43dea4-b204-4a85-aa12-a8cebf01c114,documentation_download,https://data.milwaukee.gov/dataset/da43dea4-b204-4a85-aa12-a8cebf01c114/resource/9661ae8e-f1d9-48ea-a7a6-c7bbf32d33cc/download/mpd-compliance-data-dictionary-q4-2019.pdf,
b0e4a98c-ede6-4136-a78a-9d116ada1eef,documentation_download,https://data.milwaukee.gov/dataset/b0e4a98c-ede6-4136-a78a-9d116ada1eef/resource/9c77892a-4af7-455e-b1be-11daf34387d9/download/mpd-compliance-data-dictionary-redactions-noted.pdf,
b5d61080-da2a-43f5-9cb2-8b8f098967fd,documentation_download,https://data.milwaukee.gov/dataset/b5d61080-da2a-43f5-9cb2-8b8f098967fd/resource/0cc546a9-9fd4-4d45-a03e-b39510357173/download/2021-q2-dictionary-and-lookup-files-pdf.zip,
0b1cca02-ed92-4df6-a6ca-76f45b897b46,documentation_download,https://data.milwaukee.gov/dataset/0b1cca02-ed92-4df6-a6ca-76f45b897b46/resource/2de4a151-4cd3-47a0-adad-a60352261eee/download/2021-q3-dictionary-linkage-and-lookup-files-pdf.zip,
4b13c091-bced-44d9-9de8-aed9aa61f130,documentation_download,https://data.milwaukee.gov/dataset/4b13c091-bced-44d9-9de8-aed9aa61f130/resource/f208ca2e-1a5d-47aa-9154-067a900840b0/download/2021-q4-dictionary-linkage-and-lookup-files-pdf.zip,
c032a84e-3fbc-4d3f-a8b4-39011fbc7931,documentation_download,https://data.milwaukee.gov/dataset/c032a84e-3fbc-4d3f-a8b4-39011fbc7931/resource/d421ae17-bf7d-49fc-bfd4-f522389e121f/download/tidhistory.pdf,
8325bd62-d80d-47b8-9bcf-70730afb19ff,documentation_download,https://data.milwaukee.gov/dataset/8325bd62-d80d-47b8-9bcf-70730afb19ff/resource/90fea49d-ddbf-4e29-9548-e1ce95c22688/download/taxdatabycounty.pdf,
71cdc6b8-ee8e-4036-9317-acab014802e5,documentation_download,https://data.milwaukee.gov/dataset/71cdc6b8-ee8e-4036-9317-acab014802e5/resource/842d7c32-fdbe-4204-8449-a96e18872ebb/download/assessmentdatasummary_documentation.pdf,
f2b42684-82c7-4d5c-94b2-390d4dae9c42,documentation_download,https://data.milwaukee.gov/dataset/f2b42684-82c7-4d5c-94b2-390d4dae9c42/resource/414c1277-cedc-4440-b814-81dec1eac628/download/assessedvalues_byclass_bycounty_documentation.pdf,
f83766a7-b644-4817-af9b-f4cc33a016d0,documentation_download,https://data.milwaukee.gov/dataset/f83766a7-b644-4817-af9b-f4cc33a016d0/resource/8e3d349a-b0e1-407a-a817-948cb85a4462/download/2021-q1-dictionary-and-lookup-files-pdf.zip,
b4a2d6be-3736-43a3-a05c-40aad258be30,documentation_download,https://data.milwaukee.gov/dataset/b4a2d6be-3736-43a3-a05c-40aad258be30/resource/3ed7f6c2-ea56-45d9-8769-6b110322dc86/download/acfr-2022.pdf,
4128a13c-913a-46bc-813c-b8c9f92772c3,documentation_download,https://data.milwaukee.gov/dataset/4128a13c-913a-46bc-813c-b8c9f92772c3/resource/d7b1ac13-f2d3-465e-b1a3-5f542713ede7/download/presentation1.pdf,
c7b3266c-adc6-41c0-b19a-8d4353bfcdaf,documentation_download,https://apps.alleghenycounty.us/hd/dailysummary.pdf,
7fb0505e-8e2c-4825-b22c-4fbee8fc8010,documentation_download,http://www.alleghenycountyanalytics.us/wp-content/uploads/2017/04/Opiate-Related-Overdose-Deaths-in-Allegheny-County.pdf,
19beed76-cd72-4fa8-9f8f-c402608ed569,documentation_download,https://data.wprdc.org/dataset/19beed76-cd72-4fa8-9f8f-c402608ed569/resource/e4629d12-80fd-4bb2-82bb-1e7980525998/download/housing-and-community-environment-rules-and-regulations.pdf,
db327693-d758-431e-9f59-a906bdef46b3,documentation_download,https://data.wprdc.org/dataset/db327693-d758-431e-9f59-a906bdef46b3/resource/2591e254-ad85-43a3-907a-362c97047be2/download/kane-data-dictionary.pdf,
d0175115-c16b-48a0-b2cc-ca967b23bd40,documentation_download,https://data.wprdc.org/dataset/d0175115-c16b-48a0-b2cc-ca967b23bd40/resource/b07e2fd6-95fa-4310-93b5-4b89fabc9c49/download/prt-gtfs-tech-doc-20260312.pdf,
ea85f4b5-0b95-41b8-86ee-f1e6d16fc409,documentation_download,https://data.wprdc.org/dataset/ea85f4b5-0b95-41b8-86ee-f1e6d16fc409/resource/25a409ec-b772-4608-9d6e-353305c2e3d8/download/election-results-by-precinct-layout-and-data-dictionary.pdf,
abba9671-a026-4270-9c83-003a1414d628,documentation_download,https://data.wprdc.org/dataset/abba9671-a026-4270-9c83-003a1414d628/resource/cddc1d65-2dd2-455c-9309-68617d882930/download/ringdown-municipalities-2022.pdf,
2b3df818-601e-4f06-b150-643557229491,documentation_download,https://data.wprdc.org/dataset/2b3df818-601e-4f06-b150-643557229491/resource/cc4bafd2-25b6-41d7-83aa-d16bc211b020/download/allegheny-county-property-assessment-data-user-guide.pdf,
007c3ea8-3f76-4b26-8a09-a14811abf12e,documentation_download,https://ucsur.pitt.edu/files/census/PittsburghNeighborhoodProfiles_January2025.pdf,
42a2155f-edf2-4baf-bac9-6d3e77c4a463,documentation_download,https://data.wprdc.org/dataset/42a2155f-edf2-4baf-bac9-6d3e77c4a463/resource/4ef6f344-7c2b-4a64-9d5a-34232f439a3f/download/rba01-iriselandslidedatabaserep.pdf,
26a17866-0b8b-4eb6-bc0c-6ebcfdd19741,documentation_download,https://data.wprdc.org/dataset/26a17866-0b8b-4eb6-bc0c-6ebcfdd19741/resource/85b29ee5-d67f-4059-8292-4d8553f0cce3/download/lead-paper-9-6-final.pdf,
f7c1d5c6-b9d9-4cb7-b9be-e39ba5f9dc0b,documentation_download,https://data.wprdc.org/dataset/f7c1d5c6-b9d9-4cb7-b9be-e39ba5f9dc0b/resource/fa0db666-d4e6-4745-afdb-1995dac0f5e3/download/0-home-allegheny-county-landslide-portal.pdf,
2706f171-3803-4ee4-bbf7-b8e9014ce490,documentation_download,https://data.wprdc.org/dataset/2706f171-3803-4ee4-bbf7-b8e9014ce490/resource/5d908436-1719-408d-9d4b-67c5f468655e/download/residential-zoning-by-race-final-report-reduced.pdf,
e464669e-4271-4a03-ac31-74c3c1eb583a,documentation_download,https://data.wprdc.org/dataset/e464669e-4271-4a03-ac31-74c3c1eb583a/resource/6221327f-2dc5-4740-9849-98c9fac7735a/download/broadband-map-data-downloads.pdf,
f669d677-c9e2-4d2f-b16f-c9ab5a4f3d10,documentation_download,https://data.wprdc.org/dataset/f669d677-c9e2-4d2f-b16f-c9ab5a4f3d10/resource/d81c8067-7054-47ef-bcbb-219a290f0016/download/allegheny_pittsburgh_mva_executivesummary.pdf,
3130f583-9499-472b-bb5a-f63a6ff6059a,documentation_download,https://data.wprdc.org/dataset/3130f583-9499-472b-bb5a-f63a6ff6059a/resource/c884d6da-588d-45ec-b029-8aaec8018500/download/database-primer-4-15.pdf,
fd29df0b-07c0-4e97-926e-d781dd1f8a8d,documentation_download,https://ucsur.pitt.edu/files/census/PittsburghNeighborhoodProfiles_June2024.pdf,
ff93ac72-a9a0-4c2f-93ca-27edfd78c02a,documentation_download,https://data.wprdc.org/dataset/ff93ac72-a9a0-4c2f-93ca-27edfd78c02a/resource/ee7a2b09-a5d5-4eac-92a9-23bcc6fd4daf/download/methodological-notes.pdf,
13367213-102c-4ff8-9a41-12fda20c16db,documentation_download,https://www.urban.org/sites/default/files/2023-08/Synthetic%20Data%20Infographic.pdf,
9bec1794-2606-4666-81f0-3d38e148f40f,documentation_download,https://data.wprdc.org/dataset/9bec1794-2606-4666-81f0-3d38e148f40f/resource/175e2a90-336e-4ce4-b6a5-2b89e72d98dd/download/data_dictionary_civics.pdf,
9c7da6cf-7492-4ffc-865d-10945a37232a,documentation_download,https://data.wprdc.org/dataset/9c7da6cf-7492-4ffc-865d-10945a37232a/resource/a5161c16-b751-4e15-88fd-64a83b4a6517/download/crime-rate-dictionary1.pdf,
f224ac65-d187-4cc7-914f-32d3da4500d7,documentation_download,https://www.arcgis.com/sharing/rest/content/items/ffb67d3d8b814b54b299a39de81d03b0/data,
33891263-235f-4c6c-af8a-c79b0114a9f9,documentation_download,https://data.wprdc.org/dataset/33891263-235f-4c6c-af8a-c79b0114a9f9/resource/e223b449-8efa-4442-9611-eb02bea141a6/download/state-of-aging-in-allegheny-county-report.pdf,
bce15079-618a-4bf3-badf-8aa372c3aea2,documentation_download,https://data.wprdc.org/dataset/bce15079-618a-4bf3-badf-8aa372c3aea2/resource/d0312436-6446-49f3-8046-0dddab096ab1/download/data-dictionary-arrests-for-major-crimes.pdf,
1876f595-d8a2-4eb2-a64c-ebedf2afa4df,documentation_download,https://data.wprdc.org/dataset/1876f595-d8a2-4eb2-a64c-ebedf2afa4df/resource/f4e02a7c-e025-49f5-8839-2c1978446a93/download/sheriff-sales-data-dictionary.pdf,
de1cf8b8-094c-4b6f-804b-02cffad4233a,documentation_download,https://data.wprdc.org/dataset/de1cf8b8-094c-4b6f-804b-02cffad4233a/resource/83365de2-08a6-46b4-9051-8ba5a81bfcd4/download/finalgreenprint-brochure-2014-10-27-2.pdf,
9088f03b-8b4f-479e-bbea-38710e6a2c0a,documentation_download,https://data.wprdc.org/dataset/9088f03b-8b4f-479e-bbea-38710e6a2c0a/resource/f7a3851b-904a-4ae9-985a-86cd266c906d/download/allegheny-county-market-value-analysis-mva.pdf,
fd14f748-3b6e-4faa-ae4a-1921d105751e,documentation_download,https://data.wprdc.org/dataset/fd14f748-3b6e-4faa-ae4a-1921d105751e/resource/ed8803fd-ff4f-4af0-a045-2e5590f324e8/download/opportunity-243-smartstreetlightsrfi.pdf,
7c234430-f48b-40a7-99dc-a883dedc1d48,documentation_download,https://data.wprdc.org/dataset/7c234430-f48b-40a7-99dc-a883dedc1d48/resource/36540b09-5a51-42f4-8811-41474e7543ef/download/fire-districts-data-dictionary.pdf,
f0f9d2cf-ecd1-4d6b-9291-78707af92b3c,documentation_download,https://data.wprdc.org/dataset/f0f9d2cf-ecd1-4d6b-9291-78707af92b3c/resource/0c1a79eb-0d0a-4ec7-9233-c5eead89ce9e/download/crash-data-primer.pdf,
8f443521-71f1-496b-8495-2ca0460a0c05,documentation_download,https://data.wprdc.org/dataset/8f443521-71f1-496b-8495-2ca0460a0c05/resource/dbeba5cc-ad74-46e5-bea5-7823431c7b94/download/crash-data-primer.pdf,
77de8d0f-1dfc-4148-b811-97b3520c18c5,documentation_download,https://data.wprdc.org/dataset/77de8d0f-1dfc-4148-b811-97b3520c18c5/resource/c2e80cb0-7638-4b5f-a468-5f26136a4d01/download/spcregpnrdatadictionary.pdf,
d9bf4afc-0fbb-4d12-9c63-7de76965f84e,documentation_download,https://www.pghschools.org/site/handlers/filedownload.ashx?moduleinstanceid=2166&dataid=3027&FileName=News%20Release-%20District%20Proposes%20New%20Feeder%20Patterns%20Based%20on%20Realignment%20Plan.pdf,
cde6ac1b-d503-4dd8-8d4c-b4f106dd1950,documentation_download,https://data.wprdc.org/dataset/cde6ac1b-d503-4dd8-8d4c-b4f106dd1950/resource/b66471fb-ccd6-4a23-b4db-a001874ad69d/download/mva2016styleguide.pdf,
fbc918c8-089a-4a27-9908-fb50f5a6dedc,documentation_download,https://data.wprdc.org/dataset/fbc918c8-089a-4a27-9908-fb50f5a6dedc/resource/628dd06a-1588-4226-b1df-fa946cf7ac7d/download/crash-data-primer.pdf,
1a524b15-fb02-46d4-9c27-a262cf12edbb,documentation_download,https://data.wprdc.org/dataset/1a524b15-fb02-46d4-9c27-a262cf12edbb/resource/0b444abc-6923-4119-a1c2-a8acf13a2959/download/crash-data-primer.pdf,
dd4d4782-48fd-4256-a647-5aab347db70b,documentation_download,https://data.wprdc.org/dataset/dd4d4782-48fd-4256-a647-5aab347db70b/resource/03056320-5e60-4294-8313-9d4fa76cceb9/download/2016-report-to-the-community-complete-version.pdf,
f7ccd6d1-b38e-4b08-aba1-b78b4e9483ca,documentation_download,https://data.wprdc.org/dataset/f7ccd6d1-b38e-4b08-aba1-b78b4e9483ca/resource/2165efd7-701e-4363-84b5-572fbfbe262a/download/about-tracts-and-boundary-changes.pdf,
95af9f2c-61c8-446b-ae72-852e195684f3,documentation_download,https://data.wprdc.org/dataset/95af9f2c-61c8-446b-ae72-852e195684f3/resource/3f4fb86e-16ce-40f1-90ee-29b482a9eff4/download/preliminarycityneighborhood_pl94171summary.pdf,
a60b5473-a3dd-48e7-b6b4-89b81b66945c,documentation_external,https://ckan.a2gov.org/dataset/weather-sensor-data,
817e4813-0d0d-4368-a139-faef9f89b190,documentation_external,https://ckan.a2gov.org/dataset/monthly-solid-waste-totals,
7277c199-1913-46f7-bada-40fe325f4094,documentation_external,https://ckan.a2gov.org/dataset/pfas-sampling-data,
3b531fba-bf1e-44a4-ae30-7caaaa76f705,documentation_external,https://ckan.a2gov.org/dataset/air-quality-sensor-data,
9c24a5f2-df1f-4174-9dde-b7c7eda3a84d,documentation_external,https://ckan.a2gov.org/dataset/rainfall-at-city-operated-rain-gauges,
2e46b74c-a050-4420-9d79-591647439042,documentation_external,https://ckan.a2gov.org/dataset/housing-commission-story-map,
970c31c9-c9c4-4082-a173-a97addf91642,documentation_external,https://ckan.a2gov.org/dataset/zoning-districts,
78e6b220-7e8a-439c-9534-16586578fd32,documentation_external,https://ckan.a2gov.org/dataset/city-of-ann-arbor-area-zipcodes,
6b3d940b-cabd-4a55-a3f1-e75fb8770f90,documentation_external,https://ckan.a2gov.org/dataset/waterbodies,
8c6a26f9-1e91-448e-89ca-e83c0126cd94,documentation_external,https://ckan.a2gov.org/dataset/wards-and-precincts,
bb50cfd7-4cd9-4198-b438-0ce1add8acb8,documentation_external,https://ckan.a2gov.org/dataset/university-owned-land,
653f6c44-95a6-4ca7-a4dc-a88cbe1025a3,documentation_external,https://ckan.a2gov.org/dataset/street-trees,
352ac737-a717-4ff0-8501-f2b6315fc77e,documentation_external,https://ckan.a2gov.org/dataset/streetlights,
e40d794d-8b84-4e1a-bc69-aa9ef6135533,documentation_external,https://ckan.a2gov.org/dataset/schools,
b9c4f1d0-c96a-4456-859e-5c80b4ff37d9,documentation_external,https://ckan.a2gov.org/dataset/road-centerline,
81272991-ea42-4845-afbc-c3854c0c2af5,documentation_external,https://ckan.a2gov.org/dataset/polling-locations,
17dd7a5f-5607-4df3-b892-01abca9b1eba,documentation_external,https://ckan.a2gov.org/dataset/parks,
cdac1c7a-8eea-44ef-8a52-0bd71518d8cc,documentation_external,https://ckan.a2gov.org/dataset/non-city-open-spaces,
ede3b10b-c75a-47d8-be37-11957819aa99,documentation_external,https://ckan.a2gov.org/dataset/land-use,
ecbfd4e7-fe1e-4b8d-ab59-0f74e346aefb,documentation_external,https://ckan.a2gov.org/dataset/fire-hydrants,
736f999a-45fe-48fa-9f4a-3c90c858f8c8,documentation_external,https://ckan.a2gov.org/dataset/hotels,
d66f46af-f050-4e5e-a3ef-2bc9de1cc115,documentation_external,https://ckan.a2gov.org/dataset/historic-districts,
b6e43ac2-faac-4964-b166-7f79835106ba,documentation_external,https://ckan.a2gov.org/dataset/greenbelt-properties,
76fb9e96-b00a-40de-8bf1-2414f1bdb4d4,documentation_external,https://ckan.a2gov.org/dataset/greenbelt-area,
868a3adf-10f3-4958-915c-d2d873127976,documentation_external,https://ckan.a2gov.org/dataset/future-land-use,
c2a7caa8-4b91-492f-9092-59127d1da526,documentation_external,https://ckan.a2gov.org/dataset/floodplain-extended-area,
31d056de-af54-43c8-8f5b-f2f34a2553cf,documentation_external,https://ckan.a2gov.org/dataset/floodplain,
c64e800a-725f-4f6b-9a18-58bffdea4acb,documentation_external,https://ckan.a2gov.org/dataset/dda-boundary,
cda8ef3a-bc31-49f0-8071-5271e9035123,documentation_external,https://ckan.a2gov.org/dataset/city-owned-land,
c5d51794-60bb-478e-8cef-da420869d98d,documentation_external,https://ckan.a2gov.org/dataset/city-boundary,
338bf68f-22dc-4c8e-b0f9-bd31dfa855ca,documentation_external,https://ckan.a2gov.org/dataset/catch-basins,
43aacacb-0d98-4cd0-9348-fffeb942027b,documentation_external,https://ckan.a2gov.org/dataset/building-footprints,
20096a60-3bd6-4c60-ad11-11190fe8a789,documentation_external,https://ckan.a2gov.org/dataset/address-points,
2689e35d-9560-48ce-b24f-9da730970ee3,documentation_external,https://ckan.a2gov.org/dataset/energy-benchmarking-performance-metrics-dashboard,
8195794b-6b84-4e1f-a326-29f6f50189c8,documentation_external,https://ckan.a2gov.org/dataset/solid-waste-collection-map,
14422880-83a6-4e44-aab7-ceef1ef4fad1,documentation_external,https://ckan.a2gov.org/dataset/home-energy-score-locator,
e312cf28-79c7-4bb5-91e8-b86b0d854692,documentation_external,https://ckan.a2gov.org/dataset/parcel-viewer-map,
af325e53-8195-41cb-8800-38376c6ff2ff,documentation_external,https://ckan.a2gov.org/dataset/public-plan-map,
7cba24bd-534a-4e18-843f-ecef4495bfff,documentation_external,https://ckan.a2gov.org/dataset/ann-arbor-downtown-development-authority-bikeway-counters,
3f12830b-52ac-40a8-a22b-5be35121e23a,documentation_external,https://ckan.a2gov.org/dataset/zoninbg-map-interactive,
9567b2d4-6e60-4b93-bd52-12c4e43a6eb5,documentation_external,https://ckan.a2gov.org/dataset/ann-arbor-floodplain-map,
48cf5eb2-b329-4806-b997-7afe3892ea65,documentation_external,https://ckan.a2gov.org/dataset/champion-tree-tour-map,
3694ba87-2b64-4713-9534-820cad2a6bf9,documentation_external,https://ckan.a2gov.org/dataset/aapd-crime-dashboard,
4eec14f4-441c-4258-a977-ebcf11efd3ae,documentation_external,https://ckan.a2gov.org/dataset/ann-arbor-circular-economy,
52ce4d19-d161-4041-85e2-b69eafc77cda,documentation_external,https://ckan.a2gov.org/dataset/allen-creek-historic-map,
5934036b-fb53-4c46-af4e-d33a39035988,documentation_external,https://ckan.a2gov.org/dataset/traffic-crashes-dashboard,
fa0b6fab-3059-4e82-a390-aba1b0e9d779,documentation_external,https://ckan.a2gov.org/dataset/street-trees-inventory,
73bbcb6f-de5a-40c6-89a1-d004bf4da78e,documentation_external,https://ckan.a2gov.org/dataset/snow-plow-tracking-map,
1d09cff0-d52a-4b7b-a46c-13712e249804,documentation_external,https://ckan.a2gov.org/dataset/real-time-air-quality-map,
6a735d17-1f51-4812-8cf6-940c27b29299,documentation_external,https://ckan.a2gov.org/dataset/natural-areas-photo-monitoring-map,
4bc805ef-f6c2-4ccc-9f1f-e72cda9a9200,documentation_external,https://ckan.a2gov.org/dataset/pavement-condition-and-planned-road-improvement,
28d4a577-db12-46d1-adb6-cbcc07c3002a,documentation_external,https://ckan.a2gov.org/dataset/a2zero-dashboard,
db5719ec-3c2c-46c0-958c-300c6900191d,documentation_external,https://ckan.a2gov.org/dataset/sidewalk-gaps-prioritization-and-progress,
6905fb26-ce8e-431c-ba8b-30df5c825077,documentation_external,https://ckan.a2gov.org/dataset/public-art-map-tour,
ed3bd641-01e5-4efa-9952-e7804c014251,documentation_external,https://ckan.a2gov.org/dataset/public-seating-map,
98c6da9d-ffb8-45dd-b9ee-a0a8d14d0e64,documentation_external,https://ckan.a2gov.org/dataset/traffic-calming-map,
a2a73471-37e0-47d5-af37-7fb8d3b422ae,documentation_external,https://ckan.a2gov.org/dataset/hydrant-flushing-map,
4bb7459e-ab38-4d87-b0ee-ea46b84b0e72,documentation_external,https://ckan.a2gov.org/dataset/water-service-line-material,
e383dc75-db6e-4093-aefa-b839e12e1156,documentation_external,https://ckan.a2gov.org/dataset/sanitary-pipe-inspections,
dba00c84-c95b-4c2b-8f19-90214563ece7,documentation_external,https://ckan.a2gov.org/dataset/catch-basin-cleaning,
f69175d2-e653-4ca8-a7a3-34f31ffc6bdd,documentation_external,https://ckan.a2gov.org/dataset/street-tree-pruning-map,
e0acfc82-9467-4d9b-8249-08a4ba2c1dad,documentation_external,https://ckan.a2gov.org/dataset/solid-waste-metrics,
f6a19e12-3041-4540-8f4e-2c4fd065c3e1,documentation_external,https://ckan.a2gov.org/dataset/small-cell-wireless-facility-map,
d923e79c-5d84-4a59-baf0-6d1d939e17cd,documentation_external,https://ckan.a2gov.org/dataset/storm-pipe-inspections,
09fdd80d-5d48-40f7-bf88-f97a0c070685,documentation_external,https://ckan.a2gov.org/dataset/plat-map-search,
33ab2e1a-a1dd-40e4-8ce7-319e9626fec0,documentation_external,https://ckan.a2gov.org/dataset/greenbelt-map,
4d2c6f09-8f77-41a7-a427-03e01f5e494a,documentation_external,https://ckan.a2gov.org/dataset/fairview-cemetery-map,
4c6ac598-0361-4fdb-8da6-698a98d53b82,documentation_external,https://ckan.a2gov.org/dataset/active-city-construction-road-and-utility-projects,
717ae824-83a9-4049-8796-66dc70aaf66e,documentation_external,https://ckan.a2gov.org/dataset/wards-and-precincts-map,
7da0837f-fe58-436f-893d-0a85f3bce35b,documentation_external,https://ckan.a2gov.org/dataset/traffic-crash-map,
b7159cb3-6627-4fd9-9c71-56403c865abc,documentation_external,https://ckan.a2gov.org/dataset/stormwater-impervious-surfaces-and-credits-map,
035e691f-f4ec-427e-9851-c053580838b6,documentation_external,https://ckan.a2gov.org/dataset/transportation-map,
ef41baa9-3637-4076-a8ec-98f08812febc,documentation_external,https://ckan.a2gov.org/dataset/street-cut-moratorium-map,
c3b44c2a-06ee-492e-a485-cc79ce4247b7,documentation_external,https://ckan.a2gov.org/dataset/water-quality-measures-dashboard,
da62898c-a3db-4c23-9a31-49cc5b617165,documentation_external,https://ckan.a2gov.org/dataset/1-4-dioxane-monitoring-dashboard,
e8b278eb-d542-49a9-9619-ec4b2ba5f18e,documentation_external,https://ckan.a2gov.org/dataset/major-street-mid-block-crosswalk-streetlight-needs,
33dea21f-6bbc-4ab6-a66b-b713728ed057,documentation_external,https://ckan.a2gov.org/dataset/air-quality-dashboard,
4a05e983-953d-43fd-92ad-6561b273557e,documentation_external,https://ckan.a2gov.org/dataset/bike-lane-obstructions,
125da3b3-e986-4b5f-b023-c67482243115,documentation_external,https://ckan.a2gov.org/dataset/rain-gauges-dashboard,
528a3c35-c5f5-4da0-8dfd-58d3b291376c,documentation_external,https://ckan.a2gov.org/dataset/medical-marijuana-locations-in-ann-arbor,
8797baf9-8d0b-4454-9b32-15bb95c96a2f,documentation_external,https://ckan.a2gov.org/dataset/accessory-dwelling-units-map,
c0283dbf-a2dd-44b4-94c1-96857916b892,documentation_external,https://ckan.a2gov.org/dataset/park-memorial-finder,
b29d40a8-7f9d-409e-a7e7-98cd52d6b890,documentation_external,https://ckan.a2gov.org/dataset/street-sweeping-map,
67ee2368-afdb-47a3-8600-e9c816567e5e,documentation_external,https://ckan.a2gov.org/dataset/on-street-snow-parking-ban-enforcement,
774dc6e9-5fb7-43a6-a5a8-d2fe9d0ac43e,documentation_external,https://ckan.a2gov.org/dataset/city-maintained-sidewalk-snow-removal,
e88ad73b-c500-4061-862b-39cdaef6c429,documentation_external,https://ckan.a2gov.org/dataset/natural-features-inventory-interactive-map,
4eefa60e-e210-4bdf-9108-dc08061547e9,documentation_external,https://ckan.a2gov.org/dataset/capital-improvements-plan,
036e7be6-7209-4c74-bedf-4c86d6f6b199,documentation_external,https://ckan.a2gov.org/dataset/pothole-dispatch-performance,
aa3b6d4b-d349-4118-a7d6-662f9370d53b,documentation_external,https://ckan.a2gov.org/dataset/barton-dam-evacuation,
debc1ca9-f7ba-4215-9eb8-c6a8467086d3,documentation_external,https://ckan.a2gov.org/dataset/floodway,
f2abbaf5-ea54-457b-b78a-4bad5b709c3c,documentation_external,https://ckan.a2gov.org/dataset/park-finder-map,
9748c7c4-6886-4749-828a-89513ddaf1e8,documentation_external,https://ckan.a2gov.org/dataset/a2openbook,
978b4315-bac0-487e-a481-5707f905d4a1,documentation_external,https://ckan.a2gov.org/dataset/neighborhoods,
f0ba2caf-3d44-4574-91f6-e73beeadd8c1,documentation_external,https://ckan.a2gov.org/dataset/aaata-bus-stops,
b2d7dc3c-e357-45b6-8f25-e08df0dc9ce1,documentation_external,https://ckan.a2gov.org/dataset/arpa-funding-dashboard,
474c6d1a-5952-4265-9b87-b80619e90de1,documentation_external,https://ckan.a2gov.org/dataset/pfas-monitoring,
1399bac2-cd16-49aa-9caa-a3d884b1210e,documentation_external,https://data.milwaukee.gov/dataset/dataset-catalog,
27a3101b-41ad-4c59-a1df-a161f80a7176,documentation_external,https://data.milwaukee.gov/dataset/zoning,
e059d8e8-8672-452c-b2a1-074717d7d5fc,documentation_external,https://data.milwaukee.gov/dataset/voting-wards,
dba70269-a380-40cc-8f4e-95f1477f8086,documentation_external,https://data.milwaukee.gov/dataset/tax-incremental-districts-tid,
5c504fa5-caef-4dfa-aa03-58cf778c2975,documentation_external,https://data.milwaukee.gov/dataset/street-car-stops,
65ac773a-fdd9-418b-b9a3-9b0a2f10b72b,documentation_external,https://data.milwaukee.gov/dataset/streetcar-route,
a340360c-630c-4b0f-a23b-f23be8f3066f,documentation_external,https://data.milwaukee.gov/dataset/sixteenth-sections,
8ececff5-0cff-4fdc-a4d3-a9a538fc4c81,documentation_external,https://data.milwaukee.gov/dataset/quarter-sections,
4626b746-5e8c-491e-8500-d7ad83fa1cd8,documentation_external,https://data.milwaukee.gov/dataset/opportunity-zones,
0f5695f6-bca1-46e9-832b-54d1d906d28e,documentation_external,https://data.milwaukee.gov/dataset/neighborhoods,
98565acf-5652-4a14-bcab-78a48b2fce8b,documentation_external,https://data.milwaukee.gov/dataset/milwaukee-public-school-board-districts,
3216a1e4-4286-4247-a0c2-95551d5d268e,documentation_external,https://data.milwaukee.gov/dataset/milwaukee-police-department-squad-areas,
1cb11103-18df-4c6e-b622-859d1e217920,documentation_external,https://data.milwaukee.gov/dataset/milwaukee-police-district,
5d05757c-863b-45cc-8c0b-8667dcf5e780,documentation_external,https://data.milwaukee.gov/dataset/library-service-areas,
1b984aba-5cc1-47e3-8c64-999b6d26ceb6,documentation_external,https://data.milwaukee.gov/dataset/libraries,
13dd602f-0a75-4990-b3c5-fc9bd60fa6d6,documentation_external,https://data.milwaukee.gov/dataset/firehouse-locations,
61436830-335e-4039-b761-e1ab8e214d4b,documentation_external,https://data.milwaukee.gov/dataset/corporate-boundary,
22362669-ecff-43e4-a7ce-9cdb0c7c90b4,documentation_external,https://data.milwaukee.gov/dataset/neighborhood-strategic-planning-areas-nsp,
ebfe867b-51d7-4a0c-a452-c08595a2c485,documentation_external,https://data.milwaukee.gov/dataset/business-improvement-districts-bid,
1301738f-4b4a-4f73-bbaa-a4cac069e371,documentation_external,https://data.milwaukee.gov/dataset/aldermanic-districts,
5a537f5c-10d7-40a2-9b93-3527a4c89fbd,documentation_external,https://data.milwaukee.gov/dataset/wibrarchive,
e5feaad3-ee73-418c-b65d-ef810c199390,documentation_external,https://data.milwaukee.gov/dataset/wibr,
5fafe01d-dc55-4a41-8760-8ae52f7855f1,documentation_external,https://data.milwaukee.gov/dataset/traffic_crash,
562ab824-48a5-42cd-b714-87e205e489ba,documentation_external,https://data.milwaukee.gov/dataset/mprop,
8735b4c2-4298-44d0-84c2-b734be52e30d,documentation_external,https://data.milwaukee.gov/dataset/mfdopendatafire,
1a8bef50-1253-45f0-8a4e-86f7bf515240,documentation_external,https://data.milwaukee.gov/dataset/mfdopendataems,
566af1a6-0499-4766-a89e-2f2a4b4d6e2d,documentation_external,https://data.milwaukee.gov/dataset/mai,
1aba8821-f5f6-4031-b469-5c39c90e99c7,documentation_external,https://data.milwaukee.gov/dataset/liquorlicenses,
e3e95bed-2e2d-424b-885c-1446a0372693,documentation_external,https://data.milwaukee.gov/dataset/legaldescriptions,
279946fe-8425-46ae-89ee-17b17f8de5ee,documentation_external,https://data.milwaukee.gov/dataset/landusecode,
c9e9e5e1-eee6-4889-a0a4-94673bef1287,documentation_external,https://data.milwaukee.gov/dataset/environmentaldcd,
df4127ba-2fb4-40d8-b5bd-14fbf8729f74,documentation_external,https://data.milwaukee.gov/dataset/citypropertymailinglistresident,
7563a990-82b5-4870-a0e9-7c483e3fb830,documentation_external,https://data.milwaukee.gov/dataset/citypropertymailinglistowneroccupied,
7368bfeb-562a-4c49-a6d9-6a7a17eb1e3b,documentation_external,https://data.milwaukee.gov/dataset/citypropertymailinglistownerabsentee,
877a44a5-6ea2-4343-9766-33e199fa982c,documentation_external,https://data.milwaukee.gov/dataset/citypropertymailinglistbusiness,
36be9a79-0c89-45a8-9861-8bae9ac037f4,documentation_external,https://data.milwaukee.gov/dataset/citypropertymailinglist,
16174983-470a-46c1-a925-d4b7ed28cff9,documentation_external,https://data.milwaukee.gov/dataset/callcenterdatahistorical,
a418ffb4-ce90-4a11-a489-d256a3e68a8b,documentation_external,https://data.milwaukee.gov/dataset/callcenterdatacurrent,
9bada2e0-fad5-4545-8674-1b2c8c4e9f2f,documentation_external,https://data.milwaukee.gov/dataset/buildingpermits,
a9d52246-c06e-4ec2-a58e-a53ea0a72ded,documentation_external,https://data.milwaukee.gov/dataset/accelavacantbuilding,
75008688-8414-47fa-a211-ab2ba6614f37,documentation_external,https://data.milwaukee.gov/dataset/streets,
3e238aee-5a21-4e2f-8ae7-803440c5d88a,documentation_external,https://data.milwaukee.gov/dataset/parcel-outlines,
f376a61a-b279-4ff5-b6da-776a3df14ca0,documentation_external,https://data.milwaukee.gov/dataset/delinquent-real-estate-tax-accounts,
72052cc0-93af-4562-963d-906d3297d16e,documentation_external,https://data.milwaukee.gov/dataset/delinquent-personal-property-tax-accounts,
7a8b81f6-d750-4f62-aee8-30ffce1c64ce,documentation_external,https://data.milwaukee.gov/dataset/property-sales-data,
95905131-8293-4d4c-92c3-2d59cda7f29d,documentation_external,https://data.milwaukee.gov/dataset/city-employee-salary-data,
d1969887-3718-4441-83bf-c2ac11115f38,documentation_external,https://data.milwaukee.gov/dataset/fpc-citizen-complaints,
636891bd-8470-4c02-b9ec-1ba7d08a6398,documentation_external,https://data.milwaukee.gov/dataset/2024-4th-quarter-mpd-stop-and-search-data,
bd246e81-3188-4759-9b2f-85ae2b4813b5,documentation_external,https://data.milwaukee.gov/dataset/2024-3rd-quarter-mpd-stop-and-search-data,
65b1bac7-779e-461f-b750-b2106d65bcea,documentation_external,https://data.milwaukee.gov/dataset/2024-1st-quarter-mpd-stop-and-search-data,
4f140cc3-d40e-44c3-8aad-3aa09a383039,documentation_external,https://data.milwaukee.gov/dataset/2024-2nd-quarter-mpd-stop-and-search-data,
12a4dbf2-3717-4f69-8628-a6299884a564,documentation_external,https://data.milwaukee.gov/dataset/combinations-and-divisions,
2469c650-bf2b-465d-8774-0b23b2376ad2,documentation_external,https://data.milwaukee.gov/dataset/milwaukee-public-schools,
67fe8a8a-6c1e-4ee2-acb4-254ad5a791c8,documentation_external,https://data.milwaukee.gov/dataset/drug-drop-off-sites,
79e9d55a-c1ed-457c-ab63-cb8e36235ba8,documentation_external,https://data.milwaukee.gov/dataset/historical-master-property-file,
5a067a87-4e4d-472f-bff0-a1205f31ed94,documentation_external,https://data.milwaukee.gov/dataset/mpd-stations,
0d3c16b3-f44a-47fc-a110-41456c10ee32,documentation_external,https://data.milwaukee.gov/dataset/milwaukee-police-department-reporting-districts,
82dfc726-e0fb-4d53-a0c9-e5e4a3fea86a,documentation_external,https://data.milwaukee.gov/dataset/wibr-crime-monthly,
593c41c4-6061-4409-97aa-ed826868f747,documentation_external,https://data.milwaukee.gov/dataset/election-results,
f8ff7223-8ee6-47d7-b12a-414ae21eab95,documentation_external,https://data.milwaukee.gov/dataset/neighborhood-revitalization-strategy-areas-nrsa,
c9680779-a640-41b4-8231-8079acfae151,documentation_external,https://data.milwaukee.gov/dataset/milwaukee-county-boundaries,
5bed6005-b55f-4885-af0a-9742107033a4,documentation_external,https://data.milwaukee.gov/dataset/city-of-milwaukee-open-checkbook,
ecb6cba7-9af9-40ac-9375-ff6134f466c2,documentation_external,https://data.milwaukee.gov/dataset/total-number-of-city-owned-improved-properties-sold-by-year,
b750123c-9bbc-46a3-86a4-9d1775f62e23,documentation_external,https://data.milwaukee.gov/dataset/me2-residential-program-data,
365ed836-fe4e-40f3-9f2b-45fbefbeb2e4,documentation_external,https://data.milwaukee.gov/dataset/municipal-judge-branch-1-by-ward-feb-21-2017,
915cb1d2-c657-458f-9881-c7ad221a7a0b,documentation_external,https://data.milwaukee.gov/dataset/presidential-race-summary-2016,
41eabcd1-70da-4d16-9146-f313f32e4977,documentation_external,https://data.milwaukee.gov/dataset/district-attorney-race-by-ward-nov-8-2016,
929e0df3-d1c2-450d-9bc8-2c28e79c3ce1,documentation_external,https://data.milwaukee.gov/dataset/county-clerk-race-by-ward-nov-8-2016,
3603cb12-6c1d-4252-b896-fd17d1f3a652,documentation_external,https://data.milwaukee.gov/dataset/county-treasurer-race-by-ward-nov-8-2016,
c48ea33c-c332-430b-8c76-7269986c21ed,documentation_external,https://data.milwaukee.gov/dataset/voter-turnout-by-ward-november-8-2016,
7752e913-89b8-4dfc-bd8f-872edee626da,documentation_external,https://data.milwaukee.gov/dataset/united-states-senator-race-by-ward-nov-8-2016,
df1d59be-17cb-4416-9f8c-f5e31a2fe412,documentation_external,https://data.milwaukee.gov/dataset/state-senator-district-4-race-by-ward-nov-8-2016,
1647b346-c063-47ef-a906-56a3a2bf7ae5,documentation_external,https://data.milwaukee.gov/dataset/representative-of-the-assembly-district-16-race-by-ward-2016,
73fbb957-6c5c-45ff-a85e-e4cb03862291,documentation_external,https://data.milwaukee.gov/dataset/state-senator-district-28-race-by-ward-nov-8-2016,
6a088c6a-e4a6-4698-8165-344c86b618fa,documentation_external,https://data.milwaukee.gov/dataset/representative-of-the-assembly-district-20-race-by-ward-nov-8-2016,
f20d27f5-6708-4cfb-a222-458762209b10,documentation_external,https://data.milwaukee.gov/dataset/representative-in-congress-district-4-race-by-ward-nov-8-2016,
aa789b78-522f-4cf7-8fa3-9d21f7e9a6a7,documentation_external,https://data.milwaukee.gov/dataset/representative-of-the-assembly-district-7-race-by-ward-nov-8-2016,
1a2c1593-ca6c-4f00-85a2-eef530dfde06,documentation_external,https://data.milwaukee.gov/dataset/representative-of-the-assembly-district-14-race-by-ward-nov-8-2016,
806d371e-67fd-4226-a5f6-e069dca75337,documentation_external,https://data.milwaukee.gov/dataset/representative-of-the-assembly-district-18-race-by-ward-nov-8-2016,
a2fbf8dc-f2f5-49d1-a515-50dd99ab9932,documentation_external,https://data.milwaukee.gov/dataset/representative-of-the-assembly-district-8-race-by-ward-nov-8-2016,
61debbc8-441b-4f4b-b944-b09ed366c6b3,documentation_external,https://data.milwaukee.gov/dataset/representative-of-the-assembly-district-9-race-by-ward-nov-8-2016,
5ec89ba2-3180-4499-ae39-c3155b80991c,documentation_external,https://data.milwaukee.gov/dataset/representative-of-the-assembly-district-10-race-by-ward-nov-8-2016,
ac8615ac-9752-4c2d-87e1-af793ad2207b,documentation_external,https://data.milwaukee.gov/dataset/representative-of-the-assembly-district-11-race-by-ward-nov-8-2016,
c1d8e7e8-3d8d-4b2a-8016-839f2ff00315,documentation_external,https://data.milwaukee.gov/dataset/representative-of-the-assembly-district-12-race-by-ward-nov-8-2016,
493e4663-0b4b-4d3b-93e8-7725511d1927,documentation_external,https://data.milwaukee.gov/dataset/representative-of-the-assembly-district-13-race-by-ward-nov-8-2016,
dfac9841-d162-44d0-ad32-6c3fd53c81b2,documentation_external,https://data.milwaukee.gov/dataset/representative-of-the-assembly-district-84-race-by-ward-nov-8-2016,
96041c14-029f-4615-af46-3279a7d547d1,documentation_external,https://data.milwaukee.gov/dataset/state-senator-district-8-race-by-ward-nov-8-2016,
c4b772bd-d4f3-4235-9745-e7ef57ac67a2,documentation_external,https://data.milwaukee.gov/dataset/representative-of-the-assembly-district-22-race-by-ward-nov-8-2016,
8200c781-b85a-4748-a0d9-2771d7066386,documentation_external,https://data.milwaukee.gov/dataset/register-of-deeds-race-by-ward-nov-8-2018,
b024e4ee-0914-4af1-9b44-d29c2d81e49e,documentation_external,https://data.milwaukee.gov/dataset/voter-turnout-by-ward-feb-21-2017,
731f1209-5d44-4fca-94d9-3b7de76e7755,documentation_external,https://data.milwaukee.gov/dataset/representative-of-the-assembly-district-19-race-by-ward-nov-8-2016,
bc13be66-4b14-4f17-9f60-ec88a6791be0,documentation_external,https://data.milwaukee.gov/dataset/state-superintendent-by-ward-feb-21-2017,
b3ef1e5f-d047-45f5-8268-7434fe27ddfa,documentation_external,https://data.milwaukee.gov/dataset/2018-nov-6-milwaukee-county-advisory-referendum,
0ea46a54-7a25-45a4-ac43-8b0eccde7d4f,documentation_external,https://data.milwaukee.gov/dataset/2016-nov-6-state-senator-district-7,
8310faa2-509b-4ca7-9b79-b4bfae6e06f6,documentation_external,https://data.milwaukee.gov/dataset/2018-nov-6-representative-to-the-assembly-district-7,
849a7b0d-a4f0-4d5d-b62c-c2b55e560dea,documentation_external,https://data.milwaukee.gov/dataset/2018-nov-6-unites-states-senator,
2d128e23-4a0d-4624-8606-65aa52181e2d,documentation_external,https://data.milwaukee.gov/dataset/2018-nov-6-sheriff,
e44fd3df-aaf8-47f4-8247-2a19bf0c4efe,documentation_external,https://data.milwaukee.gov/dataset/2018-nov-6-state-treasurer,
b9119877-a6e1-4ad8-b236-163758bc637b,documentation_external,https://data.milwaukee.gov/dataset/2018-nov-6-clerk-of-circuit-court,
f11491a2-01dd-4fdd-875d-d89dca8de636,documentation_external,https://data.milwaukee.gov/dataset/2018-nov-6-state-senator-district-3,
1d146e7b-e52c-4c66-960f-e2fd5f9893af,documentation_external,https://data.milwaukee.gov/dataset/2018-nov-6-representative-to-the-assembly-district-84,
8e98d0b0-760c-4aee-84b5-99978dca6b85,documentation_external,https://data.milwaukee.gov/dataset/2018-nov-6-representative-to-the-assembly-district-21,
e3fcecc3-10f6-438c-bd4e-f3231ee1c8e0,documentation_external,https://data.milwaukee.gov/dataset/2018-nov-6-representative-to-the-assembly-district-18,
eccb42d4-fe91-484f-b400-e81b7f91796f,documentation_external,https://data.milwaukee.gov/dataset/2018-nov-6-representative-to-the-assembly-district-20,
da65f619-830c-404d-93ed-a50c7a4827a8,documentation_external,https://data.milwaukee.gov/dataset/2018-nov-6-representative-to-the-assembly-district-13,
582531c3-212d-4ddf-a225-e9f8bcb5d695,documentation_external,https://data.milwaukee.gov/dataset/2018-nov-6-representative-to-the-assembly-district-11,
9213b8a9-541c-4831-a53f-e13bd39120e5,documentation_external,https://data.milwaukee.gov/dataset/2018-nov-6-representative-to-the-assembly-district-8,
7a42472c-0bc1-4272-9ce6-78fedae19d91,documentation_external,https://data.milwaukee.gov/dataset/2018-nov-6-alderperson-district-5-district-5,
e35080f3-9b7d-485d-ad14-dcf36f6b3bbd,documentation_external,https://data.milwaukee.gov/dataset/2018-nov-6-representative-to-the-assembly-district-16,
e5cf00e1-73d8-4733-b480-1fc649aeb0bd,documentation_external,https://data.milwaukee.gov/dataset/2018-nov-6-representative-to-the-assembly-district-14,
d89c78a3-3708-4548-a414-de6ae4252f60,documentation_external,https://data.milwaukee.gov/dataset/2018-nov-6-secretary-of-state,
2f532484-ad88-4a43-8a14-545ca9f27856,documentation_external,https://data.milwaukee.gov/dataset/2018-nov-6-representative-to-the-assembly-district-9,
807c9164-3e53-4e56-8788-80a5f995b993,documentation_external,https://data.milwaukee.gov/dataset/2018-nov-6-representative-to-the-assembly-district-10,
50fa6b14-6de3-44d9-b8a7-37a86aa329fc,documentation_external,https://data.milwaukee.gov/dataset/2018-nov-6-representative-to-the-assembly-district-17,
86fe7792-88c5-4359-b86e-7edc7541d313,documentation_external,https://data.milwaukee.gov/dataset/2018-nov-6-representative-to-the-assembly-district-19,
d4092730-a456-435f-8ae2-eaec08e3b8ac,documentation_external,https://data.milwaukee.gov/dataset/2018-nov-6-representative-to-the-assembly-district-12,
d9afb18a-5aa6-4684-963b-f4aaca040936,documentation_external,https://data.milwaukee.gov/dataset/representative-of-the-assembly-district-17-race-by-ward-nov-8-2016,
b1028b59-e5c4-4c06-b384-ee2f8a8f21bb,documentation_external,https://data.milwaukee.gov/dataset/2018-nov-6-attorney-general,
be9bbb9b-1966-4fea-902e-c9730c2250d9,documentation_external,https://data.milwaukee.gov/dataset/2018-nov-6-state-senator-district-5-district-5,
a7446787-2146-4093-83e3-25ba8305d7cf,documentation_external,https://data.milwaukee.gov/dataset/2018-nov-8-voter-turnout,
b79e0cbc-ab6d-4469-a1e4-43b664a2b992,documentation_external,https://data.milwaukee.gov/dataset/2018-nov-6-governor-lieutenant-governor,
f9f30fd0-7a9d-4103-946b-e2de0094ae9c,documentation_external,https://data.milwaukee.gov/dataset/call-center-data-visualizations,
1881c9a7-82ca-446a-8c44-e4ac6cc6ed2b,documentation_external,https://data.milwaukee.gov/dataset/2019-spring-election-results,
410b03d9-118f-404d-961a-06c76b29333f,documentation_external,https://data.milwaukee.gov/dataset/2016-election-data,
958b92c4-2798-4928-941d-e201b500aa39,documentation_external,https://data.milwaukee.gov/dataset/2018-primary-election-results,
c3a0c185-bb80-4cbe-80ac-63b149125b79,documentation_external,https://data.milwaukee.gov/dataset/master-property-file-mprop-visualizations,
94cb88ea-c2dd-4af1-91b4-8d8f1d61c4aa,documentation_external,https://data.milwaukee.gov/dataset/2020-spring-election-results,
bfbc4dab-4ed3-49d4-81fe-a2c9fde7a066,documentation_external,https://data.milwaukee.gov/dataset/april-7-2020-spring-election,
376e21f9-57bc-40c5-bc7b-c9f92e148634,documentation_external,https://data.milwaukee.gov/dataset/2020-general-election,
97c948ed-08c5-4c92-b640-2e9bb18e46da,documentation_external,https://data.milwaukee.gov/dataset/voting-ward-demographics,
93af64b1-1460-4cc6-975a-ddf49885493c,documentation_external,https://data.milwaukee.gov/dataset/2018-spring-election-results,
9fa186c6-fb69-4cb7-8865-f8fcba1ae2fd,documentation_external,https://data.milwaukee.gov/dataset/milwaukee-police-department-mpd-stop-and-search-data-1st-quarter-2020,
04197dc0-1cc1-4de8-8454-a2d97d842638,documentation_external,https://data.milwaukee.gov/dataset/milwaukee-police-department-mpd-stop-and-search-data-4th-quarter-2020,
eede14b5-aec0-424c-83aa-ac826a1023db,documentation_external,https://data.milwaukee.gov/dataset/milwaukee-police-department-mpd-stop-and-search-data-1st-2nd-quarter-2019,
930c7e1a-793f-451c-b1dc-ee55946a0545,documentation_external,https://data.milwaukee.gov/dataset/milwaukee-police-department-mpd-stop-and-search-data-3rd-quarter-2020,
d983db72-2a5a-4359-a793-cc53bf9f7445,documentation_external,https://data.milwaukee.gov/dataset/mpd-stop-and-search-data-3rd-quarter-2019,
da43dea4-b204-4a85-aa12-a8cebf01c114,documentation_external,https://data.milwaukee.gov/dataset/milwaukee-police-department-mpd-stop-and-search-data-4th-quarter-2019,
b0e4a98c-ede6-4136-a78a-9d116ada1eef,documentation_external,https://data.milwaukee.gov/dataset/milwaukee-police-department-mpd-stop-and-search-data-2nd-quarter-2020,
b5d61080-da2a-43f5-9cb2-8b8f098967fd,documentation_external,https://data.milwaukee.gov/dataset/2021-2nd-quarter-mpd-stop-and-search-data,
0b1cca02-ed92-4df6-a6ca-76f45b897b46,documentation_external,https://data.milwaukee.gov/dataset/2021-3rd-quarter-mpd-stop-and-search-data,
4b13c091-bced-44d9-9de8-aed9aa61f130,documentation_external,https://data.milwaukee.gov/dataset/2021-4th-quarter-mpd-stop-and-search-data,
c032a84e-3fbc-4d3f-a8b4-39011fbc7931,documentation_external,https://data.milwaukee.gov/dataset/tax-incremental-district-value-history,
8325bd62-d80d-47b8-9bcf-70730afb19ff,documentation_external,https://data.milwaukee.gov/dataset/tax-data-by-county,
71cdc6b8-ee8e-4036-9317-acab014802e5,documentation_external,https://data.milwaukee.gov/dataset/assessment-data-summary,
f2b42684-82c7-4d5c-94b2-390d4dae9c42,documentation_external,https://data.milwaukee.gov/dataset/assessment-data-by-county-by-class,
f83766a7-b644-4817-af9b-f4cc33a016d0,documentation_external,https://data.milwaukee.gov/dataset/2021-1st-quarter-mpd-stop-and-search-data,
7466c225-7e79-4bf3-9260-81f451cb2b59,documentation_external,https://data.milwaukee.gov/dataset/aldermanic-district-demographics,
c0f998f4-81f5-4a7b-abf1-653fa493cd16,documentation_external,https://data.milwaukee.gov/dataset/personal-property-look-up,
10dd6915-31b9-4210-b5f1-51aefe5e7bd7,documentation_external,https://data.milwaukee.gov/dataset/unit-status-detail-historical,
44c5523b-874c-49d9-bbb9-50077b382fc5,documentation_external,https://data.milwaukee.gov/dataset/calls-for-service,
b61a89f7-1604-4b3a-b465-42f5a1e232bc,documentation_external,https://data.milwaukee.gov/dataset/incident-detail-historical,
8da0ff31-81ca-4945-a950-fdb1f512464e,documentation_external,https://data.milwaukee.gov/dataset/strategic-action-plans,
819d28f0-c991-4dde-80a9-41afa98980b4,documentation_external,https://data.milwaukee.gov/dataset/redevelopment-plans,
1394bc86-9ebb-41e0-86a5-5b0474ad2614,documentation_external,https://data.milwaukee.gov/dataset/community-living-arrangement-facilities,
9e0403ea-868b-48d8-b198-8140cd96a106,documentation_external,https://data.milwaukee.gov/dataset/neighborhood-improvement-districts,
80bc0dca-95b1-4681-b26e-999c978570d9,documentation_external,https://data.milwaukee.gov/dataset/dpw-forestry,
32e79ae0-7ae2-4490-94ca-1ff6d39cf59a,documentation_external,https://data.milwaukee.gov/dataset/dpw-operations,
04956aaf-77ab-4c63-9143-aff7d9442444,documentation_external,https://data.milwaukee.gov/dataset/garbage-recycling-collection,
1b28e780-748e-44a6-83b8-e07651aca529,documentation_external,https://data.milwaukee.gov/dataset/mmsd-geography,
389ea273-f09c-421e-9bc9-7f614c706118,documentation_external,https://data.milwaukee.gov/dataset/residential-assessment-neighborhoods,
0a17dfed-fe14-4457-bc24-b896314702b7,documentation_external,https://data.milwaukee.gov/dataset/schools-elementary-secondary,
b9dca4a7-64e7-4876-bc04-8909219976f9,documentation_external,https://data.milwaukee.gov/dataset/parks-and-parkways,
4cf21b8e-dd11-4b20-a1ee-08ba8df723f9,documentation_external,https://data.milwaukee.gov/dataset/dpw-parking,
c71fd9f9-7a2e-4984-8d91-b0935fcc282c,documentation_external,https://data.milwaukee.gov/dataset/bublr,
c84506b8-b070-4371-8012-caceeb081f4f,documentation_external,https://data.milwaukee.gov/dataset/2023-4th-quarter-mpd-stop-and-search-data,
bd03db27-5d7b-4be2-82da-1b9a4054afc3,documentation_external,https://data.milwaukee.gov/dataset/2023-3rd-quarter-mpd-stop-and-search-data,
b6673c8b-4667-4c5f-84ef-086820eb35d0,documentation_external,https://data.milwaukee.gov/dataset/2023-2nd-quarter-mpd-stop-and-search-data,
14816fbd-b730-4090-ae64-1fe4a954a3b4,documentation_external,https://data.milwaukee.gov/dataset/mpd-sc-datasets-2023-q1,
b4a2d6be-3736-43a3-a05c-40aad258be30,documentation_external,https://data.milwaukee.gov/dataset/annual-comprehensive-financial-report,
3957dc5d-0275-479c-b4eb-82013bdf97c3,documentation_external,https://data.milwaukee.gov/dataset/2022-4th-quarter-mpd-stop-and-search-data,
792e7c9d-0093-4b7c-8429-167bc348782c,documentation_external,https://data.milwaukee.gov/dataset/2022-3rd-quarter-mpd-stop-and-search-data,
689f4d88-af5a-4b25-a9b5-990723877a8e,documentation_external,https://data.milwaukee.gov/dataset/2022-2nd-quarter-mpd-stop-and-search-data,
709dd82a-c3a5-4f83-9177-5df049262d02,documentation_external,https://data.milwaukee.gov/dataset/2022-1st-quarter-mpd-stop-and-search-data,
01f8930a-de50-498e-b364-0a8191460eed,documentation_external,https://data.milwaukee.gov/dataset/2018-august-election,
e4e6fc28-0ba5-47f3-ac49-f333a6452ff3,documentation_external,https://data.milwaukee.gov/dataset/2022-partisan-primary,
3a3ec89f-f003-43e6-aa3d-5b842652c7f1,documentation_external,https://data.milwaukee.gov/dataset/2018-november-election,
fe5ee754-4274-4b0a-b6ee-a1af50a90898,documentation_external,https://data.milwaukee.gov/dataset/2021-spring-election,
91e4cadb-9a5d-4d64-919f-6c229dc9e8af,documentation_external,https://data.milwaukee.gov/dataset/milwaukee-water-works-service-area-boundary,
8aefa0bc-c18f-44e5-bdfa-e4a203f25e33,documentation_external,https://data.milwaukee.gov/dataset/city-of-milwaukee-bicycle-network,
6582cd2d-c565-434a-af46-239d0ab90015,documentation_external,https://data.milwaukee.gov/dataset/community-based-residential-facilities-within-city-of-milwaukee,
262359cd-7da0-4190-898a-e2fff4fc75f2,documentation_external,https://data.milwaukee.gov/dataset/targeted-investment-neighborhoods,
27cfe91c-9f36-48be-9070-5e24a2c2928b,documentation_external,https://data.milwaukee.gov/dataset/child-residential-facilities-within-city-of-milwaukee,
42a168a2-9404-4897-964e-be38552ee3ff,documentation_external,https://data.milwaukee.gov/dataset/united-states-census-bureau,
482b8699-54d2-4480-b40d-1fb76a4d211a,documentation_external,https://data.milwaukee.gov/dataset/census-data-api-discovery-tool,
d1ee4f39-d91a-4163-a3ae-155b8e1ee0e9,documentation_external,https://data.milwaukee.gov/dataset/milwaukee-county-transit-system-mcts-api,
4128a13c-913a-46bc-813c-b8c9f92772c3,documentation_external,https://data.milwaukee.gov/dataset/user-tips-sheet,
c7b3266c-adc6-41c0-b19a-8d4353bfcdaf,documentation_external,https://data.wprdc.org/dataset/allegheny-county-air-quality,
9be8e626-504e-44b8-a28a-ed52e8d70e3a,documentation_external,https://data.wprdc.org/dataset/street-closures,
ac32c80c-de99-4444-a9a8-48c0515ac7bb,documentation_external,https://data.wprdc.org/dataset/parking-transactions,
b401859c-412b-4cb6-ad88-a4183b83183d,documentation_external,https://data.wprdc.org/dataset/prt-schedule-period-lookup,
33d5f44b-5315-4374-b3e3-e4246e8ad5c9,documentation_external,https://data.wprdc.org/dataset/prt-of-allegheny-county-transit-stops,
6be8185a-7fc3-48c7-9b8d-716602ea03f0,documentation_external,https://data.wprdc.org/dataset/prt-current-transit-routes,
1d38b5ef-fa53-4c15-9a50-905d4d573292,documentation_external,https://data.wprdc.org/dataset/pittsburgh-parking-meters-and-payment-points,
8069a170-92d1-4f5e-bc03-327bcf262545,documentation_external,https://data.wprdc.org/dataset/pittsburgh-311-data,
3cd6ab18-61aa-4f7d-90fd-0c8341254b67,documentation_external,https://data.wprdc.org/dataset/air-quality-forecast,
d660edf8-9157-45ad-a282-50822badfaae,documentation_external,https://data.wprdc.org/dataset/pittsburgh-pli-violations-report,
8cd7c3cf-3a9e-4bca-967d-6f1808176ca0,documentation_external,https://data.wprdc.org/dataset/temperature-inversions,
d0427f19-7303-43e0-b856-a58130d8cf92,documentation_external,https://data.wprdc.org/dataset/pli-permits,
d15ca172-66df-4508-8562-5ec54498cfd4,documentation_external,https://data.wprdc.org/dataset/allegheny-county-jail-daily-census,
9e0ce87d-07b8-420c-a8aa-9de6104f61d6,documentation_external,https://data.wprdc.org/dataset/real-estate-sales,
7fb0505e-8e2c-4825-b22c-4fbee8fc8010,documentation_external,https://data.wprdc.org/dataset/allegheny-county-fatal-accidental-overdoses,
00af664b-cdd1-444e-bffc-0e3ccb5066f9,documentation_external,https://data.wprdc.org/dataset/allegheny-county-plumbing-inspections,
19beed76-cd72-4fa8-9f8f-c402608ed569,documentation_external,https://data.wprdc.org/dataset/housing-and-community-environment-inspections,
7c0175b7-ff33-43ea-b353-bc2c5199a7ff,documentation_external,https://data.wprdc.org/dataset/allegheny-county-asbestos-permit,
8744b4f6-5525-49be-9054-401a2c4c2fac,documentation_external,https://data.wprdc.org/dataset/allegheny-county-restaurant-food-facility-inspection-violations,
bafa99e3-6773-4dec-95bf-77d34b7754eb,documentation_external,https://data.wprdc.org/dataset/allegheny-county-plumbers,
01894671-26ec-423c-985c-55c66220e433,documentation_external,https://data.wprdc.org/dataset/allegheny-county-park-rangers-outreach,
cd2b3e27-ca31-43e0-a8c6-2e6c43b4050a,documentation_external,https://data.wprdc.org/dataset/allegheny-county-assets,
f9006efd-eac0-467a-a0d2-3b3a9a59cd39,documentation_external,https://data.wprdc.org/dataset/condemned-properties,
db327693-d758-431e-9f59-a906bdef46b3,documentation_external,https://data.wprdc.org/dataset/allegheny-county-kane-regional-center-census,
5b0b8acc-d8fc-4278-bc57-684e2e4faab5,documentation_external,https://data.wprdc.org/dataset/daily-community-center-attendance,
53b09a0f-a419-4cc7-bdd1-4f40ce7515b4,documentation_external,https://data.wprdc.org/dataset/city-owned-properties,
473ec352-da08-4cc2-bc32-20a59b23c0a1,documentation_external,https://data.wprdc.org/dataset/pwsa-inlets,
2db3b1d4-ce51-4962-82de-db49cc883842,documentation_external,https://data.wprdc.org/dataset/registered-community-groups,
fb9d8835-88f5-48c2-9079-9260bfc34c1a,documentation_external,https://data.wprdc.org/dataset/pittsburgh-trails,
0f9c9c45-9738-49d6-b4e5-de71a1381a9c,documentation_external,https://data.wprdc.org/dataset/pittsburgh-ems-stations,
fd140adb-d740-4ce3-b1e7-31f37bf97d88,documentation_external,https://data.wprdc.org/dataset/allegheny-county-weights-and-measures-inspections,
91c6bbfc-e592-4864-af45-3777682e9ad5,documentation_external,https://data.wprdc.org/dataset/golf-courses,
3580b59a-2ce2-4ed9-8997-677449b450f9,documentation_external,https://data.wprdc.org/dataset/allegheny-county-schools,
93634185-1779-45dd-a593-c8e8aba3f95b,documentation_external,https://data.wprdc.org/dataset/allegheny-county-census-tracts-2020,
34d1c985-621d-4768-8e78-5759c191b7f9,documentation_external,https://data.wprdc.org/dataset/allegheny-county-municipal-parks,
521468b6-a0d4-4522-9291-3f8854790c60,documentation_external,https://data.wprdc.org/dataset/landslides-pomeroy-study,
9cb09db9-bad9-4f60-a854-1ea479ef601d,documentation_external,https://data.wprdc.org/dataset/allegheny-county-land-use-areas,
cd24b8f3-bd02-4f90-b688-9f69a84420e3,documentation_external,https://data.wprdc.org/dataset/allegheny-county-addressing-landmarks3,
4f3f06b9-2725-4e76-a236-72ef7737f5d1,documentation_external,https://data.wprdc.org/dataset/allegheny-county-census-blocks-2021,
43035153-cd97-4612-82b9-6a2014e760d5,documentation_external,https://data.wprdc.org/dataset/magisterial-district-judges-office-locations,
d63c868f-bf81-4366-8ddc-e25d240e621d,documentation_external,https://data.wprdc.org/dataset/allegheny-county-map-index-grid,
0aaf4dd1-716b-4106-b88e-3f07b6cc141a,documentation_external,https://data.wprdc.org/dataset/allegheny-county-pennsylvania-senate-district-boundaries,
f063ae36-6c90-4c3c-aafe-102a876d0d44,documentation_external,https://data.wprdc.org/dataset/allegheny-county-hydrology-areas,
d285f358-154e-4115-b2e2-520ccf48a2f1,documentation_external,https://data.wprdc.org/dataset/allegheny-county-major-rivers,
8d3104f6-a1dc-46b0-a2bc-9715af02f543,documentation_external,https://data.wprdc.org/dataset/allegheny-county-wooded-area-boundaries,
2e68481c-3ba2-43fd-a5d5-b833fb1d89b2,documentation_external,https://data.wprdc.org/dataset/allegheny-county-basin-outlines-map,
e80cb6b3-b31b-4ca8-a8ae-aee164608100,documentation_external,https://data.wprdc.org/dataset/allegheny-county-boundary,
fbb26682-fcf8-4be0-bb98-defcc01cc985,documentation_external,https://data.wprdc.org/dataset/allegheny-county-cell-tower-points,
205353f9-9a87-4727-9d57-5fed1d88273f,documentation_external,https://data.wprdc.org/dataset/allegheny-county-magisterial-districts-outlines,
c6276e3b-7f6a-4680-a018-420468b01133,documentation_external,https://data.wprdc.org/dataset/allegheny-county-owned-bridges-centerlines2,
b1137baf-7316-4e2b-8dbf-a8a72469fce3,documentation_external,https://data.wprdc.org/dataset/allegheny-county-public-building-locations,
2194aa30-f6af-487d-9f9f-033e31192d6c,documentation_external,https://data.wprdc.org/dataset/allegheny-county-watershed-boundaries,
78115312-761a-4841-8fd6-2442acdb7cce,documentation_external,https://data.wprdc.org/dataset/allegheny-county-trails-locations,
93770e04-4378-4637-b449-aac1677b8fd7,documentation_external,https://data.wprdc.org/dataset/allegheny-county-wic-vendor-locations,
df953315-6b4d-47e6-9502-d5a6af83d993,documentation_external,https://data.wprdc.org/dataset/allegheny-county-voting-district-boundaries,
a00402b4-dd73-46fc-8a18-99c3709c5881,documentation_external,https://data.wprdc.org/dataset/polling-places-for-allegheny-county-elections-current,
73eb573e-cc12-4f29-8e69-17f7975c89cb,documentation_external,https://data.wprdc.org/dataset/allegheny-county-council-districts,
e41c0a67-837f-460c-94a9-6650b74f10da,documentation_external,https://data.wprdc.org/dataset/allegheny-county-school-district-boundaries,
a696c68a-7233-4415-84c9-5d641e37f3bc,documentation_external,https://data.wprdc.org/dataset/allegheny-county-parks-outlines,
829733f9-61dd-48ad-a68c-e5193d3ce14b,documentation_external,https://data.wprdc.org/dataset/allegheny-county-land-cover-areas,
c5e96c79-d968-403e-9945-e798703ff440,documentation_external,https://data.wprdc.org/dataset/allegheny-county-department-of-public-works-maintenance-district-boundaries2,
7e26b7ca-26c1-4185-b33f-d17f4c6af9de,documentation_external,https://data.wprdc.org/dataset/allegheny-county-beltway-system-street-centerlines,
676409b6-c7d2-476f-b87d-e1d707c8aa36,documentation_external,https://data.wprdc.org/dataset/allegheny-county-dam-locations2,
c16b5379-3f99-4bdf-8d52-63fd25676d6e,documentation_external,https://data.wprdc.org/dataset/allegheny-county-park-features,
4b94de97-eed9-4717-ad85-bab8d227a457,documentation_external,https://data.wprdc.org/dataset/allegheny-county-hydrology-lines,
2fa577d6-1a6b-46a8-8165-27fecac1dee5,documentation_external,https://data.wprdc.org/dataset/allegheny-county-municipal-boundaries,
7973ae28-2f11-46c0-9cbb-59af8b9271b7,documentation_external,https://data.wprdc.org/dataset/allegheny-county-cemetery-outlines,
749d1cdb-cd9e-4da2-bfdc-1fe299f9ba84,documentation_external,https://data.wprdc.org/dataset/allegheny-county-soil-type-areas,
582f82cb-800b-42b4-85a5-883ce46fceab,documentation_external,https://data.wprdc.org/dataset/allegheny-county-owned-roads-centerlines,
d0014e78-69d1-45ac-8d6c-236055f3b72e,documentation_external,https://data.wprdc.org/dataset/filed-property-assessment-appeals,
98ec7315-47ad-4ffc-9368-dea01d054761,documentation_external,https://data.wprdc.org/dataset/allegheny-county-energy-and-water-use,
dc57451d-3ff1-4956-942b-22c522b9a620,documentation_external,https://data.wprdc.org/dataset/air-temperature-inversions,
34f6668d-130d-4e10-b49b-598c43b83d27,documentation_external,https://data.wprdc.org/dataset/allegheny-county-addressing-street-centerlines,
4988ae5c-a677-4a7f-9bd0-e735c19a8ff3,documentation_external,https://data.wprdc.org/dataset/allegheny-county-addressing-address-points2,
709e4e52-6f82-4cd0-a848-f3e2b3f5d22b,documentation_external,https://data.wprdc.org/dataset/allegheny-county-parcel-boundaries1,
d93bb0b3-f123-4ac5-8ca2-21fb4da70b86,documentation_external,https://data.wprdc.org/dataset/city-owned-property,
1131f3a9-bbd8-4ca0-963a-c7ccadffcee4,documentation_external,https://data.wprdc.org/dataset/city-property-tax-abatements,
97491251-e607-405f-b89a-af64002b0628,documentation_external,https://data.wprdc.org/dataset/city-treasury-sales,
d0e6dbc6-7086-460d-8479-440a0a4492dd,documentation_external,https://data.wprdc.org/dataset/city-of-pittsburgh-property-tax-delinquency,
2b5324d4-c57f-42f7-bac8-2aec26e199cf,documentation_external,https://data.wprdc.org/dataset/business-contractors-trades,
7bec7990-e46e-4cda-b595-246da73d7280,documentation_external,https://data.wprdc.org/dataset/pgh-fire-stations,
ee23d41a-7c7d-4093-9245-b1691b7b9b4d,documentation_external,https://data.wprdc.org/dataset/high-injury-network,
7123fa53-04e3-445d-9a98-ca130fc062af,documentation_external,https://data.wprdc.org/dataset/pghzoningheightoverlay,
9ebd073b-f637-4f33-a7c2-619d23dd085a,documentation_external,https://data.wprdc.org/dataset/pittsburgh-street-centerlines,
e43ad211-523f-4f7d-8f96-e65d5a10a5df,documentation_external,https://data.wprdc.org/dataset/ballfields-pgh,
96d43314-a8d6-4c74-86dc-4625e1eff8e8,documentation_external,https://data.wprdc.org/dataset/parking-meters-pittsburgh-parking-authority,
d3b826ab-02e9-47a2-a0bf-68a741007721,documentation_external,https://data.wprdc.org/dataset/pittsburgh-parking-authority-meter-areas,
706febd5-e08c-425f-90bd-f1ad8af1ce0f,documentation_external,https://data.wprdc.org/dataset/pittsburgh-2014-cdbg-block-groups,
bdd1b7d7-a2a8-4773-ad02-f062fda9a29e,documentation_external,https://data.wprdc.org/dataset/pittsburgh-2014-cdbg-census-tracts,
d4492d7d-58f4-415f-9ffe-cc0152187468,documentation_external,https://data.wprdc.org/dataset/pittsburgh-watersheds,
7bd99c7c-e824-4710-894b-73721bef6f88,documentation_external,https://data.wprdc.org/dataset/emergency-medical-service-districts,
4c9b78ee-d044-418d-97c9-130ccdcb3435,documentation_external,https://data.wprdc.org/dataset/2014-fema-flood-zones,
8039a2c9-fc4d-464d-bb21-e43738be94cc,documentation_external,https://data.wprdc.org/dataset/police-sectors,
412a036d-cf8c-4b72-8525-878b533a2641,documentation_external,https://data.wprdc.org/dataset/police-zones,
e07ba390-7483-4f16-a695-0b6367ef9164,documentation_external,https://data.wprdc.org/dataset/department-of-public-works-street-divisions,
e672f13d-71c4-4a66-8f38-710e75ed80a4,documentation_external,https://data.wprdc.org/dataset/neighborhoods2,
72f4488a-9eec-4cc3-be3b-f13a8c6dc72d,documentation_external,https://data.wprdc.org/dataset/residential-permit-parking-program-areas,
0f643c56-1c53-4c88-824d-3a3876c0d3a0,documentation_external,https://data.wprdc.org/dataset/25-or-greater-slope,
353f0870-8e5d-43c0-91fc-85eeae66c675,documentation_external,https://data.wprdc.org/dataset/dpw-environmental-services-divisions,
ea849f53-0aa9-4621-b9fb-e8dc323d3a9e,documentation_external,https://data.wprdc.org/dataset/undermined-areas,
4a86cee6-033f-41d2-bc56-6a9480819117,documentation_external,https://data.wprdc.org/dataset/pittsburgh-dpw-divisions,
fd2f4880-e245-4c46-8071-5a364efa0abf,documentation_external,https://data.wprdc.org/dataset/fire-zones,
8249c8b6-37c6-4849-abe7-c9abbcdf6197,documentation_external,https://data.wprdc.org/dataset/city-council-districts-2012,
2ee7c48c-6fcf-407a-a8ca-477bdcfffda7,documentation_external,https://data.wprdc.org/dataset/city-designated-individual-historic-sites,
01773197-baba-4f5e-aa77-ae87a04afafc,documentation_external,https://data.wprdc.org/dataset/zoning,
8820c384-1424-45dd-a2bb-366a6a7c6d1b,documentation_external,https://data.wprdc.org/dataset/greenways,
766bbec2-e744-408e-9c8c-a58b662b6007,documentation_external,https://data.wprdc.org/dataset/wards,
e298e2ae-07c0-4aa4-a2ca-2c8db845b552,documentation_external,https://data.wprdc.org/dataset/parks1,
8f92ae09-4cfa-4e0d-9c46-779a66d93d1e,documentation_external,https://data.wprdc.org/dataset/city-designated-historic-districts,
6eb1be84-7abe-45c3-8a37-90db80ea6149,documentation_external,https://data.wprdc.org/dataset/landslide-prone-areas,
9d35d609-e8f9-4c51-9dce-e7dd14e252d4,documentation_external,https://data.wprdc.org/dataset/pghodsteps,
d0175115-c16b-48a0-b2cc-ca967b23bd40,documentation_external,https://data.wprdc.org/dataset/gtfs-archive,
ea85f4b5-0b95-41b8-86ee-f1e6d16fc409,documentation_external,https://data.wprdc.org/dataset/election-results,
2cff4c07-423a-4b61-af08-7288fbb773eb,documentation_external,https://data.wprdc.org/dataset/toxic-release-inventory,
853a077d-0a31-4292-8a1d-5d60b530169b,documentation_external,https://data.wprdc.org/dataset/sidewalk-to-street-walkability-ratio,
3dc68ef8-02e6-43ca-8ec3-adf99b940ef6,documentation_external,https://data.wprdc.org/dataset/housing-indicators,
c5ae9638-7572-4ed9-a193-384cb2ff4d03,documentation_external,https://data.wprdc.org/dataset/vacant-addresses,
cc26ac21-f3b3-4cb4-bf57-90f72bf8f044,documentation_external,https://data.wprdc.org/dataset/environmental-justice-census-tracts,
690409e3-27e2-47a1-beed-fd600097f951,documentation_external,https://data.wprdc.org/dataset/allegheny-county-supermarkets-convenience-stores,
16e59d06-1233-4acc-924c-4651f24987ee,documentation_external,https://data.wprdc.org/dataset/allegheny-county-employee-salaries,
30bbb37c-ca2d-47e6-bae4-72c57272383c,documentation_external,https://data.wprdc.org/dataset/green-infrastructure-projects,
ad5bd3d6-1b53-4ed0-8cd9-157a985bd0bd,documentation_external,https://data.wprdc.org/dataset/allegheny-county-dog-licenses,
f2141a79-c0b9-4cf9-b4d2-d591b4aaa8e6,documentation_external,https://data.wprdc.org/dataset/allegheny-county-mortgage-foreclosure-records,
87a9fb10-71f9-4d99-9a51-cd5ca2c5d3d5,documentation_external,https://data.wprdc.org/dataset/allegheny-county-conservatorship-filings,
abba9671-a026-4270-9c83-003a1414d628,documentation_external,https://data.wprdc.org/dataset/allegheny-county-911-dispatches-ems-and-fire,
22fe57da-f5b8-4c52-90ea-b10591a66f90,documentation_external,https://data.wprdc.org/dataset/allegheny-county-tax-liens-filed-and-satisfied,
2b3df818-601e-4f06-b150-643557229491,documentation_external,https://data.wprdc.org/dataset/property-assessments,
65e69ee3-93b2-4f7a-b9cb-8ce977f15d9a,documentation_external,https://data.wprdc.org/dataset/monthly-criminal-activity-dashboard,
b62e8c3f-f40e-4b3f-9c60-82509bc397fb,documentation_external,https://data.wprdc.org/dataset/pbp_arrest_data_2024_2025,
f376ccbc-c851-4b58-8b59-5dd9edc736ee,documentation_external,https://data.wprdc.org/dataset/pogoh-trip-data,
5706fa23-87f6-4757-be8a-bcfc0b677e01,documentation_external,https://data.wprdc.org/dataset/allegheny-county-farmers-markets-locations,
b1282e47-6a70-4f18-98df-f081e7406e34,documentation_external,https://data.wprdc.org/dataset/smart-trash-containers,
2019f508-2708-4dca-a0d5-cb82c1840c7d,documentation_external,https://data.wprdc.org/dataset/allegheny-county-property-assessment-appeals,
feabba77-47ab-404d-9d77-20b9ffad9458,documentation_external,https://data.wprdc.org/dataset/applications-for-development-accd,
c925a742-96bc-4323-99fd-98ff8d446695,documentation_external,https://data.wprdc.org/dataset/implemented-stormwater-control-measures-accd-points,
e6c089da-43d1-439b-92fc-e500d6fb5e73,documentation_external,https://data.wprdc.org/dataset/prt-monthly-average-ridership-by-route,
b8b5fee7-2281-4426-a68e-2e05c6dec365,documentation_external,https://data.wprdc.org/dataset/port-authority-monthly-average-on-time-performance-by-route,
007c3ea8-3f76-4b26-8a09-a14811abf12e,documentation_external,https://data.wprdc.org/dataset/2009-13-and-2019-23-american-community-survey-estimates-for-city-of-pittsburgh-neighborhoods,
40af8f91-000b-4e75-8ed1-9530360258d2,documentation_external,https://data.wprdc.org/dataset/station-locations,
42a2155f-edf2-4baf-bac9-6d3e77c4a463,documentation_external,https://data.wprdc.org/dataset/irise-regional-landslide-inventory-for-southwestern-pennsylvania,
e87ccf87-90f6-4023-ba4e-5a2f58793a72,documentation_external,https://data.wprdc.org/dataset/parking-purchases,
846f028b-bcc3-45e0-b939-255cffca5f5e,documentation_external,https://data.wprdc.org/dataset/city-revenues-and-expenses,
78dfb4f8-2ad5-4a7c-af4c-a5982e475a8a,documentation_external,https://data.wprdc.org/dataset/weekly-pennsylvania-covid-19-vaccinations-stats-archive,
f00f803d-78e3-44fd-80b3-c3fb2cd3003a,documentation_external,https://data.wprdc.org/dataset/allegheny-county-public-swimming-pool-hot-tub-and-spa-inspections,
682daad1-6d3a-45d3-8710-6c961146e19b,documentation_external,https://data.wprdc.org/dataset/pittsburgh-fish-fry-map,
9c4eab3b-e05d-4af8-ad18-76e4c1a71a74,documentation_external,https://data.wprdc.org/dataset/city-of-pittsburgh-building-permit-summary,
4e5ae9e1-36b8-45b6-98ad-6b50f4be099c,documentation_external,https://data.wprdc.org/dataset/211-requests,
26a17866-0b8b-4eb6-bc0c-6ebcfdd19741,documentation_external,https://data.wprdc.org/dataset/allegheny-county-elevated-blood-lead-level-rates,
e33e12d9-1268-45ed-ae47-ae3a76dcc0aa,documentation_external,https://data.wprdc.org/dataset/city-of-pittsburgh-facilities,
4b9c5947-5645-4dbc-a7b6-eb323418fe02,documentation_external,https://data.wprdc.org/dataset/playground-equipment,
a4007e33-9db4-4832-a022-4922415f9fff,documentation_external,https://data.wprdc.org/dataset/city-of-pittsburgh-speed-humps,
a45d5ee0-c7d2-4663-a153-8434e1a26779,documentation_external,https://data.wprdc.org/dataset/traffic-count-data-city-of-pittsburgh,
95892fd6-fb4d-4494-9b01-671104fee7fa,documentation_external,https://data.wprdc.org/dataset/pbp-fire-arm-seizures,
71416810-5f4c-4174-9b66-d1baaf5f01b4,documentation_external,https://data.wprdc.org/dataset/fire-incidents-in-city-of-pittsburgh,
046e5b6a-0f90-4f8e-8c16-14057fd8872e,documentation_external,https://data.wprdc.org/dataset/police-incident-blotter,
f2deaf21-1a73-4bf7-a6a2-d2e8ea1f2b18,documentation_external,https://data.wprdc.org/dataset/allegheny-county-certified-mwdbe-businesses,
3f5b398f-ac2b-428c-b033-0f11935e16d1,documentation_external,https://data.wprdc.org/dataset/allegheny-county-human-services-community-profiles,
d4bbfe61-1c91-4ddf-a274-726771148007,documentation_external,https://data.wprdc.org/dataset/housing-choice-vouchers-housing-authority-of-the-city-of-pittsburgh,
88550525-db51-4fa2-9418-b23c1329d6e6,documentation_external,https://data.wprdc.org/dataset/shape-files-for-bikepgh-s-pittsburgh-bike-map,
4a3664df-38a0-4e06-9751-310ba05f7f0a,documentation_external,https://data.wprdc.org/dataset/allegheny-county-greenways,
7db7daf4-1fcc-4ad6-ad5e-6ed21a45b154,documentation_external,https://data.wprdc.org/dataset/landslides,
f7c1d5c6-b9d9-4cb7-b9be-e39ba5f9dc0b,documentation_external,https://data.wprdc.org/dataset/landslide-portal-archive,
a917bd77-69b0-4ac7-8304-73b4dcc65d61,documentation_external,https://data.wprdc.org/dataset/pa-public-water-systems,
a946ffe7-2900-42d3-8916-6b0e10f0e415,documentation_external,https://data.wprdc.org/dataset/pgh-zoning-1967,
bc921927-c085-4303-89de-8f520ffdc6ab,documentation_external,https://data.wprdc.org/dataset/pgh-development-1969-1974,
2706f171-3803-4ee4-bbf7-b8e9014ce490,documentation_external,https://data.wprdc.org/dataset/pgh-zoning-1927,
edf7a2fe-1fd8-436f-afde-2edc867bc8ff,documentation_external,https://data.wprdc.org/dataset/pittsburgh-wards-map,
c644fd38-0efb-4e47-896a-886d44d92056,documentation_external,https://data.wprdc.org/dataset/pgh-zoning-1958,
8a83b3f0-d228-4960-9fdf-80560520b4be,documentation_external,https://data.wprdc.org/dataset/non-traffic-citations,
5e6711a3-90e5-457d-8c73-445fb5f363e2,documentation_external,https://data.wprdc.org/dataset/uniform-crime-reporting-data,
d809c36f-28fe-40e6-a33e-796f15c66a69,documentation_external,https://data.wprdc.org/dataset/arrest-data,
b114c5e3-6e59-448a-b160-ed71f55b94d1,documentation_external,https://data.wprdc.org/dataset/wprdc-statistics,
f228a99c-acc4-4fda-9182-a59d42739b01,documentation_external,https://data.wprdc.org/dataset/lego-diorama-images,
2ecd2568-5e1d-4384-aa59-c1d75520a15c,documentation_external,https://data.wprdc.org/dataset/test-pgh-today-vacancy-rate-housing,
a8f7a1c2-7d4d-4daa-bc30-b866855f0419,documentation_external,https://data.wprdc.org/dataset/311-data,
5d4809dd-3d2d-40c7-aa3b-da53925bf62b,documentation_external,https://data.wprdc.org/dataset/allegheny-county-traffic-counts,
9ce31f01-1dfa-4a14-9969-a5c5507a4b40,documentation_external,https://data.wprdc.org/dataset/city-trees,
a95a1fbd-928f-40b5-b561-16183eacbc26,documentation_external,https://data.wprdc.org/dataset/allegheny-county-pa-house-of-representative-districts,
66b6bc87-586d-44de-9c8e-8df26a5f1083,documentation_external,https://data.wprdc.org/dataset/allegheny-county-owned-bridges-points,
097c70b6-d5d3-434b-af90-23c8b1a99bfb,documentation_external,https://data.wprdc.org/dataset/3rww-green-infrastructure-inventory,
ed485f75-044f-4614-b35d-65ff73dc46c3,documentation_external,https://data.wprdc.org/dataset/allegheny-county-public-schools-local-education-agency-leas-locations,
2a0c1b95-6154-4a67-8074-ad3d5c67ada1,documentation_external,https://data.wprdc.org/dataset/allegheny-county-private-schools-locations,
8f294d6e-d3f6-491d-98d3-75eaa23e1d8b,documentation_external,https://data.wprdc.org/dataset/allegheny-county-voting-district-boundaries-ward-district-labels,
a8a7b82a-8fd9-41b1-a99b-46016a6597cc,documentation_external,https://data.wprdc.org/dataset/2019-capital-budget-deliberation-survey-responses,
80e0ca5d-c88a-4b1a-bf5d-51d0aaeeac86,documentation_external,https://data.wprdc.org/dataset/allegheny-county-covid-19-tests-cases-and-deaths,
2ce8b891-4470-43ba-a11c-46ba14e2f355,documentation_external,https://data.wprdc.org/dataset/current-bike-availability-by-station,
6e683016-0b93-4776-9d9f-caa03e94edc2,documentation_external,https://data.wprdc.org/dataset/bigburgh-social-service-listings,
4451c1c7-93ad-4fb1-9e60-323da936e63f,documentation_external,https://data.wprdc.org/dataset/healthyride-stations,
bfbaa051-677c-445f-95c5-f9ca129accd4,documentation_external,https://data.wprdc.org/dataset/healthyride-trip-data,
445f20bf-f543-4575-bf78-004fba351d9c,documentation_external,https://data.wprdc.org/dataset/lead-risk,
0c165d14-32ff-498b-b0d8-e31a0c7c8a3f,documentation_external,https://data.wprdc.org/dataset/aced-allegheny-home-improvement-loan-program-ahilp,
e464669e-4271-4a03-ac31-74c3c1eb583a,documentation_external,https://data.wprdc.org/dataset/internet-accessibility-in-pennsylvania,
78b91061-5976-49f8-9e4e-b0c1b9a7a401,documentation_external,https://data.wprdc.org/dataset/2020-census-boundaries,
904294e5-ba3f-47f0-9e68-e7ede3ba6b33,documentation_external,https://data.wprdc.org/dataset/redlining-maps-from-the-home-owners-loan-corporation,
f669d677-c9e2-4d2f-b16f-c9ab5a4f3d10,documentation_external,https://data.wprdc.org/dataset/market-value-analysis-2021,
3130f583-9499-472b-bb5a-f63a6ff6059a,documentation_external,https://data.wprdc.org/dataset/allegheny-county-crash-data,
097b4123-6586-49df-af21-5b0f1a28372c,documentation_external,https://data.wprdc.org/dataset/allegheny-county-farmers-markets-locations-2017,
926d9afe-ea94-4211-9623-d9ad52fd0778,documentation_external,https://data.wprdc.org/dataset/allegheny-county-building-footprint-locations,
a38c099f-d133-4e9f-9a06-6cd07a777936,documentation_external,https://data.wprdc.org/dataset/http-alcogis-maps-arcgis-com-apps-webappviewer-index-html-id-b4b1dbb65b4943538425bb5ae0f8f62b,
72b9aef0-d9f1-453b-905b-200e8725ddc7,documentation_external,https://data.wprdc.org/dataset/allegheny-county-pa-senate-districts,
61da498f-8a6e-4754-b8e8-67c25fd8ea05,documentation_external,https://data.wprdc.org/dataset/allegheny-county-tif-exclusions,
31d1d279-7f81-466d-8aca-83a78719eaf8,documentation_external,https://data.wprdc.org/dataset/allegheny-county-block-areas,
c725355a-d52b-415b-b02f-5cb5291a5298,documentation_external,https://data.wprdc.org/dataset/allegheny-county-pennsylvania-house-of-representatives-district-boundaries,
c2c77da0-0056-405c-afe6-cb1a61bdec56,documentation_external,https://data.wprdc.org/dataset/allegheny-county-pennsylvania-u-s-legislative-congressional-district-boundaries,
10dd50cf-bf29-4268-83e2-debcacea7885,documentation_external,https://data.wprdc.org/dataset/waste-recovery-locations,
2536e5e2-253b-4c58-969d-687828bb94c6,documentation_external,https://data.wprdc.org/dataset/parcel-centroids-in-allegheny-county-with-geographic-identifiers,
b0bfd969-d300-4117-8c85-fc9907a501dc,documentation_external,https://data.wprdc.org/dataset/capital-projects,
b066dddd-da11-4599-a64a-176d61bd3003,documentation_external,https://data.wprdc.org/dataset/lots-to-love,
fd29df0b-07c0-4e97-926e-d781dd1f8a8d,documentation_external,https://data.wprdc.org/dataset/ucsur_neighborhoodprofiles_2024,
ffb63b59-1412-4037-8209-4e6541d7e781,documentation_external,https://data.wprdc.org/dataset/parking-reduction-zoning-overlay,
407de508-f9dc-4e39-94ed-aeadceddcaea,documentation_external,https://data.wprdc.org/dataset/on-road-bicycle-pavement-markings,
ff93ac72-a9a0-4c2f-93ca-27edfd78c02a,documentation_external,https://data.wprdc.org/dataset/all-in-allegheny-community-survey,
c6265ffb-c86e-4a2c-870b-1aaa0772c449,documentation_external,https://data.wprdc.org/dataset/pittsburgh-american-community-survey-2014-miscellaneous-data,
5b18c198-474c-4723-b735-cc5220ad43cc,documentation_external,https://data.wprdc.org/dataset/pittsburgh-american-community-survey-2015-miscellaneous-data,
378e4a6c-550c-4e9c-bfb5-ca73c1c29cc7,documentation_external,https://data.wprdc.org/dataset/pittsburgh-american-community-survey-census-data,
fe326229-f773-42a4-a3e0-6f154d082964,documentation_external,https://data.wprdc.org/dataset/pittsburgh-index-map,
874bb5ef-e001-4553-94db-57303b439fb0,documentation_external,https://data.wprdc.org/dataset/parks,
cfaffd5c-ab5a-42fd-83ae-2411e376ae0c,documentation_external,https://data.wprdc.org/dataset/public-works-block-party-summary,
7b8896c5-867d-428d-a2e3-bdb732655846,documentation_external,https://data.wprdc.org/dataset/municipal-building-energy-usage,
5d52127f-3606-4ed9-a019-1daf4381902a,documentation_external,https://data.wprdc.org/dataset/libraries,
13367213-102c-4ff8-9a41-12fda20c16db,documentation_external,https://data.wprdc.org/dataset/synthetic-integrated-services-data,
dcda1c91-0234-452c-89a4-9e5402414ed7,documentation_external,https://data.wprdc.org/dataset/allegheny-county-covid-19-vaccinations,
ebfb03b2-4cf0-4423-8041-a8ec923ceb7c,documentation_external,https://data.wprdc.org/dataset/pittsburgh-city-boundary,
cac22c7f-3f42-441a-9d4e-2db9bce2e2ff,documentation_external,https://data.wprdc.org/dataset/neighborhoods-with-snap-data,
40188e1c-6d2e-4f20-9391-607bd3054949,documentation_external,https://data.wprdc.org/dataset/pgh,
f45290dd-b5b8-41b7-86c3-b1840dcda290,documentation_external,https://data.wprdc.org/dataset/pittsburgh-map,
e0b3530a-b5d3-45a2-98a2-10691be491c8,documentation_external,https://data.wprdc.org/dataset/pittsburgh-steps,
72a71398-3033-4f39-832b-f7022f7ecc72,documentation_external,https://data.wprdc.org/dataset/city-pittsburgh-operating-budget,
9bec1794-2606-4666-81f0-3d38e148f40f,documentation_external,https://data.wprdc.org/dataset/1984-community-profiles-a-descriptive-picture-of-communities-in-allegheny-county,
9c7da6cf-7492-4ffc-865d-10945a37232a,documentation_external,https://data.wprdc.org/dataset/pittsburgh-neighborhood-atlas-1977,
9bd7cbbf-a2ee-472b-8d76-a52382327c11,documentation_external,https://data.wprdc.org/dataset/movepgh-project-map,
27230c28-622b-4be0-b7f7-7f5e27614d64,documentation_external,https://data.wprdc.org/dataset/emissions-inventory,
d0b56030-3391-49db-87bd-4f1c16490fbc,documentation_external,https://data.wprdc.org/dataset/snowevents-1819,
9f364695-24ad-4b87-b65e-398a69927c17,documentation_external,https://data.wprdc.org/dataset/snow-plow-activity-2015-2016,
f224ac65-d187-4cc7-914f-32d3da4500d7,documentation_external,https://data.wprdc.org/dataset/allegheny-county-addressing-data-model,
cd9ae013-5b93-43d6-8793-bccf10f12c72,documentation_external,https://data.wprdc.org/dataset/operations-green-spaces,
4e5c8d90-0df7-478e-91e5-9758442845c5,documentation_external,https://data.wprdc.org/dataset/pittsburgh-international-airport-scheduled-passenger-traffic,
a4e3055f-867a-47fd-a955-7d1fa3d7b836,documentation_external,https://data.wprdc.org/dataset/lobbyist-activity,
d08d87ec-ea98-4dcd-848b-7a35db07622e,documentation_external,https://data.wprdc.org/dataset/campaign-finance-contributions,
f470a3d5-f5cb-4209-93a6-c974f7d5a0a4,documentation_external,https://data.wprdc.org/dataset/city-of-pittsburgh-signalized-intersections,
23482953-50cc-4370-858c-eb0c034b8157,documentation_external,https://data.wprdc.org/dataset/right-of-way-permits,
e831e241-925d-45af-b9c5-6827a0d85075,documentation_external,https://data.wprdc.org/dataset/allegheny-county-voting-district-2015-web-map,
24503f3a-6dcb-4d4d-9b12-effe970551f8,documentation_external,https://data.wprdc.org/dataset/allegheny-county-voting-district-2016-web-map,
8f606207-3e88-4d33-a8dc-d8f16b4d08d6,documentation_external,https://data.wprdc.org/dataset/https-data-wprdc-org-dataset-organization-city-of-pittsburgh,
6ff17545-2e53-4e51-a9e4-0c4681ad3e4b,documentation_external,https://data.wprdc.org/dataset/pediatric-and-primary-care-emergency-department-and-primary-care-visits,
06f21712-5661-43ee-a838-9f701479706b,documentation_external,https://data.wprdc.org/dataset/allegheny-county-birth-outcomes,
33891263-235f-4c6c-af8a-c79b0114a9f9,documentation_external,https://data.wprdc.org/dataset/state-of-aging-in-allegheny-county-survey,
ee735209-4de7-4ea4-b446-bf0f0f6d9cb3,documentation_external,https://data.wprdc.org/dataset/median-age-death,
87f6e1d4-1d5b-4b1e-922c-cff0d37e93ac,documentation_external,https://data.wprdc.org/dataset/allegheny-county-clean-indoor-air-act-exemptions,
37e7a776-c98b-4e08-ad61-a8c8e23ec9ab,documentation_external,https://data.wprdc.org/dataset/playgrounds,
8da92664-22a4-42b8-adae-1950048d70aa,documentation_external,https://data.wprdc.org/dataset/city-of-pittsburgh-courts,
d56b2e08-3dc6-41b7-952a-0b520d00b59e,documentation_external,https://data.wprdc.org/dataset/baum-center-zoning-overlay2,
d0611e28-edb1-4b3e-9147-60002942d27d,documentation_external,https://data.wprdc.org/dataset/planning-sectors,
06c15511-37dd-44eb-9148-73c135457b07,documentation_external,https://data.wprdc.org/dataset/uptown-ipod-zoning,
55369cb9-9335-4bdf-8bb1-07a56815aa5d,documentation_external,https://data.wprdc.org/dataset/pre-2018-dpw-divisions,
f7067c4e-0c1e-420c-8c31-f62769fcd29a,documentation_external,https://data.wprdc.org/dataset/city-pools,
5d83ce95-eaee-46ca-ab95-1e0c69fb9035,documentation_external,https://data.wprdc.org/dataset/city-of-pittsburgh-public-art,
69d24a7a-421f-4e0b-8ee9-a91e46b116a8,documentation_external,https://data.wprdc.org/dataset/profiles-data,
bce15079-618a-4bf3-badf-8aa372c3aea2,documentation_external,https://data.wprdc.org/dataset/a-community-profile-of-pittsburgh-neighborhoods-1974,
c1f2fc55-c2f3-4c0b-bb8d-7aba51bd1aee,documentation_external,https://data.wprdc.org/dataset/fire-districts,
0b584c84-7e35-4f4d-a5a2-b01697470c0f,documentation_external,https://data.wprdc.org/dataset/autonomous-vehicle-survey-of-bicyclists-and-pedestrians,
c35e3717-ea01-42d2-ad52-2814dbd74cac,documentation_external,https://data.wprdc.org/dataset/city-traffic-signs,
e3fd051b-1096-403e-99c1-b98bd5d3ad2b,documentation_external,https://data.wprdc.org/dataset/signs,
1876f595-d8a2-4eb2-a64c-ebedf2afa4df,documentation_external,https://data.wprdc.org/dataset/sheriff-sales,
0d8c9708-3f01-48c4-adff-04d29825c9a2,documentation_external,https://data.wprdc.org/dataset/grow-pittsburgh-food-gardens,
6ee6d30f-c27a-41b6-9f94-0c071ce266e4,documentation_external,https://data.wprdc.org/dataset/anxiety,
7119f9bd-b7a3-4f41-a607-27880b0981d8,documentation_external,https://data.wprdc.org/dataset/north-side-commercial-parking-zoning-overlay,
a6a84421-6484-4698-b55e-4ae57aaaae2f,documentation_external,https://data.wprdc.org/dataset/pittsburgh-bridges,
d6e6c012-45f0-4e13-ab3b-9458fd56ad96,documentation_external,https://data.wprdc.org/dataset/city-of-pittsburgh-bridges,
6d872b14-c9bb-4627-a475-de6a72050cb0,documentation_external,https://data.wprdc.org/dataset/paving-schedule,
31ce085b-87b9-4ffd-adbb-0a9f5b3cf3df,documentation_external,https://data.wprdc.org/dataset/city-of-pittsburgh-markings,
551d7959-8082-4685-bb30-7714fce1d1bf,documentation_external,https://data.wprdc.org/dataset/metered-streets-pittsburgh-parking-authority,
87c77ec3-db98-4b2a-8891-d9b577b4c44d,documentation_external,https://data.wprdc.org/dataset/playing-fields,
2a8e1150-5ab0-4cbf-800e-d4d3a8a7182f,documentation_external,https://data.wprdc.org/dataset/2010-census-block-groups,
4699bc46-8a74-44ed-9bef-f22dd595a964,documentation_external,https://data.wprdc.org/dataset/2010-census-tracts,
3cb2b9c2-66e2-4ffa-b0a1-35fb2c6f7230,documentation_external,https://data.wprdc.org/dataset/pittsburgh-american-community-survey-2015-school-enrollment,
5b28354f-ca2d-4894-aa49-1a10c6678942,documentation_external,https://data.wprdc.org/dataset/riverfront-zoning-overlay,
cd57a067-bc00-46ee-924e-676eaa3221ec,documentation_external,https://data.wprdc.org/dataset/parks-open-space-plan-transition-data,
3a0645d8-8495-48f3-be6a-dd44646b1b2a,documentation_external,https://data.wprdc.org/dataset/allegheny-county-mortality-indicators,
3d945d47-0f92-4042-a6db-59f4c385efba,documentation_external,https://data.wprdc.org/dataset/allegheny-county-food-facilities,
df18e46a-9071-4639-9a45-1a53ea12e85a,documentation_external,https://data.wprdc.org/dataset/pittsburgh-tenement-housing,
7c0c0ed2-b542-4f5c-868a-49609985faab,documentation_external,https://data.wprdc.org/dataset/particulate-matter-2-5,
12edd529-5119-49c7-92b5-15314b3ae25e,documentation_external,https://data.wprdc.org/dataset/allegheny-county-poor-condition-residential-parcel-rates,
acf96177-9c81-43d9-92b5-b01bb594b889,documentation_external,https://data.wprdc.org/dataset/covid-19-resources,
f8296e1d-d0a5-4f2a-a95f-a7bab6300cc6,documentation_external,https://data.wprdc.org/dataset/pre-1950-housing,
ed4cf849-d323-4d01-8a13-675d283f1ac9,documentation_external,https://data.wprdc.org/dataset/allegheny-county-illegal-dump-sites,
4d3d4324-b32a-4519-b56f-cee2340057bf,documentation_external,https://data.wprdc.org/dataset/allegheny-county-walk-scores,
c34f9a82-779c-4f90-9e1c-b3b5025b0db5,documentation_external,https://data.wprdc.org/dataset/allegheny-county-fast-food,
c0cde391-cd26-4904-9c9b-1b6d3ac37dd1,documentation_external,https://data.wprdc.org/dataset/hypertension-hyperlipidemia-comorbidity,
b049da40-910a-4b9d-9438-ff584e432bb1,documentation_external,https://data.wprdc.org/dataset/allegheny-county-obesity-rates,
63d09e2c-931c-4c66-86e0-844b84d2a8ad,documentation_external,https://data.wprdc.org/dataset/allegheny-county-homewonership-and-rentals,
aeaf61da-2533-43b3-8744-2187fccbe163,documentation_external,https://data.wprdc.org/dataset/allegheny-county-smoking-rates,
873931dc-7c9d-4d46-890c-345891c221b4,documentation_external,https://data.wprdc.org/dataset/allegheny-county-depression-medication,
23fa923f-fc4e-4d4f-9be3-8a78c6674c02,documentation_external,https://data.wprdc.org/dataset/diabetes,
3f0b8a8c-2239-4dac-8eb0-74ac7d859022,documentation_external,https://data.wprdc.org/dataset/hypertension,
c341305e-3188-4ba9-8b81-ab53380b0589,documentation_external,https://data.wprdc.org/dataset/hyperlipidemia,
60dfb8de-9791-4614-aa55-6947057cacb1,documentation_external,https://data.wprdc.org/dataset/diabetes-hypertension-comorbidity,
eca6c040-1daa-461b-a6c5-d18e88a49035,documentation_external,https://data.wprdc.org/dataset/diabetes-hyperlipidemia-comorbidity,
e4bb0a9e-50e5-4492-a9b6-9527ccccff7a,documentation_external,https://data.wprdc.org/dataset/diabetes-hypertension-hyperlipidemia-comorbidity,
52f87f59-02ed-4f74-9ab9-2c6b9542234d,documentation_external,https://data.wprdc.org/dataset/allegheny-county-primary-care-facilities,
d2289ea6-b1ef-4acb-afa7-028cccb7fb18,documentation_external,https://data.wprdc.org/dataset/hospitals,
77e60b5b-1897-45b5-b39a-89f1a0966a13,documentation_external,https://data.wprdc.org/dataset/allegheny-county-tobacco-vendors,
3bdca0be-5768-4061-a069-aa7c7121e364,documentation_external,https://data.wprdc.org/dataset/childhood-asthma-healthcare-utilization,
cb7e34ce-3dbe-4f4b-b2cd-fd368371d00b,documentation_external,https://data.wprdc.org/dataset/allegheny-county-tif-boundaries,
3725d722-1c07-42f9-8faa-02ba0d9f7a7a,documentation_external,https://data.wprdc.org/dataset/public-wifi-locations,
0c0b35a2-74b0-47dc-aa04-960b396895fa,documentation_external,https://data.wprdc.org/dataset/allegheny-county-census-blocks-2016,
2300533b-2cd9-4d72-ab43-7c129d8dd7b9,documentation_external,https://data.wprdc.org/dataset/allegheny-county-census-block-groups-2016,
1cef82de-5e67-448e-bdc0-a491b0f9d7db,documentation_external,https://data.wprdc.org/dataset/allegheny-county-census-tracts-2016,
a84df4e3-8ec6-48d0-9d68-194a89d5a8b2,documentation_external,https://data.wprdc.org/dataset/dpw-park-maintenance-divisions,
de1cf8b8-094c-4b6f-804b-02cffad4233a,documentation_external,https://data.wprdc.org/dataset/allegheny-land-trust-greenprint,
ef0746f2-f547-4f01-98c4-09919d3039ea,documentation_external,https://data.wprdc.org/dataset/a42-m29-m16-gi-concept,
e9aa627c-cb22-4ba4-9961-56d9620a46af,documentation_external,https://data.wprdc.org/dataset/city-steps,
fe7e5332-4c87-410d-b0be-43c5d2c44ae0,documentation_external,https://data.wprdc.org/dataset/combined-sewershed,
67abfe18-1906-478d-8970-da6981f5022f,documentation_external,https://data.wprdc.org/dataset/a41-o27-m19-gi-concept,
46a4f481-751f-4e6c-b104-7a42bbb522f8,documentation_external,https://data.wprdc.org/dataset/publically-available-properties,
33aebeee-d800-4e18-8cd2-aba32d917423,documentation_external,https://data.wprdc.org/dataset/capital-budget-deliberative-forum-survey,
aea4a3fc-c45b-486b-a8e2-9d32bd5d986d,documentation_external,https://data.wprdc.org/dataset/pittsburgh-city-council-district-map,
9088f03b-8b4f-479e-bbea-38710e6a2c0a,documentation_external,https://data.wprdc.org/dataset/market-value-analysis-allegheny-county-economic-development,
fd14f748-3b6e-4faa-ae4a-1921d105751e,documentation_external,https://data.wprdc.org/dataset/smart-streetlight-rfi-responses,
ae1f7cda-5e15-4a8a-a5b2-2e4803f1500a,documentation_external,https://data.wprdc.org/dataset/pittsburgh-internet-service-providers-by-block-june-2016,
5e77546c-f1e1-432a-b556-9ccf29db9b2c,documentation_external,https://data.wprdc.org/dataset/city-of-pittsburgh-retaining-walls,
fe7cfb11-9f33-4590-a5ee-04419f3f974a,documentation_external,https://data.wprdc.org/dataset/city-water-features,
669b2409-bb4b-46e5-9d91-c36876b58a17,documentation_external,https://data.wprdc.org/dataset/allegheny-county-commercial-vehicle-inspections,
7c234430-f48b-40a7-99dc-a883dedc1d48,documentation_external,https://data.wprdc.org/dataset/allegheny-county-fire-districts,
1ce7b2b6-3d3c-419b-9e00-25b3180946aa,documentation_external,https://data.wprdc.org/dataset/allegheny-county-economic-development-federal-grant-contractor-tracking,
8a7d1d09-c8d3-4a0b-9812-11f72bb22103,documentation_external,https://data.wprdc.org/dataset/officer-training,
6a3f9f95-8104-44a0-bcd7-b0e082d76fc9,documentation_external,https://data.wprdc.org/dataset/project-budgets,
8f349889-a5d9-49c1-b1b6-c781c6c6be0e,documentation_external,https://data.wprdc.org/dataset/police-civil-actions,
08e92c0b-da2d-42e4-b39f-c964df9e2fdf,documentation_external,https://data.wprdc.org/dataset/police-community-outreach,
139e5661-9e70-4b74-8a71-ee2fff0ebdb6,documentation_external,https://data.wprdc.org/dataset/allegheny-county-municipal-land-use-ordinances,
b3f75d36-aad6-4868-88bc-452caf09233b,documentation_external,https://data.wprdc.org/dataset/zone-and-lot-attributes,
f0f9d2cf-ecd1-4d6b-9291-78707af92b3c,documentation_external,https://data.wprdc.org/dataset/westmoreland-county-crash-data,
8f443521-71f1-496b-8495-2ca0460a0c05,documentation_external,https://data.wprdc.org/dataset/washington-county-crash-data,
543ae03d-3ef4-45c7-b766-2ed49338120f,documentation_external,https://data.wprdc.org/dataset/summer-meal-sites,
4df41b74-3a00-42c0-9c17-2765dfd1ad82,documentation_external,https://data.wprdc.org/dataset/storm-sewer-infrastructure,
00861d07-df77-495b-9ee6-8bbbbaeb7973,documentation_external,https://data.wprdc.org/dataset/sanitary-sewer-infrastructure,
77de8d0f-1dfc-4148-b811-97b3520c18c5,documentation_external,https://data.wprdc.org/dataset/regional-park-n-ride-facilities-web-inventory,
91877d2c-1675-41cd-85a1-bbc6e347aa07,documentation_external,https://data.wprdc.org/dataset/prt-park-and-rides,
fb72c35f-ad18-42ff-adad-2a6d0480f348,documentation_external,https://data.wprdc.org/dataset/pittsburgh-public-schools-individualized-education-plan-iep,
d9bf4afc-0fbb-4d12-9c63-7de76965f84e,documentation_external,https://data.wprdc.org/dataset/pittsburgh-public-schools-feeder-pattern-attendance-boundaries,
27b6eef7-8825-4cc4-8b48-52c17ac80d37,documentation_external,https://data.wprdc.org/dataset/pittsburgh-public-schools-enrollment,
46fb3ca4-e844-4b42-b034-e87291d34699,documentation_external,https://data.wprdc.org/dataset/pittsburgh-public-school-locations,
1e310bc4-87f5-4e56-b04c-38bd8c9ed954,documentation_external,https://data.wprdc.org/dataset/pittsburgh-neighborhoods,
ce47b2df-a69a-491c-9099-9f20129cf67d,documentation_external,https://data.wprdc.org/dataset/pittsburgh-beautify-the-burgh,
307d923c-418e-4838-b2b9-d0896d483f33,documentation_external,https://data.wprdc.org/dataset/pittsburgh-american-community-survey-data-household-types,
7bc5037e-52fc-476d-b75c-f1629f007493,documentation_external,https://data.wprdc.org/dataset/permitted-shelters,
f0fd9c36-39f1-44fa-9935-5fe50dcc4235,documentation_external,https://data.wprdc.org/dataset/parking-data-dashboard,
4cae7c2c-58f6-4d1f-8e16-15162bee86cb,documentation_external,https://data.wprdc.org/dataset/pacrels,
cde6ac1b-d503-4dd8-8d4c-b4f106dd1950,documentation_external,https://data.wprdc.org/dataset/market-value-analysis-urban-redevelopment-authority,
2d9c9064-e2f7-489d-9b77-d2c603629a81,documentation_external,https://data.wprdc.org/dataset/make-my-trip-count-2015,
03433319-a658-418c-8981-b591ef883254,documentation_external,https://data.wprdc.org/dataset/kingsley-house-membership-and-occupation-data-1920-1926,
1e3a92ad-49b9-46cf-aa14-2d58e76e5ec6,documentation_external,https://data.wprdc.org/dataset/http-truetime-prt-org-bustime-home-jsp,
ccd06e53-4226-4704-8ca4-7384409ffa8f,documentation_external,https://data.wprdc.org/dataset/green-infrastructure-siting-and-cost-effectiveness-analysis,
6bb2a968-761d-48cf-ac5b-c1fc80b4fe6a,documentation_external,https://data.wprdc.org/dataset/geocoders,
5934b8d1-892f-4fd7-84c1-aa890d3ff529,documentation_external,https://data.wprdc.org/dataset/field-listings,
7440cc8e-431a-4411-9395-a6199930ea4f,documentation_external,https://data.wprdc.org/dataset/envision-downtown-public-space-public-life-survey,
9a633755-da90-4bbb-aaaa-20e9ada109dc,documentation_external,https://data.wprdc.org/dataset/data-protected-bike-lanes-oct-2019,
f6213ee9-7c53-409d-947a-b3cd7ca36c31,documentation_external,https://data.wprdc.org/dataset/clp-public-wifi,
fbc918c8-089a-4a27-9908-fb50f5a6dedc,documentation_external,https://data.wprdc.org/dataset/butler-county-crash-data,
c5f55857-6a20-47f8-a0c6-1c4d8e485642,documentation_external,https://data.wprdc.org/dataset/building-footprints,
84f23c6b-8a7f-4823-a57d-99c1138049cf,documentation_external,https://data.wprdc.org/dataset/borough-boundary,
ce31fde1-32a8-4fa9-9d1a-cbe465af3292,documentation_external,https://data.wprdc.org/dataset/bike-rack-locations-downtown-pittsburgh,
1a524b15-fb02-46d4-9c27-a262cf12edbb,documentation_external,https://data.wprdc.org/dataset/beaver-county-crash-data,
b396e1a3-557d-4bf6-80bf-d2e612ac1ceb,documentation_external,https://data.wprdc.org/dataset/baldwin-borough-monthly-revenue-and-expenses,
dd4d4782-48fd-4256-a647-5aab347db70b,documentation_external,https://data.wprdc.org/dataset/a-schools-report-to-the-community-raw-data,
551e4e22-04b2-4b95-a5f8-1d7237395057,documentation_external,https://data.wprdc.org/dataset/allegheny-land-trust-public-properties,
1a5135de-cabe-4e23-b5e4-b2b8dd733817,documentation_external,https://data.wprdc.org/dataset/allegheny-county-zip-code-boundaries2,
f7ccd6d1-b38e-4b08-aba1-b78b4e9483ca,documentation_external,https://data.wprdc.org/dataset/allegheny-county-2000-2010-census-tract-relationships,
95af9f2c-61c8-446b-ae72-852e195684f3,documentation_external,https://data.wprdc.org/dataset/2020-census-redistricting-data-extracts,
1fb0bfbd-c8cc-4245-a8d0-2e60196040b3,documentation_external,https://data.wprdc.org/dataset/2010-census-blocks-with-geographic-codes-southwestern-pa,
a60b5473-a3dd-48e7-b6b4-89b81b66945c,download,https://ckan.a2gov.org/dataset/a60b5473-a3dd-48e7-b6b4-89b81b66945c/resource/4dfbb383-4772-4346-909f-882b0d15da4b/download/weather_measurements_combined.csv,CSV
817e4813-0d0d-4368-a139-faef9f89b190,download,https://ckan.a2gov.org/dataset/817e4813-0d0d-4368-a139-faef9f89b190/resource/08a340f6-6f47-45e5-8fb0-98a7a04b6d4a/download/solid_waste.csv,CSV
817e4813-0d0d-4368-a139-faef9f89b190,download,https://ckan.a2gov.org/dataset/817e4813-0d0d-4368-a139-faef9f89b190/resource/b7d6cd73-866c-4584-aeab-6b7b36450d36/download/solid-waste-metadata-documentation.odt,ODT
7277c199-1913-46f7-bada-40fe325f4094,download,https://ckan.a2gov.org/dataset/7277c199-1913-46f7-bada-40fe325f4094/resource/671ceb9a-f744-4c1c-aef5-353dbaa9e05f/download/pfas_samples.csv,CSV
3b531fba-bf1e-44a4-ae30-7caaaa76f705,download,https://ckan.a2gov.org/dataset/3b531fba-bf1e-44a4-ae30-7caaaa76f705/resource/d16be6d6-9738-4c1c-8a86-1849942953ad/download/air_quality_hourly.csv,CSV
9c24a5f2-df1f-4174-9dde-b7c7eda3a84d,download,https://ckan.a2gov.org/dataset/9c24a5f2-df1f-4174-9dde-b7c7eda3a84d/resource/505863f0-bd80-40fa-b7e7-7054b627d8ab/download/city_of_ann_arbor_rainfall.csv,CSV
970c31c9-c9c4-4082-a173-a97addf91642,download,https://ckan.a2gov.org/dataset/970c31c9-c9c4-4082-a173-a97addf91642/resource/54b9b4a1-599a-4767-aaa3-f404e45bcc80/download/aa_zoning_districts.kmz,KMZ
970c31c9-c9c4-4082-a173-a97addf91642,download,https://ckan.a2gov.org/dataset/970c31c9-c9c4-4082-a173-a97addf91642/resource/94997287-394a-46ca-91b1-abc4a4115ea0/download/aa_zoning_districts.zip,ZIP
970c31c9-c9c4-4082-a173-a97addf91642,download,https://ckan.a2gov.org/dataset/970c31c9-c9c4-4082-a173-a97addf91642/resource/200ac6aa-7627-438b-bb06-b98be272b918/download/aa_zoning_districts.json,JSON
970c31c9-c9c4-4082-a173-a97addf91642,download,https://ckan.a2gov.org/dataset/970c31c9-c9c4-4082-a173-a97addf91642/resource/37d1808f-321e-4c2b-b19f-0cbd61363266/download/aa_zoning_districts.csv,CSV
78e6b220-7e8a-439c-9534-16586578fd32,download,https://ckan.a2gov.org/dataset/78e6b220-7e8a-439c-9534-16586578fd32/resource/b57609cd-de1c-4cba-8613-df4320f675a4/download/aa_zipcodes.zip,ZIP
78e6b220-7e8a-439c-9534-16586578fd32,download,https://ckan.a2gov.org/dataset/78e6b220-7e8a-439c-9534-16586578fd32/resource/7c7a95e6-7610-435c-8945-bdb82f347f9c/download/aa_zipcodes.kmz,KMZ
78e6b220-7e8a-439c-9534-16586578fd32,download,https://ckan.a2gov.org/dataset/78e6b220-7e8a-439c-9534-16586578fd32/resource/918475f9-0f19-4269-8d1c-e7c48c030323/download/aa_zipcodes.json,JSON
6b3d940b-cabd-4a55-a3f1-e75fb8770f90,download,https://ckan.a2gov.org/dataset/6b3d940b-cabd-4a55-a3f1-e75fb8770f90/resource/cab25c34-1649-44f8-a03c-1caa0d6d7200/download/aa_waterbodies.zip,ZIP
6b3d940b-cabd-4a55-a3f1-e75fb8770f90,download,https://ckan.a2gov.org/dataset/6b3d940b-cabd-4a55-a3f1-e75fb8770f90/resource/42173ea5-89b7-44d3-a231-37fce5425ebd/download/aa_waterbodies.kmz,KMZ
6b3d940b-cabd-4a55-a3f1-e75fb8770f90,download,https://ckan.a2gov.org/dataset/6b3d940b-cabd-4a55-a3f1-e75fb8770f90/resource/b21a9cc4-988c-4495-9d05-9fcbd294341f/download/aa_waterbodies.json,JSON
6b3d940b-cabd-4a55-a3f1-e75fb8770f90,download,https://ckan.a2gov.org/dataset/6b3d940b-cabd-4a55-a3f1-e75fb8770f90/resource/b2336def-106b-4632-8956-29c92df3db94/download/aa_waterbodies.csv,CSV
8c6a26f9-1e91-448e-89ca-e83c0126cd94,download,https://ckan.a2gov.org/dataset/8c6a26f9-1e91-448e-89ca-e83c0126cd94/resource/e33a0042-c9b1-45d7-ae18-147e236306fc/download/aa_wards_and_precincts.kmz,KMZ
8c6a26f9-1e91-448e-89ca-e83c0126cd94,download,https://ckan.a2gov.org/dataset/8c6a26f9-1e91-448e-89ca-e83c0126cd94/resource/b05cf42e-7505-403f-88b1-fb4ae124bacb/download/aa_wards_and_precincts.zip,ZIP
8c6a26f9-1e91-448e-89ca-e83c0126cd94,download,https://ckan.a2gov.org/dataset/8c6a26f9-1e91-448e-89ca-e83c0126cd94/resource/5e57f476-f253-4d3b-b08d-82f94c719675/download/aa_wards_and_precincts.json,JSON
8c6a26f9-1e91-448e-89ca-e83c0126cd94,download,https://ckan.a2gov.org/dataset/8c6a26f9-1e91-448e-89ca-e83c0126cd94/resource/cc2c32ac-c25b-4987-8863-ad1f4b6e79ff/download/aa_wards_and_precincts.csv,CSV
bb50cfd7-4cd9-4198-b438-0ce1add8acb8,download,https://ckan.a2gov.org/dataset/bb50cfd7-4cd9-4198-b438-0ce1add8acb8/resource/df96e1df-37db-47a6-b618-3816a7a9cfb8/download/aa_university.kmz,KMZ
bb50cfd7-4cd9-4198-b438-0ce1add8acb8,download,https://ckan.a2gov.org/dataset/bb50cfd7-4cd9-4198-b438-0ce1add8acb8/resource/3e427a33-7a2b-491c-b724-b55cc37618b0/download/aa_university.zip,ZIP
bb50cfd7-4cd9-4198-b438-0ce1add8acb8,download,https://ckan.a2gov.org/dataset/bb50cfd7-4cd9-4198-b438-0ce1add8acb8/resource/7dca28fe-49c5-4b65-8bc0-10be7b353cd5/download/aa_university.json,JSON
653f6c44-95a6-4ca7-a4dc-a88cbe1025a3,download,https://ckan.a2gov.org/dataset/653f6c44-95a6-4ca7-a4dc-a88cbe1025a3/resource/d52269c6-87f0-485f-84c5-bbf8e868281c/download/aa_trees.kmz,KMZ
653f6c44-95a6-4ca7-a4dc-a88cbe1025a3,download,https://ckan.a2gov.org/dataset/653f6c44-95a6-4ca7-a4dc-a88cbe1025a3/resource/7087f498-fe1d-4259-ba72-4ae704f2a3b0/download/aa_trees.zip,ZIP
653f6c44-95a6-4ca7-a4dc-a88cbe1025a3,download,https://ckan.a2gov.org/dataset/653f6c44-95a6-4ca7-a4dc-a88cbe1025a3/resource/f9aa233d-374d-4ad3-9ea5-a1a0e645843e/download/aa_trees.json,JSON
653f6c44-95a6-4ca7-a4dc-a88cbe1025a3,download,https://ckan.a2gov.org/dataset/653f6c44-95a6-4ca7-a4dc-a88cbe1025a3/resource/79189c60-5291-4a09-9550-e18acf4ccffe/download/aa_trees.csv,CSV
352ac737-a717-4ff0-8501-f2b6315fc77e,download,https://ckan.a2gov.org/dataset/352ac737-a717-4ff0-8501-f2b6315fc77e/resource/be152f30-e488-4772-a28a-a2ad55155dfd/download/aa_streetlights.kmz,KMZ
352ac737-a717-4ff0-8501-f2b6315fc77e,download,https://ckan.a2gov.org/dataset/352ac737-a717-4ff0-8501-f2b6315fc77e/resource/f8277648-f483-4bfd-b59f-8077abb85b0f/download/aa_streetlights.zip,ZIP
352ac737-a717-4ff0-8501-f2b6315fc77e,download,https://ckan.a2gov.org/dataset/352ac737-a717-4ff0-8501-f2b6315fc77e/resource/68ae9742-da12-466a-b482-ac2441edf666/download/aa_streetlights.json,JSON
e40d794d-8b84-4e1a-bc69-aa9ef6135533,download,https://ckan.a2gov.org/dataset/e40d794d-8b84-4e1a-bc69-aa9ef6135533/resource/c2d755bd-a5a8-4f69-b63e-245c49f99a04/download/aa_schools.kmz,KMZ
e40d794d-8b84-4e1a-bc69-aa9ef6135533,download,https://ckan.a2gov.org/dataset/e40d794d-8b84-4e1a-bc69-aa9ef6135533/resource/52fcb1a3-2964-4808-a3d9-07c00d261060/download/aa_schools.zip,ZIP
e40d794d-8b84-4e1a-bc69-aa9ef6135533,download,https://ckan.a2gov.org/dataset/e40d794d-8b84-4e1a-bc69-aa9ef6135533/resource/c2d911e5-bf6c-4e73-ad42-ad78507ce915/download/aa_schools.json,JSON
b9c4f1d0-c96a-4456-859e-5c80b4ff37d9,download,https://ckan.a2gov.org/dataset/b9c4f1d0-c96a-4456-859e-5c80b4ff37d9/resource/bea05f05-8179-46e6-912e-8189a7796bb3/download/aa_roadcenterline.zip,ZIP
b9c4f1d0-c96a-4456-859e-5c80b4ff37d9,download,https://ckan.a2gov.org/dataset/b9c4f1d0-c96a-4456-859e-5c80b4ff37d9/resource/76ee42e0-5aab-426a-9803-2b2849367917/download/aa_roadcenterline.kmz,KMZ
b9c4f1d0-c96a-4456-859e-5c80b4ff37d9,download,https://ckan.a2gov.org/dataset/b9c4f1d0-c96a-4456-859e-5c80b4ff37d9/resource/3b5aefd8-fde7-427f-a77a-43d05df19ef6/download/aa_roadcenterline.json,JSON
81272991-ea42-4845-afbc-c3854c0c2af5,download,https://ckan.a2gov.org/dataset/81272991-ea42-4845-afbc-c3854c0c2af5/resource/0e95068d-44df-47d9-a505-956c8e77edc3/download/aa_polling_locations.kmz,KMZ
81272991-ea42-4845-afbc-c3854c0c2af5,download,https://ckan.a2gov.org/dataset/81272991-ea42-4845-afbc-c3854c0c2af5/resource/f6c638b6-ac9d-4498-b00b-3aaaffa53f0b/download/aa_polling_locations.zip,ZIP
81272991-ea42-4845-afbc-c3854c0c2af5,download,https://ckan.a2gov.org/dataset/81272991-ea42-4845-afbc-c3854c0c2af5/resource/493f3e48-d49f-487d-b1e2-837725a3bfaa/download/aa_polling_locations.json,JSON
17dd7a5f-5607-4df3-b892-01abca9b1eba,download,https://ckan.a2gov.org/dataset/17dd7a5f-5607-4df3-b892-01abca9b1eba/resource/f1c6cd13-8cf5-4557-a824-dafd624fd68c/download/aa_parks.kmz,KMZ
17dd7a5f-5607-4df3-b892-01abca9b1eba,download,https://ckan.a2gov.org/dataset/17dd7a5f-5607-4df3-b892-01abca9b1eba/resource/7c4b7093-7f9c-4f3b-8e2a-15eb31c70f9a/download/aa_parks.zip,ZIP
17dd7a5f-5607-4df3-b892-01abca9b1eba,download,https://ckan.a2gov.org/dataset/17dd7a5f-5607-4df3-b892-01abca9b1eba/resource/bbbc462d-bf6d-4576-bb63-cac129671190/download/aa_parks.json,JSON
cdac1c7a-8eea-44ef-8a52-0bd71518d8cc,download,https://ckan.a2gov.org/dataset/cdac1c7a-8eea-44ef-8a52-0bd71518d8cc/resource/d36a66b6-30e3-4e57-9bd7-a085ecc4ee33/download/aa_non_city_open_spaces.kmz,KMZ
cdac1c7a-8eea-44ef-8a52-0bd71518d8cc,download,https://ckan.a2gov.org/dataset/cdac1c7a-8eea-44ef-8a52-0bd71518d8cc/resource/36e1e257-3d07-45b3-8495-1bdc2d51659f/download/aa_non_city_open_spaces.zip,ZIP
cdac1c7a-8eea-44ef-8a52-0bd71518d8cc,download,https://ckan.a2gov.org/dataset/cdac1c7a-8eea-44ef-8a52-0bd71518d8cc/resource/ee96b764-3095-4107-87be-04842c5d1174/download/aa_non_city_open_spaces.json,JSON
ede3b10b-c75a-47d8-be37-11957819aa99,download,https://ckan.a2gov.org/dataset/ede3b10b-c75a-47d8-be37-11957819aa99/resource/afa2ad2c-1e1a-4b6e-ae2e-e0d725f38eb9/download/aa_landuse.kmz,KMZ
ede3b10b-c75a-47d8-be37-11957819aa99,download,https://ckan.a2gov.org/dataset/ede3b10b-c75a-47d8-be37-11957819aa99/resource/3ec0dd74-02b7-41fd-88b7-7d1760d3ba5e/download/aa_landuse.zip,ZIP
ede3b10b-c75a-47d8-be37-11957819aa99,download,https://ckan.a2gov.org/dataset/ede3b10b-c75a-47d8-be37-11957819aa99/resource/fa7a0c72-6898-420b-bd4d-13a4acbc1434/download/aa_landuse.json,JSON
ede3b10b-c75a-47d8-be37-11957819aa99,download,https://ckan.a2gov.org/dataset/ede3b10b-c75a-47d8-be37-11957819aa99/resource/6dd6c614-4aaa-4121-bd89-7d6892fdf842/download/aa_landuse.csv,CSV
ecbfd4e7-fe1e-4b8d-ab59-0f74e346aefb,download,https://ckan.a2gov.org/dataset/ecbfd4e7-fe1e-4b8d-ab59-0f74e346aefb/resource/191b9fd6-4db0-4d0c-8d8c-820f384f8e0b/download/aa_hydrants.kmz,KMZ
ecbfd4e7-fe1e-4b8d-ab59-0f74e346aefb,download,https://ckan.a2gov.org/dataset/ecbfd4e7-fe1e-4b8d-ab59-0f74e346aefb/resource/2230bb82-50e5-4102-b279-236f768622b2/download/aa_hydrants.zip,ZIP
ecbfd4e7-fe1e-4b8d-ab59-0f74e346aefb,download,https://ckan.a2gov.org/dataset/ecbfd4e7-fe1e-4b8d-ab59-0f74e346aefb/resource/d50ccb22-ad47-43b6-86d3-1ef465d53170/download/aa_hydrants.json,JSON
736f999a-45fe-48fa-9f4a-3c90c858f8c8,download,https://ckan.a2gov.org/dataset/736f999a-45fe-48fa-9f4a-3c90c858f8c8/resource/6b97b784-6259-43fe-a7dc-ad1f7959eb48/download/aa_hotels.kmz,KMZ
736f999a-45fe-48fa-9f4a-3c90c858f8c8,download,https://ckan.a2gov.org/dataset/736f999a-45fe-48fa-9f4a-3c90c858f8c8/resource/f6aabace-a470-40c9-8c8f-36b5f7c4e41f/download/aa_hotels.json,JSON
736f999a-45fe-48fa-9f4a-3c90c858f8c8,download,https://ckan.a2gov.org/dataset/736f999a-45fe-48fa-9f4a-3c90c858f8c8/resource/acbee38b-196c-4a15-a044-813f9c24db48/download/aa_hotels.zip,ZIP
d66f46af-f050-4e5e-a3ef-2bc9de1cc115,download,https://ckan.a2gov.org/dataset/d66f46af-f050-4e5e-a3ef-2bc9de1cc115/resource/28d12530-f62a-4e59-9ab4-1c3146bf2fc6/download/aa_historic_districts.kmz,KMZ
d66f46af-f050-4e5e-a3ef-2bc9de1cc115,download,https://ckan.a2gov.org/dataset/d66f46af-f050-4e5e-a3ef-2bc9de1cc115/resource/191b52d3-67b8-4f85-86e8-dfc6cfb3aba6/download/aa_historic_districts.zip,ZIP
d66f46af-f050-4e5e-a3ef-2bc9de1cc115,download,https://ckan.a2gov.org/dataset/d66f46af-f050-4e5e-a3ef-2bc9de1cc115/resource/716ce1fd-fa37-403a-aff7-5ff93aa878dd/download/aa_historic_districts.json,JSON
b6e43ac2-faac-4964-b166-7f79835106ba,download,https://ckan.a2gov.org/dataset/b6e43ac2-faac-4964-b166-7f79835106ba/resource/b877b405-ff76-4530-81dd-3df4e5ad955c/download/aa_greenbeltproperties.kmz,KMZ
b6e43ac2-faac-4964-b166-7f79835106ba,download,https://ckan.a2gov.org/dataset/b6e43ac2-faac-4964-b166-7f79835106ba/resource/1eeb0df5-cf18-4bc1-af2a-a8fcbcbdc4c6/download/aa_greenbeltproperties.json,JSON
b6e43ac2-faac-4964-b166-7f79835106ba,download,https://ckan.a2gov.org/dataset/b6e43ac2-faac-4964-b166-7f79835106ba/resource/4cccfdfe-988c-42d0-9125-085863102afe/download/aa_greenbeltproperties.zip,ZIP
76fb9e96-b00a-40de-8bf1-2414f1bdb4d4,download,https://ckan.a2gov.org/dataset/76fb9e96-b00a-40de-8bf1-2414f1bdb4d4/resource/9844c261-cf3a-4b59-81b9-85d3a0a9f9ac/download/aa_greenbelt.json,JSON
76fb9e96-b00a-40de-8bf1-2414f1bdb4d4,download,https://ckan.a2gov.org/dataset/76fb9e96-b00a-40de-8bf1-2414f1bdb4d4/resource/d256701a-c286-4e8e-9984-6a6331efeb1b/download/aa_greenbelt.kmz,KMZ
76fb9e96-b00a-40de-8bf1-2414f1bdb4d4,download,https://ckan.a2gov.org/dataset/76fb9e96-b00a-40de-8bf1-2414f1bdb4d4/resource/6099db1b-793b-49d6-988c-9c649bedacc5/download/aa_greenbelt.zip,ZIP
868a3adf-10f3-4958-915c-d2d873127976,download,https://ckan.a2gov.org/dataset/868a3adf-10f3-4958-915c-d2d873127976/resource/5700f645-5666-4803-bf29-405a6c8879dc/download/aa_futurelanduse.kmz,KMZ
868a3adf-10f3-4958-915c-d2d873127976,download,https://ckan.a2gov.org/dataset/868a3adf-10f3-4958-915c-d2d873127976/resource/108acf34-359c-4df1-95e9-79a57acdaecb/download/aa_futurelanduse.zip,ZIP
868a3adf-10f3-4958-915c-d2d873127976,download,https://ckan.a2gov.org/dataset/868a3adf-10f3-4958-915c-d2d873127976/resource/733d82f8-cb11-44a1-9bf6-1689144b49da/download/aa_futurelanduse.json,JSON
868a3adf-10f3-4958-915c-d2d873127976,download,https://ckan.a2gov.org/dataset/868a3adf-10f3-4958-915c-d2d873127976/resource/5e6e3614-118f-4d9a-989e-f735c49f7afa/download/aa_futurelanduse.csv,CSV
c2a7caa8-4b91-492f-9092-59127d1da526,download,https://ckan.a2gov.org/dataset/c2a7caa8-4b91-492f-9092-59127d1da526/resource/955c5393-4d17-4ac5-bd41-038c6eb6eec7/download/aa_floodplainzeropointtwo.csv,CSV
c2a7caa8-4b91-492f-9092-59127d1da526,download,https://ckan.a2gov.org/dataset/c2a7caa8-4b91-492f-9092-59127d1da526/resource/77d22469-f334-44c0-b149-a4f5cfef6d66/download/aa_floodplainzeropointtwo.json,JSON
c2a7caa8-4b91-492f-9092-59127d1da526,download,https://ckan.a2gov.org/dataset/c2a7caa8-4b91-492f-9092-59127d1da526/resource/a79ecb08-7129-4739-8c87-e1244bb65fc6/download/aa_floodplainzeropointtwo.kmz,KMZ
c2a7caa8-4b91-492f-9092-59127d1da526,download,https://ckan.a2gov.org/dataset/c2a7caa8-4b91-492f-9092-59127d1da526/resource/911a3e25-2d86-499f-b8b4-8071e12cdd34/download/aa_floodplainzeropointtwo.zip,ZIP
31d056de-af54-43c8-8f5b-f2f34a2553cf,download,https://ckan.a2gov.org/dataset/31d056de-af54-43c8-8f5b-f2f34a2553cf/resource/82f22458-179f-4c02-bfd9-89bbcb33a94e/download/aa_floodplain.kmz,KMZ
31d056de-af54-43c8-8f5b-f2f34a2553cf,download,https://ckan.a2gov.org/dataset/31d056de-af54-43c8-8f5b-f2f34a2553cf/resource/986f803c-3c4e-4cc4-aca0-d62e5904acb7/download/aa_floodplain.zip,ZIP
31d056de-af54-43c8-8f5b-f2f34a2553cf,download,https://ckan.a2gov.org/dataset/31d056de-af54-43c8-8f5b-f2f34a2553cf/resource/e4133b4d-d280-4839-aca9-b8be30164ef1/download/aa_floodplain.json,JSON
31d056de-af54-43c8-8f5b-f2f34a2553cf,download,https://ckan.a2gov.org/dataset/31d056de-af54-43c8-8f5b-f2f34a2553cf/resource/12d4ad56-d18e-4264-ae21-6c239e019411/download/aa_floodplain.csv,CSV
c64e800a-725f-4f6b-9a18-58bffdea4acb,download,https://ckan.a2gov.org/dataset/c64e800a-725f-4f6b-9a18-58bffdea4acb/resource/34742f5d-9b9b-4ba7-93b8-42182f23d4e3/download/aa_dda_boundary.kmz,KMZ
c64e800a-725f-4f6b-9a18-58bffdea4acb,download,https://ckan.a2gov.org/dataset/c64e800a-725f-4f6b-9a18-58bffdea4acb/resource/85ca1a61-1760-4c11-b385-fecc62142e90/download/aa_dda_boundary.zip,ZIP
c64e800a-725f-4f6b-9a18-58bffdea4acb,download,https://ckan.a2gov.org/dataset/c64e800a-725f-4f6b-9a18-58bffdea4acb/resource/9473f62b-1abc-452e-8698-e5a80be07f75/download/aa_dda_boundary.json,JSON
cda8ef3a-bc31-49f0-8071-5271e9035123,download,https://ckan.a2gov.org/dataset/cda8ef3a-bc31-49f0-8071-5271e9035123/resource/e0386b66-7e95-48e1-abc4-59599826a66e/download/aa_city_owned_land.kmz,KMZ
cda8ef3a-bc31-49f0-8071-5271e9035123,download,https://ckan.a2gov.org/dataset/cda8ef3a-bc31-49f0-8071-5271e9035123/resource/e22242ed-cdc6-4690-9e85-834a994384d6/download/aa_city_owned_land.zip,ZIP
cda8ef3a-bc31-49f0-8071-5271e9035123,download,https://ckan.a2gov.org/dataset/cda8ef3a-bc31-49f0-8071-5271e9035123/resource/37ee2b75-b463-4a8f-bfc8-e154657e95dc/download/aa_city_owned_land.json,JSON
c5d51794-60bb-478e-8cef-da420869d98d,download,https://ckan.a2gov.org/dataset/c5d51794-60bb-478e-8cef-da420869d98d/resource/b39aeaba-d0fe-4521-8c20-0cad3849c049/download/aa_city_boundary.kmz,KMZ
c5d51794-60bb-478e-8cef-da420869d98d,download,https://ckan.a2gov.org/dataset/c5d51794-60bb-478e-8cef-da420869d98d/resource/9320efa9-1fbe-4c8c-b179-2663d44ebf58/download/aa_city_boundary.zip,ZIP
c5d51794-60bb-478e-8cef-da420869d98d,download,https://ckan.a2gov.org/dataset/c5d51794-60bb-478e-8cef-da420869d98d/resource/515b29a3-14e1-467e-9c9b-42f53b676fd8/download/aa_city_boundary.json,JSON
c5d51794-60bb-478e-8cef-da420869d98d,download,https://ckan.a2gov.org/dataset/c5d51794-60bb-478e-8cef-da420869d98d/resource/0bc47ff3-2544-4b8c-a3d1-4b68e43c2970/download/aa_city_boundary.csv,CSV
338bf68f-22dc-4c8e-b0f9-bd31dfa855ca,download,https://ckan.a2gov.org/dataset/338bf68f-22dc-4c8e-b0f9-bd31dfa855ca/resource/96e4a6dd-56fe-4b57-a030-d772fe4008ad/download/aa_catchbasins.kmz,KMZ
338bf68f-22dc-4c8e-b0f9-bd31dfa855ca,download,https://ckan.a2gov.org/dataset/338bf68f-22dc-4c8e-b0f9-bd31dfa855ca/resource/6d65d848-bd62-4008-a7a1-b7073c6167cc/download/aa_catchbasins.zip,ZIP
338bf68f-22dc-4c8e-b0f9-bd31dfa855ca,download,https://ckan.a2gov.org/dataset/338bf68f-22dc-4c8e-b0f9-bd31dfa855ca/resource/e72266c4-f2a8-43dd-8674-40b30a0b0185/download/aa_catchbasins.json,JSON
43aacacb-0d98-4cd0-9348-fffeb942027b,download,https://ckan.a2gov.org/dataset/43aacacb-0d98-4cd0-9348-fffeb942027b/resource/9cc88c06-1192-4f80-9522-24f0fe74d542/download/aa_building_footprints.kmz,KMZ
43aacacb-0d98-4cd0-9348-fffeb942027b,download,https://ckan.a2gov.org/dataset/43aacacb-0d98-4cd0-9348-fffeb942027b/resource/ff64c86e-6473-4b1f-a419-03aee08f187c/download/aa_building_footprints.zip,ZIP
43aacacb-0d98-4cd0-9348-fffeb942027b,download,https://ckan.a2gov.org/dataset/43aacacb-0d98-4cd0-9348-fffeb942027b/resource/487c3037-c999-4347-be51-93309d56ed44/download/aa_building_footprints.json,JSON
43aacacb-0d98-4cd0-9348-fffeb942027b,download,https://ckan.a2gov.org/dataset/43aacacb-0d98-4cd0-9348-fffeb942027b/resource/76689a9b-5d6b-4b21-b609-d12284b1a6a0/download/aa_building_footprints.csv,CSV
20096a60-3bd6-4c60-ad11-11190fe8a789,download,https://ckan.a2gov.org/dataset/20096a60-3bd6-4c60-ad11-11190fe8a789/resource/8e818784-1b78-45da-aab4-861bb185614e/download/aa_address.kmz,KMZ
20096a60-3bd6-4c60-ad11-11190fe8a789,download,https://ckan.a2gov.org/dataset/20096a60-3bd6-4c60-ad11-11190fe8a789/resource/cfb8068f-55a4-4caf-be26-cf3d2b963ea7/download/aa_address.zip,ZIP
20096a60-3bd6-4c60-ad11-11190fe8a789,download,https://ckan.a2gov.org/dataset/20096a60-3bd6-4c60-ad11-11190fe8a789/resource/78e34312-ade9-480b-9b46-8bc33925acb6/download/aa_address.json,JSON
debc1ca9-f7ba-4215-9eb8-c6a8467086d3,download,https://ckan.a2gov.org/dataset/debc1ca9-f7ba-4215-9eb8-c6a8467086d3/resource/7d487e6b-f936-4680-ba74-7c6a67ec8e0e/download/aa_floodway.kmz,KMZ
debc1ca9-f7ba-4215-9eb8-c6a8467086d3,download,https://ckan.a2gov.org/dataset/debc1ca9-f7ba-4215-9eb8-c6a8467086d3/resource/b2675053-0454-4e99-8e30-ec91ff0d8ca9/download/aa_floodway.zip,SHP
978b4315-bac0-487e-a481-5707f905d4a1,download,https://ckan.a2gov.org/dataset/978b4315-bac0-487e-a481-5707f905d4a1/resource/f4dc918a-7bf1-4eb0-9daa-e176d4eca7c2/download/aa_neighborhoods.kmz,KMZ
978b4315-bac0-487e-a481-5707f905d4a1,download,https://ckan.a2gov.org/dataset/978b4315-bac0-487e-a481-5707f905d4a1/resource/0a73ea3a-8941-462e-87d3-5977bd204874/download/aa_neighborhoods.shp.zip,SHP
f0ba2caf-3d44-4574-91f6-e73beeadd8c1,download,https://ckan.a2gov.org/dataset/f0ba2caf-3d44-4574-91f6-e73beeadd8c1/resource/9c3280f0-eff7-41fc-9e8e-aea70a82e7a4/download/aatabusstops.kmz,KMZ
f0ba2caf-3d44-4574-91f6-e73beeadd8c1,download,https://ckan.a2gov.org/dataset/f0ba2caf-3d44-4574-91f6-e73beeadd8c1/resource/bf9be16b-78cb-4561-b7df-8c79348e26ad/download/aatabusstops.zip,SHP
1399bac2-cd16-49aa-9caa-a3d884b1210e,download,https://data.milwaukee.gov/datastore/dump/9a4bf009-869f-49b7-81de-c03c386c433a,CSV
27a3101b-41ad-4c59-a1df-a161f80a7176,download,https://data.milwaukee.gov/dataset/27a3101b-41ad-4c59-a1df-a161f80a7176/resource/434ddb25-6871-4835-b4c8-1298913df878/download/zoning.zip,SHP
e059d8e8-8672-452c-b2a1-074717d7d5fc,download,https://data.milwaukee.gov/dataset/e059d8e8-8672-452c-b2a1-074717d7d5fc/resource/519429fa-eb5f-41e5-a96f-a3ea9c17ef7a/download/votingward.csv,CSV
e059d8e8-8672-452c-b2a1-074717d7d5fc,download,https://data.milwaukee.gov/dataset/e059d8e8-8672-452c-b2a1-074717d7d5fc/resource/4929e29c-1d50-431c-9f4a-6ad644ada8c3/download/ward.zip,SHP
e059d8e8-8672-452c-b2a1-074717d7d5fc,download,https://data.milwaukee.gov/dataset/e059d8e8-8672-452c-b2a1-074717d7d5fc/resource/d4166213-c816-4cc0-9962-f3b26db0cf4a/download/pollingplace.zip,SHP
dba70269-a380-40cc-8f4e-95f1477f8086,download,https://data.milwaukee.gov/dataset/dba70269-a380-40cc-8f4e-95f1477f8086/resource/5431d388-4693-4e67-ae01-318eef43e1ee/download/tid.zip,SHP
5c504fa5-caef-4dfa-aa03-58cf778c2975,download,https://data.milwaukee.gov/dataset/5c504fa5-caef-4dfa-aa03-58cf778c2975/resource/bdf96e04-81ff-4116-a594-7fae69084f7d/download/streetcar_stops.zip,SHP
65ac773a-fdd9-418b-b9a3-9b0a2f10b72b,download,https://data.milwaukee.gov/dataset/65ac773a-fdd9-418b-b9a3-9b0a2f10b72b/resource/b827344a-9411-4814-a8ba-203c345d28a0/download/streetcar_route.zip,SHP
a340360c-630c-4b0f-a23b-f23be8f3066f,download,https://data.milwaukee.gov/dataset/a340360c-630c-4b0f-a23b-f23be8f3066f/resource/88697969-7efb-4556-822f-8f9a9848eca2/download/sixteenth_sections.zip,SHP
8ececff5-0cff-4fdc-a4d3-a9a538fc4c81,download,https://data.milwaukee.gov/dataset/8ececff5-0cff-4fdc-a4d3-a9a538fc4c81/resource/8617de36-71fb-48dc-8591-7e09d9f5e1ca/download/quartersection.zip,SHP
8ececff5-0cff-4fdc-a4d3-a9a538fc4c81,download,https://mapmkeonline.maps.arcgis.com/apps/webappviewer/index.html?id=7bce03a51f274843b5e8908f005ef9d2,Website
4626b746-5e8c-491e-8500-d7ad83fa1cd8,download,https://data.milwaukee.gov/dataset/4626b746-5e8c-491e-8500-d7ad83fa1cd8/resource/53a5c39e-ec36-42e3-be3b-beacab846890/download/opportunityzones.zip,SHP
0f5695f6-bca1-46e9-832b-54d1d906d28e,download,https://data.milwaukee.gov/dataset/0f5695f6-bca1-46e9-832b-54d1d906d28e/resource/964353e8-a579-402a-a8e9-c50ea0ae3aa4/download/neighborhood.zip,SHP
98565acf-5652-4a14-bcab-78a48b2fce8b,download,https://data.milwaukee.gov/dataset/98565acf-5652-4a14-bcab-78a48b2fce8b/resource/bdb7cf59-cd28-48bf-be11-926dad6cd1ba/download/mps_schoolboard.zip,SHP
3216a1e4-4286-4247-a0c2-95551d5d268e,download,https://data.milwaukee.gov/dataset/3216a1e4-4286-4247-a0c2-95551d5d268e/resource/1afe1cae-c409-43f0-a381-27dcaf519eec/download/mpd_squad_area.zip,SHP
1cb11103-18df-4c6e-b622-859d1e217920,download,https://data.milwaukee.gov/dataset/1cb11103-18df-4c6e-b622-859d1e217920/resource/cac45f22-0609-4972-88a5-a3f6d9f74f83/download/mpd.zip,SHP
5d05757c-863b-45cc-8c0b-8667dcf5e780,download,https://data.milwaukee.gov/dataset/5d05757c-863b-45cc-8c0b-8667dcf5e780/resource/2c02edbd-9029-4db0-9a94-1d87c46c914a/download/library_service_areas.zip,SHP
1b984aba-5cc1-47e3-8c64-999b6d26ceb6,download,https://data.milwaukee.gov/dataset/1b984aba-5cc1-47e3-8c64-999b6d26ceb6/resource/0590052a-6dd5-4cc1-a473-fd60eb00402b/download/librarylocations.csv,CSV
1b984aba-5cc1-47e3-8c64-999b6d26ceb6,download,https://data.milwaukee.gov/dataset/1b984aba-5cc1-47e3-8c64-999b6d26ceb6/resource/da5fbc6a-bd7f-41cf-9d44-f2fb06dc48ad/download/library.zip,SHP
13dd602f-0a75-4990-b3c5-fc9bd60fa6d6,download,https://data.milwaukee.gov/dataset/13dd602f-0a75-4990-b3c5-fc9bd60fa6d6/resource/5d95deb3-bbda-40db-a604-29f38dbfc77d/download/firehouse.zip,SHP
61436830-335e-4039-b761-e1ab8e214d4b,download,https://data.milwaukee.gov/dataset/61436830-335e-4039-b761-e1ab8e214d4b/resource/63751b20-b104-4d45-8ca9-7cae06ad8666/download/citylimit.zip,SHP
22362669-ecff-43e4-a7ce-9cdb0c7c90b4,download,https://data.milwaukee.gov/dataset/22362669-ecff-43e4-a7ce-9cdb0c7c90b4/resource/74b4e27d-b713-4b30-9c99-ebdfc0c802a1/download/cdga_nsp.zip,SHP
ebfe867b-51d7-4a0c-a452-c08595a2c485,download,https://data.milwaukee.gov/dataset/ebfe867b-51d7-4a0c-a452-c08595a2c485/resource/48501d4a-9fc8-4213-88ec-cdfa9c3bddc3/download/bid.zip,SHP
1301738f-4b4a-4f73-bbaa-a4cac069e371,download,https://data.milwaukee.gov/dataset/1301738f-4b4a-4f73-bbaa-a4cac069e371/resource/4b68b244-779e-406f-9d94-7fb85a764496/download/alderman.zip,SHP
1301738f-4b4a-4f73-bbaa-a4cac069e371,download,https://data.milwaukee.gov/dataset/1301738f-4b4a-4f73-bbaa-a4cac069e371/resource/e34a8c79-2fad-4c7b-bf46-0ceb210f74fb/download/alders052023.zip,SHP
1301738f-4b4a-4f73-bbaa-a4cac069e371,download,https://data.milwaukee.gov/dataset/1301738f-4b4a-4f73-bbaa-a4cac069e371/resource/dc576495-95be-44b0-b60e-6e520fddbef5/download/ald2004.zip,SHP
1301738f-4b4a-4f73-bbaa-a4cac069e371,download,https://data.milwaukee.gov/dataset/1301738f-4b4a-4f73-bbaa-a4cac069e371/resource/bc82c16f-281a-4453-b063-8ff1cf318b84/download/ald1992.zip,SHP
5a537f5c-10d7-40a2-9b93-3527a4c89fbd,download,https://data.milwaukee.gov/dataset/5a537f5c-10d7-40a2-9b93-3527a4c89fbd/resource/395db729-a30a-4e53-ab66-faeb5e1899c8/download/wibrarchive.csv,CSV
e5feaad3-ee73-418c-b65d-ef810c199390,download,https://data.milwaukee.gov/dataset/e5feaad3-ee73-418c-b65d-ef810c199390/resource/87843297-a6fa-46d4-ba5d-cb342fb2d3bb/download/wibr.csv,CSV
5fafe01d-dc55-4a41-8760-8ae52f7855f1,download,https://data.milwaukee.gov/dataset/5fafe01d-dc55-4a41-8760-8ae52f7855f1/resource/8fffaa3a-b500-4561-8898-78a424bdacee/download/trafficaccident.csv,CSV
562ab824-48a5-42cd-b714-87e205e489ba,download,https://data.milwaukee.gov/dataset/562ab824-48a5-42cd-b714-87e205e489ba/resource/0a2c7f31-cd15-4151-8222-09dd57d5f16d/download/mprop.csv,CSV
562ab824-48a5-42cd-b714-87e205e489ba,download,https://itmdapps.milwaukee.gov/AddressSearch/indexSidebar.jsp#0,Address Search Application
8735b4c2-4298-44d0-84c2-b734be52e30d,download,https://data.milwaukee.gov/dataset/8735b4c2-4298-44d0-84c2-b734be52e30d/resource/cdf51c45-5fe3-415e-a08c-14ed134dcb64/download/mfdopendatafire.csv,CSV
1a8bef50-1253-45f0-8a4e-86f7bf515240,download,https://data.milwaukee.gov/dataset/1a8bef50-1253-45f0-8a4e-86f7bf515240/resource/06fd2a64-4348-461a-bda4-5e09b2500615/download/mfdopendataems.csv,CSV
566af1a6-0499-4766-a89e-2f2a4b4d6e2d,download,https://data.milwaukee.gov/dataset/566af1a6-0499-4766-a89e-2f2a4b4d6e2d/resource/9f905487-720e-4f30-ae70-b5ec8a2a65a1/download/mai.csv,CSV
1aba8821-f5f6-4031-b469-5c39c90e99c7,download,https://data.milwaukee.gov/dataset/1aba8821-f5f6-4031-b469-5c39c90e99c7/resource/45c027b5-fa66-4de2-aa7e-d9314292093d/download/liquorlicenses.csv,CSV
e3e95bed-2e2d-424b-885c-1446a0372693,download,https://data.milwaukee.gov/dataset/e3e95bed-2e2d-424b-885c-1446a0372693/resource/cf466c38-c3ca-4956-b338-280296fc2b0a/download/legaldescriptions.csv,CSV
279946fe-8425-46ae-89ee-17b17f8de5ee,download,https://data.milwaukee.gov/dataset/279946fe-8425-46ae-89ee-17b17f8de5ee/resource/232354a9-dc45-46e6-aafd-0e3175302725/download/landusecode.csv,CSV
c9e9e5e1-eee6-4889-a0a4-94673bef1287,download,https://data.milwaukee.gov/dataset/c9e9e5e1-eee6-4889-a0a4-94673bef1287/resource/ce5cfcb9-0263-4f32-966b-765cf861f5ad/download/environmentaldcd.csv,CSV
df4127ba-2fb4-40d8-b5bd-14fbf8729f74,download,https://data.milwaukee.gov/dataset/df4127ba-2fb4-40d8-b5bd-14fbf8729f74/resource/63f458e0-e97d-4013-be71-5487c84661b8/download/citypropertymailinglistresident.csv,CSV
7563a990-82b5-4870-a0e9-7c483e3fb830,download,https://data.milwaukee.gov/dataset/7563a990-82b5-4870-a0e9-7c483e3fb830/resource/372acbb6-956a-496b-9d7c-fb510505f1cd/download/citypropertymailinglistowneroccupied.csv,CSV
7368bfeb-562a-4c49-a6d9-6a7a17eb1e3b,download,https://data.milwaukee.gov/dataset/7368bfeb-562a-4c49-a6d9-6a7a17eb1e3b/resource/5dc7f968-d7ee-47e8-ba6f-f8562f3fc619/download/citypropertymailinglistownerabsentee.csv,CSV
877a44a5-6ea2-4343-9766-33e199fa982c,download,https://data.milwaukee.gov/dataset/877a44a5-6ea2-4343-9766-33e199fa982c/resource/eaf9f0bc-7a18-4171-ad90-8f2c605f264a/download/citypropertymailinglistbusiness.csv,CSV
36be9a79-0c89-45a8-9861-8bae9ac037f4,download,https://data.milwaukee.gov/dataset/36be9a79-0c89-45a8-9861-8bae9ac037f4/resource/99cf1c03-1c5d-4f1b-8df6-3efb6b399e94/download/citypropertymailinglist.csv,CSV
16174983-470a-46c1-a925-d4b7ed28cff9,download,https://data.milwaukee.gov/dataset/16174983-470a-46c1-a925-d4b7ed28cff9/resource/abdfe983-e856-40cd-bee2-85e78454344a/download/callcenterdatahistorical.csv,CSV
a418ffb4-ce90-4a11-a489-d256a3e68a8b,download,https://data.milwaukee.gov/dataset/a418ffb4-ce90-4a11-a489-d256a3e68a8b/resource/bf2b508a-5bfa-49da-8846-d87ffeee020a/download/callcenterdatacurrent.csv,CSV
9bada2e0-fad5-4545-8674-1b2c8c4e9f2f,download,https://data.milwaukee.gov/dataset/9bada2e0-fad5-4545-8674-1b2c8c4e9f2f/resource/828e9630-d7cb-42e4-960e-964eae916397/download/buildingpermits.csv,CSV
a9d52246-c06e-4ec2-a58e-a53ea0a72ded,download,https://data.milwaukee.gov/dataset/a9d52246-c06e-4ec2-a58e-a53ea0a72ded/resource/46dca88b-fec0-48f1-bda6-7296249ea61f/download/accelavacantbuilding.csv,CSV
75008688-8414-47fa-a211-ab2ba6614f37,download,https://data.milwaukee.gov/dataset/75008688-8414-47fa-a211-ab2ba6614f37/resource/63770f71-0ea5-448d-865b-db5a845b0d08/download/street.zip,SHP
3e238aee-5a21-4e2f-8ae7-803440c5d88a,download,https://data.milwaukee.gov/dataset/3e238aee-5a21-4e2f-8ae7-803440c5d88a/resource/83503103-1049-4bc6-851f-2597d9cf580e/download/parcelpolygontax.zip,SHP
3e238aee-5a21-4e2f-8ae7-803440c5d88a,download,https://data.milwaukee.gov/dataset/3e238aee-5a21-4e2f-8ae7-803440c5d88a/resource/deb013fc-0d5e-4cc8-9422-8f495766eb7c/download/parcelbase2001.zip,SHP
3e238aee-5a21-4e2f-8ae7-803440c5d88a,download,https://data.milwaukee.gov/dataset/3e238aee-5a21-4e2f-8ae7-803440c5d88a/resource/73ffd1ce-7387-4b2c-8065-126fe1871b31/download/parcelbase2002.zip,SHP
3e238aee-5a21-4e2f-8ae7-803440c5d88a,download,https://data.milwaukee.gov/dataset/3e238aee-5a21-4e2f-8ae7-803440c5d88a/resource/0e710b0b-ee8c-4764-b946-cb709e5e5894/download/parcelbase2007.zip,SHP
3e238aee-5a21-4e2f-8ae7-803440c5d88a,download,https://data.milwaukee.gov/dataset/3e238aee-5a21-4e2f-8ae7-803440c5d88a/resource/47bc3133-c958-4f0b-a21d-9867366993c6/download/parcelbase2008.zip,SHP
3e238aee-5a21-4e2f-8ae7-803440c5d88a,download,https://data.milwaukee.gov/dataset/3e238aee-5a21-4e2f-8ae7-803440c5d88a/resource/7ec16d9d-4bfb-4ca7-bf14-9b466b062199/download/parcelbase2009.zip,SHP
3e238aee-5a21-4e2f-8ae7-803440c5d88a,download,https://data.milwaukee.gov/dataset/3e238aee-5a21-4e2f-8ae7-803440c5d88a/resource/4179d643-26e7-4370-8abc-aa48737309d3/download/parcelbase2010.zip,SHP
3e238aee-5a21-4e2f-8ae7-803440c5d88a,download,https://data.milwaukee.gov/dataset/3e238aee-5a21-4e2f-8ae7-803440c5d88a/resource/478a026b-37a0-4bc9-8793-4b391071e499/download/parcelbase2011.zip,SHP
3e238aee-5a21-4e2f-8ae7-803440c5d88a,download,https://data.milwaukee.gov/dataset/3e238aee-5a21-4e2f-8ae7-803440c5d88a/resource/16134ee7-2ce7-4a83-95b7-7c02206e0549/download/parcelbase2012.zip,SHP
3e238aee-5a21-4e2f-8ae7-803440c5d88a,download,https://data.milwaukee.gov/dataset/3e238aee-5a21-4e2f-8ae7-803440c5d88a/resource/e510bb10-5a6c-4581-a478-6d04fc0e3dd7/download/parcelbase2013.zip,SHP
3e238aee-5a21-4e2f-8ae7-803440c5d88a,download,https://data.milwaukee.gov/dataset/3e238aee-5a21-4e2f-8ae7-803440c5d88a/resource/4a038a87-05e4-4e42-a7c1-9634035a47ac/download/parcelbase2014.zip,SHP
3e238aee-5a21-4e2f-8ae7-803440c5d88a,download,https://data.milwaukee.gov/dataset/3e238aee-5a21-4e2f-8ae7-803440c5d88a/resource/d0dba34c-b6b9-4c3c-b9a8-831301a43f26/download/parcelbase2015.zip,SHP
3e238aee-5a21-4e2f-8ae7-803440c5d88a,download,https://data.milwaukee.gov/dataset/3e238aee-5a21-4e2f-8ae7-803440c5d88a/resource/b019844b-59e5-4c8f-ac2b-8c47ce95545a/download/parcelbase2016.zip,SHP
3e238aee-5a21-4e2f-8ae7-803440c5d88a,download,https://data.milwaukee.gov/dataset/3e238aee-5a21-4e2f-8ae7-803440c5d88a/resource/e37049ea-8f95-4b0c-a08c-a235448de057/download/parcelbase2017.zip,SHP
3e238aee-5a21-4e2f-8ae7-803440c5d88a,download,https://data.milwaukee.gov/dataset/3e238aee-5a21-4e2f-8ae7-803440c5d88a/resource/c86ce73f-7bd1-41f1-987d-8136f7a236b1/download/parcelbase2018.zip,SHP
3e238aee-5a21-4e2f-8ae7-803440c5d88a,download,https://data.milwaukee.gov/dataset/3e238aee-5a21-4e2f-8ae7-803440c5d88a/resource/b59923bc-ab7d-46b5-af69-0b78e5951baf/download/parcels_mprop_2019.zip,SHP
3e238aee-5a21-4e2f-8ae7-803440c5d88a,download,https://data.milwaukee.gov/dataset/3e238aee-5a21-4e2f-8ae7-803440c5d88a/resource/9cc9ba74-96d7-4678-ad70-f61513543e59/download/parcels_mprop_2020.zip,SHP
3e238aee-5a21-4e2f-8ae7-803440c5d88a,download,https://data.milwaukee.gov/dataset/3e238aee-5a21-4e2f-8ae7-803440c5d88a/resource/ae868503-3904-4a6a-9f57-33965e487f03/download/parcels_mprop_2021.zip,SHP
3e238aee-5a21-4e2f-8ae7-803440c5d88a,download,https://data.milwaukee.gov/dataset/3e238aee-5a21-4e2f-8ae7-803440c5d88a/resource/64935c65-2dfd-475e-b5ea-290d070b3a75/download/parcelbase2022.zip,SHP
3e238aee-5a21-4e2f-8ae7-803440c5d88a,download,https://data.milwaukee.gov/dataset/3e238aee-5a21-4e2f-8ae7-803440c5d88a/resource/39a759e9-c5fb-4f58-98be-493fa2bf8ab5/download/parcelpolygontax2023.zip,SHP
3e238aee-5a21-4e2f-8ae7-803440c5d88a,download,https://data.milwaukee.gov/dataset/3e238aee-5a21-4e2f-8ae7-803440c5d88a/resource/33ef2d28-4542-4215-93f2-013014a556f3/download/parcelpolygontax2024.zip,SHP
3e238aee-5a21-4e2f-8ae7-803440c5d88a,download,https://data.milwaukee.gov/dataset/3e238aee-5a21-4e2f-8ae7-803440c5d88a/resource/a8880aaa-19b6-4d7b-90ce-6282688e8e98/download/parcelpolygontax2025.zip,SHP
f376a61a-b279-4ff5-b6da-776a3df14ca0,download,https://data.milwaukee.gov/dataset/f376a61a-b279-4ff5-b6da-776a3df14ca0/resource/8f1367e1-6f8f-44cc-8ed6-2eecd8267ec7/download/delqreweb.xlsx,XLSX
f376a61a-b279-4ff5-b6da-776a3df14ca0,download,https://data.milwaukee.gov/dataset/f376a61a-b279-4ff5-b6da-776a3df14ca0/resource/eb1fcbcb-9eee-4682-9684-a0779031e247/download/delqreweb.xlsx,Delinquent Personal Property Tax Accounts
72052cc0-93af-4562-963d-906d3297d16e,download,https://data.milwaukee.gov/dataset/72052cc0-93af-4562-963d-906d3297d16e/resource/098495f3-0ef3-4e32-bb78-cc11eb1c024f/download/delqppweb.xlsx,XLSX
7a8b81f6-d750-4f62-aee8-30ffce1c64ce,download,https://data.milwaukee.gov/dataset/7a8b81f6-d750-4f62-aee8-30ffce1c64ce/resource/1f2dbf65-3ff9-49a2-a9ef-eb0b6c503017/download/armslengthsales_2025_valid_20260417.csv,CSV
7a8b81f6-d750-4f62-aee8-30ffce1c64ce,download,https://data.milwaukee.gov/dataset/7a8b81f6-d750-4f62-aee8-30ffce1c64ce/resource/01651dab-2be7-40c6-a9d6-31254fe02e29/download/armslengthsales_2024_valid_20250917.csv,CSV
7a8b81f6-d750-4f62-aee8-30ffce1c64ce,download,https://data.milwaukee.gov/dataset/7a8b81f6-d750-4f62-aee8-30ffce1c64ce/resource/26d0ca6e-0a70-41fc-8e60-8c1a32343877/download/armslengthsales_2023_valid.csv,CSV
7a8b81f6-d750-4f62-aee8-30ffce1c64ce,download,https://data.milwaukee.gov/dataset/7a8b81f6-d750-4f62-aee8-30ffce1c64ce/resource/060179e8-0d9d-4071-aa54-fd62223842b6/download/armslengthsales_2022_valid_20230404.csv,CSV
7a8b81f6-d750-4f62-aee8-30ffce1c64ce,download,https://data.milwaukee.gov/dataset/7a8b81f6-d750-4f62-aee8-30ffce1c64ce/resource/31f81cfe-b34f-496b-9361-2025514920cb/download/armslengthsales_2021_valid.csv,CSV
7a8b81f6-d750-4f62-aee8-30ffce1c64ce,download,https://data.milwaukee.gov/dataset/7a8b81f6-d750-4f62-aee8-30ffce1c64ce/resource/5ad3b44d-ba65-47eb-bd08-3f6cd07bf597/download/armslengthsales_2020_valid.csv,CSV
7a8b81f6-d750-4f62-aee8-30ffce1c64ce,download,https://data.milwaukee.gov/dataset/7a8b81f6-d750-4f62-aee8-30ffce1c64ce/resource/7c2f3357-8380-4cd7-9b50-67b0e554ff7d/download/2019-property-sales-data.csv,CSV
7a8b81f6-d750-4f62-aee8-30ffce1c64ce,download,https://data.milwaukee.gov/dataset/7a8b81f6-d750-4f62-aee8-30ffce1c64ce/resource/1e7c4ef4-d12f-4d82-9029-f5622151b51b/download/2018-property-sales-data.csv,CSV
7a8b81f6-d750-4f62-aee8-30ffce1c64ce,download,https://data.milwaukee.gov/dataset/7a8b81f6-d750-4f62-aee8-30ffce1c64ce/resource/0a12bdda-f080-4e98-99ea-52ef13466579/download/2017-property-sales-data.csv,CSV
7a8b81f6-d750-4f62-aee8-30ffce1c64ce,download,https://data.milwaukee.gov/dataset/7a8b81f6-d750-4f62-aee8-30ffce1c64ce/resource/88b6442e-5563-4d5d-ba8f-59bb3042673b/download/2016-property-sales-data.csv,CSV
7a8b81f6-d750-4f62-aee8-30ffce1c64ce,download,https://data.milwaukee.gov/dataset/7a8b81f6-d750-4f62-aee8-30ffce1c64ce/resource/65b39e27-7286-47ae-b01b-4a963732b63e/download/2015-property-sales-data.csv,CSV
7a8b81f6-d750-4f62-aee8-30ffce1c64ce,download,https://data.milwaukee.gov/dataset/7a8b81f6-d750-4f62-aee8-30ffce1c64ce/resource/d0407d22-0dcc-48f6-a573-267788326b1d/download/2014-property-sales-data.csv,CSV
7a8b81f6-d750-4f62-aee8-30ffce1c64ce,download,https://data.milwaukee.gov/dataset/7a8b81f6-d750-4f62-aee8-30ffce1c64ce/resource/207703e7-c925-4b2f-990d-82fa967cea77/download/2013-property-sales-data.csv,CSV
7a8b81f6-d750-4f62-aee8-30ffce1c64ce,download,https://data.milwaukee.gov/dataset/7a8b81f6-d750-4f62-aee8-30ffce1c64ce/resource/4d84e2a5-a07d-4197-93b1-bb1a2b822839/download/2012-property-sales-data.csv,CSV
7a8b81f6-d750-4f62-aee8-30ffce1c64ce,download,https://data.milwaukee.gov/dataset/7a8b81f6-d750-4f62-aee8-30ffce1c64ce/resource/7af4ee9d-d0c0-4afa-9018-134451ada91c/download/2011-property-sales-data.csv,CSV
7a8b81f6-d750-4f62-aee8-30ffce1c64ce,download,https://data.milwaukee.gov/dataset/7a8b81f6-d750-4f62-aee8-30ffce1c64ce/resource/9047305c-fb7d-43b4-8f5b-9475a5a74ac5/download/2010-property-sales-data.csv,CSV
7a8b81f6-d750-4f62-aee8-30ffce1c64ce,download,https://data.milwaukee.gov/dataset/7a8b81f6-d750-4f62-aee8-30ffce1c64ce/resource/b96b9f87-f4b2-4578-aee1-3fbe547b123b/download/2009-property-sales-data.csv,CSV
7a8b81f6-d750-4f62-aee8-30ffce1c64ce,download,https://data.milwaukee.gov/dataset/7a8b81f6-d750-4f62-aee8-30ffce1c64ce/resource/7be4b5e8-3e01-414b-894e-9452ba88104d/download/2008-property-sales-data.csv,CSV
7a8b81f6-d750-4f62-aee8-30ffce1c64ce,download,https://data.milwaukee.gov/dataset/7a8b81f6-d750-4f62-aee8-30ffce1c64ce/resource/71dfd278-6dff-42a1-aec6-6adaffcea899/download/2007-property-sales-data.csv,CSV
7a8b81f6-d750-4f62-aee8-30ffce1c64ce,download,https://data.milwaukee.gov/dataset/7a8b81f6-d750-4f62-aee8-30ffce1c64ce/resource/2b74db29-7ded-495e-b9fb-c34427f45e0b/download/2006-property-sales-data.csv,CSV
7a8b81f6-d750-4f62-aee8-30ffce1c64ce,download,https://data.milwaukee.gov/dataset/7a8b81f6-d750-4f62-aee8-30ffce1c64ce/resource/1b576e4e-f8e1-49a7-9ad2-22adb8c623e0/download/2005-property-sales-data.csv,CSV
7a8b81f6-d750-4f62-aee8-30ffce1c64ce,download,https://data.milwaukee.gov/dataset/7a8b81f6-d750-4f62-aee8-30ffce1c64ce/resource/606f7caf-eb1f-40dc-8790-dad47627c375/download/2004-property-sales-data.csv,CSV
7a8b81f6-d750-4f62-aee8-30ffce1c64ce,download,https://data.milwaukee.gov/dataset/7a8b81f6-d750-4f62-aee8-30ffce1c64ce/resource/931d7376-f51e-421b-a20a-44b7e1442653/download/2003-property-sales-data.csv,CSV
7a8b81f6-d750-4f62-aee8-30ffce1c64ce,download,https://data.milwaukee.gov/dataset/7a8b81f6-d750-4f62-aee8-30ffce1c64ce/resource/01d65f90-078d-4488-a9e5-7e5efa1d5b45/download/2002-property-sales-data.csv,CSV
7a8b81f6-d750-4f62-aee8-30ffce1c64ce,download,https://data.milwaukee.gov/dataset/7a8b81f6-d750-4f62-aee8-30ffce1c64ce/resource/f083631f-e34e-4ad6-aba1-d6d7dd265170/download/2002-2018-property-sales-data.csv,CSV
95905131-8293-4d4c-92c3-2d59cda7f29d,download,https://data.milwaukee.gov/dataset/95905131-8293-4d4c-92c3-2d59cda7f29d/resource/d4398684-4ffe-4cc7-b8ee-6c989d3f2b74/download/2019-city-salaries.csv,CSV
95905131-8293-4d4c-92c3-2d59cda7f29d,download,https://data.milwaukee.gov/dataset/95905131-8293-4d4c-92c3-2d59cda7f29d/resource/2e2a7235-707e-41f5-bf72-c9472d24bb76/download/synaptix_open_records_request_2020_redacted_ne.csv,CSV
95905131-8293-4d4c-92c3-2d59cda7f29d,download,https://data.milwaukee.gov/dataset/95905131-8293-4d4c-92c3-2d59cda7f29d/resource/0dfac0ef-195f-40d6-9010-5250f89ac414/download/2021-salary.csv,CSV
95905131-8293-4d4c-92c3-2d59cda7f29d,download,https://data.milwaukee.gov/dataset/95905131-8293-4d4c-92c3-2d59cda7f29d/resource/3e661c2e-032e-4e5e-9500-a63829f583ce/download/2022-salary-data.csv,CSV
95905131-8293-4d4c-92c3-2d59cda7f29d,download,https://data.milwaukee.gov/dataset/95905131-8293-4d4c-92c3-2d59cda7f29d/resource/0003485f-9798-414e-89fb-1fc9db8ca235/download/synaptixtech_orr_2023_redacted_no_empl.xls,CSV
95905131-8293-4d4c-92c3-2d59cda7f29d,download,https://data.milwaukee.gov/dataset/95905131-8293-4d4c-92c3-2d59cda7f29d/resource/ad9eb8bd-8620-4837-9aee-9d11b41bcaeb/download/copy-of-com_salary_data_orr_2024_with_redactions.csv,CSV
95905131-8293-4d4c-92c3-2d59cda7f29d,download,https://data.milwaukee.gov/dataset/95905131-8293-4d4c-92c3-2d59cda7f29d/resource/562e3c33-d7c0-4fa2-b7da-6aa31026ae53/download/2025_salary_data_request_final_redacted.csv,CSV
d1969887-3718-4441-83bf-c2ac11115f38,download,https://data.milwaukee.gov/dataset/d1969887-3718-4441-83bf-c2ac11115f38/resource/83052a7c-aeb0-4f8e-9289-4e18972e0df8/download/combined-complaints-q3-2019-through-q3-2025.csv,CSV
d1969887-3718-4441-83bf-c2ac11115f38,download,https://data.milwaukee.gov/dataset/d1969887-3718-4441-83bf-c2ac11115f38/resource/4ba09be2-1a80-49ef-97da-4dbc8837e15d/download/2026-complaint-tabulation-sa-thru-end-of-q3-2025.xlsx,XLSX
d1969887-3718-4441-83bf-c2ac11115f38,download,https://data.milwaukee.gov/dataset/d1969887-3718-4441-83bf-c2ac11115f38/resource/5cb9ea51-c23f-4171-ad2d-9e9b1bfde280/download/combined-complaints-q3-2019-through-q3-2025.xlsx,XLSX
d1969887-3718-4441-83bf-c2ac11115f38,download,https://data.milwaukee.gov/dataset/d1969887-3718-4441-83bf-c2ac11115f38/resource/2b558f60-02eb-40d8-a2aa-4744d07140f7/download/2026-complaint-tabulation-sa-thru-end-of-q3-2025.xlsx,2026-complaint-tabulation-sa-thru-end-of-q3-2025.xlsx
d1969887-3718-4441-83bf-c2ac11115f38,download,https://data.milwaukee.gov/dataset/d1969887-3718-4441-83bf-c2ac11115f38/resource/b632f53c-e46d-43ef-9b05-97ad4e26e819/download/test-2026-complaint-tabulation.xlsx,Test 2026-complaint-tabulation.xlsx
636891bd-8470-4c02-b9ec-1ba7d08a6398,download,https://data.milwaukee.gov/dataset/636891bd-8470-4c02-b9ec-1ba7d08a6398/resource/6fd2d752-dfae-4d9b-9a55-d5c578d58f99/download/final-mpd-sc-datasets-q4-2024-10-1-thru-12-31-2024.zip,ZIP
bd246e81-3188-4759-9b2f-85ae2b4813b5,download,https://data.milwaukee.gov/dataset/bd246e81-3188-4759-9b2f-85ae2b4813b5/resource/617c16b7-3867-4d15-8413-9b98cac485e1/download/final-mpd-sc-datasets-q3-2024-7-1-thru-9-30-2024.zip,ZIP
65b1bac7-779e-461f-b750-b2106d65bcea,download,https://data.milwaukee.gov/dataset/65b1bac7-779e-461f-b750-b2106d65bcea/resource/372bfe0b-ae92-4725-8967-2e91d0692256/download/final-mpd-sc-datasets-q1-2024-1-1-thru-2-19-2024.zip,ZIP
4f140cc3-d40e-44c3-8aad-3aa09a383039,download,https://data.milwaukee.gov/dataset/4f140cc3-d40e-44c3-8aad-3aa09a383039/resource/b3e9c9be-b995-4012-bf19-5a61fca467eb/download/final-mpd-sc-datasets-q2-2024-2-20-thru-6-30-2024.zip,ZIP
12a4dbf2-3717-4f69-8628-a6299884a564,download,https://data.milwaukee.gov/dataset/12a4dbf2-3717-4f69-8628-a6299884a564/resource/971c896e-ab1b-4ef9-9ebd-9859a526915c/download/combinationdivision.csv,CSV
67fe8a8a-6c1e-4ee2-acb4-254ad5a791c8,download,https://data.milwaukee.gov/dataset/67fe8a8a-6c1e-4ee2-acb4-254ad5a791c8/resource/737fc626-f1bd-4c8c-b5d5-3d449a47f602/download/countywide-dropboxes-envelops.csv,CSV
79e9d55a-c1ed-457c-ab63-cb8e36235ba8,download,https://data.milwaukee.gov/dataset/79e9d55a-c1ed-457c-ab63-cb8e36235ba8/resource/26700e70-5c86-461b-b75b-0e3ec73d9a57/download/parcel-tax-mprop-2024.csv,CSV
79e9d55a-c1ed-457c-ab63-cb8e36235ba8,download,https://data.milwaukee.gov/dataset/79e9d55a-c1ed-457c-ab63-cb8e36235ba8/resource/ed2f0086-9106-4177-b29d-b88fc346f461/download/parcel-tax-mprop-2023.csv,CSV
79e9d55a-c1ed-457c-ab63-cb8e36235ba8,download,https://data.milwaukee.gov/dataset/79e9d55a-c1ed-457c-ab63-cb8e36235ba8/resource/a368cfd5-5504-4311-b394-df850da76367/download/parcel-tax-mprop-2022.csv,CSV
79e9d55a-c1ed-457c-ab63-cb8e36235ba8,download,https://data.milwaukee.gov/dataset/79e9d55a-c1ed-457c-ab63-cb8e36235ba8/resource/d1b65182-fff9-4400-9476-0aff30a6e0ea/download/mprop_2021.csv,CSV
79e9d55a-c1ed-457c-ab63-cb8e36235ba8,download,https://data.milwaukee.gov/dataset/79e9d55a-c1ed-457c-ab63-cb8e36235ba8/resource/324d7131-de71-4c9f-a1b8-ceea522104de/download/mprop_2020.csv,CSV
79e9d55a-c1ed-457c-ab63-cb8e36235ba8,download,https://data.milwaukee.gov/dataset/79e9d55a-c1ed-457c-ab63-cb8e36235ba8/resource/6dcc1771-9867-45b6-9692-ed2da0f80fc7/download/mprop_2019.csv,CSV
79e9d55a-c1ed-457c-ab63-cb8e36235ba8,download,https://data.milwaukee.gov/dataset/79e9d55a-c1ed-457c-ab63-cb8e36235ba8/resource/61f12bd3-9348-4335-9f4d-b17b51282f90/download/mprop_2018.csv,CSV
79e9d55a-c1ed-457c-ab63-cb8e36235ba8,download,https://data.milwaukee.gov/dataset/79e9d55a-c1ed-457c-ab63-cb8e36235ba8/resource/b0dfa9e3-27d6-42f5-8614-52ac0485f7d5/download/mprop_2017.csv,CSV
79e9d55a-c1ed-457c-ab63-cb8e36235ba8,download,https://data.milwaukee.gov/dataset/79e9d55a-c1ed-457c-ab63-cb8e36235ba8/resource/5f67a8e0-7ce9-4b47-b72e-2a7fe0753f3f/download/mprop_2016.csv,CSV
79e9d55a-c1ed-457c-ab63-cb8e36235ba8,download,https://data.milwaukee.gov/dataset/79e9d55a-c1ed-457c-ab63-cb8e36235ba8/resource/fcd0b5eb-ee01-4c07-9af7-fef6ef243c00/download/mprop_2015.csv,CSV
79e9d55a-c1ed-457c-ab63-cb8e36235ba8,download,https://data.milwaukee.gov/dataset/79e9d55a-c1ed-457c-ab63-cb8e36235ba8/resource/2799b022-7653-48e3-9105-92c85c3cd12d/download/mprop_2014.csv,CSV
79e9d55a-c1ed-457c-ab63-cb8e36235ba8,download,https://data.milwaukee.gov/dataset/79e9d55a-c1ed-457c-ab63-cb8e36235ba8/resource/d6d7c63f-226a-4e0d-845c-e61eea5c73ca/download/mprop_2013.csv,CSV
79e9d55a-c1ed-457c-ab63-cb8e36235ba8,download,https://data.milwaukee.gov/dataset/79e9d55a-c1ed-457c-ab63-cb8e36235ba8/resource/5211470e-9882-4df8-880a-f603c617e288/download/mprop_2012.csv,CSV
79e9d55a-c1ed-457c-ab63-cb8e36235ba8,download,https://data.milwaukee.gov/dataset/79e9d55a-c1ed-457c-ab63-cb8e36235ba8/resource/7cc5b029-fd5b-4e0c-9b07-8bfa3d45260c/download/mprop_2011.csv,CSV
79e9d55a-c1ed-457c-ab63-cb8e36235ba8,download,https://data.milwaukee.gov/dataset/79e9d55a-c1ed-457c-ab63-cb8e36235ba8/resource/02968935-9e16-4068-8bc7-fb5b23f193ad/download/mprop_2010.csv,CSV
79e9d55a-c1ed-457c-ab63-cb8e36235ba8,download,https://data.milwaukee.gov/dataset/79e9d55a-c1ed-457c-ab63-cb8e36235ba8/resource/8d24828c-1c8c-4e32-bbd9-8ed8e3aafe1b/download/mprop_2009.csv,CSV
79e9d55a-c1ed-457c-ab63-cb8e36235ba8,download,https://data.milwaukee.gov/dataset/79e9d55a-c1ed-457c-ab63-cb8e36235ba8/resource/f421cbb0-3696-4af7-9ef0-d7f5df127217/download/mprop_2008.csv,CSV
79e9d55a-c1ed-457c-ab63-cb8e36235ba8,download,https://data.milwaukee.gov/dataset/79e9d55a-c1ed-457c-ab63-cb8e36235ba8/resource/942d2e24-e3a6-4334-86ab-3dcb04f0b67c/download/mprop_2007.csv,CSV
79e9d55a-c1ed-457c-ab63-cb8e36235ba8,download,https://data.milwaukee.gov/dataset/79e9d55a-c1ed-457c-ab63-cb8e36235ba8/resource/647559e2-34b4-49cf-8aa0-f20d04de8e8c/download/mprop_2006.csv,CSV
79e9d55a-c1ed-457c-ab63-cb8e36235ba8,download,https://data.milwaukee.gov/dataset/79e9d55a-c1ed-457c-ab63-cb8e36235ba8/resource/6370d019-f21b-4957-aa86-d38f5e82e138/download/mprop_2005.csv,CSV
79e9d55a-c1ed-457c-ab63-cb8e36235ba8,download,https://data.milwaukee.gov/dataset/79e9d55a-c1ed-457c-ab63-cb8e36235ba8/resource/ba1e3af7-9dde-41cd-9675-96be508a55b7/download/mprop_2004.csv,CSV
79e9d55a-c1ed-457c-ab63-cb8e36235ba8,download,https://data.milwaukee.gov/dataset/79e9d55a-c1ed-457c-ab63-cb8e36235ba8/resource/c2d9497b-70af-446b-ba63-eb607c91ce7f/download/mprop_2003.csv,CSV
79e9d55a-c1ed-457c-ab63-cb8e36235ba8,download,https://data.milwaukee.gov/dataset/79e9d55a-c1ed-457c-ab63-cb8e36235ba8/resource/674a0bf9-6e74-4023-9518-e8c843044065/download/mprop_2002.csv,CSV
79e9d55a-c1ed-457c-ab63-cb8e36235ba8,download,https://data.milwaukee.gov/dataset/79e9d55a-c1ed-457c-ab63-cb8e36235ba8/resource/3b03cffc-37dd-4f3d-b2b1-7362700b9dd2/download/mprop_2001.csv,CSV
79e9d55a-c1ed-457c-ab63-cb8e36235ba8,download,https://data.milwaukee.gov/dataset/79e9d55a-c1ed-457c-ab63-cb8e36235ba8/resource/be184bef-0b57-4dc1-92d1-f408c92f6a02/download/mprop_2000.csv,CSV
79e9d55a-c1ed-457c-ab63-cb8e36235ba8,download,https://data.milwaukee.gov/dataset/79e9d55a-c1ed-457c-ab63-cb8e36235ba8/resource/e3541d52-5afb-4711-a939-a29b764d38e9/download/mprop_1999.csv,CSV
79e9d55a-c1ed-457c-ab63-cb8e36235ba8,download,https://data.milwaukee.gov/dataset/79e9d55a-c1ed-457c-ab63-cb8e36235ba8/resource/0e14091c-9b62-420e-b427-7907feda1408/download/mprop_1998.csv,CSV
79e9d55a-c1ed-457c-ab63-cb8e36235ba8,download,https://data.milwaukee.gov/dataset/79e9d55a-c1ed-457c-ab63-cb8e36235ba8/resource/f10a6bb4-91fd-4f25-95b6-e03c6c25ce4c/download/mprop_1997.csv,CSV
79e9d55a-c1ed-457c-ab63-cb8e36235ba8,download,https://data.milwaukee.gov/dataset/79e9d55a-c1ed-457c-ab63-cb8e36235ba8/resource/330a68a3-ade8-491c-9995-6a95d9e0f77f/download/mprop_1996.csv,CSV
79e9d55a-c1ed-457c-ab63-cb8e36235ba8,download,https://data.milwaukee.gov/dataset/79e9d55a-c1ed-457c-ab63-cb8e36235ba8/resource/bd5f561d-d5e6-42f4-b4d9-87f287867e7c/download/mprop_1995.csv,CSV
79e9d55a-c1ed-457c-ab63-cb8e36235ba8,download,https://data.milwaukee.gov/dataset/79e9d55a-c1ed-457c-ab63-cb8e36235ba8/resource/d5f99be3-22bf-4ade-8f68-645537b40753/download/mprop_1994.csv,CSV
79e9d55a-c1ed-457c-ab63-cb8e36235ba8,download,https://data.milwaukee.gov/dataset/79e9d55a-c1ed-457c-ab63-cb8e36235ba8/resource/c1057be4-e297-4573-8302-58d658896d19/download/mprop_1993.csv,CSV
79e9d55a-c1ed-457c-ab63-cb8e36235ba8,download,https://data.milwaukee.gov/dataset/79e9d55a-c1ed-457c-ab63-cb8e36235ba8/resource/53fd70a7-0389-4120-82a6-35a5885dbe47/download/mprop_1992.csv,CSV
79e9d55a-c1ed-457c-ab63-cb8e36235ba8,download,https://data.milwaukee.gov/dataset/79e9d55a-c1ed-457c-ab63-cb8e36235ba8/resource/f79d8d45-4920-4e16-ab41-398e9a4440bc/download/mprop_1991.csv,CSV
79e9d55a-c1ed-457c-ab63-cb8e36235ba8,download,https://data.milwaukee.gov/dataset/79e9d55a-c1ed-457c-ab63-cb8e36235ba8/resource/93f33030-1cc5-488c-ac2d-39db73667a11/download/mprop_1990.csv,CSV
79e9d55a-c1ed-457c-ab63-cb8e36235ba8,download,https://data.milwaukee.gov/dataset/79e9d55a-c1ed-457c-ab63-cb8e36235ba8/resource/c330e92e-52a8-4d1b-ac86-c984326fcb3c/download/mprop_1989.csv,CSV
79e9d55a-c1ed-457c-ab63-cb8e36235ba8,download,https://data.milwaukee.gov/dataset/79e9d55a-c1ed-457c-ab63-cb8e36235ba8/resource/8520c518-b81a-476c-acff-69417b0d11f2/download/mprop_1988.csv,CSV
79e9d55a-c1ed-457c-ab63-cb8e36235ba8,download,https://data.milwaukee.gov/dataset/79e9d55a-c1ed-457c-ab63-cb8e36235ba8/resource/5e5b8581-170b-4575-8afb-d3830bdd07b8/download/mprop_1987.csv,CSV
79e9d55a-c1ed-457c-ab63-cb8e36235ba8,download,https://data.milwaukee.gov/dataset/79e9d55a-c1ed-457c-ab63-cb8e36235ba8/resource/a7fd1e0e-3d94-4d49-b159-d4633716650d/download/mprop_1986.csv,CSV
79e9d55a-c1ed-457c-ab63-cb8e36235ba8,download,https://data.milwaukee.gov/dataset/79e9d55a-c1ed-457c-ab63-cb8e36235ba8/resource/9dc3c300-dd57-4a5f-a596-f5e82736fbbf/download/mprop_1985.csv,CSV
79e9d55a-c1ed-457c-ab63-cb8e36235ba8,download,https://data.milwaukee.gov/dataset/79e9d55a-c1ed-457c-ab63-cb8e36235ba8/resource/784d633a-a8a1-489e-bc61-124b885a2601/download/mprop_1984.csv,CSV
79e9d55a-c1ed-457c-ab63-cb8e36235ba8,download,https://data.milwaukee.gov/dataset/79e9d55a-c1ed-457c-ab63-cb8e36235ba8/resource/c855a267-ba82-4c8a-9f42-1756cab71aaf/download/mprop_1983.csv,CSV
79e9d55a-c1ed-457c-ab63-cb8e36235ba8,download,https://data.milwaukee.gov/dataset/79e9d55a-c1ed-457c-ab63-cb8e36235ba8/resource/f26b2796-c71d-4a98-8d7c-416ef22e2fc6/download/mprop_1982.csv,CSV
79e9d55a-c1ed-457c-ab63-cb8e36235ba8,download,https://data.milwaukee.gov/dataset/79e9d55a-c1ed-457c-ab63-cb8e36235ba8/resource/2c91a481-cd53-4346-a16a-0d8513902dec/download/mprop_1980.csv,CSV
79e9d55a-c1ed-457c-ab63-cb8e36235ba8,download,https://data.milwaukee.gov/dataset/79e9d55a-c1ed-457c-ab63-cb8e36235ba8/resource/5e161a7f-a03b-49c5-a20b-1b30fb380578/download/mprop_1979.csv,CSV
79e9d55a-c1ed-457c-ab63-cb8e36235ba8,download,https://data.milwaukee.gov/dataset/79e9d55a-c1ed-457c-ab63-cb8e36235ba8/resource/40c5093c-5eab-47ea-9bf4-e98ad495aa69/download/mprop_1978.csv,CSV
79e9d55a-c1ed-457c-ab63-cb8e36235ba8,download,https://data.milwaukee.gov/dataset/79e9d55a-c1ed-457c-ab63-cb8e36235ba8/resource/a06ce0ee-de74-43d6-8a16-27d9a4da7f81/download/mprop_1977.csv,CSV
79e9d55a-c1ed-457c-ab63-cb8e36235ba8,download,https://data.milwaukee.gov/dataset/79e9d55a-c1ed-457c-ab63-cb8e36235ba8/resource/84105211-658a-4c5b-b69f-052676a0bef9/download/mprop_1976.csv,CSV
79e9d55a-c1ed-457c-ab63-cb8e36235ba8,download,https://data.milwaukee.gov/dataset/79e9d55a-c1ed-457c-ab63-cb8e36235ba8/resource/7486335a-a087-4dbb-9333-6022c72a3235/download/mprop_1975.csv,CSV
5a067a87-4e4d-472f-bff0-a1205f31ed94,download,https://data.milwaukee.gov/dataset/5a067a87-4e4d-472f-bff0-a1205f31ed94/resource/4c2d2986-0433-4ed9-acc8-65528a5721e3/download/policestations.zip,SHP
0d3c16b3-f44a-47fc-a110-41456c10ee32,download,https://data.milwaukee.gov/dataset/0d3c16b3-f44a-47fc-a110-41456c10ee32/resource/38e32823-f5c9-410c-97cd-2a9dc091ace9/download/mpdreporting.zip,SHP
593c41c4-6061-4409-97aa-ed826868f747,download,https://city.milwaukee.gov/election/ElectionInformation/ElectionResults,link
c9680779-a640-41b4-8231-8079acfae151,download,https://data-mclio.hub.arcgis.com/datasets/3fbd706df3244a8280c9358b186b7dab/explore,link
5bed6005-b55f-4885-af0a-9742107033a4,download,https://stories.opengov.com/milwaukee/published/T2SmXmV8p,City of Milwaukee Open Checkbook
ecb6cba7-9af9-40ac-9375-ff6134f466c2,download,https://data.milwaukee.gov/dataset/ecb6cba7-9af9-40ac-9375-ff6134f466c2/resource/0b2805ca-dc7c-4bb5-a2b9-f5984e153ffa/download/city-owned-property-expenses-vs-sale-price-as-of-2017.csv,CSV
ecb6cba7-9af9-40ac-9375-ff6134f466c2,download,https://data.milwaukee.gov/dataset/ecb6cba7-9af9-40ac-9375-ff6134f466c2/resource/7aa6c60b-0200-409d-8964-0bdcb1c51b01/download/city-owned-properties-2014_2017.csv,CSV
ecb6cba7-9af9-40ac-9375-ff6134f466c2,download,https://data.milwaukee.gov/dataset/ecb6cba7-9af9-40ac-9375-ff6134f466c2/resource/c0ca342b-e3de-4b7c-8852-205e294b00d8/download/2017-improved-property-sales.csv,CSV
ecb6cba7-9af9-40ac-9375-ff6134f466c2,download,https://data.milwaukee.gov/dataset/ecb6cba7-9af9-40ac-9375-ff6134f466c2/resource/ca2fcfb8-b9aa-4e4b-8e36-c5df34a01fbb/download/2016-improved-property-sales.csv,CSV
ecb6cba7-9af9-40ac-9375-ff6134f466c2,download,https://data.milwaukee.gov/dataset/ecb6cba7-9af9-40ac-9375-ff6134f466c2/resource/f533f6ad-1328-4d3f-bc50-f8fc0e2bc14a/download/2015-improved-property-sales.csv,CSV
ecb6cba7-9af9-40ac-9375-ff6134f466c2,download,https://data.milwaukee.gov/dataset/ecb6cba7-9af9-40ac-9375-ff6134f466c2/resource/147ce69a-6fe4-41e2-b8c5-fd7e234068c1/download/2014-improved-property-sales.csv,CSV
b750123c-9bbc-46a3-86a4-9d1775f62e23,download,https://data.milwaukee.gov/dataset/b750123c-9bbc-46a3-86a4-9d1775f62e23/resource/90e62ed1-9af8-4caf-a411-c41a6aafc5c6/download/me2-residential-program-data.csv,CSV
b750123c-9bbc-46a3-86a4-9d1775f62e23,download,https://data.milwaukee.gov/dataset/b750123c-9bbc-46a3-86a4-9d1775f62e23/resource/9aa8b393-3f10-4a13-b171-d7a31cdc5762/download/milwaukee-all-fiscal-years.csv,CSV
365ed836-fe4e-40f3-9f2b-45fbefbeb2e4,download,https://data.milwaukee.gov/dataset/365ed836-fe4e-40f3-9f2b-45fbefbeb2e4/resource/1305c649-d30c-435c-9d90-d4037bce3fa4/download/municipaljudgebranch1bywardfeb212017.csv,CSV
915cb1d2-c657-458f-9881-c7ad221a7a0b,download,https://data.milwaukee.gov/dataset/915cb1d2-c657-458f-9881-c7ad221a7a0b/resource/ea4afa7a-c1e0-45ca-a42f-410ab5992c95/download/presidentracesummarynov82016-1.csv,CSV
41eabcd1-70da-4d16-9146-f313f32e4977,download,https://data.milwaukee.gov/dataset/41eabcd1-70da-4d16-9146-f313f32e4977/resource/fb58862b-dbe2-4500-a651-13712bd1f45a/download/districtattorneyracebywardnov82016.csv,CSV
929e0df3-d1c2-450d-9bc8-2c28e79c3ce1,download,https://data.milwaukee.gov/dataset/929e0df3-d1c2-450d-9bc8-2c28e79c3ce1/resource/aa1dde62-8bc9-40e9-8b4e-2fcfc01c029a/download/countyclerkracebywardnov82016.csv,CSV
3603cb12-6c1d-4252-b896-fd17d1f3a652,download,https://data.milwaukee.gov/dataset/3603cb12-6c1d-4252-b896-fd17d1f3a652/resource/0988d1bd-d602-486b-9343-0d75884066e2/download/countytreasurerracebywardnov82016.csv,CSV
c48ea33c-c332-430b-8c76-7269986c21ed,download,https://data.milwaukee.gov/dataset/c48ea33c-c332-430b-8c76-7269986c21ed/resource/feffd844-d2ef-4c4d-aa03-c474c5364455/download/voterturnoutbywardnov82016.csv,CSV
c48ea33c-c332-430b-8c76-7269986c21ed,download,http://city.milwaukee.gov/ImageLibrary/Groups/cityOpenData/documents/VoterTurnoutbyWardNov82016.xlsx,XLSX
7752e913-89b8-4dfc-bd8f-872edee626da,download,https://data.milwaukee.gov/dataset/7752e913-89b8-4dfc-bd8f-872edee626da/resource/6aece1de-4825-4769-8580-d3a21617e699/download/unitedstatesenatorracebywardnov82016.csv,CSV
df1d59be-17cb-4416-9f8c-f5e31a2fe412,download,https://data.milwaukee.gov/dataset/df1d59be-17cb-4416-9f8c-f5e31a2fe412/resource/7d457521-15c3-491f-afe3-13d1d691f540/download/statesenatordistrict4racebywardnov82016.csv,CSV
1647b346-c063-47ef-a906-56a3a2bf7ae5,download,https://data.milwaukee.gov/dataset/1647b346-c063-47ef-a906-56a3a2bf7ae5/resource/3f5373fa-7c0a-401a-9283-f79810a74a96/download/representativetotheassemblydistrict16racebywardnov82016.csv,CSV
73fbb957-6c5c-45ff-a85e-e4cb03862291,download,https://data.milwaukee.gov/dataset/73fbb957-6c5c-45ff-a85e-e4cb03862291/resource/6787a16a-4549-4366-9d47-22691fe6e6cf/download/statesenatordistrict28racebywardnov82016.csv,CSV
6a088c6a-e4a6-4698-8165-344c86b618fa,download,https://data.milwaukee.gov/dataset/6a088c6a-e4a6-4698-8165-344c86b618fa/resource/3ccbeb54-9e21-4a3b-9c9c-f81e9b569a31/download/representativetotheassemblydistrict20racebywardnov82016.csv,CSV
f20d27f5-6708-4cfb-a222-458762209b10,download,https://data.milwaukee.gov/dataset/f20d27f5-6708-4cfb-a222-458762209b10/resource/72444b0e-2f93-44f9-a832-6308c9f7f3b1/download/representativeincongressdistrict4racebywardnov82016.csv,CSV
aa789b78-522f-4cf7-8fa3-9d21f7e9a6a7,download,https://data.milwaukee.gov/dataset/aa789b78-522f-4cf7-8fa3-9d21f7e9a6a7/resource/c6d8399a-d3cf-4cd6-895c-04e2dc1e2aaf/download/representativetotheassemblydistrict7racebywardnov82016.csv,CSV
1a2c1593-ca6c-4f00-85a2-eef530dfde06,download,https://data.milwaukee.gov/dataset/1a2c1593-ca6c-4f00-85a2-eef530dfde06/resource/e14d3e62-dd24-4e19-8290-9265bcb185bc/download/representativetotheassemblydistrict14racebywardnov82016.csv,CSV
806d371e-67fd-4226-a5f6-e069dca75337,download,https://data.milwaukee.gov/dataset/806d371e-67fd-4226-a5f6-e069dca75337/resource/c77b42dd-bfd5-4d10-94dd-e06a5e302a27/download/representativetotheassemblydistrict18racebywardnov82016-2.csv,CSV
a2fbf8dc-f2f5-49d1-a515-50dd99ab9932,download,https://data.milwaukee.gov/dataset/a2fbf8dc-f2f5-49d1-a515-50dd99ab9932/resource/507497f1-34d8-4c79-8948-d0a74ac7945f/download/representativetotheassemblydistrict8racebywardnov82016.csv,CSV
61debbc8-441b-4f4b-b944-b09ed366c6b3,download,https://data.milwaukee.gov/dataset/61debbc8-441b-4f4b-b944-b09ed366c6b3/resource/16e52053-4176-4d2c-9112-519861abcad2/download/representativetotheassemblydistrict9racebywardnov82016.csv,CSV
5ec89ba2-3180-4499-ae39-c3155b80991c,download,https://data.milwaukee.gov/dataset/5ec89ba2-3180-4499-ae39-c3155b80991c/resource/6de0df97-c9bf-486f-bf78-a801532b062c/download/representativetotheassemblydistrict10racebywardnov82016.csv,CSV
ac8615ac-9752-4c2d-87e1-af793ad2207b,download,https://data.milwaukee.gov/dataset/ac8615ac-9752-4c2d-87e1-af793ad2207b/resource/8cd20be9-41b7-4794-b25f-28d363a3dd7e/download/representativetotheassemblydistrict11racebywardnov82016.csv,CSV
c1d8e7e8-3d8d-4b2a-8016-839f2ff00315,download,https://data.milwaukee.gov/dataset/c1d8e7e8-3d8d-4b2a-8016-839f2ff00315/resource/2460b708-a4a2-4057-b187-6d589e2c29ab/download/representativetotheassemblydistrict12racebywardnov82016.csv,CSV
493e4663-0b4b-4d3b-93e8-7725511d1927,download,https://data.milwaukee.gov/dataset/493e4663-0b4b-4d3b-93e8-7725511d1927/resource/28441edd-5929-48e1-b099-f4ef9c17ff16/download/representativetotheassemblydistrict13racebywardnov82016.csv,CSV
dfac9841-d162-44d0-ad32-6c3fd53c81b2,download,https://data.milwaukee.gov/dataset/dfac9841-d162-44d0-ad32-6c3fd53c81b2/resource/c3414904-41e4-4c85-987f-4ab4b6104419/download/representativetotheassemblydistrict84racebywardnov82016.csv,CSV
96041c14-029f-4615-af46-3279a7d547d1,download,https://data.milwaukee.gov/dataset/96041c14-029f-4615-af46-3279a7d547d1/resource/6c6f1a3c-d51e-4995-bc4a-99f52df15eb0/download/statesenatordistrict8racebywardnov82016.csv,CSV
c4b772bd-d4f3-4235-9745-e7ef57ac67a2,download,https://data.milwaukee.gov/dataset/c4b772bd-d4f3-4235-9745-e7ef57ac67a2/resource/1a9e352c-7b97-4900-87f9-9366eabd0dc7/download/representativetotheassemblydistrict22racebywardnov82016.csv,CSV
8200c781-b85a-4748-a0d9-2771d7066386,download,https://data.milwaukee.gov/dataset/8200c781-b85a-4748-a0d9-2771d7066386/resource/16336414-781b-49a0-92fe-7fe676d7c71a/download/registerofdeedsracebywardnov82016.csv,CSV
b024e4ee-0914-4af1-9b44-d29c2d81e49e,download,https://data.milwaukee.gov/dataset/b024e4ee-0914-4af1-9b44-d29c2d81e49e/resource/d916ea7f-ea3b-4dfd-818e-58157a84e558/download/voterturnoutbywardfeb212017.csv,CSV
b024e4ee-0914-4af1-9b44-d29c2d81e49e,download,https://data.milwaukee.gov/dataset/b024e4ee-0914-4af1-9b44-d29c2d81e49e/resource/4e9ec2f9-6f57-472f-86dc-ade2c3676c3c/download/voterturnoutbywardfeb212017.xlsx,XLSX
731f1209-5d44-4fca-94d9-3b7de76e7755,download,https://data.milwaukee.gov/dataset/731f1209-5d44-4fca-94d9-3b7de76e7755/resource/c3722fb2-1a7b-4253-9f71-8222eec402c7/download/representativetotheassemblydistrict19racebywardnov82016.csv,CSV
bc13be66-4b14-4f17-9f60-ec88a6791be0,download,https://data.milwaukee.gov/dataset/bc13be66-4b14-4f17-9f60-ec88a6791be0/resource/365a75a3-a75e-4b11-91bd-59b50a2652b8/download/statesuperintendentbywardfeb212017.csv,CSV
b3ef1e5f-d047-45f5-8268-7434fe27ddfa,download,https://data.milwaukee.gov/dataset/b3ef1e5f-d047-45f5-8268-7434fe27ddfa/resource/15d37b21-5981-46d1-a27b-0a79eb44531e/download/county-referendum.csv,CSV
0ea46a54-7a25-45a4-ac43-8b0eccde7d4f,download,https://data.milwaukee.gov/dataset/0ea46a54-7a25-45a4-ac43-8b0eccde7d4f/resource/d3bf3d52-89df-45e3-99b2-ce100f4b3897/download/state-senate-7.csv,CSV
8310faa2-509b-4ca7-9b79-b4bfae6e06f6,download,https://data.milwaukee.gov/dataset/8310faa2-509b-4ca7-9b79-b4bfae6e06f6/resource/60893d8c-e25f-493e-b42b-1988102641f1/download/state-assembly-7.csv,CSV
849a7b0d-a4f0-4d5d-b62c-c2b55e560dea,download,https://data.milwaukee.gov/dataset/849a7b0d-a4f0-4d5d-b62c-c2b55e560dea/resource/f9ab01b5-70bd-4229-9b34-74bbb81df468/download/unites-states-senator.csv,CSV
2d128e23-4a0d-4624-8606-65aa52181e2d,download,https://data.milwaukee.gov/dataset/2d128e23-4a0d-4624-8606-65aa52181e2d/resource/db082657-72a4-44b5-b1f2-0c2ab75f4856/download/sheriff.csv,CSV
e44fd3df-aaf8-47f4-8247-2a19bf0c4efe,download,https://data.milwaukee.gov/dataset/e44fd3df-aaf8-47f4-8247-2a19bf0c4efe/resource/b5e4661b-912c-46eb-8573-dc469d57491e/download/state-treasurer.csv,CSV
b9119877-a6e1-4ad8-b236-163758bc637b,download,https://data.milwaukee.gov/dataset/b9119877-a6e1-4ad8-b236-163758bc637b/resource/f6a88fa4-4051-4603-8978-90569f9bb7a5/download/clerk-of-circuit-court.csv,CSV
f11491a2-01dd-4fdd-875d-d89dca8de636,download,https://data.milwaukee.gov/dataset/f11491a2-01dd-4fdd-875d-d89dca8de636/resource/34c914a0-534c-44de-ae2b-ea70933fcb0f/download/state-senate-3.csv,CSV
1d146e7b-e52c-4c66-960f-e2fd5f9893af,download,https://data.milwaukee.gov/dataset/1d146e7b-e52c-4c66-960f-e2fd5f9893af/resource/4ef65508-49a7-421c-a2a2-64cbb55b3f53/download/state-assembly-84.csv,CSV
8e98d0b0-760c-4aee-84b5-99978dca6b85,download,https://data.milwaukee.gov/dataset/8e98d0b0-760c-4aee-84b5-99978dca6b85/resource/edc3809c-a2f6-4f81-bcff-874ac28a6eb0/download/state-assembly-22.csv,CSV
e3fcecc3-10f6-438c-bd4e-f3231ee1c8e0,download,https://data.milwaukee.gov/dataset/e3fcecc3-10f6-438c-bd4e-f3231ee1c8e0/resource/8aa56df8-590e-46b2-98fc-bc1da2387d48/download/state-assembly-18.csv,CSV
eccb42d4-fe91-484f-b400-e81b7f91796f,download,https://data.milwaukee.gov/dataset/eccb42d4-fe91-484f-b400-e81b7f91796f/resource/e9c9f61a-aa90-4b41-9c79-213957d9d30a/download/state-assembly-20.csv,CSV
da65f619-830c-404d-93ed-a50c7a4827a8,download,https://data.milwaukee.gov/dataset/da65f619-830c-404d-93ed-a50c7a4827a8/resource/bfe906d1-047b-49b3-9453-3d3221b3c3e0/download/state-assembly-13.csv,CSV
582531c3-212d-4ddf-a225-e9f8bcb5d695,download,https://data.milwaukee.gov/dataset/582531c3-212d-4ddf-a225-e9f8bcb5d695/resource/923bfa49-28cc-49af-99bd-4ff43bf1282f/download/state-assembly-11.csv,CSV
9213b8a9-541c-4831-a53f-e13bd39120e5,download,https://data.milwaukee.gov/dataset/9213b8a9-541c-4831-a53f-e13bd39120e5/resource/8e4a5adb-b2c3-4134-bec0-c0b3823c596b/download/state-assembly-8.csv,CSV
7a42472c-0bc1-4272-9ce6-78fedae19d91,download,https://data.milwaukee.gov/dataset/7a42472c-0bc1-4272-9ce6-78fedae19d91/resource/790faf5b-9c80-48bc-8c27-5fc3d34fcfd0/download/aldermanic-district-5.csv,CSV
e35080f3-9b7d-485d-ad14-dcf36f6b3bbd,download,https://data.milwaukee.gov/dataset/e35080f3-9b7d-485d-ad14-dcf36f6b3bbd/resource/fdf58cd2-29ec-4e6a-ac86-d0598000d7fc/download/state-assembly-16.csv,CSV
e5cf00e1-73d8-4733-b480-1fc649aeb0bd,download,https://data.milwaukee.gov/dataset/e5cf00e1-73d8-4733-b480-1fc649aeb0bd/resource/409a21d6-6f49-4590-b6c8-c7a3791c33d3/download/state-assembly-14.csv,CSV
d89c78a3-3708-4548-a414-de6ae4252f60,download,https://data.milwaukee.gov/dataset/d89c78a3-3708-4548-a414-de6ae4252f60/resource/59dc4164-b490-4a67-b68b-00488723a34b/download/state-secretary.csv,CSV
2f532484-ad88-4a43-8a14-545ca9f27856,download,https://data.milwaukee.gov/dataset/2f532484-ad88-4a43-8a14-545ca9f27856/resource/d9fc2cd7-de2d-4822-ace1-ce3ebf78e0df/download/state-assembly-9.csv,CSV
807c9164-3e53-4e56-8788-80a5f995b993,download,https://data.milwaukee.gov/dataset/807c9164-3e53-4e56-8788-80a5f995b993/resource/516ab583-a1a1-46ff-bce7-ad83bd74e7aa/download/state-assembly-10.csv,CSV
50fa6b14-6de3-44d9-b8a7-37a86aa329fc,download,https://data.milwaukee.gov/dataset/50fa6b14-6de3-44d9-b8a7-37a86aa329fc/resource/0b605c54-eb31-45aa-9a0a-4f4be0418f52/download/state-assembly-17.csv,CSV
86fe7792-88c5-4359-b86e-7edc7541d313,download,https://data.milwaukee.gov/dataset/86fe7792-88c5-4359-b86e-7edc7541d313/resource/2899264a-66b3-4f31-8879-2ea33441ab59/download/state-assembly-19.csv,CSV
d4092730-a456-435f-8ae2-eaec08e3b8ac,download,https://data.milwaukee.gov/dataset/d4092730-a456-435f-8ae2-eaec08e3b8ac/resource/d9c62732-2787-4e6d-934e-3f51bbc64ee6/download/state-assembly-12.csv,CSV
d9afb18a-5aa6-4684-963b-f4aaca040936,download,https://data.milwaukee.gov/dataset/d9afb18a-5aa6-4684-963b-f4aaca040936/resource/313e8432-5c1c-4e6f-8c39-2e57a8a6c029/download/representativetotheassemblydistrict17racebywardnov82016.csv,CSV
b1028b59-e5c4-4c06-b384-ee2f8a8f21bb,download,https://data.milwaukee.gov/dataset/b1028b59-e5c4-4c06-b384-ee2f8a8f21bb/resource/ec8c7c9f-2f66-4435-abb3-aa25024c0870/download/attorney-general.csv,CSV
be9bbb9b-1966-4fea-902e-c9730c2250d9,download,https://data.milwaukee.gov/dataset/be9bbb9b-1966-4fea-902e-c9730c2250d9/resource/78aacf85-8f5d-4f65-bd8c-3e839ca7f4ef/download/state-senate-5.csv,CSV
a7446787-2146-4093-83e3-25ba8305d7cf,download,https://data.milwaukee.gov/dataset/a7446787-2146-4093-83e3-25ba8305d7cf/resource/78a5a6f6-78cc-4c12-ae8a-86ec4259ffc0/download/voter-turnout-by-ward-nov-8-2018.csv,CSV
b79e0cbc-ab6d-4469-a1e4-43b664a2b992,download,https://data.milwaukee.gov/dataset/b79e0cbc-ab6d-4469-a1e4-43b664a2b992/resource/06571898-9e70-478b-a9e4-57cea5af1406/download/governor_lieutenant-governor-nov-6-2018.csv,CSV
f9f30fd0-7a9d-4103-946b-e2de0094ae9c,download,https://data.milwaukee.gov/dataset/f9f30fd0-7a9d-4103-946b-e2de0094ae9c/resource/ab9d15d4-2b93-4a22-81aa-c42b6d1806d6/download/common-service-requests-2016-2017.csv,CSV
1881c9a7-82ca-446a-8c44-e4ac6cc6ed2b,download,https://data.milwaukee.gov/dataset/1881c9a7-82ca-446a-8c44-e4ac6cc6ed2b/resource/6cf14fb8-6caa-405f-917c-1f489fcc45d3/download/2019_spring-election-results_master-file.xlsx,XLSX
1881c9a7-82ca-446a-8c44-e4ac6cc6ed2b,download,https://data.milwaukee.gov/dataset/1881c9a7-82ca-446a-8c44-e4ac6cc6ed2b/resource/f7b08341-df0c-4c30-898c-b4e13a48714b/download/voter-turnout-by-ward-spring-2019-.csv,CSV
1881c9a7-82ca-446a-8c44-e4ac6cc6ed2b,download,https://data.milwaukee.gov/dataset/1881c9a7-82ca-446a-8c44-e4ac6cc6ed2b/resource/29a44893-b90f-4562-930d-989a3fe02ac7/download/juistice-of-the-supreme-court-spring-2019.csv,CSV
1881c9a7-82ca-446a-8c44-e4ac6cc6ed2b,download,https://data.milwaukee.gov/dataset/1881c9a7-82ca-446a-8c44-e4ac6cc6ed2b/resource/646b13c4-bfc3-4252-b5c9-6f333ee43e25/download/circut-court-judge-branch-11-spring-2019.csv,CSV
1881c9a7-82ca-446a-8c44-e4ac6cc6ed2b,download,https://data.milwaukee.gov/dataset/1881c9a7-82ca-446a-8c44-e4ac6cc6ed2b/resource/ab9407f0-9b65-4878-8758-e069d9ceea2d/download/circuit-court-judge-branch-26-spring-2019.csv,CSV
1881c9a7-82ca-446a-8c44-e4ac6cc6ed2b,download,https://data.milwaukee.gov/dataset/1881c9a7-82ca-446a-8c44-e4ac6cc6ed2b/resource/5e14b224-636d-4a86-800d-8539107beb4a/download/circut-court-judge-branch-36-spring-2019.csv,CSV
1881c9a7-82ca-446a-8c44-e4ac6cc6ed2b,download,https://data.milwaukee.gov/dataset/1881c9a7-82ca-446a-8c44-e4ac6cc6ed2b/resource/5816ebb8-6e21-4b95-aec3-f9e9099545fa/download/circut-court-judge-branch-40-spring-2019.csv,CSV
1881c9a7-82ca-446a-8c44-e4ac6cc6ed2b,download,https://data.milwaukee.gov/dataset/1881c9a7-82ca-446a-8c44-e4ac6cc6ed2b/resource/bd8b68a8-d030-4a96-b9ef-2746339aff25/download/circuit-court-judge-branch-41-spring-2019.csv,CSV
1881c9a7-82ca-446a-8c44-e4ac6cc6ed2b,download,https://data.milwaukee.gov/dataset/1881c9a7-82ca-446a-8c44-e4ac6cc6ed2b/resource/bbd11cdc-b519-4be4-bff5-a637bf21b460/download/municipal-judge-branch-2-spring-2019.csv,CSV
1881c9a7-82ca-446a-8c44-e4ac6cc6ed2b,download,https://data.milwaukee.gov/dataset/1881c9a7-82ca-446a-8c44-e4ac6cc6ed2b/resource/3a1df5d7-50c9-4bb5-a8c6-73936c17ee9f/download/municipal-judge-branch-3-spring-2019.csv,CSV
1881c9a7-82ca-446a-8c44-e4ac6cc6ed2b,download,https://data.milwaukee.gov/dataset/1881c9a7-82ca-446a-8c44-e4ac6cc6ed2b/resource/d946a592-5bd4-44e7-a371-89ce3ad9dd54/download/school-board-director-at-large-spring-2019.csv,CSV
1881c9a7-82ca-446a-8c44-e4ac6cc6ed2b,download,https://data.milwaukee.gov/dataset/1881c9a7-82ca-446a-8c44-e4ac6cc6ed2b/resource/85fad1bf-a0db-43a0-abae-46580b2e7f08/download/school-board-director-district-1.csv,CSV
1881c9a7-82ca-446a-8c44-e4ac6cc6ed2b,download,https://data.milwaukee.gov/dataset/1881c9a7-82ca-446a-8c44-e4ac6cc6ed2b/resource/89006db5-13b4-4538-8e24-e47eab988856/download/school-board-director-district-2.csv,CSV
1881c9a7-82ca-446a-8c44-e4ac6cc6ed2b,download,https://data.milwaukee.gov/dataset/1881c9a7-82ca-446a-8c44-e4ac6cc6ed2b/resource/b5e5a4bd-132b-4128-8b33-87fda2c9b16a/download/school-board-director-district-3.csv,CSV
1881c9a7-82ca-446a-8c44-e4ac6cc6ed2b,download,https://data.milwaukee.gov/dataset/1881c9a7-82ca-446a-8c44-e4ac6cc6ed2b/resource/c88d6905-ca22-4b4a-921f-0e49f8b531a7/download/school-board-director-district-8-spring-2019.csv,CSV
410b03d9-118f-404d-961a-06c76b29333f,download,https://data.milwaukee.gov/dataset/410b03d9-118f-404d-961a-06c76b29333f/resource/be0dd776-973e-422b-b204-95f343f0cbd7/download/choose-a-party-primary_apr52016_.csv,CSV
410b03d9-118f-404d-961a-06c76b29333f,download,https://data.milwaukee.gov/dataset/410b03d9-118f-404d-961a-06c76b29333f/resource/a468b8dd-7c5c-4e6c-8870-403bedb7c71a/download/circuit-court-judge-branch-44_apr52016_.csv,CSV
410b03d9-118f-404d-961a-06c76b29333f,download,https://data.milwaukee.gov/dataset/410b03d9-118f-404d-961a-06c76b29333f/resource/c4fa2c6c-1798-4c77-9fde-e889f59dd281/download/circuit-court-judge_branch-5_apr52016_.csv,CSV
410b03d9-118f-404d-961a-06c76b29333f,download,https://data.milwaukee.gov/dataset/410b03d9-118f-404d-961a-06c76b29333f/resource/b7933fa9-0575-494d-aad6-3dd3a39c4e60/download/circuit-court-judge_branch-14_apr052016_.csv,CSV
410b03d9-118f-404d-961a-06c76b29333f,download,https://data.milwaukee.gov/dataset/410b03d9-118f-404d-961a-06c76b29333f/resource/b627b853-6751-437f-bbfc-8a2fa0f61c95/download/circuit-court-judge_branch-25_apr052016_.csv,CSV
410b03d9-118f-404d-961a-06c76b29333f,download,https://data.milwaukee.gov/dataset/410b03d9-118f-404d-961a-06c76b29333f/resource/c9966999-3211-4ff0-9da8-79986316c951/download/circuit-court-judge_branch-31_apr52016_.csv,CSV
410b03d9-118f-404d-961a-06c76b29333f,download,https://data.milwaukee.gov/dataset/410b03d9-118f-404d-961a-06c76b29333f/resource/074f0f49-a926-42d3-b5fb-12ab26abfd00/download/circuit-court-judge_branch-34_apr052016_.csv,CSV
410b03d9-118f-404d-961a-06c76b29333f,download,https://data.milwaukee.gov/dataset/410b03d9-118f-404d-961a-06c76b29333f/resource/18df2b7a-ae69-4ac7-b48a-d604fbc02a81/download/court-of-appeals-judge_district-1_apr52016_.csv,CSV
410b03d9-118f-404d-961a-06c76b29333f,download,https://data.milwaukee.gov/dataset/410b03d9-118f-404d-961a-06c76b29333f/resource/7ffa9545-5f3e-4041-a18d-960d3db11f31/download/justice-of-the-supreme-court_apr052016.csv,CSV
410b03d9-118f-404d-961a-06c76b29333f,download,https://data.milwaukee.gov/dataset/410b03d9-118f-404d-961a-06c76b29333f/resource/78fdd1e6-827d-4f22-a80d-f0fb49ad913d/download/president-of-the-united-states-democratic_apr052016_.csv,CSV
410b03d9-118f-404d-961a-06c76b29333f,download,https://data.milwaukee.gov/dataset/410b03d9-118f-404d-961a-06c76b29333f/resource/3c5e768b-7645-437d-a841-6f3ca7b3d2cb/download/president-of-the-united-states-republican_apr052016_.csv,CSV
410b03d9-118f-404d-961a-06c76b29333f,download,https://data.milwaukee.gov/dataset/410b03d9-118f-404d-961a-06c76b29333f/resource/d1da133d-5a6f-4f9b-abc0-d9e01bfa9531/download/voterturnoutbyward_apr52016_.csv,CSV
410b03d9-118f-404d-961a-06c76b29333f,download,https://data.milwaukee.gov/dataset/410b03d9-118f-404d-961a-06c76b29333f/resource/0ac03880-0dbf-4bee-9c44-70c2cbb70ebf/download/circuit-court-judge_branch-45_apr52016_.csv,CSV
410b03d9-118f-404d-961a-06c76b29333f,download,https://data.milwaukee.gov/dataset/410b03d9-118f-404d-961a-06c76b29333f/resource/f56e9fa3-4122-4d49-b868-9cbbc3800678/download/county-executive_apr5_2016.csv,CSV
410b03d9-118f-404d-961a-06c76b29333f,download,https://data.milwaukee.gov/dataset/410b03d9-118f-404d-961a-06c76b29333f/resource/69d9e19b-0846-434c-8293-bf06ca6003de/download/county-comptroller_apr052016.csv,CSV
410b03d9-118f-404d-961a-06c76b29333f,download,https://data.milwaukee.gov/dataset/410b03d9-118f-404d-961a-06c76b29333f/resource/515b70fe-9915-459e-92d4-1df8c9d9bb83/download/county-supervisor_district-1.csv,CSV
410b03d9-118f-404d-961a-06c76b29333f,download,https://data.milwaukee.gov/dataset/410b03d9-118f-404d-961a-06c76b29333f/resource/2d7a7bde-b562-479f-bf62-be5f13fad988/download/county-supervisor_district-2.csv,CSV
410b03d9-118f-404d-961a-06c76b29333f,download,https://data.milwaukee.gov/dataset/410b03d9-118f-404d-961a-06c76b29333f/resource/83de97f8-0122-4344-8f22-e8e69cdb9ab5/download/county-supervisor_district-3.csv,CSV
410b03d9-118f-404d-961a-06c76b29333f,download,https://data.milwaukee.gov/dataset/410b03d9-118f-404d-961a-06c76b29333f/resource/b1a00af2-294f-47f7-a4e3-a49fde67647f/download/county-supervisor-district-4.csv,CSV
410b03d9-118f-404d-961a-06c76b29333f,download,https://data.milwaukee.gov/dataset/410b03d9-118f-404d-961a-06c76b29333f/resource/163947e5-6c09-48b9-bfab-1706e2320ed3/download/county-supervisor-district-5.csv,CSV
410b03d9-118f-404d-961a-06c76b29333f,download,https://data.milwaukee.gov/dataset/410b03d9-118f-404d-961a-06c76b29333f/resource/d0bee423-558b-4a1d-b543-0f211cd88e21/download/county-supervisor-district-6.csv,CSV
410b03d9-118f-404d-961a-06c76b29333f,download,https://data.milwaukee.gov/dataset/410b03d9-118f-404d-961a-06c76b29333f/resource/5d9eb33c-a5b5-4800-81ac-5f37d9401c6d/download/county-supervisor-district-7.csv,CSV
410b03d9-118f-404d-961a-06c76b29333f,download,https://data.milwaukee.gov/dataset/410b03d9-118f-404d-961a-06c76b29333f/resource/bc754704-894c-4bf7-bab7-fd4674e4ded1/download/county-supervisor-district-10.csv,CSV
410b03d9-118f-404d-961a-06c76b29333f,download,https://data.milwaukee.gov/dataset/410b03d9-118f-404d-961a-06c76b29333f/resource/bf06835b-b1a0-45e8-a3f8-8df9d472b7ca/download/county-supervisor-district-11.csv,CSV
410b03d9-118f-404d-961a-06c76b29333f,download,https://data.milwaukee.gov/dataset/410b03d9-118f-404d-961a-06c76b29333f/resource/cd71a0cd-64f8-4e38-b8a4-b3439160cd1e/download/county-supervisor-district-12.csv,CSV
410b03d9-118f-404d-961a-06c76b29333f,download,https://data.milwaukee.gov/dataset/410b03d9-118f-404d-961a-06c76b29333f/resource/8ad357a8-3aac-4293-ac78-6adbfd313ec1/download/county-supervisor-district-13.csv,CSV
410b03d9-118f-404d-961a-06c76b29333f,download,https://data.milwaukee.gov/dataset/410b03d9-118f-404d-961a-06c76b29333f/resource/40a27b7d-d026-43a5-88cb-ebdb35a9f26d/download/county-supervisor-district-14.csv,CSV
410b03d9-118f-404d-961a-06c76b29333f,download,https://data.milwaukee.gov/dataset/410b03d9-118f-404d-961a-06c76b29333f/resource/d70d57c5-32cd-43c2-9e43-1ffc5bb84ae1/download/county-supervisor-district-15.csv,CSV
410b03d9-118f-404d-961a-06c76b29333f,download,https://data.milwaukee.gov/dataset/410b03d9-118f-404d-961a-06c76b29333f/resource/e7c232f2-2e70-495f-aca1-6854d32ec989/download/county-supervisor-district-16.csv,CSV
410b03d9-118f-404d-961a-06c76b29333f,download,https://data.milwaukee.gov/dataset/410b03d9-118f-404d-961a-06c76b29333f/resource/abdcc00f-4df6-4641-919f-24b1f92d1829/download/county-supervisor-district-18.csv,CSV
410b03d9-118f-404d-961a-06c76b29333f,download,https://data.milwaukee.gov/dataset/410b03d9-118f-404d-961a-06c76b29333f/resource/081b860b-f3cd-4726-80de-33772b1dafb4/download/mayor-milwaukee.csv,CSV
410b03d9-118f-404d-961a-06c76b29333f,download,https://data.milwaukee.gov/dataset/410b03d9-118f-404d-961a-06c76b29333f/resource/e2c95443-7022-4d50-ac35-fa3a36ebe9e9/download/city-attorney.csv,CSV
410b03d9-118f-404d-961a-06c76b29333f,download,https://data.milwaukee.gov/dataset/410b03d9-118f-404d-961a-06c76b29333f/resource/e6ef05e6-3b65-4775-9e3c-8748b5a9d743/download/city-comptroller.csv,CSV
410b03d9-118f-404d-961a-06c76b29333f,download,https://data.milwaukee.gov/dataset/410b03d9-118f-404d-961a-06c76b29333f/resource/acf5e4d0-e140-49b9-aee6-5e1ca636b9e9/download/city-treasurer.csv,CSV
410b03d9-118f-404d-961a-06c76b29333f,download,https://data.milwaukee.gov/dataset/410b03d9-118f-404d-961a-06c76b29333f/resource/7eaea291-4d2e-4e72-b900-548af1215717/download/alderperson-district-1.csv,CSV
410b03d9-118f-404d-961a-06c76b29333f,download,https://data.milwaukee.gov/dataset/410b03d9-118f-404d-961a-06c76b29333f/resource/722dfcbe-921e-4e12-b4ec-f49e13b9a0e9/download/alderperson-district-2.csv,CSV
410b03d9-118f-404d-961a-06c76b29333f,download,https://data.milwaukee.gov/dataset/410b03d9-118f-404d-961a-06c76b29333f/resource/82e5f610-367b-48ff-86c1-bf523bd7e348/download/alderperson-district-3.csv,CSV
410b03d9-118f-404d-961a-06c76b29333f,download,https://data.milwaukee.gov/dataset/410b03d9-118f-404d-961a-06c76b29333f/resource/b148661d-bd1e-40ce-aa56-627cf0e070a7/download/alderperson-district-4.csv,CSV
410b03d9-118f-404d-961a-06c76b29333f,download,https://data.milwaukee.gov/dataset/410b03d9-118f-404d-961a-06c76b29333f/resource/e800de01-4962-4e07-85cf-c86e688b18b1/download/alderperson-district-5.csv,CSV
410b03d9-118f-404d-961a-06c76b29333f,download,https://data.milwaukee.gov/dataset/410b03d9-118f-404d-961a-06c76b29333f/resource/c2b52d29-56ba-43df-ae51-cd00ef351540/download/alderperson-district-6.csv,CSV
410b03d9-118f-404d-961a-06c76b29333f,download,https://data.milwaukee.gov/dataset/410b03d9-118f-404d-961a-06c76b29333f/resource/464129e2-f295-49cd-850b-b95baf150e74/download/alderperson-district-7.csv,CSV
410b03d9-118f-404d-961a-06c76b29333f,download,https://data.milwaukee.gov/dataset/410b03d9-118f-404d-961a-06c76b29333f/resource/908f6363-a9d4-4019-96ef-5ad6ef4c2027/download/alderperson-district-8.csv,CSV
410b03d9-118f-404d-961a-06c76b29333f,download,https://data.milwaukee.gov/dataset/410b03d9-118f-404d-961a-06c76b29333f/resource/c4216f78-5727-4dac-9405-efe968c812ed/download/alderperson-district-9.csv,CSV
410b03d9-118f-404d-961a-06c76b29333f,download,https://data.milwaukee.gov/dataset/410b03d9-118f-404d-961a-06c76b29333f/resource/f09c7eb0-dad2-4d42-bbab-0fc84c2dc4d6/download/alderperson-district-10.csv,CSV
410b03d9-118f-404d-961a-06c76b29333f,download,https://data.milwaukee.gov/dataset/410b03d9-118f-404d-961a-06c76b29333f/resource/245bd532-bed1-4ae6-b501-739ec97d26ad/download/alderperson-district-11.csv,CSV
410b03d9-118f-404d-961a-06c76b29333f,download,https://data.milwaukee.gov/dataset/410b03d9-118f-404d-961a-06c76b29333f/resource/84a299d4-a5bc-4adb-9d59-d442cf518021/download/alderperson-district-12.csv,CSV
410b03d9-118f-404d-961a-06c76b29333f,download,https://data.milwaukee.gov/dataset/410b03d9-118f-404d-961a-06c76b29333f/resource/01b62980-cf00-44cd-b650-ffa4762e6609/download/alderperson-district-13.csv,CSV
410b03d9-118f-404d-961a-06c76b29333f,download,https://data.milwaukee.gov/dataset/410b03d9-118f-404d-961a-06c76b29333f/resource/054fb948-1f1a-4adf-ab62-5134769a205f/download/alderperson-district-14.csv,CSV
410b03d9-118f-404d-961a-06c76b29333f,download,https://data.milwaukee.gov/dataset/410b03d9-118f-404d-961a-06c76b29333f/resource/80acd252-9594-4462-a553-c3f96fccc2f3/download/alderperson-district-15.csv,CSV
958b92c4-2798-4928-941d-e201b500aa39,download,https://data.milwaukee.gov/dataset/958b92c4-2798-4928-941d-e201b500aa39/resource/9cc60266-242d-48dd-91f9-634441affcd8/download/2018-aug-14-fall-primary-libertarian-representative-to-the-assembly-district-14.csv,CSV
958b92c4-2798-4928-941d-e201b500aa39,download,https://data.milwaukee.gov/dataset/958b92c4-2798-4928-941d-e201b500aa39/resource/9b51c7d4-d189-4e70-995a-fb6a4d170f87/download/2018-aug-14-fall-primary-attorney-general.csv,CSV
958b92c4-2798-4928-941d-e201b500aa39,download,https://data.milwaukee.gov/dataset/958b92c4-2798-4928-941d-e201b500aa39/resource/f493351d-dfbd-435f-8a85-ce4a43218d21/download/2018-aug-14-fall-primary-clerk-of-circut-court.csv,CSV
958b92c4-2798-4928-941d-e201b500aa39,download,https://data.milwaukee.gov/dataset/958b92c4-2798-4928-941d-e201b500aa39/resource/51a77b64-5e3b-453a-bfe4-7789694f922c/download/2018-aug-14-fall-primary-constitution-sheriff.csv,CSV
958b92c4-2798-4928-941d-e201b500aa39,download,https://data.milwaukee.gov/dataset/958b92c4-2798-4928-941d-e201b500aa39/resource/3a939589-9fe7-400b-bb7b-67a501d20841/download/2018-aug-14-fall-primary-lieutenant-governor.csv,CSV
958b92c4-2798-4928-941d-e201b500aa39,download,https://data.milwaukee.gov/dataset/958b92c4-2798-4928-941d-e201b500aa39/resource/7d8be97e-ce60-4bcb-afc8-21edf40aacf3/download/2018-aug-14-fall-primary-representaive-to-the-assembly-district-20.csv,CSV
958b92c4-2798-4928-941d-e201b500aa39,download,https://data.milwaukee.gov/dataset/958b92c4-2798-4928-941d-e201b500aa39/resource/91fcc06c-6093-4b8b-9ccb-e27ebb08c66e/download/2018-aug-14-fall-primary-representative-in-congress-district-4.csv,CSV
958b92c4-2798-4928-941d-e201b500aa39,download,https://data.milwaukee.gov/dataset/958b92c4-2798-4928-941d-e201b500aa39/resource/cde99376-0785-48af-8f15-243e34f40f44/download/2018-aug-14-fall-primary-representative-of-the-assembly-district-12.csv,CSV
958b92c4-2798-4928-941d-e201b500aa39,download,https://data.milwaukee.gov/dataset/958b92c4-2798-4928-941d-e201b500aa39/resource/ec2a1503-75a9-4be0-b685-7d6f66537266/download/2018-aug-14-fall-primary-representative-of-the-assembly-district-13.csv,CSV
958b92c4-2798-4928-941d-e201b500aa39,download,https://data.milwaukee.gov/dataset/958b92c4-2798-4928-941d-e201b500aa39/resource/7d1dc807-d1f9-4a63-9b63-fc21938f3150/download/2018-aug-14-fall-primary-representative-to-the-assembly-distrct-16.csv,CSV
958b92c4-2798-4928-941d-e201b500aa39,download,https://data.milwaukee.gov/dataset/958b92c4-2798-4928-941d-e201b500aa39/resource/6a9caf71-fb24-4b26-baaa-af84f2363a5d/download/2018-aug-14-fall-primary-representative-to-the-assembly-district-7.csv,CSV
958b92c4-2798-4928-941d-e201b500aa39,download,https://data.milwaukee.gov/dataset/958b92c4-2798-4928-941d-e201b500aa39/resource/ca4269e4-577c-4926-91cb-db92510225dd/download/2018-aug-14-fall-primary-representative-to-the-assembly-district-8.csv,CSV
958b92c4-2798-4928-941d-e201b500aa39,download,https://data.milwaukee.gov/dataset/958b92c4-2798-4928-941d-e201b500aa39/resource/bf02d021-31f3-4349-b4d7-d1d542e71bed/download/2018-aug-14-fall-primary-representative-to-the-assembly-district-9.csv,CSV
958b92c4-2798-4928-941d-e201b500aa39,download,https://data.milwaukee.gov/dataset/958b92c4-2798-4928-941d-e201b500aa39/resource/eab2563c-57cf-4ff4-8049-3c937b5bf3b8/download/2018-aug-14-fall-primary-representative-to-the-assembly-district-10-district-10.csv,CSV
958b92c4-2798-4928-941d-e201b500aa39,download,https://data.milwaukee.gov/dataset/958b92c4-2798-4928-941d-e201b500aa39/resource/e82ca776-2ffa-4982-9a90-e24643617002/download/2018-aug-14-fall-primary-representative-to-the-assembly-district-11.csv,CSV
958b92c4-2798-4928-941d-e201b500aa39,download,https://data.milwaukee.gov/dataset/958b92c4-2798-4928-941d-e201b500aa39/resource/0f417fae-01f5-4e7c-9d2f-e8d1964bc3f8/download/2018-aug-14-fall-primary-representative-to-the-assembly-district-14.csv,CSV
958b92c4-2798-4928-941d-e201b500aa39,download,https://data.milwaukee.gov/dataset/958b92c4-2798-4928-941d-e201b500aa39/resource/43bab392-7ee2-4111-9bb5-5957105c0038/download/2018-aug-14-fall-primary-representative-to-the-assembly-district-16.csv,CSV
958b92c4-2798-4928-941d-e201b500aa39,download,https://data.milwaukee.gov/dataset/958b92c4-2798-4928-941d-e201b500aa39/resource/7e650c8c-2932-4d62-87d7-c00c106581a2/download/2018-aug-14-fall-primary-representative-to-the-assembly-district-7.csv,CSV
958b92c4-2798-4928-941d-e201b500aa39,download,https://data.milwaukee.gov/dataset/958b92c4-2798-4928-941d-e201b500aa39/resource/0029d91a-53d7-4910-8d41-1faa7e90dd41/download/2018-aug-14-fall-primary-representative-to-the-assembly-district-8.csv,CSV
958b92c4-2798-4928-941d-e201b500aa39,download,https://data.milwaukee.gov/dataset/958b92c4-2798-4928-941d-e201b500aa39/resource/8fdfadad-fa5a-4978-bc38-dd34e728bca2/download/2018-aug-14-fall-primary-representative-to-the-assembly-district-9.csv,CSV
958b92c4-2798-4928-941d-e201b500aa39,download,https://data.milwaukee.gov/dataset/958b92c4-2798-4928-941d-e201b500aa39/resource/ca2456e6-c6f2-4afb-aa3e-893672a729c0/download/2018-aug-14-fall-primary-representative-to-the-assembly-district-10-district-10.csv,CSV
958b92c4-2798-4928-941d-e201b500aa39,download,https://data.milwaukee.gov/dataset/958b92c4-2798-4928-941d-e201b500aa39/resource/e337b0c8-9c38-401c-a15c-22507057710e/download/2018-aug-14-fall-primary-representative-to-the-assembly-district-11.csv,CSV
958b92c4-2798-4928-941d-e201b500aa39,download,https://data.milwaukee.gov/dataset/958b92c4-2798-4928-941d-e201b500aa39/resource/73c10602-868d-4185-a02b-1f8529ca823b/download/2018-aug-14-fall-primary-representative-to-the-assembly-district-14.csv,CSV
958b92c4-2798-4928-941d-e201b500aa39,download,https://data.milwaukee.gov/dataset/958b92c4-2798-4928-941d-e201b500aa39/resource/7c1abe97-bcc8-46f9-9934-487312553653/download/2018-aug-14-fall-primary-representative-to-the-assembly-district-16.csv,CSV
958b92c4-2798-4928-941d-e201b500aa39,download,https://data.milwaukee.gov/dataset/958b92c4-2798-4928-941d-e201b500aa39/resource/4e51de97-4b79-4211-b3f9-488e43fe64e0/download/2018-aug-14-fall-primary-representative-to-the-assembly-district-17.csv,CSV
958b92c4-2798-4928-941d-e201b500aa39,download,https://data.milwaukee.gov/dataset/958b92c4-2798-4928-941d-e201b500aa39/resource/dc66e4c7-f0bc-4d96-8709-72024043d3c9/download/2018-aug-14-fall-primary-representative-to-the-assembly-district-18.csv,CSV
958b92c4-2798-4928-941d-e201b500aa39,download,https://data.milwaukee.gov/dataset/958b92c4-2798-4928-941d-e201b500aa39/resource/46d81a3b-0b08-4e89-ae82-95f67b9bbd65/download/2018-aug-14-fall-primary-representative-to-the-assembly-district-19.csv,CSV
958b92c4-2798-4928-941d-e201b500aa39,download,https://data.milwaukee.gov/dataset/958b92c4-2798-4928-941d-e201b500aa39/resource/d500bbff-b12f-47a2-8e3e-dffc29307e57/download/2018-aug-14-fall-primary-representative-to-the-assembly-district-22.csv,CSV
958b92c4-2798-4928-941d-e201b500aa39,download,https://data.milwaukee.gov/dataset/958b92c4-2798-4928-941d-e201b500aa39/resource/ca3c164f-b52d-4960-85f5-f7cce53551a8/download/2018-aug-14-fall-primary-representative-to-the-assembly-district-84.csv,CSV
958b92c4-2798-4928-941d-e201b500aa39,download,https://data.milwaukee.gov/dataset/958b92c4-2798-4928-941d-e201b500aa39/resource/a435a677-556c-4462-bc0d-5d26e07165d2/download/2018-aug-14-fall-primary-secretary-of-state.csv,CSV
958b92c4-2798-4928-941d-e201b500aa39,download,https://data.milwaukee.gov/dataset/958b92c4-2798-4928-941d-e201b500aa39/resource/1a1f20fc-6c3a-4b42-bac8-4afb35ecf4b0/download/2018-aug-14-fall-primary-state-senator-district-3.csv,CSV
958b92c4-2798-4928-941d-e201b500aa39,download,https://data.milwaukee.gov/dataset/958b92c4-2798-4928-941d-e201b500aa39/resource/625979e6-1a63-4298-b44a-5ea9cfc68e3e/download/2018-aug-14-fall-primary-state-senator-district-5.csv,CSV
958b92c4-2798-4928-941d-e201b500aa39,download,https://data.milwaukee.gov/dataset/958b92c4-2798-4928-941d-e201b500aa39/resource/f75d3fe3-e405-464c-8f99-1390e2ce7be5/download/2018-aug-14-fall-primary-state-senator-district-7.csv,CSV
958b92c4-2798-4928-941d-e201b500aa39,download,https://data.milwaukee.gov/dataset/958b92c4-2798-4928-941d-e201b500aa39/resource/3f57855d-4e51-4ef3-9fa4-cbfb77590d01/download/2018-aug-14-fall-primary-state-treasurer.csv,CSV
958b92c4-2798-4928-941d-e201b500aa39,download,https://data.milwaukee.gov/dataset/958b92c4-2798-4928-941d-e201b500aa39/resource/90e63a48-4629-4d7a-b09b-958cb8dc6773/download/2018-aug-14-fall-primary-statistics.csv,CSV
958b92c4-2798-4928-941d-e201b500aa39,download,https://data.milwaukee.gov/dataset/958b92c4-2798-4928-941d-e201b500aa39/resource/3ed75e5b-7ffd-46ef-9324-5979f8aace0c/download/2018-aug-14-fall-primary-united-states-senator.csv,CSV
958b92c4-2798-4928-941d-e201b500aa39,download,https://data.milwaukee.gov/dataset/958b92c4-2798-4928-941d-e201b500aa39/resource/5da1030d-d7d6-483d-b6df-7a1f75ce2e36/download/2018-aug-14-fall-primary-votes-percent.csv,CSV
958b92c4-2798-4928-941d-e201b500aa39,download,https://data.milwaukee.gov/dataset/958b92c4-2798-4928-941d-e201b500aa39/resource/108f085f-1abb-4268-9d1c-97ffd9bf92db/download/2018-aug-14-fall-primary-alderperson-district-5.csv,CSV
958b92c4-2798-4928-941d-e201b500aa39,download,https://data.milwaukee.gov/dataset/958b92c4-2798-4928-941d-e201b500aa39/resource/b83e849b-07c5-4347-b1fe-29fb7e66ec64/download/2018-aug-14-fall-primary-consitiution-representative-to-the-assembly-district-84.csv,CSV
958b92c4-2798-4928-941d-e201b500aa39,download,https://data.milwaukee.gov/dataset/958b92c4-2798-4928-941d-e201b500aa39/resource/8347ee91-3718-4f66-af97-9263fdc363c6/download/2018-aug-14-fall-primary-constitution-attorney-general.csv,CSV
958b92c4-2798-4928-941d-e201b500aa39,download,https://data.milwaukee.gov/dataset/958b92c4-2798-4928-941d-e201b500aa39/resource/320410e2-84ec-4cef-9f56-34f32bfb5c2d/download/2018-aug-14-fall-primary-constitution-clerk-of-circut-court.csv,CSV
958b92c4-2798-4928-941d-e201b500aa39,download,https://data.milwaukee.gov/dataset/958b92c4-2798-4928-941d-e201b500aa39/resource/311ec38e-0e3d-4566-900f-6190db5d4423/download/2018-aug-14-fall-primary-constitution-governor.csv,CSV
958b92c4-2798-4928-941d-e201b500aa39,download,https://data.milwaukee.gov/dataset/958b92c4-2798-4928-941d-e201b500aa39/resource/10c1a879-08e0-4735-96d1-0d301623c504/download/2018-aug-14-fall-primary-constitution-lieutenant-governor.csv,CSV
958b92c4-2798-4928-941d-e201b500aa39,download,https://data.milwaukee.gov/dataset/958b92c4-2798-4928-941d-e201b500aa39/resource/9fd660ff-295f-4688-93d3-6a744478fc96/download/2018-aug-14-fall-primary-constitution-representative-in-congress-district-4.csv,CSV
958b92c4-2798-4928-941d-e201b500aa39,download,https://data.milwaukee.gov/dataset/958b92c4-2798-4928-941d-e201b500aa39/resource/364f5405-3951-48d8-80cc-2aa90c5bb250/download/2018-aug-14-fall-primary-constitution-representative-to-the-assembly-district-10.csv,CSV
958b92c4-2798-4928-941d-e201b500aa39,download,https://data.milwaukee.gov/dataset/958b92c4-2798-4928-941d-e201b500aa39/resource/640a4521-20c3-42b6-a026-d1df394d1eeb/download/2018-aug-14-fall-primary-constitution-representative-to-the-assembly-district-16.csv,CSV
958b92c4-2798-4928-941d-e201b500aa39,download,https://data.milwaukee.gov/dataset/958b92c4-2798-4928-941d-e201b500aa39/resource/9d70a3fb-21d2-4329-a5b2-270cc1c75c4a/download/2018-aug-14-fall-primary-constitution-representative-to-the-assembly-district-7.csv,CSV
958b92c4-2798-4928-941d-e201b500aa39,download,https://data.milwaukee.gov/dataset/958b92c4-2798-4928-941d-e201b500aa39/resource/20bd046d-9b8c-4e1f-8684-117b951e92b6/download/2018-aug-14-fall-primary-constitution-representative-to-the-assembly-district-8.csv,CSV
958b92c4-2798-4928-941d-e201b500aa39,download,https://data.milwaukee.gov/dataset/958b92c4-2798-4928-941d-e201b500aa39/resource/5b04ceda-de94-4cfa-86ad-9ca9985bd7d6/download/2018-aug-14-fall-primary-constitution-representative-to-the-assembly-district-9.csv,CSV
958b92c4-2798-4928-941d-e201b500aa39,download,https://data.milwaukee.gov/dataset/958b92c4-2798-4928-941d-e201b500aa39/resource/43b25406-999d-46d7-a77f-94b9453571bc/download/2018-aug-14-fall-primary-constitution-representative-to-the-assembly-district-12.csv,CSV
958b92c4-2798-4928-941d-e201b500aa39,download,https://data.milwaukee.gov/dataset/958b92c4-2798-4928-941d-e201b500aa39/resource/2c0a0daa-93dc-4179-991c-a9f77b68f494/download/2018-aug-14-fall-primary-constitution-representative-to-the-assembly-district-13.csv,CSV
958b92c4-2798-4928-941d-e201b500aa39,download,https://data.milwaukee.gov/dataset/958b92c4-2798-4928-941d-e201b500aa39/resource/f664631b-f781-429f-830f-7b63d3eb4d14/download/2018-aug-14-fall-primary-constitution-representative-to-the-assembly-district-14.csv,CSV
958b92c4-2798-4928-941d-e201b500aa39,download,https://data.milwaukee.gov/dataset/958b92c4-2798-4928-941d-e201b500aa39/resource/064682b9-6958-457e-ba6f-fcdc455a5434/download/2018-aug-14-fall-primary-constitution-representative-to-the-assembly-district-17.csv,CSV
958b92c4-2798-4928-941d-e201b500aa39,download,https://data.milwaukee.gov/dataset/958b92c4-2798-4928-941d-e201b500aa39/resource/5cf4f6bb-1fdd-4879-9582-7ab9aac6f632/download/2018-aug-14-fall-primary-constitution-representative-to-the-assembly-district-18.csv,CSV
958b92c4-2798-4928-941d-e201b500aa39,download,https://data.milwaukee.gov/dataset/958b92c4-2798-4928-941d-e201b500aa39/resource/4bfbe8ad-a1e7-4d33-9e98-299c07124dbd/download/2018-aug-14-fall-primary-constitution-representative-to-the-assembly-district-19.csv,CSV
958b92c4-2798-4928-941d-e201b500aa39,download,https://data.milwaukee.gov/dataset/958b92c4-2798-4928-941d-e201b500aa39/resource/a066e26d-fb00-4794-b586-35fc7d00374b/download/2018-aug-14-fall-primary-constitution-representative-to-the-assembly-district-22.csv,CSV
958b92c4-2798-4928-941d-e201b500aa39,download,https://data.milwaukee.gov/dataset/958b92c4-2798-4928-941d-e201b500aa39/resource/fd7d17db-0e8f-44aa-937f-0a3c6c5b2e0c/download/2018-aug-14-fall-primary-constitution-representative-to-the-assemblydistrict-11.csv,CSV
958b92c4-2798-4928-941d-e201b500aa39,download,https://data.milwaukee.gov/dataset/958b92c4-2798-4928-941d-e201b500aa39/resource/b728442e-288a-49cc-8649-c69ee8162e13/download/2018-aug-14-fall-primary-constitution-secretary-of-state.csv,CSV
958b92c4-2798-4928-941d-e201b500aa39,download,https://data.milwaukee.gov/dataset/958b92c4-2798-4928-941d-e201b500aa39/resource/c1c00f5b-f816-4179-8fb3-6ce001f1083b/download/2018-aug-14-fall-primary-constitution-state-senator-district-3.csv,CSV
958b92c4-2798-4928-941d-e201b500aa39,download,https://data.milwaukee.gov/dataset/958b92c4-2798-4928-941d-e201b500aa39/resource/788d06da-8eb7-4115-b4da-01fb535b87d4/download/2018-aug-14-fall-primary-constitution-state-senator-district-5.csv,CSV
958b92c4-2798-4928-941d-e201b500aa39,download,https://data.milwaukee.gov/dataset/958b92c4-2798-4928-941d-e201b500aa39/resource/f56c30b8-f23e-469c-b6c8-7cbb60ac9b77/download/2018-aug-14-fall-primary-constitution-state-senator-district-7.csv,CSV
958b92c4-2798-4928-941d-e201b500aa39,download,https://data.milwaukee.gov/dataset/958b92c4-2798-4928-941d-e201b500aa39/resource/79f4c294-6c70-4564-b65e-320d957fc7d0/download/2018-aug-14-fall-primary-constitution-state-treasurer.csv,CSV
958b92c4-2798-4928-941d-e201b500aa39,download,https://data.milwaukee.gov/dataset/958b92c4-2798-4928-941d-e201b500aa39/resource/1448cd45-d07d-4f89-a141-c2bea417ea4c/download/2018-aug-14-fall-primary-constitution-united-states-senator.csv,CSV
958b92c4-2798-4928-941d-e201b500aa39,download,https://data.milwaukee.gov/dataset/958b92c4-2798-4928-941d-e201b500aa39/resource/8f095b13-b1bb-49af-a3c5-40b5d87f1963/download/2018-aug-14-fall-primary-constitution-representative-to-the-assembly-district-20.csv,CSV
958b92c4-2798-4928-941d-e201b500aa39,download,https://data.milwaukee.gov/dataset/958b92c4-2798-4928-941d-e201b500aa39/resource/3dd2d514-7fd5-4c71-b62d-a297ef46af8e/download/2018-aug-14-fall-primary-democratic-secretary-of-state.csv,CSV
958b92c4-2798-4928-941d-e201b500aa39,download,https://data.milwaukee.gov/dataset/958b92c4-2798-4928-941d-e201b500aa39/resource/91b4c308-2c01-440f-8ff6-c021384bc102/download/2018-aug-14-fall-primary-democratic-attorney-general.csv,CSV
958b92c4-2798-4928-941d-e201b500aa39,download,https://data.milwaukee.gov/dataset/958b92c4-2798-4928-941d-e201b500aa39/resource/996db735-080f-4222-ae06-174bc307720e/download/2018-aug-14-fall-primary-democratic-governor.csv,CSV
958b92c4-2798-4928-941d-e201b500aa39,download,https://data.milwaukee.gov/dataset/958b92c4-2798-4928-941d-e201b500aa39/resource/d1c24b58-82c6-4ddb-bb66-8121bb7977d2/download/2018-aug-14-fall-primary-democratic-lieutenant-governor.csv,CSV
958b92c4-2798-4928-941d-e201b500aa39,download,https://data.milwaukee.gov/dataset/958b92c4-2798-4928-941d-e201b500aa39/resource/0d57c173-84c9-4206-94ac-d4370fdf80ab/download/2018-aug-14-fall-primary-democratic-representative-of-congress-district-4.csv,CSV
958b92c4-2798-4928-941d-e201b500aa39,download,https://data.milwaukee.gov/dataset/958b92c4-2798-4928-941d-e201b500aa39/resource/eac241b8-5d2c-4672-bc83-ef5d7d64c1c3/download/2018-aug-14-fall-primary-democratic-representative-to-the-assembly-district-17.csv,CSV
958b92c4-2798-4928-941d-e201b500aa39,download,https://data.milwaukee.gov/dataset/958b92c4-2798-4928-941d-e201b500aa39/resource/a28bbcbc-d017-4e07-8335-3416a53762b7/download/2018-aug-14-fall-primary-democratic-representative-to-the-assembly-district-84.csv,CSV
958b92c4-2798-4928-941d-e201b500aa39,download,https://data.milwaukee.gov/dataset/958b92c4-2798-4928-941d-e201b500aa39/resource/9eee5080-0b4b-4c74-ac28-84d991a9540d/download/2018-aug-14-fall-primary-democratic-representative-to-the-assembly-district-8.csv,CSV
958b92c4-2798-4928-941d-e201b500aa39,download,https://data.milwaukee.gov/dataset/958b92c4-2798-4928-941d-e201b500aa39/resource/cb301d6c-33e3-40f5-aeb7-003cd79dd039/download/2018-aug-14-fall-primary-democratic-representative-to-the-assembly-district-9.csv,CSV
958b92c4-2798-4928-941d-e201b500aa39,download,https://data.milwaukee.gov/dataset/958b92c4-2798-4928-941d-e201b500aa39/resource/704d5af8-7e9d-4cb0-8a48-091307942018/download/2018-aug-14-fall-primary-democratic-representative-to-the-assembly-district-11.csv,CSV
958b92c4-2798-4928-941d-e201b500aa39,download,https://data.milwaukee.gov/dataset/958b92c4-2798-4928-941d-e201b500aa39/resource/3af8c8e1-1492-45fd-8934-9da42a2aa8d1/download/2018-aug-14-fall-primary-democratic-representative-to-the-assembly-district-12.csv,CSV
958b92c4-2798-4928-941d-e201b500aa39,download,https://data.milwaukee.gov/dataset/958b92c4-2798-4928-941d-e201b500aa39/resource/dbf75511-2435-47b5-b0a0-e57e881c9294/download/2018-aug-14-fall-primary-democratic-representative-to-the-assembly-district-13.csv,CSV
958b92c4-2798-4928-941d-e201b500aa39,download,https://data.milwaukee.gov/dataset/958b92c4-2798-4928-941d-e201b500aa39/resource/da2b0479-241d-4864-9079-0b563eaa85bf/download/2018-aug-14-fall-primary-democratic-representative-to-the-assembly-district-14.csv,CSV
958b92c4-2798-4928-941d-e201b500aa39,download,https://data.milwaukee.gov/dataset/958b92c4-2798-4928-941d-e201b500aa39/resource/3ba8cb0b-c475-44c6-9c55-a3c9f7faa5e7/download/2018-aug-14-fall-primary-democratic-representative-to-the-assembly-district-16.csv,CSV
958b92c4-2798-4928-941d-e201b500aa39,download,https://data.milwaukee.gov/dataset/958b92c4-2798-4928-941d-e201b500aa39/resource/6dfd00b7-fce4-4fd9-81bf-0d3eb9bf4f49/download/2018-aug-14-fall-primary-democratic-representative-to-the-assembly-district-18.csv,CSV
958b92c4-2798-4928-941d-e201b500aa39,download,https://data.milwaukee.gov/dataset/958b92c4-2798-4928-941d-e201b500aa39/resource/396fd864-6d55-4877-be92-83be996ea46c/download/2018-aug-14-fall-primary-democratic-representative-to-the-assembly-district-20.csv,CSV
958b92c4-2798-4928-941d-e201b500aa39,download,https://data.milwaukee.gov/dataset/958b92c4-2798-4928-941d-e201b500aa39/resource/f6d4be25-3521-400e-873a-719f39c016c3/download/2018-aug-14-fall-primary-democratic-representative-to-the-assembly-district-22.csv,CSV
958b92c4-2798-4928-941d-e201b500aa39,download,https://data.milwaukee.gov/dataset/958b92c4-2798-4928-941d-e201b500aa39/resource/c472175c-6bb5-430f-ad3f-37eec707490e/download/2018-aug-14-fall-primary-democratic-sheriff.csv,CSV
958b92c4-2798-4928-941d-e201b500aa39,download,https://data.milwaukee.gov/dataset/958b92c4-2798-4928-941d-e201b500aa39/resource/1c50ad9f-8cbd-4595-8f4b-2110038aed1c/download/2018-aug-14-fall-primary-democratic-state-senator-district-7.csv,CSV
958b92c4-2798-4928-941d-e201b500aa39,download,https://data.milwaukee.gov/dataset/958b92c4-2798-4928-941d-e201b500aa39/resource/26b4fa82-3375-4ad9-9037-0e55d14fb2c1/download/2018-aug-14-fall-primary-democratic-state-senator-district-3.csv,CSV
958b92c4-2798-4928-941d-e201b500aa39,download,https://data.milwaukee.gov/dataset/958b92c4-2798-4928-941d-e201b500aa39/resource/a187f02b-67dd-45d9-9725-61e3f8fc5afa/download/2018-aug-14-fall-primary-democratic-state-senator-district-5.csv,CSV
958b92c4-2798-4928-941d-e201b500aa39,download,https://data.milwaukee.gov/dataset/958b92c4-2798-4928-941d-e201b500aa39/resource/53868c73-46ab-4b26-81cc-99a62eb5c3d9/download/2018-aug-14-fall-primary-democratic-state-treasurer.csv,CSV
958b92c4-2798-4928-941d-e201b500aa39,download,https://data.milwaukee.gov/dataset/958b92c4-2798-4928-941d-e201b500aa39/resource/bfdd7bcb-1d1c-410c-aa3a-b5d359c85b06/download/2018-aug-14-fall-primary-democratic-united-states-senator.csv,CSV
958b92c4-2798-4928-941d-e201b500aa39,download,https://data.milwaukee.gov/dataset/958b92c4-2798-4928-941d-e201b500aa39/resource/70b81edc-d40c-414e-a662-9ab3edb63311/download/2018-aug-14-fall-primary-governor.csv,CSV
958b92c4-2798-4928-941d-e201b500aa39,download,https://data.milwaukee.gov/dataset/958b92c4-2798-4928-941d-e201b500aa39/resource/3cf10174-08d5-4d9b-b450-cd5209689601/download/2018-aug-14-fall-primary-libertarian-attorney-general.csv,CSV
958b92c4-2798-4928-941d-e201b500aa39,download,https://data.milwaukee.gov/dataset/958b92c4-2798-4928-941d-e201b500aa39/resource/1a243f49-7023-4a7a-95ca-7996c14e4495/download/2018-aug-14-fall-primary-libertarian-clerk-of-circut-court.csv,CSV
958b92c4-2798-4928-941d-e201b500aa39,download,https://data.milwaukee.gov/dataset/958b92c4-2798-4928-941d-e201b500aa39/resource/620d5e50-5d27-475b-92fb-e02c0ef79fff/download/2018-aug-14-fall-primary-libertarian-governor.csv,CSV
958b92c4-2798-4928-941d-e201b500aa39,download,https://data.milwaukee.gov/dataset/958b92c4-2798-4928-941d-e201b500aa39/resource/ff6237c4-762f-4504-b835-5a73f8ef202a/download/2018-aug-14-fall-primary-libertarian-lieutenant-governor.csv,CSV
958b92c4-2798-4928-941d-e201b500aa39,download,https://data.milwaukee.gov/dataset/958b92c4-2798-4928-941d-e201b500aa39/resource/b5bf9d6c-ae7e-42b6-a890-52bb71122ba4/download/2018-aug-14-fall-primary-libertarian-representative-in-congress-district-4.csv,CSV
958b92c4-2798-4928-941d-e201b500aa39,download,https://data.milwaukee.gov/dataset/958b92c4-2798-4928-941d-e201b500aa39/resource/e8a453b3-4c30-4d2a-ab8d-8c3cdca210d9/download/2018-aug-14-fall-primary-libertarian-representative-to-the-assembly-district-13.csv,CSV
958b92c4-2798-4928-941d-e201b500aa39,download,https://data.milwaukee.gov/dataset/958b92c4-2798-4928-941d-e201b500aa39/resource/5f675577-27d4-4c2e-8e62-6f36a8df604b/download/2018-aug-14-fall-primary-libertarian-representative-to-the-assembly-district-7.csv,CSV
958b92c4-2798-4928-941d-e201b500aa39,download,https://data.milwaukee.gov/dataset/958b92c4-2798-4928-941d-e201b500aa39/resource/88008248-9979-42fe-93f3-dc9566934f1b/download/2018-aug-14-fall-primary-libertarian-representative-to-the-assembly-district-8.csv,CSV
958b92c4-2798-4928-941d-e201b500aa39,download,https://data.milwaukee.gov/dataset/958b92c4-2798-4928-941d-e201b500aa39/resource/ef748ffd-81c1-4011-a1be-eb562bfdd8d2/download/2018-aug-14-fall-primary-libertarian-representative-to-the-assembly-district-9.csv,CSV
958b92c4-2798-4928-941d-e201b500aa39,download,https://data.milwaukee.gov/dataset/958b92c4-2798-4928-941d-e201b500aa39/resource/c2f8ef73-142d-437b-a70e-580ce9ec6567/download/2018-aug-14-fall-primary-libertarian-representative-to-the-assembly-district-10.csv,CSV
958b92c4-2798-4928-941d-e201b500aa39,download,https://data.milwaukee.gov/dataset/958b92c4-2798-4928-941d-e201b500aa39/resource/1e69c55f-6ce2-4d2e-9489-e26617833f56/download/2018-aug-14-fall-primary-libertarian-representative-to-the-assembly-district-11.csv,CSV
958b92c4-2798-4928-941d-e201b500aa39,download,https://data.milwaukee.gov/dataset/958b92c4-2798-4928-941d-e201b500aa39/resource/d950d4e0-bfb8-44a2-95ec-c063b313262e/download/2018-aug-14-fall-primary-libertarian-representative-to-the-assembly-district-12.csv,CSV
958b92c4-2798-4928-941d-e201b500aa39,download,https://data.milwaukee.gov/dataset/958b92c4-2798-4928-941d-e201b500aa39/resource/31ff5163-015d-4743-a5a8-0f9d9672b714/download/2018-aug-14-fall-primary-libertarian-representative-to-the-assembly-district-16.csv,CSV
958b92c4-2798-4928-941d-e201b500aa39,download,https://data.milwaukee.gov/dataset/958b92c4-2798-4928-941d-e201b500aa39/resource/fc74baea-e1c6-4791-a885-e7eea0e4ea19/download/2018-aug-14-fall-primary-libertarian-representative-to-the-assembly-district-18.csv,CSV
958b92c4-2798-4928-941d-e201b500aa39,download,https://data.milwaukee.gov/dataset/958b92c4-2798-4928-941d-e201b500aa39/resource/8ef2108f-e0f6-4278-94f8-5d4114d04f0c/download/2018-aug-14-fall-primary-libertarian-representative-to-the-assembly-district-19.csv,CSV
958b92c4-2798-4928-941d-e201b500aa39,download,https://data.milwaukee.gov/dataset/958b92c4-2798-4928-941d-e201b500aa39/resource/c68a3a81-9290-4ef3-9e48-b89d5a28a19d/download/2018-aug-14-fall-primary-libertarian-representative-to-the-assembly-district-20.csv,CSV
958b92c4-2798-4928-941d-e201b500aa39,download,https://data.milwaukee.gov/dataset/958b92c4-2798-4928-941d-e201b500aa39/resource/d98b31a4-642d-496e-a202-0f511337ad8e/download/2018-aug-14-fall-primary-libertarian-representative-to-the-assembly-district-22.csv,CSV
958b92c4-2798-4928-941d-e201b500aa39,download,https://data.milwaukee.gov/dataset/958b92c4-2798-4928-941d-e201b500aa39/resource/09f946eb-d7c4-4f1e-9754-fdcb9401f916/download/2018-aug-14-fall-primary-libertarian-representitive-to-the-assembly-district-84.csv,CSV
958b92c4-2798-4928-941d-e201b500aa39,download,https://data.milwaukee.gov/dataset/958b92c4-2798-4928-941d-e201b500aa39/resource/86e3e4a6-428c-4b49-a828-ac29969a815a/download/2018-aug-14-fall-primary-libertarian-respresentative-to-the-assembly-district-17.csv,CSV
958b92c4-2798-4928-941d-e201b500aa39,download,https://data.milwaukee.gov/dataset/958b92c4-2798-4928-941d-e201b500aa39/resource/4126a5c3-690a-4733-81f0-81ade82eb7e7/download/2018-aug-14-fall-primary-libertarian-sheriff.csv,CSV
958b92c4-2798-4928-941d-e201b500aa39,download,https://data.milwaukee.gov/dataset/958b92c4-2798-4928-941d-e201b500aa39/resource/2f0d17dd-5882-41e4-b695-526f1fe94ec9/download/2018-aug-14-fall-primary-libertarian-state-senator-district-3.csv,CSV
958b92c4-2798-4928-941d-e201b500aa39,download,https://data.milwaukee.gov/dataset/958b92c4-2798-4928-941d-e201b500aa39/resource/5ea48980-f6a1-4d67-9aa3-10cea9ed3753/download/2018-aug-14-fall-primary-libertarian-state-senator-district-5.csv,CSV
958b92c4-2798-4928-941d-e201b500aa39,download,https://data.milwaukee.gov/dataset/958b92c4-2798-4928-941d-e201b500aa39/resource/3e1aa11b-d196-41e7-b281-d7db18d56988/download/2018-aug-14-fall-primary-libertarian-state-treasurer.csv,CSV
958b92c4-2798-4928-941d-e201b500aa39,download,https://data.milwaukee.gov/dataset/958b92c4-2798-4928-941d-e201b500aa39/resource/5b3dfd29-5067-415f-8cb4-e40c22e24cf1/download/2018-aug-14-fall-primary-libertarian-united-states-senator.csv,CSV
958b92c4-2798-4928-941d-e201b500aa39,download,https://data.milwaukee.gov/dataset/958b92c4-2798-4928-941d-e201b500aa39/resource/a456695f-848d-40fa-b6f2-6c0b8a149541/download/2018-aug-14-fall-primary-representative-to-the-assembly-district-7.csv,CSV
958b92c4-2798-4928-941d-e201b500aa39,download,https://data.milwaukee.gov/dataset/958b92c4-2798-4928-941d-e201b500aa39/resource/7f8d355b-b3ea-4d3e-b5c6-e2498df9a3af/download/2018-aug-14-fall-primary-representative-to-the-assembly-district-10.csv,CSV
958b92c4-2798-4928-941d-e201b500aa39,download,https://data.milwaukee.gov/dataset/958b92c4-2798-4928-941d-e201b500aa39/resource/974acad7-5fe6-49db-b100-6d7120b38d8f/download/2018-aug-14-fall-primary-sheriff.csv,CSV
958b92c4-2798-4928-941d-e201b500aa39,download,https://data.milwaukee.gov/dataset/958b92c4-2798-4928-941d-e201b500aa39/resource/a53c2a49-f2aa-4261-a2c0-c6c929659ace/download/2018-aug-14-fall-primary-state-senator-district-3.csv,CSV
958b92c4-2798-4928-941d-e201b500aa39,download,https://data.milwaukee.gov/dataset/958b92c4-2798-4928-941d-e201b500aa39/resource/9133628f-fe86-4bfa-b7e6-6aad602a2918/download/2018-aug-14-fall-primary-wisconsin-green-attorney-general.csv,CSV
958b92c4-2798-4928-941d-e201b500aa39,download,https://data.milwaukee.gov/dataset/958b92c4-2798-4928-941d-e201b500aa39/resource/75da2b07-17fb-411e-91a2-e9671379277b/download/2018-aug-14-fall-primary-wisconsin-green-clerk-of-circuit-court.csv,CSV
958b92c4-2798-4928-941d-e201b500aa39,download,https://data.milwaukee.gov/dataset/958b92c4-2798-4928-941d-e201b500aa39/resource/7851cdb4-9513-4df0-bbaf-f080e969ed76/download/2018-aug-14-fall-primary-wisconsin-green-governor.csv,CSV
958b92c4-2798-4928-941d-e201b500aa39,download,https://data.milwaukee.gov/dataset/958b92c4-2798-4928-941d-e201b500aa39/resource/2e70a869-b2c3-4efd-9308-47ac020df032/download/2018-aug-14-fall-primary-wisconsin-green-lieutenant-governor.csv,CSV
958b92c4-2798-4928-941d-e201b500aa39,download,https://data.milwaukee.gov/dataset/958b92c4-2798-4928-941d-e201b500aa39/resource/3003eaa7-6064-489e-b48a-e758c7260641/download/2018-aug-14-fall-primary-wisconsin-green-representative-in-congress-district-4.csv,CSV
958b92c4-2798-4928-941d-e201b500aa39,download,https://data.milwaukee.gov/dataset/958b92c4-2798-4928-941d-e201b500aa39/resource/ede9bbed-66b2-4fca-a532-1649938e4344/download/2018-aug-14-fall-primary-wisconsin-green-representative-to-the-assembly-district-11.csv,CSV
958b92c4-2798-4928-941d-e201b500aa39,download,https://data.milwaukee.gov/dataset/958b92c4-2798-4928-941d-e201b500aa39/resource/6f81f88a-8fa1-47bc-b6f4-a70eb37bff1a/download/2018-aug-14-fall-primary-wisconsin-green-representative-to-the-assembly-district-13.csv,CSV
958b92c4-2798-4928-941d-e201b500aa39,download,https://data.milwaukee.gov/dataset/958b92c4-2798-4928-941d-e201b500aa39/resource/79c0d025-3751-412c-abda-90c2b658c037/download/2018-aug-14-fall-primary-wisconsin-green-representative-to-the-assembly-district-14.csv,CSV
958b92c4-2798-4928-941d-e201b500aa39,download,https://data.milwaukee.gov/dataset/958b92c4-2798-4928-941d-e201b500aa39/resource/86273f0c-3edb-4b87-829d-00c2a853047d/download/2018-aug-14-fall-primary-wisconsin-green-representative-to-the-assembly-district-18.csv,CSV
958b92c4-2798-4928-941d-e201b500aa39,download,https://data.milwaukee.gov/dataset/958b92c4-2798-4928-941d-e201b500aa39/resource/a02e556c-c799-4ccd-b220-c455e22d9108/download/2018-aug-14-fall-primary-wisconsin-green-representative-to-the-assembly-district-19.csv,CSV
958b92c4-2798-4928-941d-e201b500aa39,download,https://data.milwaukee.gov/dataset/958b92c4-2798-4928-941d-e201b500aa39/resource/e84cb9d4-1d84-4c15-be04-80ddb8ac6da2/download/2018-aug-14-fall-primary-wisconsin-green-representative-to-the-assembly-district-7.csv,CSV
958b92c4-2798-4928-941d-e201b500aa39,download,https://data.milwaukee.gov/dataset/958b92c4-2798-4928-941d-e201b500aa39/resource/c2595698-116d-4672-b364-7a1281c44f8e/download/2018-aug-14-fall-primary-wisconsin-green-representative-to-the-assembly-district-8.csv,CSV
958b92c4-2798-4928-941d-e201b500aa39,download,https://data.milwaukee.gov/dataset/958b92c4-2798-4928-941d-e201b500aa39/resource/30ad5403-40ab-4ee4-8086-406be24bddfc/download/2018-aug-14-fall-primary-wisconsin-green-representative-to-the-assembly-district-9.csv,CSV
958b92c4-2798-4928-941d-e201b500aa39,download,https://data.milwaukee.gov/dataset/958b92c4-2798-4928-941d-e201b500aa39/resource/6ffdd08b-4395-4c34-8184-b784829876c0/download/2018-aug-14-fall-primary-wisconsin-green-representative-to-the-assembly-district-9.csv,CSV
958b92c4-2798-4928-941d-e201b500aa39,download,https://data.milwaukee.gov/dataset/958b92c4-2798-4928-941d-e201b500aa39/resource/4b58b043-859f-4a74-bf5e-56fe21797682/download/2018-aug-14-fall-primary-wisconsin-green-representative-to-the-assembly-district-10.csv,CSV
958b92c4-2798-4928-941d-e201b500aa39,download,https://data.milwaukee.gov/dataset/958b92c4-2798-4928-941d-e201b500aa39/resource/21ed47b5-e20c-44b8-a967-b122bb62b1aa/download/2018-aug-14-fall-primary-wisconsin-green-representative-to-the-assembly-district-12.csv,CSV
958b92c4-2798-4928-941d-e201b500aa39,download,https://data.milwaukee.gov/dataset/958b92c4-2798-4928-941d-e201b500aa39/resource/f627092f-d19d-430c-9d97-0c7abcbbb0b6/download/2018-aug-14-fall-primary-wisconsin-green-representative-to-the-assembly-district-17.csv,CSV
958b92c4-2798-4928-941d-e201b500aa39,download,https://data.milwaukee.gov/dataset/958b92c4-2798-4928-941d-e201b500aa39/resource/393f23e7-02d6-437d-96f0-a3eba4a4f66a/download/2018-aug-14-fall-primary-wisconsin-green-representative-to-the-assembly-district-20.csv,CSV
958b92c4-2798-4928-941d-e201b500aa39,download,https://data.milwaukee.gov/dataset/958b92c4-2798-4928-941d-e201b500aa39/resource/32544b87-9fc2-4409-90c0-af5bc9f7cb59/download/2018-aug-14-fall-primary-wisconsin-green-representative-to-the-assembly-district-22.csv,CSV
958b92c4-2798-4928-941d-e201b500aa39,download,https://data.milwaukee.gov/dataset/958b92c4-2798-4928-941d-e201b500aa39/resource/d49117b9-d0d9-45c5-b1f5-3ab3c54b4f62/download/2018-aug-14-fall-primary-wisconsin-green-representative-to-the-assembly-district-84.csv,CSV
958b92c4-2798-4928-941d-e201b500aa39,download,https://data.milwaukee.gov/dataset/958b92c4-2798-4928-941d-e201b500aa39/resource/5272925a-ead5-4730-ad77-cf4140db2af0/download/2018-aug-14-fall-primary-wisconsin-green-secretary-of-state.csv,CSV
958b92c4-2798-4928-941d-e201b500aa39,download,https://data.milwaukee.gov/dataset/958b92c4-2798-4928-941d-e201b500aa39/resource/b23b288c-7df9-4887-9182-f5f19b7254f9/download/2018-aug-14-fall-primary-wisconsin-green-sheriff.csv,CSV
958b92c4-2798-4928-941d-e201b500aa39,download,https://data.milwaukee.gov/dataset/958b92c4-2798-4928-941d-e201b500aa39/resource/a3dfb833-5cdb-4c00-8a4e-605b4023dd37/download/2018-aug-14-fall-primary-wisconsin-green-state-senator-district-7.csv,CSV
958b92c4-2798-4928-941d-e201b500aa39,download,https://data.milwaukee.gov/dataset/958b92c4-2798-4928-941d-e201b500aa39/resource/b013df88-82c6-453e-89ea-db2a37a0f892/download/2018-aug-14-fall-primary-wisconsin-green-state-treasurer.csv,CSV
958b92c4-2798-4928-941d-e201b500aa39,download,https://data.milwaukee.gov/dataset/958b92c4-2798-4928-941d-e201b500aa39/resource/f5c70cbb-3554-42cb-be12-3a848f0a40aa/download/2018-aug-14-fall-primary-wisconsin-green-united-states-senator.csv,CSV
958b92c4-2798-4928-941d-e201b500aa39,download,https://data.milwaukee.gov/dataset/958b92c4-2798-4928-941d-e201b500aa39/resource/8300e5ae-986f-44c1-94ef-558f70d6c503/download/2018-aug-14-fall-primary-wisconsin-green-state-senator-district-3.csv,CSV
958b92c4-2798-4928-941d-e201b500aa39,download,https://data.milwaukee.gov/dataset/958b92c4-2798-4928-941d-e201b500aa39/resource/6d3c9e38-80d3-4e66-bba9-0098eec2198d/download/2018-aug-14-fall-primary-wisconsin-green-state-senator-district-5.csv,CSV
958b92c4-2798-4928-941d-e201b500aa39,download,https://data.milwaukee.gov/dataset/958b92c4-2798-4928-941d-e201b500aa39/resource/bf27a94f-b660-45b5-b662-0b1ebfc06f62/download/2018-aug-14-fall-primarylibertarian-secretary-of-state.csv,CSV
c3a0c185-bb80-4cbe-80ac-63b149125b79,download,https://data.milwaukee.gov/dataset/c3a0c185-bb80-4cbe-80ac-63b149125b79/resource/6c8bfc36-06e3-4023-b312-26108be55370/download/exempt-vs.-assessed-lot-area-by-alder.-district.csv,CSV
c3a0c185-bb80-4cbe-80ac-63b149125b79,download,https://data.milwaukee.gov/dataset/c3a0c185-bb80-4cbe-80ac-63b149125b79/resource/c16d3b0a-aa16-44a2-94e3-58f52b015d1a/download/assessed-v.s.-exempt-properties-by-aldermanic-district.csv,CSV
c3a0c185-bb80-4cbe-80ac-63b149125b79,download,https://data.milwaukee.gov/dataset/c3a0c185-bb80-4cbe-80ac-63b149125b79/resource/d6124bd1-9492-403a-a365-cb4bbea22fa7/download/assessed-value-by-aldermanic-district-2016-2018.csv,CSV
94cb88ea-c2dd-4af1-91b4-8d8f1d61c4aa,download,https://data.milwaukee.gov/dataset/94cb88ea-c2dd-4af1-91b4-8d8f1d61c4aa/resource/ead49188-2631-44f3-96c3-93000d3375bf/download/spring-primary-2020-master.csv,CSV
94cb88ea-c2dd-4af1-91b4-8d8f1d61c4aa,download,https://data.milwaukee.gov/dataset/94cb88ea-c2dd-4af1-91b4-8d8f1d61c4aa/resource/2153c818-7e63-44c7-979e-722d0db1e916/download/voter-turnout-.csv,CSV
94cb88ea-c2dd-4af1-91b4-8d8f1d61c4aa,download,https://data.milwaukee.gov/dataset/94cb88ea-c2dd-4af1-91b4-8d8f1d61c4aa/resource/a926a769-6ad6-437a-a3d4-bcbfb53d1fd9/download/alderperson-district-1.csv,CSV
94cb88ea-c2dd-4af1-91b4-8d8f1d61c4aa,download,https://data.milwaukee.gov/dataset/94cb88ea-c2dd-4af1-91b4-8d8f1d61c4aa/resource/849c87de-e1dd-4c45-a721-ba4b4fcb1b79/download/alderperson-district-5.csv,CSV
94cb88ea-c2dd-4af1-91b4-8d8f1d61c4aa,download,https://data.milwaukee.gov/dataset/94cb88ea-c2dd-4af1-91b4-8d8f1d61c4aa/resource/998c5456-e874-4c02-b957-dd8a52749522/download/alderperson-district-7.csv,CSV
94cb88ea-c2dd-4af1-91b4-8d8f1d61c4aa,download,https://data.milwaukee.gov/dataset/94cb88ea-c2dd-4af1-91b4-8d8f1d61c4aa/resource/ecc6c83e-8c1f-442d-b693-4e5aed93e8f8/download/alderperson-district-8-.csv,CSV
94cb88ea-c2dd-4af1-91b4-8d8f1d61c4aa,download,https://data.milwaukee.gov/dataset/94cb88ea-c2dd-4af1-91b4-8d8f1d61c4aa/resource/23d2c866-7f9d-43c0-b7c1-a20250047c03/download/alderperson-district-11.csv,CSV
94cb88ea-c2dd-4af1-91b4-8d8f1d61c4aa,download,https://data.milwaukee.gov/dataset/94cb88ea-c2dd-4af1-91b4-8d8f1d61c4aa/resource/2fc27cce-6b83-4fa9-9d9d-ffcec975ecb1/download/alderperson-district-14.csv,CSV
94cb88ea-c2dd-4af1-91b4-8d8f1d61c4aa,download,https://data.milwaukee.gov/dataset/94cb88ea-c2dd-4af1-91b4-8d8f1d61c4aa/resource/2eb34b68-e173-4ac3-b934-b85880a88cfe/download/circut-court-judge-branch-5.csv,CSV
94cb88ea-c2dd-4af1-91b4-8d8f1d61c4aa,download,https://data.milwaukee.gov/dataset/94cb88ea-c2dd-4af1-91b4-8d8f1d61c4aa/resource/4f03aa73-61ad-49be-980c-27b3133986ce/download/city-attorney-city-of-milwaukee.csv,CSV
94cb88ea-c2dd-4af1-91b4-8d8f1d61c4aa,download,https://data.milwaukee.gov/dataset/94cb88ea-c2dd-4af1-91b4-8d8f1d61c4aa/resource/4d359b0c-9276-41a1-9321-48d9eb9b6193/download/city-comptroller-city-of-milwaukee.csv,CSV
94cb88ea-c2dd-4af1-91b4-8d8f1d61c4aa,download,https://data.milwaukee.gov/dataset/94cb88ea-c2dd-4af1-91b4-8d8f1d61c4aa/resource/62b614a7-6c52-43cb-a62c-e4df6b55d30c/download/county-executive.csv,CSV
94cb88ea-c2dd-4af1-91b4-8d8f1d61c4aa,download,https://data.milwaukee.gov/dataset/94cb88ea-c2dd-4af1-91b4-8d8f1d61c4aa/resource/1165f6e8-62f5-4886-8308-e1e076104133/download/county-supervisor-district-4.csv,CSV
94cb88ea-c2dd-4af1-91b4-8d8f1d61c4aa,download,https://data.milwaukee.gov/dataset/94cb88ea-c2dd-4af1-91b4-8d8f1d61c4aa/resource/c87fd7bb-50c6-4320-953b-acc9f164b25b/download/county-supervisor-district-6.csv,CSV
94cb88ea-c2dd-4af1-91b4-8d8f1d61c4aa,download,https://data.milwaukee.gov/dataset/94cb88ea-c2dd-4af1-91b4-8d8f1d61c4aa/resource/b0acd5fe-7a4c-43b6-a9c1-10799a4bb71e/download/county-supervisor-district-11.csv,CSV
94cb88ea-c2dd-4af1-91b4-8d8f1d61c4aa,download,https://data.milwaukee.gov/dataset/94cb88ea-c2dd-4af1-91b4-8d8f1d61c4aa/resource/bd9d399a-b8de-4d95-a418-6d25a5617a98/download/justice-of-the-supreme-court.csv,CSV
94cb88ea-c2dd-4af1-91b4-8d8f1d61c4aa,download,https://data.milwaukee.gov/dataset/94cb88ea-c2dd-4af1-91b4-8d8f1d61c4aa/resource/670efea3-7271-4bdc-be0e-4dc4b9a74186/download/mayor-city-of-miwaukee.csv,CSV
bfbc4dab-4ed3-49d4-81fe-a2c9fde7a066,download,https://data.milwaukee.gov/dataset/bfbc4dab-4ed3-49d4-81fe-a2c9fde7a066/resource/44eecd3b-c7b7-441a-94fb-95094d03be7d/download/milwaukee-public-schools-referendum.csv,CSV
bfbc4dab-4ed3-49d4-81fe-a2c9fde7a066,download,https://data.milwaukee.gov/dataset/bfbc4dab-4ed3-49d4-81fe-a2c9fde7a066/resource/6a0f4d34-cee0-4558-9773-a90a61adcfce/download/county-advisory-referendum.csv,CSV
bfbc4dab-4ed3-49d4-81fe-a2c9fde7a066,download,https://data.milwaukee.gov/dataset/bfbc4dab-4ed3-49d4-81fe-a2c9fde7a066/resource/841c5af7-71f1-4768-a027-7cdb48200ade/download/state-constitutional-amendment.csv,CSV
bfbc4dab-4ed3-49d4-81fe-a2c9fde7a066,download,https://data.milwaukee.gov/dataset/bfbc4dab-4ed3-49d4-81fe-a2c9fde7a066/resource/f1297f80-8971-4db4-abca-22ae666aa4b1/download/alderperson-district-1.csv,CSV
bfbc4dab-4ed3-49d4-81fe-a2c9fde7a066,download,https://data.milwaukee.gov/dataset/bfbc4dab-4ed3-49d4-81fe-a2c9fde7a066/resource/4c677748-b961-4a63-838e-5092770a5756/download/alderperson-district-2.csv,CSV
bfbc4dab-4ed3-49d4-81fe-a2c9fde7a066,download,https://data.milwaukee.gov/dataset/bfbc4dab-4ed3-49d4-81fe-a2c9fde7a066/resource/156dce35-1750-4a39-b68a-01b70dda64d2/download/alderperson-district-3.csv,CSV
bfbc4dab-4ed3-49d4-81fe-a2c9fde7a066,download,https://data.milwaukee.gov/dataset/bfbc4dab-4ed3-49d4-81fe-a2c9fde7a066/resource/9fb0c5e3-4495-4498-8b3e-9b54bcf76730/download/alderman-district-4.csv,CSV
bfbc4dab-4ed3-49d4-81fe-a2c9fde7a066,download,https://data.milwaukee.gov/dataset/bfbc4dab-4ed3-49d4-81fe-a2c9fde7a066/resource/cf82475d-ca7e-4f5b-ad94-8582d773a33f/download/alderperson-district-5.csv,CSV
bfbc4dab-4ed3-49d4-81fe-a2c9fde7a066,download,https://data.milwaukee.gov/dataset/bfbc4dab-4ed3-49d4-81fe-a2c9fde7a066/resource/f35f41f2-1fcd-40e7-9cd2-a4f48ada581a/download/alderperson-district-6.csv,CSV
bfbc4dab-4ed3-49d4-81fe-a2c9fde7a066,download,https://data.milwaukee.gov/dataset/bfbc4dab-4ed3-49d4-81fe-a2c9fde7a066/resource/2da65211-f509-41b1-97ba-d17ef27f036c/download/alderperson-district-7.csv,CSV
bfbc4dab-4ed3-49d4-81fe-a2c9fde7a066,download,https://data.milwaukee.gov/dataset/bfbc4dab-4ed3-49d4-81fe-a2c9fde7a066/resource/6d920ac8-03ab-4588-937e-d77e8f872e90/download/alderperson-district-8.csv,CSV
bfbc4dab-4ed3-49d4-81fe-a2c9fde7a066,download,https://data.milwaukee.gov/dataset/bfbc4dab-4ed3-49d4-81fe-a2c9fde7a066/resource/47ae0847-178d-47a9-b1e6-13292bb7c47c/download/alderperson-district-9.csv,CSV
bfbc4dab-4ed3-49d4-81fe-a2c9fde7a066,download,https://data.milwaukee.gov/dataset/bfbc4dab-4ed3-49d4-81fe-a2c9fde7a066/resource/53dc2ec0-540d-4cc7-aaf5-1d352f39837b/download/alderperson-district-10.csv,CSV
bfbc4dab-4ed3-49d4-81fe-a2c9fde7a066,download,https://data.milwaukee.gov/dataset/bfbc4dab-4ed3-49d4-81fe-a2c9fde7a066/resource/e44fedd5-9091-4e82-aaf4-077fa6d3f222/download/alderperson-district-11.csv,CSV
bfbc4dab-4ed3-49d4-81fe-a2c9fde7a066,download,https://data.milwaukee.gov/dataset/bfbc4dab-4ed3-49d4-81fe-a2c9fde7a066/resource/0fc3c03e-582f-42d7-bb17-0ab6e9d4a020/download/alderperson-district-12.csv,CSV
bfbc4dab-4ed3-49d4-81fe-a2c9fde7a066,download,https://data.milwaukee.gov/dataset/bfbc4dab-4ed3-49d4-81fe-a2c9fde7a066/resource/4bb5220c-a275-46e4-8628-f1f96ea535b0/download/alderperson-district-13.csv,CSV
bfbc4dab-4ed3-49d4-81fe-a2c9fde7a066,download,https://data.milwaukee.gov/dataset/bfbc4dab-4ed3-49d4-81fe-a2c9fde7a066/resource/68979ed6-fb6d-493e-9d5e-79a53e034534/download/alderperson-district-14.csv,CSV
bfbc4dab-4ed3-49d4-81fe-a2c9fde7a066,download,https://data.milwaukee.gov/dataset/bfbc4dab-4ed3-49d4-81fe-a2c9fde7a066/resource/789acfcd-c718-4d81-83c0-9ebb9485ae31/download/alderperson-district-15.csv,CSV
bfbc4dab-4ed3-49d4-81fe-a2c9fde7a066,download,https://data.milwaukee.gov/dataset/bfbc4dab-4ed3-49d4-81fe-a2c9fde7a066/resource/9f731d74-e040-47be-bb71-b1e6256ed8c2/download/city-treasurer.csv,CSV
bfbc4dab-4ed3-49d4-81fe-a2c9fde7a066,download,https://data.milwaukee.gov/dataset/bfbc4dab-4ed3-49d4-81fe-a2c9fde7a066/resource/355e98df-e543-4525-b452-cf41e34e705e/download/city-comptroller.csv,CSV
bfbc4dab-4ed3-49d4-81fe-a2c9fde7a066,download,https://data.milwaukee.gov/dataset/bfbc4dab-4ed3-49d4-81fe-a2c9fde7a066/resource/6e43e97a-fcca-43ca-8d75-bb4ee778aca8/download/city-attorney.csv,CSV
bfbc4dab-4ed3-49d4-81fe-a2c9fde7a066,download,https://data.milwaukee.gov/dataset/bfbc4dab-4ed3-49d4-81fe-a2c9fde7a066/resource/29d9a0f3-2402-4e91-89d3-5a7d47347894/download/city-attorney.csv,CSV
bfbc4dab-4ed3-49d4-81fe-a2c9fde7a066,download,https://data.milwaukee.gov/dataset/bfbc4dab-4ed3-49d4-81fe-a2c9fde7a066/resource/2229faeb-aa10-4b46-b4b5-030e82a5a472/download/mayor-city-of-milwaukee.csv,CSV
bfbc4dab-4ed3-49d4-81fe-a2c9fde7a066,download,https://data.milwaukee.gov/dataset/bfbc4dab-4ed3-49d4-81fe-a2c9fde7a066/resource/1cb5f5ca-fd80-4bf1-be66-af9d303adbf8/download/county-supervisor-district-1.csv,CSV
bfbc4dab-4ed3-49d4-81fe-a2c9fde7a066,download,https://data.milwaukee.gov/dataset/bfbc4dab-4ed3-49d4-81fe-a2c9fde7a066/resource/e59b55d1-05b2-434f-8c6c-04aefba3f30a/download/county-supervisor-district-2.csv,CSV
bfbc4dab-4ed3-49d4-81fe-a2c9fde7a066,download,https://data.milwaukee.gov/dataset/bfbc4dab-4ed3-49d4-81fe-a2c9fde7a066/resource/e4c95b10-61d8-4b62-999a-362fdea45e4a/download/county-supervisor-district-3.csv,CSV
bfbc4dab-4ed3-49d4-81fe-a2c9fde7a066,download,https://data.milwaukee.gov/dataset/bfbc4dab-4ed3-49d4-81fe-a2c9fde7a066/resource/9dcdc5e7-8885-4ff8-93e9-31e39419e8e3/download/county-supervisor-district-4.csv,CSV
bfbc4dab-4ed3-49d4-81fe-a2c9fde7a066,download,https://data.milwaukee.gov/dataset/bfbc4dab-4ed3-49d4-81fe-a2c9fde7a066/resource/8a2ace3a-5ecc-4d35-b88a-06b9d0ac10a3/download/county-supervisor-district-5.csv,CSV
bfbc4dab-4ed3-49d4-81fe-a2c9fde7a066,download,https://data.milwaukee.gov/dataset/bfbc4dab-4ed3-49d4-81fe-a2c9fde7a066/resource/51e70967-a849-4560-90e7-b490c719e83e/download/county-supervisor-district-6.csv,CSV
bfbc4dab-4ed3-49d4-81fe-a2c9fde7a066,download,https://data.milwaukee.gov/dataset/bfbc4dab-4ed3-49d4-81fe-a2c9fde7a066/resource/91cae486-006b-4049-9ecb-a865cbc16aee/download/county-supervisor-district-7.csv,CSV
bfbc4dab-4ed3-49d4-81fe-a2c9fde7a066,download,https://data.milwaukee.gov/dataset/bfbc4dab-4ed3-49d4-81fe-a2c9fde7a066/resource/63a8c2a5-f776-4652-9022-2ace4bdc6a62/download/county-supervisor-district-10.csv,CSV
bfbc4dab-4ed3-49d4-81fe-a2c9fde7a066,download,https://data.milwaukee.gov/dataset/bfbc4dab-4ed3-49d4-81fe-a2c9fde7a066/resource/a2b50587-a84d-42af-ae0e-4ea8efc471d9/download/county-supervisor-district-12.csv,CSV
bfbc4dab-4ed3-49d4-81fe-a2c9fde7a066,download,https://data.milwaukee.gov/dataset/bfbc4dab-4ed3-49d4-81fe-a2c9fde7a066/resource/5bc308f6-171d-4eb7-a6c6-db1ff879ee68/download/county-supervisor-district-13.csv,CSV
bfbc4dab-4ed3-49d4-81fe-a2c9fde7a066,download,https://data.milwaukee.gov/dataset/bfbc4dab-4ed3-49d4-81fe-a2c9fde7a066/resource/c5be694f-1e90-4156-af31-28c7a8578e5c/download/county-supervisor-district-14.csv,CSV
bfbc4dab-4ed3-49d4-81fe-a2c9fde7a066,download,https://data.milwaukee.gov/dataset/bfbc4dab-4ed3-49d4-81fe-a2c9fde7a066/resource/b9591def-1fc5-4472-91e9-e273b621df09/download/county-supervisor-district-15.csv,CSV
bfbc4dab-4ed3-49d4-81fe-a2c9fde7a066,download,https://data.milwaukee.gov/dataset/bfbc4dab-4ed3-49d4-81fe-a2c9fde7a066/resource/53b238f1-e891-4b83-8987-c1338f3f7d77/download/county-supervisor-district-16.csv,CSV
bfbc4dab-4ed3-49d4-81fe-a2c9fde7a066,download,https://data.milwaukee.gov/dataset/bfbc4dab-4ed3-49d4-81fe-a2c9fde7a066/resource/b53febec-261d-4c89-ac03-a60aa4a8efd2/download/county-supervisor-district-18.csv,CSV
bfbc4dab-4ed3-49d4-81fe-a2c9fde7a066,download,https://data.milwaukee.gov/dataset/bfbc4dab-4ed3-49d4-81fe-a2c9fde7a066/resource/42d1faf5-b33a-4466-8dca-fc99aa41ada6/download/county-comptroller.csv,CSV
bfbc4dab-4ed3-49d4-81fe-a2c9fde7a066,download,https://data.milwaukee.gov/dataset/bfbc4dab-4ed3-49d4-81fe-a2c9fde7a066/resource/4d832058-b412-4cce-8c62-e6b2e5209b1a/download/county-executive.csv,CSV
bfbc4dab-4ed3-49d4-81fe-a2c9fde7a066,download,https://data.milwaukee.gov/dataset/bfbc4dab-4ed3-49d4-81fe-a2c9fde7a066/resource/4aff524e-82cf-46b8-8afa-c98069390a8d/download/circuit-court-judge-branch-2.csv,CSV
bfbc4dab-4ed3-49d4-81fe-a2c9fde7a066,download,https://data.milwaukee.gov/dataset/bfbc4dab-4ed3-49d4-81fe-a2c9fde7a066/resource/1b837d6a-7c20-472f-aaa4-b6d7b4be0f8c/download/circuit-court-judge-branch-5.csv,CSV
bfbc4dab-4ed3-49d4-81fe-a2c9fde7a066,download,https://data.milwaukee.gov/dataset/bfbc4dab-4ed3-49d4-81fe-a2c9fde7a066/resource/121f015e-984f-4147-b35f-82018b0d3465/download/circuit-court-judge-branch-7.csv,CSV
bfbc4dab-4ed3-49d4-81fe-a2c9fde7a066,download,https://data.milwaukee.gov/dataset/bfbc4dab-4ed3-49d4-81fe-a2c9fde7a066/resource/54c75da2-8de4-49b9-a657-f3558e735b9a/download/circuit-court-judge-branch-16.csv,CSV
bfbc4dab-4ed3-49d4-81fe-a2c9fde7a066,download,https://data.milwaukee.gov/dataset/bfbc4dab-4ed3-49d4-81fe-a2c9fde7a066/resource/758da8ff-a073-4a8d-9664-467b2c757a8f/download/circuit-court-judge-branch-24.csv,CSV
bfbc4dab-4ed3-49d4-81fe-a2c9fde7a066,download,https://data.milwaukee.gov/dataset/bfbc4dab-4ed3-49d4-81fe-a2c9fde7a066/resource/042f6ca7-b531-49bb-9188-80dcd5e85427/download/circuit-court-judge-branch-27.csv,CSV
bfbc4dab-4ed3-49d4-81fe-a2c9fde7a066,download,https://data.milwaukee.gov/dataset/bfbc4dab-4ed3-49d4-81fe-a2c9fde7a066/resource/e06b3f18-327a-4b2e-8ca3-312ad3ab6832/download/circuit-court-judge-branch-29.csv,CSV
bfbc4dab-4ed3-49d4-81fe-a2c9fde7a066,download,https://data.milwaukee.gov/dataset/bfbc4dab-4ed3-49d4-81fe-a2c9fde7a066/resource/0b5e6f6e-2c18-4d27-ab2a-ebcbab296cd0/download/circuit-court-judge-branch-32.csv,CSV
bfbc4dab-4ed3-49d4-81fe-a2c9fde7a066,download,https://data.milwaukee.gov/dataset/bfbc4dab-4ed3-49d4-81fe-a2c9fde7a066/resource/43589af5-2de2-40d6-a06f-fca5566cb242/download/court-of-appeals-judge-district-1..csv,CSV
bfbc4dab-4ed3-49d4-81fe-a2c9fde7a066,download,https://data.milwaukee.gov/dataset/bfbc4dab-4ed3-49d4-81fe-a2c9fde7a066/resource/f91fc6aa-c744-4d0d-8c08-22eaea7db5b0/download/justice-of-the-supreme-court.csv,CSV
bfbc4dab-4ed3-49d4-81fe-a2c9fde7a066,download,https://data.milwaukee.gov/dataset/bfbc4dab-4ed3-49d4-81fe-a2c9fde7a066/resource/ece391aa-416b-4c99-aa7e-bc4861efeaef/download/republican-president-of-the-united-states.csv,CSV
bfbc4dab-4ed3-49d4-81fe-a2c9fde7a066,download,https://data.milwaukee.gov/dataset/bfbc4dab-4ed3-49d4-81fe-a2c9fde7a066/resource/b552c658-0eba-415b-812d-3d4eaf8db353/download/democratic-president-of-the-united-states.csv,CSV
bfbc4dab-4ed3-49d4-81fe-a2c9fde7a066,download,https://data.milwaukee.gov/dataset/bfbc4dab-4ed3-49d4-81fe-a2c9fde7a066/resource/72e0b6a5-fb63-4020-b6e4-ebca91d6bbff/download/presidential-preference.csv,CSV
bfbc4dab-4ed3-49d4-81fe-a2c9fde7a066,download,https://data.milwaukee.gov/dataset/bfbc4dab-4ed3-49d4-81fe-a2c9fde7a066/resource/3e78f0b1-c195-483d-99ac-22158369c72f/download/voter-turnout-by-ward.csv,CSV
376e21f9-57bc-40c5-bc7b-c9f92e148634,download,https://data.milwaukee.gov/dataset/376e21f9-57bc-40c5-bc7b-c9f92e148634/resource/e5c931df-d773-4b75-9867-9476fbe04c46/download/11032020-city-of-mlwaukee-canvassed-election-results.xlsx,XLSX
376e21f9-57bc-40c5-bc7b-c9f92e148634,download,https://data.milwaukee.gov/dataset/376e21f9-57bc-40c5-bc7b-c9f92e148634/resource/00b02d77-d24a-4d80-a5f0-adb2d58946db/download/11032020-city-of-mlwaukee-canvassed-election-results.csv,CSV
376e21f9-57bc-40c5-bc7b-c9f92e148634,download,https://data.milwaukee.gov/dataset/376e21f9-57bc-40c5-bc7b-c9f92e148634/resource/862357ce-f560-4304-83b0-8e21b1281110/download/2020-general-election-recount-11-30-20-final.xlsx,XLSX
97c948ed-08c5-4c92-b640-2e9bb18e46da,download,https://data.milwaukee.gov/dataset/97c948ed-08c5-4c92-b640-2e9bb18e46da/resource/02611877-8885-4742-b4e5-7e930b1f98d4/download/2012-voting-ward-demographics.csv,CSV
93af64b1-1460-4cc6-975a-ddf49885493c,download,https://data.milwaukee.gov/dataset/93af64b1-1460-4cc6-975a-ddf49885493c/resource/163ee369-6497-4f78-a56b-d1af908f621d/download/2018-spring-election-results-master.xls,XLSX
93af64b1-1460-4cc6-975a-ddf49885493c,download,https://data.milwaukee.gov/dataset/93af64b1-1460-4cc6-975a-ddf49885493c/resource/bd797805-e4f1-4cc5-8dbc-591ee1b2d359/download/voter-turnout.csv,CSV
93af64b1-1460-4cc6-975a-ddf49885493c,download,https://data.milwaukee.gov/dataset/93af64b1-1460-4cc6-975a-ddf49885493c/resource/d18a721a-f39e-4c00-9bd7-862a9d19ef09/download/justice-of-the-supreme-court.csv,CSV
93af64b1-1460-4cc6-975a-ddf49885493c,download,https://data.milwaukee.gov/dataset/93af64b1-1460-4cc6-975a-ddf49885493c/resource/22649b36-063a-4e0e-bb36-c06ed20a0264/download/circuit-court-judge-branch-8.csv,CSV
93af64b1-1460-4cc6-975a-ddf49885493c,download,https://data.milwaukee.gov/dataset/93af64b1-1460-4cc6-975a-ddf49885493c/resource/c71bb74d-c5d4-431b-b007-1e310f241746/download/circuit-court-judge-branch-17.csv,CSV
93af64b1-1460-4cc6-975a-ddf49885493c,download,https://data.milwaukee.gov/dataset/93af64b1-1460-4cc6-975a-ddf49885493c/resource/b0bdb058-8995-4d86-a801-717b5edf8a9f/download/circuit-court-judge-branch-20.csv,CSV
93af64b1-1460-4cc6-975a-ddf49885493c,download,https://data.milwaukee.gov/dataset/93af64b1-1460-4cc6-975a-ddf49885493c/resource/f2de1ce4-3c5f-4297-89f6-09a77ada9c4e/download/circuit-court-judge-branch-23.csv,CSV
93af64b1-1460-4cc6-975a-ddf49885493c,download,https://data.milwaukee.gov/dataset/93af64b1-1460-4cc6-975a-ddf49885493c/resource/a9a2e7b6-f420-4a02-904e-ab95ea1abb12/download/circuit-court-judge-branch-28.csv,CSV
93af64b1-1460-4cc6-975a-ddf49885493c,download,https://data.milwaukee.gov/dataset/93af64b1-1460-4cc6-975a-ddf49885493c/resource/85c7a193-7ca8-468d-8f8d-95d02c0f51af/download/circuit-court-judge-branch-38.csv,CSV
93af64b1-1460-4cc6-975a-ddf49885493c,download,https://data.milwaukee.gov/dataset/93af64b1-1460-4cc6-975a-ddf49885493c/resource/2bd28b81-e62d-45ec-90ae-86707519576c/download/circuit-court-judge-branch-39.csv,CSV
93af64b1-1460-4cc6-975a-ddf49885493c,download,https://data.milwaukee.gov/dataset/93af64b1-1460-4cc6-975a-ddf49885493c/resource/1bfdc8e4-d737-4963-8f59-eefd878fe481/download/circuit-court-judge-branch-43.csv,CSV
93af64b1-1460-4cc6-975a-ddf49885493c,download,https://data.milwaukee.gov/dataset/93af64b1-1460-4cc6-975a-ddf49885493c/resource/f23549db-868d-4e65-a6d3-9db2b27c29dd/download/county-supervisor-district-1.csv,CSV
93af64b1-1460-4cc6-975a-ddf49885493c,download,https://data.milwaukee.gov/dataset/93af64b1-1460-4cc6-975a-ddf49885493c/resource/9da9e86e-8165-43eb-b9c4-489f9f07a941/download/county-supervisor-district-2.csv,CSV
93af64b1-1460-4cc6-975a-ddf49885493c,download,https://data.milwaukee.gov/dataset/93af64b1-1460-4cc6-975a-ddf49885493c/resource/1b4ef170-3bc5-48fe-9259-63d451dccef5/download/county-supervisor-district-3.csv,CSV
93af64b1-1460-4cc6-975a-ddf49885493c,download,https://data.milwaukee.gov/dataset/93af64b1-1460-4cc6-975a-ddf49885493c/resource/64f01726-8f6e-44d8-804e-5244a27a4aa2/download/county-supervisor-district-4.csv,CSV
93af64b1-1460-4cc6-975a-ddf49885493c,download,https://data.milwaukee.gov/dataset/93af64b1-1460-4cc6-975a-ddf49885493c/resource/a7bb6282-91c2-4393-82ec-340e74f861ed/download/county-supervisor-district-5.csv,CSV
93af64b1-1460-4cc6-975a-ddf49885493c,download,https://data.milwaukee.gov/dataset/93af64b1-1460-4cc6-975a-ddf49885493c/resource/41122b0b-308d-4ce7-8c11-d7888f9c30d0/download/county-supervisor-district-6.csv,CSV
93af64b1-1460-4cc6-975a-ddf49885493c,download,https://data.milwaukee.gov/dataset/93af64b1-1460-4cc6-975a-ddf49885493c/resource/c5d14f67-3790-493e-aca3-0824a96142f1/download/county-supervisor-district-7.csv,CSV
93af64b1-1460-4cc6-975a-ddf49885493c,download,https://data.milwaukee.gov/dataset/93af64b1-1460-4cc6-975a-ddf49885493c/resource/33abd838-a559-40fe-9c38-4f460580387b/download/county-supervisor-district-10.csv,CSV
93af64b1-1460-4cc6-975a-ddf49885493c,download,https://data.milwaukee.gov/dataset/93af64b1-1460-4cc6-975a-ddf49885493c/resource/a45e70f8-0b77-44dc-9270-058a1a018a6a/download/county-supervisor-district-11.csv,CSV
93af64b1-1460-4cc6-975a-ddf49885493c,download,https://data.milwaukee.gov/dataset/93af64b1-1460-4cc6-975a-ddf49885493c/resource/7670e9fb-7e8d-4562-ab68-575d4ca4666b/download/county-supervisor-district-12.csv,CSV
93af64b1-1460-4cc6-975a-ddf49885493c,download,https://data.milwaukee.gov/dataset/93af64b1-1460-4cc6-975a-ddf49885493c/resource/887ed79d-62c7-4fac-9822-6924b06c6d5a/download/county-supervisor-district-13.csv,CSV
93af64b1-1460-4cc6-975a-ddf49885493c,download,https://data.milwaukee.gov/dataset/93af64b1-1460-4cc6-975a-ddf49885493c/resource/0fedd26b-3566-463f-9171-26f5e31b32a4/download/county-supervisor-district-14.csv,CSV
93af64b1-1460-4cc6-975a-ddf49885493c,download,https://data.milwaukee.gov/dataset/93af64b1-1460-4cc6-975a-ddf49885493c/resource/6ec4cdc3-7c67-4beb-aa8c-ad3de974d927/download/county-supervisor-district-15.csv,CSV
93af64b1-1460-4cc6-975a-ddf49885493c,download,https://data.milwaukee.gov/dataset/93af64b1-1460-4cc6-975a-ddf49885493c/resource/2cb66abe-c0b7-4756-9e73-68a772de796b/download/county-supervisor-district-16.csv,CSV
93af64b1-1460-4cc6-975a-ddf49885493c,download,https://data.milwaukee.gov/dataset/93af64b1-1460-4cc6-975a-ddf49885493c/resource/039062c2-5a0b-433c-a9a2-ca857018aa10/download/county-supervisor-district-18.csv,CSV
93af64b1-1460-4cc6-975a-ddf49885493c,download,https://data.milwaukee.gov/dataset/93af64b1-1460-4cc6-975a-ddf49885493c/resource/68aab3f1-b20d-4e88-a3b1-d4b91d8e322c/download/state-wide-referendum.csv,CSV
9fa186c6-fb69-4cb7-8865-f8fcba1ae2fd,download,https://data.milwaukee.gov/dataset/9fa186c6-fb69-4cb7-8865-f8fcba1ae2fd/resource/8f355f61-dae4-487c-b622-4c975db2957b/download/copy-of-cad-no-action-encounter-dispositions-formatted2020.csv,CSV
9fa186c6-fb69-4cb7-8865-f8fcba1ae2fd,download,https://data.milwaukee.gov/dataset/9fa186c6-fb69-4cb7-8865-f8fcba1ae2fd/resource/16ea5425-0a60-4499-bb0a-42fdda21b0ed/download/copy-of-cad-pcarscall-joined-formatted2020.csv,CSV
9fa186c6-fb69-4cb7-8865-f8fcba1ae2fd,download,https://data.milwaukee.gov/dataset/9fa186c6-fb69-4cb7-8865-f8fcba1ae2fd/resource/d56d1676-3c75-43ac-ba87-c34f29413989/download/copy-of-cad-pcarscallunit-formatted2020.csv,CSV
9fa186c6-fb69-4cb7-8865-f8fcba1ae2fd,download,https://data.milwaukee.gov/dataset/9fa186c6-fb69-4cb7-8865-f8fcba1ae2fd/resource/3e8caf66-98e6-4b65-ae65-31e77d07d6ed/download/copy-of-inform-field-interview-joined-formatted.csv,CSV
9fa186c6-fb69-4cb7-8865-f8fcba1ae2fd,download,https://data.milwaukee.gov/dataset/9fa186c6-fb69-4cb7-8865-f8fcba1ae2fd/resource/d960635d-d1c1-4035-bde6-58f4dde46e10/download/inform-field-interview-person-formatted.csv,CSV
9fa186c6-fb69-4cb7-8865-f8fcba1ae2fd,download,https://data.milwaukee.gov/dataset/9fa186c6-fb69-4cb7-8865-f8fcba1ae2fd/resource/a62ad7a1-e64f-43b8-8951-fc4aa31ad054/download/copy-of-inform-no-action-encounter-joined-formatted.csv,CSV
9fa186c6-fb69-4cb7-8865-f8fcba1ae2fd,download,https://data.milwaukee.gov/dataset/9fa186c6-fb69-4cb7-8865-f8fcba1ae2fd/resource/7830d3bd-aa58-4238-90cd-c210db87e6e4/download/copy-of-inform-no-action-encounter-person-formatted.csv,CSV
9fa186c6-fb69-4cb7-8865-f8fcba1ae2fd,download,https://data.milwaukee.gov/dataset/9fa186c6-fb69-4cb7-8865-f8fcba1ae2fd/resource/738ec05d-b21f-4923-afdd-45a601167214/download/copy-of-reporting-districts-formatted.csv,CSV
9fa186c6-fb69-4cb7-8865-f8fcba1ae2fd,download,https://data.milwaukee.gov/dataset/9fa186c6-fb69-4cb7-8865-f8fcba1ae2fd/resource/16a10ada-6858-48ba-9b02-5f8367f79782/download/copy-of-tracs-contact-summary-individual-formatted.csv,CSV
9fa186c6-fb69-4cb7-8865-f8fcba1ae2fd,download,https://data.milwaukee.gov/dataset/9fa186c6-fb69-4cb7-8865-f8fcba1ae2fd/resource/c178f5b5-d4e5-4c23-95b0-d829f8d44ada/download/copy-of-tracs-contact-summary-joined-formatted.csv,CSV
9fa186c6-fb69-4cb7-8865-f8fcba1ae2fd,download,https://data.milwaukee.gov/dataset/9fa186c6-fb69-4cb7-8865-f8fcba1ae2fd/resource/7dc573a4-f076-4314-8ab8-3757bb50fcdd/download/copy-of-tracs-contact-summary-unit-formatted.csv,CSV
9fa186c6-fb69-4cb7-8865-f8fcba1ae2fd,download,https://data.milwaukee.gov/dataset/9fa186c6-fb69-4cb7-8865-f8fcba1ae2fd/resource/5dbd7316-87f8-4b01-9081-b4aa909fa459/download/copy-of-tracs-elci-joined-formatted.csv,CSV
9fa186c6-fb69-4cb7-8865-f8fcba1ae2fd,download,https://data.milwaukee.gov/dataset/9fa186c6-fb69-4cb7-8865-f8fcba1ae2fd/resource/f2eb6bb8-3dc5-4342-ae9c-2f7388babade/download/copy-of-tracs-individual-formatted.csv,CSV
9fa186c6-fb69-4cb7-8865-f8fcba1ae2fd,download,https://data.milwaukee.gov/dataset/9fa186c6-fb69-4cb7-8865-f8fcba1ae2fd/resource/4cbfb8ad-f198-4434-a97e-87cc17583a43/download/copy-of-tracs-location-formatted.csv,CSV
9fa186c6-fb69-4cb7-8865-f8fcba1ae2fd,download,https://data.milwaukee.gov/dataset/9fa186c6-fb69-4cb7-8865-f8fcba1ae2fd/resource/c08f0515-ea70-407a-954d-e9fedd0cc119/download/copy-of-tracs-ntc-joined-formatted.csv,CSV
9fa186c6-fb69-4cb7-8865-f8fcba1ae2fd,download,https://data.milwaukee.gov/dataset/9fa186c6-fb69-4cb7-8865-f8fcba1ae2fd/resource/8f8bbfa2-a843-4357-9709-99a5843f13fa/download/copy-of-tracs-v2-contraband-formatted.csv,CSV
9fa186c6-fb69-4cb7-8865-f8fcba1ae2fd,download,https://data.milwaukee.gov/dataset/9fa186c6-fb69-4cb7-8865-f8fcba1ae2fd/resource/5c6618ed-c751-4cf5-b62f-28bf10ac5847/download/copy-of-tracs-v2-outcome-formatted.csv,CSV
9fa186c6-fb69-4cb7-8865-f8fcba1ae2fd,download,https://data.milwaukee.gov/dataset/9fa186c6-fb69-4cb7-8865-f8fcba1ae2fd/resource/491f6b60-135a-48cd-bf68-1ac2110ba46b/download/copy-of-tracs-v2-race-formatted.csv,CSV
9fa186c6-fb69-4cb7-8865-f8fcba1ae2fd,download,https://data.milwaukee.gov/dataset/9fa186c6-fb69-4cb7-8865-f8fcba1ae2fd/resource/1e47fd2d-7506-4d9a-b67f-b26f69d588bd/download/copy-of-tracs-v2-reason-detail-formatted.csv,CSV
9fa186c6-fb69-4cb7-8865-f8fcba1ae2fd,download,https://data.milwaukee.gov/dataset/9fa186c6-fb69-4cb7-8865-f8fcba1ae2fd/resource/c3d91d39-4586-4616-b9aa-a48aea48075d/download/copy-of-tracs-v2-search-basis-formatted.csv,CSV
9fa186c6-fb69-4cb7-8865-f8fcba1ae2fd,download,https://data.milwaukee.gov/dataset/9fa186c6-fb69-4cb7-8865-f8fcba1ae2fd/resource/c821c456-a009-417a-8df6-b48845d54653/download/copy-of-tracs-v2-status-formatted.csv,CSV
9fa186c6-fb69-4cb7-8865-f8fcba1ae2fd,download,https://data.milwaukee.gov/dataset/9fa186c6-fb69-4cb7-8865-f8fcba1ae2fd/resource/be57487c-7439-4810-a91f-49075e47f52f/download/copy-of-tracs-warning-joined-formatted.csv,CSV
9fa186c6-fb69-4cb7-8865-f8fcba1ae2fd,download,https://data.milwaukee.gov/dataset/9fa186c6-fb69-4cb7-8865-f8fcba1ae2fd/resource/a58a9950-59e8-4ab7-83b3-de3daf4aacb7/download/copy-of-tracs-warning-violation-formatted.csv,CSV
9fa186c6-fb69-4cb7-8865-f8fcba1ae2fd,download,https://data.milwaukee.gov/dataset/9fa186c6-fb69-4cb7-8865-f8fcba1ae2fd/resource/fb97447f-93db-4d89-9b45-9637637213e1/download/copy-of-cad-pcarscall-unit-asgn-q1-2020-redacted.csv,CSV
9fa186c6-fb69-4cb7-8865-f8fcba1ae2fd,download,https://data.milwaukee.gov/dataset/9fa186c6-fb69-4cb7-8865-f8fcba1ae2fd/resource/27ae38d8-cbdc-494b-8854-5ec49e33833a/download/copy-of-inform-field-interview-officer-q1-2020-redacted.csv,CSV
9fa186c6-fb69-4cb7-8865-f8fcba1ae2fd,download,https://data.milwaukee.gov/dataset/9fa186c6-fb69-4cb7-8865-f8fcba1ae2fd/resource/e211e5dc-018d-45dd-92c6-3fc1a5731dab/download/copy-of-inform-noactionencounter-officer-q1-2020-redacted-002.csv,CSV
9fa186c6-fb69-4cb7-8865-f8fcba1ae2fd,download,https://data.milwaukee.gov/dataset/9fa186c6-fb69-4cb7-8865-f8fcba1ae2fd/resource/956bee40-80cc-41f9-a32d-3ac79430f35e/download/copy-of-tracs-prdheader-q1-2020-redacted.csv,CSV
9fa186c6-fb69-4cb7-8865-f8fcba1ae2fd,download,https://data.milwaukee.gov/dataset/9fa186c6-fb69-4cb7-8865-f8fcba1ae2fd/resource/04e4d764-28aa-4c17-a29a-c05532c3901f/download/copy-of-aim-use-of-force-q1-2020-redacted.csv,CSV
9fa186c6-fb69-4cb7-8865-f8fcba1ae2fd,download,https://data.milwaukee.gov/dataset/9fa186c6-fb69-4cb7-8865-f8fcba1ae2fd/resource/753bf1dc-fd28-4dc8-94e8-8dac46287e97/download/copy-of-tracs-v2-reason-contact-q1-2020-redacted.csv,CSV
9fa186c6-fb69-4cb7-8865-f8fcba1ae2fd,download,https://data.milwaukee.gov/dataset/9fa186c6-fb69-4cb7-8865-f8fcba1ae2fd/resource/d1688c11-396b-43bd-8812-da6d1dc5b430/download/inform_elci-updated-.csv,CSV
9fa186c6-fb69-4cb7-8865-f8fcba1ae2fd,download,https://data.milwaukee.gov/dataset/9fa186c6-fb69-4cb7-8865-f8fcba1ae2fd/resource/37427cd0-b565-4d4b-89e4-8566212d3108/download/copy-of-tracs-v2-entity-type-q1-2020.csv,CSV
04197dc0-1cc1-4de8-8454-a2d97d842638,download,https://data.milwaukee.gov/dataset/04197dc0-1cc1-4de8-8454-a2d97d842638/resource/56eea0eb-eaf5-440d-a09a-08f0b710d5ea/download/aim-use-of-force.csv,CSV
04197dc0-1cc1-4de8-8454-a2d97d842638,download,https://data.milwaukee.gov/dataset/04197dc0-1cc1-4de8-8454-a2d97d842638/resource/4ba7d20d-52d6-4b6a-a195-846655a8f996/download/cad_embedded_stopreason_callsegments-redacted.csv,CSV
04197dc0-1cc1-4de8-8454-a2d97d842638,download,https://data.milwaukee.gov/dataset/04197dc0-1cc1-4de8-8454-a2d97d842638/resource/e12ebf65-fb0a-4466-8664-0dfe3383cf10/download/cad_noactionencounter_dispositions.csv,CSV
04197dc0-1cc1-4de8-8454-a2d97d842638,download,https://data.milwaukee.gov/dataset/04197dc0-1cc1-4de8-8454-a2d97d842638/resource/81df04d8-a8a3-41ad-bec7-52b958053740/download/cad_pcarscall_joined.csv,CSV
04197dc0-1cc1-4de8-8454-a2d97d842638,download,https://data.milwaukee.gov/dataset/04197dc0-1cc1-4de8-8454-a2d97d842638/resource/39230f7c-c722-4022-9a24-2da52f5099cc/download/cad_pcarscallunit.csv,CSV
04197dc0-1cc1-4de8-8454-a2d97d842638,download,https://data.milwaukee.gov/dataset/04197dc0-1cc1-4de8-8454-a2d97d842638/resource/43159706-c8b3-45b0-b2d0-30acd5360ac9/download/cad_pcarsunitasgn-redacted.csv,CSV
04197dc0-1cc1-4de8-8454-a2d97d842638,download,https://data.milwaukee.gov/dataset/04197dc0-1cc1-4de8-8454-a2d97d842638/resource/6d34d2b1-fbb0-4c6e-a689-9225ae8848b3/download/cad_regular_stopreason_callsegments-redacted.csv,CSV
04197dc0-1cc1-4de8-8454-a2d97d842638,download,https://data.milwaukee.gov/dataset/04197dc0-1cc1-4de8-8454-a2d97d842638/resource/2783ca3c-f481-4c70-8b11-5aa61a08fce9/download/inform_elci.csv,CSV
04197dc0-1cc1-4de8-8454-a2d97d842638,download,https://data.milwaukee.gov/dataset/04197dc0-1cc1-4de8-8454-a2d97d842638/resource/6c997fa8-c56f-4bf5-bc8c-99f960bf5b7b/download/inform_fieldinterview_joined.csv,CSV
04197dc0-1cc1-4de8-8454-a2d97d842638,download,https://data.milwaukee.gov/dataset/04197dc0-1cc1-4de8-8454-a2d97d842638/resource/fa782f7c-4072-4776-aa20-2e873cb6349d/download/inform_fieldinterviewofficer.csv,CSV
04197dc0-1cc1-4de8-8454-a2d97d842638,download,https://data.milwaukee.gov/dataset/04197dc0-1cc1-4de8-8454-a2d97d842638/resource/64697d24-00df-4328-9fe3-37cf923c1118/download/inform_fieldinterviewperson-redacted.csv,CSV
04197dc0-1cc1-4de8-8454-a2d97d842638,download,https://data.milwaukee.gov/dataset/04197dc0-1cc1-4de8-8454-a2d97d842638/resource/d3259e45-02cd-4be8-a3e6-090ef0b1de7b/download/inform_noactionencounter_joined.csv,CSV
04197dc0-1cc1-4de8-8454-a2d97d842638,download,https://data.milwaukee.gov/dataset/04197dc0-1cc1-4de8-8454-a2d97d842638/resource/83b9dd6e-d8a3-4571-8c20-589e6f7e231a/download/inform_noactionencounterofficer-redacted.csv,CSV
04197dc0-1cc1-4de8-8454-a2d97d842638,download,https://data.milwaukee.gov/dataset/04197dc0-1cc1-4de8-8454-a2d97d842638/resource/6f8671a9-e5c6-47bc-9ba2-ba0cac206f68/download/inform_noactionencounterperson-redacted.csv,CSV
04197dc0-1cc1-4de8-8454-a2d97d842638,download,https://data.milwaukee.gov/dataset/04197dc0-1cc1-4de8-8454-a2d97d842638/resource/da64d56c-03a2-4a15-be86-40577bb7907c/download/reporting-districts.csv,CSV
04197dc0-1cc1-4de8-8454-a2d97d842638,download,https://data.milwaukee.gov/dataset/04197dc0-1cc1-4de8-8454-a2d97d842638/resource/ae321585-ef31-43d6-be0d-658d6c67b79b/download/tracs_contactsummary_individual.csv,CSV
04197dc0-1cc1-4de8-8454-a2d97d842638,download,https://data.milwaukee.gov/dataset/04197dc0-1cc1-4de8-8454-a2d97d842638/resource/1c95456b-0f56-4df5-9ddc-a7832401a02d/download/tracs_contactsummary_joined-redacted.csv,CSV
04197dc0-1cc1-4de8-8454-a2d97d842638,download,https://data.milwaukee.gov/dataset/04197dc0-1cc1-4de8-8454-a2d97d842638/resource/2f573bc8-8aeb-47c9-ad0f-dfafae0211c5/download/tracs_contactsummary_unit.csv,CSV
04197dc0-1cc1-4de8-8454-a2d97d842638,download,https://data.milwaukee.gov/dataset/04197dc0-1cc1-4de8-8454-a2d97d842638/resource/07187f53-5d9a-4a01-a4a6-b03c2995c483/download/tracs_elci_joined-redacted.csv,CSV
04197dc0-1cc1-4de8-8454-a2d97d842638,download,https://data.milwaukee.gov/dataset/04197dc0-1cc1-4de8-8454-a2d97d842638/resource/00904992-d8d3-4b2b-a61a-6cbdde032d07/download/tracs_individual-redacted.csv,CSV
04197dc0-1cc1-4de8-8454-a2d97d842638,download,https://data.milwaukee.gov/dataset/04197dc0-1cc1-4de8-8454-a2d97d842638/resource/72b98ef1-94ff-412e-aab4-09cf6651fd9c/download/tracs_location.csv,CSV
04197dc0-1cc1-4de8-8454-a2d97d842638,download,https://data.milwaukee.gov/dataset/04197dc0-1cc1-4de8-8454-a2d97d842638/resource/74fa683b-59ce-4d50-8d7e-0965f322565d/download/tracs_ntc_joined-redacted.csv,CSV
04197dc0-1cc1-4de8-8454-a2d97d842638,download,https://data.milwaukee.gov/dataset/04197dc0-1cc1-4de8-8454-a2d97d842638/resource/2a00798e-a235-48a4-81c7-4689a9e53b04/download/tracs_prd_header-redacted.csv,CSV
04197dc0-1cc1-4de8-8454-a2d97d842638,download,https://data.milwaukee.gov/dataset/04197dc0-1cc1-4de8-8454-a2d97d842638/resource/194ee1de-ec19-4050-ab0f-0b4e4cf40986/download/tracs_v2contraband.csv,CSV
04197dc0-1cc1-4de8-8454-a2d97d842638,download,https://data.milwaukee.gov/dataset/04197dc0-1cc1-4de8-8454-a2d97d842638/resource/bdebca8f-0bbe-4750-9893-9a3889afb103/download/tracs_v2entitytype.csv,CSV
04197dc0-1cc1-4de8-8454-a2d97d842638,download,https://data.milwaukee.gov/dataset/04197dc0-1cc1-4de8-8454-a2d97d842638/resource/146c8118-4175-45eb-9cac-cbc34e7834c2/download/tracs_v2outcome.csv,CSV
04197dc0-1cc1-4de8-8454-a2d97d842638,download,https://data.milwaukee.gov/dataset/04197dc0-1cc1-4de8-8454-a2d97d842638/resource/ce2539de-dc30-46bf-9d82-dad5e437e620/download/tracs_v2race.csv,CSV
04197dc0-1cc1-4de8-8454-a2d97d842638,download,https://data.milwaukee.gov/dataset/04197dc0-1cc1-4de8-8454-a2d97d842638/resource/2bbcfc1b-9ff2-43da-8c3b-5a87f986e623/download/tracs_v2reasoncontact.csv,CSV
04197dc0-1cc1-4de8-8454-a2d97d842638,download,https://data.milwaukee.gov/dataset/04197dc0-1cc1-4de8-8454-a2d97d842638/resource/4984e654-dd15-463a-8529-56e6fd0fb227/download/tracs_v2reasondetail.csv,CSV
04197dc0-1cc1-4de8-8454-a2d97d842638,download,https://data.milwaukee.gov/dataset/04197dc0-1cc1-4de8-8454-a2d97d842638/resource/c163cc3e-8c4c-43d0-8c4f-ca7b00f2c9e1/download/tracs_v2searchbasis.csv,CSV
04197dc0-1cc1-4de8-8454-a2d97d842638,download,https://data.milwaukee.gov/dataset/04197dc0-1cc1-4de8-8454-a2d97d842638/resource/931fb78c-5063-4346-ab37-5e5e20b6559a/download/tracs_v2status.csv,CSV
04197dc0-1cc1-4de8-8454-a2d97d842638,download,https://data.milwaukee.gov/dataset/04197dc0-1cc1-4de8-8454-a2d97d842638/resource/0968f4f6-66b2-487d-9708-012c27e9338c/download/tracs_warning_joined-redacted.csv,CSV
04197dc0-1cc1-4de8-8454-a2d97d842638,download,https://data.milwaukee.gov/dataset/04197dc0-1cc1-4de8-8454-a2d97d842638/resource/20b8b2c9-1428-4735-be46-77bfc844d6a5/download/tracs_warning_violation.csv,CSV
04197dc0-1cc1-4de8-8454-a2d97d842638,download,https://data.milwaukee.gov/dataset/04197dc0-1cc1-4de8-8454-a2d97d842638/resource/d524c513-ad1c-4e32-b087-ffa0f9f51c01/download/warnings_mni.csv,CSV
eede14b5-aec0-424c-83aa-ac826a1023db,download,https://data.milwaukee.gov/dataset/eede14b5-aec0-424c-83aa-ac826a1023db/resource/f6f75ccc-4f93-4b20-b256-ac8590085960/download/cad_pcarscall1.csv,CSV
eede14b5-aec0-424c-83aa-ac826a1023db,download,https://data.milwaukee.gov/dataset/eede14b5-aec0-424c-83aa-ac826a1023db/resource/f8fab16a-c206-444b-b372-e3bfc62b2738/download/cad_pcarscall3.csv,CSV
eede14b5-aec0-424c-83aa-ac826a1023db,download,https://data.milwaukee.gov/dataset/eede14b5-aec0-424c-83aa-ac826a1023db/resource/4717cddd-2225-43ca-a60f-643afe290eba/download/cad_pcarscallunit.csv,CSV
eede14b5-aec0-424c-83aa-ac826a1023db,download,https://data.milwaukee.gov/dataset/eede14b5-aec0-424c-83aa-ac826a1023db/resource/01428a1d-4e65-495f-bfde-915e3365a68b/download/cad_pcarsunitasgn_redacted.csv,CSV
eede14b5-aec0-424c-83aa-ac826a1023db,download,https://data.milwaukee.gov/dataset/eede14b5-aec0-424c-83aa-ac826a1023db/resource/15a91e1d-2944-40df-bc17-89d4b1943404/download/inform_fieldinterview.csv,CSV
eede14b5-aec0-424c-83aa-ac826a1023db,download,https://data.milwaukee.gov/dataset/eede14b5-aec0-424c-83aa-ac826a1023db/resource/5f698bc2-8f98-4144-9d75-e284bca110f9/download/inform_fieldinterviewevent.csv,CSV
eede14b5-aec0-424c-83aa-ac826a1023db,download,https://data.milwaukee.gov/dataset/eede14b5-aec0-424c-83aa-ac826a1023db/resource/5a1fa8dc-1f9b-4e09-9490-ad08b73f9eb7/download/inform_fieldinterviewnarrative_redacted.csv,CSV
eede14b5-aec0-424c-83aa-ac826a1023db,download,https://data.milwaukee.gov/dataset/eede14b5-aec0-424c-83aa-ac826a1023db/resource/7a5c0021-2aa2-429b-a761-f96c93945591/download/inform_fieldinterviewofficer.csv,CSV
eede14b5-aec0-424c-83aa-ac826a1023db,download,https://data.milwaukee.gov/dataset/eede14b5-aec0-424c-83aa-ac826a1023db/resource/44eb350a-03e5-4a01-a3b3-7e28dcdd4a2c/download/inform_fieldinterviewperson_redacted.csv,CSV
eede14b5-aec0-424c-83aa-ac826a1023db,download,https://data.milwaukee.gov/dataset/eede14b5-aec0-424c-83aa-ac826a1023db/resource/14307d23-7e00-4f46-aa1c-1511744ea75d/download/inform_noactionencounter.csv,CSV
eede14b5-aec0-424c-83aa-ac826a1023db,download,https://data.milwaukee.gov/dataset/eede14b5-aec0-424c-83aa-ac826a1023db/resource/82a87c27-05f4-4809-9402-4a10b2ea68ef/download/inform_noactionencounterevent.csv,CSV
eede14b5-aec0-424c-83aa-ac826a1023db,download,https://data.milwaukee.gov/dataset/eede14b5-aec0-424c-83aa-ac826a1023db/resource/481462d3-ed47-4a46-b089-f54728e34c06/download/inform_fieldinterviewnarrative.csv,CSV
eede14b5-aec0-424c-83aa-ac826a1023db,download,https://data.milwaukee.gov/dataset/eede14b5-aec0-424c-83aa-ac826a1023db/resource/40efaa23-b0ef-488f-932a-df60e4de4ad2/download/inform_noactionencounterofficer.csv,CSV
eede14b5-aec0-424c-83aa-ac826a1023db,download,https://data.milwaukee.gov/dataset/eede14b5-aec0-424c-83aa-ac826a1023db/resource/10cf1d06-617c-4c80-965e-2fea3c001e5b/download/inform_noactionencounterperson_redacted.csv,CSV
eede14b5-aec0-424c-83aa-ac826a1023db,download,https://data.milwaukee.gov/dataset/eede14b5-aec0-424c-83aa-ac826a1023db/resource/14585725-d969-4e5a-81b9-0ecce18122db/download/inform_elci.csv,CSV
eede14b5-aec0-424c-83aa-ac826a1023db,download,https://data.milwaukee.gov/dataset/eede14b5-aec0-424c-83aa-ac826a1023db/resource/8b0e9f3e-dff6-41ad-b448-2cb670e7f7ed/download/tracs_prd_header-q1-q2-2019.csv,CSV
eede14b5-aec0-424c-83aa-ac826a1023db,download,https://data.milwaukee.gov/dataset/eede14b5-aec0-424c-83aa-ac826a1023db/resource/08a902c5-9029-40d9-8f1a-664f6a19dd84/download/tracs_contactsummary_summary.csv,CSV
eede14b5-aec0-424c-83aa-ac826a1023db,download,https://data.milwaukee.gov/dataset/eede14b5-aec0-424c-83aa-ac826a1023db/resource/a61e99bc-d641-45b9-8778-05f394204270/download/tracs_contactsummary_agency_redacted.csv,CSV
eede14b5-aec0-424c-83aa-ac826a1023db,download,https://data.milwaukee.gov/dataset/eede14b5-aec0-424c-83aa-ac826a1023db/resource/cfa59b0e-ed4e-4278-8325-5c62ebd1488a/download/tracs_contactsummary_document.csv,CSV
eede14b5-aec0-424c-83aa-ac826a1023db,download,https://data.milwaukee.gov/dataset/eede14b5-aec0-424c-83aa-ac826a1023db/resource/5785a75d-c610-4bb9-9c5c-e17fe50f5e37/download/tracs_contactsummary_individual.csv,CSV
eede14b5-aec0-424c-83aa-ac826a1023db,download,https://data.milwaukee.gov/dataset/eede14b5-aec0-424c-83aa-ac826a1023db/resource/4d87a80b-72a7-4ddf-85e2-e98de74d18c3/download/tracs_contactsummary_location.csv,CSV
eede14b5-aec0-424c-83aa-ac826a1023db,download,https://data.milwaukee.gov/dataset/eede14b5-aec0-424c-83aa-ac826a1023db/resource/393f4825-5eeb-4cd5-a8c4-3b548985f217/download/tracs_location.csv,CSV
eede14b5-aec0-424c-83aa-ac826a1023db,download,https://data.milwaukee.gov/dataset/eede14b5-aec0-424c-83aa-ac826a1023db/resource/624065f7-90b8-464a-bc82-93dcc8d8044f/download/tracs_individual.csv,CSV
eede14b5-aec0-424c-83aa-ac826a1023db,download,https://data.milwaukee.gov/dataset/eede14b5-aec0-424c-83aa-ac826a1023db/resource/fa3a0e79-f696-4903-ae07-a255e24288eb/download/tracs_elci_summary_redacted.csv,CSV
eede14b5-aec0-424c-83aa-ac826a1023db,download,https://data.milwaukee.gov/dataset/eede14b5-aec0-424c-83aa-ac826a1023db/resource/db9b1a55-4c98-401b-b7b4-9387409952ff/download/tracs_elci_violation.csv,CSV
eede14b5-aec0-424c-83aa-ac826a1023db,download,https://data.milwaukee.gov/dataset/eede14b5-aec0-424c-83aa-ac826a1023db/resource/b7b60123-a906-407d-8a18-655ac6f362ac/download/tracs_elci_location.csv,CSV
eede14b5-aec0-424c-83aa-ac826a1023db,download,https://data.milwaukee.gov/dataset/eede14b5-aec0-424c-83aa-ac826a1023db/resource/c0a416c3-87bd-4010-a49e-a76db7c1c77a/download/tracs_elci_defendant.csv,CSV
eede14b5-aec0-424c-83aa-ac826a1023db,download,https://data.milwaukee.gov/dataset/eede14b5-aec0-424c-83aa-ac826a1023db/resource/b1575f53-ae73-4e3e-81d4-2584396b5231/download/tracs_elci_document.csv,CSV
eede14b5-aec0-424c-83aa-ac826a1023db,download,https://data.milwaukee.gov/dataset/eede14b5-aec0-424c-83aa-ac826a1023db/resource/427a5196-97a3-4980-9896-d3a005b99572/download/reporting_districts.csv,CSV
eede14b5-aec0-424c-83aa-ac826a1023db,download,https://data.milwaukee.gov/dataset/eede14b5-aec0-424c-83aa-ac826a1023db/resource/86fc0483-639c-4327-a57a-7a8eb14b4e86/download/tracs_v2contraband.csv,CSV
eede14b5-aec0-424c-83aa-ac826a1023db,download,https://data.milwaukee.gov/dataset/eede14b5-aec0-424c-83aa-ac826a1023db/resource/62cf813c-b4a1-410d-8144-8996706b87e8/download/tracs_v2race.csv,CSV
eede14b5-aec0-424c-83aa-ac826a1023db,download,https://data.milwaukee.gov/dataset/eede14b5-aec0-424c-83aa-ac826a1023db/resource/fc61c2ef-f99a-4633-b5e9-d97b1ab5c85d/download/tracs_v2reasondetail.csv,CSV
eede14b5-aec0-424c-83aa-ac826a1023db,download,https://data.milwaukee.gov/dataset/eede14b5-aec0-424c-83aa-ac826a1023db/resource/2f049b23-e968-4f28-b508-f5468681a393/download/tracs_v2status.csv,CSV
eede14b5-aec0-424c-83aa-ac826a1023db,download,https://data.milwaukee.gov/dataset/eede14b5-aec0-424c-83aa-ac826a1023db/resource/b4d6b4a0-dec5-4521-a440-d4e54e671737/download/tracs_v2outcome.csv,CSV
eede14b5-aec0-424c-83aa-ac826a1023db,download,https://data.milwaukee.gov/dataset/eede14b5-aec0-424c-83aa-ac826a1023db/resource/650aeeaa-5591-4526-8a55-02f3c5c94326/download/tracs_v2searchbasis.csv,CSV
930c7e1a-793f-451c-b1dc-ee55946a0545,download,https://data.milwaukee.gov/dataset/930c7e1a-793f-451c-b1dc-ee55946a0545/resource/c4edfeea-a15f-4312-9f60-2fba8aafaeae/download/aim-use-of-force.csv,CSV
930c7e1a-793f-451c-b1dc-ee55946a0545,download,https://data.milwaukee.gov/dataset/930c7e1a-793f-451c-b1dc-ee55946a0545/resource/dda5a292-0ae8-48df-8464-cab3706ffba1/download/cad-embed-stopreason-callsegments.csv,CSV
930c7e1a-793f-451c-b1dc-ee55946a0545,download,https://data.milwaukee.gov/dataset/930c7e1a-793f-451c-b1dc-ee55946a0545/resource/6b5a92df-b7ae-4722-8300-d4d35258b632/download/cad-noactionencounter-dispositions.csv,CSV
930c7e1a-793f-451c-b1dc-ee55946a0545,download,https://data.milwaukee.gov/dataset/930c7e1a-793f-451c-b1dc-ee55946a0545/resource/f0672014-ccbd-4da4-aeb3-d6a901cd32f2/download/cad-pcarscall-joined.csv,CSV
930c7e1a-793f-451c-b1dc-ee55946a0545,download,https://data.milwaukee.gov/dataset/930c7e1a-793f-451c-b1dc-ee55946a0545/resource/0685e8bf-c3d5-4e67-98ba-a50d149c7804/download/cad-pcarscallunit.csv,CSV
930c7e1a-793f-451c-b1dc-ee55946a0545,download,https://data.milwaukee.gov/dataset/930c7e1a-793f-451c-b1dc-ee55946a0545/resource/9b5dea79-5016-48e7-95e0-10e7c4bf2645/download/cad-pcarscallunitasgn.csv,CSV
930c7e1a-793f-451c-b1dc-ee55946a0545,download,https://data.milwaukee.gov/dataset/930c7e1a-793f-451c-b1dc-ee55946a0545/resource/5611e2dd-e484-42f1-831d-5842b30a8d8d/download/cad-regular-stopreason-callsegments.csv,CSV
930c7e1a-793f-451c-b1dc-ee55946a0545,download,https://data.milwaukee.gov/dataset/930c7e1a-793f-451c-b1dc-ee55946a0545/resource/d6329716-8daf-4b50-8dd9-d42a6b1e8424/download/inform-elci.csv,CSV
930c7e1a-793f-451c-b1dc-ee55946a0545,download,https://data.milwaukee.gov/dataset/930c7e1a-793f-451c-b1dc-ee55946a0545/resource/f14a2b50-335b-403c-b4a0-b7db57287f2a/download/inform-fieldinterview-joined.csv,CSV
930c7e1a-793f-451c-b1dc-ee55946a0545,download,https://data.milwaukee.gov/dataset/930c7e1a-793f-451c-b1dc-ee55946a0545/resource/78b470e0-362f-4dec-a647-f83870a31d22/download/inform-fieldinterview-officer.csv,CSV
930c7e1a-793f-451c-b1dc-ee55946a0545,download,https://data.milwaukee.gov/dataset/930c7e1a-793f-451c-b1dc-ee55946a0545/resource/5f1a6257-d335-4343-ab21-140c8c613924/download/inform-fieldinterview-person.csv,CSV
930c7e1a-793f-451c-b1dc-ee55946a0545,download,https://data.milwaukee.gov/dataset/930c7e1a-793f-451c-b1dc-ee55946a0545/resource/3ed8e108-b11c-4bcb-bd47-786751b44f22/download/inform-noactionencounter-joined.csv,CSV
930c7e1a-793f-451c-b1dc-ee55946a0545,download,https://data.milwaukee.gov/dataset/930c7e1a-793f-451c-b1dc-ee55946a0545/resource/8ee1e529-f0c6-4c3a-aae9-bd0fc3606790/download/inform-noactionencounter-officer.csv,CSV
930c7e1a-793f-451c-b1dc-ee55946a0545,download,https://data.milwaukee.gov/dataset/930c7e1a-793f-451c-b1dc-ee55946a0545/resource/67903841-9f3f-407d-bbad-8e435bb674e8/download/inform-noactionencounter-person.csv,CSV
930c7e1a-793f-451c-b1dc-ee55946a0545,download,https://data.milwaukee.gov/dataset/930c7e1a-793f-451c-b1dc-ee55946a0545/resource/01735ffc-6d72-43c6-a24d-428298a424c8/download/reporting-districts.csv,CSV
930c7e1a-793f-451c-b1dc-ee55946a0545,download,https://data.milwaukee.gov/dataset/930c7e1a-793f-451c-b1dc-ee55946a0545/resource/8c6ee50e-5622-4feb-9a1f-d981fe13701e/download/tracs-contactsummary-individual.csv,CSV
930c7e1a-793f-451c-b1dc-ee55946a0545,download,https://data.milwaukee.gov/dataset/930c7e1a-793f-451c-b1dc-ee55946a0545/resource/378709c9-dbfa-494a-ba35-b3df0ee54a2f/download/tracs-contactsummary-joined.csv,CSV
930c7e1a-793f-451c-b1dc-ee55946a0545,download,https://data.milwaukee.gov/dataset/930c7e1a-793f-451c-b1dc-ee55946a0545/resource/04a59d10-ac51-44e1-86a5-8f39c27bce8a/download/tracs-contactsummary-unit.csv,CSV
930c7e1a-793f-451c-b1dc-ee55946a0545,download,https://data.milwaukee.gov/dataset/930c7e1a-793f-451c-b1dc-ee55946a0545/resource/71aa9c2f-8b9c-4699-a92a-cf96b64f78cb/download/tracs-elci-joined.csv,CSV
930c7e1a-793f-451c-b1dc-ee55946a0545,download,https://data.milwaukee.gov/dataset/930c7e1a-793f-451c-b1dc-ee55946a0545/resource/d4a11431-122b-4a5d-b370-b970f69b361d/download/tracs-individual.csv,CSV
930c7e1a-793f-451c-b1dc-ee55946a0545,download,https://data.milwaukee.gov/dataset/930c7e1a-793f-451c-b1dc-ee55946a0545/resource/4d53b5f0-673a-4339-bb8b-abaae9bdcdac/download/tracs-location.csv,CSV
930c7e1a-793f-451c-b1dc-ee55946a0545,download,https://data.milwaukee.gov/dataset/930c7e1a-793f-451c-b1dc-ee55946a0545/resource/ba592ff8-8714-40c3-9d18-5bc7ca66b5ae/download/tracs-ntc-joined.csv,CSV
930c7e1a-793f-451c-b1dc-ee55946a0545,download,https://data.milwaukee.gov/dataset/930c7e1a-793f-451c-b1dc-ee55946a0545/resource/59b40cdd-9460-4e0d-b006-15104b7d0b68/download/tracs-prd-header.csv,CSV
930c7e1a-793f-451c-b1dc-ee55946a0545,download,https://data.milwaukee.gov/dataset/930c7e1a-793f-451c-b1dc-ee55946a0545/resource/f786d5b8-1c9f-4f96-8a85-acd1e5b82cf2/download/tracs-v2-contraband.csv,CSV
930c7e1a-793f-451c-b1dc-ee55946a0545,download,https://data.milwaukee.gov/dataset/930c7e1a-793f-451c-b1dc-ee55946a0545/resource/c048b935-cb82-4f96-b8c0-f8baa73f790d/download/tracs-v2-entitytype.csv,CSV
930c7e1a-793f-451c-b1dc-ee55946a0545,download,https://data.milwaukee.gov/dataset/930c7e1a-793f-451c-b1dc-ee55946a0545/resource/7ef33e40-a3c8-49f7-b360-47a89c2e666a/download/tracs-v2-outcome.csv,CSV
930c7e1a-793f-451c-b1dc-ee55946a0545,download,https://data.milwaukee.gov/dataset/930c7e1a-793f-451c-b1dc-ee55946a0545/resource/52ee5029-c98d-4510-b645-a3ecc18f671e/download/tracs-v2-race.csv,CSV
930c7e1a-793f-451c-b1dc-ee55946a0545,download,https://data.milwaukee.gov/dataset/930c7e1a-793f-451c-b1dc-ee55946a0545/resource/d408226f-0f94-471f-85df-a5a4cc5843da/download/tracs-v2-reasoncontact.csv,CSV
930c7e1a-793f-451c-b1dc-ee55946a0545,download,https://data.milwaukee.gov/dataset/930c7e1a-793f-451c-b1dc-ee55946a0545/resource/94926d51-8c91-4892-9b5f-689c6fd651f0/download/tracs-v2-reasondetail.csv,CSV
930c7e1a-793f-451c-b1dc-ee55946a0545,download,https://data.milwaukee.gov/dataset/930c7e1a-793f-451c-b1dc-ee55946a0545/resource/df30128d-49ef-480c-b1dc-7c851f0a1f53/download/tracs-v2-searchbasis.csv,CSV
930c7e1a-793f-451c-b1dc-ee55946a0545,download,https://data.milwaukee.gov/dataset/930c7e1a-793f-451c-b1dc-ee55946a0545/resource/63642237-49ec-4dfc-9174-1538d2939301/download/tracs-v2-status.csv,CSV
930c7e1a-793f-451c-b1dc-ee55946a0545,download,https://data.milwaukee.gov/dataset/930c7e1a-793f-451c-b1dc-ee55946a0545/resource/924f437b-75f7-442c-b17a-ef8b0eba7369/download/tracs-warning-joined.csv,CSV
930c7e1a-793f-451c-b1dc-ee55946a0545,download,https://data.milwaukee.gov/dataset/930c7e1a-793f-451c-b1dc-ee55946a0545/resource/f25d8246-d15d-49ea-a900-08065087acb7/download/tracs-warning-violation.csv,CSV
d983db72-2a5a-4359-a793-cc53bf9f7445,download,https://data.milwaukee.gov/dataset/d983db72-2a5a-4359-a793-cc53bf9f7445/resource/91a4d2b0-e3d8-4ae9-8c24-0e08f3c09cbb/download/cad_noactionencounter_dispositions.csv,CSV
d983db72-2a5a-4359-a793-cc53bf9f7445,download,https://data.milwaukee.gov/dataset/d983db72-2a5a-4359-a793-cc53bf9f7445/resource/66c45c41-9c7d-44ce-b02d-89066b9f09a2/download/cad_pcarscall_joined.csv,CSV
d983db72-2a5a-4359-a793-cc53bf9f7445,download,https://data.milwaukee.gov/dataset/d983db72-2a5a-4359-a793-cc53bf9f7445/resource/f2fe2374-8352-4e1a-9b3a-6417d77d15cf/download/cad_pcarscallunit.csv,CSV
d983db72-2a5a-4359-a793-cc53bf9f7445,download,https://data.milwaukee.gov/dataset/d983db72-2a5a-4359-a793-cc53bf9f7445/resource/e8d2e601-11f7-4e51-9911-c060eac3d3d5/download/inform_elci.csv,CSV
d983db72-2a5a-4359-a793-cc53bf9f7445,download,https://data.milwaukee.gov/dataset/d983db72-2a5a-4359-a793-cc53bf9f7445/resource/6ab28d15-7117-478e-9bc9-538a82cf57de/download/inform_fieldinterview_joined.csv,CSV
d983db72-2a5a-4359-a793-cc53bf9f7445,download,https://data.milwaukee.gov/dataset/d983db72-2a5a-4359-a793-cc53bf9f7445/resource/3f48c017-a3b0-47cc-9b11-185e98cd612c/download/inform_fieldinterviewperson_redacted.csv,CSV
d983db72-2a5a-4359-a793-cc53bf9f7445,download,https://data.milwaukee.gov/dataset/d983db72-2a5a-4359-a793-cc53bf9f7445/resource/b10926b5-7e5c-4a05-8fb0-3c5fcab7bb24/download/inform_noactionencounter_joined.csv,CSV
d983db72-2a5a-4359-a793-cc53bf9f7445,download,https://data.milwaukee.gov/dataset/d983db72-2a5a-4359-a793-cc53bf9f7445/resource/467c63af-1699-4761-8212-2c8d41cff4b8/download/inform_noactionencounterperson_redacted.csv,CSV
d983db72-2a5a-4359-a793-cc53bf9f7445,download,https://data.milwaukee.gov/dataset/d983db72-2a5a-4359-a793-cc53bf9f7445/resource/78350490-96ac-4789-a38b-750b6bec88ef/download/reporting_districts.csv,CSV
d983db72-2a5a-4359-a793-cc53bf9f7445,download,https://data.milwaukee.gov/dataset/d983db72-2a5a-4359-a793-cc53bf9f7445/resource/f53d589e-a46b-478f-a0f7-7eb53fb84dca/download/tracs_contactsummary_individual.csv,CSV
d983db72-2a5a-4359-a793-cc53bf9f7445,download,https://data.milwaukee.gov/dataset/d983db72-2a5a-4359-a793-cc53bf9f7445/resource/ba9750e6-ba62-4857-9cb2-dfcae18e61ae/download/tracs_contactsummary_joined_redacted.csv,CSV
d983db72-2a5a-4359-a793-cc53bf9f7445,download,https://data.milwaukee.gov/dataset/d983db72-2a5a-4359-a793-cc53bf9f7445/resource/178075ed-a668-4d21-902f-b9b56605930a/download/tracs_contactsummary_unit.csv,CSV
d983db72-2a5a-4359-a793-cc53bf9f7445,download,https://data.milwaukee.gov/dataset/d983db72-2a5a-4359-a793-cc53bf9f7445/resource/33abe9f5-d417-4a03-b620-dae7a8499bed/download/tracs_elci_joined.csv,CSV
d983db72-2a5a-4359-a793-cc53bf9f7445,download,https://data.milwaukee.gov/dataset/d983db72-2a5a-4359-a793-cc53bf9f7445/resource/fbce8435-98c6-4a5c-808b-0346142dcc54/download/tracs_individuals.csv,CSV
d983db72-2a5a-4359-a793-cc53bf9f7445,download,https://data.milwaukee.gov/dataset/d983db72-2a5a-4359-a793-cc53bf9f7445/resource/b8ae0dbd-8ea2-4c04-af82-fdd29631fe9c/download/tracs_location.csv,CSV
d983db72-2a5a-4359-a793-cc53bf9f7445,download,https://data.milwaukee.gov/dataset/d983db72-2a5a-4359-a793-cc53bf9f7445/resource/04eda0f2-61a6-4950-9644-96439e446efd/download/tracs_ntc_joined.csv,CSV
d983db72-2a5a-4359-a793-cc53bf9f7445,download,https://data.milwaukee.gov/dataset/d983db72-2a5a-4359-a793-cc53bf9f7445/resource/a70635b4-0b03-40e1-8d75-82d08bf869b0/download/tracs_v2contraband.csv,CSV
d983db72-2a5a-4359-a793-cc53bf9f7445,download,https://data.milwaukee.gov/dataset/d983db72-2a5a-4359-a793-cc53bf9f7445/resource/e4aab96c-5648-46be-9f00-fc74639cae09/download/tracs_v2outcome.csv,CSV
d983db72-2a5a-4359-a793-cc53bf9f7445,download,https://data.milwaukee.gov/dataset/d983db72-2a5a-4359-a793-cc53bf9f7445/resource/a8ec4997-0085-459a-ac07-d13c229db8e2/download/tracs_v2race.csv,CSV
d983db72-2a5a-4359-a793-cc53bf9f7445,download,https://data.milwaukee.gov/dataset/d983db72-2a5a-4359-a793-cc53bf9f7445/resource/247fd024-9aa9-4318-ab0f-72944436102e/download/tracs_v2reasondetail.csv,CSV
d983db72-2a5a-4359-a793-cc53bf9f7445,download,https://data.milwaukee.gov/dataset/d983db72-2a5a-4359-a793-cc53bf9f7445/resource/548df137-955c-452b-8a46-0a4d0b71d530/download/tracs_v2searchbasis.csv,CSV
d983db72-2a5a-4359-a793-cc53bf9f7445,download,https://data.milwaukee.gov/dataset/d983db72-2a5a-4359-a793-cc53bf9f7445/resource/b614d60a-21b1-4c80-a533-66e4db2b9fdc/download/tracs_v2status.csv,CSV
d983db72-2a5a-4359-a793-cc53bf9f7445,download,https://data.milwaukee.gov/dataset/d983db72-2a5a-4359-a793-cc53bf9f7445/resource/226a9e00-dfd8-4fcb-8256-5092e3eaffa5/download/tracs_warning_joined.csv,CSV
d983db72-2a5a-4359-a793-cc53bf9f7445,download,https://data.milwaukee.gov/dataset/d983db72-2a5a-4359-a793-cc53bf9f7445/resource/e1328fc3-f97a-4e6f-a26f-5aa6f7073764/download/tracs_warning_violation.csv,CSV
d983db72-2a5a-4359-a793-cc53bf9f7445,download,https://data.milwaukee.gov/dataset/d983db72-2a5a-4359-a793-cc53bf9f7445/resource/825c968b-db1b-4efb-bcb7-a83d79f220ca/download/tracs_prd_header-redacted-q3-2019.csv,CSV
da43dea4-b204-4a85-aa12-a8cebf01c114,download,https://data.milwaukee.gov/dataset/da43dea4-b204-4a85-aa12-a8cebf01c114/resource/48e9354a-be6e-4eb6-8cd6-b0b797356cb0/download/aim-use-of-force-q4-2019-redacted.csv,CSV
da43dea4-b204-4a85-aa12-a8cebf01c114,download,https://data.milwaukee.gov/dataset/da43dea4-b204-4a85-aa12-a8cebf01c114/resource/effc85a0-b85a-4de8-9b1a-22cd35f0f86b/download/copy-of-cad_noactionencounter_dispositions-formatted.csv,CSV
da43dea4-b204-4a85-aa12-a8cebf01c114,download,https://data.milwaukee.gov/dataset/da43dea4-b204-4a85-aa12-a8cebf01c114/resource/81db027a-89b7-4e68-a684-8df992390064/download/copy-of-cad_pcarscall_joined-formatted.csv,CSV
da43dea4-b204-4a85-aa12-a8cebf01c114,download,https://data.milwaukee.gov/dataset/da43dea4-b204-4a85-aa12-a8cebf01c114/resource/afee7c2e-a301-4ea9-8216-aa4b40fa8a6b/download/copy-of-cad_pcarscallunit-formatted.csv,CSV
da43dea4-b204-4a85-aa12-a8cebf01c114,download,https://data.milwaukee.gov/dataset/da43dea4-b204-4a85-aa12-a8cebf01c114/resource/6727e47b-7e6f-4344-a011-eaa14794aa95/download/cad-pcarscall-unit-asgn-q4-2019-redacted.csv,CSV
da43dea4-b204-4a85-aa12-a8cebf01c114,download,https://data.milwaukee.gov/dataset/da43dea4-b204-4a85-aa12-a8cebf01c114/resource/ca19ddd6-0439-492b-98eb-06a7b03862ac/download/copy-of-inform_elci-formatted.csv,CSV
da43dea4-b204-4a85-aa12-a8cebf01c114,download,https://data.milwaukee.gov/dataset/da43dea4-b204-4a85-aa12-a8cebf01c114/resource/d73044ab-28f4-4c66-bb85-b0195f203b70/download/copy-of-infrom-field-interview-joined-post.csv,CSV
da43dea4-b204-4a85-aa12-a8cebf01c114,download,https://data.milwaukee.gov/dataset/da43dea4-b204-4a85-aa12-a8cebf01c114/resource/2302dca5-4592-4bb0-97d9-5fbfca880ae3/download/inform-field-interview-officer-q4-2019-redacted.csv,CSV
da43dea4-b204-4a85-aa12-a8cebf01c114,download,https://data.milwaukee.gov/dataset/da43dea4-b204-4a85-aa12-a8cebf01c114/resource/43334aa7-06a1-4419-967f-ae24118ee715/download/copy-of-inform_fieldinterviewpersonv1-formatted-redacted.csv,CSV
da43dea4-b204-4a85-aa12-a8cebf01c114,download,https://data.milwaukee.gov/dataset/da43dea4-b204-4a85-aa12-a8cebf01c114/resource/20201225-9979-4f36-8046-2dc245fe726f/download/copy-of-inform_noactionencounter_joined-formatted-002.csv,CSV
da43dea4-b204-4a85-aa12-a8cebf01c114,download,https://data.milwaukee.gov/dataset/da43dea4-b204-4a85-aa12-a8cebf01c114/resource/15a05eaf-64f9-43b8-9e96-8ab7cc999267/download/inform-noactionencounter-officer-q4-2019-redacted.csv,CSV
da43dea4-b204-4a85-aa12-a8cebf01c114,download,https://data.milwaukee.gov/dataset/da43dea4-b204-4a85-aa12-a8cebf01c114/resource/eb4f9773-fc6c-43b0-8356-2356d0619e6b/download/copy-of-inform_noactionencounterperson-redacted.csv,CSV
da43dea4-b204-4a85-aa12-a8cebf01c114,download,https://data.milwaukee.gov/dataset/da43dea4-b204-4a85-aa12-a8cebf01c114/resource/975b7a62-48c5-4143-9d6c-af43ee741686/download/copy-of-reporting_districts-formatted.csv,CSV
da43dea4-b204-4a85-aa12-a8cebf01c114,download,https://data.milwaukee.gov/dataset/da43dea4-b204-4a85-aa12-a8cebf01c114/resource/68d2cd5c-2586-4bef-b2b6-54b19ede7dec/download/copy-of-tracs_contactsummaryindividual-formatted.csv,CSV
da43dea4-b204-4a85-aa12-a8cebf01c114,download,https://data.milwaukee.gov/dataset/da43dea4-b204-4a85-aa12-a8cebf01c114/resource/8da43aff-b05d-4cf3-8b18-077ce02303c7/download/copy-of-tracs-contact-summary-joined-redacted-post.csv,CSV
da43dea4-b204-4a85-aa12-a8cebf01c114,download,https://data.milwaukee.gov/dataset/da43dea4-b204-4a85-aa12-a8cebf01c114/resource/6f4f3bb6-d829-4e61-b064-6637eddeae61/download/copy-of-tracs_contactsummaryunit-formatted.csv,CSV
da43dea4-b204-4a85-aa12-a8cebf01c114,download,https://data.milwaukee.gov/dataset/da43dea4-b204-4a85-aa12-a8cebf01c114/resource/f6c533ce-40cf-4f50-a02b-a355e4e2488c/download/copy-of-tracs_elci_joined-formatted-redacted.csv,CSV
da43dea4-b204-4a85-aa12-a8cebf01c114,download,https://data.milwaukee.gov/dataset/da43dea4-b204-4a85-aa12-a8cebf01c114/resource/6dc8f270-4909-4199-8110-7c59e9c784ba/download/copy-of-tracs_individual-formatted.csv,CSV
da43dea4-b204-4a85-aa12-a8cebf01c114,download,https://data.milwaukee.gov/dataset/da43dea4-b204-4a85-aa12-a8cebf01c114/resource/364ddd9f-4b98-4fb3-ab2b-d23db2d3fa64/download/copy-of-tracs_location-formatted.csv,CSV
da43dea4-b204-4a85-aa12-a8cebf01c114,download,https://data.milwaukee.gov/dataset/da43dea4-b204-4a85-aa12-a8cebf01c114/resource/0a28b054-28ac-4baf-b968-0722967d474f/download/tracs-prdheader-q4-2019.csv,CSV
da43dea4-b204-4a85-aa12-a8cebf01c114,download,https://data.milwaukee.gov/dataset/da43dea4-b204-4a85-aa12-a8cebf01c114/resource/bfcc74b8-5367-4dbb-9686-1c7200dd158e/download/copy-of-tracs_ntc_joined-formatted-redacted.csv,CSV
da43dea4-b204-4a85-aa12-a8cebf01c114,download,https://data.milwaukee.gov/dataset/da43dea4-b204-4a85-aa12-a8cebf01c114/resource/12fbbbc1-113a-4f63-8577-fed374470668/download/copy-of-tracs_v2contraband-formatted.csv,CSV
da43dea4-b204-4a85-aa12-a8cebf01c114,download,https://data.milwaukee.gov/dataset/da43dea4-b204-4a85-aa12-a8cebf01c114/resource/588e8162-48ca-430f-aa6e-38e7e7a2c76d/download/copy-of-tracs_v2outcome-formatted.csv,CSV
da43dea4-b204-4a85-aa12-a8cebf01c114,download,https://data.milwaukee.gov/dataset/da43dea4-b204-4a85-aa12-a8cebf01c114/resource/8cc06bf3-45ab-422d-8c88-a187366b3418/download/copy-of-tracs_v2race-formatted.csv,CSV
da43dea4-b204-4a85-aa12-a8cebf01c114,download,https://data.milwaukee.gov/dataset/da43dea4-b204-4a85-aa12-a8cebf01c114/resource/83dc1382-1ef9-42a4-a12f-322e2cc2e5b4/download/tracs-v2-reason-contact-q4-2019.csv,CSV
da43dea4-b204-4a85-aa12-a8cebf01c114,download,https://data.milwaukee.gov/dataset/da43dea4-b204-4a85-aa12-a8cebf01c114/resource/2004056f-411a-445f-8557-68f4fbca00ba/download/copy-of-tracs_v2reasondetail-formatted.csv,CSV
da43dea4-b204-4a85-aa12-a8cebf01c114,download,https://data.milwaukee.gov/dataset/da43dea4-b204-4a85-aa12-a8cebf01c114/resource/e1d296c8-3495-4d0b-a6fe-87b1c76975ce/download/copy-of-tracs_v2searchbasis-formatted.csv,CSV
da43dea4-b204-4a85-aa12-a8cebf01c114,download,https://data.milwaukee.gov/dataset/da43dea4-b204-4a85-aa12-a8cebf01c114/resource/e5d00255-98b7-435d-a389-1759f183b443/download/copy-of-tracs_v2status-formatted.csv,CSV
da43dea4-b204-4a85-aa12-a8cebf01c114,download,https://data.milwaukee.gov/dataset/da43dea4-b204-4a85-aa12-a8cebf01c114/resource/730f0802-cb10-4c75-83b7-839197a8de07/download/copy-of-tracs_warning_joined-formatted-redacted.csv,CSV
da43dea4-b204-4a85-aa12-a8cebf01c114,download,https://data.milwaukee.gov/dataset/da43dea4-b204-4a85-aa12-a8cebf01c114/resource/f2370f76-ea38-4ca4-891d-ccf145766014/download/tracs_warning_violation.csv,CSV
b0e4a98c-ede6-4136-a78a-9d116ada1eef,download,https://data.milwaukee.gov/dataset/b0e4a98c-ede6-4136-a78a-9d116ada1eef/resource/5b482cdf-790c-47ce-9f8d-c885d62127ff/download/aim_use_of_force-redacted.csv,CSV
b0e4a98c-ede6-4136-a78a-9d116ada1eef,download,https://data.milwaukee.gov/dataset/b0e4a98c-ede6-4136-a78a-9d116ada1eef/resource/8fbbd693-e70b-431b-97dd-2fb16bf5b627/download/cad_embedded_stopreason_callsegments.csv,CSV
b0e4a98c-ede6-4136-a78a-9d116ada1eef,download,https://data.milwaukee.gov/dataset/b0e4a98c-ede6-4136-a78a-9d116ada1eef/resource/c9df79f1-38dd-46a4-85f1-87e415bc4ee3/download/cad_noactionencounter_dispositions.csv,CSV
b0e4a98c-ede6-4136-a78a-9d116ada1eef,download,https://data.milwaukee.gov/dataset/b0e4a98c-ede6-4136-a78a-9d116ada1eef/resource/d8fc798e-5843-4a9d-9556-edf93efb7f8a/download/cad_pcarscall_joined.csv,CSV
b0e4a98c-ede6-4136-a78a-9d116ada1eef,download,https://data.milwaukee.gov/dataset/b0e4a98c-ede6-4136-a78a-9d116ada1eef/resource/42eadc3a-a1a8-4e5c-86fb-2e2218ad6c65/download/cad_pcarscallunit.csv,CSV
b0e4a98c-ede6-4136-a78a-9d116ada1eef,download,https://data.milwaukee.gov/dataset/b0e4a98c-ede6-4136-a78a-9d116ada1eef/resource/fa6b59a2-1e65-46ae-9572-ee8f6eaab14c/download/cad_pcarsunitasgn.csv,CSV
b0e4a98c-ede6-4136-a78a-9d116ada1eef,download,https://data.milwaukee.gov/dataset/b0e4a98c-ede6-4136-a78a-9d116ada1eef/resource/4d8b8528-7f46-489c-bc46-1259944c54ec/download/cad_regular_stopreason_callsegments-redacted.csv,CSV
b0e4a98c-ede6-4136-a78a-9d116ada1eef,download,https://data.milwaukee.gov/dataset/b0e4a98c-ede6-4136-a78a-9d116ada1eef/resource/f6d4cf33-1fd4-4663-b5cc-c89ae106d333/download/inform_elci.csv,CSV
b0e4a98c-ede6-4136-a78a-9d116ada1eef,download,https://data.milwaukee.gov/dataset/b0e4a98c-ede6-4136-a78a-9d116ada1eef/resource/c81eb3d5-4edb-4377-82b0-c61fd0b5d262/download/inform_fieldinterview_joined.csv,CSV
b0e4a98c-ede6-4136-a78a-9d116ada1eef,download,https://data.milwaukee.gov/dataset/b0e4a98c-ede6-4136-a78a-9d116ada1eef/resource/997bd44d-47fd-4fd0-a16b-60c877da9bdf/download/inform_fieldinterviewofficer.csv,CSV
b0e4a98c-ede6-4136-a78a-9d116ada1eef,download,https://data.milwaukee.gov/dataset/b0e4a98c-ede6-4136-a78a-9d116ada1eef/resource/50bb5480-f55e-4a21-8aad-4ab4afdd142a/download/inform_fieldinterviewperson-redacted-to-post-1.csv,CSV
b0e4a98c-ede6-4136-a78a-9d116ada1eef,download,https://data.milwaukee.gov/dataset/b0e4a98c-ede6-4136-a78a-9d116ada1eef/resource/f7f216bc-879a-4494-92db-e3c14a6c98e1/download/inform_noactionencounter_joined.csv,CSV
b0e4a98c-ede6-4136-a78a-9d116ada1eef,download,https://data.milwaukee.gov/dataset/b0e4a98c-ede6-4136-a78a-9d116ada1eef/resource/623046cf-a155-4bfd-95db-b0e5dfacd4c2/download/inform_noactionencounterofficer.csv,CSV
b0e4a98c-ede6-4136-a78a-9d116ada1eef,download,https://data.milwaukee.gov/dataset/b0e4a98c-ede6-4136-a78a-9d116ada1eef/resource/eefb6324-c4e0-460d-809d-c3b144d06b26/download/inform_noactionencounterperson.csv,CSV
b0e4a98c-ede6-4136-a78a-9d116ada1eef,download,https://data.milwaukee.gov/dataset/b0e4a98c-ede6-4136-a78a-9d116ada1eef/resource/f87d7840-6188-4a64-87ff-64dda5a8441d/download/reporting_districts.csv,CSV
b0e4a98c-ede6-4136-a78a-9d116ada1eef,download,https://data.milwaukee.gov/dataset/b0e4a98c-ede6-4136-a78a-9d116ada1eef/resource/4b5a49a2-dd61-4dbb-b374-49a98509dbca/download/tracs_contactsummary_individual.csv,CSV
b0e4a98c-ede6-4136-a78a-9d116ada1eef,download,https://data.milwaukee.gov/dataset/b0e4a98c-ede6-4136-a78a-9d116ada1eef/resource/da63f81a-a4fd-432c-86bd-417763192620/download/tracs_contactsummary_joined-redacted.csv,CSV
b0e4a98c-ede6-4136-a78a-9d116ada1eef,download,https://data.milwaukee.gov/dataset/b0e4a98c-ede6-4136-a78a-9d116ada1eef/resource/f2910217-1f2c-4b38-bae7-5a71ff930a6b/download/tracs_contactsummary_unit.csv,CSV
b0e4a98c-ede6-4136-a78a-9d116ada1eef,download,https://data.milwaukee.gov/dataset/b0e4a98c-ede6-4136-a78a-9d116ada1eef/resource/89b1a86c-239f-4860-8211-94f269618f99/download/tracs_elci_joined-redacted.csv,CSV
b0e4a98c-ede6-4136-a78a-9d116ada1eef,download,https://data.milwaukee.gov/dataset/b0e4a98c-ede6-4136-a78a-9d116ada1eef/resource/87e77a90-aa46-4b34-970c-f378ce255780/download/tracs_individual.csv,CSV
b0e4a98c-ede6-4136-a78a-9d116ada1eef,download,https://data.milwaukee.gov/dataset/b0e4a98c-ede6-4136-a78a-9d116ada1eef/resource/1aa96c56-4f3e-4218-b6f6-8a70a33b7d3b/download/tracs_location.csv,CSV
b0e4a98c-ede6-4136-a78a-9d116ada1eef,download,https://data.milwaukee.gov/dataset/b0e4a98c-ede6-4136-a78a-9d116ada1eef/resource/e683f478-2ca6-4ad7-87dc-bd903276a5b9/download/tracs_ntc_joined-redacted.csv,CSV
b0e4a98c-ede6-4136-a78a-9d116ada1eef,download,https://data.milwaukee.gov/dataset/b0e4a98c-ede6-4136-a78a-9d116ada1eef/resource/cf97372f-529a-4c63-8586-a59f990a212e/download/tracs_prd_header-redacted.csv,CSV
b0e4a98c-ede6-4136-a78a-9d116ada1eef,download,https://data.milwaukee.gov/dataset/b0e4a98c-ede6-4136-a78a-9d116ada1eef/resource/10bc9b4f-2802-45bd-8d01-40def4b65f41/download/tracs_v2contraband.csv,CSV
b0e4a98c-ede6-4136-a78a-9d116ada1eef,download,https://data.milwaukee.gov/dataset/b0e4a98c-ede6-4136-a78a-9d116ada1eef/resource/47eb4cef-3cfb-42de-acb8-76fb66405fb3/download/tracs_v2entitytype.csv,CSV
b0e4a98c-ede6-4136-a78a-9d116ada1eef,download,https://data.milwaukee.gov/dataset/b0e4a98c-ede6-4136-a78a-9d116ada1eef/resource/7f7af351-6811-4077-81fd-d5fd89a41fab/download/tracs_v2outcome.csv,CSV
b0e4a98c-ede6-4136-a78a-9d116ada1eef,download,https://data.milwaukee.gov/dataset/b0e4a98c-ede6-4136-a78a-9d116ada1eef/resource/c039314b-697e-4985-92b5-97de0e2600c1/download/tracs_v2race.csv,CSV
b0e4a98c-ede6-4136-a78a-9d116ada1eef,download,https://data.milwaukee.gov/dataset/b0e4a98c-ede6-4136-a78a-9d116ada1eef/resource/b7ab0641-d79d-4cf5-b5b5-2958d97ebfdd/download/tracs_v2reasoncontact.csv,CSV
b0e4a98c-ede6-4136-a78a-9d116ada1eef,download,https://data.milwaukee.gov/dataset/b0e4a98c-ede6-4136-a78a-9d116ada1eef/resource/5855a17d-35e1-469f-af0e-d934acf4cfb7/download/tracs_v2reasondetail.csv,CSV
b0e4a98c-ede6-4136-a78a-9d116ada1eef,download,https://data.milwaukee.gov/dataset/b0e4a98c-ede6-4136-a78a-9d116ada1eef/resource/b42591f9-8d09-4b70-abb5-2e6beacaf997/download/tracs_v2searchbasis.csv,CSV
b0e4a98c-ede6-4136-a78a-9d116ada1eef,download,https://data.milwaukee.gov/dataset/b0e4a98c-ede6-4136-a78a-9d116ada1eef/resource/1da8124f-5b6f-4a79-968b-5b03402713d6/download/tracs_v2status.csv,CSV
b0e4a98c-ede6-4136-a78a-9d116ada1eef,download,https://data.milwaukee.gov/dataset/b0e4a98c-ede6-4136-a78a-9d116ada1eef/resource/33a4ec7a-ad7b-4f29-b2b1-4ef260474642/download/tracs_warning_joined-redacted.csv,CSV
b0e4a98c-ede6-4136-a78a-9d116ada1eef,download,https://data.milwaukee.gov/dataset/b0e4a98c-ede6-4136-a78a-9d116ada1eef/resource/dc8bacef-663c-4c32-bef9-e70d1e9ecc1a/download/tracs_warning_violation.csv,CSV
b5d61080-da2a-43f5-9cb2-8b8f098967fd,download,https://data.milwaukee.gov/dataset/b5d61080-da2a-43f5-9cb2-8b8f098967fd/resource/9998c6c5-4cf4-4909-a0cc-851188b5b87b/download/2021-q2-tracs-lookup-files-csv.zip,ZIP
b5d61080-da2a-43f5-9cb2-8b8f098967fd,download,https://data.milwaukee.gov/dataset/b5d61080-da2a-43f5-9cb2-8b8f098967fd/resource/151dc950-b9e4-4308-adc2-7a1b1bcc6518/download/2021-q2-tracs-lookup-files-csv.zip,CSV
b5d61080-da2a-43f5-9cb2-8b8f098967fd,download,https://data.milwaukee.gov/dataset/b5d61080-da2a-43f5-9cb2-8b8f098967fd/resource/3d682a73-34e1-4792-93e2-e811cad35e2f/download/aim_use_of_force_remcol.csv,CSV
b5d61080-da2a-43f5-9cb2-8b8f098967fd,download,https://data.milwaukee.gov/dataset/b5d61080-da2a-43f5-9cb2-8b8f098967fd/resource/5bc8cc58-fee7-4b6d-9d15-6e1a8e63d6e8/download/cad_embedded_stopreason_callsegments_redacted.csv,CSV
b5d61080-da2a-43f5-9cb2-8b8f098967fd,download,https://data.milwaukee.gov/dataset/b5d61080-da2a-43f5-9cb2-8b8f098967fd/resource/bd3016f7-b49a-4434-93cc-a565ee36a080/download/cad_noactionencounter_dispositions.csv,CSV
b5d61080-da2a-43f5-9cb2-8b8f098967fd,download,https://data.milwaukee.gov/dataset/b5d61080-da2a-43f5-9cb2-8b8f098967fd/resource/0e2ed446-4bb3-4a47-b200-1253d374894b/download/cad_pcarscall_joined.csv,CSV
b5d61080-da2a-43f5-9cb2-8b8f098967fd,download,https://data.milwaukee.gov/dataset/b5d61080-da2a-43f5-9cb2-8b8f098967fd/resource/fd40cde4-65e7-43d3-b897-a1a03b43a700/download/cad_pcarscallunit.csv,CSV
b5d61080-da2a-43f5-9cb2-8b8f098967fd,download,https://data.milwaukee.gov/dataset/b5d61080-da2a-43f5-9cb2-8b8f098967fd/resource/7813be78-52c1-49bd-a132-d3a675d4f41d/download/cad_pcarsunitasgn_remcol.csv,CSV
b5d61080-da2a-43f5-9cb2-8b8f098967fd,download,https://data.milwaukee.gov/dataset/b5d61080-da2a-43f5-9cb2-8b8f098967fd/resource/e900af77-7453-4c17-82a0-e5756f671876/download/cad_regular_stopreason_callsegments_redacted.csv,CSV
b5d61080-da2a-43f5-9cb2-8b8f098967fd,download,https://data.milwaukee.gov/dataset/b5d61080-da2a-43f5-9cb2-8b8f098967fd/resource/e9698257-2611-42ee-8eae-1825d9350dbf/download/inform_elci.csv,CSV
b5d61080-da2a-43f5-9cb2-8b8f098967fd,download,https://data.milwaukee.gov/dataset/b5d61080-da2a-43f5-9cb2-8b8f098967fd/resource/35122ae8-d7ac-4df5-9eac-fcdf12a61c1d/download/inform_fieldinterview_joined.csv,CSV
b5d61080-da2a-43f5-9cb2-8b8f098967fd,download,https://data.milwaukee.gov/dataset/b5d61080-da2a-43f5-9cb2-8b8f098967fd/resource/72c00ff2-196d-4c97-90d0-c42f55bb193f/download/inform_fieldinterviewofficer_remcol.csv,CSV
b5d61080-da2a-43f5-9cb2-8b8f098967fd,download,https://data.milwaukee.gov/dataset/b5d61080-da2a-43f5-9cb2-8b8f098967fd/resource/c1409c9e-8449-49ec-88b7-9475e6234194/download/inform_fieldinterviewperson_redacted_remcol.csv,CSV
b5d61080-da2a-43f5-9cb2-8b8f098967fd,download,https://data.milwaukee.gov/dataset/b5d61080-da2a-43f5-9cb2-8b8f098967fd/resource/c249697d-f402-4602-bc3a-92e37ec65e08/download/inform_noactionencounter_joined.csv,CSV
b5d61080-da2a-43f5-9cb2-8b8f098967fd,download,https://data.milwaukee.gov/dataset/b5d61080-da2a-43f5-9cb2-8b8f098967fd/resource/8bd11946-7aa5-4f08-a368-88212430f2a3/download/inform_noactionencounterofficer_remcol.csv,CSV
b5d61080-da2a-43f5-9cb2-8b8f098967fd,download,https://data.milwaukee.gov/dataset/b5d61080-da2a-43f5-9cb2-8b8f098967fd/resource/a838bb87-8e1c-4c61-9dfa-7bb37353920c/download/inform_noactionencounterperson_redacted.csv,CSV
b5d61080-da2a-43f5-9cb2-8b8f098967fd,download,https://data.milwaukee.gov/dataset/b5d61080-da2a-43f5-9cb2-8b8f098967fd/resource/4090c94a-7b6a-4178-97d1-d3825bea28b9/download/reporting_districts.csv,CSV
b5d61080-da2a-43f5-9cb2-8b8f098967fd,download,https://data.milwaukee.gov/dataset/b5d61080-da2a-43f5-9cb2-8b8f098967fd/resource/2a95fa45-776a-4fc4-ac28-7917311eae2e/download/tracs_contactsummary_individual.csv,CSV
b5d61080-da2a-43f5-9cb2-8b8f098967fd,download,https://data.milwaukee.gov/dataset/b5d61080-da2a-43f5-9cb2-8b8f098967fd/resource/fe404dc1-01cb-4973-bee9-d8a405176eec/download/tracs_contactsummary_joined_redacted.csv,CSV
b5d61080-da2a-43f5-9cb2-8b8f098967fd,download,https://data.milwaukee.gov/dataset/b5d61080-da2a-43f5-9cb2-8b8f098967fd/resource/afcb10e5-fb01-4046-9c64-9433dbcf3a10/download/tracs_contactsummary_unit.csv,CSV
b5d61080-da2a-43f5-9cb2-8b8f098967fd,download,https://data.milwaukee.gov/dataset/b5d61080-da2a-43f5-9cb2-8b8f098967fd/resource/44123ef7-997f-432d-9180-f38d59c62f6f/download/tracs_elci_joined_redacted.csv,CSV
b5d61080-da2a-43f5-9cb2-8b8f098967fd,download,https://data.milwaukee.gov/dataset/b5d61080-da2a-43f5-9cb2-8b8f098967fd/resource/5a11a051-2fe9-4e84-b61a-ad323b40560c/download/tracs_individual_remcol.csv,CSV
b5d61080-da2a-43f5-9cb2-8b8f098967fd,download,https://data.milwaukee.gov/dataset/b5d61080-da2a-43f5-9cb2-8b8f098967fd/resource/5dae4dfe-6e70-4908-97eb-4a4431261011/download/tracs_location.csv,CSV
b5d61080-da2a-43f5-9cb2-8b8f098967fd,download,https://data.milwaukee.gov/dataset/b5d61080-da2a-43f5-9cb2-8b8f098967fd/resource/bb94a1e3-c6da-4c3c-98a6-b021e98321e4/download/tracs_ntc_joined_redacted.csv,CSV
b5d61080-da2a-43f5-9cb2-8b8f098967fd,download,https://data.milwaukee.gov/dataset/b5d61080-da2a-43f5-9cb2-8b8f098967fd/resource/1bbec99f-9edc-4e5e-bb11-36b46b37bc8c/download/tracs_prd_header_redacted_remcol.csv,CSV
b5d61080-da2a-43f5-9cb2-8b8f098967fd,download,https://data.milwaukee.gov/dataset/b5d61080-da2a-43f5-9cb2-8b8f098967fd/resource/4e0e1d60-05d0-44ea-ad6c-61d3a001694e/download/tracs_warning_joined_redacted.csv,CSV
b5d61080-da2a-43f5-9cb2-8b8f098967fd,download,https://data.milwaukee.gov/dataset/b5d61080-da2a-43f5-9cb2-8b8f098967fd/resource/43b7f1b4-3895-4b41-a2b6-828c93e0b4c3/download/tracs_warning_violation.csv,CSV
0b1cca02-ed92-4df6-a6ca-76f45b897b46,download,https://data.milwaukee.gov/dataset/0b1cca02-ed92-4df6-a6ca-76f45b897b46/resource/5fc2585b-5ff0-4825-a2cd-ae872063eb33/download/2021-q3-tracs-lookup-files-csv.zip,ZIP
0b1cca02-ed92-4df6-a6ca-76f45b897b46,download,https://data.milwaukee.gov/dataset/0b1cca02-ed92-4df6-a6ca-76f45b897b46/resource/b16348f6-2257-4c52-b203-cd35cb5aa362/download/aim_use_of_force_remcol.csv,CSV
0b1cca02-ed92-4df6-a6ca-76f45b897b46,download,https://data.milwaukee.gov/dataset/0b1cca02-ed92-4df6-a6ca-76f45b897b46/resource/41f1b1e4-2e78-445b-a9a7-d3b7fe915aea/download/cad_embedded_stopreason_callsegments_redacted.csv,CSV
0b1cca02-ed92-4df6-a6ca-76f45b897b46,download,https://data.milwaukee.gov/dataset/0b1cca02-ed92-4df6-a6ca-76f45b897b46/resource/8665144b-88e3-4113-959f-a2c887a3eaf5/download/cad_noactionencounter_dispositions.csv,CSV
0b1cca02-ed92-4df6-a6ca-76f45b897b46,download,https://data.milwaukee.gov/dataset/0b1cca02-ed92-4df6-a6ca-76f45b897b46/resource/177ffe5f-57d6-4533-8db0-cbfb1494dcf7/download/cad_noactionencounter_dispositions.csv,CSV
0b1cca02-ed92-4df6-a6ca-76f45b897b46,download,https://data.milwaukee.gov/dataset/0b1cca02-ed92-4df6-a6ca-76f45b897b46/resource/8b8cd0dc-aae4-4738-a105-286d7b9ac3fb/download/cad_pcarscall_joined.csv,CSV
0b1cca02-ed92-4df6-a6ca-76f45b897b46,download,https://data.milwaukee.gov/dataset/0b1cca02-ed92-4df6-a6ca-76f45b897b46/resource/fe512599-be0d-4550-9f64-51da37d93242/download/cad_pcarscallunit.csv,CSV
0b1cca02-ed92-4df6-a6ca-76f45b897b46,download,https://data.milwaukee.gov/dataset/0b1cca02-ed92-4df6-a6ca-76f45b897b46/resource/70fe66cc-9c30-43fb-a9c5-e2b8d5bc2848/download/cad_pcarsunitasgn_remcol.csv,CSV
0b1cca02-ed92-4df6-a6ca-76f45b897b46,download,https://data.milwaukee.gov/dataset/0b1cca02-ed92-4df6-a6ca-76f45b897b46/resource/86c7764a-689b-43a2-95f7-9f0c6a4f248a/download/cad_regular_stopreason_callsegments_redacted.csv,CSV
0b1cca02-ed92-4df6-a6ca-76f45b897b46,download,https://data.milwaukee.gov/dataset/0b1cca02-ed92-4df6-a6ca-76f45b897b46/resource/34d5d2dd-f963-40ee-8bf0-2cb2bcace9d1/download/inform_elci.csv,CSV
0b1cca02-ed92-4df6-a6ca-76f45b897b46,download,https://data.milwaukee.gov/dataset/0b1cca02-ed92-4df6-a6ca-76f45b897b46/resource/ae566fe3-7159-48d9-9e80-c939cd32c1c6/download/inform_fieldinterview_joined.csv,CSV
0b1cca02-ed92-4df6-a6ca-76f45b897b46,download,https://data.milwaukee.gov/dataset/0b1cca02-ed92-4df6-a6ca-76f45b897b46/resource/d3741176-0ca7-4cd6-b182-b7f967d39058/download/inform_fieldinterviewofficer_remcol.csv,CSV
0b1cca02-ed92-4df6-a6ca-76f45b897b46,download,https://data.milwaukee.gov/dataset/0b1cca02-ed92-4df6-a6ca-76f45b897b46/resource/5c5d969c-308b-4b29-ae64-1c3c16675cac/download/inform_fieldinterviewperson_redacted_remcol.csv,CSV
0b1cca02-ed92-4df6-a6ca-76f45b897b46,download,https://data.milwaukee.gov/dataset/0b1cca02-ed92-4df6-a6ca-76f45b897b46/resource/83b40a13-7061-48a7-8544-24cd59dddd0c/download/inform_noactionencounter_joined.csv,CSV
0b1cca02-ed92-4df6-a6ca-76f45b897b46,download,https://data.milwaukee.gov/dataset/0b1cca02-ed92-4df6-a6ca-76f45b897b46/resource/bc33ffbd-6968-4bc6-9ae3-331246f1ab83/download/inform_noactionencounterofficer_remcol.csv,CSV
0b1cca02-ed92-4df6-a6ca-76f45b897b46,download,https://data.milwaukee.gov/dataset/0b1cca02-ed92-4df6-a6ca-76f45b897b46/resource/d12e58ac-08bd-4215-b103-80a8ca6349df/download/inform_noactionencounterperson_redacted.csv,CSV
0b1cca02-ed92-4df6-a6ca-76f45b897b46,download,https://data.milwaukee.gov/dataset/0b1cca02-ed92-4df6-a6ca-76f45b897b46/resource/a5fd8e2e-2311-4b85-a63e-17a368e3c6a5/download/reporting_districts.csv,CSV
0b1cca02-ed92-4df6-a6ca-76f45b897b46,download,https://data.milwaukee.gov/dataset/0b1cca02-ed92-4df6-a6ca-76f45b897b46/resource/ee4c0827-1e46-4313-85e3-3a03f32e0a1c/download/tracs_contactsummary_individual.csv,CSV
0b1cca02-ed92-4df6-a6ca-76f45b897b46,download,https://data.milwaukee.gov/dataset/0b1cca02-ed92-4df6-a6ca-76f45b897b46/resource/1280ae95-e0e1-45f2-bd84-dd24da3697cd/download/tracs_contactsummary_joined_redacted.csv,CSV
0b1cca02-ed92-4df6-a6ca-76f45b897b46,download,https://data.milwaukee.gov/dataset/0b1cca02-ed92-4df6-a6ca-76f45b897b46/resource/2cdd063b-6328-46b3-ae3e-4497b6459531/download/tracs_contactsummary_unit.csv,CSV
0b1cca02-ed92-4df6-a6ca-76f45b897b46,download,https://data.milwaukee.gov/dataset/0b1cca02-ed92-4df6-a6ca-76f45b897b46/resource/d519a898-e86b-4b8c-8807-c9c9f5c73c57/download/tracs_elci_joined_redacted.csv,CSV
0b1cca02-ed92-4df6-a6ca-76f45b897b46,download,https://data.milwaukee.gov/dataset/0b1cca02-ed92-4df6-a6ca-76f45b897b46/resource/0927220a-dd6a-4f70-8a00-d0cd7007899d/download/tracs_individual_remcol.csv,CSV
0b1cca02-ed92-4df6-a6ca-76f45b897b46,download,https://data.milwaukee.gov/dataset/0b1cca02-ed92-4df6-a6ca-76f45b897b46/resource/e635cafb-b39a-4799-8225-53a0573f1245/download/tracs_location.csv,CSV
0b1cca02-ed92-4df6-a6ca-76f45b897b46,download,https://data.milwaukee.gov/dataset/0b1cca02-ed92-4df6-a6ca-76f45b897b46/resource/e7e949f9-758a-4b61-aa7d-4d645b004fc5/download/tracs_ntc_joined_redacted.csv,CSV
0b1cca02-ed92-4df6-a6ca-76f45b897b46,download,https://data.milwaukee.gov/dataset/0b1cca02-ed92-4df6-a6ca-76f45b897b46/resource/e4b4b910-b8a0-4f34-98be-84278a8b7743/download/tracs_prd_header_redacted_remcol.csv,CSV
0b1cca02-ed92-4df6-a6ca-76f45b897b46,download,https://data.milwaukee.gov/dataset/0b1cca02-ed92-4df6-a6ca-76f45b897b46/resource/3d67d65d-e072-402a-8762-d05f5aebd5e5/download/tracs_warning_joined_redacted.csv,CSV
0b1cca02-ed92-4df6-a6ca-76f45b897b46,download,https://data.milwaukee.gov/dataset/0b1cca02-ed92-4df6-a6ca-76f45b897b46/resource/078dce04-6967-48d5-bac9-c29854e9d921/download/tracs_warning_violation.csv,CSV
4b13c091-bced-44d9-9de8-aed9aa61f130,download,https://data.milwaukee.gov/dataset/4b13c091-bced-44d9-9de8-aed9aa61f130/resource/0d6caf13-6fbb-4b0c-a638-767e6f8e0ceb/download/2021-q4-tracs-lookup-files-csv.zip,ZIP
4b13c091-bced-44d9-9de8-aed9aa61f130,download,https://data.milwaukee.gov/dataset/4b13c091-bced-44d9-9de8-aed9aa61f130/resource/0ae8861d-304d-434c-9e5f-00ce32052f22/download/aim_use_of_force_remcol.csv,CSV
4b13c091-bced-44d9-9de8-aed9aa61f130,download,https://data.milwaukee.gov/dataset/4b13c091-bced-44d9-9de8-aed9aa61f130/resource/2ea05c37-adef-4915-86cc-4484f0e3d67e/download/cad_embedded_stopreason_callsegments_redacted.csv,CSV
4b13c091-bced-44d9-9de8-aed9aa61f130,download,https://data.milwaukee.gov/dataset/4b13c091-bced-44d9-9de8-aed9aa61f130/resource/02c2348b-b619-4ed4-8804-ccdf24f153b9/download/cad_noactionencounter_dispositions.csv,CSV
4b13c091-bced-44d9-9de8-aed9aa61f130,download,https://data.milwaukee.gov/dataset/4b13c091-bced-44d9-9de8-aed9aa61f130/resource/bd9d96c5-f241-42a3-b83d-709a406b1698/download/cad_pcarscall_joined.csv,CSV
4b13c091-bced-44d9-9de8-aed9aa61f130,download,https://data.milwaukee.gov/dataset/4b13c091-bced-44d9-9de8-aed9aa61f130/resource/c5ecf841-6de1-4acf-ab65-db02ac6a0d45/download/cad_pcarscallunit.csv,CSV
4b13c091-bced-44d9-9de8-aed9aa61f130,download,https://data.milwaukee.gov/dataset/4b13c091-bced-44d9-9de8-aed9aa61f130/resource/4ff951de-400e-4504-af48-669246655fa6/download/cad_pcarsunitasgn_remcol.csv,CSV
4b13c091-bced-44d9-9de8-aed9aa61f130,download,https://data.milwaukee.gov/dataset/4b13c091-bced-44d9-9de8-aed9aa61f130/resource/9848c278-c11a-49ef-aca7-08718504ad69/download/cad_regular_stopreason_callsegments_redacted.csv,CSV
4b13c091-bced-44d9-9de8-aed9aa61f130,download,https://data.milwaukee.gov/dataset/4b13c091-bced-44d9-9de8-aed9aa61f130/resource/c92ad09f-093e-42dd-8f4c-7abe75503729/download/inform_elci.csv,CSV
4b13c091-bced-44d9-9de8-aed9aa61f130,download,https://data.milwaukee.gov/dataset/4b13c091-bced-44d9-9de8-aed9aa61f130/resource/56e03b35-a4b2-48b7-8635-49a166595000/download/inform_fieldinterview_joined.csv,CSV
4b13c091-bced-44d9-9de8-aed9aa61f130,download,https://data.milwaukee.gov/dataset/4b13c091-bced-44d9-9de8-aed9aa61f130/resource/fd93c244-e07e-4610-8323-b1fc02488e1a/download/inform_fieldinterviewofficer_remcol.csv,CSV
4b13c091-bced-44d9-9de8-aed9aa61f130,download,https://data.milwaukee.gov/dataset/4b13c091-bced-44d9-9de8-aed9aa61f130/resource/8f9e280c-f23f-4384-91da-f4994f9e895c/download/inform_fieldinterviewperson_redacted_remcol.csv,CSV
4b13c091-bced-44d9-9de8-aed9aa61f130,download,https://data.milwaukee.gov/dataset/4b13c091-bced-44d9-9de8-aed9aa61f130/resource/f031c5e3-1059-4a0d-b50b-36d1aaddb0c4/download/inform_noactionencounter_joined.csv,CSV
4b13c091-bced-44d9-9de8-aed9aa61f130,download,https://data.milwaukee.gov/dataset/4b13c091-bced-44d9-9de8-aed9aa61f130/resource/b1f11d0c-4932-4593-8d4a-dcf6daa25e1f/download/inform_noactionencounterofficer_remcol.csv,CSV
4b13c091-bced-44d9-9de8-aed9aa61f130,download,https://data.milwaukee.gov/dataset/4b13c091-bced-44d9-9de8-aed9aa61f130/resource/4e05603d-6838-4221-a5a1-c34e8092864a/download/inform_noactionencounterperson_redacted.csv,CSV
4b13c091-bced-44d9-9de8-aed9aa61f130,download,https://data.milwaukee.gov/dataset/4b13c091-bced-44d9-9de8-aed9aa61f130/resource/2e537bf1-c244-49b5-936c-d1880f67b5fe/download/reporting_districts.csv,CSV
4b13c091-bced-44d9-9de8-aed9aa61f130,download,https://data.milwaukee.gov/dataset/4b13c091-bced-44d9-9de8-aed9aa61f130/resource/18dda355-1e18-4254-a0e6-ca34e5f5d1c9/download/tracs_contactsummary_individual.csv,CSV
4b13c091-bced-44d9-9de8-aed9aa61f130,download,https://data.milwaukee.gov/dataset/4b13c091-bced-44d9-9de8-aed9aa61f130/resource/85bbf784-08ac-442f-8929-5c71df7b64ad/download/tracs_contactsummary_joined_redacted.csv,CSV
4b13c091-bced-44d9-9de8-aed9aa61f130,download,https://data.milwaukee.gov/dataset/4b13c091-bced-44d9-9de8-aed9aa61f130/resource/b993305d-26cd-42d0-b7b8-f538dd200efe/download/tracs_contactsummary_unit.csv,CSV
4b13c091-bced-44d9-9de8-aed9aa61f130,download,https://data.milwaukee.gov/dataset/4b13c091-bced-44d9-9de8-aed9aa61f130/resource/180774ea-4304-41f7-b775-c991aaaa6114/download/tracs_elci_joined_redacted.csv,CSV
4b13c091-bced-44d9-9de8-aed9aa61f130,download,https://data.milwaukee.gov/dataset/4b13c091-bced-44d9-9de8-aed9aa61f130/resource/faa40df1-2797-41d5-8478-0ac761bfc711/download/tracs_individual_remcol.csv,CSV
4b13c091-bced-44d9-9de8-aed9aa61f130,download,https://data.milwaukee.gov/dataset/4b13c091-bced-44d9-9de8-aed9aa61f130/resource/f4634efa-6848-4c1f-b5b6-0f3a5ac8918d/download/tracs_location.csv,CSV
4b13c091-bced-44d9-9de8-aed9aa61f130,download,https://data.milwaukee.gov/dataset/4b13c091-bced-44d9-9de8-aed9aa61f130/resource/9d9baa1f-5a9b-4171-a657-92cc11eb3a0a/download/tracs_ntc_joined_redacted.csv,CSV
4b13c091-bced-44d9-9de8-aed9aa61f130,download,https://data.milwaukee.gov/dataset/4b13c091-bced-44d9-9de8-aed9aa61f130/resource/f488548c-0ee4-4576-a7d5-e434b7473487/download/tracs_prd_header_redacted_remcol.csv,CSV
4b13c091-bced-44d9-9de8-aed9aa61f130,download,https://data.milwaukee.gov/dataset/4b13c091-bced-44d9-9de8-aed9aa61f130/resource/639ecd75-9750-4ed6-953e-9b22df1361a0/download/tracs_prd_header_redacted_remcol.csv,CSV
4b13c091-bced-44d9-9de8-aed9aa61f130,download,https://data.milwaukee.gov/dataset/4b13c091-bced-44d9-9de8-aed9aa61f130/resource/dcbc4a9d-5e48-4f24-bf71-e9a450065461/download/tracs_warning_violation.csv,CSV
c032a84e-3fbc-4d3f-a8b4-39011fbc7931,download,https://data.milwaukee.gov/dataset/c032a84e-3fbc-4d3f-a8b4-39011fbc7931/resource/bbbcfd24-44c6-449a-8630-3de749110ba8/download/tidhistory.csv,CSV
8325bd62-d80d-47b8-9bcf-70730afb19ff,download,https://data.milwaukee.gov/dataset/8325bd62-d80d-47b8-9bcf-70730afb19ff/resource/5685a256-9e58-4ee2-a8bc-f40a0f230d74/download/taxdatabycounty.csv,CSV
71cdc6b8-ee8e-4036-9317-acab014802e5,download,https://data.milwaukee.gov/dataset/71cdc6b8-ee8e-4036-9317-acab014802e5/resource/b6e78bbb-0e2f-4967-a437-e3c7b7652c24/download/assessmentdatasummary.csv,CSV
f2b42684-82c7-4d5c-94b2-390d4dae9c42,download,https://data.milwaukee.gov/dataset/f2b42684-82c7-4d5c-94b2-390d4dae9c42/resource/3a0d1d1c-8777-4818-a7ae-8682577a21c7/download/assessedvalues_bycounty_byclass.csv,CSV
f83766a7-b644-4817-af9b-f4cc33a016d0,download,https://data.milwaukee.gov/dataset/f83766a7-b644-4817-af9b-f4cc33a016d0/resource/c4ef818b-7328-4161-985c-d310c7d21336/download/2021-q1-tracs-lookup-files-csv.zip,ZIP
f83766a7-b644-4817-af9b-f4cc33a016d0,download,https://data.milwaukee.gov/dataset/f83766a7-b644-4817-af9b-f4cc33a016d0/resource/d9a2482c-8d79-41f1-9aa2-f6ff7cf61cdb/download/aim_use_of_force_remcol.csv,CSV
f83766a7-b644-4817-af9b-f4cc33a016d0,download,https://data.milwaukee.gov/dataset/f83766a7-b644-4817-af9b-f4cc33a016d0/resource/0a4ea950-ceb0-4c4f-96f6-bcc894c32777/download/cad_embedded_stopreason_callsegments_redacted.csv,CSV
f83766a7-b644-4817-af9b-f4cc33a016d0,download,https://data.milwaukee.gov/dataset/f83766a7-b644-4817-af9b-f4cc33a016d0/resource/b2312492-1166-4365-a9bc-3b50ac0077b6/download/cad_noactionencounter_dispositions.csv,CSV
f83766a7-b644-4817-af9b-f4cc33a016d0,download,https://data.milwaukee.gov/dataset/f83766a7-b644-4817-af9b-f4cc33a016d0/resource/8c4ea324-2398-4401-bc84-3a6d7b75affc/download/cad_pcarscall_joined.csv,CSV
f83766a7-b644-4817-af9b-f4cc33a016d0,download,https://data.milwaukee.gov/dataset/f83766a7-b644-4817-af9b-f4cc33a016d0/resource/e9d9dfb4-65c4-4695-a5dd-d98c1c29a1ac/download/cad_pcarscallunit.csv,CSV
f83766a7-b644-4817-af9b-f4cc33a016d0,download,https://data.milwaukee.gov/dataset/f83766a7-b644-4817-af9b-f4cc33a016d0/resource/aefd2296-9127-401e-9e13-500d9f7507ba/download/cad_pcarsunitasgn_remcol.csv,CSV
f83766a7-b644-4817-af9b-f4cc33a016d0,download,https://data.milwaukee.gov/dataset/f83766a7-b644-4817-af9b-f4cc33a016d0/resource/cbd915d5-237d-4240-ab39-a194b719c61e/download/cad_regular_stopreason_callsegments_redacted.csv,CSV
f83766a7-b644-4817-af9b-f4cc33a016d0,download,https://data.milwaukee.gov/dataset/f83766a7-b644-4817-af9b-f4cc33a016d0/resource/b17950cd-fa28-4496-a11d-32010bc152f2/download/inform_elci.csv,CSV
f83766a7-b644-4817-af9b-f4cc33a016d0,download,https://data.milwaukee.gov/dataset/f83766a7-b644-4817-af9b-f4cc33a016d0/resource/efd720d4-4a0e-4b27-9d07-92b1ca1eb972/download/inform_fieldinterview_joined.csv,CSV
f83766a7-b644-4817-af9b-f4cc33a016d0,download,https://data.milwaukee.gov/dataset/f83766a7-b644-4817-af9b-f4cc33a016d0/resource/695bdba2-7464-4433-9ea4-bea4279ffaf6/download/inform_fieldinterviewofficer_remcol.csv,CSV
f83766a7-b644-4817-af9b-f4cc33a016d0,download,https://data.milwaukee.gov/dataset/f83766a7-b644-4817-af9b-f4cc33a016d0/resource/5c561427-f623-4b3d-aed2-0b6a0b1d4412/download/inform_fieldinterviewperson_redacted_remcol.csv,CSV
f83766a7-b644-4817-af9b-f4cc33a016d0,download,https://data.milwaukee.gov/dataset/f83766a7-b644-4817-af9b-f4cc33a016d0/resource/7ab96c4e-0709-4288-afc0-992c412a3bf6/download/inform_noactionencounter_joined.csv,CSV
f83766a7-b644-4817-af9b-f4cc33a016d0,download,https://data.milwaukee.gov/dataset/f83766a7-b644-4817-af9b-f4cc33a016d0/resource/fc00036d-649c-451b-bbc3-f930d6ff8553/download/inform_noactionencounterofficer_remcol.csv,CSV
f83766a7-b644-4817-af9b-f4cc33a016d0,download,https://data.milwaukee.gov/dataset/f83766a7-b644-4817-af9b-f4cc33a016d0/resource/baffea92-38b4-4fa5-8daf-8327ca472fb4/download/inform_noactionencounterperson_redacted.csv,CSV
f83766a7-b644-4817-af9b-f4cc33a016d0,download,https://data.milwaukee.gov/dataset/f83766a7-b644-4817-af9b-f4cc33a016d0/resource/48f0ac28-2261-428d-befc-4d85e224897d/download/reporting_districts.csv,CSV
f83766a7-b644-4817-af9b-f4cc33a016d0,download,https://data.milwaukee.gov/dataset/f83766a7-b644-4817-af9b-f4cc33a016d0/resource/8eee8fc9-ca3f-49c5-b3c6-dbe0eeaf6211/download/tracs_contactsummary_individual.csv,CSV
f83766a7-b644-4817-af9b-f4cc33a016d0,download,https://data.milwaukee.gov/dataset/f83766a7-b644-4817-af9b-f4cc33a016d0/resource/1bd4b98f-8553-4fb5-aa5b-8d6b6998fb6b/download/tracs_contactsummary_joined_redacted.csv,CSV
f83766a7-b644-4817-af9b-f4cc33a016d0,download,https://data.milwaukee.gov/dataset/f83766a7-b644-4817-af9b-f4cc33a016d0/resource/18bb0bba-e234-4268-959b-b30e8a936fcd/download/tracs_contactsummary_unit.csv,CSV
f83766a7-b644-4817-af9b-f4cc33a016d0,download,https://data.milwaukee.gov/dataset/f83766a7-b644-4817-af9b-f4cc33a016d0/resource/f0629ac8-e390-4448-a034-fe657cbe5e75/download/tracs_elci_joined_redacted.csv,CSV
f83766a7-b644-4817-af9b-f4cc33a016d0,download,https://data.milwaukee.gov/dataset/f83766a7-b644-4817-af9b-f4cc33a016d0/resource/f2de1fda-b61d-4dd9-8054-9da2d33ae4ef/download/tracs_individual_remcol.csv,CSV
f83766a7-b644-4817-af9b-f4cc33a016d0,download,https://data.milwaukee.gov/dataset/f83766a7-b644-4817-af9b-f4cc33a016d0/resource/4dbdcf33-321b-4c88-9d83-75ddd2dbde71/download/tracs_location.csv,CSV
f83766a7-b644-4817-af9b-f4cc33a016d0,download,https://data.milwaukee.gov/dataset/f83766a7-b644-4817-af9b-f4cc33a016d0/resource/fc04212a-6699-4d91-a97b-9563eb599860/download/tracs_prd_header_redacted_remcol.csv,CSV
f83766a7-b644-4817-af9b-f4cc33a016d0,download,https://data.milwaukee.gov/dataset/f83766a7-b644-4817-af9b-f4cc33a016d0/resource/81728888-2270-4f16-aa39-ce5911e93602/download/tracs_warning_joined_redacted.csv,CSV
f83766a7-b644-4817-af9b-f4cc33a016d0,download,https://data.milwaukee.gov/dataset/f83766a7-b644-4817-af9b-f4cc33a016d0/resource/26fc1187-a4cd-41bc-8027-81f1dd1f4783/download/tracs_warning_violation.csv,CSV
7466c225-7e79-4bf3-9260-81f451cb2b59,download,https://data.milwaukee.gov/dataset/7466c225-7e79-4bf3-9260-81f451cb2b59/resource/fd0e9cf3-50f2-49ba-8c4d-1f7ad6d2a414/download/finalaldermanicdistrictdemogra-2.csv,CSV
7466c225-7e79-4bf3-9260-81f451cb2b59,download,https://data.milwaukee.gov/dataset/7466c225-7e79-4bf3-9260-81f451cb2b59/resource/b9b3018b-8742-4f13-af4b-40dd2043925d/download/aldermanicdistrictdemographics2024.csv,CSV
c0f998f4-81f5-4a7b-abf1-653fa493cd16,download,https://data.milwaukee.gov/dataset/c0f998f4-81f5-4a7b-abf1-653fa493cd16/resource/a9783efb-284a-41a6-ab87-24a5c0a5bdee/download/milwaukeepproll2023.csv,CSV
c0f998f4-81f5-4a7b-abf1-653fa493cd16,download,https://data.milwaukee.gov/dataset/c0f998f4-81f5-4a7b-abf1-653fa493cd16/resource/827ed069-24c1-487e-bee6-536d743d6c61/download/milwaukeepproll2022.csv,CSV
c0f998f4-81f5-4a7b-abf1-653fa493cd16,download,https://data.milwaukee.gov/dataset/c0f998f4-81f5-4a7b-abf1-653fa493cd16/resource/0bba814f-68a6-4a9f-a2b5-a91534d14318/download/milwaukeepproll2021.csv,CSV
c0f998f4-81f5-4a7b-abf1-653fa493cd16,download,https://data.milwaukee.gov/dataset/c0f998f4-81f5-4a7b-abf1-653fa493cd16/resource/b56e4c13-bdd3-4c38-bd9d-d6bde5afb010/download/pp_milopendataportal_122220-1.csv,CSV
c0f998f4-81f5-4a7b-abf1-653fa493cd16,download,https://data.milwaukee.gov/dataset/c0f998f4-81f5-4a7b-abf1-653fa493cd16/resource/08f37379-1960-46b7-84c0-901dde2bd7a9/download/personal-property-assessments.csv,CSV
10dd6915-31b9-4210-b5f1-51aefe5e7bd7,download,https://data.milwaukee.gov/dataset/10dd6915-31b9-4210-b5f1-51aefe5e7bd7/resource/0e8694b1-ac71-45e5-8a83-5027584c2a9c/download/og_2015_resource_h1.csv,CSV
10dd6915-31b9-4210-b5f1-51aefe5e7bd7,download,https://data.milwaukee.gov/dataset/10dd6915-31b9-4210-b5f1-51aefe5e7bd7/resource/303f7b97-cc33-4908-99de-7b260f47a14c/download/og_2015_resource_h2.csv,CSV
10dd6915-31b9-4210-b5f1-51aefe5e7bd7,download,https://data.milwaukee.gov/dataset/10dd6915-31b9-4210-b5f1-51aefe5e7bd7/resource/9dc5a52f-9ca9-475d-a4f1-bf927d3506d5/download/og_2016_resource_h1.csv,CSV
10dd6915-31b9-4210-b5f1-51aefe5e7bd7,download,https://data.milwaukee.gov/dataset/10dd6915-31b9-4210-b5f1-51aefe5e7bd7/resource/cc2fa4f6-67bd-4e85-a507-667616f13a9f/download/og_2016_resource_h2.csv,CSV
10dd6915-31b9-4210-b5f1-51aefe5e7bd7,download,https://data.milwaukee.gov/dataset/10dd6915-31b9-4210-b5f1-51aefe5e7bd7/resource/70597cd7-b3e1-4a1e-92fe-1f8e4c4b15ad/download/og_2017_resource_h1.csv,CSV
10dd6915-31b9-4210-b5f1-51aefe5e7bd7,download,https://data.milwaukee.gov/dataset/10dd6915-31b9-4210-b5f1-51aefe5e7bd7/resource/b18f8205-951a-4966-8982-d496873d931c/download/og_2017_resource_h2.csv,CSV
10dd6915-31b9-4210-b5f1-51aefe5e7bd7,download,https://data.milwaukee.gov/dataset/10dd6915-31b9-4210-b5f1-51aefe5e7bd7/resource/b4756fdd-7182-4963-802e-afb6d85036e3/download/mfdresourcearchive-1.csv,CSV
10dd6915-31b9-4210-b5f1-51aefe5e7bd7,download,https://data.milwaukee.gov/dataset/10dd6915-31b9-4210-b5f1-51aefe5e7bd7/resource/89408de2-474b-4623-bc50-d06e9641b927/download/og_2019_fire-unit-status-detail.csv,CSV
10dd6915-31b9-4210-b5f1-51aefe5e7bd7,download,https://data.milwaukee.gov/dataset/10dd6915-31b9-4210-b5f1-51aefe5e7bd7/resource/728f813e-382d-42b8-9754-78097d308b5a/download/2020-fire-unit-status-details-historical-jan-jun.csv,CSV
10dd6915-31b9-4210-b5f1-51aefe5e7bd7,download,https://data.milwaukee.gov/dataset/10dd6915-31b9-4210-b5f1-51aefe5e7bd7/resource/c45898f8-b5a0-4b47-8532-ebe07aa3f8b0/download/2020-fire-unit-status-details-historical-jul-dec.csv,CSV
10dd6915-31b9-4210-b5f1-51aefe5e7bd7,download,https://data.milwaukee.gov/dataset/10dd6915-31b9-4210-b5f1-51aefe5e7bd7/resource/cb6b4a7c-ece8-45f7-82ea-0750adeb0df5/download/2021-fire-unit-status-detail-pt1-historical.csv,CSV
10dd6915-31b9-4210-b5f1-51aefe5e7bd7,download,https://data.milwaukee.gov/dataset/10dd6915-31b9-4210-b5f1-51aefe5e7bd7/resource/d5f5244d-f324-491e-91b5-e8ed29980c2f/download/2021-fire-unit-status-detail-pt2-historical.csv,CSV
10dd6915-31b9-4210-b5f1-51aefe5e7bd7,download,https://data.milwaukee.gov/dataset/10dd6915-31b9-4210-b5f1-51aefe5e7bd7/resource/e98ea7a9-3243-4298-9d3a-455b888c2396/download/2022-fire-unit-status-detail-pt1-historical.csv,CSV
10dd6915-31b9-4210-b5f1-51aefe5e7bd7,download,https://data.milwaukee.gov/dataset/10dd6915-31b9-4210-b5f1-51aefe5e7bd7/resource/867fb99c-a231-4016-90c9-f0a533ad8f68/download/2022-fire-unit-status-detail-pt2-historical.csv,CSV
10dd6915-31b9-4210-b5f1-51aefe5e7bd7,download,https://data.milwaukee.gov/dataset/10dd6915-31b9-4210-b5f1-51aefe5e7bd7/resource/21c9f075-e43d-48b1-b9c8-82c2359524cc/download/2023-fire-unit-status-detail-pt1-historical.csv,CSV
10dd6915-31b9-4210-b5f1-51aefe5e7bd7,download,https://data.milwaukee.gov/dataset/10dd6915-31b9-4210-b5f1-51aefe5e7bd7/resource/5153b7f6-dc98-49e4-bdda-128392cce963/download/2023-fire-unit-status-detail-pt2-historical.csv,CSV
44c5523b-874c-49d9-bbb9-50077b382fc5,download,https://data.milwaukee.gov/dataset/44c5523b-874c-49d9-bbb9-50077b382fc5/resource/9a333fe8-8358-4b45-a301-d72e9258299b/download/2023-ems-calls-for-service-historical.csv,CSV
44c5523b-874c-49d9-bbb9-50077b382fc5,download,https://data.milwaukee.gov/dataset/44c5523b-874c-49d9-bbb9-50077b382fc5/resource/2cb30385-40ed-47c2-a23b-ff859a9d97da/download/2022-ems-calls-for-service-historical.csv,CSV
44c5523b-874c-49d9-bbb9-50077b382fc5,download,https://data.milwaukee.gov/dataset/44c5523b-874c-49d9-bbb9-50077b382fc5/resource/ae5fc436-0af9-443e-a154-76bb9ad4f8c6/download/2021-ems-calls-for-service-historical.csv,CSV
44c5523b-874c-49d9-bbb9-50077b382fc5,download,https://data.milwaukee.gov/dataset/44c5523b-874c-49d9-bbb9-50077b382fc5/resource/584ac12e-ff53-4a83-a4fd-29cdbe7887ef/download/2020-ems-calls-for-service-historical.csv,CSV
44c5523b-874c-49d9-bbb9-50077b382fc5,download,https://data.milwaukee.gov/dataset/44c5523b-874c-49d9-bbb9-50077b382fc5/resource/dfc25385-866f-49be-b0d3-a1706660e153/download/2019_ems_up.csv,CSV
44c5523b-874c-49d9-bbb9-50077b382fc5,download,https://data.milwaukee.gov/dataset/44c5523b-874c-49d9-bbb9-50077b382fc5/resource/60778992-69b0-440d-b956-29807e3a31ad/download/og_2018_ems.csv,CSV
44c5523b-874c-49d9-bbb9-50077b382fc5,download,https://data.milwaukee.gov/dataset/44c5523b-874c-49d9-bbb9-50077b382fc5/resource/ebe5461b-7302-47a2-bd54-2204758249b8/download/og_2017_ems.csv,CSV
44c5523b-874c-49d9-bbb9-50077b382fc5,download,https://data.milwaukee.gov/dataset/44c5523b-874c-49d9-bbb9-50077b382fc5/resource/7844c7a6-8308-4d32-b46b-69603ebb5767/download/og_2016_ems.csv,CSV
44c5523b-874c-49d9-bbb9-50077b382fc5,download,https://data.milwaukee.gov/dataset/44c5523b-874c-49d9-bbb9-50077b382fc5/resource/9ab724f8-2e43-420e-9c86-e757acacb412/download/og_2015_ems.csv,CSV
b61a89f7-1604-4b3a-b465-42f5a1e232bc,download,https://data.milwaukee.gov/dataset/b61a89f7-1604-4b3a-b465-42f5a1e232bc/resource/d18ef942-9630-4b82-b5a1-61fad0af422a/download/2023-fire-incident-detail-historical.csv,CSV
b61a89f7-1604-4b3a-b465-42f5a1e232bc,download,https://data.milwaukee.gov/dataset/b61a89f7-1604-4b3a-b465-42f5a1e232bc/resource/b184f543-ce98-429d-99a4-3a2dddda3d98/download/2022-fire-incident-detail-historical.csv,CSV
b61a89f7-1604-4b3a-b465-42f5a1e232bc,download,https://data.milwaukee.gov/dataset/b61a89f7-1604-4b3a-b465-42f5a1e232bc/resource/d1068a0d-b118-4a29-99c3-ee56c9c6f461/download/2021-fire-incident-detail-historical.csv,CSV
b61a89f7-1604-4b3a-b465-42f5a1e232bc,download,https://data.milwaukee.gov/dataset/b61a89f7-1604-4b3a-b465-42f5a1e232bc/resource/8aae2885-b3ac-4ba9-a1e3-daab4464c835/download/2020-fire-incident-detail-historical.csv,CSV
b61a89f7-1604-4b3a-b465-42f5a1e232bc,download,https://data.milwaukee.gov/dataset/b61a89f7-1604-4b3a-b465-42f5a1e232bc/resource/99b49b76-50e6-4b13-b61d-20e94078b310/download/fire-incident-detail-2019.csv,CSV
b61a89f7-1604-4b3a-b465-42f5a1e232bc,download,https://data.milwaukee.gov/dataset/b61a89f7-1604-4b3a-b465-42f5a1e232bc/resource/18d887be-4254-4386-b9b4-f1a8c016db38/download/mfdprimaryarchive-1.csv,CSV
b61a89f7-1604-4b3a-b465-42f5a1e232bc,download,https://data.milwaukee.gov/dataset/b61a89f7-1604-4b3a-b465-42f5a1e232bc/resource/25a3fb9e-161c-416e-82da-6837c704b643/download/og_2017_primary.csv,CSV
b61a89f7-1604-4b3a-b465-42f5a1e232bc,download,https://data.milwaukee.gov/dataset/b61a89f7-1604-4b3a-b465-42f5a1e232bc/resource/5d2d6ce8-e4f6-4c41-a800-31e4eface37f/download/og_2016_primary.csv,CSV
b61a89f7-1604-4b3a-b465-42f5a1e232bc,download,https://data.milwaukee.gov/dataset/b61a89f7-1604-4b3a-b465-42f5a1e232bc/resource/97509bea-dfa4-435e-aa75-5499adf7bbe0/download/og_2015_primary.csv,CSV
c71fd9f9-7a2e-4984-8d91-b0935fcc282c,download,http://www.bcycle.com/gbfs,gbfs
c71fd9f9-7a2e-4984-8d91-b0935fcc282c,download,https://bublrbikes.bcycle.com/station-locations/,Website
c84506b8-b070-4371-8012-caceeb081f4f,download,https://data.milwaukee.gov/dataset/c84506b8-b070-4371-8012-caceeb081f4f/resource/ddb084ee-c357-40dd-b86a-92a196b4e954/download/final-mpd-sc-datasets-2023-q4.zip,ZIP
bd03db27-5d7b-4be2-82da-1b9a4054afc3,download,https://data.milwaukee.gov/dataset/bd03db27-5d7b-4be2-82da-1b9a4054afc3/resource/d66f0b24-0171-454a-8da9-0611c3fb21fa/download/final-mpd-sc-datasets-2023-q3.zip,ZIP
b6673c8b-4667-4c5f-84ef-086820eb35d0,download,https://data.milwaukee.gov/dataset/b6673c8b-4667-4c5f-84ef-086820eb35d0/resource/fc6d952f-f58c-466a-aa63-ba2f1a5d85b7/download/final-mpd-sc-datasets-2023-q2.zip,ZIP
14816fbd-b730-4090-ae64-1fe4a954a3b4,download,https://data.milwaukee.gov/dataset/14816fbd-b730-4090-ae64-1fe4a954a3b4/resource/83d63cf5-a4ab-4d01-8fb6-40701454674d/download/final-mpd-sc-datasets-2023-q1.zip,ZIP
3957dc5d-0275-479c-b4eb-82013bdf97c3,download,https://data.milwaukee.gov/dataset/3957dc5d-0275-479c-b4eb-82013bdf97c3/resource/39a74255-eac0-48c5-a75c-5697105961f7/download/mpd-sc-datasets-2022-q4.zip,ZIP
792e7c9d-0093-4b7c-8429-167bc348782c,download,https://data.milwaukee.gov/dataset/792e7c9d-0093-4b7c-8429-167bc348782c/resource/5ed9b3bf-df06-4fb9-bc3c-b798c5f63b29/download/mpd-sc-datasets-2022-q3.zip,ZIP
689f4d88-af5a-4b25-a9b5-990723877a8e,download,https://data.milwaukee.gov/dataset/689f4d88-af5a-4b25-a9b5-990723877a8e/resource/6f3f5272-d44e-4ed2-9d36-323d857c29df/download/mpd-sc-datasets-2022-q2.zip,ZIP
709dd82a-c3a5-4f83-9177-5df049262d02,download,https://data.milwaukee.gov/dataset/709dd82a-c3a5-4f83-9177-5df049262d02/resource/870b977f-5c20-473f-a526-e4db11d87e55/download/mpd-sc-datasets-2022-q1.zip,ZIP
01f8930a-de50-498e-b364-0a8191460eed,download,https://data.milwaukee.gov/dataset/01f8930a-de50-498e-b364-0a8191460eed/resource/cbc68a7f-a00d-4a0c-93c3-2988c0754621/download/2018-august-results-1.xlsx,XLSX
e4e6fc28-0ba5-47f3-ac49-f333a6452ff3,download,https://data.milwaukee.gov/dataset/e4e6fc28-0ba5-47f3-ac49-f333a6452ff3/resource/637adfb2-eb46-41ec-8d8e-2376ff12b66b/download/2022-partisan-primary-public-data-1.xlsx,XLSX
3a3ec89f-f003-43e6-aa3d-5b842652c7f1,download,https://data.milwaukee.gov/dataset/3a3ec89f-f003-43e6-aa3d-5b842652c7f1/resource/f606fd34-c43b-47a0-aaf4-3d2556c030bd/download/2018-nov-election-public-data-excel-sheet-2.xlsx,XLSX
fe5ee754-4274-4b0a-b6ee-a1af50a90898,download,https://data.milwaukee.gov/dataset/fe5ee754-4274-4b0a-b6ee-a1af50a90898/resource/5438f374-e7d1-47e5-9867-52f1164db571/download/spring-2021-election-results-data-1.xlsx,XLSX
91e4cadb-9a5d-4d64-919f-6c229dc9e8af,download,https://data.milwaukee.gov/dataset/91e4cadb-9a5d-4d64-919f-6c229dc9e8af/resource/7fe2968b-bcc9-42ff-88f6-2dc18dcdd668/download/milwaukeewaterworksservicearea.zip,ZIP
8aefa0bc-c18f-44e5-bdfa-e4a203f25e33,download,https://data.milwaukee.gov/dataset/8aefa0bc-c18f-44e5-bdfa-e4a203f25e33/resource/8286217e-e0c6-43ee-94df-1dedf2218c61/download/milwaukee-bike-network.zip,ZIP
42a168a2-9404-4897-964e-be38552ee3ff,download,https://data.census.gov/cedsci/?intcmp=aff_cedsci_banner,HTML
482b8699-54d2-4480-b40d-1fb76a4d211a,download,https://www.census.gov/data/developers/updates/new-discovery-tool.html,HTML
d1ee4f39-d91a-4163-a3ae-155b8e1ee0e9,download,http://realtime.ridemcts.com/bustime/home.jsp?signout=true,Milwaukee County Transit System Real Time
c7b3266c-adc6-41c0-b19a-8d4353bfcdaf,download,https://tools.wprdc.org/downstream/36fb4629-8003-4acc-a1ca-3302778a530d,CSV
c7b3266c-adc6-41c0-b19a-8d4353bfcdaf,download,https://data.wprdc.org/datastore/dump/4ab1e23f-3262-4bd3-adbf-f72f0119108b,CSV
c7b3266c-adc6-41c0-b19a-8d4353bfcdaf,download,https://tools.wprdc.org/pages/air-quality-docs.html,HTML
c7b3266c-adc6-41c0-b19a-8d4353bfcdaf,download,https://data.wprdc.org/datastore/dump/b646336a-deb4-4075-aee4-c5d28d88c426,CSV
c7b3266c-adc6-41c0-b19a-8d4353bfcdaf,download,https://data.wprdc.org/datastore/dump/99227139-1fa8-46e3-aef2-60ee6ffd4e7d,CSV
c7b3266c-adc6-41c0-b19a-8d4353bfcdaf,download,https://www.alleghenycounty.us/Health-Department/Programs/Air-Quality/Air-Quality.aspx,HTML
c7b3266c-adc6-41c0-b19a-8d4353bfcdaf,download,https://data.wprdc.org/datastore/dump/967f1285-f8fb-4785-9673-64a8ae47588d,CSV
c7b3266c-adc6-41c0-b19a-8d4353bfcdaf,download,https://data.wprdc.org/datastore/dump/15d7dbf6-cb3b-407b-ae01-325352deed5c,CSV
c7b3266c-adc6-41c0-b19a-8d4353bfcdaf,download,https://data.wprdc.org/dataset/c7b3266c-adc6-41c0-b19a-8d4353bfcdaf/resource/7a417847-37bb-4a16-a25e-477f2a71661d/download/air-quality-daily-summary.csv,TXT
c7b3266c-adc6-41c0-b19a-8d4353bfcdaf,download,https://www.alleghenycounty.us/Services/Health-Department/Air-Quality,HTML
c7b3266c-adc6-41c0-b19a-8d4353bfcdaf,download,https://tableau.alleghenycounty.us/t/PublicSite/views/H2SDash/HourlyReadings?%3Aembed=y&%3AshowVizHome=no&%3Ahost_url=https%3A%2F%2Ftableau.alleghenycounty.us%2F&%3Aembed_code_version=3&%3Atabs,HTML
9be8e626-504e-44b8-a28a-ed52e8d70e3a,download,https://data.wprdc.org/datastore/dump/a9a1d93a-9d3b-4c18-bd80-82ed6f86404a,CSV
9be8e626-504e-44b8-a28a-ed52e8d70e3a,download,https://pittsburghpa.maps.arcgis.com/apps/instant/slider/index.html?appid=c0928b12c1054874b308b4992bbd43bd,HTML
ac32c80c-de99-4444-a9a8-48c0515ac7bb,download,https://data.wprdc.org/datastore/dump/1ad5394f-d158-46c1-9af7-90a9ef4e0ce1,CSV
ac32c80c-de99-4444-a9a8-48c0515ac7bb,download,https://data.wprdc.org/datastore/dump/f58a2f59-b2e8-4067-a7d9-bbedb7e119b0,CSV
ac32c80c-de99-4444-a9a8-48c0515ac7bb,download,https://tools.wprdc.org/parking,HTML
ac32c80c-de99-4444-a9a8-48c0515ac7bb,download,https://data.wprdc.org/dataset/ac32c80c-de99-4444-a9a8-48c0515ac7bb/resource/8eaa957b-97cf-4674-803d-5d3c3d1322fb/download/aggregated-transactions-2019-09-03.csv.zip,ZIP
b401859c-412b-4cb6-ad88-a4183b83183d,download,https://data.wprdc.org/datastore/dump/3f789a37-d02b-4f2e-9212-3b824fb06678,CSV
33d5f44b-5315-4374-b3e3-e4246e8ad5c9,download,https://data.wprdc.org/dataset/33d5f44b-5315-4374-b3e3-e4246e8ad5c9/resource/ea30bb40-6401-47d9-ae33-b184dbef33a8/download/stops.zip,ZIP
33d5f44b-5315-4374-b3e3-e4246e8ad5c9,download,https://data.wprdc.org/dataset/33d5f44b-5315-4374-b3e3-e4246e8ad5c9/resource/0a26e18e-f78b-43d2-8c75-2498ae255ecf/download/stopsdatadictionary.csv,CSV
6be8185a-7fc3-48c7-9b8d-716602ea03f0,download,https://data.wprdc.org/dataset/6be8185a-7fc3-48c7-9b8d-716602ea03f0/resource/2a98ac2f-ff91-49d7-acd2-8d0e1e509802/download/routes.zip,ZIP
6be8185a-7fc3-48c7-9b8d-716602ea03f0,download,https://data.wprdc.org/dataset/6be8185a-7fc3-48c7-9b8d-716602ea03f0/resource/425a7751-c245-4bea-be93-02dd6291f316/download/paac_routes_1909.zip,ZIP
6be8185a-7fc3-48c7-9b8d-716602ea03f0,download,https://data.wprdc.org/dataset/6be8185a-7fc3-48c7-9b8d-716602ea03f0/resource/b5bcfb9b-ccba-4b85-9785-ecf53a5c9755/download/paac_routes_1906.zip,ZIP
6be8185a-7fc3-48c7-9b8d-716602ea03f0,download,https://data.wprdc.org/dataset/6be8185a-7fc3-48c7-9b8d-716602ea03f0/resource/a31608ba-e351-4081-9b96-84fac2df2746/download/paac_routes_1903final.zip,ZIP
6be8185a-7fc3-48c7-9b8d-716602ea03f0,download,https://data.wprdc.org/dataset/6be8185a-7fc3-48c7-9b8d-716602ea03f0/resource/5cc43c7c-aab1-43b5-8a68-71af8e1ab1c6/download/paac_routes_1811_final.zip,ZIP
6be8185a-7fc3-48c7-9b8d-716602ea03f0,download,https://data.wprdc.org/dataset/6be8185a-7fc3-48c7-9b8d-716602ea03f0/resource/018d8051-1bec-4210-bc04-c9fcc5d9da94/download/paacroutes1611.zip,ZIP
6be8185a-7fc3-48c7-9b8d-716602ea03f0,download,https://data.wprdc.org/dataset/6be8185a-7fc3-48c7-9b8d-716602ea03f0/resource/0fc19607-6366-4d52-96b1-2ad46fda5bd6/download/paacroutes1609finalpublic.zip,ZIP
6be8185a-7fc3-48c7-9b8d-716602ea03f0,download,https://data.wprdc.org/dataset/6be8185a-7fc3-48c7-9b8d-716602ea03f0/resource/49b57c5e-7f0d-41c7-87ee-77b724a89517/download/routesdatadictionary.csv,CSV
1d38b5ef-fa53-4c15-9a50-905d4d573292,download,https://data.wprdc.org/datastore/dump/9ed126cc-3c06-496e-bd08-b7b6b14b4109,CSV
1d38b5ef-fa53-4c15-9a50-905d4d573292,download,https://data.wprdc.org/datastore/dump/db139ccd-6753-48ad-b3ff-118fe2223d55,CSV
1d38b5ef-fa53-4c15-9a50-905d4d573292,download,https://data.wprdc.org/datastore/dump/aefaf190-7f4c-4466-a28b-1b7ce039419d,CSV
8069a170-92d1-4f5e-bc03-327bcf262545,download,https://data.wprdc.org/datastore/dump/5202679a-d243-402e-b82a-63189995a942,CSV
8069a170-92d1-4f5e-bc03-327bcf262545,download,https://docs.google.com/document/d/1yi0Gmru3ggM72vRd-ECuvfrD77Tx-HUR6W5Hkd_bLJ4/edit,HTML
8069a170-92d1-4f5e-bc03-327bcf262545,download,https://data.wprdc.org/dataset/8069a170-92d1-4f5e-bc03-327bcf262545/resource/2de7cb02-b60f-4a54-99b4-bd633b0fa365/download/311-codebook-with-public-access-level-2026.xlsx,XLSX
8069a170-92d1-4f5e-bc03-327bcf262545,download,https://data.wprdc.org/dataset/8069a170-92d1-4f5e-bc03-327bcf262545/resource/3a1d150e-007c-4126-9f41-43e56fed7695/download/311-data-dictionary-2026.xlsx,XLSX
3cd6ab18-61aa-4f7d-90fd-0c8341254b67,download,https://data.wprdc.org/datastore/dump/38e85e2d-26a9-4ae1-bcb9-d9feaceeab40,CSV
d660edf8-9157-45ad-a282-50822badfaae,download,https://data.wprdc.org/datastore/dump/70c06278-92c5-4040-ab28-17671866f81c,CSV
d660edf8-9157-45ad-a282-50822badfaae,download,http://tools.wprdc.org/property-dashboard/,HTML
d660edf8-9157-45ad-a282-50822badfaae,download,https://data.wprdc.org/datastore/dump/4e5374be-1a88-47f7-afee-6a79317019b4,CSV
d660edf8-9157-45ad-a282-50822badfaae,download,https://data.wprdc.org/datastore/dump/6571ab50-5ad8-491a-8fc0-cd93e680b80e,CSV
8cd7c3cf-3a9e-4bca-967d-6f1808176ca0,download,https://data.wprdc.org/datastore/dump/6a208a87-6ff1-4ee0-a7b4-6a201cdfaa69,CSV
8cd7c3cf-3a9e-4bca-967d-6f1808176ca0,download,https://data.wprdc.org/dataset/8cd7c3cf-3a9e-4bca-967d-6f1808176ca0/resource/563279e3-2bab-4318-a1c4-11b788368cf8/download/forecast.png,PNG
8cd7c3cf-3a9e-4bca-967d-6f1808176ca0,download,https://data.wprdc.org/dataset/8cd7c3cf-3a9e-4bca-967d-6f1808176ca0/resource/0328918a-e22c-4392-85c0-b7b3fc953fd5/download/5_day_forecast_timeline_2026-07-28_00.png,PNG
8cd7c3cf-3a9e-4bca-967d-6f1808176ca0,download,https://data.wprdc.org/dataset/8cd7c3cf-3a9e-4bca-967d-6f1808176ca0/resource/78ff9ce3-3555-4ead-89ff-d4d6f3dc4946/download/5_day_forecast_timeline_2026-07-27_12.png,PNG
8cd7c3cf-3a9e-4bca-967d-6f1808176ca0,download,https://data.wprdc.org/dataset/8cd7c3cf-3a9e-4bca-967d-6f1808176ca0/resource/5ac4467e-a6de-4055-9111-9d83fb6584b4/download/confusion_matrix.csv,CSV
8cd7c3cf-3a9e-4bca-967d-6f1808176ca0,download,https://data.wprdc.org/datastore/dump/2dd8a336-dd2c-40db-8f76-60e5216baf91,CSV
8cd7c3cf-3a9e-4bca-967d-6f1808176ca0,download,https://data.wprdc.org/datastore/dump/7cdad98a-744c-4118-8651-5f480033a74e,CSV
8cd7c3cf-3a9e-4bca-967d-6f1808176ca0,download,https://data.wprdc.org/datastore/dump/ffb7900c-3889-41d0-8e35-24ad9a4e3960,CSV
8cd7c3cf-3a9e-4bca-967d-6f1808176ca0,download,https://data.wprdc.org/datastore/dump/2501b708-5df5-43d2-9f48-0d35d0372223,CSV
8cd7c3cf-3a9e-4bca-967d-6f1808176ca0,download,https://data.wprdc.org/datastore/dump/a1cb17a3-8e68-4c2a-bddb-6a92c1a3f053,CSV
d0427f19-7303-43e0-b856-a58130d8cf92,download,https://data.wprdc.org/datastore/dump/f4d1177a-f597-4c32-8cbf-7885f56253f6,CSV
d15ca172-66df-4508-8562-5ec54498cfd4,download,https://tools.wprdc.org/downstream/66cdcd57-6c92-4aaa-8800-0ed9d8f03e22,CSV
d15ca172-66df-4508-8562-5ec54498cfd4,download,https://tableau.alleghenycounty.us/t/PublicSite/views/AC_JailPopulationManagement_Final/Home?iframeSizedToWindow=true&:embed=y&:showAppBanner=false&:display_count=no&:showVizHome=no,HTML
d15ca172-66df-4508-8562-5ec54498cfd4,download,https://data.wprdc.org/datastore/dump/8fb43d9a-9fb9-431d-93d2-9be7330dc846,CSV
d15ca172-66df-4508-8562-5ec54498cfd4,download,https://data.wprdc.org/dataset/d15ca172-66df-4508-8562-5ec54498cfd4/resource/e92767c3-f9de-4f8e-919e-85141ce47b7e/download/jail-2015-10.csv,CSV
d15ca172-66df-4508-8562-5ec54498cfd4,download,https://data.wprdc.org/datastore/dump/aa4cae88-0831-46ec-8853-7707202f88f4,CSV
d15ca172-66df-4508-8562-5ec54498cfd4,download,https://data.wprdc.org/datastore/dump/85e0c576-41af-403d-a994-a27834b15157,CSV
d15ca172-66df-4508-8562-5ec54498cfd4,download,https://data.wprdc.org/datastore/dump/35b19857-e653-4801-a4ba-022365341ce9,CSV
d15ca172-66df-4508-8562-5ec54498cfd4,download,https://data.wprdc.org/datastore/dump/673188b6-3cbd-4fe3-bb6c-984ee325f597,CSV
d15ca172-66df-4508-8562-5ec54498cfd4,download,https://data.wprdc.org/datastore/dump/24671304-a3e9-4bb8-b722-48b5cfdea6ed,CSV
d15ca172-66df-4508-8562-5ec54498cfd4,download,https://data.wprdc.org/datastore/dump/576e0bbd-7236-47f2-abd8-fc2f04188f12,CSV
d15ca172-66df-4508-8562-5ec54498cfd4,download,https://data.wprdc.org/datastore/dump/54b2ab9c-568f-4cec-a923-625a1db13c9f,CSV
d15ca172-66df-4508-8562-5ec54498cfd4,download,https://data.wprdc.org/datastore/dump/869ca391-7508-4a64-8a27-09cc4799923f,CSV
d15ca172-66df-4508-8562-5ec54498cfd4,download,https://data.wprdc.org/datastore/dump/30247275-2c96-4107-9f11-a639cfe886c8,CSV
d15ca172-66df-4508-8562-5ec54498cfd4,download,https://data.wprdc.org/datastore/dump/65e5e21e-57bc-42fc-b40d-bf4b58ce361f,CSV
d15ca172-66df-4508-8562-5ec54498cfd4,download,https://data.wprdc.org/datastore/dump/2f8b8a87-4795-42a4-809b-59bd562610eb,CSV
d15ca172-66df-4508-8562-5ec54498cfd4,download,https://data.wprdc.org/datastore/dump/b58334c3-f070-4f07-89d7-5dd56a1bbde5,CSV
d15ca172-66df-4508-8562-5ec54498cfd4,download,https://data.wprdc.org/datastore/dump/091f614e-c828-471e-8b7e-031b5b202c8b,CSV
d15ca172-66df-4508-8562-5ec54498cfd4,download,https://data.wprdc.org/datastore/dump/77ca6cbf-415f-43fd-ad36-b0a9b6b4cff8,CSV
d15ca172-66df-4508-8562-5ec54498cfd4,download,https://data.wprdc.org/datastore/dump/3b5d9c45-b5f4-4e05-9cf1-127642ad1d17,CSV
d15ca172-66df-4508-8562-5ec54498cfd4,download,https://data.wprdc.org/datastore/dump/cb8dc876-6285-43a8-9db3-90b84eedb46f,CSV
d15ca172-66df-4508-8562-5ec54498cfd4,download,https://data.wprdc.org/datastore/dump/68645668-3f89-4831-b1de-de1e77e52dd3,CSV
d15ca172-66df-4508-8562-5ec54498cfd4,download,https://data.wprdc.org/datastore/dump/5c9f5c96-1d42-4cec-8f3c-04d9d192db97,CSV
d15ca172-66df-4508-8562-5ec54498cfd4,download,https://data.wprdc.org/datastore/dump/cb0a64d6-c8c2-41af-bc4c-2cf7f12feda6,CSV
d15ca172-66df-4508-8562-5ec54498cfd4,download,https://data.wprdc.org/datastore/dump/22e923b7-932e-4da6-b933-a75342c2d4ab,CSV
d15ca172-66df-4508-8562-5ec54498cfd4,download,https://data.wprdc.org/datastore/dump/2fb2073e-d4b6-40db-b66e-17f39c595e1e,CSV
d15ca172-66df-4508-8562-5ec54498cfd4,download,https://data.wprdc.org/datastore/dump/d295784b-c308-4032-a414-b1a6135e4b19,CSV
d15ca172-66df-4508-8562-5ec54498cfd4,download,https://data.wprdc.org/datastore/dump/201863cf-d97f-474f-a7ca-aaf01141f849,CSV
d15ca172-66df-4508-8562-5ec54498cfd4,download,https://data.wprdc.org/datastore/dump/25ff8aaf-e2b2-4a42-a2d8-284812143b29,CSV
d15ca172-66df-4508-8562-5ec54498cfd4,download,https://data.wprdc.org/datastore/dump/763d6093-1170-4bd6-abe2-dd9d7d80d8da,CSV
d15ca172-66df-4508-8562-5ec54498cfd4,download,https://data.wprdc.org/datastore/dump/3ce4a335-e563-46a8-97e1-e452c8fe22d4,CSV
d15ca172-66df-4508-8562-5ec54498cfd4,download,https://data.wprdc.org/datastore/dump/d92cd94e-385c-4291-9e20-0fa7171ef8aa,CSV
d15ca172-66df-4508-8562-5ec54498cfd4,download,https://data.wprdc.org/datastore/dump/0e1b55ee-1d91-460e-b21f-b30b3c5c26ed,CSV
d15ca172-66df-4508-8562-5ec54498cfd4,download,https://data.wprdc.org/datastore/dump/22728c56-9a2a-4c47-9ea3-6fea0f449928,CSV
d15ca172-66df-4508-8562-5ec54498cfd4,download,https://data.wprdc.org/datastore/dump/043af2a6-b58f-4a2e-ba5f-7ef868d3296b,CSV
d15ca172-66df-4508-8562-5ec54498cfd4,download,https://data.wprdc.org/datastore/dump/487813ec-d7bc-4ff4-aa74-0334eb909142,CSV
d15ca172-66df-4508-8562-5ec54498cfd4,download,https://data.wprdc.org/datastore/dump/d7fd722c-9980-4f7a-a7b1-d1a55a365697,CSV
d15ca172-66df-4508-8562-5ec54498cfd4,download,https://data.wprdc.org/datastore/dump/70762439-ac19-424b-8a4b-dbe1b5d2c8ba,CSV
d15ca172-66df-4508-8562-5ec54498cfd4,download,https://data.wprdc.org/datastore/dump/3e600fc0-dba7-4cda-8252-90a38542e201,CSV
d15ca172-66df-4508-8562-5ec54498cfd4,download,https://data.wprdc.org/datastore/dump/7f5da957-01b5-4187-a842-3f215d30d7e8,CSV
d15ca172-66df-4508-8562-5ec54498cfd4,download,https://data.wprdc.org/datastore/dump/c9c10e10-dc8f-4d0a-a3a5-acb9b183d124,CSV
d15ca172-66df-4508-8562-5ec54498cfd4,download,https://data.wprdc.org/datastore/dump/75041e90-2c3e-4cac-8e1c-21158ca9d0ce,CSV
d15ca172-66df-4508-8562-5ec54498cfd4,download,https://data.wprdc.org/datastore/dump/4042b786-b732-43d6-b3ea-74ca8d5256f3,CSV
d15ca172-66df-4508-8562-5ec54498cfd4,download,https://data.wprdc.org/datastore/dump/50180a6c-2b26-4d69-a8c9-0bc38dbc9b83,CSV
d15ca172-66df-4508-8562-5ec54498cfd4,download,https://data.wprdc.org/datastore/dump/86542ddb-c82d-403a-a653-be7e8a57ffa6,CSV
d15ca172-66df-4508-8562-5ec54498cfd4,download,https://data.wprdc.org/datastore/dump/f5603944-1daf-460a-a6b2-37a544f2bdbb,CSV
d15ca172-66df-4508-8562-5ec54498cfd4,download,https://data.wprdc.org/datastore/dump/1e9b0886-5756-413a-b35f-89746cf56fd9,CSV
9e0ce87d-07b8-420c-a8aa-9de6104f61d6,download,https://data.wprdc.org/datastore/dump/5bbe6c55-bce6-4edb-9d04-68edeb6bf7b1,CSV
9e0ce87d-07b8-420c-a8aa-9de6104f61d6,download,http://infoportal.alleghenycounty.us/resalesdata/home.aspx,HTML
9e0ce87d-07b8-420c-a8aa-9de6104f61d6,download,http://tools.wprdc.org/property-dashboard/,HTML
9e0ce87d-07b8-420c-a8aa-9de6104f61d6,download,https://data.wprdc.org/datastore/dump/910b5e61-dee4-4a59-bee5-ad3660a8ab89,CSV
9e0ce87d-07b8-420c-a8aa-9de6104f61d6,download,https://data.wprdc.org/datastore/dump/2915af73-a321-4cd0-afc0-908d3fb9fb59,CSV
9e0ce87d-07b8-420c-a8aa-9de6104f61d6,download,https://data.wprdc.org/datastore/dump/69495c44-ea74-4f52-ad23-7282edb725e7,CSV
9e0ce87d-07b8-420c-a8aa-9de6104f61d6,download,https://data.wprdc.org/datastore/dump/1eda5ff4-c442-49f2-b771-4f711346a6b9,CSV
9e0ce87d-07b8-420c-a8aa-9de6104f61d6,download,https://data.wprdc.org/datastore/dump/aea14708-8c21-4292-a8d4-25a5a27dc0d3,CSV
9e0ce87d-07b8-420c-a8aa-9de6104f61d6,download,https://data.wprdc.org/datastore/dump/abc4a494-4f6e-4b69-85d3-ff9756ec0c39,CSV
9e0ce87d-07b8-420c-a8aa-9de6104f61d6,download,https://data.wprdc.org/datastore/dump/7211106c-62d2-4de9-a239-b045983a665e,CSV
9e0ce87d-07b8-420c-a8aa-9de6104f61d6,download,https://data.wprdc.org/datastore/dump/bd9ae6de-09ed-47e5-8ebf-2a46a5a3a5b5,CSV
9e0ce87d-07b8-420c-a8aa-9de6104f61d6,download,https://data.wprdc.org/datastore/dump/4531f69a-b368-4e46-8b93-a308faaab46b,CSV
9e0ce87d-07b8-420c-a8aa-9de6104f61d6,download,https://data.wprdc.org/datastore/dump/a55a2710-4703-45b4-804e-5c550ca42fd7,CSV
9e0ce87d-07b8-420c-a8aa-9de6104f61d6,download,https://data.wprdc.org/datastore/dump/4d9ab793-07d2-44e8-9530-e7258fd30018,CSV
9e0ce87d-07b8-420c-a8aa-9de6104f61d6,download,https://data.wprdc.org/datastore/dump/9fbceb58-5bc1-4ad6-b93f-8147a9b34c5c,CSV
9e0ce87d-07b8-420c-a8aa-9de6104f61d6,download,https://data.wprdc.org/datastore/dump/9366b400-e4a2-403f-ab14-64cf708ec2f7,CSV
9e0ce87d-07b8-420c-a8aa-9de6104f61d6,download,https://data.wprdc.org/datastore/dump/57b84145-f9eb-493b-a78f-9bc803413d99,CSV
9e0ce87d-07b8-420c-a8aa-9de6104f61d6,download,https://data.wprdc.org/datastore/dump/0bd13902-f2ee-4340-b7c8-c54ebd0f6bd0,CSV
7fb0505e-8e2c-4825-b22c-4fbee8fc8010,download,https://data.wprdc.org/datastore/dump/1c59b26a-1684-4bfb-92f7-205b947530cf,CSV
7fb0505e-8e2c-4825-b22c-4fbee8fc8010,download,https://www.overdosefreepa.pitt.edu/know-the-facts/view-overdose-death-data/,HTML
7fb0505e-8e2c-4825-b22c-4fbee8fc8010,download,https://data.wprdc.org/dataset/7fb0505e-8e2c-4825-b22c-4fbee8fc8010/resource/ab2436a2-755b-40d4-a2b8-44edc24a9449/download/fatal-accident-od-yearly-2008-2017.zip,ZIP
00af664b-cdd1-444e-bffc-0e3ccb5066f9,download,https://data.wprdc.org/datastore/dump/a3fb93b8-01a3-4090-8e8e-6310a4160071,CSV
00af664b-cdd1-444e-bffc-0e3ccb5066f9,download,https://data.wprdc.org/datastore/dump/89481a55-2d81-4bb9-9e46-2fd4a3aab0ac,CSV
00af664b-cdd1-444e-bffc-0e3ccb5066f9,download,https://data.wprdc.org/datastore/dump/e4ac2f5d-f22d-45fd-a844-88cb3c706401,CSV
19beed76-cd72-4fa8-9f8f-c402608ed569,download,https://data.wprdc.org/datastore/dump/bcdbf0d3-5a5b-4ded-afe1-74a603232214,CSV
19beed76-cd72-4fa8-9f8f-c402608ed569,download,https://data.wprdc.org/datastore/dump/504190c4-d5ae-47bd-8cc7-086c49c962cc,CSV
19beed76-cd72-4fa8-9f8f-c402608ed569,download,https://data.wprdc.org/datastore/dump/b5343af3-8c22-4833-96a0-0379aa7681e1,CSV
19beed76-cd72-4fa8-9f8f-c402608ed569,download,https://data.wprdc.org/datastore/dump/6bf7c881-2164-4212-b714-8bea3f660f57,CSV
19beed76-cd72-4fa8-9f8f-c402608ed569,download,https://data.wprdc.org/datastore/dump/a39e5edc-0001-404f-b4af-05534e34526f,CSV
19beed76-cd72-4fa8-9f8f-c402608ed569,download,https://data.wprdc.org/datastore/dump/f3df0760-54cc-4279-b7c8-a12a60f4f0f6,CSV
7c0175b7-ff33-43ea-b353-bc2c5199a7ff,download,https://data.wprdc.org/datastore/dump/8e91e9ae-45db-4d79-b217-e1d0830dbe87,CSV
7c0175b7-ff33-43ea-b353-bc2c5199a7ff,download,https://data.wprdc.org/datastore/dump/0a5408a4-8358-4b14-9317-090db7c61fd9,CSV
8744b4f6-5525-49be-9054-401a2c4c2fac,download,https://data.wprdc.org/datastore/dump/1c9cf8d8-f3db-4364-b925-d7078c2fb02f,CSV
8744b4f6-5525-49be-9054-401a2c4c2fac,download,http://www.alleghenycounty.us/Health-Department/Programs/Food-Safety/Inspection-Program-and-Enforcement.aspx,HTML
8744b4f6-5525-49be-9054-401a2c4c2fac,download,http://webapps.achd.net/Restaurant/,HTML
8744b4f6-5525-49be-9054-401a2c4c2fac,download,https://data.wprdc.org/datastore/dump/1a1329e2-418c-4bd3-af2c-cc334e7559af,CSV
8744b4f6-5525-49be-9054-401a2c4c2fac,download,https://data.wprdc.org/datastore/dump/4ea730d8-2bf9-4783-b0a5-b41ed687097e,CSV
8744b4f6-5525-49be-9054-401a2c4c2fac,download,https://data.wprdc.org/datastore/dump/112a3821-334d-4f3f-ab40-4de1220b1a0a,CSV
8744b4f6-5525-49be-9054-401a2c4c2fac,download,https://data.wprdc.org/datastore/dump/410f80a1-d18c-44f3-9964-2205b2ea7f5a,CSV
bafa99e3-6773-4dec-95bf-77d34b7754eb,download,https://data.wprdc.org/datastore/dump/60637ef7-96c9-47ee-95c3-ccc2a2140367,CSV
bafa99e3-6773-4dec-95bf-77d34b7754eb,download,http://webapps.achd.net/Plumbing/,HTML
bafa99e3-6773-4dec-95bf-77d34b7754eb,download,https://data.wprdc.org/datastore/dump/e8e2e1a7-8a06-4d69-8a0d-12f9e4e99b86,CSV
01894671-26ec-423c-985c-55c66220e433,download,https://data.wprdc.org/datastore/dump/b669ae63-d58a-4346-a5a9-879cd0c122b7,CSV
01894671-26ec-423c-985c-55c66220e433,download,https://data.wprdc.org/datastore/dump/51314542-71eb-4356-aa60-09b76425af67,CSV
cd2b3e27-ca31-43e0-a8c6-2e6c43b4050a,download,https://data.wprdc.org/datastore/dump/5c7825d2-6814-40c7-aefe-3d0f3d6f22e7,CSV
cd2b3e27-ca31-43e0-a8c6-2e6c43b4050a,download,https://data.wprdc.org/dataset/cd2b3e27-ca31-43e0-a8c6-2e6c43b4050a/resource/6f18890b-b8f7-4bc8-8086-f5401b6e086c/download/geocodedfoodfacilities-filtered-supermarkets-v2.csv,CSV
cd2b3e27-ca31-43e0-a8c6-2e6c43b4050a,download,https://data.wprdc.org/dataset/cd2b3e27-ca31-43e0-a8c6-2e6c43b4050a/resource/279da54f-a520-4bb4-afd0-ffbb7e797faf/download/data_sources_by_asset_type.csv,CSV
f9006efd-eac0-467a-a0d2-3b3a9a59cd39,download,https://data.wprdc.org/datastore/dump/0a963f26-eb4b-4325-bbbc-3ddf6a871410,CSV
db327693-d758-431e-9f59-a906bdef46b3,download,https://data.wprdc.org/datastore/dump/7b14f9a7-df4c-4376-85e0-5b830591d47e,CSV
db327693-d758-431e-9f59-a906bdef46b3,download,https://data.wprdc.org/dataset/db327693-d758-431e-9f59-a906bdef46b3/resource/428f84cf-0ce5-4fb8-81fb-3d216c7fb577/download/daily_pop_2_1_2020.csv,CSV
db327693-d758-431e-9f59-a906bdef46b3,download,https://data.wprdc.org/datastore/dump/d4b22e7a-30d9-4ddb-919a-114dbf5d27ad,CSV
db327693-d758-431e-9f59-a906bdef46b3,download,https://data.wprdc.org/dataset/db327693-d758-431e-9f59-a906bdef46b3/resource/bef6c3e4-e8b2-4e41-b14c-45256ace5978/download/kane_facility_codes.csv,CSV
5b0b8acc-d8fc-4278-bc57-684e2e4faab5,download,https://data.wprdc.org/datastore/dump/b7cb30c8-b179-43ff-8655-f24880b0f578,CSV
5b0b8acc-d8fc-4278-bc57-684e2e4faab5,download,https://data.wprdc.org/dataset/5b0b8acc-d8fc-4278-bc57-684e2e4faab5/resource/98f0927d-0f0d-4675-93ca-11ed67a93638/download/daily-community-center-attendance-data-dictionary.xlsx,XLSX
53b09a0f-a419-4cc7-bdd1-4f40ce7515b4,download,https://data.wprdc.org/datastore/dump/e1dcee82-9179-4306-8167-5891915b62a7,CSV
473ec352-da08-4cc2-bc32-20a59b23c0a1,download,https://data.wprdc.org/datastore/dump/1d88be51-5af7-4bff-8c49-7bf1a646cb2d,CSV
473ec352-da08-4cc2-bc32-20a59b23c0a1,download,https://data.wprdc.org/dataset/473ec352-da08-4cc2-bc32-20a59b23c0a1/resource/83148ede-b522-4397-99c7-581f73243794/download/inlets.kml,KML
473ec352-da08-4cc2-bc32-20a59b23c0a1,download,https://data.wprdc.org/dataset/473ec352-da08-4cc2-bc32-20a59b23c0a1/resource/faacf676-e4d1-4788-868f-6763b6afe7f8/download/inlets.zip,ZIP
473ec352-da08-4cc2-bc32-20a59b23c0a1,download,https://data.wprdc.org/dataset/473ec352-da08-4cc2-bc32-20a59b23c0a1/resource/ebb57775-3f5e-4254-b1e7-89d3e9d277c2/download/pwsa-inlets-layer-data-dictionary-20221215.csv,CSV
473ec352-da08-4cc2-bc32-20a59b23c0a1,download,https://pwsa-open-data-pwsa.hub.arcgis.com/datasets/0c59b699f2e0416e86a208c1fafbf19c_2/explore?location=40.431451%2C-79.976824%2C10,HTML
2db3b1d4-ce51-4962-82de-db49cc883842,download,https://data.wprdc.org/dataset/2db3b1d4-ce51-4962-82de-db49cc883842/resource/fc10d57b-d99b-426d-b7c6-f0f9eac7188e/download/reg_comm_groups.zip,ZIP
2db3b1d4-ce51-4962-82de-db49cc883842,download,https://data.wprdc.org/datastore/dump/70e41827-b416-46c6-8226-53bff2b48691,CSV
2db3b1d4-ce51-4962-82de-db49cc883842,download,https://data.wprdc.org/dataset/2db3b1d4-ce51-4962-82de-db49cc883842/resource/47abdb40-1170-4fa8-913b-a99b58109a5f/download/reg_comm_groups.kml,KML
2db3b1d4-ce51-4962-82de-db49cc883842,download,https://pghgishub-pittsburghpa.opendata.arcgis.com/datasets/pittsburghpa::pghwebrco,HTML
fb9d8835-88f5-48c2-9079-9260bfc34c1a,download,https://data.wprdc.org/dataset/fb9d8835-88f5-48c2-9079-9260bfc34c1a/resource/2bae14c4-39b4-4479-a1e0-06dfb0ed923d/download/pgh_trails.zip,ZIP
fb9d8835-88f5-48c2-9079-9260bfc34c1a,download,https://data.wprdc.org/datastore/dump/836b1c5d-2fc4-4efa-9a24-cd87ccccdcb1,CSV
fb9d8835-88f5-48c2-9079-9260bfc34c1a,download,https://data.wprdc.org/dataset/fb9d8835-88f5-48c2-9079-9260bfc34c1a/resource/d158e582-6fd0-4cdf-93a8-17bb9eef4a9b/download/pgh_trails.kml,KML
fb9d8835-88f5-48c2-9079-9260bfc34c1a,download,https://pghgishub-pittsburghpa.opendata.arcgis.com/datasets/pittsburghpa::trails-2,HTML
0f9c9c45-9738-49d6-b4e5-de71a1381a9c,download,https://data.wprdc.org/dataset/0f9c9c45-9738-49d6-b4e5-de71a1381a9c/resource/35e330d2-c0e7-41db-9c39-74886cbe39aa/download/ems_stations.zip,ZIP
0f9c9c45-9738-49d6-b4e5-de71a1381a9c,download,https://data.wprdc.org/datastore/dump/687c3c6d-0b48-48ab-9272-afe8f548c296,CSV
0f9c9c45-9738-49d6-b4e5-de71a1381a9c,download,https://data.wprdc.org/dataset/0f9c9c45-9738-49d6-b4e5-de71a1381a9c/resource/2b634293-9086-46a4-9189-bb63cbb2a32f/download/ems_stations.kml,KML
0f9c9c45-9738-49d6-b4e5-de71a1381a9c,download,https://pghgishub-pittsburghpa.opendata.arcgis.com/datasets/pittsburghpa::ems-station,HTML
fd140adb-d740-4ce3-b1e7-31f37bf97d88,download,https://data.wprdc.org/datastore/dump/21921b0d-8222-44a3-9322-38a6d0f9395f,CSV
fd140adb-d740-4ce3-b1e7-31f37bf97d88,download,https://data.wprdc.org/datastore/dump/f255d4ef-b6ad-4935-937f-07e36b1c2845,CSV
fd140adb-d740-4ce3-b1e7-31f37bf97d88,download,https://data.wprdc.org/datastore/dump/bac0a05c-71b5-4634-96b9-10cc8a20102d,CSV
91c6bbfc-e592-4864-af45-3777682e9ad5,download,https://data.wprdc.org/dataset/91c6bbfc-e592-4864-af45-3777682e9ad5/resource/fdc5166c-8efa-4d64-8ece-acbfe8d1e55b/download/golf_courses.zip,ZIP
91c6bbfc-e592-4864-af45-3777682e9ad5,download,https://data.wprdc.org/datastore/dump/e17c777f-b9a4-42d0-b9bb-280c6c02f37c,CSV
91c6bbfc-e592-4864-af45-3777682e9ad5,download,https://data.wprdc.org/dataset/91c6bbfc-e592-4864-af45-3777682e9ad5/resource/4136fc70-c2c4-47cd-92b0-4b321a8d60cc/download/golf_courses.kml,KML
91c6bbfc-e592-4864-af45-3777682e9ad5,download,https://openac-alcogis.opendata.arcgis.com/datasets/AlCoGIS::allegheny-county-golf-courses-2,HTML
3580b59a-2ce2-4ed9-8997-677449b450f9,download,https://data.wprdc.org/datastore/dump/eb19ee10-4fc9-4313-92c5-cb90ddaec6f7,CSV
3580b59a-2ce2-4ed9-8997-677449b450f9,download,https://data.wprdc.org/dataset/3580b59a-2ce2-4ed9-8997-677449b450f9/resource/54207358-9efd-46db-b3af-693cda18c215/download/schools.kml,KML
3580b59a-2ce2-4ed9-8997-677449b450f9,download,https://data.wprdc.org/dataset/3580b59a-2ce2-4ed9-8997-677449b450f9/resource/d58d028c-c323-4a9c-8f8c-0f34b76b7516/download/schools.zip,ZIP
3580b59a-2ce2-4ed9-8997-677449b450f9,download,https://openac-alcogis.opendata.arcgis.com/datasets/AlCoGIS::allegheny-county-schools-1,HTML
93634185-1779-45dd-a593-c8e8aba3f95b,download,https://data.wprdc.org/dataset/93634185-1779-45dd-a593-c8e8aba3f95b/resource/973f1106-a50a-4ec1-96ae-313761d6624c/download/2020_census_tracts.zip,ZIP
93634185-1779-45dd-a593-c8e8aba3f95b,download,https://data.wprdc.org/datastore/dump/5136edaf-714d-4a6a-b1fa-b60e6ab1dc6e,CSV
93634185-1779-45dd-a593-c8e8aba3f95b,download,https://data.wprdc.org/dataset/93634185-1779-45dd-a593-c8e8aba3f95b/resource/5b8d516d-4e92-4f8e-b9b1-da3694e5bf94/download/2020_census_tracts.kml,KML
93634185-1779-45dd-a593-c8e8aba3f95b,download,https://openac-alcogis.opendata.arcgis.com/datasets/AlCoGIS::allegheny-county-census-tracts-2020,HTML
34d1c985-621d-4768-8e78-5759c191b7f9,download,https://data.wprdc.org/dataset/34d1c985-621d-4768-8e78-5759c191b7f9/resource/3ec72524-1b54-40f5-a7b4-3392573fc2d9/download/municipal_parks.zip,ZIP
34d1c985-621d-4768-8e78-5759c191b7f9,download,https://data.wprdc.org/datastore/dump/8425cf59-fb96-4ac0-b56a-4541ff23b276,CSV
34d1c985-621d-4768-8e78-5759c191b7f9,download,https://data.wprdc.org/dataset/34d1c985-621d-4768-8e78-5759c191b7f9/resource/627b9987-f045-4c3a-976d-e2e86297458d/download/municipal_parks.kml,KML
34d1c985-621d-4768-8e78-5759c191b7f9,download,https://openac-alcogis.opendata.arcgis.com/datasets/AlCoGIS::allegheny-county-municipal-parks,HTML
521468b6-a0d4-4522-9291-3f8854790c60,download,https://data.wprdc.org/dataset/521468b6-a0d4-4522-9291-3f8854790c60/resource/1a850e4f-de17-41ad-b88a-180a21078c6e/download/pomeroy.zip,ZIP
521468b6-a0d4-4522-9291-3f8854790c60,download,https://data.wprdc.org/datastore/dump/508c1a59-2a00-46af-92b6-e87fd6f89cbb,CSV
521468b6-a0d4-4522-9291-3f8854790c60,download,https://data.wprdc.org/dataset/521468b6-a0d4-4522-9291-3f8854790c60/resource/2479f7d9-766b-4641-b4b0-f3b1caf44cc9/download/pomeroy.kml,KML
521468b6-a0d4-4522-9291-3f8854790c60,download,https://openac-alcogis.opendata.arcgis.com/datasets/AlCoGIS::landslide-pomeroy-study,HTML
9cb09db9-bad9-4f60-a854-1ea479ef601d,download,https://openac-alcogis.opendata.arcgis.com/datasets/AlCoGIS::allegheny-county-land-use-areas,HTML
9cb09db9-bad9-4f60-a854-1ea479ef601d,download,https://data.wprdc.org/datastore/dump/88a8c9a1-d854-42ac-b674-cc60619e26bf,CSV
9cb09db9-bad9-4f60-a854-1ea479ef601d,download,https://data.wprdc.org/dataset/9cb09db9-bad9-4f60-a854-1ea479ef601d/resource/490a96c8-a7fa-47de-adc3-1bcaef3b69e9/download/land_use.kml,KML
9cb09db9-bad9-4f60-a854-1ea479ef601d,download,https://data.wprdc.org/dataset/9cb09db9-bad9-4f60-a854-1ea479ef601d/resource/3f49eb25-adc3-43f7-b5c7-45e35f3951e9/download/land_use.zip,ZIP
cd24b8f3-bd02-4f90-b688-9f69a84420e3,download,https://openac-alcogis.opendata.arcgis.com/datasets/AlCoGIS::allegheny-county-addressing-street-aliases,HTML
cd24b8f3-bd02-4f90-b688-9f69a84420e3,download,https://data.wprdc.org/datastore/dump/b573af97-c405-464e-96f1-6f671efbf4fe,CSV
4f3f06b9-2725-4e76-a236-72ef7737f5d1,download,https://openac-alcogis.opendata.arcgis.com/datasets/AlCoGIS::allegheny-county-census-blocks-2020,HTML
4f3f06b9-2725-4e76-a236-72ef7737f5d1,download,https://data.wprdc.org/datastore/dump/c8d8fd73-151f-4625-aea9-1154549e4f8f,CSV
4f3f06b9-2725-4e76-a236-72ef7737f5d1,download,https://data.wprdc.org/dataset/4f3f06b9-2725-4e76-a236-72ef7737f5d1/resource/bae7c2a1-88ad-4561-9fe9-23bd47cbd11a/download/census_blocks_2020.kml,KML
4f3f06b9-2725-4e76-a236-72ef7737f5d1,download,https://data.wprdc.org/dataset/4f3f06b9-2725-4e76-a236-72ef7737f5d1/resource/f291c72f-f12e-4695-8647-eca945e7b42f/download/census_blocks_2020.zip,ZIP
43035153-cd97-4612-82b9-6a2014e760d5,download,https://openac-alcogis.opendata.arcgis.com/datasets/AlCoGIS::magisterial-district-judges-office-locations-1,HTML
43035153-cd97-4612-82b9-6a2014e760d5,download,https://data.wprdc.org/datastore/dump/45d9d54e-b945-46d5-bef4-f8fcfaf83219,CSV
43035153-cd97-4612-82b9-6a2014e760d5,download,https://data.wprdc.org/dataset/43035153-cd97-4612-82b9-6a2014e760d5/resource/d66292ce-2c5d-4899-9e15-822622219056/download/magisterial_offices.kml,KML
43035153-cd97-4612-82b9-6a2014e760d5,download,https://data.wprdc.org/dataset/43035153-cd97-4612-82b9-6a2014e760d5/resource/98e8c971-6c22-49df-9f10-696eba0be8bf/download/magisterial_offices.zip,ZIP
d63c868f-bf81-4366-8ddc-e25d240e621d,download,https://openac-alcogis.opendata.arcgis.com/datasets/AlCoGIS::allegheny-county-map-index-grid,HTML
d63c868f-bf81-4366-8ddc-e25d240e621d,download,https://data.wprdc.org/datastore/dump/52390402-81e7-4623-8297-c0ee6ed1b9ee,CSV
d63c868f-bf81-4366-8ddc-e25d240e621d,download,https://data.wprdc.org/dataset/d63c868f-bf81-4366-8ddc-e25d240e621d/resource/44a94ba8-f026-4185-8347-f02a65a4c7f9/download/map_grid.kml,KML
d63c868f-bf81-4366-8ddc-e25d240e621d,download,https://data.wprdc.org/dataset/d63c868f-bf81-4366-8ddc-e25d240e621d/resource/b863103f-ad93-45a7-9e18-c7b61bff8a95/download/map_grid.zip,ZIP
0aaf4dd1-716b-4106-b88e-3f07b6cc141a,download,https://openac-alcogis.opendata.arcgis.com/datasets/AlCoGIS::allegheny-county-pennsylvania-senate-district-boundaries,HTML
0aaf4dd1-716b-4106-b88e-3f07b6cc141a,download,https://data.wprdc.org/datastore/dump/f5c1b0d0-10a2-4643-bc9e-556f459efe90,CSV
0aaf4dd1-716b-4106-b88e-3f07b6cc141a,download,https://data.wprdc.org/dataset/0aaf4dd1-716b-4106-b88e-3f07b6cc141a/resource/e09d4fe1-8600-4777-9840-eba57789c7b5/download/senate_districts.kml,KML
0aaf4dd1-716b-4106-b88e-3f07b6cc141a,download,https://data.wprdc.org/dataset/0aaf4dd1-716b-4106-b88e-3f07b6cc141a/resource/cef81bc7-1a77-4711-af3f-ad60d28e4a5f/download/senate_districts.zip,ZIP
f063ae36-6c90-4c3c-aafe-102a876d0d44,download,https://openac-alcogis.opendata.arcgis.com/datasets/AlCoGIS::allegheny-county-hydrology-areas,HTML
f063ae36-6c90-4c3c-aafe-102a876d0d44,download,https://data.wprdc.org/datastore/dump/3f32016b-b488-4976-8b2b-c81a59fc5a9b,CSV
f063ae36-6c90-4c3c-aafe-102a876d0d44,download,https://data.wprdc.org/dataset/f063ae36-6c90-4c3c-aafe-102a876d0d44/resource/8025e160-ffae-4ff6-9c79-8ca045302d74/download/hydrology_areas.kml,KML
f063ae36-6c90-4c3c-aafe-102a876d0d44,download,https://data.wprdc.org/dataset/f063ae36-6c90-4c3c-aafe-102a876d0d44/resource/706a0fb3-5254-4af7-a72e-45f3df639573/download/hydrology_areas.zip,ZIP
d285f358-154e-4115-b2e2-520ccf48a2f1,download,https://openac-alcogis.opendata.arcgis.com/datasets/AlCoGIS::allegheny-county-major-rivers,HTML
d285f358-154e-4115-b2e2-520ccf48a2f1,download,https://data.wprdc.org/datastore/dump/0a8461f2-5e62-48d3-8a0f-66d8b901eb71,CSV
d285f358-154e-4115-b2e2-520ccf48a2f1,download,https://data.wprdc.org/dataset/d285f358-154e-4115-b2e2-520ccf48a2f1/resource/1427a6b8-e3b9-428f-8829-86a92087f52c/download/major_rivers.kml,KML
d285f358-154e-4115-b2e2-520ccf48a2f1,download,https://data.wprdc.org/dataset/d285f358-154e-4115-b2e2-520ccf48a2f1/resource/1c158749-ea09-4151-8b17-44dfb7d85fa8/download/major_rivers.zip,ZIP
8d3104f6-a1dc-46b0-a2bc-9715af02f543,download,https://openac-alcogis.opendata.arcgis.com/datasets/AlCoGIS::allegheny-county-wooded-area-boundaries,HTML
8d3104f6-a1dc-46b0-a2bc-9715af02f543,download,https://data.wprdc.org/datastore/dump/8ddf3cdb-401a-41f3-b694-27ce0d253532,CSV
8d3104f6-a1dc-46b0-a2bc-9715af02f543,download,https://data.wprdc.org/dataset/8d3104f6-a1dc-46b0-a2bc-9715af02f543/resource/01febd6e-e06a-4849-838b-b213f6c3d1b9/download/wooded_areas.kml,KML
8d3104f6-a1dc-46b0-a2bc-9715af02f543,download,https://data.wprdc.org/dataset/8d3104f6-a1dc-46b0-a2bc-9715af02f543/resource/7d60eaf8-c7b8-491d-96cf-671ae3a3b27d/download/wooded_areas.zip,ZIP
2e68481c-3ba2-43fd-a5d5-b833fb1d89b2,download,https://openac-alcogis.opendata.arcgis.com/datasets/AlCoGIS::allegheny-county-basin-outlines-map,HTML
2e68481c-3ba2-43fd-a5d5-b833fb1d89b2,download,https://data.wprdc.org/datastore/dump/5e0d744a-8934-4336-8641-2411fcb07d6c,CSV
2e68481c-3ba2-43fd-a5d5-b833fb1d89b2,download,https://data.wprdc.org/dataset/2e68481c-3ba2-43fd-a5d5-b833fb1d89b2/resource/22db61b4-085a-498e-a436-ada879b9fa2a/download/basins.kml,KML
2e68481c-3ba2-43fd-a5d5-b833fb1d89b2,download,https://data.wprdc.org/dataset/2e68481c-3ba2-43fd-a5d5-b833fb1d89b2/resource/4c301261-dfdf-4a81-a0cc-d1e5d104a648/download/basins.zip,ZIP
e80cb6b3-b31b-4ca8-a8ae-aee164608100,download,https://openac-alcogis.opendata.arcgis.com/datasets/AlCoGIS::allegheny-county-boundary,HTML
e80cb6b3-b31b-4ca8-a8ae-aee164608100,download,https://data.wprdc.org/datastore/dump/9b51d9bf-4ebf-45f2-a81e-db4190ec954a,CSV
e80cb6b3-b31b-4ca8-a8ae-aee164608100,download,https://data.wprdc.org/dataset/e80cb6b3-b31b-4ca8-a8ae-aee164608100/resource/417d46c2-ecdb-4028-b903-30fd42455f0c/download/county_boundary.kml,KML
e80cb6b3-b31b-4ca8-a8ae-aee164608100,download,https://data.wprdc.org/dataset/e80cb6b3-b31b-4ca8-a8ae-aee164608100/resource/103079a0-d5e1-4fb5-be7a-4edabb59aef3/download/county_boundary.zip,ZIP
fbb26682-fcf8-4be0-bb98-defcc01cc985,download,https://openac-alcogis.opendata.arcgis.com/datasets/AlCoGIS::allegheny-county-cell-tower-points,HTML
fbb26682-fcf8-4be0-bb98-defcc01cc985,download,https://data.wprdc.org/datastore/dump/90edaa50-1fbb-48ee-9c77-20a58ba8de0c,CSV
fbb26682-fcf8-4be0-bb98-defcc01cc985,download,https://data.wprdc.org/dataset/fbb26682-fcf8-4be0-bb98-defcc01cc985/resource/b06bbb32-01be-4d7b-83e0-60dda380243a/download/cell_towers.kml,KML
fbb26682-fcf8-4be0-bb98-defcc01cc985,download,https://data.wprdc.org/dataset/fbb26682-fcf8-4be0-bb98-defcc01cc985/resource/36c28bfe-5dc7-472f-a530-2be58df7e6fd/download/cell_towers.zip,ZIP
205353f9-9a87-4727-9d57-5fed1d88273f,download,https://data.wprdc.org/dataset/205353f9-9a87-4727-9d57-5fed1d88273f/resource/58ea1e65-86ce-46ff-885f-f8bc975d8f61/download/magisterial_districts.zip,ZIP
205353f9-9a87-4727-9d57-5fed1d88273f,download,https://data.wprdc.org/datastore/dump/d6801486-5f56-451c-b9da-f692aa30d011,CSV
205353f9-9a87-4727-9d57-5fed1d88273f,download,https://data.wprdc.org/dataset/205353f9-9a87-4727-9d57-5fed1d88273f/resource/0841ff0e-a317-420b-b546-fd7d23ecaa8e/download/magisterial_districts.kml,KML
205353f9-9a87-4727-9d57-5fed1d88273f,download,https://openac-alcogis.opendata.arcgis.com/datasets/AlCoGIS::allegheny-county-magisterial-districts-outlines,HTML
c6276e3b-7f6a-4680-a018-420468b01133,download,https://openac-alcogis.opendata.arcgis.com/datasets/AlCoGIS::allegheny-county-owned-bridge-centerlines,HTML
c6276e3b-7f6a-4680-a018-420468b01133,download,https://data.wprdc.org/datastore/dump/120d5c10-aa16-45d5-8bad-125d869618ce,CSV
c6276e3b-7f6a-4680-a018-420468b01133,download,https://data.wprdc.org/dataset/c6276e3b-7f6a-4680-a018-420468b01133/resource/b215ec40-4146-418a-b48e-2293857c9c1e/download/bridge_centerlines.kml,KML
c6276e3b-7f6a-4680-a018-420468b01133,download,https://data.wprdc.org/dataset/c6276e3b-7f6a-4680-a018-420468b01133/resource/53d982fa-c8d3-41c6-a3bd-3d545861e540/download/bridge_centerlines.zip,ZIP
b1137baf-7316-4e2b-8dbf-a8a72469fce3,download,https://openac-alcogis.opendata.arcgis.com/datasets/AlCoGIS::allegheny-county-public-building-locations,HTML
b1137baf-7316-4e2b-8dbf-a8a72469fce3,download,https://data.wprdc.org/datastore/dump/2affd0cc-3a0f-4dd2-8298-216c26520bbd,CSV
b1137baf-7316-4e2b-8dbf-a8a72469fce3,download,https://data.wprdc.org/dataset/b1137baf-7316-4e2b-8dbf-a8a72469fce3/resource/fe302079-b50c-4d24-8700-ab09fa54dcaf/download/public_buildings.kml,KML
b1137baf-7316-4e2b-8dbf-a8a72469fce3,download,https://data.wprdc.org/dataset/b1137baf-7316-4e2b-8dbf-a8a72469fce3/resource/5d33b5c6-cf81-4a4c-9c34-4fec7eac92cf/download/public_buildings.zip,ZIP
2194aa30-f6af-487d-9f9f-033e31192d6c,download,https://openac-alcogis.opendata.arcgis.com/datasets/AlCoGIS::allegheny-county-watershed-boundaries,HTML
2194aa30-f6af-487d-9f9f-033e31192d6c,download,https://data.wprdc.org/datastore/dump/53320397-34bb-45fb-9edf-5f18232ead02,CSV
2194aa30-f6af-487d-9f9f-033e31192d6c,download,https://data.wprdc.org/dataset/2194aa30-f6af-487d-9f9f-033e31192d6c/resource/0a1ffb0d-98c0-43b5-919e-2c0a817db150/download/watersheds.kml,KML
2194aa30-f6af-487d-9f9f-033e31192d6c,download,https://data.wprdc.org/dataset/2194aa30-f6af-487d-9f9f-033e31192d6c/resource/f8b22c6a-90e5-4aed-9e99-68846c2f59e9/download/watersheds.zip,ZIP
78115312-761a-4841-8fd6-2442acdb7cce,download,https://openac-alcogis.opendata.arcgis.com/datasets/AlCoGIS::allegheny-county-trails-locations,HTML
78115312-761a-4841-8fd6-2442acdb7cce,download,https://data.wprdc.org/datastore/dump/3c9a5709-5567-4b6f-bcae-d62062db3596,CSV
78115312-761a-4841-8fd6-2442acdb7cce,download,https://data.wprdc.org/dataset/78115312-761a-4841-8fd6-2442acdb7cce/resource/e8fa4979-a003-4493-a381-8957d2d98d4b/download/all_trails.kml,KML
78115312-761a-4841-8fd6-2442acdb7cce,download,https://data.wprdc.org/dataset/78115312-761a-4841-8fd6-2442acdb7cce/resource/427b31fe-02a6-41bf-9c0f-c915dd39a08a/download/all_trails.zip,ZIP
93770e04-4378-4637-b449-aac1677b8fd7,download,https://openac-alcogis.opendata.arcgis.com/datasets/AlCoGIS::allegheny-county-wic-vendor-locations,HTML
93770e04-4378-4637-b449-aac1677b8fd7,download,https://data.wprdc.org/datastore/dump/b5ff0e17-050a-4f22-b216-99405a082631,CSV
93770e04-4378-4637-b449-aac1677b8fd7,download,https://data.wprdc.org/dataset/93770e04-4378-4637-b449-aac1677b8fd7/resource/e7a5ff2b-ab1b-4531-92cb-89a2703cfc0f/download/wic_vendors.kml,KML
93770e04-4378-4637-b449-aac1677b8fd7,download,https://data.wprdc.org/dataset/93770e04-4378-4637-b449-aac1677b8fd7/resource/6c88a2dd-861a-4c2a-9849-4d0ab161bf8f/download/wic_vendors.zip,ZIP
df953315-6b4d-47e6-9502-d5a6af83d993,download,https://openac-alcogis.opendata.arcgis.com/datasets/AlCoGIS::allegheny-county-voting-district-boundaries,HTML
df953315-6b4d-47e6-9502-d5a6af83d993,download,https://data.wprdc.org/datastore/dump/2e3ffd59-50e1-4607-b81b-a6de8c3d07e6,CSV
df953315-6b4d-47e6-9502-d5a6af83d993,download,https://data.wprdc.org/dataset/df953315-6b4d-47e6-9502-d5a6af83d993/resource/b5b949d2-f489-49f9-9a19-06e453c612b6/download/voting_bounds.kml,KML
df953315-6b4d-47e6-9502-d5a6af83d993,download,https://data.wprdc.org/dataset/df953315-6b4d-47e6-9502-d5a6af83d993/resource/dea1f0b4-70d6-4f94-8859-5dc8c972d919/download/voting_bounds.zip,ZIP
a00402b4-dd73-46fc-8a18-99c3709c5881,download,https://openac-alcogis.opendata.arcgis.com/datasets/AlCoGIS::allegheny-county-elections-polling-places-current,HTML
a00402b4-dd73-46fc-8a18-99c3709c5881,download,https://data.wprdc.org/datastore/dump/98ef0c14-e60a-4283-95cb-c2ff6759c4b0,CSV
a00402b4-dd73-46fc-8a18-99c3709c5881,download,https://data.wprdc.org/dataset/a00402b4-dd73-46fc-8a18-99c3709c5881/resource/6c5569a6-749c-4db4-a4e9-e951993a759d/download/polls.kml,KML
a00402b4-dd73-46fc-8a18-99c3709c5881,download,https://data.wprdc.org/dataset/a00402b4-dd73-46fc-8a18-99c3709c5881/resource/152aff87-928f-45ec-9deb-316ce20768fe/download/polls.zip,ZIP
73eb573e-cc12-4f29-8e69-17f7975c89cb,download,https://openac-alcogis.opendata.arcgis.com/datasets/AlCoGIS::allegheny-county-council-districts,HTML
73eb573e-cc12-4f29-8e69-17f7975c89cb,download,https://data.wprdc.org/datastore/dump/674c503a-891c-45a4-aeb5-9dc6a46d3694,CSV
73eb573e-cc12-4f29-8e69-17f7975c89cb,download,https://data.wprdc.org/dataset/73eb573e-cc12-4f29-8e69-17f7975c89cb/resource/3dd50939-6a34-4902-82c1-c7029a5b6cee/download/council.kml,KML
73eb573e-cc12-4f29-8e69-17f7975c89cb,download,https://data.wprdc.org/dataset/73eb573e-cc12-4f29-8e69-17f7975c89cb/resource/f72c8c5c-3594-4f8b-b22c-5d3a15096d56/download/council.zip,ZIP
e41c0a67-837f-460c-94a9-6650b74f10da,download,https://openac-alcogis.opendata.arcgis.com/datasets/AlCoGIS::allegheny-county-school-district-boundaries,HTML
e41c0a67-837f-460c-94a9-6650b74f10da,download,https://data.wprdc.org/datastore/dump/75727e1d-61cd-43d0-90b5-e8f2ccd2dcb0,CSV
e41c0a67-837f-460c-94a9-6650b74f10da,download,https://data.wprdc.org/dataset/e41c0a67-837f-460c-94a9-6650b74f10da/resource/85924f6f-4277-4ea9-b02f-9919bfe03e50/download/school_districts.kml,KML
e41c0a67-837f-460c-94a9-6650b74f10da,download,https://data.wprdc.org/dataset/e41c0a67-837f-460c-94a9-6650b74f10da/resource/448d57c0-4914-48d9-982d-d871f6a134bf/download/school_districts.zip,ZIP
a696c68a-7233-4415-84c9-5d641e37f3bc,download,https://openac-alcogis.opendata.arcgis.com/datasets/AlCoGIS::allegheny-county-parks-outlines,HTML
a696c68a-7233-4415-84c9-5d641e37f3bc,download,https://data.wprdc.org/datastore/dump/854a3cb0-380a-4762-85a5-1a252982a471,CSV
a696c68a-7233-4415-84c9-5d641e37f3bc,download,https://data.wprdc.org/dataset/a696c68a-7233-4415-84c9-5d641e37f3bc/resource/1fdfe8c0-6d6c-4088-a05e-cc45b39f5097/download/park_outlines.kml,KML
a696c68a-7233-4415-84c9-5d641e37f3bc,download,https://data.wprdc.org/dataset/a696c68a-7233-4415-84c9-5d641e37f3bc/resource/47f77edf-3bdf-4e1b-8d62-22172da1b5be/download/park_outlines.zip,ZIP
829733f9-61dd-48ad-a68c-e5193d3ce14b,download,https://openac-alcogis.opendata.arcgis.com/datasets/AlCoGIS::allegheny-county-land-cover-areas,HTML
829733f9-61dd-48ad-a68c-e5193d3ce14b,download,https://data.wprdc.org/datastore/dump/4a71c4fc-ceb6-4332-a7f0-b56aa829d0ce,CSV
829733f9-61dd-48ad-a68c-e5193d3ce14b,download,https://data.wprdc.org/dataset/829733f9-61dd-48ad-a68c-e5193d3ce14b/resource/6720f1b2-635a-407e-a8bf-d52abb575cfc/download/land_cover.kml,KML
829733f9-61dd-48ad-a68c-e5193d3ce14b,download,https://data.wprdc.org/dataset/829733f9-61dd-48ad-a68c-e5193d3ce14b/resource/21643cbf-ef4b-49f0-9e50-6a3665af0f13/download/land_cover.zip,ZIP
c5e96c79-d968-403e-9945-e798703ff440,download,https://openac-alcogis.opendata.arcgis.com/datasets/AlCoGIS::allegheny-county-dpw-maintenance-districts-1,HTML
c5e96c79-d968-403e-9945-e798703ff440,download,https://data.wprdc.org/datastore/dump/41ef594a-9582-4f51-93ff-624a58a23076,CSV
c5e96c79-d968-403e-9945-e798703ff440,download,https://data.wprdc.org/dataset/c5e96c79-d968-403e-9945-e798703ff440/resource/8c3512d0-0388-4429-be99-3b5169132874/download/dpw_districts_kml.kml,KML
c5e96c79-d968-403e-9945-e798703ff440,download,https://data.wprdc.org/dataset/c5e96c79-d968-403e-9945-e798703ff440/resource/3dc395a7-a677-4158-8548-8409547e4345/download/dpw_districts_shapefile.zip,ZIP
7e26b7ca-26c1-4185-b33f-d17f4c6af9de,download,https://openac-alcogis.opendata.arcgis.com/datasets/AlCoGIS::allegheny-county-beltway-system-street-centerlines,HTML
7e26b7ca-26c1-4185-b33f-d17f4c6af9de,download,https://data.wprdc.org/datastore/dump/7a262903-4e1c-428c-9007-4393265380ca,CSV
7e26b7ca-26c1-4185-b33f-d17f4c6af9de,download,https://data.wprdc.org/dataset/7e26b7ca-26c1-4185-b33f-d17f4c6af9de/resource/6421dff8-250e-4097-b147-830832c0bbe8/download/beltway.kml,KML
7e26b7ca-26c1-4185-b33f-d17f4c6af9de,download,https://data.wprdc.org/dataset/7e26b7ca-26c1-4185-b33f-d17f4c6af9de/resource/cd9eb1ed-5709-44b8-a1a8-c62ee56c781d/download/beltway.zip,ZIP
676409b6-c7d2-476f-b87d-e1d707c8aa36,download,https://openac-alcogis.opendata.arcgis.com/datasets/AlCoGIS::allegheny-county-dam-locations,HTML
676409b6-c7d2-476f-b87d-e1d707c8aa36,download,https://data.wprdc.org/datastore/dump/7e29f9b2-84f9-4072-8a7e-15f20b5d9bf2,CSV
676409b6-c7d2-476f-b87d-e1d707c8aa36,download,https://data.wprdc.org/dataset/676409b6-c7d2-476f-b87d-e1d707c8aa36/resource/90542885-3614-4a23-9efa-6fc16d8aa503/download/dams.kml,KML
676409b6-c7d2-476f-b87d-e1d707c8aa36,download,https://data.wprdc.org/dataset/676409b6-c7d2-476f-b87d-e1d707c8aa36/resource/a109d490-73ca-4839-8d50-527e1c11987c/download/dams.zip,ZIP
c16b5379-3f99-4bdf-8d52-63fd25676d6e,download,https://openac-alcogis.opendata.arcgis.com/datasets/AlCoGIS::allegheny-county-park-features,HTML
c16b5379-3f99-4bdf-8d52-63fd25676d6e,download,https://data.wprdc.org/datastore/dump/9bd66142-ffbe-4342-9ed8-d2a11dcce60f,CSV
c16b5379-3f99-4bdf-8d52-63fd25676d6e,download,https://data.wprdc.org/dataset/c16b5379-3f99-4bdf-8d52-63fd25676d6e/resource/789db8c2-3d79-408e-8075-f94005f29760/download/park_features.kml,KML
c16b5379-3f99-4bdf-8d52-63fd25676d6e,download,https://data.wprdc.org/dataset/c16b5379-3f99-4bdf-8d52-63fd25676d6e/resource/aa5eaedb-0642-4948-91e7-95a9c44d893e/download/park_features.zip,ZIP
4b94de97-eed9-4717-ad85-bab8d227a457,download,https://openac-alcogis.opendata.arcgis.com/datasets/AlCoGIS::allegheny-county-hydrology-lines,HTML
4b94de97-eed9-4717-ad85-bab8d227a457,download,https://data.wprdc.org/datastore/dump/bfbc5e9b-a0d0-4b21-ae5b-4666175a1ec4,CSV
4b94de97-eed9-4717-ad85-bab8d227a457,download,https://data.wprdc.org/dataset/4b94de97-eed9-4717-ad85-bab8d227a457/resource/e6766bf2-1f48-496d-b671-ae7a149ec401/download/hydrology_lines.kml,KML
4b94de97-eed9-4717-ad85-bab8d227a457,download,https://data.wprdc.org/dataset/4b94de97-eed9-4717-ad85-bab8d227a457/resource/8ec4decc-15dd-45dd-81c1-39a5d2e7e70b/download/hydrology_lines.zip,ZIP
2fa577d6-1a6b-46a8-8165-27fecac1dee5,download,https://openac-alcogis.opendata.arcgis.com/datasets/AlCoGIS::allegheny-county-municipal-boundaries,HTML
2fa577d6-1a6b-46a8-8165-27fecac1dee5,download,https://data.wprdc.org/datastore/dump/44ef6677-ade7-4fda-a32c-93cf124cf09b,CSV
2fa577d6-1a6b-46a8-8165-27fecac1dee5,download,https://data.wprdc.org/dataset/2fa577d6-1a6b-46a8-8165-27fecac1dee5/resource/7916c74c-8612-4edf-919b-8605a23af526/download/muni_boundaries.kml,KML
2fa577d6-1a6b-46a8-8165-27fecac1dee5,download,https://data.wprdc.org/dataset/2fa577d6-1a6b-46a8-8165-27fecac1dee5/resource/744aa7aa-b75e-41d3-8b15-6c1288e43844/download/muni_boundaries.zip,ZIP
7973ae28-2f11-46c0-9cbb-59af8b9271b7,download,https://openac-alcogis.opendata.arcgis.com/datasets/AlCoGIS::allegheny-county-cemeteries,HTML
7973ae28-2f11-46c0-9cbb-59af8b9271b7,download,https://data.wprdc.org/datastore/dump/2db54f3b-ae7c-4d54-af41-f0cb3e29bb8b,CSV
7973ae28-2f11-46c0-9cbb-59af8b9271b7,download,https://data.wprdc.org/dataset/7973ae28-2f11-46c0-9cbb-59af8b9271b7/resource/cf2b83d0-d9b7-438f-8c6f-187307a3df30/download/cemeteries.kml,KML
7973ae28-2f11-46c0-9cbb-59af8b9271b7,download,https://data.wprdc.org/dataset/7973ae28-2f11-46c0-9cbb-59af8b9271b7/resource/9dfe9edc-d148-49be-91fc-d5a7759c6ecc/download/cemeteries.zip,ZIP
749d1cdb-cd9e-4da2-bfdc-1fe299f9ba84,download,https://openac-alcogis.opendata.arcgis.com/datasets/AlCoGIS::allegheny-county-soil-type-areas,HTML
749d1cdb-cd9e-4da2-bfdc-1fe299f9ba84,download,https://data.wprdc.org/datastore/dump/a67e8bfc-8a91-426e-b770-0bd6257816cc,CSV
749d1cdb-cd9e-4da2-bfdc-1fe299f9ba84,download,https://data.wprdc.org/dataset/749d1cdb-cd9e-4da2-bfdc-1fe299f9ba84/resource/c6124279-7da7-49ed-8b7d-c09b9748bf53/download/soil_areas.kml,KML
749d1cdb-cd9e-4da2-bfdc-1fe299f9ba84,download,https://data.wprdc.org/dataset/749d1cdb-cd9e-4da2-bfdc-1fe299f9ba84/resource/f6765a08-f348-4ea2-93c4-3963fa55d68a/download/soil_areas.zip,ZIP
582f82cb-800b-42b4-85a5-883ce46fceab,download,https://openac-alcogis.opendata.arcgis.com/datasets/AlCoGIS::allegheny-county-owned-roads-centerlines,HTML
582f82cb-800b-42b4-85a5-883ce46fceab,download,https://data.wprdc.org/datastore/dump/4a1f476c-65de-4f45-aa5c-0a27da2a4164,CSV
582f82cb-800b-42b4-85a5-883ce46fceab,download,https://data.wprdc.org/dataset/582f82cb-800b-42b4-85a5-883ce46fceab/resource/a6ac4a25-ecdc-4973-9f0f-6a0ad5b43892/download/co_centerlines.kml,KML
582f82cb-800b-42b4-85a5-883ce46fceab,download,https://data.wprdc.org/dataset/582f82cb-800b-42b4-85a5-883ce46fceab/resource/b0fbb5cf-5ac4-45a1-aba7-713e961f9378/download/co_centerlines.zip,ZIP
d0014e78-69d1-45ac-8d6c-236055f3b72e,download,https://data.wprdc.org/datastore/dump/1547be15-34a6-4994-b73d-20bcf4718dba,CSV
d0014e78-69d1-45ac-8d6c-236055f3b72e,download,https://data.wprdc.org/datastore/dump/12e00874-bdca-46c2-89ab-bd0e9272b3cb,CSV
d0014e78-69d1-45ac-8d6c-236055f3b72e,download,https://data.wprdc.org/datastore/dump/c74b5a54-7448-4aa2-82f9-e6663fc10412,CSV
d0014e78-69d1-45ac-8d6c-236055f3b72e,download,https://data.wprdc.org/datastore/dump/90432617-9b09-4084-919b-02aa002b6512,CSV
d0014e78-69d1-45ac-8d6c-236055f3b72e,download,https://data.wprdc.org/datastore/dump/959aa0a8-9404-4680-ac33-7c5586eecc4e,CSV
98ec7315-47ad-4ffc-9368-dea01d054761,download,https://data.wprdc.org/datastore/dump/f6a29a0f-cc32-4fd4-8adb-d45e11e09022,CSV
98ec7315-47ad-4ffc-9368-dea01d054761,download,https://data.wprdc.org/dataset/98ec7315-47ad-4ffc-9368-dea01d054761/resource/fea0f9c4-05f7-4764-8560-1f9f0432fede/download/municipal-building-energy-and-water-use.xlsx,XLSX
98ec7315-47ad-4ffc-9368-dea01d054761,download,https://data.wprdc.org/dataset/98ec7315-47ad-4ffc-9368-dea01d054761/resource/21b044b4-38b6-4a05-83c5-7ec3ed6f9b88/download/municipal-building-energy-and-water-use.csv,CSV
dc57451d-3ff1-4956-942b-22c522b9a620,download,https://data.wprdc.org/datastore/dump/34ec60b4-9ec7-40ad-9fa8-088cfcad8764,CSV
34f6668d-130d-4e10-b49b-598c43b83d27,download,https://www.pasda.psu.edu/uci/DataSummary.aspx?dataset=1224,HTML
34f6668d-130d-4e10-b49b-598c43b83d27,download,https://data.wprdc.org/datastore/dump/453e8677-66b0-45c0-8083-b8955ac742c7,CSV
34f6668d-130d-4e10-b49b-598c43b83d27,download,https://data.wprdc.org/dataset/34f6668d-130d-4e10-b49b-598c43b83d27/resource/6ea5901e-035d-4357-a219-413dcd843eb9/download/alleghenycounty_streetcenterlines202607.kmz,KMZ
34f6668d-130d-4e10-b49b-598c43b83d27,download,https://data.wprdc.org/dataset/34f6668d-130d-4e10-b49b-598c43b83d27/resource/736ee220-d51d-4e3b-874f-10eabb3c4f1b/download/alleghenycounty_streetcenterlines202607.zip,ZIP
4988ae5c-a677-4a7f-9bd0-e735c19a8ff3,download,https://www.pasda.psu.edu/uci/DataSummary.aspx?dataset=1219,HTML
4988ae5c-a677-4a7f-9bd0-e735c19a8ff3,download,https://data.wprdc.org/datastore/dump/ddc46dc5-65bf-42d2-b67d-dd45954b25da,CSV
4988ae5c-a677-4a7f-9bd0-e735c19a8ff3,download,https://data.wprdc.org/dataset/4988ae5c-a677-4a7f-9bd0-e735c19a8ff3/resource/a516f9b4-17ac-42e6-81e3-4385eb22daea/download/alleghenycounty_addresspoints202607.zip,ZIP
4988ae5c-a677-4a7f-9bd0-e735c19a8ff3,download,https://data.wprdc.org/dataset/4988ae5c-a677-4a7f-9bd0-e735c19a8ff3/resource/33a9ff82-7662-4a19-9e1d-cefe8c61b529/download/alleghenycounty_addresspoints202607.kmz,KMZ
709e4e52-6f82-4cd0-a848-f3e2b3f5d22b,download,https://www.pasda.psu.edu/uci/DataSummary.aspx?dataset=1214,HTML
709e4e52-6f82-4cd0-a848-f3e2b3f5d22b,download,https://data.wprdc.org/datastore/dump/858bbc0f-b949-4e22-b4bb-1a78fef24afc,CSV
709e4e52-6f82-4cd0-a848-f3e2b3f5d22b,download,https://data.wprdc.org/dataset/709e4e52-6f82-4cd0-a848-f3e2b3f5d22b/resource/55c40a7d-8a93-4f86-a64d-392c1aef8942/download/alleghenycounty_parcels202607.kmz,KMZ
709e4e52-6f82-4cd0-a848-f3e2b3f5d22b,download,https://data.wprdc.org/dataset/709e4e52-6f82-4cd0-a848-f3e2b3f5d22b/resource/be216088-d51c-41ce-aa4a-2c315c2c7725/download/alleghenycounty_parcels202607.zip,ZIP
d93bb0b3-f123-4ac5-8ca2-21fb4da70b86,download,https://data.wprdc.org/datastore/dump/4ff5eb17-e2ad-4818-97c4-8f91fc6b6396,CSV
d93bb0b3-f123-4ac5-8ca2-21fb4da70b86,download,https://data.wprdc.org/dataset/d93bb0b3-f123-4ac5-8ca2-21fb4da70b86/resource/9070809b-54d9-441d-802e-812fcb7c825a/download/documentation-city-owned-properties.xlsx,XLSX
1131f3a9-bbd8-4ca0-963a-c7ccadffcee4,download,https://data.wprdc.org/datastore/dump/fd924520-d568-4da2-967c-60b3a305e681,CSV
1131f3a9-bbd8-4ca0-963a-c7ccadffcee4,download,https://data.wprdc.org/dataset/1131f3a9-bbd8-4ca0-963a-c7ccadffcee4/resource/4c9d85b4-8c94-4329-9fbe-9b2af066ac39/download/documentation-property-tax-abatement.xlsx,XLSX
97491251-e607-405f-b89a-af64002b0628,download,https://data.wprdc.org/datastore/dump/6b2aa631-26e0-4d02-abe0-7fb87707210c,CSV
97491251-e607-405f-b89a-af64002b0628,download,https://data.wprdc.org/dataset/97491251-e607-405f-b89a-af64002b0628/resource/55d8d7f4-b2bf-4dfd-b8b7-a37ab4c9029e/download/tsaledictionary.xlsx,XLSX
d0e6dbc6-7086-460d-8479-440a0a4492dd,download,https://data.wprdc.org/datastore/dump/ed0d1550-c300-4114-865c-82dc7c23235b,CSV
d0e6dbc6-7086-460d-8479-440a0a4492dd,download,https://data.wprdc.org/dataset/d0e6dbc6-7086-460d-8479-440a0a4492dd/resource/3508a696-2680-447b-8e45-64d485f52665/download/delinquentdatadictionary.xlsx,XLSX
2b5324d4-c57f-42f7-bac8-2aec26e199cf,download,https://data.wprdc.org/datastore/dump/e88c10d5-541d-417f-aef6-25cc5637aeb1,CSV
2b5324d4-c57f-42f7-bac8-2aec26e199cf,download,https://data.wprdc.org/datastore/dump/7e195511-5219-4d16-84f7-f34a2aedf5b4,CSV
2b5324d4-c57f-42f7-bac8-2aec26e199cf,download,https://data.wprdc.org/datastore/dump/51470435-a36f-4385-aee2-1c4766214a9a,CSV
7bec7990-e46e-4cda-b595-246da73d7280,download,https://data.wprdc.org/dataset/7bec7990-e46e-4cda-b595-246da73d7280/resource/f0f3a579-12a5-4002-9e60-e0b19c796091/download/fire_stations.zip,ZIP
7bec7990-e46e-4cda-b595-246da73d7280,download,https://data.wprdc.org/datastore/dump/bd189b0b-d874-436b-a1ca-e2ae2faa06e4,CSV
7bec7990-e46e-4cda-b595-246da73d7280,download,https://data.wprdc.org/dataset/7bec7990-e46e-4cda-b595-246da73d7280/resource/8e4440cf-c2ce-4d56-bb83-6a7e30eafc78/download/fire_stations.kml,KML
7bec7990-e46e-4cda-b595-246da73d7280,download,https://pghgishub-pittsburghpa.opendata.arcgis.com/datasets/pittsburghpa::fire-station,HTML
ee23d41a-7c7d-4093-9245-b1691b7b9b4d,download,https://data.wprdc.org/dataset/ee23d41a-7c7d-4093-9245-b1691b7b9b4d/resource/a3ad63a3-e1b0-4b37-b16c-d397c1467b9b/download/high_injury.zip,ZIP
ee23d41a-7c7d-4093-9245-b1691b7b9b4d,download,https://data.wprdc.org/datastore/dump/381b96e5-69e9-47c0-b2d3-2ba594856b49,CSV
ee23d41a-7c7d-4093-9245-b1691b7b9b4d,download,https://data.wprdc.org/dataset/ee23d41a-7c7d-4093-9245-b1691b7b9b4d/resource/77caab36-9362-479d-b7a0-dd184dc986c6/download/high_injury.kml,KML
ee23d41a-7c7d-4093-9245-b1691b7b9b4d,download,https://pghgishub-pittsburghpa.opendata.arcgis.com/datasets/pittsburghpa::high-injury-network-1,HTML
7123fa53-04e3-445d-9a98-ca130fc062af,download,https://pghgishub-pittsburghpa.opendata.arcgis.com/datasets/pittsburghpa::pghzoningheightoverlay,HTML
7123fa53-04e3-445d-9a98-ca130fc062af,download,https://data.wprdc.org/datastore/dump/73920c73-31ab-4bac-a3b1-f472d2f8e916,CSV
7123fa53-04e3-445d-9a98-ca130fc062af,download,https://data.wprdc.org/dataset/7123fa53-04e3-445d-9a98-ca130fc062af/resource/8394ea49-d000-44b1-aa3d-ea22f4d25478/download/zoning_heights.kml,KML
7123fa53-04e3-445d-9a98-ca130fc062af,download,https://data.wprdc.org/dataset/7123fa53-04e3-445d-9a98-ca130fc062af/resource/05bb7731-5016-42bf-9e59-f18033ad2741/download/zoning_heights.zip,ZIP
9ebd073b-f637-4f33-a7c2-619d23dd085a,download,https://pghgishub-pittsburghpa.opendata.arcgis.com/datasets/pittsburghpa::pittsburgh-street-centerline,HTML
9ebd073b-f637-4f33-a7c2-619d23dd085a,download,https://data.wprdc.org/datastore/dump/dd13c2e7-4a83-40aa-a040-08a27385759b,CSV
9ebd073b-f637-4f33-a7c2-619d23dd085a,download,https://data.wprdc.org/dataset/9ebd073b-f637-4f33-a7c2-619d23dd085a/resource/64ea38b7-91e7-4c56-961d-872aa9b83c4b/download/pgh_centerlines.kml,KML
9ebd073b-f637-4f33-a7c2-619d23dd085a,download,https://data.wprdc.org/dataset/9ebd073b-f637-4f33-a7c2-619d23dd085a/resource/308f075c-1628-4fc6-8450-ac3ff23dfde0/download/pgh_centerlines.zip,ZIP
e43ad211-523f-4f7d-8f96-e65d5a10a5df,download,https://pghgishub-pittsburghpa.opendata.arcgis.com/datasets/pittsburghpa::ballfields-pgh,HTML
e43ad211-523f-4f7d-8f96-e65d5a10a5df,download,https://data.wprdc.org/datastore/dump/9aa6f92f-aa06-48d2-8303-88b5bc398236,CSV
e43ad211-523f-4f7d-8f96-e65d5a10a5df,download,https://data.wprdc.org/dataset/e43ad211-523f-4f7d-8f96-e65d5a10a5df/resource/87719239-314e-4311-a6e4-6faac16872d2/download/ballfields.kml,KML
e43ad211-523f-4f7d-8f96-e65d5a10a5df,download,https://data.wprdc.org/dataset/e43ad211-523f-4f7d-8f96-e65d5a10a5df/resource/dbe634cd-a6ab-413b-a198-8ac695a84017/download/ballfields.zip,ZIP
96d43314-a8d6-4c74-86dc-4625e1eff8e8,download,https://pghgishub-pittsburghpa.opendata.arcgis.com/datasets/pittsburghpa::pittsburgh-parking-authority-terminals,HTML
96d43314-a8d6-4c74-86dc-4625e1eff8e8,download,https://data.wprdc.org/datastore/dump/72fff5c4-5ef2-4437-9e40-e2d999d455ed,CSV
96d43314-a8d6-4c74-86dc-4625e1eff8e8,download,https://data.wprdc.org/dataset/96d43314-a8d6-4c74-86dc-4625e1eff8e8/resource/e4031a0e-9528-4b53-ac4b-c6a05ef0d351/download/terminals.kml,KML
96d43314-a8d6-4c74-86dc-4625e1eff8e8,download,https://data.wprdc.org/dataset/96d43314-a8d6-4c74-86dc-4625e1eff8e8/resource/dc63d06f-28de-4149-8116-f2fd9ade3bbe/download/terminals.zip,ZIP
d3b826ab-02e9-47a2-a0bf-68a741007721,download,https://pghgishub-pittsburghpa.opendata.arcgis.com/datasets/pittsburghpa::pittsburgh-parking-authority-meter-areas,HTML
d3b826ab-02e9-47a2-a0bf-68a741007721,download,https://data.wprdc.org/datastore/dump/c4571554-aaf1-4d02-9739-60a78875bb1d,CSV
d3b826ab-02e9-47a2-a0bf-68a741007721,download,https://data.wprdc.org/dataset/d3b826ab-02e9-47a2-a0bf-68a741007721/resource/a1e837ca-1003-43f1-ad09-de2ac8ff71c1/download/meter_areas.kml,KML
d3b826ab-02e9-47a2-a0bf-68a741007721,download,https://data.wprdc.org/dataset/d3b826ab-02e9-47a2-a0bf-68a741007721/resource/f536da03-dab7-4438-850f-1fe6b559d7f2/download/meter_areas.zip,ZIP
706febd5-e08c-425f-90bd-f1ad8af1ce0f,download,https://pghgishub-pittsburghpa.opendata.arcgis.com/datasets/pittsburghpa::pghwebcdbg2018blockgroups,HTML
706febd5-e08c-425f-90bd-f1ad8af1ce0f,download,https://data.wprdc.org/datastore/dump/dc85da67-b32f-4408-acef-b763d08b5bf0,CSV
706febd5-e08c-425f-90bd-f1ad8af1ce0f,download,https://data.wprdc.org/dataset/706febd5-e08c-425f-90bd-f1ad8af1ce0f/resource/712beb6e-aa18-4918-a242-cbf165d9efdd/download/2018_cdbg_block_groups.kml,KML
706febd5-e08c-425f-90bd-f1ad8af1ce0f,download,https://data.wprdc.org/dataset/706febd5-e08c-425f-90bd-f1ad8af1ce0f/resource/45bdccde-e6ec-423a-883c-80760359e268/download/2018_cdbg_block_groups.zip,ZIP
706febd5-e08c-425f-90bd-f1ad8af1ce0f,download,https://pghgishub-pittsburghpa.opendata.arcgis.com/datasets/a1696bd0aa8648249a94e9a56a1d56f8_0,HTML
706febd5-e08c-425f-90bd-f1ad8af1ce0f,download,https://data.wprdc.org/datastore/dump/14837c07-5495-4e51-9f1e-bb65a27997ae,CSV
706febd5-e08c-425f-90bd-f1ad8af1ce0f,download,https://data.wprdc.org/dataset/706febd5-e08c-425f-90bd-f1ad8af1ce0f/resource/2139b5a9-5aad-4946-b9fc-44b07a728d94/download/cdbg2014blockgroups_4686692826761926366.kmz,KMZ
706febd5-e08c-425f-90bd-f1ad8af1ce0f,download,https://pghgishub-pittsburghpa.opendata.arcgis.com/datasets/a1696bd0aa8648249a94e9a56a1d56f8_0.zip?outSR=%7B%22latestWkid%22%3A2272%2C%22wkid%22%3A102729%7D,ZIP
bdd1b7d7-a2a8-4773-ad02-f062fda9a29e,download,https://pghgishub-pittsburghpa.opendata.arcgis.com/datasets/pittsburghpa::pghwebcdbg2018censustracts,HTML
bdd1b7d7-a2a8-4773-ad02-f062fda9a29e,download,https://data.wprdc.org/datastore/dump/116d28e7-fbdb-4c58-a845-6e2c00a4fde0,CSV
bdd1b7d7-a2a8-4773-ad02-f062fda9a29e,download,https://data.wprdc.org/dataset/bdd1b7d7-a2a8-4773-ad02-f062fda9a29e/resource/00c412ad-02ee-4f2e-a532-77809601f9a0/download/2018_cdbg_tracts.kml,KML
bdd1b7d7-a2a8-4773-ad02-f062fda9a29e,download,https://data.wprdc.org/dataset/bdd1b7d7-a2a8-4773-ad02-f062fda9a29e/resource/4acd49dd-11b7-4341-8c4a-97ac5f28e681/download/2018_cdbg_tracts.zip,ZIP
bdd1b7d7-a2a8-4773-ad02-f062fda9a29e,download,https://pghgishub-pittsburghpa.opendata.arcgis.com/maps/pittsburghpa::pittsburgh-2014-cdbg-census-tracts,HTML
bdd1b7d7-a2a8-4773-ad02-f062fda9a29e,download,https://data.wprdc.org/datastore/dump/6babf974-85e3-4e2b-af34-3e0c962c54d6,CSV
bdd1b7d7-a2a8-4773-ad02-f062fda9a29e,download,https://data.wprdc.org/dataset/bdd1b7d7-a2a8-4773-ad02-f062fda9a29e/resource/07ef0e29-eaf0-4c47-81e4-2767aafd96de/download/pittsburghpapittsburgh-2014-cdbg-census-tracts.kml,KML
bdd1b7d7-a2a8-4773-ad02-f062fda9a29e,download,https://data.wprdc.org/dataset/bdd1b7d7-a2a8-4773-ad02-f062fda9a29e/resource/ecb62deb-fb1b-4412-a237-fd4649c2cc1d/download/pittsburghpapittsburgh-2014-cdbg-census-tracts.zip,ZIP
d4492d7d-58f4-415f-9ffe-cc0152187468,download,https://pghgishub-pittsburghpa.opendata.arcgis.com/datasets/pittsburghpa::pgh-watersheds,HTML
d4492d7d-58f4-415f-9ffe-cc0152187468,download,https://data.wprdc.org/datastore/dump/d6ba2cc7-af46-41ab-9a2e-f8711bfeeabe,CSV
d4492d7d-58f4-415f-9ffe-cc0152187468,download,https://data.wprdc.org/dataset/d4492d7d-58f4-415f-9ffe-cc0152187468/resource/3834d1ed-1f1e-4fd0-885d-50475b870c6a/download/watersheds.kml,KML
d4492d7d-58f4-415f-9ffe-cc0152187468,download,https://data.wprdc.org/dataset/d4492d7d-58f4-415f-9ffe-cc0152187468/resource/54db7786-f9e5-4988-9148-8c797c7e9b4f/download/watersheds.zip,ZIP
7bd99c7c-e824-4710-894b-73721bef6f88,download,https://pghgishub-pittsburghpa.opendata.arcgis.com/datasets/pittsburghpa::emergency-medical-service-districts,HTML
7bd99c7c-e824-4710-894b-73721bef6f88,download,https://data.wprdc.org/datastore/dump/9c817094-ab87-4ef8-b92a-e0e9289e7553,CSV
7bd99c7c-e824-4710-894b-73721bef6f88,download,https://data.wprdc.org/dataset/7bd99c7c-e824-4710-894b-73721bef6f88/resource/e4b54364-8c62-4897-abca-e99f17f91c92/download/ems.kml,KML
7bd99c7c-e824-4710-894b-73721bef6f88,download,https://data.wprdc.org/dataset/7bd99c7c-e824-4710-894b-73721bef6f88/resource/e1768195-5ecc-415e-8510-746bdec385b7/download/ems.zip,ZIP
4c9b78ee-d044-418d-97c9-130ccdcb3435,download,https://pghgishub-pittsburghpa.opendata.arcgis.com/datasets/pittsburghpa::2014-fema-flood-zones,HTML
4c9b78ee-d044-418d-97c9-130ccdcb3435,download,https://data.wprdc.org/datastore/dump/64601957-d7f4-473a-a5d0-4074040286c6,CSV
4c9b78ee-d044-418d-97c9-130ccdcb3435,download,https://data.wprdc.org/dataset/4c9b78ee-d044-418d-97c9-130ccdcb3435/resource/70727778-0a07-4ca1-abb2-33442a230701/download/flood_zones.kml,KML
4c9b78ee-d044-418d-97c9-130ccdcb3435,download,https://data.wprdc.org/dataset/4c9b78ee-d044-418d-97c9-130ccdcb3435/resource/ff36bc74-308d-475f-a543-92e3d5b08391/download/flood_zones.zip,ZIP
8039a2c9-fc4d-464d-bb21-e43738be94cc,download,https://pghgishub-pittsburghpa.opendata.arcgis.com/datasets/pittsburghpa::police-sectors,HTML
8039a2c9-fc4d-464d-bb21-e43738be94cc,download,https://data.wprdc.org/datastore/dump/158c2cdd-d14b-482d-bc03-2f729fb67231,CSV
8039a2c9-fc4d-464d-bb21-e43738be94cc,download,https://data.wprdc.org/dataset/8039a2c9-fc4d-464d-bb21-e43738be94cc/resource/af166b21-ec5a-4d9d-9669-bf14c34f113f/download/police_sectors.kml,KML
8039a2c9-fc4d-464d-bb21-e43738be94cc,download,https://data.wprdc.org/dataset/8039a2c9-fc4d-464d-bb21-e43738be94cc/resource/c5a44cfc-73d0-4b44-86a6-ce41b01c3855/download/police_sectors.zip,ZIP
412a036d-cf8c-4b72-8525-878b533a2641,download,https://pghgishub-pittsburghpa.opendata.arcgis.com/datasets/pittsburghpa::police-zones-1,HTML
412a036d-cf8c-4b72-8525-878b533a2641,download,https://data.wprdc.org/datastore/dump/1d607bed-cad1-4cd2-a94b-0f4f54c07bb5,CSV
412a036d-cf8c-4b72-8525-878b533a2641,download,https://data.wprdc.org/dataset/412a036d-cf8c-4b72-8525-878b533a2641/resource/f33992ba-ad11-40c4-b617-aae6af5e935c/download/police_zones.kml,KML
412a036d-cf8c-4b72-8525-878b533a2641,download,https://data.wprdc.org/dataset/412a036d-cf8c-4b72-8525-878b533a2641/resource/04901311-b88f-4cb7-83ec-0898b825bedc/download/police_zones.zip,ZIP
e07ba390-7483-4f16-a695-0b6367ef9164,download,https://pghgishub-pittsburghpa.opendata.arcgis.com/datasets/pittsburghpa::department-of-public-works-street-divisions,HTML
e07ba390-7483-4f16-a695-0b6367ef9164,download,https://data.wprdc.org/datastore/dump/5b86e8dd-cb72-4c3a-899a-0eb9fb9ac87f,CSV
e07ba390-7483-4f16-a695-0b6367ef9164,download,https://data.wprdc.org/dataset/e07ba390-7483-4f16-a695-0b6367ef9164/resource/a79e02c9-026e-4d0e-90b0-5db5dcc7dec9/download/dpw_street_divs.kml,KML
e07ba390-7483-4f16-a695-0b6367ef9164,download,https://data.wprdc.org/dataset/e07ba390-7483-4f16-a695-0b6367ef9164/resource/2f45cf44-6dd9-4275-84c2-ff314bea4bee/download/dpw_street_divs.zip,ZIP
e672f13d-71c4-4a66-8f38-710e75ed80a4,download,https://pghgishub-pittsburghpa.opendata.arcgis.com/datasets/pittsburghpa::neighborhoods-,HTML
e672f13d-71c4-4a66-8f38-710e75ed80a4,download,https://data.wprdc.org/datastore/dump/668d7238-cfd2-492e-b397-51a6e74182ff,CSV
e672f13d-71c4-4a66-8f38-710e75ed80a4,download,https://data.wprdc.org/dataset/e672f13d-71c4-4a66-8f38-710e75ed80a4/resource/61f21b66-65c5-4574-9c50-ad057a4aa1a9/download/neighborhoods.kml,KML
e672f13d-71c4-4a66-8f38-710e75ed80a4,download,https://data.wprdc.org/dataset/e672f13d-71c4-4a66-8f38-710e75ed80a4/resource/c5a93a8e-03d7-4eb3-91a8-c6b7db0fa261/download/neighborhoods.zip,ZIP
72f4488a-9eec-4cc3-be3b-f13a8c6dc72d,download,https://pghgishub-pittsburghpa.opendata.arcgis.com/datasets/pittsburghpa::pghwebrppp,HTML
72f4488a-9eec-4cc3-be3b-f13a8c6dc72d,download,https://data.wprdc.org/datastore/dump/e2b1ca6b-bb2e-4767-bcc9-ce305671d104,CSV
72f4488a-9eec-4cc3-be3b-f13a8c6dc72d,download,https://data.wprdc.org/dataset/72f4488a-9eec-4cc3-be3b-f13a8c6dc72d/resource/b1366927-c0f6-4bc6-80f2-5d254010062c/download/parking_permits.kml,KML
72f4488a-9eec-4cc3-be3b-f13a8c6dc72d,download,https://data.wprdc.org/dataset/72f4488a-9eec-4cc3-be3b-f13a8c6dc72d/resource/d03cd0fe-dd94-4dbc-831b-f2df514d9462/download/parking_permits.zip,ZIP
0f643c56-1c53-4c88-824d-3a3876c0d3a0,download,https://pghgishub-pittsburghpa.opendata.arcgis.com/datasets/pittsburghpa::25-or-greater-slope,HTML
0f643c56-1c53-4c88-824d-3a3876c0d3a0,download,https://data.wprdc.org/datastore/dump/3ba94030-bda4-47e5-9e8d-a5ae1aef569c,CSV
0f643c56-1c53-4c88-824d-3a3876c0d3a0,download,https://data.wprdc.org/dataset/0f643c56-1c53-4c88-824d-3a3876c0d3a0/resource/093f33ef-35bb-496e-ac20-786abe5f4e44/download/slopes.kml,KML
0f643c56-1c53-4c88-824d-3a3876c0d3a0,download,https://data.wprdc.org/dataset/0f643c56-1c53-4c88-824d-3a3876c0d3a0/resource/e0f34683-cb95-4ae1-b76b-9f29dacac6a7/download/slopes.zip,ZIP
353f0870-8e5d-43c0-91fc-85eeae66c675,download,https://data.wprdc.org/dataset/353f0870-8e5d-43c0-91fc-85eeae66c675/resource/d1ab9144-4c99-4d2f-b521-2253b840f347/download/dpw_divs.zip,ZIP
353f0870-8e5d-43c0-91fc-85eeae66c675,download,https://data.wprdc.org/datastore/dump/28b6ce22-feb7-48ba-8c8f-54f5e8136bde,CSV
353f0870-8e5d-43c0-91fc-85eeae66c675,download,https://data.wprdc.org/dataset/353f0870-8e5d-43c0-91fc-85eeae66c675/resource/64c73c4e-e2fe-43f3-bab1-3671e575d0b5/download/dpw_divs.kml,KML
353f0870-8e5d-43c0-91fc-85eeae66c675,download,https://pghgishub-pittsburghpa.opendata.arcgis.com/datasets/pittsburghpa::dpw-environmental-services-divisions,HTML
ea849f53-0aa9-4621-b9fb-e8dc323d3a9e,download,https://pghgishub-pittsburghpa.opendata.arcgis.com/datasets/pittsburghpa::undermined-areas,HTML
ea849f53-0aa9-4621-b9fb-e8dc323d3a9e,download,https://data.wprdc.org/datastore/dump/21a24eb4-7533-4368-841a-f2504168ea7a,CSV
ea849f53-0aa9-4621-b9fb-e8dc323d3a9e,download,https://data.wprdc.org/dataset/ea849f53-0aa9-4621-b9fb-e8dc323d3a9e/resource/43bebb95-9d76-45b9-a7bb-c3fd7e8c46c6/download/undermined.kml,KML
ea849f53-0aa9-4621-b9fb-e8dc323d3a9e,download,https://data.wprdc.org/dataset/ea849f53-0aa9-4621-b9fb-e8dc323d3a9e/resource/e0c87b3b-26ea-4db3-b709-f859eea780fe/download/undermined.zip,ZIP
4a86cee6-033f-41d2-bc56-6a9480819117,download,https://pghgishub-pittsburghpa.opendata.arcgis.com/datasets/pittsburghpa::2018-to-2020-dpw-divisions,HTML
4a86cee6-033f-41d2-bc56-6a9480819117,download,https://data.wprdc.org/datastore/dump/2f87d185-8e04-4784-99ac-7aa6637298cd,CSV
4a86cee6-033f-41d2-bc56-6a9480819117,download,https://data.wprdc.org/dataset/4a86cee6-033f-41d2-bc56-6a9480819117/resource/87666d8a-22bf-4b76-b452-a4bf74e47b1f/download/dpw_2018.kml,KML
4a86cee6-033f-41d2-bc56-6a9480819117,download,https://data.wprdc.org/dataset/4a86cee6-033f-41d2-bc56-6a9480819117/resource/7a7f3e41-76b5-486b-8f25-2be581b3fae6/download/dpw_2018.zip,ZIP
fd2f4880-e245-4c46-8071-5a364efa0abf,download,https://pghgishub-pittsburghpa.opendata.arcgis.com/datasets/pittsburghpa::fire-zones,HTML
fd2f4880-e245-4c46-8071-5a364efa0abf,download,https://data.wprdc.org/datastore/dump/cc00cfb8-2271-4276-aed6-4b3db244bed9,CSV
fd2f4880-e245-4c46-8071-5a364efa0abf,download,https://data.wprdc.org/dataset/fd2f4880-e245-4c46-8071-5a364efa0abf/resource/6be65dd2-7f68-47af-9e62-cd8035fc528b/download/fire_zones.kml,KML
fd2f4880-e245-4c46-8071-5a364efa0abf,download,https://data.wprdc.org/dataset/fd2f4880-e245-4c46-8071-5a364efa0abf/resource/f1daf685-bc4d-4822-a10f-16e34fdf5c30/download/fire_zones.zip,ZIP
8249c8b6-37c6-4849-abe7-c9abbcdf6197,download,https://pghgishub-pittsburghpa.opendata.arcgis.com/datasets/pittsburghpa::pittsburgh-council-districts-2022-current,HTML
8249c8b6-37c6-4849-abe7-c9abbcdf6197,download,https://data.wprdc.org/datastore/dump/0bb41014-d21f-444b-b373-0c646b8ae801,CSV
8249c8b6-37c6-4849-abe7-c9abbcdf6197,download,https://data.wprdc.org/dataset/8249c8b6-37c6-4849-abe7-c9abbcdf6197/resource/630a94a7-605f-42c2-88f4-a535c63fae2d/download/council_districts_2022.kml,KML
8249c8b6-37c6-4849-abe7-c9abbcdf6197,download,https://data.wprdc.org/dataset/8249c8b6-37c6-4849-abe7-c9abbcdf6197/resource/cbf2ed8c-b2b7-42f8-9ed7-366f3d8fefca/download/council_districts_2022.zip,ZIP
8249c8b6-37c6-4849-abe7-c9abbcdf6197,download,https://pghgishub-pittsburghpa.opendata.arcgis.com/maps/pittsburghpa::council-districts-2012-1,HTML
8249c8b6-37c6-4849-abe7-c9abbcdf6197,download,https://data.wprdc.org/datastore/dump/93b9ab54-b4f6-4cee-90ea-5e919a73a21f,CSV
8249c8b6-37c6-4849-abe7-c9abbcdf6197,download,https://data.wprdc.org/dataset/8249c8b6-37c6-4849-abe7-c9abbcdf6197/resource/ab6981b2-1ba3-433e-9d0c-ee0fe1c66099/download/pittsburghpacity-council-districts-2012.kml,KML
8249c8b6-37c6-4849-abe7-c9abbcdf6197,download,https://data.wprdc.org/dataset/8249c8b6-37c6-4849-abe7-c9abbcdf6197/resource/7749e040-8fdc-40d3-abf9-83dca6b6303c/download/pittsburghpacity-council-districts-2012.zip,ZIP
2ee7c48c-6fcf-407a-a8ca-477bdcfffda7,download,https://pghgishub-pittsburghpa.opendata.arcgis.com/datasets/pittsburghpa::city-designated-individual-historic-sites,HTML
2ee7c48c-6fcf-407a-a8ca-477bdcfffda7,download,https://data.wprdc.org/datastore/dump/31cb3dab-56ab-411a-88cb-59f3688470e2,CSV
2ee7c48c-6fcf-407a-a8ca-477bdcfffda7,download,https://data.wprdc.org/dataset/2ee7c48c-6fcf-407a-a8ca-477bdcfffda7/resource/f07c7747-0599-4b89-aca9-6ce77d59d835/download/historic_sites.kml,KML
2ee7c48c-6fcf-407a-a8ca-477bdcfffda7,download,https://data.wprdc.org/dataset/2ee7c48c-6fcf-407a-a8ca-477bdcfffda7/resource/f324129e-5a89-41c3-84b3-6f16780038cf/download/historic_sites.zip,ZIP
01773197-baba-4f5e-aa77-ae87a04afafc,download,https://pghgishub-pittsburghpa.opendata.arcgis.com/datasets/pittsburghpa::zoning,HTML
01773197-baba-4f5e-aa77-ae87a04afafc,download,https://data.wprdc.org/datastore/dump/58428979-645f-413e-83b5-f06686c40959,CSV
01773197-baba-4f5e-aa77-ae87a04afafc,download,https://data.wprdc.org/dataset/01773197-baba-4f5e-aa77-ae87a04afafc/resource/492f965d-4e06-4e9a-ac96-3bb55de65962/download/zoning.kml,KML
01773197-baba-4f5e-aa77-ae87a04afafc,download,https://data.wprdc.org/dataset/01773197-baba-4f5e-aa77-ae87a04afafc/resource/99ee36bf-b1d7-421c-ac0b-bf65d404a381/download/zoning.zip,ZIP
8820c384-1424-45dd-a2bb-366a6a7c6d1b,download,https://pghgishub-pittsburghpa.opendata.arcgis.com/datasets/pittsburghpa::greenways,HTML
8820c384-1424-45dd-a2bb-366a6a7c6d1b,download,https://data.wprdc.org/datastore/dump/28116520-b7d4-4895-9d4f-6b5c843a5650,CSV
8820c384-1424-45dd-a2bb-366a6a7c6d1b,download,https://data.wprdc.org/dataset/8820c384-1424-45dd-a2bb-366a6a7c6d1b/resource/9d8e4a4d-6470-481a-a77b-4a9d9ba8db63/download/greenways.kml,KML
8820c384-1424-45dd-a2bb-366a6a7c6d1b,download,https://data.wprdc.org/dataset/8820c384-1424-45dd-a2bb-366a6a7c6d1b/resource/3a37ca60-1478-4dbb-a95c-209595040066/download/greenways.zip,ZIP
766bbec2-e744-408e-9c8c-a58b662b6007,download,https://pghgishub-pittsburghpa.opendata.arcgis.com/datasets/pittsburghpa::wards,HTML
766bbec2-e744-408e-9c8c-a58b662b6007,download,https://data.wprdc.org/datastore/dump/a52973d0-5e00-4788-ad9b-b671dc972122,CSV
766bbec2-e744-408e-9c8c-a58b662b6007,download,https://data.wprdc.org/dataset/766bbec2-e744-408e-9c8c-a58b662b6007/resource/04411c58-9042-4aea-9450-262e4862bdec/download/wards.kml,KML
766bbec2-e744-408e-9c8c-a58b662b6007,download,https://data.wprdc.org/dataset/766bbec2-e744-408e-9c8c-a58b662b6007/resource/cb7eb6a2-c0bd-439e-abf4-1657ec4b6a96/download/wards.zip,ZIP
e298e2ae-07c0-4aa4-a2ca-2c8db845b552,download,https://pghgishub-pittsburghpa.opendata.arcgis.com/datasets/pittsburghpa::pghwebparks,HTML
e298e2ae-07c0-4aa4-a2ca-2c8db845b552,download,https://data.wprdc.org/datastore/dump/bb57d0a7-e8ee-4218-8906-0dedc903038c,CSV
e298e2ae-07c0-4aa4-a2ca-2c8db845b552,download,https://data.wprdc.org/dataset/e298e2ae-07c0-4aa4-a2ca-2c8db845b552/resource/fa69790a-a7a8-4250-af37-c193861f3825/download/parks.kml,KML
e298e2ae-07c0-4aa4-a2ca-2c8db845b552,download,https://data.wprdc.org/dataset/e298e2ae-07c0-4aa4-a2ca-2c8db845b552/resource/91bc0567-e15d-48d5-b99d-3b7d3460c878/download/parks.zip,ZIP
8f92ae09-4cfa-4e0d-9c46-779a66d93d1e,download,https://pghgishub-pittsburghpa.opendata.arcgis.com/datasets/pittsburghpa::city-designated-historic-districts,HTML
8f92ae09-4cfa-4e0d-9c46-779a66d93d1e,download,https://data.wprdc.org/datastore/dump/dde7f2f6-425d-4960-a77f-92363ef3e3ec,CSV
8f92ae09-4cfa-4e0d-9c46-779a66d93d1e,download,https://data.wprdc.org/dataset/8f92ae09-4cfa-4e0d-9c46-779a66d93d1e/resource/7ca23fb2-8be5-4a8f-806b-4837c9cc7375/download/historic_districts.kml,KML
8f92ae09-4cfa-4e0d-9c46-779a66d93d1e,download,https://data.wprdc.org/dataset/8f92ae09-4cfa-4e0d-9c46-779a66d93d1e/resource/0b56e17d-ce1c-4b90-8f77-98095d7fec2b/download/historic_districts.zip,ZIP
6eb1be84-7abe-45c3-8a37-90db80ea6149,download,https://pghgishub-pittsburghpa.opendata.arcgis.com/datasets/pittsburghpa::landslide-prone-areas,HTML
6eb1be84-7abe-45c3-8a37-90db80ea6149,download,https://data.wprdc.org/datastore/dump/631ab8dd-87f7-4ecc-8e6d-67e7c46724ba,CSV
6eb1be84-7abe-45c3-8a37-90db80ea6149,download,https://data.wprdc.org/dataset/6eb1be84-7abe-45c3-8a37-90db80ea6149/resource/316d1b4c-df28-4c34-80d9-bacbaf6e0637/download/landslides.kml,KML
6eb1be84-7abe-45c3-8a37-90db80ea6149,download,https://data.wprdc.org/dataset/6eb1be84-7abe-45c3-8a37-90db80ea6149/resource/c47ad07c-b64d-45e3-8494-c97227d2b5b4/download/landslides.zip,ZIP
9d35d609-e8f9-4c51-9dce-e7dd14e252d4,download,https://data.wprdc.org/datastore/dump/c07c0bbf-701b-43aa-a93a-ebb0eeab8ed6,CSV
9d35d609-e8f9-4c51-9dce-e7dd14e252d4,download,https://data.wprdc.org/dataset/9d35d609-e8f9-4c51-9dce-e7dd14e252d4/resource/da9b7b28-c514-4b2c-a803-beac4b6e16cf/download/steps.kml,KML
9d35d609-e8f9-4c51-9dce-e7dd14e252d4,download,https://data.wprdc.org/dataset/9d35d609-e8f9-4c51-9dce-e7dd14e252d4/resource/94ef89ea-43f1-4814-ab78-4769681f3761/download/steps.zip,ZIP
9d35d609-e8f9-4c51-9dce-e7dd14e252d4,download,https://pghgishub-pittsburghpa.opendata.arcgis.com/datasets/pittsburghpa::pittsburgh-steps-1,HTML
d0175115-c16b-48a0-b2cc-ca967b23bd40,download,https://data.wprdc.org/dataset/d0175115-c16b-48a0-b2cc-ca967b23bd40/resource/fe35cfa1-70a0-49e6-836c-095a073f7748/download/feed_notes.xlsx,XLSX
d0175115-c16b-48a0-b2cc-ca967b23bd40,download,https://data.wprdc.org/dataset/d0175115-c16b-48a0-b2cc-ca967b23bd40/resource/4548305b-3841-48c3-a1a2-b20c2abd2d97/download/gtfs_0711_20071203_midas.zip,ZIP
d0175115-c16b-48a0-b2cc-ca967b23bd40,download,https://data.wprdc.org/dataset/d0175115-c16b-48a0-b2cc-ca967b23bd40/resource/1021b2b3-e8fa-45c0-b86d-ea25a9c11388/download/gtfs_0803_20080404_midas.zip,ZIP
d0175115-c16b-48a0-b2cc-ca967b23bd40,download,https://data.wprdc.org/dataset/d0175115-c16b-48a0-b2cc-ca967b23bd40/resource/7f043e04-f878-49e8-a871-0e2ca77680af/download/gtfs_0903_20090413_hastus.zip,ZIP
d0175115-c16b-48a0-b2cc-ca967b23bd40,download,https://data.wprdc.org/dataset/d0175115-c16b-48a0-b2cc-ca967b23bd40/resource/0f749842-d968-417d-a7e1-c4bee30b979d/download/gtfs_0906_20090520_hastus.zip,ZIP
d0175115-c16b-48a0-b2cc-ca967b23bd40,download,https://data.wprdc.org/dataset/d0175115-c16b-48a0-b2cc-ca967b23bd40/resource/6de42d86-9900-4208-a884-2257d8307462/download/gtfs_0911_20100224_hastus.zip,ZIP
d0175115-c16b-48a0-b2cc-ca967b23bd40,download,https://data.wprdc.org/dataset/d0175115-c16b-48a0-b2cc-ca967b23bd40/resource/20e1e039-5aae-48a9-b6fc-5b6336748940/download/gtfs_1003_20100524_hastus.zip,ZIP
d0175115-c16b-48a0-b2cc-ca967b23bd40,download,https://data.wprdc.org/dataset/d0175115-c16b-48a0-b2cc-ca967b23bd40/resource/319d7aa5-0709-4e53-bf9e-09e969acc936/download/gtfs_1006_20100616_hastus.zip,ZIP
d0175115-c16b-48a0-b2cc-ca967b23bd40,download,https://data.wprdc.org/dataset/d0175115-c16b-48a0-b2cc-ca967b23bd40/resource/397aa082-de17-4755-ba9d-634bb98589ed/download/gtfs_1009_20100923_hastus.zip,ZIP
d0175115-c16b-48a0-b2cc-ca967b23bd40,download,https://data.wprdc.org/dataset/d0175115-c16b-48a0-b2cc-ca967b23bd40/resource/2939c66a-dca5-4c59-b490-e15b68eb46de/download/gtfs_1011_20101103_hastus.zip,ZIP
d0175115-c16b-48a0-b2cc-ca967b23bd40,download,https://data.wprdc.org/dataset/d0175115-c16b-48a0-b2cc-ca967b23bd40/resource/e703b29e-f290-4036-bb42-4840910a5820/download/gtfs_1103_20110303_hastus.zip,ZIP
d0175115-c16b-48a0-b2cc-ca967b23bd40,download,https://data.wprdc.org/dataset/d0175115-c16b-48a0-b2cc-ca967b23bd40/resource/c0ef6a19-a7d8-44ec-a8c1-902b7263d05b/download/gtfs_1111_20120209_hastus.zip,ZIP
d0175115-c16b-48a0-b2cc-ca967b23bd40,download,https://data.wprdc.org/dataset/d0175115-c16b-48a0-b2cc-ca967b23bd40/resource/a5640524-5518-461e-83c4-5bd429153a57/download/gtfs_1203_20120329_hastus.zip,ZIP
d0175115-c16b-48a0-b2cc-ca967b23bd40,download,https://data.wprdc.org/dataset/d0175115-c16b-48a0-b2cc-ca967b23bd40/resource/5d0bd467-9ed1-482f-879f-bcf282bbe9c5/download/gtfs_1206_20120803_hastus.zip,ZIP
d0175115-c16b-48a0-b2cc-ca967b23bd40,download,https://data.wprdc.org/dataset/d0175115-c16b-48a0-b2cc-ca967b23bd40/resource/f9212cfd-8c51-4da1-a908-b2b7554d437e/download/gtfs_1209_20120824_hastus.zip,ZIP
d0175115-c16b-48a0-b2cc-ca967b23bd40,download,https://data.wprdc.org/dataset/d0175115-c16b-48a0-b2cc-ca967b23bd40/resource/e36c1763-fdeb-453b-bff1-a8540a67d1f8/download/gtfs_1211_20121001_hastus.zip,ZIP
d0175115-c16b-48a0-b2cc-ca967b23bd40,download,https://data.wprdc.org/dataset/d0175115-c16b-48a0-b2cc-ca967b23bd40/resource/277269ad-eb96-46fb-922f-9c8b370d6ca6/download/gtfs_1211_20121025_hastusclever.zip,ZIP
d0175115-c16b-48a0-b2cc-ca967b23bd40,download,https://data.wprdc.org/dataset/d0175115-c16b-48a0-b2cc-ca967b23bd40/resource/55cb5d97-5065-4e37-858c-66069a1ba634/download/gtfs_1303_20130208_hastus.zip,ZIP
d0175115-c16b-48a0-b2cc-ca967b23bd40,download,https://data.wprdc.org/dataset/d0175115-c16b-48a0-b2cc-ca967b23bd40/resource/7380d8fa-eaa6-44b4-855e-fbf74aa3fd37/download/gtfs_1303_20130520_hastus.zip,ZIP
d0175115-c16b-48a0-b2cc-ca967b23bd40,download,https://data.wprdc.org/dataset/d0175115-c16b-48a0-b2cc-ca967b23bd40/resource/a769769b-f631-4b51-81ae-c0c788626011/download/gtfs_1306_20130604_hastus.zip,ZIP
d0175115-c16b-48a0-b2cc-ca967b23bd40,download,https://data.wprdc.org/dataset/d0175115-c16b-48a0-b2cc-ca967b23bd40/resource/99c361eb-62de-4f9c-a347-3ef8e66b7f44/download/gtfs_1306_20130604_hastusclever.zip,ZIP
d0175115-c16b-48a0-b2cc-ca967b23bd40,download,https://data.wprdc.org/dataset/d0175115-c16b-48a0-b2cc-ca967b23bd40/resource/b4d1d289-354b-40e7-a4fb-51bd6ab24b26/download/gtfs_1309_20130809_hastus.zip,ZIP
d0175115-c16b-48a0-b2cc-ca967b23bd40,download,https://data.wprdc.org/dataset/d0175115-c16b-48a0-b2cc-ca967b23bd40/resource/1d41f471-b18c-4ae6-a06c-556b2dd967cd/download/gtfs_1309_20130826_hastusclever.zip,ZIP
d0175115-c16b-48a0-b2cc-ca967b23bd40,download,https://data.wprdc.org/dataset/d0175115-c16b-48a0-b2cc-ca967b23bd40/resource/5d96d863-6471-4b2d-9288-042a9be35b29/download/gtfs_1311_20131024_hastus.zip,ZIP
d0175115-c16b-48a0-b2cc-ca967b23bd40,download,https://data.wprdc.org/dataset/d0175115-c16b-48a0-b2cc-ca967b23bd40/resource/74a9c1be-8ee3-4099-b706-f1a497222b9e/download/gtfs_1311_20131024_hastusclever.zip,ZIP
d0175115-c16b-48a0-b2cc-ca967b23bd40,download,https://data.wprdc.org/dataset/d0175115-c16b-48a0-b2cc-ca967b23bd40/resource/e1da2864-422c-427f-9d85-ec1e01817be7/download/gtfs_1403_20140307_hastus.zip,ZIP
d0175115-c16b-48a0-b2cc-ca967b23bd40,download,https://data.wprdc.org/dataset/d0175115-c16b-48a0-b2cc-ca967b23bd40/resource/dfb2388e-6143-4a69-9193-4e875e5ee09a/download/gtfs_1403_20140402_hastusclever.zip,ZIP
d0175115-c16b-48a0-b2cc-ca967b23bd40,download,https://data.wprdc.org/dataset/d0175115-c16b-48a0-b2cc-ca967b23bd40/resource/d95bf6df-a41e-49c8-b6fe-df45c37a0dce/download/gtfs_1406_20140616_hastus.zip,ZIP
d0175115-c16b-48a0-b2cc-ca967b23bd40,download,https://data.wprdc.org/dataset/d0175115-c16b-48a0-b2cc-ca967b23bd40/resource/ad56a0fc-ac5d-4199-ae31-ec269fd51892/download/gtfs_1406_20140703_hastusclever.zip,ZIP
d0175115-c16b-48a0-b2cc-ca967b23bd40,download,https://data.wprdc.org/dataset/d0175115-c16b-48a0-b2cc-ca967b23bd40/resource/56203cf2-6797-4660-9a3f-0e42e36c876d/download/gtfs_1409_20141029_hastusclever.zip,ZIP
d0175115-c16b-48a0-b2cc-ca967b23bd40,download,https://data.wprdc.org/dataset/d0175115-c16b-48a0-b2cc-ca967b23bd40/resource/a00f58f1-e74e-4d17-8a76-2cf65e6ca800/download/gtfs_1411_20141112_hastusclever.zip,ZIP
d0175115-c16b-48a0-b2cc-ca967b23bd40,download,https://data.wprdc.org/dataset/d0175115-c16b-48a0-b2cc-ca967b23bd40/resource/73e7c21d-b4f8-4697-9b23-8c7171b9844c/download/gtfs_1503_20150219_hastusclever.zip,ZIP
d0175115-c16b-48a0-b2cc-ca967b23bd40,download,https://data.wprdc.org/dataset/d0175115-c16b-48a0-b2cc-ca967b23bd40/resource/d95ab8cd-0509-419d-97cb-f43b62fb7e03/download/gtfs_1506_20150518_hastusclever.zip,ZIP
d0175115-c16b-48a0-b2cc-ca967b23bd40,download,https://data.wprdc.org/dataset/d0175115-c16b-48a0-b2cc-ca967b23bd40/resource/5f4a10ea-6524-4b41-b67b-383991275528/download/gtfs_1509_20150903_hastusclever.zip,ZIP
d0175115-c16b-48a0-b2cc-ca967b23bd40,download,https://data.wprdc.org/dataset/d0175115-c16b-48a0-b2cc-ca967b23bd40/resource/49eebee8-cd4d-4c36-9acc-a8abc763639f/download/gtfs_1511_20151029_hastusclever.zip,ZIP
d0175115-c16b-48a0-b2cc-ca967b23bd40,download,https://data.wprdc.org/dataset/d0175115-c16b-48a0-b2cc-ca967b23bd40/resource/14fa6900-9c53-44cd-b545-f9b304c4bde5/download/gtfs_1603_20160329_hastusclever.zip,ZIP
d0175115-c16b-48a0-b2cc-ca967b23bd40,download,https://data.wprdc.org/dataset/d0175115-c16b-48a0-b2cc-ca967b23bd40/resource/43176f55-e903-4fe7-bc99-1cc29a246e29/download/gtfs_1606_20160726_hastusclever.zip,ZIP
d0175115-c16b-48a0-b2cc-ca967b23bd40,download,https://data.wprdc.org/dataset/d0175115-c16b-48a0-b2cc-ca967b23bd40/resource/b0b2992f-c8df-4276-91a6-e5e0a8c44d15/download/gtfs_1609_20160825_hastusclever.zip,ZIP
d0175115-c16b-48a0-b2cc-ca967b23bd40,download,https://data.wprdc.org/dataset/d0175115-c16b-48a0-b2cc-ca967b23bd40/resource/7eef0f7f-3cd6-43f5-87b0-dffcef69492c/download/gtfs_1611_20170113_hastusclever.zip,ZIP
d0175115-c16b-48a0-b2cc-ca967b23bd40,download,https://data.wprdc.org/dataset/d0175115-c16b-48a0-b2cc-ca967b23bd40/resource/126e8c61-a6d3-4828-854e-192b8c7a02d6/download/gtfs_1703_20170222_hastusclever.zip,ZIP
d0175115-c16b-48a0-b2cc-ca967b23bd40,download,https://data.wprdc.org/dataset/d0175115-c16b-48a0-b2cc-ca967b23bd40/resource/75678bbf-cfc3-4b4a-9840-98c78c77a810/download/gtfs_1706_20170517_hastusclever.zip,ZIP
d0175115-c16b-48a0-b2cc-ca967b23bd40,download,https://data.wprdc.org/dataset/d0175115-c16b-48a0-b2cc-ca967b23bd40/resource/80a29d00-16b9-4e91-9ed0-d9360b9bacc6/download/gtfs_1709_20170901_hastusclever.zip,ZIP
d0175115-c16b-48a0-b2cc-ca967b23bd40,download,https://data.wprdc.org/dataset/d0175115-c16b-48a0-b2cc-ca967b23bd40/resource/39097431-cbfe-42b4-aa5e-fa7483a2cf21/download/gtfs_1711_20171019_hastusclever.zip,ZIP
d0175115-c16b-48a0-b2cc-ca967b23bd40,download,https://data.wprdc.org/dataset/d0175115-c16b-48a0-b2cc-ca967b23bd40/resource/823c6f4e-7ed4-4fb1-88f0-52506d9b2e84/download/gtfs_1803_20180221_hastusclever.zip,ZIP
d0175115-c16b-48a0-b2cc-ca967b23bd40,download,https://data.wprdc.org/dataset/d0175115-c16b-48a0-b2cc-ca967b23bd40/resource/62a38765-d4db-49bb-9218-1bfa75e6383d/download/gtfs_1806_20180521_hastusclever.zip,ZIP
d0175115-c16b-48a0-b2cc-ca967b23bd40,download,https://data.wprdc.org/dataset/d0175115-c16b-48a0-b2cc-ca967b23bd40/resource/4b11c313-c855-4bd3-9004-3074ddfa812a/download/gtfs_1809_20180808_hastusclever.zip,ZIP
d0175115-c16b-48a0-b2cc-ca967b23bd40,download,https://data.wprdc.org/dataset/d0175115-c16b-48a0-b2cc-ca967b23bd40/resource/1e19253e-15d3-45af-83d0-41c73cc05dd9/download/gtfs_1811_20181025_hastusclever.zip,ZIP
d0175115-c16b-48a0-b2cc-ca967b23bd40,download,https://data.wprdc.org/dataset/d0175115-c16b-48a0-b2cc-ca967b23bd40/resource/5e85bb23-e1b1-4084-bdc2-ae2d7aed4dfc/download/gtfs_1903_20190211_hastusclever.zip,ZIP
d0175115-c16b-48a0-b2cc-ca967b23bd40,download,https://data.wprdc.org/dataset/d0175115-c16b-48a0-b2cc-ca967b23bd40/resource/80ed7fd2-b351-4ae7-be4a-a82e6edd71f1/download/gtfs_1906_20190520_hastusclever.zip,ZIP
d0175115-c16b-48a0-b2cc-ca967b23bd40,download,https://data.wprdc.org/dataset/d0175115-c16b-48a0-b2cc-ca967b23bd40/resource/c46c360b-9c5b-469a-9b9d-57a00aab2099/download/gtfs_1909_20190904_hastusclever.zip,ZIP
d0175115-c16b-48a0-b2cc-ca967b23bd40,download,https://data.wprdc.org/dataset/d0175115-c16b-48a0-b2cc-ca967b23bd40/resource/81c7d432-4d4c-47b8-a6f7-a5afbae3d08f/download/gtfs_1911_20191028_hastusclever.zip,ZIP
d0175115-c16b-48a0-b2cc-ca967b23bd40,download,https://data.wprdc.org/dataset/d0175115-c16b-48a0-b2cc-ca967b23bd40/resource/46e4023f-ad08-4d61-9f00-9cc1d9a9bf42/download/gtfs_2003_20200224_hastusclever.zip,ZIP
d0175115-c16b-48a0-b2cc-ca967b23bd40,download,https://data.wprdc.org/dataset/d0175115-c16b-48a0-b2cc-ca967b23bd40/resource/da1d786c-b58b-4c5c-8562-00b33c47c9cd/download/gtfs_2003_20200603_clever.zip,ZIP
d0175115-c16b-48a0-b2cc-ca967b23bd40,download,https://data.wprdc.org/dataset/d0175115-c16b-48a0-b2cc-ca967b23bd40/resource/62feaf3b-4fd6-492c-be87-be7f5e7d9bf8/download/gtfs_2009_20200731_hastusclever.zip,ZIP
d0175115-c16b-48a0-b2cc-ca967b23bd40,download,https://data.wprdc.org/dataset/d0175115-c16b-48a0-b2cc-ca967b23bd40/resource/726b9f83-90ba-4597-afbb-4609c372587f/download/gtfs_2009_20200817_clever.zip,ZIP
d0175115-c16b-48a0-b2cc-ca967b23bd40,download,https://data.wprdc.org/dataset/d0175115-c16b-48a0-b2cc-ca967b23bd40/resource/825d7e31-4075-43c4-a528-cab44872ee56/download/gtfs_2011_20201027_hastusclever.zip,ZIP
d0175115-c16b-48a0-b2cc-ca967b23bd40,download,https://data.wprdc.org/dataset/d0175115-c16b-48a0-b2cc-ca967b23bd40/resource/2a8c7353-1743-4925-8ee0-d012cde672e0/download/gtfs_2011_20201117_clever.zip,ZIP
d0175115-c16b-48a0-b2cc-ca967b23bd40,download,https://data.wprdc.org/dataset/d0175115-c16b-48a0-b2cc-ca967b23bd40/resource/e4f4a7ae-6cdf-49bd-b818-3e47993d9ef6/download/gtfs_2103_20210302_hastusclever.zip,ZIP
d0175115-c16b-48a0-b2cc-ca967b23bd40,download,https://data.wprdc.org/dataset/d0175115-c16b-48a0-b2cc-ca967b23bd40/resource/31dc844e-a009-4c3b-b797-774b722a8607/download/gtfs_2103_20210316_clever.zip,ZIP
d0175115-c16b-48a0-b2cc-ca967b23bd40,download,https://data.wprdc.org/dataset/d0175115-c16b-48a0-b2cc-ca967b23bd40/resource/8258405e-7c61-4940-8937-2951594c0b70/download/gtfs_2106_20210521_hastusclever.zip,ZIP
d0175115-c16b-48a0-b2cc-ca967b23bd40,download,https://data.wprdc.org/dataset/d0175115-c16b-48a0-b2cc-ca967b23bd40/resource/11e0354f-4160-4ca1-8632-1e0d1057280d/download/gtfs_2106_20210615_clever.zip,ZIP
d0175115-c16b-48a0-b2cc-ca967b23bd40,download,https://data.wprdc.org/dataset/d0175115-c16b-48a0-b2cc-ca967b23bd40/resource/c24b755c-8124-47d6-80ee-ca4a172e7579/download/gtfs_2109_20210825_hastusclever.zip,ZIP
d0175115-c16b-48a0-b2cc-ca967b23bd40,download,https://data.wprdc.org/dataset/d0175115-c16b-48a0-b2cc-ca967b23bd40/resource/3fd127dc-0eee-4625-85d3-5a1ae9533ce3/download/gtfs_2109_20210902_clever.zip,ZIP
d0175115-c16b-48a0-b2cc-ca967b23bd40,download,https://data.wprdc.org/dataset/d0175115-c16b-48a0-b2cc-ca967b23bd40/resource/1767d0d4-6d76-4019-8dbd-09a688fc6b0d/download/gtfs_2111_20211026_hastusclever.zip,ZIP
d0175115-c16b-48a0-b2cc-ca967b23bd40,download,https://data.wprdc.org/dataset/d0175115-c16b-48a0-b2cc-ca967b23bd40/resource/bc049670-0af1-424c-8f49-cc222ef3cda5/download/gtfs_2111_20220224_clever.zip,ZIP
d0175115-c16b-48a0-b2cc-ca967b23bd40,download,https://data.wprdc.org/dataset/d0175115-c16b-48a0-b2cc-ca967b23bd40/resource/afb75583-e9a5-4e81-bb39-71ba9b080683/download/gtfs_2111_20220427_clever.zip,ZIP
d0175115-c16b-48a0-b2cc-ca967b23bd40,download,https://data.wprdc.org/dataset/d0175115-c16b-48a0-b2cc-ca967b23bd40/resource/3bddcc98-69af-495e-b1d4-97f6682d2c8e/download/gtfs_2203_20220427_clever.zip,ZIP
d0175115-c16b-48a0-b2cc-ca967b23bd40,download,https://data.wprdc.org/dataset/d0175115-c16b-48a0-b2cc-ca967b23bd40/resource/18185c02-d6f6-4b72-8463-1ac0726e2504/download/gtfs_2203_20220427_hastusclever.zip,ZIP
d0175115-c16b-48a0-b2cc-ca967b23bd40,download,https://data.wprdc.org/dataset/d0175115-c16b-48a0-b2cc-ca967b23bd40/resource/845edb26-8904-4055-ade4-5852264f323f/download/gtfs_2206_20220621_hastusclever.zip,ZIP
d0175115-c16b-48a0-b2cc-ca967b23bd40,download,https://data.wprdc.org/dataset/d0175115-c16b-48a0-b2cc-ca967b23bd40/resource/8b7a0226-8efd-477f-9403-1e25bacf4ddc/download/gtfs_2206_20220801_clever.zip,ZIP
d0175115-c16b-48a0-b2cc-ca967b23bd40,download,https://data.wprdc.org/dataset/d0175115-c16b-48a0-b2cc-ca967b23bd40/resource/9fea963b-2fdc-4075-8361-5aa26ce9b06f/download/gtfs_2209_20220803_hastusclever.zip,ZIP
d0175115-c16b-48a0-b2cc-ca967b23bd40,download,https://data.wprdc.org/dataset/d0175115-c16b-48a0-b2cc-ca967b23bd40/resource/adc7e6b4-3655-4b25-83fc-d55e800f6960/download/gtfs_2209_20220831_clever.zip,ZIP
d0175115-c16b-48a0-b2cc-ca967b23bd40,download,https://data.wprdc.org/dataset/d0175115-c16b-48a0-b2cc-ca967b23bd40/resource/2d697465-0c77-4308-9272-dc12be5292da/download/gtfs_2211_20221012_hastusclever.zip,ZIP
d0175115-c16b-48a0-b2cc-ca967b23bd40,download,https://data.wprdc.org/dataset/d0175115-c16b-48a0-b2cc-ca967b23bd40/resource/3e576795-a355-4095-a8c4-faf73fda6a71/download/gtfs_2211_20221116_clever.zip,ZIP
d0175115-c16b-48a0-b2cc-ca967b23bd40,download,https://data.wprdc.org/dataset/d0175115-c16b-48a0-b2cc-ca967b23bd40/resource/1402450c-43f8-42a0-a595-4a15cb9dccb3/download/gtfs_2302_20230111_hastusclever.zip,ZIP
d0175115-c16b-48a0-b2cc-ca967b23bd40,download,https://data.wprdc.org/dataset/d0175115-c16b-48a0-b2cc-ca967b23bd40/resource/a583c321-02ed-446e-9cde-4dbe5a0259ee/download/gtfs_2302_20230208_clever.zip,ZIP
d0175115-c16b-48a0-b2cc-ca967b23bd40,download,https://data.wprdc.org/dataset/d0175115-c16b-48a0-b2cc-ca967b23bd40/resource/8e74b659-0451-4c5a-94a0-992a6970db22/download/gtfs_2306_20230717_clever.zip,ZIP
d0175115-c16b-48a0-b2cc-ca967b23bd40,download,https://data.wprdc.org/dataset/d0175115-c16b-48a0-b2cc-ca967b23bd40/resource/52e9449c-88f3-4862-8e62-162cb39f5205/download/gtfs_2306_20230717_hastusclever.zip,ZIP
d0175115-c16b-48a0-b2cc-ca967b23bd40,download,https://data.wprdc.org/dataset/d0175115-c16b-48a0-b2cc-ca967b23bd40/resource/29122abc-cf3f-4c68-836a-473a60b0fdc1/download/gtfs_2310_20230919_clever.zip,ZIP
d0175115-c16b-48a0-b2cc-ca967b23bd40,download,https://data.wprdc.org/dataset/d0175115-c16b-48a0-b2cc-ca967b23bd40/resource/dca710e8-9b93-4da3-a253-16c9230240d2/download/gtfs_2310_20231206_hastusclever.zip,ZIP
d0175115-c16b-48a0-b2cc-ca967b23bd40,download,https://data.wprdc.org/dataset/d0175115-c16b-48a0-b2cc-ca967b23bd40/resource/eefca368-4fed-4a76-980f-dfed21bb8688/download/gtfs_2310_20231220_clever.zip,ZIP
d0175115-c16b-48a0-b2cc-ca967b23bd40,download,https://data.wprdc.org/dataset/d0175115-c16b-48a0-b2cc-ca967b23bd40/resource/5ffc8a61-313f-4dd4-9f6b-eaf66f93ab80/download/gtfs_2402_20240129_hastusclever.zip,ZIP
d0175115-c16b-48a0-b2cc-ca967b23bd40,download,https://data.wprdc.org/dataset/d0175115-c16b-48a0-b2cc-ca967b23bd40/resource/04d277ec-92c2-494a-aca7-c5639359180b/download/gtfs_2402_20240213_clever.zip,ZIP
d0175115-c16b-48a0-b2cc-ca967b23bd40,download,https://data.wprdc.org/dataset/d0175115-c16b-48a0-b2cc-ca967b23bd40/resource/9b672c6b-c3f1-4cb4-815a-e04c2511fdea/download/gtfs_2402_20240403_clever.zip,ZIP
d0175115-c16b-48a0-b2cc-ca967b23bd40,download,https://data.wprdc.org/dataset/d0175115-c16b-48a0-b2cc-ca967b23bd40/resource/7025ab22-fd9a-4e92-8ed4-07f499243958/download/gtfs_2406_20240529_hastusclever.zip,ZIP
d0175115-c16b-48a0-b2cc-ca967b23bd40,download,https://data.wprdc.org/dataset/d0175115-c16b-48a0-b2cc-ca967b23bd40/resource/6be99e98-0502-41aa-92df-6600a74cc20f/download/gtfs_2406_20240612_clever.zip,ZIP
d0175115-c16b-48a0-b2cc-ca967b23bd40,download,https://data.wprdc.org/dataset/d0175115-c16b-48a0-b2cc-ca967b23bd40/resource/8214acc0-1820-40ba-891c-3bb66459c179/download/gtfs_2406_20240710_clever.zip,ZIP
d0175115-c16b-48a0-b2cc-ca967b23bd40,download,https://data.wprdc.org/dataset/d0175115-c16b-48a0-b2cc-ca967b23bd40/resource/67c83b22-092c-42c8-81d7-62ce8e1e2ae3/download/gtfs_2406_20240826_hastusclever.zip,ZIP
d0175115-c16b-48a0-b2cc-ca967b23bd40,download,https://data.wprdc.org/dataset/d0175115-c16b-48a0-b2cc-ca967b23bd40/resource/b9441a28-f773-4f22-982e-c270a57c849d/download/gtfs_2406_20240827_clever.zip,ZIP
d0175115-c16b-48a0-b2cc-ca967b23bd40,download,https://data.wprdc.org/dataset/d0175115-c16b-48a0-b2cc-ca967b23bd40/resource/138dd6c2-6957-4c4d-9cdb-1273ea7848e1/download/gtfs_2410_20241008_hastusclever.zip,ZIP
d0175115-c16b-48a0-b2cc-ca967b23bd40,download,https://data.wprdc.org/dataset/d0175115-c16b-48a0-b2cc-ca967b23bd40/resource/e5c37423-30b2-4941-9127-4e239f8aefe2/download/gtfs_2410_20241016_clever.zip,ZIP
d0175115-c16b-48a0-b2cc-ca967b23bd40,download,https://data.wprdc.org/dataset/d0175115-c16b-48a0-b2cc-ca967b23bd40/resource/0f4c0f01-2d08-41ba-bff9-bb624df1495c/download/gtfs_2502_20250128_hastusclever.zip,ZIP
d0175115-c16b-48a0-b2cc-ca967b23bd40,download,https://data.wprdc.org/dataset/d0175115-c16b-48a0-b2cc-ca967b23bd40/resource/cd0d07bd-8206-4fee-b5dc-10a31a47072e/download/gtfs_2502_20250213_clever.zip,ZIP
d0175115-c16b-48a0-b2cc-ca967b23bd40,download,https://data.wprdc.org/dataset/d0175115-c16b-48a0-b2cc-ca967b23bd40/resource/ce2114ed-d1a9-41f3-a49e-891f773fc4fa/download/gtfs_2506_20250514_hastusclever.zip,ZIP
d0175115-c16b-48a0-b2cc-ca967b23bd40,download,https://data.wprdc.org/dataset/d0175115-c16b-48a0-b2cc-ca967b23bd40/resource/5329b30c-f4fd-4bae-9207-7a6c19e552d3/download/gtfs_2506_20250616_clever.zip,ZIP
d0175115-c16b-48a0-b2cc-ca967b23bd40,download,https://data.wprdc.org/dataset/d0175115-c16b-48a0-b2cc-ca967b23bd40/resource/4443c3ed-dcbe-44a5-ae24-9922cfb3fd02/download/gtfs_2510_20250904_hastusclever.zip,ZIP
d0175115-c16b-48a0-b2cc-ca967b23bd40,download,https://data.wprdc.org/dataset/d0175115-c16b-48a0-b2cc-ca967b23bd40/resource/601aa441-4a9c-4456-b684-da454ae2f345/download/gtfs_2510_20251015_clever.zip,ZIP
d0175115-c16b-48a0-b2cc-ca967b23bd40,download,https://data.wprdc.org/dataset/d0175115-c16b-48a0-b2cc-ca967b23bd40/resource/842cbaba-da37-4180-b5a3-0dde3c0843f6/download/gtfs_2602_260505_hastusclever.zip,ZIP
d0175115-c16b-48a0-b2cc-ca967b23bd40,download,https://data.wprdc.org/dataset/d0175115-c16b-48a0-b2cc-ca967b23bd40/resource/5a7d1556-8d45-4adb-b1b6-db3a7118480a/download/gtfs_2602_260417_clever.zip,ZIP
d0175115-c16b-48a0-b2cc-ca967b23bd40,download,https://data.wprdc.org/dataset/d0175115-c16b-48a0-b2cc-ca967b23bd40/resource/81968aed-8c44-4a3e-9a08-4db8d6e2880a/download/gtfs_2606_20260703_clever.zip,ZIP
d0175115-c16b-48a0-b2cc-ca967b23bd40,download,https://data.wprdc.org/dataset/d0175115-c16b-48a0-b2cc-ca967b23bd40/resource/7e356f4d-10ab-44e4-9819-09735d796dcd/download/gtfs_2606_20260703_hastusclever.zip,ZIP
d0175115-c16b-48a0-b2cc-ca967b23bd40,download,https://data.wprdc.org/dataset/d0175115-c16b-48a0-b2cc-ca967b23bd40/resource/60a55ac7-f391-461e-a720-7ecacc577ea3/download/gtfs_2606_20260713_clever.zip,ZIP
d0175115-c16b-48a0-b2cc-ca967b23bd40,download,https://data.wprdc.org/dataset/d0175115-c16b-48a0-b2cc-ca967b23bd40/resource/e64b944c-cf8e-4f67-873d-8fa4dad956b0/download/gtfs_2606_20260718_clever.zip,ZIP
ea85f4b5-0b95-41b8-86ee-f1e6d16fc409,download,https://results.enr.clarityelections.com/PA/Allegheny/120751/web.317647/#/summary,HTML
ea85f4b5-0b95-41b8-86ee-f1e6d16fc409,download,https://data.wprdc.org/dataset/ea85f4b5-0b95-41b8-86ee-f1e6d16fc409/resource/6132082a-f9bb-4f37-8b1c-f435354eb02b/download/results-by-precinct-layout-and-data-dictionary.xlsx,XLSX
ea85f4b5-0b95-41b8-86ee-f1e6d16fc409,download,https://data.wprdc.org/dataset/ea85f4b5-0b95-41b8-86ee-f1e6d16fc409/resource/62e8f28b-164d-40ac-8bc3-9948d5849357/download/election-summary-layout-and-data-dictionary.xlsx,XLSX
ea85f4b5-0b95-41b8-86ee-f1e6d16fc409,download,https://data.wprdc.org/dataset/ea85f4b5-0b95-41b8-86ee-f1e6d16fc409/resource/2114fef1-4b3e-4e9a-bf77-52baa98db2f2/download/2012-primary-election-summary.csv,CSV
ea85f4b5-0b95-41b8-86ee-f1e6d16fc409,download,https://data.wprdc.org/dataset/ea85f4b5-0b95-41b8-86ee-f1e6d16fc409/resource/ab2c7120-3999-43c4-bb9b-6e7f2d1c1bcd/download/2012-primary-election-results-by-precinct.csv,CSV
ea85f4b5-0b95-41b8-86ee-f1e6d16fc409,download,https://data.wprdc.org/dataset/ea85f4b5-0b95-41b8-86ee-f1e6d16fc409/resource/6c46f390-a530-47c2-af1c-2d637e7bbcd6/download/2012-special-election-summary.csv,CSV
ea85f4b5-0b95-41b8-86ee-f1e6d16fc409,download,https://data.wprdc.org/dataset/ea85f4b5-0b95-41b8-86ee-f1e6d16fc409/resource/599b21e5-7dac-4ac8-98f1-ca08a29ad36d/download/2012-special-election-results-by-precinct.csv,CSV
ea85f4b5-0b95-41b8-86ee-f1e6d16fc409,download,https://data.wprdc.org/dataset/ea85f4b5-0b95-41b8-86ee-f1e6d16fc409/resource/6cafc8ab-4839-4f8b-8ef1-b4fd725a6035/download/primary-2015-election-summary.csv,CSV
ea85f4b5-0b95-41b8-86ee-f1e6d16fc409,download,https://data.wprdc.org/dataset/ea85f4b5-0b95-41b8-86ee-f1e6d16fc409/resource/4a26e9b4-b4ec-4616-8602-22f7f257a87f/download/primary-2015-precinct-summary.csv,CSV
ea85f4b5-0b95-41b8-86ee-f1e6d16fc409,download,https://data.wprdc.org/dataset/ea85f4b5-0b95-41b8-86ee-f1e6d16fc409/resource/38028f74-bca9-4411-953a-94961f2274b2/download/2015-general-election-summary.csv,CSV
ea85f4b5-0b95-41b8-86ee-f1e6d16fc409,download,https://data.wprdc.org/dataset/ea85f4b5-0b95-41b8-86ee-f1e6d16fc409/resource/638582cb-99b1-4ef0-ac05-bc40dabb9668/download/2015-general-election-results-by-precinct.csv,CSV
ea85f4b5-0b95-41b8-86ee-f1e6d16fc409,download,https://data.wprdc.org/dataset/ea85f4b5-0b95-41b8-86ee-f1e6d16fc409/resource/c5f68ec2-5678-4265-906a-b1064f564731/download/2016-primary-election-summary.csv,CSV
ea85f4b5-0b95-41b8-86ee-f1e6d16fc409,download,https://data.wprdc.org/dataset/ea85f4b5-0b95-41b8-86ee-f1e6d16fc409/resource/13b4a74b-5ed1-4f00-bbfe-89b384872845/download/2016-primary-election-results-by-precinct.csv,CSV
ea85f4b5-0b95-41b8-86ee-f1e6d16fc409,download,https://data.wprdc.org/dataset/ea85f4b5-0b95-41b8-86ee-f1e6d16fc409/resource/f4f3ab8a-f5b5-447a-9f91-8a716c5b971a/download/2016-general-election-summary.csv,CSV
ea85f4b5-0b95-41b8-86ee-f1e6d16fc409,download,https://data.wprdc.org/dataset/ea85f4b5-0b95-41b8-86ee-f1e6d16fc409/resource/3e8b23b7-aa71-4850-9379-bce87f73d684/download/2016-general-election-results-by-precinct.csv,CSV
ea85f4b5-0b95-41b8-86ee-f1e6d16fc409,download,https://data.wprdc.org/datastore/dump/abfa5c73-4152-4d37-b8d4-c7df517c3b49,CSV
ea85f4b5-0b95-41b8-86ee-f1e6d16fc409,download,https://data.wprdc.org/dataset/ea85f4b5-0b95-41b8-86ee-f1e6d16fc409/resource/7bd9745b-c282-4db5-982c-09cc286324c1/download/detailxml.zip,ZIP
ea85f4b5-0b95-41b8-86ee-f1e6d16fc409,download,https://data.wprdc.org/datastore/dump/542c655c-b3f5-43ec-8626-e2cd9253af9e,CSV
ea85f4b5-0b95-41b8-86ee-f1e6d16fc409,download,https://data.wprdc.org/dataset/ea85f4b5-0b95-41b8-86ee-f1e6d16fc409/resource/9d1c01df-2abd-45f3-8748-7b2e1cf8c47f/download/detailxml.zip,ZIP
ea85f4b5-0b95-41b8-86ee-f1e6d16fc409,download,https://data.wprdc.org/dataset/ea85f4b5-0b95-41b8-86ee-f1e6d16fc409/resource/88611068-27e2-4064-84ff-cc6ed7410957/download/electionresultsdatadictionary.csv,CSV
ea85f4b5-0b95-41b8-86ee-f1e6d16fc409,download,https://data.wprdc.org/datastore/dump/89c9fd6e-3174-4711-a069-4d7cc0f3dd29,CSV
ea85f4b5-0b95-41b8-86ee-f1e6d16fc409,download,https://data.wprdc.org/dataset/ea85f4b5-0b95-41b8-86ee-f1e6d16fc409/resource/4681b269-ba20-4e79-8300-51ef647ff277/download/detailxml.zip,ZIP
ea85f4b5-0b95-41b8-86ee-f1e6d16fc409,download,https://data.wprdc.org/datastore/dump/b8787137-577a-4d0f-8749-73328449bb9b,CSV
ea85f4b5-0b95-41b8-86ee-f1e6d16fc409,download,https://data.wprdc.org/dataset/ea85f4b5-0b95-41b8-86ee-f1e6d16fc409/resource/d784f932-9bc1-4224-b19b-2c526d773f76/download/detailxml.zip,ZIP
ea85f4b5-0b95-41b8-86ee-f1e6d16fc409,download,https://data.wprdc.org/datastore/dump/a8d15e6f-9268-41bf-a9b5-fe55159cdb9b,CSV
ea85f4b5-0b95-41b8-86ee-f1e6d16fc409,download,https://data.wprdc.org/dataset/ea85f4b5-0b95-41b8-86ee-f1e6d16fc409/resource/af23a631-c009-417b-9ccf-45db852957d2/download/detailxml.zip,ZIP
ea85f4b5-0b95-41b8-86ee-f1e6d16fc409,download,https://data.wprdc.org/datastore/dump/6b1745e3-7c76-4b1d-b03e-f5bb2742a295,CSV
ea85f4b5-0b95-41b8-86ee-f1e6d16fc409,download,https://data.wprdc.org/dataset/ea85f4b5-0b95-41b8-86ee-f1e6d16fc409/resource/eb19ffa4-a7d9-4c10-8667-700ee3cbcb47/download/detailxml.zip,ZIP
ea85f4b5-0b95-41b8-86ee-f1e6d16fc409,download,https://data.wprdc.org/datastore/dump/2d76f859-63ee-408a-ba5f-1ac5054560ce,CSV
ea85f4b5-0b95-41b8-86ee-f1e6d16fc409,download,https://data.wprdc.org/dataset/ea85f4b5-0b95-41b8-86ee-f1e6d16fc409/resource/548f898f-8cd9-47d2-8dfb-a16ddce3b753/download/detailxml.zip,ZIP
ea85f4b5-0b95-41b8-86ee-f1e6d16fc409,download,https://data.wprdc.org/datastore/dump/e3c0ffc2-1926-40f4-bb3d-d81c6023475d,CSV
ea85f4b5-0b95-41b8-86ee-f1e6d16fc409,download,https://data.wprdc.org/dataset/ea85f4b5-0b95-41b8-86ee-f1e6d16fc409/resource/72007528-c5dd-4c45-8ae1-e5fbd342c472/download/detailxml.zip,ZIP
ea85f4b5-0b95-41b8-86ee-f1e6d16fc409,download,https://data.wprdc.org/datastore/dump/153b6de5-06f5-4061-a417-384331b842c3,CSV
ea85f4b5-0b95-41b8-86ee-f1e6d16fc409,download,https://data.wprdc.org/dataset/ea85f4b5-0b95-41b8-86ee-f1e6d16fc409/resource/34d129cb-42ab-4ea9-866f-5624da9e423e/download/detailxml.zip,ZIP
ea85f4b5-0b95-41b8-86ee-f1e6d16fc409,download,https://data.wprdc.org/datastore/dump/91c50f7e-8b49-4835-9fef-b7b3f4f0ce82,CSV
ea85f4b5-0b95-41b8-86ee-f1e6d16fc409,download,https://data.wprdc.org/dataset/ea85f4b5-0b95-41b8-86ee-f1e6d16fc409/resource/27312e03-26d8-4930-8df9-965b03f261b0/download/detailxml.zip,ZIP
ea85f4b5-0b95-41b8-86ee-f1e6d16fc409,download,https://data.wprdc.org/datastore/dump/a6fac3a7-84a5-41d3-9e7a-c2794e1f20c0,CSV
ea85f4b5-0b95-41b8-86ee-f1e6d16fc409,download,https://data.wprdc.org/dataset/ea85f4b5-0b95-41b8-86ee-f1e6d16fc409/resource/5d9d5c34-1225-436f-8d47-7113225ab384/download/detailxml.zip,ZIP
ea85f4b5-0b95-41b8-86ee-f1e6d16fc409,download,https://data.wprdc.org/datastore/dump/988b8b2a-4fce-45bc-aba6-438ca78e92f1,CSV
ea85f4b5-0b95-41b8-86ee-f1e6d16fc409,download,https://data.wprdc.org/dataset/ea85f4b5-0b95-41b8-86ee-f1e6d16fc409/resource/63b8705e-7c0f-45bf-b963-6c8ad66fcec7/download/detailxml.zip,ZIP
ea85f4b5-0b95-41b8-86ee-f1e6d16fc409,download,https://data.wprdc.org/datastore/dump/1d37bc6b-b5ab-41ca-a006-da7de348b883,CSV
ea85f4b5-0b95-41b8-86ee-f1e6d16fc409,download,https://data.wprdc.org/dataset/ea85f4b5-0b95-41b8-86ee-f1e6d16fc409/resource/eaa6bed2-0ee5-47e5-aad1-0a926e03dfe0/download/detailxml.zip,ZIP
ea85f4b5-0b95-41b8-86ee-f1e6d16fc409,download,https://data.wprdc.org/datastore/dump/73b61240-e3c5-444c-bd1b-68d19d5eb4d5,CSV
ea85f4b5-0b95-41b8-86ee-f1e6d16fc409,download,https://data.wprdc.org/dataset/ea85f4b5-0b95-41b8-86ee-f1e6d16fc409/resource/4d3e64ff-7f2c-48ce-87cd-7376aa1db8f0/download/detailxml.zip,ZIP
ea85f4b5-0b95-41b8-86ee-f1e6d16fc409,download,https://data.wprdc.org/datastore/dump/9d730700-c4dc-4c34-9f4b-7990b536ca60,CSV
ea85f4b5-0b95-41b8-86ee-f1e6d16fc409,download,https://data.wprdc.org/dataset/ea85f4b5-0b95-41b8-86ee-f1e6d16fc409/resource/4decd908-de57-4311-a552-d6b8df6c2a63/download/detailxml.zip,ZIP
ea85f4b5-0b95-41b8-86ee-f1e6d16fc409,download,https://data.wprdc.org/datastore/dump/3b743dd1-39f9-44b6-a7e0-c2e65b9aacf3,CSV
ea85f4b5-0b95-41b8-86ee-f1e6d16fc409,download,https://data.wprdc.org/dataset/ea85f4b5-0b95-41b8-86ee-f1e6d16fc409/resource/cdbf65da-b8ad-45f8-9065-d1bc24a22970/download/detailxml.zip,ZIP
ea85f4b5-0b95-41b8-86ee-f1e6d16fc409,download,https://data.wprdc.org/datastore/dump/0d76e8d6-ba1d-4339-b0d6-25bc9ace2e33,CSV
ea85f4b5-0b95-41b8-86ee-f1e6d16fc409,download,https://data.wprdc.org/dataset/ea85f4b5-0b95-41b8-86ee-f1e6d16fc409/resource/3face71f-d482-4981-b894-9adeb3a5c4f0/download/detailxml.zip,ZIP
ea85f4b5-0b95-41b8-86ee-f1e6d16fc409,download,https://data.wprdc.org/datastore/dump/3e899e96-6885-4614-8422-47df8346c499,CSV
ea85f4b5-0b95-41b8-86ee-f1e6d16fc409,download,https://data.wprdc.org/dataset/ea85f4b5-0b95-41b8-86ee-f1e6d16fc409/resource/a59248b3-f42c-4665-9907-8b70495c3678/download/detailxml.zip,ZIP
ea85f4b5-0b95-41b8-86ee-f1e6d16fc409,download,https://data.wprdc.org/datastore/dump/8c8d6e61-e0f5-4269-a5d1-9ad0997a444d,CSV
ea85f4b5-0b95-41b8-86ee-f1e6d16fc409,download,https://data.wprdc.org/dataset/ea85f4b5-0b95-41b8-86ee-f1e6d16fc409/resource/cbf05228-c14f-441b-99b4-40890db16ce0/download/detailxml.zip,ZIP
ea85f4b5-0b95-41b8-86ee-f1e6d16fc409,download,https://data.wprdc.org/datastore/dump/cad06335-631d-4030-aa26-a85d31ad3a34,CSV
ea85f4b5-0b95-41b8-86ee-f1e6d16fc409,download,https://data.wprdc.org/dataset/ea85f4b5-0b95-41b8-86ee-f1e6d16fc409/resource/814342da-c20c-428e-8ffe-f591bed48d45/download/detailxml.zip,ZIP
ea85f4b5-0b95-41b8-86ee-f1e6d16fc409,download,https://data.wprdc.org/datastore/dump/10c3c077-46b4-48e8-b49e-e825155d58f3,CSV
ea85f4b5-0b95-41b8-86ee-f1e6d16fc409,download,https://data.wprdc.org/dataset/ea85f4b5-0b95-41b8-86ee-f1e6d16fc409/resource/7a664366-60b5-4dda-9e11-d871824f53e5/download/detailxml.zip,ZIP
ea85f4b5-0b95-41b8-86ee-f1e6d16fc409,download,https://data.wprdc.org/datastore/dump/4b38a2aa-09e8-4cbe-9fdd-40fd84012178,CSV
ea85f4b5-0b95-41b8-86ee-f1e6d16fc409,download,https://data.wprdc.org/dataset/ea85f4b5-0b95-41b8-86ee-f1e6d16fc409/resource/dd679ca9-3fc2-480f-b114-0c507ef0221a/download/detailxml.zip,ZIP
ea85f4b5-0b95-41b8-86ee-f1e6d16fc409,download,https://data.wprdc.org/datastore/dump/6010ffdd-6d2d-4962-94eb-24d38b0a245b,CSV
ea85f4b5-0b95-41b8-86ee-f1e6d16fc409,download,https://data.wprdc.org/dataset/ea85f4b5-0b95-41b8-86ee-f1e6d16fc409/resource/67bb0cd7-de06-4243-ada7-55536a338a30/download/detailxml.zip,ZIP
ea85f4b5-0b95-41b8-86ee-f1e6d16fc409,download,https://data.wprdc.org/datastore/dump/27fcdcd4-af2c-4643-811f-77dd98ef168b,CSV
ea85f4b5-0b95-41b8-86ee-f1e6d16fc409,download,https://data.wprdc.org/dataset/ea85f4b5-0b95-41b8-86ee-f1e6d16fc409/resource/1ff659fc-caa5-4911-9cb9-51680e0ec79a/download/detailxml-primary2024.zip,ZIP
ea85f4b5-0b95-41b8-86ee-f1e6d16fc409,download,https://data.wprdc.org/datastore/dump/a5a7de3e-e5b3-4e30-8b5b-f2da847ff963,CSV
ea85f4b5-0b95-41b8-86ee-f1e6d16fc409,download,https://data.wprdc.org/dataset/ea85f4b5-0b95-41b8-86ee-f1e6d16fc409/resource/44c3e7ec-3ec1-4dfc-8b96-caba43421785/download/detailxml.zip,ZIP
ea85f4b5-0b95-41b8-86ee-f1e6d16fc409,download,https://data.wprdc.org/datastore/dump/a73013a9-c8f2-4bef-9d25-7063325a8c92,CSV
ea85f4b5-0b95-41b8-86ee-f1e6d16fc409,download,https://data.wprdc.org/dataset/ea85f4b5-0b95-41b8-86ee-f1e6d16fc409/resource/8ad31977-5d2f-4a95-b052-2bcac5710bea/download/detailxml.zip,ZIP
ea85f4b5-0b95-41b8-86ee-f1e6d16fc409,download,https://data.wprdc.org/datastore/dump/6051ca15-fb5d-425b-890c-a25c8c9b0c73,CSV
ea85f4b5-0b95-41b8-86ee-f1e6d16fc409,download,https://data.wprdc.org/dataset/ea85f4b5-0b95-41b8-86ee-f1e6d16fc409/resource/4460171d-30b4-468f-9ab6-73f8263231af/download/detailxml.zip,ZIP
ea85f4b5-0b95-41b8-86ee-f1e6d16fc409,download,https://data.wprdc.org/datastore/dump/5b094e63-1659-45d9-b249-34cf3a06c50f,CSV
ea85f4b5-0b95-41b8-86ee-f1e6d16fc409,download,https://data.wprdc.org/dataset/ea85f4b5-0b95-41b8-86ee-f1e6d16fc409/resource/d4e836c0-b4ad-4965-a2ce-b752c218b3cb/download/detailxml.zip,ZIP
ea85f4b5-0b95-41b8-86ee-f1e6d16fc409,download,https://data.wprdc.org/datastore/dump/e38acd3f-12fd-48a7-b03e-7a2637811094,CSV
ea85f4b5-0b95-41b8-86ee-f1e6d16fc409,download,https://data.wprdc.org/dataset/ea85f4b5-0b95-41b8-86ee-f1e6d16fc409/resource/857e20a3-5b6c-4ceb-918a-e335795c1b02/download/detailxml.zip,ZIP
ea85f4b5-0b95-41b8-86ee-f1e6d16fc409,download,https://data.wprdc.org/datastore/dump/3a96aeeb-368f-4444-adb6-0fc42f07e920,CSV
ea85f4b5-0b95-41b8-86ee-f1e6d16fc409,download,https://data.wprdc.org/dataset/ea85f4b5-0b95-41b8-86ee-f1e6d16fc409/resource/a956b1a0-cfb8-4188-8472-d096f83e38db/download/detailxml.zip,ZIP
2cff4c07-423a-4b61-af08-7288fbb773eb,download,https://data.wprdc.org/datastore/dump/2750b8c8-246b-430f-b1e0-1aa96e00b013,CSV
2cff4c07-423a-4b61-af08-7288fbb773eb,download,https://data.wprdc.org/datastore/dump/c9baaa77-2dc5-494c-a2ce-f90db9106df2,CSV
2cff4c07-423a-4b61-af08-7288fbb773eb,download,https://data.wprdc.org/datastore/dump/1809697b-86ed-4ce2-b813-179b95d6c833,CSV
2cff4c07-423a-4b61-af08-7288fbb773eb,download,https://data.wprdc.org/datastore/dump/b2d6f249-4e3b-4c38-b4bc-5dafd3cb55e7,CSV
2cff4c07-423a-4b61-af08-7288fbb773eb,download,https://data.wprdc.org/datastore/dump/b21f7581-04bd-4a0e-b14b-fb437da768c2,CSV
2cff4c07-423a-4b61-af08-7288fbb773eb,download,https://data.wprdc.org/datastore/dump/d41759fa-3099-46ae-8a0d-3198ccc80002,CSV
2cff4c07-423a-4b61-af08-7288fbb773eb,download,https://gcc02.safelinks.protection.outlook.com/?url=https%3A%2F%2Fenviro.epa.gov%2Fenviro%2Fez_column_v2.list%3Fdatabase_type%3DTRI%26table_name%3DV_TRI_AIR_EZ&data=05%7C02%7CGeoffrey.Arnold%40AlleghenyCounty.US%7Cba0213e1473c49168aa308dc53f1946f%7Ce0273d12e4cb4eb19f708bba16fb968d%7C0%7C0%7C638477544263771029%7CUnknown%7CTWFpbGZsb3d8eyJWIjoiMC4wLjAwMDAiLCJQIjoiV2luMzIiLCJBTiI6Ik1haWwiLCJXVCI6Mn0%3D%7C0%7C%7C%7C&sdata=A3maGwQZRkylDdbf%2FNAAGbBRm5tNVbfDiZk28Vreq5E%3D&reserved=0,HTML
2cff4c07-423a-4b61-af08-7288fbb773eb,download,https://gcc02.safelinks.protection.outlook.com/?url=https%3A%2F%2Fenviro.epa.gov%2Fenviro%2Fez_column_v2.list%3Fdatabase_type%3DTRI%26table_name%3DV_TRI_WATER_EZ&data=05%7C02%7CGeoffrey.Arnold%40AlleghenyCounty.US%7Cba0213e1473c49168aa308dc53f1946f%7Ce0273d12e4cb4eb19f708bba16fb968d%7C0%7C0%7C638477544263764954%7CUnknown%7CTWFpbGZsb3d8eyJWIjoiMC4wLjAwMDAiLCJQIjoiV2luMzIiLCJBTiI6Ik1haWwiLCJXVCI6Mn0%3D%7C0%7C%7C%7C&sdata=LPqQDYi0b5JpBvxdtUhVu9uTCUXtWdyx6J0hlHLRkWk%3D&reserved=0,HTML
2cff4c07-423a-4b61-af08-7288fbb773eb,download,https://gcc02.safelinks.protection.outlook.com/?url=https%3A%2F%2Fenviro.epa.gov%2Fenviro%2Fez_column_v2.list%3Fdatabase_type%3DTRI%26table_name%3DV_TRI_LAND_EZ&data=05%7C02%7CGeoffrey.Arnold%40AlleghenyCounty.US%7Cba0213e1473c49168aa308dc53f1946f%7Ce0273d12e4cb4eb19f708bba16fb968d%7C0%7C0%7C638477544263782870%7CUnknown%7CTWFpbGZsb3d8eyJWIjoiMC4wLjAwMDAiLCJQIjoiV2luMzIiLCJBTiI6Ik1haWwiLCJXVCI6Mn0%3D%7C0%7C%7C%7C&sdata=r2a8FczQG8qmkZi%2BDQv%2FTeHNgVuPknLT%2B3LPqvaPwlc%3D&reserved=0,HTML
2cff4c07-423a-4b61-af08-7288fbb773eb,download,https://gcc02.safelinks.protection.outlook.com/?url=https%3A%2F%2Fenviro.epa.gov%2Fenviro%2Fez_column_v2.list%3Fdatabase_type%3DTRI%26table_name%3DV_TRI_UNDER_INJ_EZ&data=05%7C02%7CGeoffrey.Arnold%40AlleghenyCounty.US%7Cba0213e1473c49168aa308dc53f1946f%7Ce0273d12e4cb4eb19f708bba16fb968d%7C0%7C0%7C638477544263776918%7CUnknown%7CTWFpbGZsb3d8eyJWIjoiMC4wLjAwMDAiLCJQIjoiV2luMzIiLCJBTiI6Ik1haWwiLCJXVCI6Mn0%3D%7C0%7C%7C%7C&sdata=hUn6BKzV6NWZl7snz%2FCTqy4qRZbviYzwiJafrD%2BOSF8%3D&reserved=0,HTML
2cff4c07-423a-4b61-af08-7288fbb773eb,download,https://enviro.epa.gov/enviro/ez_column_v2.list?database_type=TRI&table_name=V_TRI_FACILITY_EZ,HTML
2cff4c07-423a-4b61-af08-7288fbb773eb,download,https://wiki.tessercat.net/wiki/DASH_Data_Guide#Toxics_Release_Inventory,HTML
2cff4c07-423a-4b61-af08-7288fbb773eb,download,https://data.wprdc.org/dataset/2cff4c07-423a-4b61-af08-7288fbb773eb/resource/5aa6b574-7f44-4730-8a65-18a92f01b53c/download/archived_1975-2015.zip,ZIP
2cff4c07-423a-4b61-af08-7288fbb773eb,download,https://gcc02.safelinks.protection.outlook.com/?url=https%3A%2F%2Fenviro.epa.gov%2Fenviro%2Fez_column_v2.list%3Fdatabase_type%3DTRI%26table_name%3DV_TRI_OFF_SITE_DISPOSAL_EZ&data=05%7C02%7CGeoffrey.Arnold%40AlleghenyCounty.US%7Cba0213e1473c49168aa308dc53f1946f%7Ce0273d12e4cb4eb19f708bba16fb968d%7C0%7C0%7C638477544263788801%7CUnknown%7CTWFpbGZsb3d8eyJWIjoiMC4wLjAwMDAiLCJQIjoiV2luMzIiLCJBTiI6Ik1haWwiLCJXVCI6Mn0%3D%7C0%7C%7C%7C&sdata=Il4BFILZi8tYnxKlIfyZ0X0aHfRBCpB60TcetXDcx6w%3D&reserved=0,HTML
853a077d-0a31-4292-8a1d-5d60b530169b,download,https://data.wprdc.org/dataset/853a077d-0a31-4292-8a1d-5d60b530169b/resource/b90ccee1-c0aa-43b9-93e2-8a25e690c393/download/sidewalkstreetratioupload.csv,CSV
853a077d-0a31-4292-8a1d-5d60b530169b,download,https://data.wprdc.org/dataset/853a077d-0a31-4292-8a1d-5d60b530169b/resource/ab8db07e-09ef-45c4-bad2-f7d32bfc5f26/download/sidewalkstreetratiotract.csv,CSV
853a077d-0a31-4292-8a1d-5d60b530169b,download,https://data.wprdc.org/dataset/853a077d-0a31-4292-8a1d-5d60b530169b/resource/8b7f8dbf-3c31-4873-9953-533e4bf88f52/download/sidewalksstepsblockgroup.zip,SHP
853a077d-0a31-4292-8a1d-5d60b530169b,download,https://data.wprdc.org/dataset/853a077d-0a31-4292-8a1d-5d60b530169b/resource/3754d493-625d-41ff-ba0f-1acead07b0e5/download/streetblockgroupwithexclusions.zip,SHP
853a077d-0a31-4292-8a1d-5d60b530169b,download,https://data.wprdc.org/dataset/853a077d-0a31-4292-8a1d-5d60b530169b/resource/00715f59-c979-438f-81d8-0a338ddb21b3/download/crashesped.zip,SHP
3dc68ef8-02e6-43ca-8ec3-adf99b940ef6,download,https://data.wprdc.org/dataset/3dc68ef8-02e6-43ca-8ec3-adf99b940ef6/resource/786058f7-c8f5-443e-829e-6439e32396d6/download/unimprovedparcelsoct2021tract.csv,CSV
3dc68ef8-02e6-43ca-8ec3-adf99b940ef6,download,https://data.wprdc.org/dataset/3dc68ef8-02e6-43ca-8ec3-adf99b940ef6/resource/9fb46f20-abc9-4f58-9495-e7686bc07940/download/parcels1to2unitoct2021tract.csv,CSV
3dc68ef8-02e6-43ca-8ec3-adf99b940ef6,download,https://data.wprdc.org/dataset/3dc68ef8-02e6-43ca-8ec3-adf99b940ef6/resource/cb7254a8-d92d-41cd-82b8-a9b45af74ae9/download/totparcelsoct2021tract.csv,CSV
3dc68ef8-02e6-43ca-8ec3-adf99b940ef6,download,https://data.wprdc.org/dataset/3dc68ef8-02e6-43ca-8ec3-adf99b940ef6/resource/46e951a3-7660-4bf6-9d00-f90b8ac4b5b6/download/tractnumsales.csv,CSV
3dc68ef8-02e6-43ca-8ec3-adf99b940ef6,download,https://data.wprdc.org/dataset/3dc68ef8-02e6-43ca-8ec3-adf99b940ef6/resource/48a84ba8-194c-47f9-a5c0-d4098a43151d/download/tractmedian2021dollars.csv,CSV
3dc68ef8-02e6-43ca-8ec3-adf99b940ef6,download,https://data.wprdc.org/dataset/3dc68ef8-02e6-43ca-8ec3-adf99b940ef6/resource/db51cace-52d3-4b75-b21a-59dc77298678/download/tractmediannoinflation.csv,CSV
3dc68ef8-02e6-43ca-8ec3-adf99b940ef6,download,https://data.wprdc.org/dataset/3dc68ef8-02e6-43ca-8ec3-adf99b940ef6/resource/1cf7c782-b8ce-4fb6-a812-a8839c5494c4/download/tractownershipchange2011_2020.csv,CSV
3dc68ef8-02e6-43ca-8ec3-adf99b940ef6,download,https://data.wprdc.org/dataset/3dc68ef8-02e6-43ca-8ec3-adf99b940ef6/resource/4fbe5110-94b5-4aa4-91b7-78a2ece3579e/download/foreclosuretract2009_21.csv,CSV
3dc68ef8-02e6-43ca-8ec3-adf99b940ef6,download,https://data.wprdc.org/dataset/3dc68ef8-02e6-43ca-8ec3-adf99b940ef6/resource/705bfbfe-2c8b-4fe0-8842-d5708d82291e/download/tax-liens-by-tract-feb-2022.csv,CSV
3dc68ef8-02e6-43ca-8ec3-adf99b940ef6,download,https://data.wprdc.org/dataset/3dc68ef8-02e6-43ca-8ec3-adf99b940ef6/resource/a461b198-03e6-44f5-a9da-4e146149fb37/download/codeviolation2021citytract.csv,CSV
3dc68ef8-02e6-43ca-8ec3-adf99b940ef6,download,https://data.wprdc.org/dataset/3dc68ef8-02e6-43ca-8ec3-adf99b940ef6/resource/9eb9ea09-0be0-4659-b7c3-3d37776107d9/download/voucher-by-tract-2012-2021.csv,CSV
3dc68ef8-02e6-43ca-8ec3-adf99b940ef6,download,https://data.wprdc.org/dataset/3dc68ef8-02e6-43ca-8ec3-adf99b940ef6/resource/4ff93079-c4a1-4c5c-957c-1a74dd7329fe/download/vacant-addresses-usps-march-2021-tract.csv,CSV
3dc68ef8-02e6-43ca-8ec3-adf99b940ef6,download,https://data.wprdc.org/dataset/3dc68ef8-02e6-43ca-8ec3-adf99b940ef6/resource/9b926497-6b1a-4c73-96d4-eedb9016d2b5/download/parcels-with-1-4-unit-housing-incl-condo-oct-2021.csv,CSV
3dc68ef8-02e6-43ca-8ec3-adf99b940ef6,download,https://data.wprdc.org/dataset/3dc68ef8-02e6-43ca-8ec3-adf99b940ef6/resource/a7775c72-e6c5-44bd-95c9-a1978acac06d/download/parcels-with-1-4-unit-sales-incl-condo-excl-gov-love-affection-and-multiparcel-oct-2021.csv,CSV
3dc68ef8-02e6-43ca-8ec3-adf99b940ef6,download,https://data.wprdc.org/dataset/3dc68ef8-02e6-43ca-8ec3-adf99b940ef6/resource/df087d57-4dd1-4660-974e-707398fdacba/download/median-sales.csv,CSV
3dc68ef8-02e6-43ca-8ec3-adf99b940ef6,download,https://data.wprdc.org/dataset/3dc68ef8-02e6-43ca-8ec3-adf99b940ef6/resource/7a82bd26-46c0-4d3a-ab38-f05369e8c268/download/profilesforeclosuretract2009_21.csv,CSV
3dc68ef8-02e6-43ca-8ec3-adf99b940ef6,download,https://data.wprdc.org/dataset/3dc68ef8-02e6-43ca-8ec3-adf99b940ef6/resource/84b62c2b-94ac-4045-abfd-fe0ffd55a7f5/download/hmda_by_race2txt.csv,CSV
3dc68ef8-02e6-43ca-8ec3-adf99b940ef6,download,https://data.wprdc.org/dataset/3dc68ef8-02e6-43ca-8ec3-adf99b940ef6/resource/c0ad0e8d-0da7-418a-907a-faddd4cdd83c/download/tractnumsales.csv,CSV
3dc68ef8-02e6-43ca-8ec3-adf99b940ef6,download,https://data.wprdc.org/dataset/3dc68ef8-02e6-43ca-8ec3-adf99b940ef6/resource/a3f6ea16-1748-49a0-8f36-ca29a2fb8424/download/tractaverageprice2021dollars.csv,CSV
3dc68ef8-02e6-43ca-8ec3-adf99b940ef6,download,https://data.wprdc.org/dataset/3dc68ef8-02e6-43ca-8ec3-adf99b940ef6/resource/89f65f46-25e4-46bb-9055-6f80973f2da9/download/tractaverageprice2021dollars.csv,CSV
3dc68ef8-02e6-43ca-8ec3-adf99b940ef6,download,https://data.wprdc.org/dataset/3dc68ef8-02e6-43ca-8ec3-adf99b940ef6/resource/ecda282b-1b50-4164-9f9c-89fd5eedfe29/download/parcelstosales.csv,CSV
3dc68ef8-02e6-43ca-8ec3-adf99b940ef6,download,https://data.wprdc.org/dataset/3dc68ef8-02e6-43ca-8ec3-adf99b940ef6/resource/9505352e-31ee-4489-8fba-2bcbcf3f8eab/download/yearbuilt1to2unitparceloct2021.csv,CSV
3dc68ef8-02e6-43ca-8ec3-adf99b940ef6,download,https://data.wprdc.org/dataset/3dc68ef8-02e6-43ca-8ec3-adf99b940ef6/resource/a5aa7c2b-6ee8-42dd-803c-dd8d980a271a/download/housingpricebuckets2021.csv,CSV
3dc68ef8-02e6-43ca-8ec3-adf99b940ef6,download,https://data.wprdc.org/dataset/3dc68ef8-02e6-43ca-8ec3-adf99b940ef6/resource/5bcd5d70-c50e-4fc5-8f19-c11b55f93e19/download/mva_2021.csv,CSV
3dc68ef8-02e6-43ca-8ec3-adf99b940ef6,download,https://data.wprdc.org/dataset/3dc68ef8-02e6-43ca-8ec3-adf99b940ef6/resource/fd9a05c4-d5f6-4271-bd42-a25bf31fdf45/download/mortgage-to-sales-2018-2020.csv,CSV
3dc68ef8-02e6-43ca-8ec3-adf99b940ef6,download,https://data.wprdc.org/dataset/3dc68ef8-02e6-43ca-8ec3-adf99b940ef6/resource/5604a831-4ff1-438e-a53c-bc4f6dd9abfd/download/tractcondomedian2021.csv,CSV
3dc68ef8-02e6-43ca-8ec3-adf99b940ef6,download,https://data.wprdc.org/dataset/3dc68ef8-02e6-43ca-8ec3-adf99b940ef6/resource/2fbce2fa-cf30-4e8f-aeb5-25af264bd7f7/download/tractcondosales.csv,CSV
c5ae9638-7572-4ed9-a193-384cb2ff4d03,download,https://data.wprdc.org/datastore/dump/70dd02d2-137d-43c9-b158-f7b1ec6c6d42,CSV
c5ae9638-7572-4ed9-a193-384cb2ff4d03,download,https://data.wprdc.org/datastore/dump/0d97c478-cce1-488d-aabc-da116cc6987d,CSV
c5ae9638-7572-4ed9-a193-384cb2ff4d03,download,https://data.wprdc.org/dataset/c5ae9638-7572-4ed9-a193-384cb2ff4d03/resource/4b97f9fd-2916-45c8-acd8-22c5159ff194/download/vacantpropusps2016q2.csv,CSV
c5ae9638-7572-4ed9-a193-384cb2ff4d03,download,https://data.wprdc.org/dataset/c5ae9638-7572-4ed9-a193-384cb2ff4d03/resource/7cfbcb1f-332b-4965-9779-4dcda5b85568/download/vacantpropertyrates.zip,ZIP
c5ae9638-7572-4ed9-a193-384cb2ff4d03,download,https://wiki.tessercat.net/wiki/DASH_Data_Guide#Vacant_Addresses,HTML
cc26ac21-f3b3-4cb4-bf57-90f72bf8f044,download,https://data.wprdc.org/dataset/cc26ac21-f3b3-4cb4-bf57-90f72bf8f044/resource/d03a21eb-c481-4a04-aef9-899408d3d0ae/download/acenvirojusticetracts.csv,CSV
cc26ac21-f3b3-4cb4-bf57-90f72bf8f044,download,https://data.wprdc.org/dataset/cc26ac21-f3b3-4cb4-bf57-90f72bf8f044/resource/1cd32ecc-c5ce-4e56-958f-b87e1d50f9be/download/environmentaljusticeareas.zip,ZIP
cc26ac21-f3b3-4cb4-bf57-90f72bf8f044,download,https://wiki.tessercat.net/wiki/DASH_Data_Guide#Environmental_Justice_Areas,HTML
cc26ac21-f3b3-4cb4-bf57-90f72bf8f044,download,http://www.dep.pa.gov/PublicParticipation/OfficeofEnvironmentalJustice/Pages/PA-Environmental-Justice-Areas.aspx,HTML
690409e3-27e2-47a1-beed-fd600097f951,download,https://data.wprdc.org/dataset/690409e3-27e2-47a1-beed-fd600097f951/resource/626357fa-c95d-465f-9a02-3121655b2b78/download/data-conveniencesupermarkets.csv,CSV
690409e3-27e2-47a1-beed-fd600097f951,download,https://wiki.tessercat.net/wiki/DASH_Data_Guide#Supermarkets_and_Convenience_Stores,HTML
16e59d06-1233-4acc-924c-4651f24987ee,download,https://data.wprdc.org/dataset/16e59d06-1233-4acc-924c-4651f24987ee/resource/33e12320-a94b-4525-bb5c-04d2e96c4d88/download/july-2026-employee-salaries.csv,CSV
16e59d06-1233-4acc-924c-4651f24987ee,download,https://data.wprdc.org/dataset/16e59d06-1233-4acc-924c-4651f24987ee/resource/a1dd3633-80ff-40ed-abae-199e37794ffb/download/december-2025-employee-salaries.csv,CSV
16e59d06-1233-4acc-924c-4651f24987ee,download,https://data.wprdc.org/dataset/16e59d06-1233-4acc-924c-4651f24987ee/resource/40f27350-9b6f-40cb-b6e3-2ad630b218c4/download/employee-salaries-october-2024.csv,CSV
16e59d06-1233-4acc-924c-4651f24987ee,download,https://data.wprdc.org/dataset/16e59d06-1233-4acc-924c-4651f24987ee/resource/98296b13-a38e-4382-a878-62dc041637d9/download/employee-salaries-december-2023.csv,CSV
16e59d06-1233-4acc-924c-4651f24987ee,download,https://data.wprdc.org/dataset/16e59d06-1233-4acc-924c-4651f24987ee/resource/a0da7600-37e0-4e41-b76d-df1ff0668cbd/download/redacted-2022-december-31-wprdc.csv,CSV
16e59d06-1233-4acc-924c-4651f24987ee,download,https://data.wprdc.org/dataset/16e59d06-1233-4acc-924c-4651f24987ee/resource/d565477d-921a-416a-b067-a152078029c4/download/revised-2_employee_salaries_2021_12_headcount_salary.csv,CSV
16e59d06-1233-4acc-924c-4651f24987ee,download,https://data.wprdc.org/dataset/16e59d06-1233-4acc-924c-4651f24987ee/resource/f1e51432-fae0-4141-adec-938cfddc9e1f/download/revised-2_employee_salaries_2020_12_headcount_salary.csv,CSV
16e59d06-1233-4acc-924c-4651f24987ee,download,https://data.wprdc.org/dataset/16e59d06-1233-4acc-924c-4651f24987ee/resource/4ac3b83d-4a1e-46ab-b999-419a84b7e9a5/download/revised-2_employee_salaries_2019_12_headcount_salary.csv,CSV
16e59d06-1233-4acc-924c-4651f24987ee,download,https://data.wprdc.org/dataset/16e59d06-1233-4acc-924c-4651f24987ee/resource/679c179a-711c-405e-8855-37e1baa0e0b3/download/revised-2_employee_salaries_2018_12_headcount_salary.csv,CSV
16e59d06-1233-4acc-924c-4651f24987ee,download,https://data.wprdc.org/dataset/16e59d06-1233-4acc-924c-4651f24987ee/resource/b0b3f4b8-0dcf-46fa-b29c-0628b1cef46f/download/revised-2_employee_salaries_2017_12_headcount_salary.csv,CSV
16e59d06-1233-4acc-924c-4651f24987ee,download,https://data.wprdc.org/dataset/16e59d06-1233-4acc-924c-4651f24987ee/resource/40058024-92e5-41e4-95a9-fec54efd934c/download/revised-2_employee_salaries_2016_12_headcount_salary.csv,CSV
30bbb37c-ca2d-47e6-bae4-72c57272383c,download,https://data.wprdc.org/dataset/30bbb37c-ca2d-47e6-bae4-72c57272383c/resource/6c45d829-9b68-4093-a054-8a79784fa060/download/pwsa_gi_inventory.zip,SHP
30bbb37c-ca2d-47e6-bae4-72c57272383c,download,https://data.wprdc.org/dataset/30bbb37c-ca2d-47e6-bae4-72c57272383c/resource/2eb6f0db-8c61-4854-be28-7661c43f2b9f/download/pwsa_gi_inventory.csv,CSV
ad5bd3d6-1b53-4ed0-8cd9-157a985bd0bd,download,https://data.wprdc.org/datastore/dump/f8ab32f7-44c7-43ca-98bf-c1b444724598,CSV
ad5bd3d6-1b53-4ed0-8cd9-157a985bd0bd,download,http://infoportal.alleghenycounty.us/dogdata/default.aspx,HTML
ad5bd3d6-1b53-4ed0-8cd9-157a985bd0bd,download,https://data.wprdc.org/datastore/dump/2623112a-bc79-4318-b816-ebb1d576da9c,CSV
ad5bd3d6-1b53-4ed0-8cd9-157a985bd0bd,download,https://data.wprdc.org/datastore/dump/82040517-c2c1-41d9-a810-73b15603cd9a,CSV
ad5bd3d6-1b53-4ed0-8cd9-157a985bd0bd,download,https://data.wprdc.org/datastore/dump/5a019e45-e2cb-4f48-8934-1988923239d2,CSV
ad5bd3d6-1b53-4ed0-8cd9-157a985bd0bd,download,https://data.wprdc.org/datastore/dump/174fc1be-68a6-4b6a-96d9-e5ef540b8e95,CSV
ad5bd3d6-1b53-4ed0-8cd9-157a985bd0bd,download,https://data.wprdc.org/datastore/dump/a0b2bd41-cee9-4501-92b9-4cd55ed61ee6,CSV
ad5bd3d6-1b53-4ed0-8cd9-157a985bd0bd,download,https://data.wprdc.org/datastore/dump/891ee2e8-411a-433c-80a3-885b13008d66,CSV
ad5bd3d6-1b53-4ed0-8cd9-157a985bd0bd,download,https://data.wprdc.org/datastore/dump/9ad226b2-4231-4158-bf71-043be226e3d9,CSV
ad5bd3d6-1b53-4ed0-8cd9-157a985bd0bd,download,https://data.wprdc.org/datastore/dump/19e5756c-a964-4ac3-abb5-ab1f7a1f9bd6,CSV
ad5bd3d6-1b53-4ed0-8cd9-157a985bd0bd,download,https://data.wprdc.org/datastore/dump/4d49202b-8bac-4cf9-9915-798a342253a6,CSV
ad5bd3d6-1b53-4ed0-8cd9-157a985bd0bd,download,https://data.wprdc.org/datastore/dump/c88d57d4-cb43-4257-a3f1-ca46f0c837de,CSV
ad5bd3d6-1b53-4ed0-8cd9-157a985bd0bd,download,https://data.wprdc.org/datastore/dump/ca0c8ba9-205c-4f5f-a1be-b87245046ad0,CSV
ad5bd3d6-1b53-4ed0-8cd9-157a985bd0bd,download,https://data.wprdc.org/datastore/dump/53211313-01c9-46e2-b520-a5748a10fd7c,CSV
ad5bd3d6-1b53-4ed0-8cd9-157a985bd0bd,download,https://data.wprdc.org/datastore/dump/37b11f07-361f-442a-966e-fbdc5eef0840,CSV
ad5bd3d6-1b53-4ed0-8cd9-157a985bd0bd,download,https://data.wprdc.org/dataset/ad5bd3d6-1b53-4ed0-8cd9-157a985bd0bd/resource/75e867fe-3154-4be8-a7f3-5909653e5c06/download/2020_dog_licenses.csv,CSV
ad5bd3d6-1b53-4ed0-8cd9-157a985bd0bd,download,https://data.wprdc.org/datastore/dump/e16d4ab3-842a-4f39-9ad7-ce5921002280,CSV
ad5bd3d6-1b53-4ed0-8cd9-157a985bd0bd,download,https://data.wprdc.org/datastore/dump/08601304-be82-44f7-95af-2ddc1f556343,CSV
ad5bd3d6-1b53-4ed0-8cd9-157a985bd0bd,download,https://data.wprdc.org/datastore/dump/2efe9402-3372-4757-a123-9c32ff65391f,CSV
ad5bd3d6-1b53-4ed0-8cd9-157a985bd0bd,download,https://data.wprdc.org/datastore/dump/ecedb5a4-4e9d-469b-8cde-2673ee48c482,CSV
ad5bd3d6-1b53-4ed0-8cd9-157a985bd0bd,download,https://data.wprdc.org/datastore/dump/2491c511-6541-42a7-9e0a-0e090c06dfe8,CSV
ad5bd3d6-1b53-4ed0-8cd9-157a985bd0bd,download,https://data.wprdc.org/datastore/dump/bbc3d2bc-1021-476e-ae79-297c2d3c1496,CSV
f2141a79-c0b9-4cf9-b4d2-d591b4aaa8e6,download,https://data.wprdc.org/datastore/dump/859bccfd-0e12-4161-a348-313d734f25fd,CSV
87a9fb10-71f9-4d99-9a51-cd5ca2c5d3d5,download,https://data.wprdc.org/datastore/dump/fd64c179-b5af-4263-9275-fb581705d878,CSV
abba9671-a026-4270-9c83-003a1414d628,download,https://tools.wprdc.org/downstream/ff33ca18-2e0c-4cb5-bdcd-60a5dc3c0418,CSV
abba9671-a026-4270-9c83-003a1414d628,download,https://tools.wprdc.org/downstream/b6340d98-69a0-4965-a9b4-3480cea1182b,CSV
abba9671-a026-4270-9c83-003a1414d628,download,https://data.wprdc.org/dataset/abba9671-a026-4270-9c83-003a1414d628/resource/36071008-43ea-46f2-b903-41b9ff937531/download/allegheny_county_census_block_groups_2016.zip,SHP
abba9671-a026-4270-9c83-003a1414d628,download,https://data.wprdc.org/dataset/abba9671-a026-4270-9c83-003a1414d628/resource/7a9b3eea-3b3a-4dc4-aae0-02b864fa6f41/download/cad_priority_codes.csv,CSV
22fe57da-f5b8-4c52-90ea-b10591a66f90,download,https://data.wprdc.org/datastore/dump/d1e80180-5b2e-4dab-8ec3-be621628649e,CSV
22fe57da-f5b8-4c52-90ea-b10591a66f90,download,https://tools.wprdc.org/downstream/65d0d259-3e58-49d3-bebb-80dc75f61245,CSV
22fe57da-f5b8-4c52-90ea-b10591a66f90,download,https://tools.wprdc.org/downstream/8cd32648-757c-4637-9076-85e144997ca8,CSV
22fe57da-f5b8-4c52-90ea-b10591a66f90,download,https://tools.wprdc.org/downstream/346a4e9d-e72d-4701-b881-bd95cc7d0f5a,CSV
22fe57da-f5b8-4c52-90ea-b10591a66f90,download,https://parcelsnat.org/explore,HTML
2b3df818-601e-4f06-b150-643557229491,download,https://data.wprdc.org/dataset/2b3df818-601e-4f06-b150-643557229491/resource/9a1c60bd-f9f7-4aba-aeb7-af8c3aaa44e5/download/assessments.csv,CSV
2b3df818-601e-4f06-b150-643557229491,download,https://tools.wprdc.org/downstream/65855e14-549e-4992-b5be-d629afc676fa,Property Assessments Parcel Data (API version)
2b3df818-601e-4f06-b150-643557229491,download,http://tools.wprdc.org/property-dashboard/,HTML
2b3df818-601e-4f06-b150-643557229491,download,https://www2.alleghenycounty.us/RealEstate/search.aspx,HTML
2b3df818-601e-4f06-b150-643557229491,download,https://docs.google.com/document/d/1eYuJOh4_CBitclhhgeJv6iLStPjtouhXV1_2cwei_-s/edit?usp=sharing,Property Assessment Data User Guide Allegheny County
2b3df818-601e-4f06-b150-643557229491,download,http://wprdc.github.io/property-information-extractor/#,HTML
2b3df818-601e-4f06-b150-643557229491,download,https://data.wprdc.org/dataset/2b3df818-601e-4f06-b150-643557229491/resource/42c37141-aaff-46ef-9c76-faf4ef7b041a/download/selected-2020-assessments.csv.zip,ZIP
2b3df818-601e-4f06-b150-643557229491,download,https://data.wprdc.org/dataset/2b3df818-601e-4f06-b150-643557229491/resource/abb205ca-6ec1-4bf1-b7d9-f9fb23478161/download/selected-2019-assessments.zip,ZIP
2b3df818-601e-4f06-b150-643557229491,download,https://data.wprdc.org/dataset/2b3df818-601e-4f06-b150-643557229491/resource/ca74478b-1fd0-4050-848e-32d3767af61e/download/2017-assessment-files-2.zip,ZIP
2b3df818-601e-4f06-b150-643557229491,download,https://data.wprdc.org/dataset/2b3df818-601e-4f06-b150-643557229491/resource/43bf0e48-aadd-4c39-a2c1-b1f247656c0b/download/2016-assessments.zip,ZIP
2b3df818-601e-4f06-b150-643557229491,download,https://data.wprdc.org/dataset/2b3df818-601e-4f06-b150-643557229491/resource/2514a4e4-5842-4dca-aff6-099bcd68482c/download/assessments.csv,CSV
2b3df818-601e-4f06-b150-643557229491,download,https://data.wprdc.org/dataset/2b3df818-601e-4f06-b150-643557229491/resource/518b583f-7cc8-4f60-94d0-174cc98310dc/download/___,CSV
2b3df818-601e-4f06-b150-643557229491,download,https://data.wprdc.org/dataset/2b3df818-601e-4f06-b150-643557229491/resource/c665470c-ee72-4f0d-b772-4f09c2145f2a/download/data-dictionary-open-data.csv,CSV
65e69ee3-93b2-4f7a-b9cb-8ce977f15d9a,download,https://data.wprdc.org/dataset/65e69ee3-93b2-4f7a-b9cb-8ce977f15d9a/resource/bd41992a-987a-4cca-8798-fbe1cd946b07/download/incidents_2024_2026.xlsx,XLSX
b62e8c3f-f40e-4b3f-9c60-82509bc397fb,download,https://data.wprdc.org/dataset/b62e8c3f-f40e-4b3f-9c60-82509bc397fb/resource/e419c20c-8df4-4729-830c-e49427a656e0/download/arrests_2024_2026.xlsx,XLSX
f376ccbc-c851-4b58-8b59-5dd9edc736ee,download,https://data.wprdc.org/dataset/f376ccbc-c851-4b58-8b59-5dd9edc736ee/resource/37fd0e7b-42b4-4e57-bd83-9cc329dd653c/download/june-2026.xlsx,XLSX
f376ccbc-c851-4b58-8b59-5dd9edc736ee,download,https://data.wprdc.org/dataset/f376ccbc-c851-4b58-8b59-5dd9edc736ee/resource/82967aa5-ef20-43cb-8845-a0d54ec15518/download/may-2026.xlsx,XLSX
f376ccbc-c851-4b58-8b59-5dd9edc736ee,download,https://data.wprdc.org/dataset/f376ccbc-c851-4b58-8b59-5dd9edc736ee/resource/04fd535b-260b-4d35-90c4-2591770daf66/download/april-2026.xlsx,XLSX
f376ccbc-c851-4b58-8b59-5dd9edc736ee,download,https://data.wprdc.org/dataset/f376ccbc-c851-4b58-8b59-5dd9edc736ee/resource/ed97a719-f814-4363-81d1-0a3802b8c778/download/march-2026.xlsx,XLSX
f376ccbc-c851-4b58-8b59-5dd9edc736ee,download,https://data.wprdc.org/dataset/f376ccbc-c851-4b58-8b59-5dd9edc736ee/resource/2e8ae77d-670f-4f57-9b90-84f33bd45bbc/download/february-2026.xlsx,XLSX
f376ccbc-c851-4b58-8b59-5dd9edc736ee,download,https://data.wprdc.org/dataset/f376ccbc-c851-4b58-8b59-5dd9edc736ee/resource/2d843d65-5c40-42c1-986d-2f5f840fbd3a/download/january-2026.xlsx,XLSX
f376ccbc-c851-4b58-8b59-5dd9edc736ee,download,https://data.wprdc.org/dataset/f376ccbc-c851-4b58-8b59-5dd9edc736ee/resource/37de64b8-7c8f-42d3-84af-e1e2eba65359/download/december-2025.xlsx,XLSX
f376ccbc-c851-4b58-8b59-5dd9edc736ee,download,https://data.wprdc.org/dataset/f376ccbc-c851-4b58-8b59-5dd9edc736ee/resource/b85f5b5f-38b4-4352-acab-29955eb10f0d/download/november-2025.xlsx,XLSX
f376ccbc-c851-4b58-8b59-5dd9edc736ee,download,https://data.wprdc.org/dataset/f376ccbc-c851-4b58-8b59-5dd9edc736ee/resource/b47bf017-b461-411b-99e8-b6416bc77e81/download/october-2025.xlsx,XLSX
f376ccbc-c851-4b58-8b59-5dd9edc736ee,download,https://data.wprdc.org/dataset/f376ccbc-c851-4b58-8b59-5dd9edc736ee/resource/a27865cf-5621-43f9-9ee9-06f65ba9d544/download/september-2025.xlsx,XLSX
f376ccbc-c851-4b58-8b59-5dd9edc736ee,download,https://data.wprdc.org/dataset/f376ccbc-c851-4b58-8b59-5dd9edc736ee/resource/29a9e99b-5064-47ee-ba3e-46bb358ccb9a/download/august-2025.xlsx,XLSX
f376ccbc-c851-4b58-8b59-5dd9edc736ee,download,https://data.wprdc.org/dataset/f376ccbc-c851-4b58-8b59-5dd9edc736ee/resource/08ab7661-fe24-4311-82a3-045d185d4bd8/download/july-2025.xlsx,XLSX
f376ccbc-c851-4b58-8b59-5dd9edc736ee,download,https://data.wprdc.org/dataset/f376ccbc-c851-4b58-8b59-5dd9edc736ee/resource/9c67dcf1-15fe-4890-bef0-cb7a28f93f37/download/june-2025.xlsx,XLSX
f376ccbc-c851-4b58-8b59-5dd9edc736ee,download,https://data.wprdc.org/dataset/f376ccbc-c851-4b58-8b59-5dd9edc736ee/resource/d5d86464-3312-433f-9aa4-b583edc1d248/download/may-2025.xlsx,XLSX
f376ccbc-c851-4b58-8b59-5dd9edc736ee,download,https://data.wprdc.org/dataset/f376ccbc-c851-4b58-8b59-5dd9edc736ee/resource/3359ee37-ca8a-4a46-9c88-8d0da0d10cc9/download/april-2025.xlsx,XLSX
f376ccbc-c851-4b58-8b59-5dd9edc736ee,download,https://data.wprdc.org/dataset/f376ccbc-c851-4b58-8b59-5dd9edc736ee/resource/56f94be3-31d6-43b4-b869-42910eb6fb9f/download/march-2025.xlsx,XLSX
f376ccbc-c851-4b58-8b59-5dd9edc736ee,download,https://data.wprdc.org/dataset/f376ccbc-c851-4b58-8b59-5dd9edc736ee/resource/e3c53559-adf0-4eaa-bcff-6b2acb8cf918/download/february-2025.xlsx,XLSX
f376ccbc-c851-4b58-8b59-5dd9edc736ee,download,https://data.wprdc.org/dataset/f376ccbc-c851-4b58-8b59-5dd9edc736ee/resource/0ef56bbd-f5f8-40cc-a948-65200ee8e786/download/january-2025.xlsx,XLSX
f376ccbc-c851-4b58-8b59-5dd9edc736ee,download,https://data.wprdc.org/dataset/f376ccbc-c851-4b58-8b59-5dd9edc736ee/resource/598815ff-7117-471e-bdb3-e4ba7a396ecb/download/december-2024.xlsx,XLSX
f376ccbc-c851-4b58-8b59-5dd9edc736ee,download,https://data.wprdc.org/dataset/f376ccbc-c851-4b58-8b59-5dd9edc736ee/resource/7bd8508d-2f04-4290-9598-469130e06312/download/november-2024.xlsx,XLSX
f376ccbc-c851-4b58-8b59-5dd9edc736ee,download,https://data.wprdc.org/dataset/f376ccbc-c851-4b58-8b59-5dd9edc736ee/resource/f5acbde3-61c8-4ae1-97b1-5ece93b39abc/download/october-2024.xlsx,XLSX
f376ccbc-c851-4b58-8b59-5dd9edc736ee,download,https://data.wprdc.org/dataset/f376ccbc-c851-4b58-8b59-5dd9edc736ee/resource/08b45a0d-74ea-4b41-a372-0cec15085dd4/download/september-2024.xlsx,XLSX
f376ccbc-c851-4b58-8b59-5dd9edc736ee,download,https://data.wprdc.org/dataset/f376ccbc-c851-4b58-8b59-5dd9edc736ee/resource/8cefdd14-84a2-4b1b-a53c-8011c5661a4c/download/august-2024.xlsx,XLSX
f376ccbc-c851-4b58-8b59-5dd9edc736ee,download,https://data.wprdc.org/dataset/f376ccbc-c851-4b58-8b59-5dd9edc736ee/resource/a56ccfb5-414e-4760-8133-65f79ea5d94f/download/july-2024.xlsx,XLSX
f376ccbc-c851-4b58-8b59-5dd9edc736ee,download,https://data.wprdc.org/dataset/f376ccbc-c851-4b58-8b59-5dd9edc736ee/resource/a05520d3-cdf1-4b52-aa47-238731c1c32c/download/june-2024.xlsx,XLSX
f376ccbc-c851-4b58-8b59-5dd9edc736ee,download,https://data.wprdc.org/dataset/f376ccbc-c851-4b58-8b59-5dd9edc736ee/resource/a4598299-e02a-43a3-901f-dff08630e96e/download/may-2024.xlsx,XLSX
f376ccbc-c851-4b58-8b59-5dd9edc736ee,download,https://data.wprdc.org/dataset/f376ccbc-c851-4b58-8b59-5dd9edc736ee/resource/0814f43e-bf31-4efd-a2d6-ab48402106d4/download/april-2024.xlsx,XLSX
f376ccbc-c851-4b58-8b59-5dd9edc736ee,download,https://data.wprdc.org/dataset/f376ccbc-c851-4b58-8b59-5dd9edc736ee/resource/01a59873-8f16-428d-a77c-adbc7c86edb8/download/march-2024.xlsx,XLSX
f376ccbc-c851-4b58-8b59-5dd9edc736ee,download,https://data.wprdc.org/dataset/f376ccbc-c851-4b58-8b59-5dd9edc736ee/resource/a4f35db1-f120-45ea-a6ee-353e65ce766c/download/february-2024.xlsx,XLSX
f376ccbc-c851-4b58-8b59-5dd9edc736ee,download,https://data.wprdc.org/dataset/f376ccbc-c851-4b58-8b59-5dd9edc736ee/resource/79e585fd-c139-4eb2-9cc9-5b72de6803de/download/january-2024.xlsx,XLSX
f376ccbc-c851-4b58-8b59-5dd9edc736ee,download,https://data.wprdc.org/dataset/f376ccbc-c851-4b58-8b59-5dd9edc736ee/resource/b006e671-5661-4b9c-8eca-1351598804c1/download/december-2023.xlsx,XLSX
f376ccbc-c851-4b58-8b59-5dd9edc736ee,download,https://data.wprdc.org/dataset/f376ccbc-c851-4b58-8b59-5dd9edc736ee/resource/4574cdf1-e65a-42df-8ede-eadd4548660a/download/november-2023.xlsx,XLSX
f376ccbc-c851-4b58-8b59-5dd9edc736ee,download,https://data.wprdc.org/dataset/f376ccbc-c851-4b58-8b59-5dd9edc736ee/resource/a82c7c20-2c88-4de6-a3db-da1b4d64fe13/download/october-2023.xlsx,XLSX
f376ccbc-c851-4b58-8b59-5dd9edc736ee,download,https://data.wprdc.org/dataset/f376ccbc-c851-4b58-8b59-5dd9edc736ee/resource/f1ba1ba5-f4f0-449e-af37-36d021ea7223/download/september-2023.xlsx,XLSX
f376ccbc-c851-4b58-8b59-5dd9edc736ee,download,https://data.wprdc.org/dataset/f376ccbc-c851-4b58-8b59-5dd9edc736ee/resource/e4f6d854-e40a-4f16-8bdf-255c912b4cfd/download/august-2023.xlsx,XLSX
f376ccbc-c851-4b58-8b59-5dd9edc736ee,download,https://data.wprdc.org/dataset/f376ccbc-c851-4b58-8b59-5dd9edc736ee/resource/e2c446b7-b0f5-43d5-87ac-f4b252f27aa3/download/july-2023.xlsx,XLSX
f376ccbc-c851-4b58-8b59-5dd9edc736ee,download,https://data.wprdc.org/dataset/f376ccbc-c851-4b58-8b59-5dd9edc736ee/resource/a6bde28d-e11b-4854-b3b0-d4a851f6ee3a/download/june-2023.xlsx,XLSX
f376ccbc-c851-4b58-8b59-5dd9edc736ee,download,https://data.wprdc.org/dataset/f376ccbc-c851-4b58-8b59-5dd9edc736ee/resource/78ec9f4b-f99e-4995-8a20-2a1e075d63db/download/may-2023.xlsx,XLSX
f376ccbc-c851-4b58-8b59-5dd9edc736ee,download,https://data.wprdc.org/dataset/f376ccbc-c851-4b58-8b59-5dd9edc736ee/resource/8e8a5cd9-943e-4d21-a7ed-05f865dd0038/download/apr-2023.xlsx,XLSX
f376ccbc-c851-4b58-8b59-5dd9edc736ee,download,https://data.wprdc.org/dataset/f376ccbc-c851-4b58-8b59-5dd9edc736ee/resource/49bd4cba-5361-4375-a789-210dd4f7903b/download/march-2023.xlsx,XLSX
f376ccbc-c851-4b58-8b59-5dd9edc736ee,download,https://data.wprdc.org/dataset/f376ccbc-c851-4b58-8b59-5dd9edc736ee/resource/cfd4c472-d019-4f25-87ab-4fad1936f127/download/february-2023.xlsx,XLSX
f376ccbc-c851-4b58-8b59-5dd9edc736ee,download,https://data.wprdc.org/dataset/f376ccbc-c851-4b58-8b59-5dd9edc736ee/resource/b486bf17-5fa0-4311-b256-9fb354f0f827/download/january-2023.xlsx,XLSX
f376ccbc-c851-4b58-8b59-5dd9edc736ee,download,https://data.wprdc.org/dataset/f376ccbc-c851-4b58-8b59-5dd9edc736ee/resource/f3c25fad-372b-4ded-9aab-2f7ae75b9008/download/december-2022.xlsx,XLSX
f376ccbc-c851-4b58-8b59-5dd9edc736ee,download,https://data.wprdc.org/dataset/f376ccbc-c851-4b58-8b59-5dd9edc736ee/resource/97ba8ceb-a39b-49a1-a7fb-b26aca69c0f4/download/november-2022.xlsx,XLSX
f376ccbc-c851-4b58-8b59-5dd9edc736ee,download,https://data.wprdc.org/dataset/f376ccbc-c851-4b58-8b59-5dd9edc736ee/resource/5b44e019-5480-4dcc-aac3-a5f6a624ee53/download/october-2022.xlsx,XLSX
f376ccbc-c851-4b58-8b59-5dd9edc736ee,download,https://data.wprdc.org/dataset/f376ccbc-c851-4b58-8b59-5dd9edc736ee/resource/1688f127-e894-4134-ac91-342c988a772c/download/september-2022.xlsx,XLSX
f376ccbc-c851-4b58-8b59-5dd9edc736ee,download,https://data.wprdc.org/dataset/f376ccbc-c851-4b58-8b59-5dd9edc736ee/resource/115f1654-9757-4705-9ca2-9e8573b3012a/download/august-2022.xlsx,XLSX
f376ccbc-c851-4b58-8b59-5dd9edc736ee,download,https://data.wprdc.org/dataset/f376ccbc-c851-4b58-8b59-5dd9edc736ee/resource/1744cd4a-13cf-46de-b773-57f528ee9705/download/july-2022.xlsx,XLSX
f376ccbc-c851-4b58-8b59-5dd9edc736ee,download,https://data.wprdc.org/dataset/f376ccbc-c851-4b58-8b59-5dd9edc736ee/resource/6ab3626b-b640-41b7-aed8-f3359495a695/download/june-2022.xlsx,XLSX
f376ccbc-c851-4b58-8b59-5dd9edc736ee,download,https://data.wprdc.org/dataset/f376ccbc-c851-4b58-8b59-5dd9edc736ee/resource/2cd57068-5498-4b47-b2d3-512d3cdb1e0c/download/may-2022.xlsx,XLSX
5706fa23-87f6-4757-be8a-bcfc0b677e01,download,https://data.wprdc.org/datastore/dump/0d99978a-ccf6-4315-af5a-a95acec87a9f,CSV
5706fa23-87f6-4757-be8a-bcfc0b677e01,download,https://data.wprdc.org/datastore/dump/9eacedae-6f38-4621-be8e-7386bf3e3b48,CSV
5706fa23-87f6-4757-be8a-bcfc0b677e01,download,https://data.wprdc.org/datastore/dump/c84109c5-0875-4ebb-8638-e8b3f694ea72,CSV
5706fa23-87f6-4757-be8a-bcfc0b677e01,download,https://data.wprdc.org/datastore/dump/e33a7bc4-a185-4372-9a87-49060c87f797,CSV
5706fa23-87f6-4757-be8a-bcfc0b677e01,download,https://data.wprdc.org/dataset/5706fa23-87f6-4757-be8a-bcfc0b677e01/resource/77f53ea5-9a40-4047-8235-8ca8a2712f16/download/2019_farmers-markets.csv,CSV
5706fa23-87f6-4757-be8a-bcfc0b677e01,download,https://data.wprdc.org/dataset/5706fa23-87f6-4757-be8a-bcfc0b677e01/resource/c1cc8513-d2da-452e-98b5-275e758d4282/download/2017_farmers-markets.csv,CSV
b1282e47-6a70-4f18-98df-f081e7406e34,download,https://data.wprdc.org/datastore/dump/75b83ac9-8069-4cf1-bcc3-b9e6b04487d9,CSV
2019f508-2708-4dca-a0d5-cb82c1840c7d,download,https://data.wprdc.org/dataset/2019f508-2708-4dca-a0d5-cb82c1840c7d/resource/8a7607fb-c93e-4d7a-9b23-528b5c25b1de/download/opa_appeals-data-for-wprdc_through-2026_as-of-june22th_2026.csv,CSV
feabba77-47ab-404d-9d77-20b9ffad9458,download,https://data.wprdc.org/dataset/feabba77-47ab-404d-9d77-20b9ffad9458/resource/2c7c6a97-b549-4d9e-904d-74060d2dfd2e/download/development_applications.zip,SHP
feabba77-47ab-404d-9d77-20b9ffad9458,download,https://data.wprdc.org/dataset/feabba77-47ab-404d-9d77-20b9ffad9458/resource/f3b9a9aa-65e6-4943-8064-f7b63d33afad/download/applications-for-development-2020-2025.csv,CSV
c925a742-96bc-4323-99fd-98ff8d446695,download,https://data.wprdc.org/dataset/c925a742-96bc-4323-99fd-98ff8d446695/resource/81e92862-a091-4e1d-81c9-e799cbb6112a/download/implemented_scms_points.zip,SHP
c925a742-96bc-4323-99fd-98ff8d446695,download,https://data.wprdc.org/dataset/c925a742-96bc-4323-99fd-98ff8d446695/resource/98e363bf-291c-4c6f-9697-1a5b916fbc2b/download/implemented_scms_lines.zip,SHP
c925a742-96bc-4323-99fd-98ff8d446695,download,https://data.wprdc.org/dataset/c925a742-96bc-4323-99fd-98ff8d446695/resource/ab2cee7c-8518-4fec-a1bc-e74a3f5f86ca/download/implemented_scms_polygons.zip,SHP
c925a742-96bc-4323-99fd-98ff8d446695,download,https://data.wprdc.org/dataset/c925a742-96bc-4323-99fd-98ff8d446695/resource/f99b34bc-7ac0-4658-b5ba-c0626c245ce5/download/implemented-scms-points-2020-2025.csv,CSV
c925a742-96bc-4323-99fd-98ff8d446695,download,https://data.wprdc.org/dataset/c925a742-96bc-4323-99fd-98ff8d446695/resource/95e55cc6-9af0-4425-b85e-40fa3696527d/download/implemented-scms-lines-2020-2025.csv,CSV
c925a742-96bc-4323-99fd-98ff8d446695,download,https://data.wprdc.org/dataset/c925a742-96bc-4323-99fd-98ff8d446695/resource/b41a38e6-212f-4c04-b756-db3fd2ffac0a/download/implemented-scms-polygons-2020-2025.csv,CSV
e6c089da-43d1-439b-92fc-e500d6fb5e73,download,https://data.wprdc.org/dataset/e6c089da-43d1-439b-92fc-e500d6fb5e73/resource/12bb84ed-397e-435c-8d1b-8ce543108698/download/prt-monthly-ridership-through-april-2026.csv,CSV
e6c089da-43d1-439b-92fc-e500d6fb5e73,download,https://data.wprdc.org/dataset/e6c089da-43d1-439b-92fc-e500d6fb5e73/resource/911b53eb-65f8-4002-9481-096a31699acd/download/ridershipmonthavg-data-dictionary.csv,CSV
b8b5fee7-2281-4426-a68e-2e05c6dec365,download,https://data.wprdc.org/dataset/b8b5fee7-2281-4426-a68e-2e05c6dec365/resource/00eb9600-69b5-4f11-b20a-8c8ddd8cfe7a/download/prt-monthly-otp-through-may-2026.csv,CSV
b8b5fee7-2281-4426-a68e-2e05c6dec365,download,https://data.wprdc.org/dataset/b8b5fee7-2281-4426-a68e-2e05c6dec365/resource/999ab5cc-1381-41ec-8d8e-163dfc18ed60/download/routemonthlyotp-data-dictionary.csv,CSV
007c3ea8-3f76-4b26-8a09-a14811abf12e,download,https://data.wprdc.org/dataset/007c3ea8-3f76-4b26-8a09-a14811abf12e/resource/e68fe400-38a6-4d7a-864c-f84be9e58c6c/download/profiles_data_20132023.csv,CSV
007c3ea8-3f76-4b26-8a09-a14811abf12e,download,https://data.wprdc.org/dataset/007c3ea8-3f76-4b26-8a09-a14811abf12e/resource/300132af-1be5-4f44-975c-10cb0024f8d3/download/profileschange_datadictionary_20132023.xlsx,XLSX
007c3ea8-3f76-4b26-8a09-a14811abf12e,download,https://data.wprdc.org/dataset/007c3ea8-3f76-4b26-8a09-a14811abf12e/resource/0a868259-669f-4d2d-9a38-c9e33572f034/download/pittsburghneighborhood_tract_index_2013.xlsx,XLSX
007c3ea8-3f76-4b26-8a09-a14811abf12e,download,https://data.wprdc.org/dataset/007c3ea8-3f76-4b26-8a09-a14811abf12e/resource/a322f97c-8b82-4c2b-9f6d-4fa6fe02abeb/download/pittsburghneighborhood_tract_index_2023.xlsx,XLSX
40af8f91-000b-4e75-8ed1-9530360258d2,download,https://data.wprdc.org/dataset/40af8f91-000b-4e75-8ed1-9530360258d2/resource/e90f2fca-dd24-47bc-b2ce-307a3579dab9/download/pogoh-station-locations-may-2026.xlsx,XLSX
40af8f91-000b-4e75-8ed1-9530360258d2,download,https://data.wprdc.org/dataset/40af8f91-000b-4e75-8ed1-9530360258d2/resource/7b6ed901-fb45-4dcd-9889-aa0073282d6c/download/pogoh-station-locations-march-2026.xlsx,XLSX
40af8f91-000b-4e75-8ed1-9530360258d2,download,https://data.wprdc.org/dataset/40af8f91-000b-4e75-8ed1-9530360258d2/resource/ef3727f0-87ee-42f3-92e4-25d7b1d7efb0/download/pogoh-station-locations-october-2025.xlsx,XLSX
40af8f91-000b-4e75-8ed1-9530360258d2,download,https://data.wprdc.org/dataset/40af8f91-000b-4e75-8ed1-9530360258d2/resource/b305bc04-6b40-4c63-972a-3b005e05d42d/download/pogoh-station-locations-august-2025.xlsx,XLSX
40af8f91-000b-4e75-8ed1-9530360258d2,download,https://data.wprdc.org/dataset/40af8f91-000b-4e75-8ed1-9530360258d2/resource/e7a8cc06-af37-4c64-b49c-bb0154e09c2c/download/pogoh-station-locations-may-2025.xlsx,XLSX
40af8f91-000b-4e75-8ed1-9530360258d2,download,https://data.wprdc.org/dataset/40af8f91-000b-4e75-8ed1-9530360258d2/resource/0bf79434-01a7-4f99-8034-0e81c4143355/download/pogoh-station-locations-february-2025.xlsx,XLSX
40af8f91-000b-4e75-8ed1-9530360258d2,download,https://data.wprdc.org/dataset/40af8f91-000b-4e75-8ed1-9530360258d2/resource/5b94cc12-2bec-463b-b7ac-95d89f1741d0/download/pogoh-station-locations-november-2024.xlsx,XLSX
40af8f91-000b-4e75-8ed1-9530360258d2,download,https://data.wprdc.org/dataset/40af8f91-000b-4e75-8ed1-9530360258d2/resource/1498850a-86c9-4fa6-b4b1-9f4fd76abe19/download/pogoh-station-locations-october-2024.xlsx,XLSX
40af8f91-000b-4e75-8ed1-9530360258d2,download,https://data.wprdc.org/dataset/40af8f91-000b-4e75-8ed1-9530360258d2/resource/722bace4-98a3-456b-9029-7d64090e5bd6/download/___,XLSX
40af8f91-000b-4e75-8ed1-9530360258d2,download,https://data.wprdc.org/dataset/40af8f91-000b-4e75-8ed1-9530360258d2/resource/bab6ee9a-81dd-411f-90b3-b65ddc6009f3/download/pogoh-station-locations-august-2023-1.xlsx,XLSX
40af8f91-000b-4e75-8ed1-9530360258d2,download,https://data.wprdc.org/dataset/40af8f91-000b-4e75-8ed1-9530360258d2/resource/dc292334-97be-42d1-822f-8c4e41229920/download/pogoh-station-locations-july-2023.xlsx,XLSX
40af8f91-000b-4e75-8ed1-9530360258d2,download,https://data.wprdc.org/dataset/40af8f91-000b-4e75-8ed1-9530360258d2/resource/f7112f90-0708-4574-9feb-fee9f4caaa36/download/pogoh-station-locations-june-2023.xlsx,XLSX
40af8f91-000b-4e75-8ed1-9530360258d2,download,https://data.wprdc.org/dataset/40af8f91-000b-4e75-8ed1-9530360258d2/resource/a0dbb725-fdc0-481e-b082-d3670bcef3be/download/pogoh-station-locations-february-2023.xlsx,XLSX
40af8f91-000b-4e75-8ed1-9530360258d2,download,https://data.wprdc.org/dataset/40af8f91-000b-4e75-8ed1-9530360258d2/resource/d7778721-e9c7-4d2f-a9c1-4f317db140a1/download/pogoh-station-locations-may-2022.xlsx,XLSX
42a2155f-edf2-4baf-bac9-6d3e77c4a463,download,https://data.wprdc.org/dataset/42a2155f-edf2-4baf-bac9-6d3e77c4a463/resource/5f1df0d1-7be8-4b3e-b515-60fed25088ce/download/iriselandsliedatabaseforwprdc.xlsx,XLSX
42a2155f-edf2-4baf-bac9-6d3e77c4a463,download,https://data.wprdc.org/dataset/42a2155f-edf2-4baf-bac9-6d3e77c4a463/resource/f6aea9d6-910c-4755-9bf6-e4c40d2f52e0/download/iriselandslidedatabaseforwprdc.csv,CSV
42a2155f-edf2-4baf-bac9-6d3e77c4a463,download,https://data.wprdc.org/dataset/42a2155f-edf2-4baf-bac9-6d3e77c4a463/resource/26dd01d2-e77c-44b0-ad4e-b84e88171f70/download/reoccuring_nonreoccuringforwprdcsheet1.csv,CSV
42a2155f-edf2-4baf-bac9-6d3e77c4a463,download,https://data.wprdc.org/dataset/42a2155f-edf2-4baf-bac9-6d3e77c4a463/resource/e3c24ff3-8a20-407a-b47c-82beac1de38b/download/distfromoldls_stplaneft.zip,ZIP
e87ccf87-90f6-4023-ba4e-5a2f58793a72,download,https://data.wprdc.org/dataset/e87ccf87-90f6-4023-ba4e-5a2f58793a72/resource/4d5bf8ce-5f4b-493c-a9c9-03bc491bfe00/download/purchases-data-dictionary-w-examples.csv,CSV
e87ccf87-90f6-4023-ba4e-5a2f58793a72,download,https://data.wprdc.org/dataset/e87ccf87-90f6-4023-ba4e-5a2f58793a72/resource/79e26c9f-271a-4b77-8443-11053c57364c/download/2015q4_parking_purchases.zip,ZIP
e87ccf87-90f6-4023-ba4e-5a2f58793a72,download,https://data.wprdc.org/dataset/e87ccf87-90f6-4023-ba4e-5a2f58793a72/resource/010c2843-a92f-4159-bb20-8700f4ebb9e3/download/2016_parking_purchases.zip,ZIP
e87ccf87-90f6-4023-ba4e-5a2f58793a72,download,https://data.wprdc.org/dataset/e87ccf87-90f6-4023-ba4e-5a2f58793a72/resource/99217cce-24e0-4136-a619-f28da1b0b0ed/download/2017_parking_purchases.zip,ZIP
e87ccf87-90f6-4023-ba4e-5a2f58793a72,download,https://data.wprdc.org/dataset/e87ccf87-90f6-4023-ba4e-5a2f58793a72/resource/2bd36135-1104-4988-92c6-64a43ffbdf0d/download/2018_parking_purchases.zip,ZIP
846f028b-bcc3-45e0-b939-255cffca5f5e,download,https://data.wprdc.org/datastore/dump/f61f6e8c-7b93-4df3-9935-4937899901c7,CSV
846f028b-bcc3-45e0-b939-255cffca5f5e,download,https://data.wprdc.org/dataset/846f028b-bcc3-45e0-b939-255cffca5f5e/resource/b3c0d129-b649-41f5-a41c-ff1b4a9e1400/download/city-wide-revenue-and-expenses-data-dictionary.xlsx,XLSX
78dfb4f8-2ad5-4a7c-af4c-a5982e475a8a,download,https://data.wprdc.org/datastore/dump/7272bc6b-7c7e-4a7f-9ec0-9ee034e6147e,CSV
78dfb4f8-2ad5-4a7c-af4c-a5982e475a8a,download,https://data.wprdc.org/datastore/dump/e737675c-bd26-4a37-ade0-d5599ca871f0,CSV
78dfb4f8-2ad5-4a7c-af4c-a5982e475a8a,download,https://data.wprdc.org/datastore/dump/8d45ae5e-9781-4ec3-9b4c-8d2560d54f9d,CSV
78dfb4f8-2ad5-4a7c-af4c-a5982e475a8a,download,https://data.wprdc.org/datastore/dump/cccf0fbf-ad2a-4a7b-953c-fceacc3708c5,CSV
78dfb4f8-2ad5-4a7c-af4c-a5982e475a8a,download,https://data.wprdc.org/datastore/dump/a6f52fb9-6c3a-40e4-adc4-2bd806b165fd,CSV
78dfb4f8-2ad5-4a7c-af4c-a5982e475a8a,download,https://data.wprdc.org/datastore/dump/33963feb-e96c-4034-903b-f8fe9d09f498,CSV
78dfb4f8-2ad5-4a7c-af4c-a5982e475a8a,download,https://data.wprdc.org/datastore/dump/3f9fbca0-c47b-4da8-aa0b-9dbd08d0cf93,CSV
78dfb4f8-2ad5-4a7c-af4c-a5982e475a8a,download,https://data.wprdc.org/datastore/dump/de68ec81-464d-422f-a5e8-ec9ab739d3dd,CSV
78dfb4f8-2ad5-4a7c-af4c-a5982e475a8a,download,https://data.wprdc.org/datastore/dump/a6abdc7e-2ad1-4e7d-9aed-6f49ef309be6,CSV
78dfb4f8-2ad5-4a7c-af4c-a5982e475a8a,download,https://data.wprdc.org/datastore/dump/c73aebfd-61e4-4141-ae52-ba2b914468b8,CSV
78dfb4f8-2ad5-4a7c-af4c-a5982e475a8a,download,https://data.wprdc.org/datastore/dump/7d974d85-c13d-416d-8750-a98f1fecee98,CSV
78dfb4f8-2ad5-4a7c-af4c-a5982e475a8a,download,https://data.wprdc.org/datastore/dump/4a113b3d-7d2c-4f8b-a4f4-7c1373260f75,CSV
78dfb4f8-2ad5-4a7c-af4c-a5982e475a8a,download,https://data.wprdc.org/datastore/dump/f7db882a-c522-4c21-9a0e-9a17452541bc,CSV
78dfb4f8-2ad5-4a7c-af4c-a5982e475a8a,download,https://data.wprdc.org/dataset/78dfb4f8-2ad5-4a7c-af4c-a5982e475a8a/resource/a0cee71c-809f-42d5-97d0-d8193cdbf1eb/download/weekly_long_term_care_vaccinations.csv,CSV
78dfb4f8-2ad5-4a7c-af4c-a5982e475a8a,download,https://data.wprdc.org/datastore/dump/578f4dc4-c92e-48a4-922e-9bcf9d48a861,CSV
78dfb4f8-2ad5-4a7c-af4c-a5982e475a8a,download,https://data.wprdc.org/datastore/dump/9553c0d4-8d95-46d5-829b-59dac67dc3d3,CSV
78dfb4f8-2ad5-4a7c-af4c-a5982e475a8a,download,https://data.wprdc.org/datastore/dump/29feecc2-5329-44d5-9d95-9467203414da,CSV
78dfb4f8-2ad5-4a7c-af4c-a5982e475a8a,download,https://data.wprdc.org/datastore/dump/e6d4d309-3dde-4e18-a7c6-a96934257d44,CSV
78dfb4f8-2ad5-4a7c-af4c-a5982e475a8a,download,https://data.wprdc.org/datastore/dump/25e55b3a-609a-434f-b935-05bc549dafe8,CSV
78dfb4f8-2ad5-4a7c-af4c-a5982e475a8a,download,https://data.wprdc.org/datastore/dump/72cc1e37-b73c-49a3-9c4d-c68d29b88cd5,CSV
78dfb4f8-2ad5-4a7c-af4c-a5982e475a8a,download,https://data.wprdc.org/datastore/dump/fd96d23d-3089-422b-ae92-8b28e6628ef8,CSV
78dfb4f8-2ad5-4a7c-af4c-a5982e475a8a,download,https://data.wprdc.org/datastore/dump/c5863e72-37f5-4cbe-a67d-06d06a7f3c10,CSV
78dfb4f8-2ad5-4a7c-af4c-a5982e475a8a,download,https://data.wprdc.org/datastore/dump/d3f5c6a6-c5f8-48db-8da2-f22a39bc8ef8,CSV
f00f803d-78e3-44fd-80b3-c3fb2cd3003a,download,https://data.wprdc.org/datastore/dump/84b3105f-49dd-4fe2-8460-a733ee75d996,CSV
f00f803d-78e3-44fd-80b3-c3fb2cd3003a,download,https://data.wprdc.org/datastore/dump/140ed52c-3165-4456-ab91-69ab3042ae8e,CSV
f00f803d-78e3-44fd-80b3-c3fb2cd3003a,download,http://webapps.achd.net/HCE/search.aspx,HTML
682daad1-6d3a-45d3-8710-6c961146e19b,download,https://data.wprdc.org/datastore/dump/615100ce-e7a4-41b8-a955-1db409e405d4,CSV
682daad1-6d3a-45d3-8710-6c961146e19b,download,https://data.wprdc.org/datastore/dump/e0412beb-fe7a-4a3a-9201-b91118b4f4c4,CSV
682daad1-6d3a-45d3-8710-6c961146e19b,download,https://data.wprdc.org/datastore/dump/e5683ac0-5e94-4527-89aa-148fbdfbf7c4,CSV
682daad1-6d3a-45d3-8710-6c961146e19b,download,https://data.wprdc.org/datastore/dump/511a29f6-3217-4f61-a9ba-b3b5b35ab5fb,CSV
682daad1-6d3a-45d3-8710-6c961146e19b,download,https://data.wprdc.org/dataset/682daad1-6d3a-45d3-8710-6c961146e19b/resource/f4d7e81a-ac39-4f84-a249-c68524e8258a/download/2022_pittsburgh_fish_fry_locations.csv,CSV
682daad1-6d3a-45d3-8710-6c961146e19b,download,https://data.wprdc.org/dataset/682daad1-6d3a-45d3-8710-6c961146e19b/resource/dfa58a5b-d221-411f-bd7e-32837ff99993/download/2021_pittsburgh_fish_fry_locations.csv,CSV
682daad1-6d3a-45d3-8710-6c961146e19b,download,https://data.wprdc.org/dataset/682daad1-6d3a-45d3-8710-6c961146e19b/resource/d802d628-bd44-47cc-bbc9-c691f9026ca1/download/2020_pittsburgh_fish_fry_locations.csv,CSV
682daad1-6d3a-45d3-8710-6c961146e19b,download,https://data.wprdc.org/dataset/682daad1-6d3a-45d3-8710-6c961146e19b/resource/5b58c467-8e6a-4abc-9dd5-a39881770b3c/download/2019_pittsburgh_fish_fry_locations.csv,CSV
682daad1-6d3a-45d3-8710-6c961146e19b,download,https://data.wprdc.org/dataset/682daad1-6d3a-45d3-8710-6c961146e19b/resource/479df307-fd47-404a-95c2-33cf85615a0a/download/2018pittsburghfishfrylocations.csv,CSV
682daad1-6d3a-45d3-8710-6c961146e19b,download,https://data.wprdc.org/dataset/682daad1-6d3a-45d3-8710-6c961146e19b/resource/5d6e9a34-b000-4afc-9583-a65f18d83c51/download/2017pittsburghfishfrylocations.csv,CSV
682daad1-6d3a-45d3-8710-6c961146e19b,download,https://codeforpittsburgh.github.io/fishfrymap/,HTML
9c4eab3b-e05d-4af8-ad18-76e4c1a71a74,download,https://data.wprdc.org/dataset/9c4eab3b-e05d-4af8-ad18-76e4c1a71a74/resource/e7df07a5-a908-4045-a140-8300893091ef/download/pli-permit-summary-april-2023.xlsx,XLSX
9c4eab3b-e05d-4af8-ad18-76e4c1a71a74,download,https://data.wprdc.org/dataset/9c4eab3b-e05d-4af8-ad18-76e4c1a71a74/resource/af794005-19a8-41de-a586-b0bb2cc0c482/download/pli-permit-summary-march-2023.xlsx,XLSX
9c4eab3b-e05d-4af8-ad18-76e4c1a71a74,download,https://data.wprdc.org/dataset/9c4eab3b-e05d-4af8-ad18-76e4c1a71a74/resource/fac6c23a-b42a-4ce7-80a0-f4494f458307/download/pli-permit-summary-february-2023.xlsx,XLSX
9c4eab3b-e05d-4af8-ad18-76e4c1a71a74,download,https://data.wprdc.org/dataset/9c4eab3b-e05d-4af8-ad18-76e4c1a71a74/resource/795970bb-961d-4086-aecd-2218c90bc66a/download/pli-permit-summary-january-2023.xlsx,XLSX
9c4eab3b-e05d-4af8-ad18-76e4c1a71a74,download,https://data.wprdc.org/dataset/9c4eab3b-e05d-4af8-ad18-76e4c1a71a74/resource/65af58fa-4f7b-49f2-b0ea-1713947db72d/download/pli-permit-summary-december-2022.xlsx,XLSX
9c4eab3b-e05d-4af8-ad18-76e4c1a71a74,download,https://data.wprdc.org/dataset/9c4eab3b-e05d-4af8-ad18-76e4c1a71a74/resource/d7168262-6945-4514-8c3a-03c00883e017/download/pli-permit-summary-november-2022.xlsx,XLSX
9c4eab3b-e05d-4af8-ad18-76e4c1a71a74,download,https://data.wprdc.org/dataset/9c4eab3b-e05d-4af8-ad18-76e4c1a71a74/resource/79fb2767-15ef-4e09-99e9-b03290b42b26/download/pli-permit-summary-october-2022.xlsx,XLSX
9c4eab3b-e05d-4af8-ad18-76e4c1a71a74,download,https://data.wprdc.org/dataset/9c4eab3b-e05d-4af8-ad18-76e4c1a71a74/resource/ed0e71b7-0602-47b9-9d09-4d690662bad6/download/pli-permit-summary-september-2022.xlsx,XLSX
9c4eab3b-e05d-4af8-ad18-76e4c1a71a74,download,https://data.wprdc.org/dataset/9c4eab3b-e05d-4af8-ad18-76e4c1a71a74/resource/c8075b12-e530-4744-8b13-115456e02785/download/pli-permit-summary-august-2022.xlsx,XLSX
9c4eab3b-e05d-4af8-ad18-76e4c1a71a74,download,https://data.wprdc.org/dataset/9c4eab3b-e05d-4af8-ad18-76e4c1a71a74/resource/06b610ec-be43-4a72-b67b-2534868107f6/download/pli-permit-summary-july-2022.xlsx,XLSX
9c4eab3b-e05d-4af8-ad18-76e4c1a71a74,download,https://data.wprdc.org/dataset/9c4eab3b-e05d-4af8-ad18-76e4c1a71a74/resource/c620ce1a-b7e1-4d40-9750-c9aa3c1a3155/download/pli-building-summary-june-2022.xlsx,XLSX
9c4eab3b-e05d-4af8-ad18-76e4c1a71a74,download,https://data.wprdc.org/dataset/9c4eab3b-e05d-4af8-ad18-76e4c1a71a74/resource/cec1ced7-972d-40b4-a13e-3e1d970a415c/download/pli-permit-summary-may-2022.xlsx,XLSX
9c4eab3b-e05d-4af8-ad18-76e4c1a71a74,download,https://data.wprdc.org/dataset/9c4eab3b-e05d-4af8-ad18-76e4c1a71a74/resource/f2eb2a57-2a3c-4148-8b4e-5b591feeef08/download/pli-permit-summary-april-2022.xlsx,XLSX
9c4eab3b-e05d-4af8-ad18-76e4c1a71a74,download,https://data.wprdc.org/dataset/9c4eab3b-e05d-4af8-ad18-76e4c1a71a74/resource/18560f72-2576-4014-884d-b8f3b94eb61f/download/pli-permit-summary-march-2022.xlsx,XLSX
9c4eab3b-e05d-4af8-ad18-76e4c1a71a74,download,https://data.wprdc.org/dataset/9c4eab3b-e05d-4af8-ad18-76e4c1a71a74/resource/ee033518-f63c-4a5c-825c-c2a3e5be474f/download/pli-permit-summary-february-2022.xlsx,XLSX
9c4eab3b-e05d-4af8-ad18-76e4c1a71a74,download,https://data.wprdc.org/dataset/9c4eab3b-e05d-4af8-ad18-76e4c1a71a74/resource/7c814658-e909-415b-9cad-eacee9847db0/download/pli-permit-summary-january-2022.xlsx,XLSX
9c4eab3b-e05d-4af8-ad18-76e4c1a71a74,download,https://data.wprdc.org/dataset/9c4eab3b-e05d-4af8-ad18-76e4c1a71a74/resource/04f4a8e6-c1d2-44a3-a6e3-9325d199a240/download/pli-permit-summary-december-2021.xlsx,XLSX
9c4eab3b-e05d-4af8-ad18-76e4c1a71a74,download,https://data.wprdc.org/dataset/9c4eab3b-e05d-4af8-ad18-76e4c1a71a74/resource/4f0e9a72-8147-431a-99a7-a3f06df0606f/download/pli-permit-summary-november-2021.xlsx,XLSX
9c4eab3b-e05d-4af8-ad18-76e4c1a71a74,download,https://data.wprdc.org/dataset/9c4eab3b-e05d-4af8-ad18-76e4c1a71a74/resource/584b032f-1575-45f6-9979-12a93bec9015/download/pli-permit-summary-october-2021.xlsx,XLSX
9c4eab3b-e05d-4af8-ad18-76e4c1a71a74,download,https://data.wprdc.org/dataset/9c4eab3b-e05d-4af8-ad18-76e4c1a71a74/resource/3bfcb14f-c2be-4890-bc64-3f9776849170/download/pli-permit-summary-september-2021.xlsx,XLSX
9c4eab3b-e05d-4af8-ad18-76e4c1a71a74,download,https://data.wprdc.org/dataset/9c4eab3b-e05d-4af8-ad18-76e4c1a71a74/resource/a2b7b328-1737-400e-81bb-0eaa27c85ea5/download/pli-building-summary-august-2021.xlsx,XLSX
9c4eab3b-e05d-4af8-ad18-76e4c1a71a74,download,https://data.wprdc.org/dataset/9c4eab3b-e05d-4af8-ad18-76e4c1a71a74/resource/4ab79821-95a3-4184-8c55-3252acfb98a7/download/pli-building-summary-july-2021.xlsx,XLSX
9c4eab3b-e05d-4af8-ad18-76e4c1a71a74,download,https://data.wprdc.org/dataset/9c4eab3b-e05d-4af8-ad18-76e4c1a71a74/resource/2604e2c9-731f-44f6-9522-c84aa6d5dd52/download/pli-building-summary-june-2021.xlsx,XLSX
9c4eab3b-e05d-4af8-ad18-76e4c1a71a74,download,https://data.wprdc.org/dataset/9c4eab3b-e05d-4af8-ad18-76e4c1a71a74/resource/e307570c-54f6-44d9-aa6f-68e145f468b7/download/pli-permit-summary-may-2021.xlsx,XLSX
9c4eab3b-e05d-4af8-ad18-76e4c1a71a74,download,https://data.wprdc.org/dataset/9c4eab3b-e05d-4af8-ad18-76e4c1a71a74/resource/93d1191b-6ba8-4037-89ca-7f2f0d2c5487/download/pli-building-summary-april-2021.xlsx,XLSX
9c4eab3b-e05d-4af8-ad18-76e4c1a71a74,download,https://data.wprdc.org/dataset/9c4eab3b-e05d-4af8-ad18-76e4c1a71a74/resource/acc7be56-b841-4d0f-bb86-0853c161bb6b/download/pli-building-permit-summary-march-2021.xlsx,XLSX
9c4eab3b-e05d-4af8-ad18-76e4c1a71a74,download,https://data.wprdc.org/dataset/9c4eab3b-e05d-4af8-ad18-76e4c1a71a74/resource/f7efec0b-f62e-4c9b-b6bf-6fdadd328267/download/pli-permit-summary-february-2021.xlsx,XLSX
9c4eab3b-e05d-4af8-ad18-76e4c1a71a74,download,https://data.wprdc.org/dataset/9c4eab3b-e05d-4af8-ad18-76e4c1a71a74/resource/ec07358d-747b-4a70-b25c-b4ddbd1d02ad/download/pli-permit-summary-january-2021.xlsx,XLSX
9c4eab3b-e05d-4af8-ad18-76e4c1a71a74,download,https://data.wprdc.org/dataset/9c4eab3b-e05d-4af8-ad18-76e4c1a71a74/resource/fd442024-e583-4c6b-a8c9-d1d950f38495/download/pli-permit-summary-december-2020v2.xlsx,XLSX
9c4eab3b-e05d-4af8-ad18-76e4c1a71a74,download,https://data.wprdc.org/dataset/9c4eab3b-e05d-4af8-ad18-76e4c1a71a74/resource/9f06ce0b-eb3a-4c8f-816b-baf69ed36437/download/pli-permit-summary-november-2020.xlsx,XLSX
9c4eab3b-e05d-4af8-ad18-76e4c1a71a74,download,https://data.wprdc.org/dataset/9c4eab3b-e05d-4af8-ad18-76e4c1a71a74/resource/315b738b-50be-4eea-ac68-535ff56db954/download/pli-permit-summary-october-2020.xlsx,XLSX
9c4eab3b-e05d-4af8-ad18-76e4c1a71a74,download,https://data.wprdc.org/dataset/9c4eab3b-e05d-4af8-ad18-76e4c1a71a74/resource/ff73e72f-4a0b-4329-a7e6-df5048dbd8f3/download/pli-permit-summary-september-2020.xlsx,XLSX
9c4eab3b-e05d-4af8-ad18-76e4c1a71a74,download,https://data.wprdc.org/dataset/9c4eab3b-e05d-4af8-ad18-76e4c1a71a74/resource/d7690776-03ef-4413-a0f1-5a7d1042cc9c/download/pli-permit-summary-august-2020.xlsx,XLSX
9c4eab3b-e05d-4af8-ad18-76e4c1a71a74,download,https://data.wprdc.org/dataset/9c4eab3b-e05d-4af8-ad18-76e4c1a71a74/resource/5db5463a-1a05-4fb1-af22-60631c672440/download/pli-permit-summary-july-2020.xlsx,XLSX
9c4eab3b-e05d-4af8-ad18-76e4c1a71a74,download,https://data.wprdc.org/dataset/9c4eab3b-e05d-4af8-ad18-76e4c1a71a74/resource/97984795-79ee-4e9e-be1f-9f1b60f1aece/download/pli-permit-summary-6.2020.xlsx,XLSX
9c4eab3b-e05d-4af8-ad18-76e4c1a71a74,download,https://data.wprdc.org/dataset/9c4eab3b-e05d-4af8-ad18-76e4c1a71a74/resource/d52226e7-957b-468d-a890-81be517a663f/download/pli-permit-summary-may-2020.xlsx,XLSX
9c4eab3b-e05d-4af8-ad18-76e4c1a71a74,download,https://data.wprdc.org/dataset/9c4eab3b-e05d-4af8-ad18-76e4c1a71a74/resource/b0521c94-17e1-4daa-a444-fecbdd81f685/download/pli-buillding-summary-4.20.xlsx,XLSX
9c4eab3b-e05d-4af8-ad18-76e4c1a71a74,download,https://data.wprdc.org/dataset/9c4eab3b-e05d-4af8-ad18-76e4c1a71a74/resource/14d6c817-2f7b-4ebd-9442-3ada33f167b3/download/pli-permit-summary-3.2020.xlsx,XLSX
9c4eab3b-e05d-4af8-ad18-76e4c1a71a74,download,https://data.wprdc.org/dataset/9c4eab3b-e05d-4af8-ad18-76e4c1a71a74/resource/8adb24e2-bbff-4eb6-8a77-867d24e71804/download/pli-permit-summary-2.2020.xlsx,XLSX
9c4eab3b-e05d-4af8-ad18-76e4c1a71a74,download,https://data.wprdc.org/dataset/9c4eab3b-e05d-4af8-ad18-76e4c1a71a74/resource/d422ab27-a679-4645-820e-713741ac9ab3/download/pli-permit-summary-1.2020.xlsx,XLSX
9c4eab3b-e05d-4af8-ad18-76e4c1a71a74,download,https://data.wprdc.org/dataset/9c4eab3b-e05d-4af8-ad18-76e4c1a71a74/resource/73257f61-6630-44da-99d0-b8bf2dcf4e5a/download/pli-building-permit-summary-december-2019.xlsx,XLSX
9c4eab3b-e05d-4af8-ad18-76e4c1a71a74,download,https://data.wprdc.org/dataset/9c4eab3b-e05d-4af8-ad18-76e4c1a71a74/resource/b5fcddfa-5c41-4288-9fb6-839081c37449/download/pli-issued-permits-november-2019.xlsx,XLSX
9c4eab3b-e05d-4af8-ad18-76e4c1a71a74,download,https://data.wprdc.org/dataset/9c4eab3b-e05d-4af8-ad18-76e4c1a71a74/resource/8815ab67-2ea3-4791-91c9-a909dec66d72/download/pli-permit-summary-10.2019.xlsx,XLSX
9c4eab3b-e05d-4af8-ad18-76e4c1a71a74,download,https://data.wprdc.org/dataset/9c4eab3b-e05d-4af8-ad18-76e4c1a71a74/resource/5c611b10-d77d-4a03-aed8-2152d59e4908/download/issued-permits-9.2019.xlsx,XLSX
9c4eab3b-e05d-4af8-ad18-76e4c1a71a74,download,https://data.wprdc.org/dataset/9c4eab3b-e05d-4af8-ad18-76e4c1a71a74/resource/81e516af-d72c-4344-9b0e-a7c7e6a47062/download/pli-building-permit-summary-august-2019.xlsx,XLSX
9c4eab3b-e05d-4af8-ad18-76e4c1a71a74,download,https://data.wprdc.org/dataset/9c4eab3b-e05d-4af8-ad18-76e4c1a71a74/resource/aa828d30-d408-491c-8f94-e0b0953d4c2c/download/issued-permits-7.2019.xlsx,XLSX
9c4eab3b-e05d-4af8-ad18-76e4c1a71a74,download,https://data.wprdc.org/dataset/9c4eab3b-e05d-4af8-ad18-76e4c1a71a74/resource/9b22438d-19c2-445a-b08d-c226dc1a3941/download/issued-permits-6.1.2019.xlsx,XLSX
9c4eab3b-e05d-4af8-ad18-76e4c1a71a74,download,https://data.wprdc.org/dataset/9c4eab3b-e05d-4af8-ad18-76e4c1a71a74/resource/c34ba546-05d8-4e93-8ac1-4f739884d432/download/pli_buildingpermits_may2019.xlsx,XLSX
9c4eab3b-e05d-4af8-ad18-76e4c1a71a74,download,https://data.wprdc.org/dataset/9c4eab3b-e05d-4af8-ad18-76e4c1a71a74/resource/e4eb2894-e219-4bde-ad9b-21df48099267/download/pli_buildingpermits_april2019.xlsx,XLSX
9c4eab3b-e05d-4af8-ad18-76e4c1a71a74,download,https://data.wprdc.org/dataset/9c4eab3b-e05d-4af8-ad18-76e4c1a71a74/resource/13e8c9d5-0eb9-442d-bd2d-7dc6293946cb/download/pli_buildingpermits_march2019.xlsx,XLSX
9c4eab3b-e05d-4af8-ad18-76e4c1a71a74,download,https://data.wprdc.org/dataset/9c4eab3b-e05d-4af8-ad18-76e4c1a71a74/resource/4a18fc76-9de2-4c0a-9fb9-6189a82834a1/download/pli_buildingpermits_feb2019.xlsx,XLSX
9c4eab3b-e05d-4af8-ad18-76e4c1a71a74,download,https://data.wprdc.org/dataset/9c4eab3b-e05d-4af8-ad18-76e4c1a71a74/resource/73197b3a-0074-4a56-8a1f-b958c063efc4/download/pli_buildingpermits_january2019.xlsx,XLSX
9c4eab3b-e05d-4af8-ad18-76e4c1a71a74,download,https://data.wprdc.org/dataset/9c4eab3b-e05d-4af8-ad18-76e4c1a71a74/resource/87258f18-28cc-4184-bb86-f379c64ae78f/download/pli_buildingpermits_december2018.xlsx,XLSX
9c4eab3b-e05d-4af8-ad18-76e4c1a71a74,download,https://data.wprdc.org/dataset/9c4eab3b-e05d-4af8-ad18-76e4c1a71a74/resource/f80dba28-2fe7-491e-b222-323078010cf6/download/pli_buildingpermits_november2018_v2.xlsx,XLSX
9c4eab3b-e05d-4af8-ad18-76e4c1a71a74,download,https://data.wprdc.org/dataset/9c4eab3b-e05d-4af8-ad18-76e4c1a71a74/resource/50b84802-08c4-48f0-95ca-61299274ce90/download/pli_buildingpermits_october2018.xlsx,XLSX
9c4eab3b-e05d-4af8-ad18-76e4c1a71a74,download,https://data.wprdc.org/dataset/9c4eab3b-e05d-4af8-ad18-76e4c1a71a74/resource/7d21c588-a46f-44b3-a62b-ae2a5c29a365/download/plibuildingpermits_september2018.xlsx,XLSX
9c4eab3b-e05d-4af8-ad18-76e4c1a71a74,download,https://data.wprdc.org/dataset/9c4eab3b-e05d-4af8-ad18-76e4c1a71a74/resource/0978821b-bac0-44f5-a67b-b03eae5ac337/download/plibuildingpermitsaugust2018.xlsx,XLSX
9c4eab3b-e05d-4af8-ad18-76e4c1a71a74,download,https://data.wprdc.org/dataset/9c4eab3b-e05d-4af8-ad18-76e4c1a71a74/resource/aa2323af-c708-4e1a-8837-fa84d0f471f2/download/plibuildingpermitsjuly2018.xlsx,XLSX
9c4eab3b-e05d-4af8-ad18-76e4c1a71a74,download,https://data.wprdc.org/dataset/9c4eab3b-e05d-4af8-ad18-76e4c1a71a74/resource/eef811d8-e30a-40ef-b984-a6867890fb1a/download/plibuildingpermitjune2018.xlsx,XLSX
9c4eab3b-e05d-4af8-ad18-76e4c1a71a74,download,https://data.wprdc.org/dataset/9c4eab3b-e05d-4af8-ad18-76e4c1a71a74/resource/7e1f8257-c84c-43b2-bdbb-84d0f0d9b048/download/plibuildingperitssummarymay2018.xlsx,XLSX
9c4eab3b-e05d-4af8-ad18-76e4c1a71a74,download,https://data.wprdc.org/dataset/9c4eab3b-e05d-4af8-ad18-76e4c1a71a74/resource/cb65186d-ce59-4fb9-ba24-47a85e3acc6c/download/plibuildingpermitssummaryapril2018.xlsx,XLSX
9c4eab3b-e05d-4af8-ad18-76e4c1a71a74,download,https://data.wprdc.org/dataset/9c4eab3b-e05d-4af8-ad18-76e4c1a71a74/resource/490a62f5-dff3-4cc5-a25a-a5a5e8b1e2c7/download/plibuildingpermitsummarymarch2018.xls,XLS
9c4eab3b-e05d-4af8-ad18-76e4c1a71a74,download,https://data.wprdc.org/dataset/9c4eab3b-e05d-4af8-ad18-76e4c1a71a74/resource/b20c2f7c-290f-4cf2-bc1d-f884b8c292da/download/plibuildingpermitsummaryfebruary2018.xls,XLS
9c4eab3b-e05d-4af8-ad18-76e4c1a71a74,download,https://data.wprdc.org/dataset/9c4eab3b-e05d-4af8-ad18-76e4c1a71a74/resource/85fac187-b71b-4446-ab4c-46b628fbc96b/download/plibuildingpermitsummaryjanuary2018.xls,XLS
9c4eab3b-e05d-4af8-ad18-76e4c1a71a74,download,https://data.wprdc.org/dataset/9c4eab3b-e05d-4af8-ad18-76e4c1a71a74/resource/5895b521-15ef-43af-982d-449f77f5a229/download/plibuildingpermitsummarydecember2017.xls,XLS
9c4eab3b-e05d-4af8-ad18-76e4c1a71a74,download,https://data.wprdc.org/dataset/9c4eab3b-e05d-4af8-ad18-76e4c1a71a74/resource/f9f3dc36-34fd-40a0-87a4-b1044525a200/download/plibuildingpermitsummarynovember2017.xls,XLS
9c4eab3b-e05d-4af8-ad18-76e4c1a71a74,download,https://data.wprdc.org/dataset/9c4eab3b-e05d-4af8-ad18-76e4c1a71a74/resource/4af6c93c-0d8a-4028-bc6f-7643b55ac07e/download/plibuildingpermitsummaryoctober2017.xls,XLS
9c4eab3b-e05d-4af8-ad18-76e4c1a71a74,download,https://data.wprdc.org/dataset/9c4eab3b-e05d-4af8-ad18-76e4c1a71a74/resource/a31ab325-52c6-420d-b773-350d39ede1e2/download/plipublicwebsitemonthlysummarysepetember2017.xls,XLS
9c4eab3b-e05d-4af8-ad18-76e4c1a71a74,download,https://data.wprdc.org/dataset/9c4eab3b-e05d-4af8-ad18-76e4c1a71a74/resource/9ea45609-e3b0-445a-8ace-0addb973fdf5/download/plipublicwebsitemonthlysummaryaugust2017.xls,XLS
9c4eab3b-e05d-4af8-ad18-76e4c1a71a74,download,https://data.wprdc.org/dataset/9c4eab3b-e05d-4af8-ad18-76e4c1a71a74/resource/cef41f9c-c245-4761-bcb2-6189898d0952/download/plipublicwebsitemonthlysummaryjuly2017.xls,XLS
9c4eab3b-e05d-4af8-ad18-76e4c1a71a74,download,https://data.wprdc.org/dataset/9c4eab3b-e05d-4af8-ad18-76e4c1a71a74/resource/4a169a2c-6908-45bd-9fc0-610514a5f065/download/plipublicwebsitemonthlysummaryjune2017.xls,XLS
9c4eab3b-e05d-4af8-ad18-76e4c1a71a74,download,https://data.wprdc.org/dataset/9c4eab3b-e05d-4af8-ad18-76e4c1a71a74/resource/59548183-9976-4bcb-9700-950d19c145be/download/plipublicwebsitemonthlysummary5-1-2017.xls,XLS
9c4eab3b-e05d-4af8-ad18-76e4c1a71a74,download,https://data.wprdc.org/dataset/9c4eab3b-e05d-4af8-ad18-76e4c1a71a74/resource/0cf68def-708c-42f4-b368-ac97c109d6db/download/plipublicwebsitemonthlysummaryapril2017.xls,XLS
9c4eab3b-e05d-4af8-ad18-76e4c1a71a74,download,https://data.wprdc.org/dataset/9c4eab3b-e05d-4af8-ad18-76e4c1a71a74/resource/8a44c1ce-d9d2-4111-9a4f-0ea4a301a964/download/plipublicwebsitemonthlysummarymarch2017.xlsx,XLSX
9c4eab3b-e05d-4af8-ad18-76e4c1a71a74,download,https://data.wprdc.org/dataset/9c4eab3b-e05d-4af8-ad18-76e4c1a71a74/resource/c0c9bb14-ada3-45fa-a538-8d09ff2b6bac/download/plipublicwebsitemonthlysummaryfeb2017.xls,XLS
9c4eab3b-e05d-4af8-ad18-76e4c1a71a74,download,https://data.wprdc.org/dataset/9c4eab3b-e05d-4af8-ad18-76e4c1a71a74/resource/ed394aea-f7a4-45d0-99c8-f03f326b45c7/download/plipublicwebsitemonthlysummaryjanuary2017.xls,XLS
9c4eab3b-e05d-4af8-ad18-76e4c1a71a74,download,https://data.wprdc.org/dataset/9c4eab3b-e05d-4af8-ad18-76e4c1a71a74/resource/db59a57b-db2b-4d57-b60d-aa845a17ade8/download/plipublicwebsitemonthlysummarydecember2016.xls,XLS
9c4eab3b-e05d-4af8-ad18-76e4c1a71a74,download,https://data.wprdc.org/dataset/9c4eab3b-e05d-4af8-ad18-76e4c1a71a74/resource/834cbdb1-1084-473e-b8b8-a5939816e2f0/download/plipublicwebsitemonthlysummarynovember2016.xlsx,XLSX
9c4eab3b-e05d-4af8-ad18-76e4c1a71a74,download,https://data.wprdc.org/dataset/9c4eab3b-e05d-4af8-ad18-76e4c1a71a74/resource/1fdecc77-d8ba-4ac4-aa66-e4f6b097d171/download/permitsummaryissuedoctober2016.xlsx,XLSX
9c4eab3b-e05d-4af8-ad18-76e4c1a71a74,download,https://data.wprdc.org/dataset/9c4eab3b-e05d-4af8-ad18-76e4c1a71a74/resource/d8c87a8d-c4dc-43f3-b642-359c8f4477da/download/permitsummaryissuedoctober2016.xlsx,XLSX
9c4eab3b-e05d-4af8-ad18-76e4c1a71a74,download,https://data.wprdc.org/dataset/9c4eab3b-e05d-4af8-ad18-76e4c1a71a74/resource/1be88945-1158-402b-8a04-36820ef877b4/download/permitsummaryissuedseptember2016.xls,XLS
9c4eab3b-e05d-4af8-ad18-76e4c1a71a74,download,https://data.wprdc.org/dataset/9c4eab3b-e05d-4af8-ad18-76e4c1a71a74/resource/ce4484a6-1130-43d5-b3b1-33415d3934b7/download/permitsummaryissuedaugust2016.xls,XLS
9c4eab3b-e05d-4af8-ad18-76e4c1a71a74,download,https://data.wprdc.org/dataset/9c4eab3b-e05d-4af8-ad18-76e4c1a71a74/resource/9d60a789-7d2e-40d7-92dd-559eb03913d6/download/permitsummaryissuedjuly2016.xls,XLS
9c4eab3b-e05d-4af8-ad18-76e4c1a71a74,download,https://data.wprdc.org/dataset/9c4eab3b-e05d-4af8-ad18-76e4c1a71a74/resource/7c608979-397d-48ae-ae14-386995046808/download/permitsummaryissuedjune2016.xls,XLS
9c4eab3b-e05d-4af8-ad18-76e4c1a71a74,download,https://data.wprdc.org/dataset/9c4eab3b-e05d-4af8-ad18-76e4c1a71a74/resource/f00dd0c8-0f1a-47c1-b8d0-b2129942b2c9/download/permitsummaryissuedmay2016.xlsx,XLSX
9c4eab3b-e05d-4af8-ad18-76e4c1a71a74,download,https://data.wprdc.org/dataset/9c4eab3b-e05d-4af8-ad18-76e4c1a71a74/resource/22105a9c-c72d-4ce1-b3b1-39f19d662e01/download/permitsummaryissuedapril2016.xlsx,XLSX
9c4eab3b-e05d-4af8-ad18-76e4c1a71a74,download,https://data.wprdc.org/dataset/9c4eab3b-e05d-4af8-ad18-76e4c1a71a74/resource/98dc8cde-5aa8-4caf-862c-1c14225619f9/download/permitsummaryissuedmarch2016.xlsx,XLSX
9c4eab3b-e05d-4af8-ad18-76e4c1a71a74,download,https://data.wprdc.org/dataset/9c4eab3b-e05d-4af8-ad18-76e4c1a71a74/resource/a17b1362-34f5-4e73-a7b0-32b1aab38692/download/permitsummaryfebruary2016.xls,XLS
9c4eab3b-e05d-4af8-ad18-76e4c1a71a74,download,https://data.wprdc.org/dataset/9c4eab3b-e05d-4af8-ad18-76e4c1a71a74/resource/0cbcd9ef-5ba1-4821-85ff-29efb6ea628a/download/permitsummaryissuedjanuary2016.xls,XLS
9c4eab3b-e05d-4af8-ad18-76e4c1a71a74,download,https://data.wprdc.org/dataset/9c4eab3b-e05d-4af8-ad18-76e4c1a71a74/resource/b5e0fb9b-16cf-4047-9f1d-b52243dbb6ae/download/permitsummaryissueddecember2015.xls,XLS
9c4eab3b-e05d-4af8-ad18-76e4c1a71a74,download,https://data.wprdc.org/dataset/9c4eab3b-e05d-4af8-ad18-76e4c1a71a74/resource/febf5ecb-c8fe-4466-a6b3-840838c0920a/download/permitsummaryissuednovember2015.xls,XLS
9c4eab3b-e05d-4af8-ad18-76e4c1a71a74,download,https://data.wprdc.org/dataset/9c4eab3b-e05d-4af8-ad18-76e4c1a71a74/resource/8b1c3e5e-4eaf-469f-862d-41c6cb2146ac/download/permitsummaryissuedoctober2015.xls,XLS
9c4eab3b-e05d-4af8-ad18-76e4c1a71a74,download,https://data.wprdc.org/dataset/9c4eab3b-e05d-4af8-ad18-76e4c1a71a74/resource/42704cd8-a7c6-414e-ab57-43efb818b4dc/download/permitsummaryissuedseptember2015.xls,XLS
9c4eab3b-e05d-4af8-ad18-76e4c1a71a74,download,https://data.wprdc.org/dataset/9c4eab3b-e05d-4af8-ad18-76e4c1a71a74/resource/34cc8812-0ebd-4cd0-a0e3-b77c9b63f8dd/download/permitsummaryissuedaugust15.xls,XLS
9c4eab3b-e05d-4af8-ad18-76e4c1a71a74,download,https://data.wprdc.org/dataset/9c4eab3b-e05d-4af8-ad18-76e4c1a71a74/resource/40f58a10-f278-4a4a-a3e3-9a96fb1b605c/download/permitsummaryissuedjune2015.xlsx,XLSX
9c4eab3b-e05d-4af8-ad18-76e4c1a71a74,download,https://data.wprdc.org/dataset/9c4eab3b-e05d-4af8-ad18-76e4c1a71a74/resource/7fe3a1b4-74ae-40cc-bfcf-80bea2b8839b/download/permitsummaryissuedjuly2015.xlsx,XLSX
9c4eab3b-e05d-4af8-ad18-76e4c1a71a74,download,https://data.wprdc.org/dataset/9c4eab3b-e05d-4af8-ad18-76e4c1a71a74/resource/8176f2d0-6f6c-4813-a58b-f919209f61e5/download/permitsummaryissuedmay2015.xlsx,XLSX
9c4eab3b-e05d-4af8-ad18-76e4c1a71a74,download,https://data.wprdc.org/dataset/9c4eab3b-e05d-4af8-ad18-76e4c1a71a74/resource/5c2d6790-54de-4d91-a2e6-372086398a55/download/permitsummaryissuedapr2015.xlsx,XLSX
9c4eab3b-e05d-4af8-ad18-76e4c1a71a74,download,https://data.wprdc.org/dataset/9c4eab3b-e05d-4af8-ad18-76e4c1a71a74/resource/21a032e9-6345-42b3-b61e-10de29280946/download/permitsummaryissuedmarch2015.xlsx,XLSX
9c4eab3b-e05d-4af8-ad18-76e4c1a71a74,download,https://data.wprdc.org/dataset/9c4eab3b-e05d-4af8-ad18-76e4c1a71a74/resource/05d52e9d-11ed-4e5e-9880-c7189bc7f46a/download/permitsummaryissuedfebruary2015.xlsx,XLSX
9c4eab3b-e05d-4af8-ad18-76e4c1a71a74,download,https://data.wprdc.org/dataset/9c4eab3b-e05d-4af8-ad18-76e4c1a71a74/resource/b5a6b59f-ec48-4795-a166-02cd6f604d64/download/permitsummaryissuedjanuary2015.xlsx,XLSX
9c4eab3b-e05d-4af8-ad18-76e4c1a71a74,download,https://data.wprdc.org/dataset/9c4eab3b-e05d-4af8-ad18-76e4c1a71a74/resource/22662f94-f5a8-4517-b0c1-bf262c2faadd/download/permitsummaryissueddecember2014.xlsx,XLSX
9c4eab3b-e05d-4af8-ad18-76e4c1a71a74,download,https://data.wprdc.org/dataset/9c4eab3b-e05d-4af8-ad18-76e4c1a71a74/resource/dfd2e296-357e-43f3-a9b0-35800f4c4ce5/download/permitsummaryissuednovember2014.xlsx,XLSX
9c4eab3b-e05d-4af8-ad18-76e4c1a71a74,download,https://data.wprdc.org/dataset/9c4eab3b-e05d-4af8-ad18-76e4c1a71a74/resource/22a37938-ceed-443f-ae7b-987748f3d8b6/download/permitsummaryissuedoctober2014.xlsx,XLSX
9c4eab3b-e05d-4af8-ad18-76e4c1a71a74,download,https://data.wprdc.org/dataset/9c4eab3b-e05d-4af8-ad18-76e4c1a71a74/resource/df9943f7-5cd0-449d-a4d1-1959d478ba34/download/permitsummaryissuedseptember2014.xlsx,XLSX
9c4eab3b-e05d-4af8-ad18-76e4c1a71a74,download,https://data.wprdc.org/dataset/9c4eab3b-e05d-4af8-ad18-76e4c1a71a74/resource/30adf2bf-fa9d-4bde-b88f-3de0f2d1d687/download/permitsummaryissuedaugust2014.xlsx,XLSX
9c4eab3b-e05d-4af8-ad18-76e4c1a71a74,download,https://data.wprdc.org/dataset/9c4eab3b-e05d-4af8-ad18-76e4c1a71a74/resource/84824ed9-6981-47c1-93c3-ac6f76dbb9eb/download/permitsummaryissuedjuly2014.xlsx,XLSX
9c4eab3b-e05d-4af8-ad18-76e4c1a71a74,download,https://data.wprdc.org/dataset/9c4eab3b-e05d-4af8-ad18-76e4c1a71a74/resource/7f4bb889-7ee9-4058-a9c3-0302d147d3f9/download/permitsummaryissuedjune2014.xlsx,XLSX
9c4eab3b-e05d-4af8-ad18-76e4c1a71a74,download,https://data.wprdc.org/dataset/9c4eab3b-e05d-4af8-ad18-76e4c1a71a74/resource/a67f551e-5c6b-41f5-aafb-9ab9cf58b22b/download/permitsummaryissuedmay2014.xlsx,XLSX
9c4eab3b-e05d-4af8-ad18-76e4c1a71a74,download,https://data.wprdc.org/dataset/9c4eab3b-e05d-4af8-ad18-76e4c1a71a74/resource/4fcf0b31-9e85-400b-ba99-fc7b432f9903/download/permitsummaryissuedapril2014.xlsx,XLSX
9c4eab3b-e05d-4af8-ad18-76e4c1a71a74,download,https://data.wprdc.org/dataset/9c4eab3b-e05d-4af8-ad18-76e4c1a71a74/resource/190cf55c-a0e7-4608-90f9-d9d808cc5ce6/download/permitsummaryissuedmarch2014.xlsx,XLSX
9c4eab3b-e05d-4af8-ad18-76e4c1a71a74,download,https://data.wprdc.org/dataset/9c4eab3b-e05d-4af8-ad18-76e4c1a71a74/resource/14dd82e8-e82a-46e7-b18b-c89a05d238c2/download/permitsummaryissuedfebruary2014.xlsx,XLSX
9c4eab3b-e05d-4af8-ad18-76e4c1a71a74,download,https://data.wprdc.org/dataset/9c4eab3b-e05d-4af8-ad18-76e4c1a71a74/resource/ff9acd12-9886-4bc7-94c2-1eb9c51d9d13/download/permitsummaryissuedjanuary2014.xlsx,XLSX
9c4eab3b-e05d-4af8-ad18-76e4c1a71a74,download,https://data.wprdc.org/dataset/9c4eab3b-e05d-4af8-ad18-76e4c1a71a74/resource/4ba799ea-d7cd-4e16-8a6e-596861da5dae/download/permitsummaryissueddecember2013.xlsx,XLSX
9c4eab3b-e05d-4af8-ad18-76e4c1a71a74,download,https://data.wprdc.org/dataset/9c4eab3b-e05d-4af8-ad18-76e4c1a71a74/resource/942d6f84-7435-4e5e-8906-35cda38f2fff/download/permitsummaryissuednovember2013.xlsx,XLSX
9c4eab3b-e05d-4af8-ad18-76e4c1a71a74,download,https://data.wprdc.org/dataset/9c4eab3b-e05d-4af8-ad18-76e4c1a71a74/resource/501c95b7-70ba-4cca-a04a-6d67e93cfcc5/download/permitsummaryissuedoctober2013.xlsx,XLSX
9c4eab3b-e05d-4af8-ad18-76e4c1a71a74,download,https://data.wprdc.org/dataset/9c4eab3b-e05d-4af8-ad18-76e4c1a71a74/resource/51c9dee1-48b4-4ca1-9bee-437a61d8cb7a/download/permitsummaryissuedseptember2013.xlsx,XLSX
9c4eab3b-e05d-4af8-ad18-76e4c1a71a74,download,https://data.wprdc.org/dataset/9c4eab3b-e05d-4af8-ad18-76e4c1a71a74/resource/21fc2683-d5f4-4618-8873-2c3ee27c6377/download/permitsummaryissuedaugust2013.xlsx,XLSX
9c4eab3b-e05d-4af8-ad18-76e4c1a71a74,download,https://data.wprdc.org/dataset/9c4eab3b-e05d-4af8-ad18-76e4c1a71a74/resource/95c97e1a-3e86-434d-a5a6-6922c5458269/download/permitsummaryissuedjuly2013.xlsx,XLSX
9c4eab3b-e05d-4af8-ad18-76e4c1a71a74,download,https://data.wprdc.org/dataset/9c4eab3b-e05d-4af8-ad18-76e4c1a71a74/resource/65c21ff5-7749-4eb2-b398-e84213ac7014/download/june2013bldgpermits.xlsx,XLSX
9c4eab3b-e05d-4af8-ad18-76e4c1a71a74,download,https://data.wprdc.org/dataset/9c4eab3b-e05d-4af8-ad18-76e4c1a71a74/resource/ca229291-c27d-4ba0-bb76-6f4fe3f75c27/download/may2013bldgpermits.xlsx,XLSX
9c4eab3b-e05d-4af8-ad18-76e4c1a71a74,download,https://data.wprdc.org/dataset/9c4eab3b-e05d-4af8-ad18-76e4c1a71a74/resource/dac77ada-6528-41d4-ba62-7700cb60c6bb/download/april2013bldgpermits.xlsx,XLSX
9c4eab3b-e05d-4af8-ad18-76e4c1a71a74,download,https://data.wprdc.org/dataset/9c4eab3b-e05d-4af8-ad18-76e4c1a71a74/resource/9d4a6745-22d4-47a7-acf3-c5df7083f77b/download/march2013bldgpermits.xlsx,XLSX
9c4eab3b-e05d-4af8-ad18-76e4c1a71a74,download,https://data.wprdc.org/dataset/9c4eab3b-e05d-4af8-ad18-76e4c1a71a74/resource/e08c5bdd-386f-4f60-85ae-016c374115ec/download/feb2013bldgpermits.xlsx,XLSX
9c4eab3b-e05d-4af8-ad18-76e4c1a71a74,download,https://data.wprdc.org/dataset/9c4eab3b-e05d-4af8-ad18-76e4c1a71a74/resource/ac55ff92-d238-4bab-af8e-3f3a4e94fdfa/download/jan2013bldgpermits.xlsx,XLSX
9c4eab3b-e05d-4af8-ad18-76e4c1a71a74,download,https://data.wprdc.org/dataset/9c4eab3b-e05d-4af8-ad18-76e4c1a71a74/resource/3807f2e2-e223-4026-8c3e-8939bc94643b/download/dec2012.xls,XLS
9c4eab3b-e05d-4af8-ad18-76e4c1a71a74,download,https://data.wprdc.org/dataset/9c4eab3b-e05d-4af8-ad18-76e4c1a71a74/resource/bd395d0e-99ec-4328-8c11-c6f8b5de7a8e/download/nov2012.xls,XLS
9c4eab3b-e05d-4af8-ad18-76e4c1a71a74,download,https://data.wprdc.org/dataset/9c4eab3b-e05d-4af8-ad18-76e4c1a71a74/resource/aa13f63f-6f0b-4709-9ff9-5ea90f6e5298/download/oct2012.xls,XLS
9c4eab3b-e05d-4af8-ad18-76e4c1a71a74,download,https://data.wprdc.org/dataset/9c4eab3b-e05d-4af8-ad18-76e4c1a71a74/resource/0ee24d3e-5e8f-4642-933f-11b8ef22db4e/download/sep2012.xls,XLS
9c4eab3b-e05d-4af8-ad18-76e4c1a71a74,download,https://data.wprdc.org/dataset/9c4eab3b-e05d-4af8-ad18-76e4c1a71a74/resource/329cda6a-6909-4ef8-8a6d-c312233fe5dd/download/aug2012.xls,XLS
9c4eab3b-e05d-4af8-ad18-76e4c1a71a74,download,https://data.wprdc.org/dataset/9c4eab3b-e05d-4af8-ad18-76e4c1a71a74/resource/b357d0a1-17d5-4513-8917-6832c4fc710f/download/jul2012.xls,XLS
9c4eab3b-e05d-4af8-ad18-76e4c1a71a74,download,https://data.wprdc.org/dataset/9c4eab3b-e05d-4af8-ad18-76e4c1a71a74/resource/4e76b642-117e-4858-a7fd-447aa47f3279/download/jun2012.xls,XLS
9c4eab3b-e05d-4af8-ad18-76e4c1a71a74,download,https://data.wprdc.org/dataset/9c4eab3b-e05d-4af8-ad18-76e4c1a71a74/resource/21e24430-9a45-4830-a18e-be11369ae43d/download/may2012.xls,XLS
9c4eab3b-e05d-4af8-ad18-76e4c1a71a74,download,https://data.wprdc.org/dataset/9c4eab3b-e05d-4af8-ad18-76e4c1a71a74/resource/929e395b-5670-43f9-a6ac-94eff73f6bde/download/apr2012.xls,XLS
9c4eab3b-e05d-4af8-ad18-76e4c1a71a74,download,https://data.wprdc.org/dataset/9c4eab3b-e05d-4af8-ad18-76e4c1a71a74/resource/94ea642c-ca0c-44d5-85c0-38d5be20dcea/download/mar2012.xls,XLS
9c4eab3b-e05d-4af8-ad18-76e4c1a71a74,download,https://data.wprdc.org/dataset/9c4eab3b-e05d-4af8-ad18-76e4c1a71a74/resource/822af14b-e790-4506-82c6-2712b0f29d39/download/feb2012.xls,XLS
9c4eab3b-e05d-4af8-ad18-76e4c1a71a74,download,https://data.wprdc.org/dataset/9c4eab3b-e05d-4af8-ad18-76e4c1a71a74/resource/3e0b6171-5d59-4e53-99e3-982b0e22a9f1/download/jan2012.xls,XLS
4e5ae9e1-36b8-45b6-98ad-6b50f4be099c,download,https://data.wprdc.org/datastore/dump/0ce22487-5707-4e64-8e59-5b189cfc69cb,CSV
4e5ae9e1-36b8-45b6-98ad-6b50f4be099c,download,https://data.wprdc.org/datastore/dump/94f52ddb-acf3-4728-93b9-4544988f1d6f,CSV
4e5ae9e1-36b8-45b6-98ad-6b50f4be099c,download,https://pa.211counts.org/,HTML
26a17866-0b8b-4eb6-bc0c-6ebcfdd19741,download,https://data.wprdc.org/dataset/26a17866-0b8b-4eb6-bc0c-6ebcfdd19741/resource/8432f1ad-c5bf-447f-b34b-160d8ee063b6/download/ebll_censustracts_15-24.csv,CSV
26a17866-0b8b-4eb6-bc0c-6ebcfdd19741,download,https://data.wprdc.org/dataset/26a17866-0b8b-4eb6-bc0c-6ebcfdd19741/resource/e99fa58e-f09a-4aa0-90a9-7996a0bca147/download/ebll_schooldistrict_15-24.csv,CSV
26a17866-0b8b-4eb6-bc0c-6ebcfdd19741,download,https://data.wprdc.org/dataset/26a17866-0b8b-4eb6-bc0c-6ebcfdd19741/resource/a9ea82c2-4486-4ac9-b830-6383931e9604/download/ebll_zipcode_21-24.csv,CSV
26a17866-0b8b-4eb6-bc0c-6ebcfdd19741,download,https://data.wprdc.org/dataset/26a17866-0b8b-4eb6-bc0c-6ebcfdd19741/resource/4e215bd5-7e83-4cd2-ae48-4de5dc29910c/download/ebll_pghneighborhood_21-24.csv,CSV
26a17866-0b8b-4eb6-bc0c-6ebcfdd19741,download,https://data.wprdc.org/dataset/26a17866-0b8b-4eb6-bc0c-6ebcfdd19741/resource/8d270fcb-dedc-42b4-ac39-09ece2845028/download/ebll_ct15_19.zip,SHP
26a17866-0b8b-4eb6-bc0c-6ebcfdd19741,download,https://data.wprdc.org/dataset/26a17866-0b8b-4eb6-bc0c-6ebcfdd19741/resource/4aecb9a7-1e78-4c97-a9d8-ea2b9bf85dee/download/ebll_sd15_19.zip,SHP
e33e12d9-1268-45ed-ae47-ae3a76dcc0aa,download,https://data.wprdc.org/datastore/dump/fbb50b02-2879-47cd-abea-ae697ec05170,CSV
e33e12d9-1268-45ed-ae47-ae3a76dcc0aa,download,https://data.wprdc.org/datastore/dump/ec090273-203e-468b-b829-e756f4e5d208,CSV
4b9c5947-5645-4dbc-a7b6-eb323418fe02,download,https://data.wprdc.org/datastore/dump/e39ef76e-0a11-47c8-a86f-a37f55db7a2b,CSV
a4007e33-9db4-4832-a022-4922415f9fff,download,https://data.wprdc.org/datastore/dump/37b2ac41-ae8e-4de1-8405-157e05dc3640,CSV
a45d5ee0-c7d2-4663-a153-8434e1a26779,download,https://data.wprdc.org/datastore/dump/6dfd4f8f-cbf5-4917-a5eb-fd07f4403167,CSV
95892fd6-fb4d-4494-9b01-671104fee7fa,download,https://data.wprdc.org/datastore/dump/e967381d-d7e9-48e3-a2a2-39262f7fa5c4,CSV
71416810-5f4c-4174-9b66-d1baaf5f01b4,download,https://data.wprdc.org/datastore/dump/8d76ac6b-5ae8-4428-82a4-043130d17b02,CSV
71416810-5f4c-4174-9b66-d1baaf5f01b4,download,https://data.wprdc.org/dataset/71416810-5f4c-4174-9b66-d1baaf5f01b4/resource/c3814fb2-e5c4-4e63-8d9d-78daeb6162ec/download/pghfiresdatadictionary.csv,CSV
71416810-5f4c-4174-9b66-d1baaf5f01b4,download,https://data.wprdc.org/dataset/71416810-5f4c-4174-9b66-d1baaf5f01b4/resource/d7f2257b-6dcc-4132-af13-044f92d406ac/download/table_8d76ac6b_5ae8_4428_82a4_043130d17b02.zip,ZIP
046e5b6a-0f90-4f8e-8c16-14057fd8872e,download,https://data.wprdc.org/datastore/dump/1797ead8-8262-41cc-9099-cbc8a161924b,CSV
046e5b6a-0f90-4f8e-8c16-14057fd8872e,download,https://data.wprdc.org/dataset/046e5b6a-0f90-4f8e-8c16-14057fd8872e/resource/b4aa617d-1cb8-42d0-8eb6-b650097cf2bf/download/30-day-blotter-data-dictionary.xlsx,XLSX
f2deaf21-1a73-4bf7-a6a2-d2e8ea1f2b18,download,https://data.wprdc.org/datastore/dump/cde4503b-1e1c-4afc-9fc5-d49c1bebb4ee,CSV
f2deaf21-1a73-4bf7-a6a2-d2e8ea1f2b18,download,https://paucp.dbesystem.com/,HTML
3f5b398f-ac2b-428c-b033-0f11935e16d1,download,https://data.wprdc.org/datastore/dump/13363e19-9e54-4673-be03-4fe2fa587741,CSV
3f5b398f-ac2b-428c-b033-0f11935e16d1,download,https://data.wprdc.org/datastore/dump/33490823-a68e-40ce-b22d-cd7e03f0f2b2,CSV
3f5b398f-ac2b-428c-b033-0f11935e16d1,download,https://quickcount.alleghenycounty.us/CommunityProfileFS.aspx?Source=UA,HTML
d4bbfe61-1c91-4ddf-a274-726771148007,download,https://data.wprdc.org/dataset/d4bbfe61-1c91-4ddf-a274-726771148007/resource/3f133311-43af-4009-a1d4-84fbfb46aaa1/download/hacp_april2026_hcv.csv,CSV
d4bbfe61-1c91-4ddf-a274-726771148007,download,https://data.wprdc.org/dataset/d4bbfe61-1c91-4ddf-a274-726771148007/resource/c46ab12f-e061-4a2e-aca3-e91b2104235b/download/hacp_april2025_hcv.csv,CSV
d4bbfe61-1c91-4ddf-a274-726771148007,download,https://data.wprdc.org/dataset/d4bbfe61-1c91-4ddf-a274-726771148007/resource/6c58bcc9-3ec6-40ba-9ac8-1f273a6069f8/download/hacp_april2024_hcv.csv,CSV
d4bbfe61-1c91-4ddf-a274-726771148007,download,https://data.wprdc.org/dataset/d4bbfe61-1c91-4ddf-a274-726771148007/resource/39cea7fd-2998-4afc-b72c-261ed64ef0a8/download/hacp_april2023_hcv.csv,CSV
d4bbfe61-1c91-4ddf-a274-726771148007,download,https://data.wprdc.org/dataset/d4bbfe61-1c91-4ddf-a274-726771148007/resource/565e45ea-d3b7-4767-abbf-c104fabafb89/download/hacp_voucher2022.csv,CSV
d4bbfe61-1c91-4ddf-a274-726771148007,download,https://data.wprdc.org/dataset/d4bbfe61-1c91-4ddf-a274-726771148007/resource/e7ffd09e-dfb3-4a15-b40e-1f65d00caa41/download/hacp_april2021_hcv.csv,CSV
d4bbfe61-1c91-4ddf-a274-726771148007,download,https://data.wprdc.org/dataset/d4bbfe61-1c91-4ddf-a274-726771148007/resource/3f3ce700-0314-4f0a-98c5-6a92a27e1ab6/download/hacp_july2020_hcvvouchers.csv,CSV
d4bbfe61-1c91-4ddf-a274-726771148007,download,https://data.wprdc.org/dataset/d4bbfe61-1c91-4ddf-a274-726771148007/resource/a2a42535-4b14-4dbc-820a-5fad18464f58/download/voucherhacp2019.csv,CSV
d4bbfe61-1c91-4ddf-a274-726771148007,download,https://data.wprdc.org/dataset/d4bbfe61-1c91-4ddf-a274-726771148007/resource/5076af37-c46a-47b3-9d07-bc142a08a41a/download/hacpmarch2018hcv.csv,CSV
d4bbfe61-1c91-4ddf-a274-726771148007,download,https://data.wprdc.org/dataset/d4bbfe61-1c91-4ddf-a274-726771148007/resource/f3a6b551-6ac9-405d-ad07-19dc4e153c43/download/hacpmarch2018hcvdatadictionary.csv,CSV
88550525-db51-4fa2-9418-b23c1329d6e6,download,https://data.wprdc.org/dataset/88550525-db51-4fa2-9418-b23c1329d6e6/resource/c3cab763-eaf0-48ac-b113-f97e965df1ea/download/bike-map.zip,ZIP
88550525-db51-4fa2-9418-b23c1329d6e6,download,https://data.wprdc.org/dataset/88550525-db51-4fa2-9418-b23c1329d6e6/resource/26987aa5-4e73-4e9e-8b74-3cbe03bf4cfc/download/bike-lanes-2017.zip,ZIP
88550525-db51-4fa2-9418-b23c1329d6e6,download,https://data.wprdc.org/dataset/88550525-db51-4fa2-9418-b23c1329d6e6/resource/a4d2f298-d3f1-45cc-bc17-7e37895cac22/download/bridges-2017.zip,ZIP
88550525-db51-4fa2-9418-b23c1329d6e6,download,https://data.wprdc.org/dataset/88550525-db51-4fa2-9418-b23c1329d6e6/resource/65cbe252-6db2-4c18-900a-4c2fb1f68562/download/cautionary-bike-route-2017.zip,ZIP
88550525-db51-4fa2-9418-b23c1329d6e6,download,https://data.wprdc.org/dataset/88550525-db51-4fa2-9418-b23c1329d6e6/resource/61ff26e4-fc66-41c4-b156-6658bb216186/download/on-street-bike-route-2017.zip,ZIP
88550525-db51-4fa2-9418-b23c1329d6e6,download,https://data.wprdc.org/dataset/88550525-db51-4fa2-9418-b23c1329d6e6/resource/01638bf9-587d-4085-9602-d0843843ea14/download/protected-bike-lane-2017.zip,ZIP
88550525-db51-4fa2-9418-b23c1329d6e6,download,https://data.wprdc.org/dataset/88550525-db51-4fa2-9418-b23c1329d6e6/resource/dec89cb0-c05d-4f7e-b9c2-c64b95cb77fe/download/sharrows-2017.zip,ZIP
88550525-db51-4fa2-9418-b23c1329d6e6,download,https://data.wprdc.org/dataset/88550525-db51-4fa2-9418-b23c1329d6e6/resource/ca2cdcbb-2619-4f9c-a808-c31117aea315/download/trails-2017.zip,ZIP
88550525-db51-4fa2-9418-b23c1329d6e6,download,https://data.wprdc.org/dataset/88550525-db51-4fa2-9418-b23c1329d6e6/resource/4016593f-d13b-406d-aabb-856b7434f88f/download/bike-map-2019.zip,ZIP
88550525-db51-4fa2-9418-b23c1329d6e6,download,https://data.wprdc.org/dataset/88550525-db51-4fa2-9418-b23c1329d6e6/resource/77cbdadc-0602-4de0-ae71-f76b4f7539c3/download/bike-lanes.zip,ZIP
88550525-db51-4fa2-9418-b23c1329d6e6,download,https://data.wprdc.org/dataset/88550525-db51-4fa2-9418-b23c1329d6e6/resource/c07614bc-12aa-409a-aedf-3f42028aff67/download/cautionary-bike-route.zip,ZIP
88550525-db51-4fa2-9418-b23c1329d6e6,download,https://data.wprdc.org/dataset/88550525-db51-4fa2-9418-b23c1329d6e6/resource/36084c48-53da-4811-8889-780f08f8cc55/download/on-street-bike-route.zip,ZIP
88550525-db51-4fa2-9418-b23c1329d6e6,download,https://data.wprdc.org/dataset/88550525-db51-4fa2-9418-b23c1329d6e6/resource/24af9c83-bb91-41fa-9212-1f6264ca45e7/download/protected-bike-lane.zip,ZIP
88550525-db51-4fa2-9418-b23c1329d6e6,download,https://data.wprdc.org/dataset/88550525-db51-4fa2-9418-b23c1329d6e6/resource/62f01280-fc14-4289-96da-af2eef1568f3/download/sharrows.zip,ZIP
88550525-db51-4fa2-9418-b23c1329d6e6,download,https://data.wprdc.org/dataset/88550525-db51-4fa2-9418-b23c1329d6e6/resource/0fbd54be-7872-4d03-9b89-ffee26739e6a/download/trails.zip,ZIP
88550525-db51-4fa2-9418-b23c1329d6e6,download,https://data.wprdc.org/dataset/88550525-db51-4fa2-9418-b23c1329d6e6/resource/7b168220-6fe6-4992-a374-17b929841cf3/download/bikeable_sidewalks.zip,ZIP
4a3664df-38a0-4e06-9751-310ba05f7f0a,download,https://data.wprdc.org/dataset/4a3664df-38a0-4e06-9751-310ba05f7f0a/resource/e6a4f3f0-6308-440a-bddd-9b9612b6cc4e/download/greenwaysorigional.zip,ZIP
4a3664df-38a0-4e06-9751-310ba05f7f0a,download,https://wiki.tessercat.net/wiki/DASH_Data_Guide#Greenways,HTML
7db7daf4-1fcc-4ad6-ad5e-6ed21a45b154,download,https://data.wprdc.org/dataset/7db7daf4-1fcc-4ad6-ad5e-6ed21a45b154/resource/dde1f413-c849-413c-b791-0f861bf219ce/download/globallandslides.csv,CSV
7db7daf4-1fcc-4ad6-ad5e-6ed21a45b154,download,https://data.wprdc.org/dataset/7db7daf4-1fcc-4ad6-ad5e-6ed21a45b154/resource/aab0f123-fe29-4e74-9208-c26612919b2e/download/nasagloballandslidecatalogpoint.zip,ZIP
7db7daf4-1fcc-4ad6-ad5e-6ed21a45b154,download,https://data.wprdc.org/dataset/7db7daf4-1fcc-4ad6-ad5e-6ed21a45b154/resource/900a95c9-a9b7-4e33-8659-4f50f70c38fb/download/landslidelicense.txt,TXT
7db7daf4-1fcc-4ad6-ad5e-6ed21a45b154,download,https://data.wprdc.org/dataset/7db7daf4-1fcc-4ad6-ad5e-6ed21a45b154/resource/31dfd918-e71b-4a24-93d2-98579e4b33e9/download/takedownpolicy.txt,TXT
f7c1d5c6-b9d9-4cb7-b9be-e39ba5f9dc0b,download,https://library.weconservepa.org/guides/59-steep-slope-ordinance,HTML
f7c1d5c6-b9d9-4cb7-b9be-e39ba5f9dc0b,download,https://www.alleghenycounty.us/Government/Police-and-Emergency-Services/Emergency-Services/Emergency-Management/Training/Local-EMA-Coordinators,HTML
f7c1d5c6-b9d9-4cb7-b9be-e39ba5f9dc0b,download,https://data.wprdc.org/dataset/f7c1d5c6-b9d9-4cb7-b9be-e39ba5f9dc0b/resource/5978bb72-0bad-4f0f-81e1-3bdc14b37b2d/download/5-cleaned-online-resources-allegheny-county-landslide-portal-2_19_2026-114538-am.html,HTML
a917bd77-69b0-4ac7-8304-73b4dcc65d61,download,https://data.wprdc.org/dataset/a917bd77-69b0-4ac7-8304-73b4dcc65d61/resource/b214c4d7-edb6-430a-baf3-de83ab0c1b81/download/public_water_systems_-_public_water_supplier_service_areas.csv,CSV
a917bd77-69b0-4ac7-8304-73b4dcc65d61,download,https://data.wprdc.org/dataset/a917bd77-69b0-4ac7-8304-73b4dcc65d61/resource/6ecc1f7f-e9f3-4c0f-bd77-921c4f52e337/download/public_water_systems_-_public_water_supplier_service_areas.zip,SHP
a917bd77-69b0-4ac7-8304-73b4dcc65d61,download,https://data.wprdc.org/dataset/a917bd77-69b0-4ac7-8304-73b4dcc65d61/resource/e85ee57f-5231-41c3-b955-62404157bd14/download/parcel_level_water_providers.csv,CSV
a946ffe7-2900-42d3-8916-6b0e10f0e415,download,https://data.wprdc.org/dataset/2706f171-3803-4ee4-bbf7-b8e9014ce490/resource/5d908436-1719-408d-9d4b-67c5f468655e/download/residential-zoning-by-race-final-report-reduced.pdf,HTML
bc921927-c085-4303-89de-8f520ffdc6ab,download,https://data.wprdc.org/dataset/2706f171-3803-4ee4-bbf7-b8e9014ce490/resource/0dc14ffe-a3a4-43ec-a3c0-4f75671d8f5d/download/protecting-property-values-not-people-web-version-final-2-18-2025.pdf,HTML
2706f171-3803-4ee4-bbf7-b8e9014ce490,download,https://data.wprdc.org/dataset/2706f171-3803-4ee4-bbf7-b8e9014ce490/resource/60de9815-5d72-4e70-8c60-b82b882707e4/download/pittsburgh-zoning-1927.zip,ZIP
edf7a2fe-1fd8-436f-afde-2edc867bc8ff,download,https://pittsburghpa.maps.arcgis.com/apps/instant/basic/index.html?appid=67ad1f84b1644e379eaea1cde6e215d1,HTML
8a83b3f0-d228-4960-9fdf-80560520b4be,download,https://data.wprdc.org/datastore/dump/6b11e87d-1216-463d-bbd3-37460e539d86,CSV
8a83b3f0-d228-4960-9fdf-80560520b4be,download,https://data.wprdc.org/dataset/8a83b3f0-d228-4960-9fdf-80560520b4be/resource/ec71e915-cd01-4281-86c0-2d3a06701616/download/non-traffic-citations-data-dictionary.xlsx,XLSX
5e6711a3-90e5-457d-8c73-445fb5f363e2,download,https://data.wprdc.org/datastore/dump/044f2016-1dfd-4ab0-bc1e-065da05fca2e,CSV
5e6711a3-90e5-457d-8c73-445fb5f363e2,download,https://data.wprdc.org/dataset/5e6711a3-90e5-457d-8c73-445fb5f363e2/resource/a0e233b3-8cfc-441a-a37e-d396579d20ea/download/archived-blotter-data-dictionary.xlsx,XLSX
5e6711a3-90e5-457d-8c73-445fb5f363e2,download,https://data.wprdc.org/dataset/5e6711a3-90e5-457d-8c73-445fb5f363e2/resource/391942e2-25ef-43e4-8263-f8519fa8aada/download/archive-police-blotter.csv,CSV
d809c36f-28fe-40e6-a33e-796f15c66a69,download,https://data.wprdc.org/datastore/dump/e03a89dd-134a-4ee8-a2bd-62c40aeebc6f,CSV
d809c36f-28fe-40e6-a33e-796f15c66a69,download,https://data.wprdc.org/dataset/d809c36f-28fe-40e6-a33e-796f15c66a69/resource/e554650d-f48f-49b2-88f3-e19878a1c245/download/arrest-data-dictionary.xlsx,XLSX
b114c5e3-6e59-448a-b160-ed71f55b94d1,download,https://data.wprdc.org/datastore/dump/865441c9-498a-4a3f-8f52-3a865c1c421a,CSV
b114c5e3-6e59-448a-b160-ed71f55b94d1,download,https://data.wprdc.org/datastore/dump/e8889e36-e4b1-4343-bb51-fb687eb9a2ff,CSV
b114c5e3-6e59-448a-b160-ed71f55b94d1,download,https://data.wprdc.org/datastore/dump/3d6b60f4-f25a-4e93-94d9-730eed61f69c,CSV
f228a99c-acc4-4fda-9182-a59d42739b01,download,https://data.wprdc.org/dataset/f228a99c-acc4-4fda-9182-a59d42739b01/resource/1133a31e-b348-4e4e-be24-6a417f0a4da0/download/andrew-cardnegie-meet-and-greet.jpg,JPEG
f228a99c-acc4-4fda-9182-a59d42739b01,download,https://data.wprdc.org/dataset/f228a99c-acc4-4fda-9182-a59d42739b01/resource/45d94549-ffe9-4ba6-8114-651f1c35eea0/download/andrew-cardnegie-with-1-fan.jpg,JPEG
f228a99c-acc4-4fda-9182-a59d42739b01,download,https://data.wprdc.org/dataset/f228a99c-acc4-4fda-9182-a59d42739b01/resource/f1441869-67f7-4837-864e-a62aa84bea08/download/andrew-cardnegie-and-two-men-3.jpg,JPEG
f228a99c-acc4-4fda-9182-a59d42739b01,download,https://data.wprdc.org/dataset/f228a99c-acc4-4fda-9182-a59d42739b01/resource/debb9f74-4c91-4180-b1a1-ba5c9b60a276/download/angry-mob-2.jpg,JPEG
f228a99c-acc4-4fda-9182-a59d42739b01,download,https://data.wprdc.org/dataset/f228a99c-acc4-4fda-9182-a59d42739b01/resource/bc00ee52-9536-4aa5-a533-7296b772f04a/download/banjo-club-1.jpg,JPEG
f228a99c-acc4-4fda-9182-a59d42739b01,download,https://data.wprdc.org/dataset/f228a99c-acc4-4fda-9182-a59d42739b01/resource/7e706914-822c-4924-848e-de86d09d8452/download/baseball-2.jpeg,JPEG
f228a99c-acc4-4fda-9182-a59d42739b01,download,https://data.wprdc.org/dataset/f228a99c-acc4-4fda-9182-a59d42739b01/resource/847fa95e-b7d7-415d-8815-14ac79623337/download/bigcheck.jpg,JPEG
f228a99c-acc4-4fda-9182-a59d42739b01,download,https://data.wprdc.org/dataset/f228a99c-acc4-4fda-9182-a59d42739b01/resource/1a0814ac-4066-4970-8453-60c83036586f/download/boss-office-1.jpg,JPEG
f228a99c-acc4-4fda-9182-a59d42739b01,download,https://data.wprdc.org/dataset/f228a99c-acc4-4fda-9182-a59d42739b01/resource/6c84ce69-2fb0-42c3-a3d8-3942fd8bddff/download/burghs-eye-view-2.jpg,JPEG
f228a99c-acc4-4fda-9182-a59d42739b01,download,https://data.wprdc.org/dataset/f228a99c-acc4-4fda-9182-a59d42739b01/resource/b7ddf947-1c9d-4eef-974a-80a6e26ec7be/download/bus-2.jpeg,JPEG
f228a99c-acc4-4fda-9182-a59d42739b01,download,https://data.wprdc.org/dataset/f228a99c-acc4-4fda-9182-a59d42739b01/resource/7335aa08-0c86-46c5-a606-8357d405f5dc/download/card-sorting-4.jpg,JPEG
f228a99c-acc4-4fda-9182-a59d42739b01,download,https://data.wprdc.org/dataset/f228a99c-acc4-4fda-9182-a59d42739b01/resource/7b4c66b6-6476-4638-9d88-d35f5373fbb4/download/chewbacca-handshake-1.jpg,JPEG
f228a99c-acc4-4fda-9182-a59d42739b01,download,https://data.wprdc.org/dataset/f228a99c-acc4-4fda-9182-a59d42739b01/resource/bdf48380-75c9-43ee-b23d-d55a462cf843/download/data-101-2.jpg,JPEG
f228a99c-acc4-4fda-9182-a59d42739b01,download,https://data.wprdc.org/dataset/f228a99c-acc4-4fda-9182-a59d42739b01/resource/addc297a-2896-4dac-ab1d-20f0a7ebb5db/download/data-101-3.jpg,JPEG
f228a99c-acc4-4fda-9182-a59d42739b01,download,https://data.wprdc.org/dataset/f228a99c-acc4-4fda-9182-a59d42739b01/resource/fd745959-283b-4c04-91ae-f77bdfb4dff4/download/data-101-presentation-3.jpg,JPEG
f228a99c-acc4-4fda-9182-a59d42739b01,download,https://data.wprdc.org/dataset/f228a99c-acc4-4fda-9182-a59d42739b01/resource/c7d29742-18d7-47cb-86a5-fec4479fe869/download/data-day-1.jpg,JPEG
f228a99c-acc4-4fda-9182-a59d42739b01,download,https://data.wprdc.org/dataset/f228a99c-acc4-4fda-9182-a59d42739b01/resource/2745e417-8f83-453d-bb2a-62ddec681c6f/download/data-investigator-paying-for-parking-640x532.jpg,JPEG
f228a99c-acc4-4fda-9182-a59d42739b01,download,https://data.wprdc.org/dataset/f228a99c-acc4-4fda-9182-a59d42739b01/resource/10797f15-0acd-45ac-96ba-c03e8d515362/download/steve-lego.jpg,JPEG
f228a99c-acc4-4fda-9182-a59d42739b01,download,https://data.wprdc.org/dataset/f228a99c-acc4-4fda-9182-a59d42739b01/resource/b3dee355-5b93-4c85-9d42-1a8ecc3e2f95/download/library-hackathon-1.jpg,JPEG
f228a99c-acc4-4fda-9182-a59d42739b01,download,https://data.wprdc.org/dataset/f228a99c-acc4-4fda-9182-a59d42739b01/resource/9d4a80f8-5d73-4738-a1d7-efff00746a8c/download/hacking-away-in-nyc.jpg,JPEG
f228a99c-acc4-4fda-9182-a59d42739b01,download,https://data.wprdc.org/dataset/f228a99c-acc4-4fda-9182-a59d42739b01/resource/4bb106cb-7f89-4fbc-aa07-3daa58c21f4f/download/halloween-3.jpg,JPEG
f228a99c-acc4-4fda-9182-a59d42739b01,download,https://data.wprdc.org/dataset/f228a99c-acc4-4fda-9182-a59d42739b01/resource/424f65cd-0c70-4fc7-a5e2-ffe7ce067c67/download/hot-dog-guy-2.jpeg,JPEG
f228a99c-acc4-4fda-9182-a59d42739b01,download,https://data.wprdc.org/dataset/f228a99c-acc4-4fda-9182-a59d42739b01/resource/966a2c46-7797-4c16-94a0-fb2f24769b19/download/hot-dog-guy-1.jpeg,JPEG
f228a99c-acc4-4fda-9182-a59d42739b01,download,https://data.wprdc.org/dataset/f228a99c-acc4-4fda-9182-a59d42739b01/resource/09d70ee5-069f-46c1-8d2a-db65f57779a5/download/help-desk.jpg,JPEG
f228a99c-acc4-4fda-9182-a59d42739b01,download,https://data.wprdc.org/dataset/f228a99c-acc4-4fda-9182-a59d42739b01/resource/e4d7dcaf-206d-45dd-8d30-dff033550531/download/hot-dog-man-police-chief-2.jpg,JPEG
f228a99c-acc4-4fda-9182-a59d42739b01,download,https://data.wprdc.org/dataset/f228a99c-acc4-4fda-9182-a59d42739b01/resource/02e35aa9-b4c1-4b28-a1ad-c050ad3bf291/download/man-at-computer.jpg,JPEG
f228a99c-acc4-4fda-9182-a59d42739b01,download,https://data.wprdc.org/dataset/f228a99c-acc4-4fda-9182-a59d42739b01/resource/5bdabf24-c5a0-48cf-8acb-2a9008e3159b/download/man-in-dinosaur-costume-delivering-presentation.jpg,JPEG
f228a99c-acc4-4fda-9182-a59d42739b01,download,https://data.wprdc.org/dataset/f228a99c-acc4-4fda-9182-a59d42739b01/resource/728db30f-f880-4761-ad62-7334636c77eb/download/man-at-plotter.jpg,JPEG
f228a99c-acc4-4fda-9182-a59d42739b01,download,https://data.wprdc.org/dataset/f228a99c-acc4-4fda-9182-a59d42739b01/resource/6ecc3696-627c-4139-b347-f6a3460db97e/download/man-on-phone.jpg,JPEG
f228a99c-acc4-4fda-9182-a59d42739b01,download,https://data.wprdc.org/dataset/f228a99c-acc4-4fda-9182-a59d42739b01/resource/3c9914c2-8034-42a1-a8ce-41dddc3dea37/download/mascots-2.jpg,JPEG
f228a99c-acc4-4fda-9182-a59d42739b01,download,https://data.wprdc.org/dataset/f228a99c-acc4-4fda-9182-a59d42739b01/resource/183f8973-742d-46bb-81c4-e7499fe6dc9e/download/meeting-from-above-1.jpg,JPEG
f228a99c-acc4-4fda-9182-a59d42739b01,download,https://data.wprdc.org/dataset/f228a99c-acc4-4fda-9182-a59d42739b01/resource/84523934-2a0b-4062-b5f4-f39cb324e363/download/meeting-from-above-2.jpg,JPEG
f228a99c-acc4-4fda-9182-a59d42739b01,download,https://data.wprdc.org/dataset/f228a99c-acc4-4fda-9182-a59d42739b01/resource/8574abd9-258b-455b-ac8e-41dfd013dbc0/download/meeting-with-burt-reynolds-slide-1.jpg,JPEG
f228a99c-acc4-4fda-9182-a59d42739b01,download,https://data.wprdc.org/dataset/f228a99c-acc4-4fda-9182-a59d42739b01/resource/a19f68d6-997f-4654-805d-7bbe63fe9568/download/narrative-inquiry-workshop-1.jpg,JPEG
f228a99c-acc4-4fda-9182-a59d42739b01,download,https://data.wprdc.org/dataset/f228a99c-acc4-4fda-9182-a59d42739b01/resource/214260cb-2606-47a5-9d88-2d3f3e188df3/download/pass-around.jpg,JPEG
f228a99c-acc4-4fda-9182-a59d42739b01,download,https://data.wprdc.org/dataset/f228a99c-acc4-4fda-9182-a59d42739b01/resource/4c43fdf1-57b3-4f5e-a001-9a228616cd68/download/perp-walk-with-tv-crew.jpg,JPEG
f228a99c-acc4-4fda-9182-a59d42739b01,download,https://data.wprdc.org/dataset/f228a99c-acc4-4fda-9182-a59d42739b01/resource/c0b10011-17a5-4010-b534-3be5dde2c14d/download/persona-development-2-bob-ross.jpg,JPEG
f228a99c-acc4-4fda-9182-a59d42739b01,download,https://data.wprdc.org/dataset/f228a99c-acc4-4fda-9182-a59d42739b01/resource/c9ecc7b2-2794-4330-85bd-265bbe9d4b07/download/pothole-fishermen-2.jpg,JPEG
f228a99c-acc4-4fda-9182-a59d42739b01,download,https://data.wprdc.org/dataset/f228a99c-acc4-4fda-9182-a59d42739b01/resource/6780db22-8efd-44ca-9293-c7cdfd5226f8/download/property-dashboard.jpg,JPEG
f228a99c-acc4-4fda-9182-a59d42739b01,download,https://data.wprdc.org/dataset/f228a99c-acc4-4fda-9182-a59d42739b01/resource/44fde258-e1e3-4caf-a6a2-74a6b36a954a/download/property-survey1.jpg,JPEG
f228a99c-acc4-4fda-9182-a59d42739b01,download,https://data.wprdc.org/dataset/f228a99c-acc4-4fda-9182-a59d42739b01/resource/b9892af3-0f1b-4e0a-8efc-624d5dc23145/download/show-tell-with-fish.jpg,JPEG
f228a99c-acc4-4fda-9182-a59d42739b01,download,https://data.wprdc.org/dataset/f228a99c-acc4-4fda-9182-a59d42739b01/resource/f16039c7-477f-4411-92b6-c95a43553990/download/sticky-dot-voting-2.jpg,JPEG
f228a99c-acc4-4fda-9182-a59d42739b01,download,https://data.wprdc.org/dataset/f228a99c-acc4-4fda-9182-a59d42739b01/resource/3b1856bf-d3a2-4654-b649-c1ebca3c135b/download/smokey-bears-1-fan.jpg,JPEG
f228a99c-acc4-4fda-9182-a59d42739b01,download,https://data.wprdc.org/dataset/f228a99c-acc4-4fda-9182-a59d42739b01/resource/3af7b8be-d0e9-4704-985e-6e02e8994a55/download/streaker-at-ballgame.jpg,JPEG
f228a99c-acc4-4fda-9182-a59d42739b01,download,https://data.wprdc.org/dataset/f228a99c-acc4-4fda-9182-a59d42739b01/resource/2190ed38-fd13-422b-b3a7-cab9add7bbc7/download/student-guest-lecture-4.jpg,JPEG
f228a99c-acc4-4fda-9182-a59d42739b01,download,https://data.wprdc.org/dataset/f228a99c-acc4-4fda-9182-a59d42739b01/resource/a3d60c95-89c5-47e3-9654-7017699d5da2/download/the-team.jpg,JPEG
f228a99c-acc4-4fda-9182-a59d42739b01,download,https://data.wprdc.org/dataset/f228a99c-acc4-4fda-9182-a59d42739b01/resource/2c850848-c692-426f-b5d6-553801a0ee01/download/tiny-baby.jpg,JPEG
f228a99c-acc4-4fda-9182-a59d42739b01,download,https://data.wprdc.org/dataset/f228a99c-acc4-4fda-9182-a59d42739b01/resource/0136707a-7b1e-4c32-87fa-b3089c648ba3/download/twelve-commandments.jpg,JPEG
f228a99c-acc4-4fda-9182-a59d42739b01,download,https://data.wprdc.org/dataset/f228a99c-acc4-4fda-9182-a59d42739b01/resource/828cebf2-0716-4d12-a41f-d29c230cf0db/download/user-group-meeting-1-2015.jpg,JPEG
f228a99c-acc4-4fda-9182-a59d42739b01,download,https://data.wprdc.org/dataset/f228a99c-acc4-4fda-9182-a59d42739b01/resource/498fee95-1caa-4364-aaeb-2ea1ef95db4e/download/user-testing-4.jpg,JPEG
2ecd2568-5e1d-4384-aa59-c1d75520a15c,download,https://data.wprdc.org/dataset/2ecd2568-5e1d-4384-aa59-c1d75520a15c/resource/5e158ced-a37b-45cc-9208-bf9ed6e13c33/download/pghtodaytest.csv,CSV
a8f7a1c2-7d4d-4daa-bc30-b866855f0419,download,https://data.wprdc.org/datastore/dump/29462525-62a6-45bf-9b5e-ad2e1c06348d,CSV
a8f7a1c2-7d4d-4daa-bc30-b866855f0419,download,https://docs.google.com/document/d/1yi0Gmru3ggM72vRd-ECuvfrD77Tx-HUR6W5Hkd_bLJ4/edit,HTML
a8f7a1c2-7d4d-4daa-bc30-b866855f0419,download,https://data.wprdc.org/dataset/a8f7a1c2-7d4d-4daa-bc30-b866855f0419/resource/6a2c9de6-9cb8-4da6-bd78-0a913cc5790c/download/311-codebook-2024-revision.csv,CSV
a8f7a1c2-7d4d-4daa-bc30-b866855f0419,download,https://data.wprdc.org/datastore/dump/76fda9d0-69be-4dd5-8108-0de7907fc5a4,CSV
a8f7a1c2-7d4d-4daa-bc30-b866855f0419,download,https://data.wprdc.org/dataset/a8f7a1c2-7d4d-4daa-bc30-b866855f0419/resource/d3e98904-4a86-45fb-9041-0826ab8d56d0/download/311-data-dictionary.xlsx,XLSX
a8f7a1c2-7d4d-4daa-bc30-b866855f0419,download,https://data.wprdc.org/dataset/a8f7a1c2-7d4d-4daa-bc30-b866855f0419/resource/7794b313-33be-4a8b-bf80-41751a59b84a/download/311-codebook-request-types.xlsx,XLSX
5d4809dd-3d2d-40c7-aa3b-da53925bf62b,download,https://data.wprdc.org/dataset/5d4809dd-3d2d-40c7-aa3b-da53925bf62b/resource/8edd8a76-8607-4ed3-960f-dcae914fd937/download/data-trafficcounts.csv,CSV
5d4809dd-3d2d-40c7-aa3b-da53925bf62b,download,https://wiki.tessercat.net/wiki/DASH_Data_Guide#Traffic_Counts,HTML
9ce31f01-1dfa-4a14-9969-a5c5507a4b40,download,https://data.wprdc.org/datastore/dump/1515a93c-73e3-4425-9b35-1cd11b2196da,CSV
9ce31f01-1dfa-4a14-9969-a5c5507a4b40,download,https://data.wprdc.org/datastore/dump/d47d47da-5044-417c-a24d-8366fd7b1a09,CSV
a95a1fbd-928f-40b5-b561-16183eacbc26,download,https://pa-geo-data-pennmap.hub.arcgis.com/datasets/PennShare::pennsylvania-house-of-representatives-districts/explore?location=40.405512%2C-79.938189%2C11.00,HTML
66b6bc87-586d-44de-9c8e-8df26a5f1083,download,https://openac-alcogis.opendata.arcgis.com/datasets/AlCoGIS::allegheny-county-owned-bridges-points,HTML
66b6bc87-586d-44de-9c8e-8df26a5f1083,download,https://data.wprdc.org/datastore/dump/d776ff5a-bb6f-45fd-a9d9-d34b7b39977c,CSV
66b6bc87-586d-44de-9c8e-8df26a5f1083,download,https://data.wprdc.org/dataset/66b6bc87-586d-44de-9c8e-8df26a5f1083/resource/2fda5ad1-43cb-4a60-ac4c-4ef46c715389/download/bridges_points.kml,KML
66b6bc87-586d-44de-9c8e-8df26a5f1083,download,https://data.wprdc.org/dataset/66b6bc87-586d-44de-9c8e-8df26a5f1083/resource/6c62839e-bb52-4986-8a27-ef89e1e7d9aa/download/bridges_points.zip,ZIP
097c70b6-d5d3-434b-af90-23c8b1a99bfb,download,https://data.wprdc.org/datastore/dump/ac8ad5d1-f6f2-452f-b591-ec0ab01c7d6a,ZIP
097c70b6-d5d3-434b-af90-23c8b1a99bfb,download,https://data.wprdc.org/dataset/097c70b6-d5d3-434b-af90-23c8b1a99bfb/resource/73db7c43-db3e-4188-8e8d-e2af37cfcea5/download/3rww_gi_inventory.zip,ZIP
097c70b6-d5d3-434b-af90-23c8b1a99bfb,download,https://data.wprdc.org/dataset/097c70b6-d5d3-434b-af90-23c8b1a99bfb/resource/cbfb4d64-cb50-48e9-bfbb-5d8d4b8db4df/download/3rwwgiinventorydatadictionary.csv,CSV
ed485f75-044f-4614-b35d-65ff73dc46c3,download,https://openac-alcogis.opendata.arcgis.com/datasets/AlCoGIS::allegheny-county-public-schools-local-education-agency-leas-locations,HTML
ed485f75-044f-4614-b35d-65ff73dc46c3,download,https://data.wprdc.org/datastore/dump/7c10b158-803d-44cb-97c8-6410044ce7d5,CSV
ed485f75-044f-4614-b35d-65ff73dc46c3,download,https://data.wprdc.org/dataset/ed485f75-044f-4614-b35d-65ff73dc46c3/resource/011c9acb-08eb-4b77-8479-e4cf56bf88e4/download/public_schools.kml,KML
ed485f75-044f-4614-b35d-65ff73dc46c3,download,https://data.wprdc.org/dataset/ed485f75-044f-4614-b35d-65ff73dc46c3/resource/f85aa0f8-6376-4ba6-a405-303a010d4d72/download/public_schools.zip,ZIP
2a0c1b95-6154-4a67-8074-ad3d5c67ada1,download,https://openac-alcogis.opendata.arcgis.com/datasets/AlCoGIS::allegheny-county-private-schools-locations,HTML
2a0c1b95-6154-4a67-8074-ad3d5c67ada1,download,https://data.wprdc.org/datastore/dump/25d92d95-f5f7-426b-8f97-97f8af4c49bd,CSV
2a0c1b95-6154-4a67-8074-ad3d5c67ada1,download,https://data.wprdc.org/dataset/2a0c1b95-6154-4a67-8074-ad3d5c67ada1/resource/762a752a-0b56-4758-a3e6-1e6852a6eb39/download/private_schools.kml,KML
2a0c1b95-6154-4a67-8074-ad3d5c67ada1,download,https://data.wprdc.org/dataset/2a0c1b95-6154-4a67-8074-ad3d5c67ada1/resource/a505704d-6977-47da-afee-8c6231d87cf8/download/private_schools.zip,ZIP
8f294d6e-d3f6-491d-98d3-75eaa23e1d8b,download,https://openac-alcogis.opendata.arcgis.com/maps/AlCoGIS::allegheny-county-voting-district-boundaries-ward-district-labels,HTML
8f294d6e-d3f6-491d-98d3-75eaa23e1d8b,download,https://data.wprdc.org/datastore/dump/d30762e8-6b7f-49c1-b396-dde468722861,CSV
8f294d6e-d3f6-491d-98d3-75eaa23e1d8b,download,https://data.wprdc.org/dataset/8f294d6e-d3f6-491d-98d3-75eaa23e1d8b/resource/35bfe9c3-9f20-4812-a743-4269c9ee9dd3/download/alcogisallegheny-county-voting-district-boundaries-ward-district-labels.kml,KML
8f294d6e-d3f6-491d-98d3-75eaa23e1d8b,download,https://data.wprdc.org/dataset/8f294d6e-d3f6-491d-98d3-75eaa23e1d8b/resource/e0c86da7-a064-4c4e-8647-23f4254023b4/download/alcogisallegheny-county-voting-district-boundaries-ward-district-labels.zip,ZIP
a8a7b82a-8fd9-41b1-a99b-46016a6597cc,download,https://data.wprdc.org/dataset/a8a7b82a-8fd9-41b1-a99b-46016a6597cc/resource/40b4e2d8-bcff-4251-83c8-f63601229915/download/2020-capital-budget-deliberative-forum-survey-responses_formatted-1.csv,CSV
a8a7b82a-8fd9-41b1-a99b-46016a6597cc,download,https://data.wprdc.org/dataset/a8a7b82a-8fd9-41b1-a99b-46016a6597cc/resource/51de0051-f6d7-4a54-8e07-d84005bae62b/download/2019-capital-budget-deliberative-forum-survey-responses-1.xlsx,XLSX
a8a7b82a-8fd9-41b1-a99b-46016a6597cc,download,https://data.wprdc.org/dataset/a8a7b82a-8fd9-41b1-a99b-46016a6597cc/resource/6b467339-cd3b-4278-902d-27b5dcc70e02/download/2019-capital-budget-deliberative-forum-survey-responses-metadata.dd.xlsx,XLSX
80e0ca5d-c88a-4b1a-bf5d-51d0aaeeac86,download,https://data.wprdc.org/dataset/80e0ca5d-c88a-4b1a-bf5d-51d0aaeeac86/resource/4051a85a-bf92-45fc-adc6-b31eb8efaad4/download/covid_19_testing_cases.csv,CSV
80e0ca5d-c88a-4b1a-bf5d-51d0aaeeac86,download,https://data.wprdc.org/dataset/80e0ca5d-c88a-4b1a-bf5d-51d0aaeeac86/resource/ec9ced6e-9d5e-4982-a591-459252725937/download/covid_19_tests.csv,CSV
80e0ca5d-c88a-4b1a-bf5d-51d0aaeeac86,download,https://data.wprdc.org/datastore/dump/dd92b53c-6a90-4b83-9810-c6e8689d325c,CSV
80e0ca5d-c88a-4b1a-bf5d-51d0aaeeac86,download,https://data.wprdc.org/datastore/dump/7507526c-1e28-49be-8b62-808fdd0b4029,CSV
80e0ca5d-c88a-4b1a-bf5d-51d0aaeeac86,download,https://data.wprdc.org/datastore/dump/0f214885-ff3e-44e1-9963-e9e9062a04d1,CSV
80e0ca5d-c88a-4b1a-bf5d-51d0aaeeac86,download,https://data.wprdc.org/datastore/dump/abbfc1a0-9343-4fe9-8e4f-61c56ce6526e,CSV
80e0ca5d-c88a-4b1a-bf5d-51d0aaeeac86,download,https://data.wprdc.org/datastore/dump/3869680f-8faa-4e8c-8c01-6aa1309c40ad,CSV
80e0ca5d-c88a-4b1a-bf5d-51d0aaeeac86,download,https://data.wprdc.org/datastore/dump/d93a442d-d69c-48e6-9364-50e23ffc2054,CSV
80e0ca5d-c88a-4b1a-bf5d-51d0aaeeac86,download,https://data.wprdc.org/datastore/dump/a3553be0-67df-4a00-acb5-502cbf33b61c,CSV
80e0ca5d-c88a-4b1a-bf5d-51d0aaeeac86,download,https://data.wprdc.org/datastore/dump/141040c7-b90c-4699-ad5b-ff5862d3a5cc,CSV
80e0ca5d-c88a-4b1a-bf5d-51d0aaeeac86,download,https://www.alleghenycounty.us/Health-Department/Resources/COVID-19/COVID-19-Dashboards.aspx,HTML
80e0ca5d-c88a-4b1a-bf5d-51d0aaeeac86,download,https://tableau.alleghenycounty.us/t/PublicSite/views/COVID-19-VariantandGenomicSurveillance_16523720460910/VariantsandGenomicSurveillanceforSARS-CoV-2?:embed=y&:showAppBanner=false&:display_count=n&:showVizHome=n&:origin=viz_share_link,HTML
80e0ca5d-c88a-4b1a-bf5d-51d0aaeeac86,download,https://tableau.alleghenycounty.us/t/PublicSite/views/AlleghenyCountyCOVID-19-PostVaccineSurveillance/COVID-19Post-VaccineSurveillance?:embed=y&:showAppBanner=false&:display_count=n&:showVizHome=n&:origin=viz_share_link,HTML
80e0ca5d-c88a-4b1a-bf5d-51d0aaeeac86,download,https://docs.google.com/document/d/19fvMCYYWXdB8lC7augb84kaCEvm--G-_N9UkW_pG_vw/edit?usp=sharingG-_N9UkW_pG_vw/edit?usp=sharing,HTML
2ce8b891-4470-43ba-a11c-46ba14e2f355,download,https://api.nextbike.net/maps/nextbike-live.xml?&city=254,XML
2ce8b891-4470-43ba-a11c-46ba14e2f355,download,https://data.wprdc.org/dataset/2ce8b891-4470-43ba-a11c-46ba14e2f355/resource/74d7ae6d-6a94-4ed3-8dfe-8c1cdf0ff2fe/download/real-time-data-dictionary.csv,CSV
6e683016-0b93-4776-9d9f-caa03e94edc2,download,https://www.bigburgh.com,HTML
6e683016-0b93-4776-9d9f-caa03e94edc2,download,https://data.wprdc.org/dataset/6e683016-0b93-4776-9d9f-caa03e94edc2/resource/1501c05c-f728-4928-8bae-1618d2fbe78c/download/events-data-dictionary.csv,CSV
6e683016-0b93-4776-9d9f-caa03e94edc2,download,https://data.wprdc.org/dataset/6e683016-0b93-4776-9d9f-caa03e94edc2/resource/8ae0fce7-97b6-4fc8-9d2c-7168198e07a1/download/safe-places-data-dictionary.csv,CSV
6e683016-0b93-4776-9d9f-caa03e94edc2,download,https://data.wprdc.org/dataset/6e683016-0b93-4776-9d9f-caa03e94edc2/resource/cbdd77c7-073b-44b2-a212-86a5080c41df/download/services-data-dictionary.csv,CSV
6e683016-0b93-4776-9d9f-caa03e94edc2,download,https://data.wprdc.org/datastore/dump/d54200cc-3127-4dba-9080-3dcb7f66708c,CSV
6e683016-0b93-4776-9d9f-caa03e94edc2,download,https://data.wprdc.org/datastore/dump/a540145a-0d1c-409c-80c7-c3707c2da0ff,CSV
6e683016-0b93-4776-9d9f-caa03e94edc2,download,https://data.wprdc.org/datastore/dump/d836ce20-0c97-4976-bde3-d63fe1af6b81,CSV
6e683016-0b93-4776-9d9f-caa03e94edc2,download,https://data.wprdc.org/datastore/dump/2bbe0f73-dd77-4194-a3ab-891357db7c9b,CSV
6e683016-0b93-4776-9d9f-caa03e94edc2,download,https://data.wprdc.org/datastore/dump/f6e842ab-210f-4688-846e-33e3b28d59cb,CSV
6e683016-0b93-4776-9d9f-caa03e94edc2,download,https://data.wprdc.org/datastore/dump/1bda730e-fb66-4d25-8e6d-8d5d69e8c3d9,CSV
6e683016-0b93-4776-9d9f-caa03e94edc2,download,https://data.wprdc.org/datastore/dump/42e3192a-96aa-4637-b1df-5d7847d91b32,CSV
6e683016-0b93-4776-9d9f-caa03e94edc2,download,https://data.wprdc.org/datastore/dump/0eb66b81-805b-4f6d-ae6b-ea1af5f3f0ba,CSV
6e683016-0b93-4776-9d9f-caa03e94edc2,download,https://data.wprdc.org/datastore/dump/9b86895d-4602-48d5-94a2-606108244855,CSV
6e683016-0b93-4776-9d9f-caa03e94edc2,download,https://data.wprdc.org/datastore/dump/2f876062-95a3-4113-91e2-b6049ce18b71,CSV
6e683016-0b93-4776-9d9f-caa03e94edc2,download,https://data.wprdc.org/datastore/dump/a32841c2-a7ec-45f6-87b9-892f32f946b1,CSV
6e683016-0b93-4776-9d9f-caa03e94edc2,download,https://data.wprdc.org/datastore/dump/9042151e-0dcc-493f-a48e-beac315e8167,CSV
6e683016-0b93-4776-9d9f-caa03e94edc2,download,https://data.wprdc.org/datastore/dump/589b8039-af85-4729-8da7-9f5ed0c2c7a6,CSV
6e683016-0b93-4776-9d9f-caa03e94edc2,download,https://data.wprdc.org/datastore/dump/8a66490e-ffa9-4ccc-8d41-6b865961fd33,CSV
6e683016-0b93-4776-9d9f-caa03e94edc2,download,https://data.wprdc.org/datastore/dump/b19b462e-8a4f-4e1d-9fee-7111f2e39bc1,CSV
6e683016-0b93-4776-9d9f-caa03e94edc2,download,https://data.wprdc.org/datastore/dump/f000d81d-4fdf-4608-8125-8629e7c70f68,CSV
6e683016-0b93-4776-9d9f-caa03e94edc2,download,https://data.wprdc.org/datastore/dump/14ae61fd-f977-4cd4-b6ba-628ecb8eeddf,CSV
6e683016-0b93-4776-9d9f-caa03e94edc2,download,https://data.wprdc.org/datastore/dump/fe22f13f-45ab-4f41-8b28-048752362023,CSV
6e683016-0b93-4776-9d9f-caa03e94edc2,download,https://data.wprdc.org/datastore/dump/a784b91f-1f32-4714-8611-0e2defb898ef,CSV
6e683016-0b93-4776-9d9f-caa03e94edc2,download,https://data.wprdc.org/datastore/dump/218eafac-8c95-4536-9a88-52396ed9c774,CSV
6e683016-0b93-4776-9d9f-caa03e94edc2,download,https://data.wprdc.org/datastore/dump/dc82ef04-304d-442b-b72f-6f961bbf1867,CSV
6e683016-0b93-4776-9d9f-caa03e94edc2,download,https://data.wprdc.org/datastore/dump/631a84d4-ee89-4979-9395-7b0341ac8700,CSV
6e683016-0b93-4776-9d9f-caa03e94edc2,download,https://data.wprdc.org/datastore/dump/3a593d38-1430-4d38-b38b-978c59f86239,CSV
6e683016-0b93-4776-9d9f-caa03e94edc2,download,https://data.wprdc.org/datastore/dump/7932ca9b-feea-4c4b-94f6-f3be6bd432e0,CSV
6e683016-0b93-4776-9d9f-caa03e94edc2,download,https://data.wprdc.org/datastore/dump/9f73d645-82b1-4e2d-9e45-3505df9f9f3d,CSV
6e683016-0b93-4776-9d9f-caa03e94edc2,download,https://data.wprdc.org/datastore/dump/3db5d4f4-72fd-41d9-bf76-ed287478ca52,CSV
6e683016-0b93-4776-9d9f-caa03e94edc2,download,https://data.wprdc.org/datastore/dump/d03dc46d-03e5-4709-bbf2-b09886325e8d,CSV
6e683016-0b93-4776-9d9f-caa03e94edc2,download,https://data.wprdc.org/datastore/dump/1aba64df-4d09-4b81-95e8-1a5d16c3257e,CSV
6e683016-0b93-4776-9d9f-caa03e94edc2,download,https://data.wprdc.org/datastore/dump/1b22c9ba-e26a-41f8-a4b0-7e8bee11f5e8,CSV
6e683016-0b93-4776-9d9f-caa03e94edc2,download,https://data.wprdc.org/datastore/dump/da50b251-b87b-4b32-9e41-9e3f8d642bbd,CSV
6e683016-0b93-4776-9d9f-caa03e94edc2,download,https://data.wprdc.org/datastore/dump/2b4b31a2-c4a7-44e5-a1cf-aad32a1f9427,CSV
6e683016-0b93-4776-9d9f-caa03e94edc2,download,https://data.wprdc.org/datastore/dump/c1a77c4e-0df0-4e4d-a44c-369759931e11,CSV
6e683016-0b93-4776-9d9f-caa03e94edc2,download,https://data.wprdc.org/datastore/dump/87168cc8-7e04-4205-91df-f3eeed2ec4c2,CSV
6e683016-0b93-4776-9d9f-caa03e94edc2,download,https://data.wprdc.org/datastore/dump/cd7df62e-245b-4514-a159-4b0b234d9a7d,CSV
6e683016-0b93-4776-9d9f-caa03e94edc2,download,https://data.wprdc.org/datastore/dump/85896b80-cea3-4615-a293-2cd95058cd44,CSV
6e683016-0b93-4776-9d9f-caa03e94edc2,download,https://data.wprdc.org/datastore/dump/a9b269a9-40bd-448e-9575-beea920785a9,CSV
6e683016-0b93-4776-9d9f-caa03e94edc2,download,https://data.wprdc.org/datastore/dump/f6b4fca6-8387-42ce-b207-6f7ebcb0cbff,CSV
6e683016-0b93-4776-9d9f-caa03e94edc2,download,https://data.wprdc.org/datastore/dump/d6f00ebe-f400-4c45-aaa4-ac60eefbea72,CSV
6e683016-0b93-4776-9d9f-caa03e94edc2,download,https://data.wprdc.org/datastore/dump/4675113b-709f-4d75-9103-13d4979680de,CSV
6e683016-0b93-4776-9d9f-caa03e94edc2,download,https://data.wprdc.org/datastore/dump/90db5b86-d8f1-4b75-ba9d-b0709c484e7e,CSV
6e683016-0b93-4776-9d9f-caa03e94edc2,download,https://data.wprdc.org/datastore/dump/ae1237de-15f9-46b4-9d23-31c0ae42057f,CSV
6e683016-0b93-4776-9d9f-caa03e94edc2,download,https://data.wprdc.org/datastore/dump/4ad31103-cf9f-4149-aca2-d1d4c7ced503,CSV
6e683016-0b93-4776-9d9f-caa03e94edc2,download,https://data.wprdc.org/datastore/dump/b9e3b7b0-e916-46bc-93d8-8b5fe1aade1a,CSV
6e683016-0b93-4776-9d9f-caa03e94edc2,download,https://data.wprdc.org/datastore/dump/119cd490-4d86-43c5-a5c5-1dcc6a95ae1e,CSV
6e683016-0b93-4776-9d9f-caa03e94edc2,download,https://data.wprdc.org/datastore/dump/8831d4b3-ac4a-4490-bd88-36778268bf58,CSV
6e683016-0b93-4776-9d9f-caa03e94edc2,download,https://data.wprdc.org/datastore/dump/16411d48-03dc-401d-90bb-efa509717ef8,CSV
6e683016-0b93-4776-9d9f-caa03e94edc2,download,https://data.wprdc.org/datastore/dump/28830e3d-5bdb-4468-a51b-861f0f1dd418,CSV
6e683016-0b93-4776-9d9f-caa03e94edc2,download,https://data.wprdc.org/datastore/dump/5d68abd5-c8cf-40dd-875e-f3472bdba181,CSV
6e683016-0b93-4776-9d9f-caa03e94edc2,download,https://data.wprdc.org/datastore/dump/07bdbe68-a069-4ecf-a88a-4244da835170,CSV
6e683016-0b93-4776-9d9f-caa03e94edc2,download,https://data.wprdc.org/datastore/dump/5bc73700-8254-4571-9331-99fd7e6bc170,CSV
6e683016-0b93-4776-9d9f-caa03e94edc2,download,https://data.wprdc.org/datastore/dump/ad56bfbb-9b38-4929-b76a-a959b7ded332,CSV
6e683016-0b93-4776-9d9f-caa03e94edc2,download,https://data.wprdc.org/datastore/dump/ac8ac87d-678e-4fcc-90f5-9a7eda9c7e01,CSV
6e683016-0b93-4776-9d9f-caa03e94edc2,download,https://data.wprdc.org/datastore/dump/bef6b66e-8016-4184-a28f-b7ee5072eee9,CSV
6e683016-0b93-4776-9d9f-caa03e94edc2,download,https://data.wprdc.org/datastore/dump/8e82e9c9-2be5-471a-86cd-e2cdc25c6ff0,CSV
6e683016-0b93-4776-9d9f-caa03e94edc2,download,https://data.wprdc.org/datastore/dump/faf36872-1469-4dca-a057-6df14bdf59b5,CSV
6e683016-0b93-4776-9d9f-caa03e94edc2,download,https://data.wprdc.org/datastore/dump/303c455a-60bb-4d57-b1e6-3e3c2c87ec89,CSV
6e683016-0b93-4776-9d9f-caa03e94edc2,download,https://data.wprdc.org/datastore/dump/9192cfbd-d611-4988-b461-eeacf27b3ee6,CSV
6e683016-0b93-4776-9d9f-caa03e94edc2,download,https://data.wprdc.org/datastore/dump/1c8d0f07-db10-4894-a5a5-3eb0d9b77068,CSV
6e683016-0b93-4776-9d9f-caa03e94edc2,download,https://data.wprdc.org/datastore/dump/147baf00-84be-4249-8b09-06aa242cfe29,CSV
6e683016-0b93-4776-9d9f-caa03e94edc2,download,https://data.wprdc.org/datastore/dump/289818d8-9b1e-4d6c-a1ee-58e431db9f15,CSV
6e683016-0b93-4776-9d9f-caa03e94edc2,download,https://data.wprdc.org/datastore/dump/503ff111-15e6-4985-bc4e-1168175e1457,CSV
6e683016-0b93-4776-9d9f-caa03e94edc2,download,https://data.wprdc.org/datastore/dump/2cd8785b-bb2a-4a94-8b7d-3c34a14fff1f,CSV
6e683016-0b93-4776-9d9f-caa03e94edc2,download,https://data.wprdc.org/datastore/dump/caf178d5-f8e8-4695-afa7-08e90ecab50c,CSV
6e683016-0b93-4776-9d9f-caa03e94edc2,download,https://data.wprdc.org/datastore/dump/df53641c-8538-43e9-8238-570418c92a26,CSV
6e683016-0b93-4776-9d9f-caa03e94edc2,download,https://data.wprdc.org/datastore/dump/ac56f178-eb19-4126-bd03-75173801c558,CSV
6e683016-0b93-4776-9d9f-caa03e94edc2,download,https://data.wprdc.org/datastore/dump/2bb3759b-43a7-4e30-a8fc-430ac1d80259,CSV
6e683016-0b93-4776-9d9f-caa03e94edc2,download,https://data.wprdc.org/datastore/dump/5a42022d-c53a-4d18-bbaa-18a83a35f458,CSV
6e683016-0b93-4776-9d9f-caa03e94edc2,download,https://data.wprdc.org/datastore/dump/a7a7e906-80fd-4389-adf4-774c88e6393d,CSV
6e683016-0b93-4776-9d9f-caa03e94edc2,download,https://data.wprdc.org/datastore/dump/0e161ee0-67cc-4983-8132-11cd6a058ea9,CSV
6e683016-0b93-4776-9d9f-caa03e94edc2,download,https://data.wprdc.org/datastore/dump/8f5e770f-4804-4ad6-89d3-f406fce9f6a8,CSV
6e683016-0b93-4776-9d9f-caa03e94edc2,download,https://data.wprdc.org/datastore/dump/45d78586-318b-4339-90bb-80ffb45aa55c,CSV
6e683016-0b93-4776-9d9f-caa03e94edc2,download,https://data.wprdc.org/datastore/dump/4fca1ec7-2ee5-43d5-97ad-3f7e7ac57f6f,CSV
6e683016-0b93-4776-9d9f-caa03e94edc2,download,https://data.wprdc.org/datastore/dump/0b7e405f-cf1e-4afa-889c-7d6bd737a0a3,CSV
6e683016-0b93-4776-9d9f-caa03e94edc2,download,https://data.wprdc.org/datastore/dump/251a768a-f16a-4e9b-93c7-07262fae924a,CSV
6e683016-0b93-4776-9d9f-caa03e94edc2,download,https://data.wprdc.org/datastore/dump/9b5b9e7d-75b8-40e1-a24b-5ad9df0e45c7,CSV
4451c1c7-93ad-4fb1-9e60-323da936e63f,download,https://data.wprdc.org/dataset/4451c1c7-93ad-4fb1-9e60-323da936e63f/resource/02540432-c366-4ddf-9fd1-03712ee12758/download/healthy-ride-station-locations-q4-2021.csv,CSV
4451c1c7-93ad-4fb1-9e60-323da936e63f,download,https://data.wprdc.org/dataset/4451c1c7-93ad-4fb1-9e60-323da936e63f/resource/531767b3-5028-4be7-9ad7-7061d3a32feb/download/healthy-ride-station-locations-q3-2021.csv,CSV
4451c1c7-93ad-4fb1-9e60-323da936e63f,download,https://data.wprdc.org/dataset/4451c1c7-93ad-4fb1-9e60-323da936e63f/resource/0b93a0ff-41f7-434c-bb9c-1b3bbd3071ce/download/healthy-ride-station-2021-q2.csv,CSV
4451c1c7-93ad-4fb1-9e60-323da936e63f,download,https://data.wprdc.org/dataset/4451c1c7-93ad-4fb1-9e60-323da936e63f/resource/ec4ac603-ca68-46b9-8229-66983d73be29/download/healthy-ride-station-locations-2021-q1.csv,CSV
4451c1c7-93ad-4fb1-9e60-323da936e63f,download,https://data.wprdc.org/dataset/4451c1c7-93ad-4fb1-9e60-323da936e63f/resource/395ca98e-75a4-407b-9b76-d2519da28c4a/download/healthy-ride-station-locations-2020-q4.csv,CSV
4451c1c7-93ad-4fb1-9e60-323da936e63f,download,https://data.wprdc.org/dataset/4451c1c7-93ad-4fb1-9e60-323da936e63f/resource/8ca1e86d-e7d4-4451-9d1d-3acbf07d7475/download/healthy-ride-station-locations-2020-q3.csv,CSV
4451c1c7-93ad-4fb1-9e60-323da936e63f,download,https://data.wprdc.org/dataset/4451c1c7-93ad-4fb1-9e60-323da936e63f/resource/7debf75a-1fec-4ca8-9a49-c743104b8b1a/download/healthy-ride-station-locations-2020-q2.csv,CSV
4451c1c7-93ad-4fb1-9e60-323da936e63f,download,https://data.wprdc.org/dataset/4451c1c7-93ad-4fb1-9e60-323da936e63f/resource/ee84c3af-411d-4b97-b8cd-c22b83c0ad9e/download/healthy-ride-station-locations-2020-q1.csv,CSV
4451c1c7-93ad-4fb1-9e60-323da936e63f,download,https://data.wprdc.org/dataset/4451c1c7-93ad-4fb1-9e60-323da936e63f/resource/9ef484b1-f0fa-4468-9c50-7d22aea47574/download/healthy-ride-station-locations-2019-q4.csv,CSV
4451c1c7-93ad-4fb1-9e60-323da936e63f,download,https://data.wprdc.org/dataset/4451c1c7-93ad-4fb1-9e60-323da936e63f/resource/6e891a4e-3ed7-4f47-b675-f4da18443069/download/healthy-ride-station-locations-q3-2019.csv,CSV
4451c1c7-93ad-4fb1-9e60-323da936e63f,download,https://data.wprdc.org/dataset/4451c1c7-93ad-4fb1-9e60-323da936e63f/resource/ebdfde8b-902f-4a62-afbd-e8d78c0e64d1/download/healthy-ride-station-locations-2019-q2.csv,CSV
4451c1c7-93ad-4fb1-9e60-323da936e63f,download,https://data.wprdc.org/dataset/4451c1c7-93ad-4fb1-9e60-323da936e63f/resource/fa050376-d78f-4f33-b23d-82e21a62491c/download/healthy-ride-station-locations-2019-q1.csv,CSV
4451c1c7-93ad-4fb1-9e60-323da936e63f,download,https://data.wprdc.org/dataset/4451c1c7-93ad-4fb1-9e60-323da936e63f/resource/ee68b39f-acd0-4499-8554-07cdbd3f787c/download/healthy-ride-station-locations-2018-q4.csv,CSV
4451c1c7-93ad-4fb1-9e60-323da936e63f,download,https://data.wprdc.org/dataset/4451c1c7-93ad-4fb1-9e60-323da936e63f/resource/4a24a548-3160-4a78-8baa-19ef7b93bbe0/download/healthyridestations2017.csv,CSV
4451c1c7-93ad-4fb1-9e60-323da936e63f,download,https://data.wprdc.org/dataset/4451c1c7-93ad-4fb1-9e60-323da936e63f/resource/65dbfb52-0d75-4d27-bca6-b30a7bb92672/download/healthyridestations2016.csv,CSV
4451c1c7-93ad-4fb1-9e60-323da936e63f,download,https://data.wprdc.org/dataset/4451c1c7-93ad-4fb1-9e60-323da936e63f/resource/6934a5a3-0ba8-4e8e-a6a9-fcca801c2d48/download/healthyridestations2016.csv,CSV
4451c1c7-93ad-4fb1-9e60-323da936e63f,download,https://data.wprdc.org/dataset/4451c1c7-93ad-4fb1-9e60-323da936e63f/resource/3d094d45-ca61-4a72-9241-ab337f7bfd3e/download/healthyridestations2016.csv,CSV
4451c1c7-93ad-4fb1-9e60-323da936e63f,download,https://data.wprdc.org/dataset/4451c1c7-93ad-4fb1-9e60-323da936e63f/resource/3d4f2d2b-8b7b-47dc-884f-f3b118fecd0d/download/healthyridestations2016.csv,CSV
4451c1c7-93ad-4fb1-9e60-323da936e63f,download,https://data.wprdc.org/dataset/4451c1c7-93ad-4fb1-9e60-323da936e63f/resource/adef55b6-8f3a-4894-a70e-ed4bd63605f5/download/healthyridestations2015.csv,CSV
4451c1c7-93ad-4fb1-9e60-323da936e63f,download,https://data.wprdc.org/dataset/4451c1c7-93ad-4fb1-9e60-323da936e63f/resource/ede3b85e-2797-4c40-a7a6-4abfb60f77f2/download/healthyridestations2015.csv,CSV
bfbaa051-677c-445f-95c5-f9ca129accd4,download,https://data.wprdc.org/dataset/bfbaa051-677c-445f-95c5-f9ca129accd4/resource/8124279d-8801-43e5-a749-2049e51aa040/download/2022-q2.csv,CSV
bfbaa051-677c-445f-95c5-f9ca129accd4,download,https://data.wprdc.org/dataset/bfbaa051-677c-445f-95c5-f9ca129accd4/resource/c27746fc-76ce-4c47-b83a-1e682ec3e05f/download/q1-2022.csv,CSV
bfbaa051-677c-445f-95c5-f9ca129accd4,download,https://data.wprdc.org/dataset/bfbaa051-677c-445f-95c5-f9ca129accd4/resource/33d62ef4-3026-4930-ba5f-d0752df166f5/download/healthy-ride-rentals-2021-q4.csv,CSV
bfbaa051-677c-445f-95c5-f9ca129accd4,download,https://data.wprdc.org/dataset/bfbaa051-677c-445f-95c5-f9ca129accd4/resource/cdd5e7ec-1626-4a8d-b1f5-dd991236ad98/download/healthy-ride-rentals-2021-q3.csv,CSV
bfbaa051-677c-445f-95c5-f9ca129accd4,download,https://data.wprdc.org/dataset/bfbaa051-677c-445f-95c5-f9ca129accd4/resource/488309de-06de-4502-b4c5-f5dd75f6445e/download/healthy-ride-rentals-2021-q2.csv,CSV
bfbaa051-677c-445f-95c5-f9ca129accd4,download,https://data.wprdc.org/dataset/bfbaa051-677c-445f-95c5-f9ca129accd4/resource/7aaac45e-bc45-4219-a856-4d26c1706fdb/download/healthy-ride-rentals-2021-q1.csv,CSV
bfbaa051-677c-445f-95c5-f9ca129accd4,download,https://data.wprdc.org/dataset/bfbaa051-677c-445f-95c5-f9ca129accd4/resource/d46ce40f-d8d4-490d-9ab8-ba5bb91c2fbb/download/healthy-ride-rentals-q4-2020.csv,CSV
bfbaa051-677c-445f-95c5-f9ca129accd4,download,https://data.wprdc.org/dataset/bfbaa051-677c-445f-95c5-f9ca129accd4/resource/e71c0d16-0109-4b50-9ea2-02d82180b7e7/download/healthy-ride-rentals-q3-2020.csv,CSV
bfbaa051-677c-445f-95c5-f9ca129accd4,download,https://data.wprdc.org/dataset/bfbaa051-677c-445f-95c5-f9ca129accd4/resource/a077921d-ae97-48fd-a85d-b31395245ae1/download/healthy-ride-rentals-q2-2020.csv,CSV
bfbaa051-677c-445f-95c5-f9ca129accd4,download,https://data.wprdc.org/dataset/bfbaa051-677c-445f-95c5-f9ca129accd4/resource/79fc7302-7991-4b5a-b27a-d7c4f21b5b8d/download/healthy-ride-rentals-2020-q1.csv,CSV
bfbaa051-677c-445f-95c5-f9ca129accd4,download,https://data.wprdc.org/dataset/bfbaa051-677c-445f-95c5-f9ca129accd4/resource/6ab85d5c-b7a1-41f2-a7a5-1eec8cea4d8c/download/healthy-ride-rentals-2019-q4.csv,CSV
bfbaa051-677c-445f-95c5-f9ca129accd4,download,https://data.wprdc.org/dataset/bfbaa051-677c-445f-95c5-f9ca129accd4/resource/c85436af-ba38-4d91-967f-3e11e4d62a43/download/healthy-ride-rentals-2019-q3.csv,CSV
bfbaa051-677c-445f-95c5-f9ca129accd4,download,https://data.wprdc.org/dataset/bfbaa051-677c-445f-95c5-f9ca129accd4/resource/d1c388f1-a7c1-4d28-910f-fffebdcd1689/download/healthy-ride-rentals-2019-q2.csv,CSV
bfbaa051-677c-445f-95c5-f9ca129accd4,download,https://data.wprdc.org/dataset/bfbaa051-677c-445f-95c5-f9ca129accd4/resource/fcf1fe7c-b59f-4873-8b66-3715191af75a/download/healthy-ride-rentals-2019-q1.csv,CSV
bfbaa051-677c-445f-95c5-f9ca129accd4,download,https://data.wprdc.org/dataset/bfbaa051-677c-445f-95c5-f9ca129accd4/resource/45bd5889-8ea1-4e71-ba83-f8103725e5d8/download/healthyride-rentals-2018-q4.csv,CSV
bfbaa051-677c-445f-95c5-f9ca129accd4,download,https://data.wprdc.org/dataset/bfbaa051-677c-445f-95c5-f9ca129accd4/resource/24c8a7c0-ea06-441e-b07f-950547194c1b/download/healthy-ride-rentals-2018-q3.csv,CSV
bfbaa051-677c-445f-95c5-f9ca129accd4,download,https://data.wprdc.org/dataset/bfbaa051-677c-445f-95c5-f9ca129accd4/resource/030d12a3-fda6-4f2c-a508-ff23a4ecf195/download/healthy-ride-rentals-2018-q2.csv,CSV
bfbaa051-677c-445f-95c5-f9ca129accd4,download,https://data.wprdc.org/dataset/bfbaa051-677c-445f-95c5-f9ca129accd4/resource/f8e0d66b-3958-4c8c-97d0-4351b9dfb222/download/healthy-ride-rentals-2018-q1.csv,CSV
bfbaa051-677c-445f-95c5-f9ca129accd4,download,https://data.wprdc.org/dataset/bfbaa051-677c-445f-95c5-f9ca129accd4/resource/fc3bf582-3ea1-497b-bb0e-8a92d985f28b/download/healthy-ride-rentals-2017-q4.csv,CSV
bfbaa051-677c-445f-95c5-f9ca129accd4,download,https://data.wprdc.org/dataset/bfbaa051-677c-445f-95c5-f9ca129accd4/resource/7c5a30a3-797d-4861-b979-6bb4298b7d0d/download/healthy-ride-rentals-2017-q3.csv,CSV
bfbaa051-677c-445f-95c5-f9ca129accd4,download,https://data.wprdc.org/dataset/bfbaa051-677c-445f-95c5-f9ca129accd4/resource/2c29e217-935d-4d66-909f-9f1b060ed36c/download/healthy-ride-rentals-2017-q2.csv,CSV
bfbaa051-677c-445f-95c5-f9ca129accd4,download,https://data.wprdc.org/dataset/bfbaa051-677c-445f-95c5-f9ca129accd4/resource/102b0be5-aa3f-48b5-9306-e628ae1ae44d/download/healthy-ride-rentals-2017-q1.csv,CSV
bfbaa051-677c-445f-95c5-f9ca129accd4,download,https://data.wprdc.org/dataset/bfbaa051-677c-445f-95c5-f9ca129accd4/resource/c2608a60-9282-4e3d-b45d-a0306b75a3c9/download/healthyride-rentals-2016-q4.csv,CSV
bfbaa051-677c-445f-95c5-f9ca129accd4,download,https://data.wprdc.org/dataset/bfbaa051-677c-445f-95c5-f9ca129accd4/resource/2617daa2-4f89-4e2c-9be9-98254f1d8352/download/healthyride-rentals-2016-q3.csv,CSV
bfbaa051-677c-445f-95c5-f9ca129accd4,download,https://data.wprdc.org/dataset/bfbaa051-677c-445f-95c5-f9ca129accd4/resource/ebd54bd3-6e46-4941-af21-65bdc3fb4ced/download/healthyride-rentals-2016-q2.csv,CSV
bfbaa051-677c-445f-95c5-f9ca129accd4,download,https://data.wprdc.org/dataset/bfbaa051-677c-445f-95c5-f9ca129accd4/resource/92a1a819-2750-4625-88e3-48cf3dd87794/download/healthyride-rentals-2016-q1.csv,CSV
bfbaa051-677c-445f-95c5-f9ca129accd4,download,https://data.wprdc.org/dataset/bfbaa051-677c-445f-95c5-f9ca129accd4/resource/7fe58023-39be-4fa5-a7b7-27d7b0e077a7/download/healthyride-rentals-2015-q4.csv,CSV
bfbaa051-677c-445f-95c5-f9ca129accd4,download,https://data.wprdc.org/dataset/bfbaa051-677c-445f-95c5-f9ca129accd4/resource/7f68c23c-7ba3-4e5c-862d-e0cdc7ec2b67/download/healthyride-rentals-2015-q3.csv,CSV
bfbaa051-677c-445f-95c5-f9ca129accd4,download,https://data.wprdc.org/dataset/bfbaa051-677c-445f-95c5-f9ca129accd4/resource/15ce5154-4807-4d29-baa1-b63bbb033b79/download/healthyride-rentals-2015-q2.csv,CSV
bfbaa051-677c-445f-95c5-f9ca129accd4,download,https://data.wprdc.org/dataset/bfbaa051-677c-445f-95c5-f9ca129accd4/resource/fe985614-775c-42e3-9647-59099806329d/download/healthyriderentalsdatadictionary.csv,CSV
445f20bf-f543-4575-bf78-004fba351d9c,download,https://data.wprdc.org/dataset/445f20bf-f543-4575-bf78-004fba351d9c/resource/2ddfd798-b71a-4f78-bc17-8c54c6a30511/download/parcel_level_lead_info.csv,CSV
445f20bf-f543-4575-bf78-004fba351d9c,download,https://data.wprdc.org/dataset/445f20bf-f543-4575-bf78-004fba351d9c/resource/39e8ae7e-5dca-421e-b87d-8cec34c91950/download/parcel_ebll.csv,CSV
0c165d14-32ff-498b-b0d8-e31a0c7c8a3f,download,https://data.wprdc.org/dataset/0c165d14-32ff-498b-b0d8-e31a0c7c8a3f/resource/0367b76e-4e28-410e-85d2-01a509fe32cb/download/ahilp-open-data-thru-dec-2021.csv,CSV
0c165d14-32ff-498b-b0d8-e31a0c7c8a3f,download,https://data.wprdc.org/dataset/0c165d14-32ff-498b-b0d8-e31a0c7c8a3f/resource/dcec98ff-0dae-4b63-bda0-b810e098bbfb/download/ahilp-loan-data-for-2022-thru-2024.csv,CSV
e464669e-4271-4a03-ac31-74c3c1eb583a,download,https://data.wprdc.org/dataset/e464669e-4271-4a03-ac31-74c3c1eb583a/resource/4da3a2bf-efd8-4c9c-9605-d5d25fb94dcb/download/pa-fcc-broadband-availability-2024-06-24.zip,ZIP
e464669e-4271-4a03-ac31-74c3c1eb583a,download,https://data.wprdc.org/dataset/e464669e-4271-4a03-ac31-74c3c1eb583a/resource/58d05ac7-5029-4bb6-8181-d071da9ab7f4/download/acs5_2023_b28002_by_county.csv,CSV
e464669e-4271-4a03-ac31-74c3c1eb583a,download,https://data.wprdc.org/dataset/e464669e-4271-4a03-ac31-74c3c1eb583a/resource/6239549c-1ad1-4b2e-b504-afdade5be8d7/download/acs5_2023_b28002_by_blockgroup.csv,CSV
e464669e-4271-4a03-ac31-74c3c1eb583a,download,https://data.wprdc.org/dataset/e464669e-4271-4a03-ac31-74c3c1eb583a/resource/d37f454d-8655-44b7-9aa8-a42b8a5d8e6b/download/acp-claims-pa-by-county-2023.csv,CSV
e464669e-4271-4a03-ac31-74c3c1eb583a,download,https://data.wprdc.org/dataset/e464669e-4271-4a03-ac31-74c3c1eb583a/resource/663d7832-886e-41d2-895a-1301c6362155/download/acp-households-pa-by-county-2023.csv,CSV
e464669e-4271-4a03-ac31-74c3c1eb583a,download,https://data.wprdc.org/dataset/e464669e-4271-4a03-ac31-74c3c1eb583a/resource/987e8a1b-4c17-4a03-810a-fbd5c7adc804/download/bead_cai_round_two.csv,CSV
904294e5-ba3f-47f0-9e68-e7ede3ba6b33,download,https://dsl.richmond.edu/panorama/redlining/#loc=11/40.442/-80.153&city=pittsburgh-pa,HTML
904294e5-ba3f-47f0-9e68-e7ede3ba6b33,download,https://data.wprdc.org/dataset/904294e5-ba3f-47f0-9e68-e7ede3ba6b33/resource/9228cfd0-98ac-4dcc-81ba-f1f9e70cb1be/download/areadescriptionimagespgh.zip,ZIP
904294e5-ba3f-47f0-9e68-e7ede3ba6b33,download,https://data.wprdc.org/dataset/904294e5-ba3f-47f0-9e68-e7ede3ba6b33/resource/efc9809b-7c64-4aee-9a4e-a00871a8f8b3/download/holc-scan-pgh.jpg,JPEG
904294e5-ba3f-47f0-9e68-e7ede3ba6b33,download,https://data.wprdc.org/dataset/904294e5-ba3f-47f0-9e68-e7ede3ba6b33/resource/d327be33-059e-4128-8f32-1a806ce2dc4f/download/papittsburgh1937shapefile.zip,ZIP
904294e5-ba3f-47f0-9e68-e7ede3ba6b33,download,https://data.wprdc.org/dataset/904294e5-ba3f-47f0-9e68-e7ede3ba6b33/resource/973945fe-1380-48b8-822c-5e370af28182/download/rectifiedpgh.zip,ZIP
904294e5-ba3f-47f0-9e68-e7ede3ba6b33,download,https://data.wprdc.org/dataset/904294e5-ba3f-47f0-9e68-e7ede3ba6b33/resource/5bd1cd61-a482-494d-b49c-b8492971948e/download/areadescriptionimagesaltoona.zip,ZIP
904294e5-ba3f-47f0-9e68-e7ede3ba6b33,download,https://data.wprdc.org/dataset/904294e5-ba3f-47f0-9e68-e7ede3ba6b33/resource/7abd25e1-78ef-447d-87aa-a3a07167e52e/download/holc-scanaltoona.jpg,JPEG
904294e5-ba3f-47f0-9e68-e7ede3ba6b33,download,https://data.wprdc.org/dataset/904294e5-ba3f-47f0-9e68-e7ede3ba6b33/resource/cb3bf4c6-f8f2-4194-b34e-37b2be1ab2af/download/paaltoona1937shapefile.zip,ZIP
904294e5-ba3f-47f0-9e68-e7ede3ba6b33,download,https://data.wprdc.org/dataset/904294e5-ba3f-47f0-9e68-e7ede3ba6b33/resource/8eaba116-ee2d-4279-9cc5-1de6d563202a/download/areadescriptionimagesaltoona.zip,ZIP
904294e5-ba3f-47f0-9e68-e7ede3ba6b33,download,https://data.wprdc.org/dataset/904294e5-ba3f-47f0-9e68-e7ede3ba6b33/resource/23007c2c-015a-4119-9bc5-caed1eabd38e/download/areadescriptionimageserie.zip,ZIP
904294e5-ba3f-47f0-9e68-e7ede3ba6b33,download,https://data.wprdc.org/dataset/904294e5-ba3f-47f0-9e68-e7ede3ba6b33/resource/4e2e52dc-adbd-422e-9423-c5c14fa817ee/download/holc-scanerie.jpg,JPEG
904294e5-ba3f-47f0-9e68-e7ede3ba6b33,download,https://data.wprdc.org/dataset/904294e5-ba3f-47f0-9e68-e7ede3ba6b33/resource/e9729814-83cd-469a-8323-86ef04b3567f/download/paerie1937shapefile.zip,ZIP
904294e5-ba3f-47f0-9e68-e7ede3ba6b33,download,https://data.wprdc.org/dataset/904294e5-ba3f-47f0-9e68-e7ede3ba6b33/resource/512fda24-61e3-46e7-998c-da3efe16b0f1/download/rectifiederie.zip,ZIP
904294e5-ba3f-47f0-9e68-e7ede3ba6b33,download,https://data.wprdc.org/dataset/904294e5-ba3f-47f0-9e68-e7ede3ba6b33/resource/942017e8-8756-43b6-ba1f-98bc9f1d47cf/download/areadescriptionimagesjohnstown.zip,ZIP
904294e5-ba3f-47f0-9e68-e7ede3ba6b33,download,https://data.wprdc.org/dataset/904294e5-ba3f-47f0-9e68-e7ede3ba6b33/resource/8fe5d4e3-68dd-44df-a67b-7e900d33e024/download/holc-scanjohnstown.jpg,JPEG
904294e5-ba3f-47f0-9e68-e7ede3ba6b33,download,https://data.wprdc.org/dataset/904294e5-ba3f-47f0-9e68-e7ede3ba6b33/resource/bc13be01-53fd-40a6-a3ec-38ead7761f63/download/pajohnstown1937shapefile.zip,ZIP
904294e5-ba3f-47f0-9e68-e7ede3ba6b33,download,https://data.wprdc.org/dataset/904294e5-ba3f-47f0-9e68-e7ede3ba6b33/resource/1a74c4d2-51e6-4534-b236-7a9f65b9b25a/download/rectifiedjohnstown.zip,ZIP
904294e5-ba3f-47f0-9e68-e7ede3ba6b33,download,https://data.wprdc.org/dataset/904294e5-ba3f-47f0-9e68-e7ede3ba6b33/resource/09204503-d5df-4211-a344-44ade57f4907/download/areadescriptionimagesnewcastle.zip,ZIP
904294e5-ba3f-47f0-9e68-e7ede3ba6b33,download,https://data.wprdc.org/dataset/904294e5-ba3f-47f0-9e68-e7ede3ba6b33/resource/7d34603f-b5e1-4c65-bd4a-6c2d8eab51ac/download/holc-scannewcastle.jpg,JPEG
904294e5-ba3f-47f0-9e68-e7ede3ba6b33,download,https://data.wprdc.org/dataset/904294e5-ba3f-47f0-9e68-e7ede3ba6b33/resource/43325c96-d709-45d6-8bbd-7a7b5b62ba95/download/panewcastle1937.zip,ZIP
904294e5-ba3f-47f0-9e68-e7ede3ba6b33,download,https://data.wprdc.org/dataset/904294e5-ba3f-47f0-9e68-e7ede3ba6b33/resource/c11a954d-7953-4018-ac68-067272d3012b/download/rectifiednewcastle.zip,ZIP
f669d677-c9e2-4d2f-b16f-c9ab5a4f3d10,download,https://data.wprdc.org/dataset/f669d677-c9e2-4d2f-b16f-c9ab5a4f3d10/resource/5ab09eab-0d5c-483c-8c50-1432668e8378/download/pitts_allegheny_mva2021.zip,ZIP
f669d677-c9e2-4d2f-b16f-c9ab5a4f3d10,download,https://data.wprdc.org/dataset/f669d677-c9e2-4d2f-b16f-c9ab5a4f3d10/resource/3a648531-15d7-4fc0-aba0-611968b92435/download/pitts_allegheny_drr2021.zip,ZIP
f669d677-c9e2-4d2f-b16f-c9ab5a4f3d10,download,https://data.wprdc.org/dataset/f669d677-c9e2-4d2f-b16f-c9ab5a4f3d10/resource/45fe19b5-26bd-455e-aae7-c4b99f30946d/download/allegheny_pitts_mva2021_metadata.xlsx,XLSX
f669d677-c9e2-4d2f-b16f-c9ab5a4f3d10,download,"https://www.arcgis.com/home/webmap/viewer.html?webmap=a607b1a42ab24ddcbee10348373deed7&extent=-80.6091,40.228,-79.2633,40.7158",HTML
f669d677-c9e2-4d2f-b16f-c9ab5a4f3d10,download,https://www.youtube.com/watch?v=Oy60Khg-J4o,HTML
3130f583-9499-472b-bb5a-f63a6ff6059a,download,https://data.wprdc.org/datastore/dump/2c13021f-74a9-4289-a1e5-fe0472c89881,CSV
3130f583-9499-472b-bb5a-f63a6ff6059a,download,https://github.com/WPRDC/Jupyter-notebooks-by-dataset/blob/master/Crash-Data-Analysis.ipynb,HTML
3130f583-9499-472b-bb5a-f63a6ff6059a,download,https://experience.arcgis.com/experience/51809b06e7b140208a4ed6fbad964990,HTML
3130f583-9499-472b-bb5a-f63a6ff6059a,download,https://tableau.alleghenycounty.us/t/PublicSite/views/AlleghenyCountyCrashDashboard/Overview?%3Adisplay_count=n&%3Aembed=y&%3Aiid=6&%3AisGuestRedirectFromVizportal=y&%3Aorigin=viz_share_link&%3AshowAppBanner=false&%3AshowVizHome=n,HTML
3130f583-9499-472b-bb5a-f63a6ff6059a,download,https://data.wprdc.org/dataset/3130f583-9499-472b-bb5a-f63a6ff6059a/resource/fb81a55f-c560-4541-9ad4-7ea7c41f79e7/download/municipalitycodes.csv,CSV
3130f583-9499-472b-bb5a-f63a6ff6059a,download,https://data.wprdc.org/dataset/3130f583-9499-472b-bb5a-f63a6ff6059a/resource/057dc1b4-a720-4593-8a0c-02f302b8b817/download/policeagencycodes.csv,CSV
3130f583-9499-472b-bb5a-f63a6ff6059a,download,https://data.wprdc.org/dataset/3130f583-9499-472b-bb5a-f63a6ff6059a/resource/ec578660-2d3f-489d-9ba1-af0ebfc3b140/download/all-crashes-2004-2018.csv.zip,ZIP
3130f583-9499-472b-bb5a-f63a6ff6059a,download,https://data.wprdc.org/datastore/dump/4c016b4c-59f0-45ca-981c-718c784b3462,CSV
3130f583-9499-472b-bb5a-f63a6ff6059a,download,https://data.wprdc.org/datastore/dump/96777349-57df-48fb-a1d7-8384786fe71a,CSV
3130f583-9499-472b-bb5a-f63a6ff6059a,download,https://data.wprdc.org/datastore/dump/980f784b-978b-40c6-b649-f92f90b14dae,CSV
3130f583-9499-472b-bb5a-f63a6ff6059a,download,https://data.wprdc.org/datastore/dump/e3b145c0-41ba-4cc9-9054-8f686ac59643,CSV
3130f583-9499-472b-bb5a-f63a6ff6059a,download,https://data.wprdc.org/datastore/dump/514ae074-f42e-4bfb-8869-8d8c461dd824,CSV
3130f583-9499-472b-bb5a-f63a6ff6059a,download,https://data.wprdc.org/datastore/dump/cb0a4d8b-2893-4d20-ad1c-47d5fdb7e8d5,CSV
3130f583-9499-472b-bb5a-f63a6ff6059a,download,https://data.wprdc.org/dataset/3130f583-9499-472b-bb5a-f63a6ff6059a/resource/48f30bee-e404-4cf5-825b-b0da3c975e45/download/crash-data-2018.csv,CSV
3130f583-9499-472b-bb5a-f63a6ff6059a,download,https://data.wprdc.org/datastore/dump/bf8b3c7e-8d60-40df-9134-21606a451c1a,CSV
3130f583-9499-472b-bb5a-f63a6ff6059a,download,https://data.wprdc.org/datastore/dump/9ccea350-e062-45e2-ade5-45e9378f40d2,CSV
3130f583-9499-472b-bb5a-f63a6ff6059a,download,https://data.wprdc.org/datastore/dump/d90eb4fd-1234-4f3b-ba3d-422769cd3761,CSV
3130f583-9499-472b-bb5a-f63a6ff6059a,download,https://data.wprdc.org/dataset/3130f583-9499-472b-bb5a-f63a6ff6059a/resource/a1d00c8a-18dd-43ee-aa13-c2998ceb76ad/download/2014alcocrash.csv,CSV
3130f583-9499-472b-bb5a-f63a6ff6059a,download,https://data.wprdc.org/dataset/3130f583-9499-472b-bb5a-f63a6ff6059a/resource/eb54323c-164b-4010-a78f-2dba4d382604/download/2013alcocrash.csv,CSV
3130f583-9499-472b-bb5a-f63a6ff6059a,download,https://data.wprdc.org/dataset/3130f583-9499-472b-bb5a-f63a6ff6059a/resource/bcd2e0a7-d059-4ec8-9d5d-3d293aadd4c4/download/2012alcocrash.csv,CSV
3130f583-9499-472b-bb5a-f63a6ff6059a,download,https://data.wprdc.org/dataset/3130f583-9499-472b-bb5a-f63a6ff6059a/resource/0950f9ac-fe2f-4441-a355-d60ee7653f8c/download/2011alcocrash.csv,CSV
3130f583-9499-472b-bb5a-f63a6ff6059a,download,https://data.wprdc.org/datastore/dump/93b3d18c-680f-4a1c-9896-72b446557505,CSV
3130f583-9499-472b-bb5a-f63a6ff6059a,download,https://data.wprdc.org/datastore/dump/4cccbf70-5709-4630-a0cd-cc4a3ed69be7,CSV
3130f583-9499-472b-bb5a-f63a6ff6059a,download,https://data.wprdc.org/dataset/3130f583-9499-472b-bb5a-f63a6ff6059a/resource/92608ca3-3a44-4fe8-af1a-967cfe8bc29d/download/2008alcocrash.csv,CSV
3130f583-9499-472b-bb5a-f63a6ff6059a,download,https://data.wprdc.org/datastore/dump/1c7ce0ad-40d3-47e4-b654-6a6bdbfeca2c,CSV
3130f583-9499-472b-bb5a-f63a6ff6059a,download,https://data.wprdc.org/datastore/dump/01860f81-dd89-465a-ab73-1edc21858303,CSV
3130f583-9499-472b-bb5a-f63a6ff6059a,download,https://data.wprdc.org/dataset/3130f583-9499-472b-bb5a-f63a6ff6059a/resource/e6a24c09-c381-430b-b8ff-3ec5611538f5/download/2005alcocrash.csv,CSV
3130f583-9499-472b-bb5a-f63a6ff6059a,download,https://data.wprdc.org/dataset/3130f583-9499-472b-bb5a-f63a6ff6059a/resource/17012686-77d8-477b-b034-5b4a4715ec53/download/2004alcocrash.csv,CSV
097b4123-6586-49df-af21-5b0f1a28372c,download,https://openac-alcogis.opendata.arcgis.com/maps/AlCoGIS::allegheny-county-farmers-markets-locations-2017,HTML
097b4123-6586-49df-af21-5b0f1a28372c,download,https://data.wprdc.org/datastore/dump/55e6b42d-6649-4ab7-9e2f-d4e4e894a601,CSV
097b4123-6586-49df-af21-5b0f1a28372c,download,https://data.wprdc.org/dataset/097b4123-6586-49df-af21-5b0f1a28372c/resource/dc5f4108-dd28-44bf-a26d-67f873fc0c12/download/farmers_markets.kml,KML
097b4123-6586-49df-af21-5b0f1a28372c,download,https://data.wprdc.org/dataset/097b4123-6586-49df-af21-5b0f1a28372c/resource/67f47aad-30f3-4741-80ed-27440ed0cc0b/download/farmers_markets.zip,ZIP
926d9afe-ea94-4211-9623-d9ad52fd0778,download,https://openac-alcogis.opendata.arcgis.com/maps/AlCoGIS::allegheny-county-building-footprint-locations,HTML
926d9afe-ea94-4211-9623-d9ad52fd0778,download,https://data.wprdc.org/datastore/dump/3f73160f-d957-4e1c-8953-4009dd592033,CSV
926d9afe-ea94-4211-9623-d9ad52fd0778,download,https://data.wprdc.org/dataset/926d9afe-ea94-4211-9623-d9ad52fd0778/resource/48092b59-1009-416b-9342-dc43da16d900/download/alcogisallegheny-county-building-footprint-locations.kml,KML
926d9afe-ea94-4211-9623-d9ad52fd0778,download,https://data.wprdc.org/dataset/926d9afe-ea94-4211-9623-d9ad52fd0778/resource/b2bfaae8-2ef7-4386-87c7-b5106e6120c5/download/alcogisallegheny-county-building-footprint-locations.zip,ZIP
a38c099f-d133-4e9f-9a06-6cd07a777936,download,https://gismaps.alleghenycounty.us/gisdataviewer/,HTML
61da498f-8a6e-4754-b8e8-67c25fd8ea05,download,https://openac-alcogis.opendata.arcgis.com/maps/AlCoGIS::allegheny-county-tif-exclusions,HTML
61da498f-8a6e-4754-b8e8-67c25fd8ea05,download,https://data.wprdc.org/datastore/dump/7dd40ddc-5c84-464d-9180-4031f53f8579,CSV
61da498f-8a6e-4754-b8e8-67c25fd8ea05,download,https://data.wprdc.org/dataset/61da498f-8a6e-4754-b8e8-67c25fd8ea05/resource/e61e752f-1c72-465d-a6a1-26be953efb4b/download/alcogisallegheny-county-tif-exclusions.kml,KML
61da498f-8a6e-4754-b8e8-67c25fd8ea05,download,https://data.wprdc.org/dataset/61da498f-8a6e-4754-b8e8-67c25fd8ea05/resource/7732edaf-ecd8-4a83-8474-7d296f2d2428/download/alcogisallegheny-county-tif-exclusions.zip,ZIP
31d1d279-7f81-466d-8aca-83a78719eaf8,download,https://openac-alcogis.opendata.arcgis.com/maps/AlCoGIS::allegheny-county-block-areas,HTML
31d1d279-7f81-466d-8aca-83a78719eaf8,download,https://data.wprdc.org/datastore/dump/0637da66-2681-44f5-b343-281db3df7ffc,CSV
31d1d279-7f81-466d-8aca-83a78719eaf8,download,https://data.wprdc.org/dataset/31d1d279-7f81-466d-8aca-83a78719eaf8/resource/14db2dea-83fd-40ce-bbc1-44aac8fdf2bf/download/alcogisallegheny-county-block-areas.kml,KML
31d1d279-7f81-466d-8aca-83a78719eaf8,download,https://data.wprdc.org/dataset/31d1d279-7f81-466d-8aca-83a78719eaf8/resource/7290c028-8c2e-40ff-97a2-546ffaa1292e/download/alcogisallegheny-county-block-areas.zip,ZIP
c725355a-d52b-415b-b02f-5cb5291a5298,download,https://openac-alcogis.opendata.arcgis.com/maps/AlCoGIS::allegheny-county-pennsylvania-house-of-representatives-district-boundaries,HTML
c725355a-d52b-415b-b02f-5cb5291a5298,download,https://data.wprdc.org/datastore/dump/d466ce8d-e222-4d42-bfcd-c84420f2b029,CSV
c725355a-d52b-415b-b02f-5cb5291a5298,download,https://data.wprdc.org/dataset/c725355a-d52b-415b-b02f-5cb5291a5298/resource/65d9e43f-5a6c-4811-9f4a-1d3aa2cea8c8/download/house.kml,KML
c725355a-d52b-415b-b02f-5cb5291a5298,download,https://data.wprdc.org/dataset/c725355a-d52b-415b-b02f-5cb5291a5298/resource/5d1235d4-f5db-423a-90c4-e4bff52f026e/download/house.zip,ZIP
c2c77da0-0056-405c-afe6-cb1a61bdec56,download,https://openac-alcogis.opendata.arcgis.com/maps/AlCoGIS::allegheny-county-pennsylvania-u-s-legislative-congressional-district-boundaries,HTML
c2c77da0-0056-405c-afe6-cb1a61bdec56,download,https://data.wprdc.org/datastore/dump/f3fd9267-e2c9-414d-8d6b-c80c49bc1aa9,CSV
c2c77da0-0056-405c-afe6-cb1a61bdec56,download,https://data.wprdc.org/dataset/c2c77da0-0056-405c-afe6-cb1a61bdec56/resource/661f7d58-d287-4b96-a1ed-a4ff3c67381c/download/alcogisallegheny-county-pennsylvania-u-s-legislative-congressional-district-boundaries.kml,KML
c2c77da0-0056-405c-afe6-cb1a61bdec56,download,https://data.wprdc.org/dataset/c2c77da0-0056-405c-afe6-cb1a61bdec56/resource/882aef35-ced5-4b7e-8b2e-9b34d19230c7/download/alcogisallegheny-county-pennsylvania-u-s-legislative-congressional-district-boundaries.zip,ZIP
10dd50cf-bf29-4268-83e2-debcacea7885,download,https://data.wprdc.org/datastore/dump/51f0c4f3-0ddd-4073-8f39-ad19d7528575,CSV
10dd50cf-bf29-4268-83e2-debcacea7885,download,https://data.wprdc.org/datastore/dump/b1752113-3546-4f7a-a1ad-fc9663de65ee,CSV
2536e5e2-253b-4c58-969d-687828bb94c6,download,https://data.wprdc.org/dataset/2536e5e2-253b-4c58-969d-687828bb94c6/resource/3fab7152-3f11-4788-8372-4c33f86ea813/download/parcel_centroids_2025_march.csv,CSV
2536e5e2-253b-4c58-969d-687828bb94c6,download,https://data.wprdc.org/dataset/2536e5e2-253b-4c58-969d-687828bb94c6/resource/adf1fd38-c374-4c4e-9094-5e53bd12419f/download/parcelcentroid2022_08wgs.csv,CSV
2536e5e2-253b-4c58-969d-687828bb94c6,download,https://data.wprdc.org/dataset/2536e5e2-253b-4c58-969d-687828bb94c6/resource/9cbe5c95-45f8-4094-bf7b-df5ed20ce7cf/download/centroiddec2019.csv,CSV
2536e5e2-253b-4c58-969d-687828bb94c6,download,https://data.wprdc.org/dataset/2536e5e2-253b-4c58-969d-687828bb94c6/resource/23267115-177e-4824-89d9-185c7866270d/download/parcelcentroidcoded201802.csv,CSV
2536e5e2-253b-4c58-969d-687828bb94c6,download,https://data.wprdc.org/dataset/2536e5e2-253b-4c58-969d-687828bb94c6/resource/4b68a6dd-b7ea-4385-b88e-e7d77ff0b294/download/parcelcentroidaug102016.csv,CSV
2536e5e2-253b-4c58-969d-687828bb94c6,download,https://data.wprdc.org/dataset/2536e5e2-253b-4c58-969d-687828bb94c6/resource/d68baaec-acef-4fa9-8870-4067dcf8d13c/download/parcelcentroiddatadictionaryaug102016.csv,CSV
2536e5e2-253b-4c58-969d-687828bb94c6,download,https://data.wprdc.org/dataset/2536e5e2-253b-4c58-969d-687828bb94c6/resource/c98b2e56-1843-4b5d-a070-9198b73d93ba/download/april2016centroidblock.zip,CSV
2536e5e2-253b-4c58-969d-687828bb94c6,download,https://data.wprdc.org/dataset/2536e5e2-253b-4c58-969d-687828bb94c6/resource/91abbccc-3b86-4cd7-a204-bbbd0363ac84/download/parcelcentroiddatadictionarysept2015.csv,CSV
2536e5e2-253b-4c58-969d-687828bb94c6,download,https://data.wprdc.org/dataset/2536e5e2-253b-4c58-969d-687828bb94c6/resource/5155dd66-df2c-4c1a-8d11-23b046ec1281/download/parcelcentroidsept2015geogcodes.json,JSON
2536e5e2-253b-4c58-969d-687828bb94c6,download,https://data.wprdc.org/dataset/2536e5e2-253b-4c58-969d-687828bb94c6/resource/c98b2e56-1843-4b5d-a070-9198b73d93ba/download/april2016centroidblock.zip,ZIP
2536e5e2-253b-4c58-969d-687828bb94c6,download,http://tools.wprdc.org/property-dashboard/,HTML
b0bfd969-d300-4117-8c85-fc9907a501dc,download,https://data.wprdc.org/datastore/dump/2fb96406-813e-4031-acfe-1a82e78dc33c,CSV
b0bfd969-d300-4117-8c85-fc9907a501dc,download,https://data.wprdc.org/dataset/b0bfd969-d300-4117-8c85-fc9907a501dc/resource/3459c4ed-a205-4bdf-937b-5771f45c3ec1/download/capital-projects-data-dictionary.csv,CSV
b066dddd-da11-4599-a64a-176d61bd3003,download,https://data.wprdc.org/dataset/b066dddd-da11-4599-a64a-176d61bd3003/resource/027d0b43-dc1b-4bba-9b07-63587a8c2b42/download/lots-to-love.csv,CSV
b066dddd-da11-4599-a64a-176d61bd3003,download,https://data.wprdc.org/dataset/b066dddd-da11-4599-a64a-176d61bd3003/resource/6122edeb-3bbc-4812-a1e2-00888929f106/download/lots-to-love-datadict.csv,CSV
fd29df0b-07c0-4e97-926e-d781dd1f8a8d,download,https://data.wprdc.org/dataset/fd29df0b-07c0-4e97-926e-d781dd1f8a8d/resource/a2d6468e-0229-4c6a-92c5-10814092e580/download/neighborhoodprofiles_data_june2024.csv,CSV
fd29df0b-07c0-4e97-926e-d781dd1f8a8d,download,https://data.wprdc.org/dataset/fd29df0b-07c0-4e97-926e-d781dd1f8a8d/resource/95abf133-32d9-4f73-b262-2b239d1eca2e/download/pittsburghneighborhood_tract_index_2022.xlsx,XLSX
fd29df0b-07c0-4e97-926e-d781dd1f8a8d,download,https://data.wprdc.org/dataset/fd29df0b-07c0-4e97-926e-d781dd1f8a8d/resource/9c2c00d8-e239-41b9-86ff-b956c93aa240/download/pittsburghneighborhood_tract_index_2012.xlsx,XLSX
fd29df0b-07c0-4e97-926e-d781dd1f8a8d,download,https://data.wprdc.org/dataset/fd29df0b-07c0-4e97-926e-d781dd1f8a8d/resource/345020ef-6941-44a8-9d48-58219283d537/download/pittsburghprofiles_june2024_datadictionary.xlsx,XLSX
ffb63b59-1412-4037-8209-4e6541d7e781,download,https://pghgishub-pittsburghpa.opendata.arcgis.com/maps/pittsburghpa::parking-reduction-zoning-overlay,HTML
ffb63b59-1412-4037-8209-4e6541d7e781,download,https://data.wprdc.org/datastore/dump/2033abcc-e34f-483a-8de3-1179ec5842ae,CSV
ffb63b59-1412-4037-8209-4e6541d7e781,download,https://data.wprdc.org/dataset/ffb63b59-1412-4037-8209-4e6541d7e781/resource/ecc820de-af85-4806-9b78-752c647e66bb/download/parking_reduction.kml,KML
ffb63b59-1412-4037-8209-4e6541d7e781,download,https://data.wprdc.org/dataset/ffb63b59-1412-4037-8209-4e6541d7e781/resource/456131d5-6660-420c-8c89-9aa621f20aa6/download/parking_reduction.zip,ZIP
407de508-f9dc-4e39-94ed-aeadceddcaea,download,https://data.wprdc.org/dataset/407de508-f9dc-4e39-94ed-aeadceddcaea/resource/90fb26be-e754-4f45-b695-d17f0645dd2b/download/2016junebicycle-pavement-markings-existing.csv,CSV
407de508-f9dc-4e39-94ed-aeadceddcaea,download,https://data.wprdc.org/dataset/407de508-f9dc-4e39-94ed-aeadceddcaea/resource/22ee5c1a-fb7a-44f2-a3d9-567aeb0d9f7d/download/2016junebicycle-pavement-markings-data-dictionary.csv,CSV
407de508-f9dc-4e39-94ed-aeadceddcaea,download,http://bikepgh.org/wp-content/uploads/2006/10/bikestotal2015_may.gif,GIF
407de508-f9dc-4e39-94ed-aeadceddcaea,download,https://data.wprdc.org/dataset/407de508-f9dc-4e39-94ed-aeadceddcaea/resource/4dc50373-7ea3-4f0f-b19e-fd52cd124519/download/pittsburgh-bike-infrastructure.kml,KML
407de508-f9dc-4e39-94ed-aeadceddcaea,download,https://www.google.com/maps/d/u/0/viewer?mid=1UrHsHsb1UR7PD1AQPSKKbA-JH7s&ll=40.44918538642252%2C-79.972797780647&z=11,HTML
ff93ac72-a9a0-4c2f-93ca-27edfd78c02a,download,https://data.wprdc.org/dataset/ff93ac72-a9a0-4c2f-93ca-27edfd78c02a/resource/1aff34b2-530f-4b27-a2fa-89ee3641ee2e/download/countyexecutive_surveymonkey_allinalleghenycommunitysurvey_v_2024-03-28.csv,CSV
ff93ac72-a9a0-4c2f-93ca-27edfd78c02a,download,https://tableau.alleghenycounty.us/t/PublicSite/views/AllinAlleghenyDashboard/MainMenu?iframeSizedToWindow=true&%3Aembed=y&%3AshowAppBanner=false&%3Adisplay_count=no&%3AshowVizHome=no&%3Aorigin=viz_share_link#1,HTML
ff93ac72-a9a0-4c2f-93ca-27edfd78c02a,download,https://www.alleghenycounty.us/Government/Departments-and-Offices/County-Executive/All-In-Allegheny-Action-Plan,HTML
c6265ffb-c86e-4a2c-870b-1aaa0772c449,download,https://data.wprdc.org/dataset/c6265ffb-c86e-4a2c-870b-1aaa0772c449/resource/f42bb93f-32e7-491b-92c1-98905a4df239/download/age-of-householder-by-household-income-in-the-past-12-months-in-2014-inflation-adjusted-dollars.csv,CSV
c6265ffb-c86e-4a2c-870b-1aaa0772c449,download,https://data.wprdc.org/dataset/c6265ffb-c86e-4a2c-870b-1aaa0772c449/resource/41d215a7-6baf-4de8-8593-d25c858d3546/download/aggregate-household-income-in-the-past-12-months-in-2014-inflation-adjusted-dollars.csv,CSV
c6265ffb-c86e-4a2c-870b-1aaa0772c449,download,https://data.wprdc.org/dataset/c6265ffb-c86e-4a2c-870b-1aaa0772c449/resource/fe1d1e75-975e-42c0-b32b-64260a9a4a9a/download/contract-rent.csv,CSV
c6265ffb-c86e-4a2c-870b-1aaa0772c449,download,https://data.wprdc.org/dataset/c6265ffb-c86e-4a2c-870b-1aaa0772c449/resource/755c09dc-be92-4787-84a6-080d84345979/download/educational-attainment-for-the-population-25-years-and-over.csv,CSV
c6265ffb-c86e-4a2c-870b-1aaa0772c449,download,https://data.wprdc.org/dataset/c6265ffb-c86e-4a2c-870b-1aaa0772c449/resource/d53bfc16-9518-4c5b-b102-847654dabe21/download/employment-status-for-the-population-16-years-and-over.csv,CSV
c6265ffb-c86e-4a2c-870b-1aaa0772c449,download,https://data.wprdc.org/dataset/c6265ffb-c86e-4a2c-870b-1aaa0772c449/resource/e12a03ec-68f4-46e4-af8d-44a910d81e9e/download/full-time-year-round-work-status-in-the-past-12-months-by-age-for-the-population-16-years-and-ov.csv,CSV
c6265ffb-c86e-4a2c-870b-1aaa0772c449,download,https://data.wprdc.org/dataset/c6265ffb-c86e-4a2c-870b-1aaa0772c449/resource/91da0b6f-dbbe-43b7-8550-80f9636e4d63/download/household-language-by-household-limited-english-speaking-status.csv,CSV
c6265ffb-c86e-4a2c-870b-1aaa0772c449,download,https://data.wprdc.org/dataset/c6265ffb-c86e-4a2c-870b-1aaa0772c449/resource/7996d143-c155-466e-8414-115f74997dd7/download/poverty-status-of-individuals-in-the-past-12-months-by-living-arrangement.csv,CSV
c6265ffb-c86e-4a2c-870b-1aaa0772c449,download,https://data.wprdc.org/dataset/c6265ffb-c86e-4a2c-870b-1aaa0772c449/resource/38a5632d-1355-492c-8735-51bf68bdff13/download/public-assistance-income-in-the-past-12-months-for-households.csv,CSV
c6265ffb-c86e-4a2c-870b-1aaa0772c449,download,https://data.wprdc.org/dataset/c6265ffb-c86e-4a2c-870b-1aaa0772c449/resource/466201c5-e8c4-4f1b-bdb0-66fe7ea651dd/download/race.csv,CSV
c6265ffb-c86e-4a2c-870b-1aaa0772c449,download,https://data.wprdc.org/dataset/c6265ffb-c86e-4a2c-870b-1aaa0772c449/resource/d07507ce-6cf8-4410-b14a-dd49e337ec5e/download/receipt-of-food-stampssnap-in-the-past-12-months-by-disability-status-for-households.csv,CSV
c6265ffb-c86e-4a2c-870b-1aaa0772c449,download,https://data.wprdc.org/dataset/c6265ffb-c86e-4a2c-870b-1aaa0772c449/resource/8f7f5dee-7e1f-4748-b8b9-e71fe49e8679/download/retirement-income-in-the-past-12-months-for-households.csv,CSV
c6265ffb-c86e-4a2c-870b-1aaa0772c449,download,https://data.wprdc.org/dataset/c6265ffb-c86e-4a2c-870b-1aaa0772c449/resource/b1b4630b-85de-47f9-ad01-91e8820807d0/download/self-employment-income-in-the-past-12-months-for-households.csv,CSV
c6265ffb-c86e-4a2c-870b-1aaa0772c449,download,https://data.wprdc.org/dataset/c6265ffb-c86e-4a2c-870b-1aaa0772c449/resource/82a19f1e-4cfb-43a9-9f01-1d93dfcdbe1e/download/sex-by-class-of-worker-for-the-civilian-employed-population-16-years-and-over.csv,CSV
c6265ffb-c86e-4a2c-870b-1aaa0772c449,download,https://data.wprdc.org/dataset/c6265ffb-c86e-4a2c-870b-1aaa0772c449/resource/02cf624b-2dee-4162-81f5-b730e60b10ec/download/sex-by-educational-attainment-for-the-population-25-years-and-over.csv,CSV
c6265ffb-c86e-4a2c-870b-1aaa0772c449,download,https://data.wprdc.org/dataset/c6265ffb-c86e-4a2c-870b-1aaa0772c449/resource/7f438bd0-71c7-4997-a5b8-f12894599215/download/social-security-income-in-the-past-12-months-for-households.csv,CSV
c6265ffb-c86e-4a2c-870b-1aaa0772c449,download,https://data.wprdc.org/dataset/c6265ffb-c86e-4a2c-870b-1aaa0772c449/resource/41109ee6-c983-4db7-8115-799601a83d50/download/supplemental-security-income-ssi-in-the-past-12-months-for-households.csv,CSV
c6265ffb-c86e-4a2c-870b-1aaa0772c449,download,https://data.wprdc.org/dataset/c6265ffb-c86e-4a2c-870b-1aaa0772c449/resource/e3e67160-7f2d-4729-835c-3e82462ae121/download/vacancy-status.csv,CSV
c6265ffb-c86e-4a2c-870b-1aaa0772c449,download,https://data.wprdc.org/dataset/c6265ffb-c86e-4a2c-870b-1aaa0772c449/resource/262d10d1-1e49-41f6-bb8a-0c4511a9085c/download/value.csv,CSV
c6265ffb-c86e-4a2c-870b-1aaa0772c449,download,https://data.wprdc.org/dataset/c6265ffb-c86e-4a2c-870b-1aaa0772c449/resource/14abb000-d066-4728-8ffa-227883d6c331/download/wage-or-salary-income-in-the-past-12-months-for-households.csv,CSV
5b18c198-474c-4723-b735-cc5220ad43cc,download,https://data.wprdc.org/dataset/5b18c198-474c-4723-b735-cc5220ad43cc/resource/34842307-0da6-458a-9df3-a09ab3e3a489/download/aggregate-household-income-in-the-past-12-months-in-2015-inflation-adjusted-dollars.csv,CSV
5b18c198-474c-4723-b735-cc5220ad43cc,download,https://data.wprdc.org/dataset/5b18c198-474c-4723-b735-cc5220ad43cc/resource/c9fd5859-ed34-4151-a13e-d7a25839f4d3/download/types-of-health-insurance-coverage-by-age.csv,CSV
5b18c198-474c-4723-b735-cc5220ad43cc,download,https://data.wprdc.org/dataset/5b18c198-474c-4723-b735-cc5220ad43cc/resource/dbf449e2-e8a1-41ce-941e-3b95041fd00c/download/contract-rent.csv,CSV
5b18c198-474c-4723-b735-cc5220ad43cc,download,https://data.wprdc.org/dataset/5b18c198-474c-4723-b735-cc5220ad43cc/resource/c93e8aca-7772-4775-bcd4-da10354cd1cc/download/mortgage-status.csv,CSV
5b18c198-474c-4723-b735-cc5220ad43cc,download,https://data.wprdc.org/dataset/5b18c198-474c-4723-b735-cc5220ad43cc/resource/13982f58-e618-400c-8f69-6a32dbd7c68f/download/value.csv,CSV
5b18c198-474c-4723-b735-cc5220ad43cc,download,https://data.wprdc.org/dataset/5b18c198-474c-4723-b735-cc5220ad43cc/resource/d159c6b3-f70a-439b-bd2b-0cb8735d76d4/download/wage-or-salary-income-in-the-past-12-months-for-households.csv,CSV
5b18c198-474c-4723-b735-cc5220ad43cc,download,https://data.wprdc.org/dataset/5b18c198-474c-4723-b735-cc5220ad43cc/resource/b05ce3bf-1e82-40c8-a8fd-e6160bc0d224/download/self-employment-income-in-the-past-12-months-for-households.csv,CSV
5b18c198-474c-4723-b735-cc5220ad43cc,download,https://data.wprdc.org/dataset/5b18c198-474c-4723-b735-cc5220ad43cc/resource/8abaf092-75e7-44f7-90ee-82895f07a4b5/download/public-assistance-income-in-the-past-12-months-for-households.csv,CSV
5b18c198-474c-4723-b735-cc5220ad43cc,download,https://data.wprdc.org/dataset/5b18c198-474c-4723-b735-cc5220ad43cc/resource/6170581e-033d-4791-8c92-5cfb63aef830/download/retirement-income-in-the-past-12-months-for-households.csv,CSV
5b18c198-474c-4723-b735-cc5220ad43cc,download,https://data.wprdc.org/dataset/5b18c198-474c-4723-b735-cc5220ad43cc/resource/fcef40df-757c-4487-b9e4-aa8724577d4b/download/social-security-income-in-the-past-12-months-for-households.csv,CSV
5b18c198-474c-4723-b735-cc5220ad43cc,download,https://data.wprdc.org/dataset/5b18c198-474c-4723-b735-cc5220ad43cc/resource/a071ae20-0510-4e3d-b388-c79ac5200c5a/download/social-security-income-in-the-past-12-months-for-households.csv,CSV
5b18c198-474c-4723-b735-cc5220ad43cc,download,https://data.wprdc.org/dataset/5b18c198-474c-4723-b735-cc5220ad43cc/resource/96c903c5-3f5d-491d-8df3-c8b77351a055/download/supplemental-security-income-ssi-in-the-past-12-months-for-households.csv,CSV
5b18c198-474c-4723-b735-cc5220ad43cc,download,https://data.wprdc.org/dataset/5b18c198-474c-4723-b735-cc5220ad43cc/resource/71ae8915-e138-482e-a421-4cb287423e3f/download/sex-by-industry-for-the-civilian-employed-population-16-years-and-over.csv,CSV
5b18c198-474c-4723-b735-cc5220ad43cc,download,https://data.wprdc.org/dataset/5b18c198-474c-4723-b735-cc5220ad43cc/resource/b119be7e-1c70-4bbe-bf34-2056fef533ec/download/household-income-in-the-past-12-months-in-2015-inflation-adjusted-dollars.csv,CSV
5b18c198-474c-4723-b735-cc5220ad43cc,download,https://data.wprdc.org/dataset/5b18c198-474c-4723-b735-cc5220ad43cc/resource/12535b2e-6180-4cdf-b7d8-ec5294259e49/download/educational-attainment-for-the-population-25-years-and-over.csv,CSV
5b18c198-474c-4723-b735-cc5220ad43cc,download,https://data.wprdc.org/dataset/5b18c198-474c-4723-b735-cc5220ad43cc/resource/ffdc8709-2428-4952-b345-e0936ba90d40/download/sex-by-school-enrollment-by-educational-attainment-by-employment-status-for-the-population-16-to.csv,CSV
5b18c198-474c-4723-b735-cc5220ad43cc,download,https://data.wprdc.org/dataset/5b18c198-474c-4723-b735-cc5220ad43cc/resource/033b72af-7990-45dd-a590-b0c57a657db3/download/race.csv,CSV
5b18c198-474c-4723-b735-cc5220ad43cc,download,https://data.wprdc.org/dataset/5b18c198-474c-4723-b735-cc5220ad43cc/resource/c6707c65-a904-43b9-a933-3600f79aaa3b/download/sex-by-age.csv,CSV
5b18c198-474c-4723-b735-cc5220ad43cc,download,https://data.wprdc.org/dataset/5b18c198-474c-4723-b735-cc5220ad43cc/resource/41402c24-3cf2-474b-afb5-a3742d500a05/download/housing-units.csv,CSV
5b18c198-474c-4723-b735-cc5220ad43cc,download,https://data.wprdc.org/dataset/5b18c198-474c-4723-b735-cc5220ad43cc/resource/82f29015-6905-4b1c-8300-afe9bb2231b3/download/total-population.csv,CSV
378e4a6c-550c-4e9c-bfb5-ca73c1c29cc7,download,https://data.wprdc.org/dataset/378e4a6c-550c-4e9c-bfb5-ca73c1c29cc7/resource/b5255e88-7f7c-409c-ba0c-6a669765cbf8/download/sex-by-occupation-for-the-civilian-employed-population-16-years-and-over-hispanic-or-latino.csv,CSV
378e4a6c-550c-4e9c-bfb5-ca73c1c29cc7,download,https://data.wprdc.org/dataset/378e4a6c-550c-4e9c-bfb5-ca73c1c29cc7/resource/4b40e50e-fc1b-4e3c-9f00-1f9974913512/download/sex-by-occupation-for-the-civilian-employed-population-16-years-and-over-two-or-more-races.csv,CSV
378e4a6c-550c-4e9c-bfb5-ca73c1c29cc7,download,https://data.wprdc.org/dataset/378e4a6c-550c-4e9c-bfb5-ca73c1c29cc7/resource/0a0f25ef-7e94-472b-9fe4-a61d3781244e/download/sex-by-occupation-for-the-civilian-employed-population-16-years-and-over-white-alone-not-hispani.csv,CSV
378e4a6c-550c-4e9c-bfb5-ca73c1c29cc7,download,https://data.wprdc.org/dataset/378e4a6c-550c-4e9c-bfb5-ca73c1c29cc7/resource/9d05159d-bbf7-4c3c-a24f-d7366ce6a815/download/sex-by-occupation-for-the-full-time-year-round-civilian-employed-population-16-years-and-over.csv,CSV
378e4a6c-550c-4e9c-bfb5-ca73c1c29cc7,download,https://data.wprdc.org/dataset/378e4a6c-550c-4e9c-bfb5-ca73c1c29cc7/resource/b627913d-6948-43a6-bb4d-8921ea3e1be0/download/sex-by-occupation-for-the-civilian-employed-population-16-years-and-over-american-indian-and-ala.csv,CSV
378e4a6c-550c-4e9c-bfb5-ca73c1c29cc7,download,https://data.wprdc.org/dataset/378e4a6c-550c-4e9c-bfb5-ca73c1c29cc7/resource/e2f64b87-b48e-49f4-9086-020254d41d09/download/sex-by-occupation-for-the-civilian-employed-population-16-years-and-over-asian-alone.csv,CSV
378e4a6c-550c-4e9c-bfb5-ca73c1c29cc7,download,https://data.wprdc.org/dataset/378e4a6c-550c-4e9c-bfb5-ca73c1c29cc7/resource/113943d6-540d-4dc0-b095-4d5329465cc3/download/sex-by-occupation-for-the-civilian-employed-population-16-years-and-over-black-or-african-americ.csv,CSV
378e4a6c-550c-4e9c-bfb5-ca73c1c29cc7,download,https://data.wprdc.org/dataset/378e4a6c-550c-4e9c-bfb5-ca73c1c29cc7/resource/8d0fe57b-79ce-4ce8-bf1b-c0e156a422ea/download/sex-by-occupation-for-the-civilian-employed-population-16-years-and-over-native-hawaiian-and-oth.csv,CSV
378e4a6c-550c-4e9c-bfb5-ca73c1c29cc7,download,https://data.wprdc.org/dataset/378e4a6c-550c-4e9c-bfb5-ca73c1c29cc7/resource/cc8a26d6-1fe3-4c8c-a1b5-9719b21634ae/download/sex-by-occupation-for-the-civilian-employed-population-16-years-and-over-some-other-race-alone.csv,CSV
378e4a6c-550c-4e9c-bfb5-ca73c1c29cc7,download,https://data.wprdc.org/dataset/378e4a6c-550c-4e9c-bfb5-ca73c1c29cc7/resource/5d1d30c7-c600-4dee-9e73-7f60cacdb863/download/sex-by-occupation-for-the-civilian-employed-population-16-years-and-over-white-alone.csv,CSV
378e4a6c-550c-4e9c-bfb5-ca73c1c29cc7,download,https://data.wprdc.org/dataset/378e4a6c-550c-4e9c-bfb5-ca73c1c29cc7/resource/0b520f07-3f9d-48ce-8e9e-039cddd28417/download/sex-by-occupation-for-the-civilian-employed-population-16-years-and-over.csv,CSV
378e4a6c-550c-4e9c-bfb5-ca73c1c29cc7,download,https://data.wprdc.org/dataset/378e4a6c-550c-4e9c-bfb5-ca73c1c29cc7/resource/1ea0cc66-e64d-4f85-a92c-234eacf5d59f/download/sex-by-occupation-for-the-full-time-year-round-civilian-employed-population-16-years-and-over.txt,TXT
fe326229-f773-42a4-a3e0-6f154d082964,download,https://pittsburghpa.maps.arcgis.com/apps/OnePane/basicviewer/index.html?appid=061230fc878b4112a708eae8e3cd67e7,HTML
874bb5ef-e001-4553-94db-57303b439fb0,download,https://data.wprdc.org/datastore/dump/fa329e3d-89ff-4708-8ddf-81bfedcad11d,CSV
874bb5ef-e001-4553-94db-57303b439fb0,download,https://data.wprdc.org/datastore/dump/a106dc47-9b72-4a03-898f-0146f8950e62,CSV
cfaffd5c-ab5a-42fd-83ae-2411e376ae0c,download,https://data.wprdc.org/dataset/cfaffd5c-ab5a-42fd-83ae-2411e376ae0c/resource/4ae88ba4-f535-44d7-9a96-08c6f38a34fc/download/opendata-pubworks-block-party-summary-2013-2014-block-party-dataset.csv,CSV
7b8896c5-867d-428d-a2e3-bdb732655846,download,https://data.wprdc.org/dataset/7b8896c5-867d-428d-a2e3-bdb732655846/resource/2fb77af2-f80b-415b-bab6-7358391ae2ff/download/municpal-building-energy-use-2009-2014.xlsx,XLSX
7b8896c5-867d-428d-a2e3-bdb732655846,download,https://data.wprdc.org/dataset/7b8896c5-867d-428d-a2e3-bdb732655846/resource/90e87a5c-0cdd-4534-ab84-0cc523b110f5/download/municpal-building-energy-use-2009-2014.csv,CSV
7b8896c5-867d-428d-a2e3-bdb732655846,download,https://data.wprdc.org/dataset/7b8896c5-867d-428d-a2e3-bdb732655846/resource/7fb578c4-e5eb-4ea4-96f2-a3c0dfd517f9/download/municipal-building-energy-use-column-descriptions.xlsx,XLSX
7b8896c5-867d-428d-a2e3-bdb732655846,download,https://data.wprdc.org/dataset/7b8896c5-867d-428d-a2e3-bdb732655846/resource/28a82cb6-8a8b-4317-8c08-54d9171c8623/download/municipal-building-energy-use-column-descriptions.csv,CSV
5d52127f-3606-4ed9-a019-1daf4381902a,download,https://data.wprdc.org/datastore/dump/14babf3f-4932-4828-8b49-3c9a03bae6d0,CSV
5d52127f-3606-4ed9-a019-1daf4381902a,download,https://data.wprdc.org/dataset/5d52127f-3606-4ed9-a019-1daf4381902a/resource/df4a9e2f-0919-4882-985a-5a2a40847110/download/libraries-data-dictionary-20160607.csv,CSV
13367213-102c-4ff8-9a41-12fda20c16db,download,https://data.wprdc.org/dataset/13367213-102c-4ff8-9a41-12fda20c16db/resource/9f4969d3-5e19-4dad-aee1-f424c0894d74/download/dhs_service_records_synthesized_final.csv,CSV
13367213-102c-4ff8-9a41-12fda20c16db,download,https://data.wprdc.org/dataset/13367213-102c-4ff8-9a41-12fda20c16db/resource/d5b12f18-ce4e-4565-b7ed-d5565e18bd43/download/dhs_service_records_synthesized_final.csv.zip,ZIP
13367213-102c-4ff8-9a41-12fda20c16db,download,https://www.urban.org/research/publication/understanding-synthetic-data,HTML
13367213-102c-4ff8-9a41-12fda20c16db,download,https://www.urban.org/research/publication/synthetic-data-user-guide-and-infographic,HTML
13367213-102c-4ff8-9a41-12fda20c16db,download,https://www.urban.org/research/publication/generating-fully-synthetic-human-services-dataset,HTML
dcda1c91-0234-452c-89a4-9e5402414ed7,download,https://data.wprdc.org/datastore/dump/f7ac360d-c771-453f-946c-d7b7dcbe06e9,CSV
dcda1c91-0234-452c-89a4-9e5402414ed7,download,https://data.wprdc.org/datastore/dump/61ab4ad4-fb84-4789-95c9-cbe116414287,CSV
dcda1c91-0234-452c-89a4-9e5402414ed7,download,https://data.wprdc.org/datastore/dump/c85fa2b1-9bea-4372-9b6c-4f55d6ea995d,CSV
dcda1c91-0234-452c-89a4-9e5402414ed7,download,https://data.wprdc.org/datastore/dump/ee7567a6-d6ca-4260-8548-6919308ddbf6,CSV
dcda1c91-0234-452c-89a4-9e5402414ed7,download,https://data.wprdc.org/datastore/dump/8736bb95-03bc-42c1-ae8b-b12b4ee08231,CSV
dcda1c91-0234-452c-89a4-9e5402414ed7,download,https://tableau.alleghenycounty.us/t/PublicSite/views/COVID-19VaccineBoosterinAlleghenyCounty/COVID-19VaccineSummaryinAlleghenyCounty?%3Adisplay_count=n&%3Aembed=y&%3AisGuestRedirectFromVizportal=y&%3Aorigin=viz_share_link&%3AshowAppBanner=false&%3As,HTML
dcda1c91-0234-452c-89a4-9e5402414ed7,download,https://data.wprdc.org/dataset/dcda1c91-0234-452c-89a4-9e5402414ed7/resource/4bd91199-7c40-43ea-ad37-baf57a6b1d61/download/covid_vax_individual.csv,CSV
dcda1c91-0234-452c-89a4-9e5402414ed7,download,https://data.wprdc.org/datastore/dump/96cf8cdc-2b8e-43cb-b20b-443f236bcc60,CSV
dcda1c91-0234-452c-89a4-9e5402414ed7,download,https://data.wprdc.org/datastore/dump/b1c946bb-1c25-4ae2-9ac0-93301a77978e,CSV
ebfb03b2-4cf0-4423-8041-a8ec923ceb7c,download,https://pghgishub-pittsburghpa.opendata.arcgis.com/datasets/a99f25fffb7b41c8a4adf9ea676a3a0b_0,HTML
ebfb03b2-4cf0-4423-8041-a8ec923ceb7c,download,https://pghgishub-pittsburghpa.opendata.arcgis.com/datasets/a99f25fffb7b41c8a4adf9ea676a3a0b_0.csv?outSR=%7B%22latestWkid%22%3A2272%2C%22wkid%22%3A102729%7D,CSV
ebfb03b2-4cf0-4423-8041-a8ec923ceb7c,download,https://pghgishub-pittsburghpa.opendata.arcgis.com/datasets/a99f25fffb7b41c8a4adf9ea676a3a0b_0.kml?outSR=%7B%22latestWkid%22%3A2272%2C%22wkid%22%3A102729%7D,KML
ebfb03b2-4cf0-4423-8041-a8ec923ceb7c,download,https://pghgishub-pittsburghpa.opendata.arcgis.com/datasets/a99f25fffb7b41c8a4adf9ea676a3a0b_0.zip?outSR=%7B%22latestWkid%22%3A2272%2C%22wkid%22%3A102729%7D,ZIP
cac22c7f-3f42-441a-9d4e-2db9bce2e2ff,download,https://pghgishub-pittsburghpa.opendata.arcgis.com/datasets/3ca13246362540fa8b4b567f84a1255b_0,HTML
cac22c7f-3f42-441a-9d4e-2db9bce2e2ff,download,https://pghgishub-pittsburghpa.opendata.arcgis.com/datasets/3ca13246362540fa8b4b567f84a1255b_0.csv?outSR=%7B%22latestWkid%22%3A6565%2C%22wkid%22%3A103142%7D,CSV
cac22c7f-3f42-441a-9d4e-2db9bce2e2ff,download,https://pghgishub-pittsburghpa.opendata.arcgis.com/datasets/3ca13246362540fa8b4b567f84a1255b_0.kml?outSR=%7B%22latestWkid%22%3A6565%2C%22wkid%22%3A103142%7D,KML
cac22c7f-3f42-441a-9d4e-2db9bce2e2ff,download,https://pghgishub-pittsburghpa.opendata.arcgis.com/datasets/3ca13246362540fa8b4b567f84a1255b_0.zip?outSR=%7B%22latestWkid%22%3A6565%2C%22wkid%22%3A103142%7D,ZIP
40188e1c-6d2e-4f20-9391-607bd3054949,download,http://www.pittsburghpa.gov/dcp/snap/raw_data,HTML
40188e1c-6d2e-4f20-9391-607bd3054949,download,https://data.wprdc.org/dataset/40188e1c-6d2e-4f20-9391-607bd3054949/resource/b7156251-6036-4b68-ad2a-95566c84343e/download/opendata-pghsnap-neighborhood-census-data.xlsx,XLSX
40188e1c-6d2e-4f20-9391-607bd3054949,download,https://data.wprdc.org/dataset/40188e1c-6d2e-4f20-9391-607bd3054949/resource/ea21607a-64be-4e12-bbf8-2c8e0ad2c83b/download/column-definitions.xls.xlsx,XLSX
40188e1c-6d2e-4f20-9391-607bd3054949,download,https://data.wprdc.org/dataset/40188e1c-6d2e-4f20-9391-607bd3054949/resource/94f8eda2-fa77-49a2-9190-3a6ed85fc561/download/housing.xls,XLS
40188e1c-6d2e-4f20-9391-607bd3054949,download,https://data.wprdc.org/dataset/40188e1c-6d2e-4f20-9391-607bd3054949/resource/3ffbb824-1368-45d4-9113-019992c475d7/download/employment.xls,XLS
40188e1c-6d2e-4f20-9391-607bd3054949,download,https://data.wprdc.org/dataset/40188e1c-6d2e-4f20-9391-607bd3054949/resource/86fab672-1c6b-48c3-a637-e5827c66ee5c/download/education-income.xls,XLS
40188e1c-6d2e-4f20-9391-607bd3054949,download,https://data.wprdc.org/dataset/40188e1c-6d2e-4f20-9391-607bd3054949/resource/7e033198-5f62-4cd9-b55a-c5540eff9e88/download/built-environment-conditions.xls,XLS
40188e1c-6d2e-4f20-9391-607bd3054949,download,https://data.wprdc.org/dataset/40188e1c-6d2e-4f20-9391-607bd3054949/resource/cf0617a1-b950-4aa7-a36d-dc9da412ddf7/download/transportation.xls,XLS
40188e1c-6d2e-4f20-9391-607bd3054949,download,https://data.wprdc.org/dataset/40188e1c-6d2e-4f20-9391-607bd3054949/resource/bd152875-a14d-421a-8656-cc896a7e9074/download/public-safety.xls,XLS
40188e1c-6d2e-4f20-9391-607bd3054949,download,https://data.wprdc.org/dataset/40188e1c-6d2e-4f20-9391-607bd3054949/resource/d5573eb6-a647-42b4-8b17-6e4787e48eeb/download/population-density.xls,XLS
40188e1c-6d2e-4f20-9391-607bd3054949,download,https://data.wprdc.org/dataset/40188e1c-6d2e-4f20-9391-607bd3054949/resource/9c46a88c-8fca-4839-9848-c2b819ecbf0f/download/natural-environment-conditions.xls,XLS
40188e1c-6d2e-4f20-9391-607bd3054949,download,https://data.wprdc.org/dataset/40188e1c-6d2e-4f20-9391-607bd3054949/resource/3738b143-57f8-4b66-a130-fc5357a0ff4e/download/land-use-zoning.xls,XLS
40188e1c-6d2e-4f20-9391-607bd3054949,download,https://data.wprdc.org/dataset/40188e1c-6d2e-4f20-9391-607bd3054949/resource/9890875b-c1d1-4e64-8fc9-a4a8dc433745/download/housing.csv,CSV
40188e1c-6d2e-4f20-9391-607bd3054949,download,https://data.wprdc.org/dataset/40188e1c-6d2e-4f20-9391-607bd3054949/resource/fd095080-d32c-4669-8b62-c80f4f32723a/download/employment.csv,CSV
40188e1c-6d2e-4f20-9391-607bd3054949,download,https://data.wprdc.org/dataset/40188e1c-6d2e-4f20-9391-607bd3054949/resource/f7b19c6c-aa66-419b-b0e1-9998d7ddfcbc/download/education-income.csv,CSV
40188e1c-6d2e-4f20-9391-607bd3054949,download,https://data.wprdc.org/dataset/40188e1c-6d2e-4f20-9391-607bd3054949/resource/61a264ec-a537-42de-91e3-5752d689103d/download/built-enviornment-conditions.csv,CSV
40188e1c-6d2e-4f20-9391-607bd3054949,download,https://data.wprdc.org/dataset/40188e1c-6d2e-4f20-9391-607bd3054949/resource/5d61b60b-bd25-4c33-8420-e31a9135ec6e/download/transportation.csv,CSV
40188e1c-6d2e-4f20-9391-607bd3054949,download,https://data.wprdc.org/dataset/40188e1c-6d2e-4f20-9391-607bd3054949/resource/204f63f4-296f-4f1d-bbdd-946b183fa5a0/download/public-safety.csv,CSV
40188e1c-6d2e-4f20-9391-607bd3054949,download,https://data.wprdc.org/dataset/40188e1c-6d2e-4f20-9391-607bd3054949/resource/8ac5c768-09ba-43a8-829f-ce4a417d20fb/download/population-density.csv,CSV
40188e1c-6d2e-4f20-9391-607bd3054949,download,https://data.wprdc.org/dataset/40188e1c-6d2e-4f20-9391-607bd3054949/resource/14501cb9-308d-49ce-8bbb-7933ad703fe1/download/natural-environment-conditions.csv,CSV
40188e1c-6d2e-4f20-9391-607bd3054949,download,https://data.wprdc.org/dataset/40188e1c-6d2e-4f20-9391-607bd3054949/resource/c2cd7415-b401-4857-8ca5-58ce2ec17c5d/download/land-use-zoning.csv,CSV
f45290dd-b5b8-41b7-86c3-b1840dcda290,download,http://gis.pittsburghpa.gov/map/,HTML
e0b3530a-b5d3-45a2-98a2-10691be491c8,download,http://gis.pittsburghpa.gov/steps/,HTML
72a71398-3033-4f39-832b-f7022f7ecc72,download,https://data.wprdc.org/dataset/72a71398-3033-4f39-832b-f7022f7ecc72/resource/c90dcfde-7492-498c-bf39-166d405f97be/download/budget-data-dictionary.xlsx,XLSX
72a71398-3033-4f39-832b-f7022f7ecc72,download,https://data.wprdc.org/dataset/72a71398-3033-4f39-832b-f7022f7ecc72/resource/4cdfe7b2-8f1a-4480-bc50-00361de0835a/download/2024-operating.csv,CSV
72a71398-3033-4f39-832b-f7022f7ecc72,download,https://data.wprdc.org/dataset/72a71398-3033-4f39-832b-f7022f7ecc72/resource/f43750ab-dcc4-4521-af34-2b71a416b5da/download/2023-operating.csv,CSV
72a71398-3033-4f39-832b-f7022f7ecc72,download,https://data.wprdc.org/dataset/72a71398-3033-4f39-832b-f7022f7ecc72/resource/551d4957-514a-4ac6-a354-9c868172eecc/download/2022-amended-operating.csv,CSV
72a71398-3033-4f39-832b-f7022f7ecc72,download,https://data.wprdc.org/dataset/72a71398-3033-4f39-832b-f7022f7ecc72/resource/76b0946a-b54c-4666-920d-c1d371815dcf/download/2022-operating.csv,CSV
72a71398-3033-4f39-832b-f7022f7ecc72,download,https://data.wprdc.org/dataset/72a71398-3033-4f39-832b-f7022f7ecc72/resource/51dac654-45cf-432c-bb3b-70597df846f4/download/2021-amended-operating.csv,CSV
72a71398-3033-4f39-832b-f7022f7ecc72,download,https://data.wprdc.org/dataset/72a71398-3033-4f39-832b-f7022f7ecc72/resource/898244a1-b3a0-48e5-bfd0-ffe96563f2e1/download/2021-operating.csv,CSV
72a71398-3033-4f39-832b-f7022f7ecc72,download,https://data.wprdc.org/dataset/72a71398-3033-4f39-832b-f7022f7ecc72/resource/381acb54-4047-403a-9e1b-c346e855c09f/download/2020-operating.csv,CSV
72a71398-3033-4f39-832b-f7022f7ecc72,download,https://data.wprdc.org/dataset/72a71398-3033-4f39-832b-f7022f7ecc72/resource/f6fcad04-74a2-42ad-8f49-5d8e9b75d7bd/download/2019-operating.csv,CSV
72a71398-3033-4f39-832b-f7022f7ecc72,download,https://data.wprdc.org/dataset/72a71398-3033-4f39-832b-f7022f7ecc72/resource/d9f4de54-ccc8-4ad1-8141-deb81610e218/download/2018-operating.csv,CSV
72a71398-3033-4f39-832b-f7022f7ecc72,download,https://data.wprdc.org/dataset/72a71398-3033-4f39-832b-f7022f7ecc72/resource/19b2e681-9e4b-43c6-b049-92d94199617a/download/2017-operating.csv,CSV
72a71398-3033-4f39-832b-f7022f7ecc72,download,https://data.wprdc.org/dataset/72a71398-3033-4f39-832b-f7022f7ecc72/resource/cee98434-255f-45b7-9ae8-6eb0231b414e/download/2016-operating.csv,CSV
72a71398-3033-4f39-832b-f7022f7ecc72,download,https://data.wprdc.org/dataset/72a71398-3033-4f39-832b-f7022f7ecc72/resource/7460da73-d681-4ba6-9ed6-22e008b6bfe6/download/2015-operating.csv,CSV
72a71398-3033-4f39-832b-f7022f7ecc72,download,https://data.wprdc.org/dataset/72a71398-3033-4f39-832b-f7022f7ecc72/resource/9a666bfc-775c-4470-aa1f-7e74411865fd/download/2014-operating.csv,CSV
72a71398-3033-4f39-832b-f7022f7ecc72,download,https://data.wprdc.org/dataset/72a71398-3033-4f39-832b-f7022f7ecc72/resource/34024988-98a7-41ac-8ae0-223a06edf7e4/download/2013-operating.csv,CSV
72a71398-3033-4f39-832b-f7022f7ecc72,download,https://data.wprdc.org/dataset/72a71398-3033-4f39-832b-f7022f7ecc72/resource/ed77403d-18bb-4974-bb00-56178d4cd9b7/download/2012-operating.csv,CSV
72a71398-3033-4f39-832b-f7022f7ecc72,download,http://pittsburghpa.gov/omb/budgets-reports/index.html,HTML
9bec1794-2606-4666-81f0-3d38e148f40f,download,https://data.wprdc.org/dataset/9bec1794-2606-4666-81f0-3d38e148f40f/resource/5fb1bd19-c805-4c73-ac9d-a87669c2bcfc/download/civics.csv,CSV
9bec1794-2606-4666-81f0-3d38e148f40f,download,https://data.wprdc.org/dataset/9bec1794-2606-4666-81f0-3d38e148f40f/resource/6e836e2f-6ead-4ad1-af1b-42a9b78823c2/download/employment_industry.csv,CSV
9bec1794-2606-4666-81f0-3d38e148f40f,download,https://data.wprdc.org/dataset/9bec1794-2606-4666-81f0-3d38e148f40f/resource/ac302424-76b7-4670-867d-2cb1b7a4820c/download/employment-by-occupation.csv,CSV
9bec1794-2606-4666-81f0-3d38e148f40f,download,https://data.wprdc.org/dataset/9bec1794-2606-4666-81f0-3d38e148f40f/resource/159cc289-3ff4-41ef-99ff-7069e0a99a7c/download/households.csv,CSV
9bec1794-2606-4666-81f0-3d38e148f40f,download,https://data.wprdc.org/dataset/9bec1794-2606-4666-81f0-3d38e148f40f/resource/753101ad-2e74-4b12-8d39-cc457fc4ab04/download/housing-units.csv,CSV
9bec1794-2606-4666-81f0-3d38e148f40f,download,https://data.wprdc.org/dataset/9bec1794-2606-4666-81f0-3d38e148f40f/resource/2c5b24d6-f807-411c-b342-1cc480f37751/download/income.csv,CSV
9bec1794-2606-4666-81f0-3d38e148f40f,download,https://data.wprdc.org/dataset/9bec1794-2606-4666-81f0-3d38e148f40f/resource/a9aab6aa-908b-4c75-88b5-ba2e95fc1f3a/download/labor-force.csv,CSV
9bec1794-2606-4666-81f0-3d38e148f40f,download,https://data.wprdc.org/dataset/9bec1794-2606-4666-81f0-3d38e148f40f/resource/8e2b239e-4a46-49f9-bd13-2566f3c64d28/download/population.csv,CSV
9c7da6cf-7492-4ffc-865d-10945a37232a,download,https://historicpittsburgh.org/islandora/search/catch_all_fields_mt%3A%28neighborhood%20of%20pittsburgh%201977%29,HTML
9c7da6cf-7492-4ffc-865d-10945a37232a,download,https://data.wprdc.org/dataset/9c7da6cf-7492-4ffc-865d-10945a37232a/resource/967cad5c-ea8f-4558-9dc9-8d3f7a3b046c/download/crime-rate.csv,CSV
9c7da6cf-7492-4ffc-865d-10945a37232a,download,https://data.wprdc.org/dataset/9c7da6cf-7492-4ffc-865d-10945a37232a/resource/5287ce0c-d475-4c3c-95fd-a2236ba98f88/download/neighborhood-problems.csv,CSV
9c7da6cf-7492-4ffc-865d-10945a37232a,download,https://data.wprdc.org/dataset/9c7da6cf-7492-4ffc-865d-10945a37232a/resource/88da41a0-9386-438d-8d27-7a8f7cea3069/download/neighborhood-satisfaction.csv,CSV
9c7da6cf-7492-4ffc-865d-10945a37232a,download,https://data.wprdc.org/dataset/9c7da6cf-7492-4ffc-865d-10945a37232a/resource/21cb63d4-9df6-41b0-97a6-53434d2e4c85/download/public-assistance.csv,CSV
9c7da6cf-7492-4ffc-865d-10945a37232a,download,https://data.wprdc.org/dataset/9c7da6cf-7492-4ffc-865d-10945a37232a/resource/1bae1561-c106-4682-98f3-8eb87d5a4db4/download/real-estate-and-mortgage-loan-statistics.csv,CSV
9bd7cbbf-a2ee-472b-8d76-a52382327c11,download,"https://www.arcgis.com/home/webmap/viewer.html?webmap=3e8c4bfac2a14932b95902a479839f18&extent=-80.0287,40.4262,-79.9596,40.4761",HTML
27230c28-622b-4be0-b7f7-7f5e27614d64,download,https://data.wprdc.org/dataset/27230c28-622b-4be0-b7f7-7f5e27614d64/resource/1ab77bb5-5684-430e-bdda-fb401167fb6a/download/health_airquality_emissionsinventory_2023-08-29.csv,CSV
27230c28-622b-4be0-b7f7-7f5e27614d64,download,https://achd-public.govonlinesaas.com/pub/pub-rcd/submittals,HTML
cd9ae013-5b93-43d6-8793-bccf10f12c72,download,https://data.wprdc.org/dataset/cd9ae013-5b93-43d6-8793-bccf10f12c72/resource/488c3ded-8956-4d4b-8659-45406aadb409/download/opendata-pubworks-operations-green-spaces-2015-column-names.xlsx,XLSX
cd9ae013-5b93-43d6-8793-bccf10f12c72,download,https://data.wprdc.org/dataset/cd9ae013-5b93-43d6-8793-bccf10f12c72/resource/5cf7163b-f76c-47ef-b48d-a16366ac1835/download/opendata-pubworks-operations-green-spaces-2015.xlsx,XLSX
cd9ae013-5b93-43d6-8793-bccf10f12c72,download,https://data.wprdc.org/dataset/cd9ae013-5b93-43d6-8793-bccf10f12c72/resource/b06fa202-ead7-491c-b8f6-2702dd35f8dd/download/opendata-pubworks-operations-green-spaces-2015.csv,CSV
4e5c8d90-0df7-478e-91e5-9758442845c5,download,https://data.wprdc.org/dataset/4e5c8d90-0df7-478e-91e5-9758442845c5/resource/3c472ff4-deec-4bfd-945c-ee83a2a46661/download/pit-scheduled-traffic-report-data-dictionary.csv,CSV
4e5c8d90-0df7-478e-91e5-9758442845c5,download,https://data.wprdc.org/dataset/4e5c8d90-0df7-478e-91e5-9758442845c5/resource/7cf14b88-7444-4df2-80d2-7cc5285f464c/download/pittsburgh-international-traffic-report-april-2019.csv,CSV
4e5c8d90-0df7-478e-91e5-9758442845c5,download,https://data.wprdc.org/dataset/4e5c8d90-0df7-478e-91e5-9758442845c5/resource/688d75d7-7745-4fb2-b4ac-32bef91bb0f2/download/pittsburgh-international-traffic-report-march-2019.csv,CSV
4e5c8d90-0df7-478e-91e5-9758442845c5,download,https://data.wprdc.org/dataset/4e5c8d90-0df7-478e-91e5-9758442845c5/resource/946e8959-850c-402c-9dd0-1ea5ccb3295c/download/pit-april-2018-scheduled-traffic-report-reformatted.csv,CSV
4e5c8d90-0df7-478e-91e5-9758442845c5,download,https://data.wprdc.org/dataset/4e5c8d90-0df7-478e-91e5-9758442845c5/resource/33a7cb3b-8526-495a-8854-86c170ee407d/download/pit-march-2018-scheduled-traffic-report-reformatted.csv,CSV
4e5c8d90-0df7-478e-91e5-9758442845c5,download,https://data.wprdc.org/dataset/4e5c8d90-0df7-478e-91e5-9758442845c5/resource/db94421e-91d7-4c92-94bc-fbc2499b216c/download/pit-february-2018-scheduled-traffic-report-reformatted.csv,CSV
4e5c8d90-0df7-478e-91e5-9758442845c5,download,https://data.wprdc.org/dataset/4e5c8d90-0df7-478e-91e5-9758442845c5/resource/4b292ff8-884e-4728-9688-2c1cac064d29/download/pit-january-2018-scheduled-traffic-report-reformatted.csv,CSV
4e5c8d90-0df7-478e-91e5-9758442845c5,download,https://data.wprdc.org/dataset/4e5c8d90-0df7-478e-91e5-9758442845c5/resource/c5c09d89-5661-460f-8f36-df091caa5596/download/pit-december-2017-scheduled-traffic-report-fixed.csv,CSV
a4e3055f-867a-47fd-a955-7d1fa3d7b836,download,http://www.openbookpittsburgh.com/SearchLobbyists.aspx,HTML
d08d87ec-ea98-4dcd-848b-7a35db07622e,download,http://www.openbookpittsburgh.com/SearchContributions.aspx,HTML
f470a3d5-f5cb-4209-93a6-c974f7d5a0a4,download,https://data.wprdc.org/datastore/dump/79ddcc74-33d2-4735-9b95-4169c7d0413d,CSV
f470a3d5-f5cb-4209-93a6-c974f7d5a0a4,download,https://data.wprdc.org/datastore/dump/382bfbd0-a20a-40ba-8d19-d0895d908a25,CSV
f470a3d5-f5cb-4209-93a6-c974f7d5a0a4,download,https://data.wprdc.org/dataset/f470a3d5-f5cb-4209-93a6-c974f7d5a0a4/resource/7d5b1666-c79e-4869-9ea5-03000366a1d5/download/signalized-intersections-signal-types.txt,TXT
23482953-50cc-4370-858c-eb0c034b8157,download,https://data.wprdc.org/datastore/dump/cc17ee69-b4c8-4b0c-8059-23af341c9214,CSV
23482953-50cc-4370-858c-eb0c034b8157,download,https://data.wprdc.org/dataset/23482953-50cc-4370-858c-eb0c034b8157/resource/02561bf9-e007-45d2-a78c-0fd4778228d2/download/row-data-dictionary.xlsx,XLSX
e831e241-925d-45af-b9c5-6827a0d85075,download,https://www.arcgis.com/home/webmap/viewer.html?webmap=8a294600593846a6b4e2320ead4775eb,HTML
24503f3a-6dcb-4d4d-9b12-effe970551f8,download,https://www.arcgis.com/home/webmap/viewer.html?webmap=6e42d486c86e41a28e6d17138210864c,HTML
8f606207-3e88-4d33-a8dc-d8f16b4d08d6,download,https://data.wprdc.org/dataset/8f606207-3e88-4d33-a8dc-d8f16b4d08d6/resource/e3e3339c-a370-4544-a0bd-396cf2709d8a/download/inclusiveinnovationupdate63018.xlsx,XLSX
8f606207-3e88-4d33-a8dc-d8f16b4d08d6,download,https://public.tableau.com/views/InclusiveInnovation/June2017?:embed=y&:display_count=yes&publish=yes,HTML
8f606207-3e88-4d33-a8dc-d8f16b4d08d6,download,https://data.wprdc.org/dataset/8f606207-3e88-4d33-a8dc-d8f16b4d08d6/resource/002593af-04ec-4a44-9b5b-8ce8c3aba45e/download/inclusiveinnovationupdate63018.csv,CSV
8f606207-3e88-4d33-a8dc-d8f16b4d08d6,download,https://data.wprdc.org/dataset/8f606207-3e88-4d33-a8dc-d8f16b4d08d6/resource/787d1ccc-a16e-4044-ba12-7c51f5706dcb/download/roadmap-for-inclusive-innovation-data-user-guide.docx,DOCX
6ff17545-2e53-4e51-a9e4-0c4681ad3e4b,download,https://data.wprdc.org/dataset/6ff17545-2e53-4e51-a9e4-0c4681ad3e4b/resource/17c21e89-ad01-47f5-a8b2-29bdd493666b/download/r3_ed_opendata.csv,CSV
6ff17545-2e53-4e51-a9e4-0c4681ad3e4b,download,https://data.wprdc.org/dataset/6ff17545-2e53-4e51-a9e4-0c4681ad3e4b/resource/b73661f6-6a09-4676-9759-a633e762b812/download/r3_primarycare_opendata.csv,CSV
06f21712-5661-43ee-a838-9f701479706b,download,https://data.wprdc.org/dataset/06f21712-5661-43ee-a838-9f701479706b/resource/9424b2ad-f38a-4c89-8493-3be8a537806e/download/natality_county_all.csv,CSV
06f21712-5661-43ee-a838-9f701479706b,download,https://data.wprdc.org/dataset/06f21712-5661-43ee-a838-9f701479706b/resource/3c8f7692-7ebb-4276-b045-9938b3932ab1/download/natality_by_tract.csv,CSV
33891263-235f-4c6c-af8a-c79b0114a9f9,download,https://ucsur.pitt.edu/state_of_aging_2014.php,HTML
33891263-235f-4c6c-af8a-c79b0114a9f9,download,https://data.wprdc.org/dataset/33891263-235f-4c6c-af8a-c79b0114a9f9/resource/c29c46fe-5bf7-431a-9c1c-a9e2e4e81eff/download/ucsur-soa-data-for-distribution-2015-oct-14.csv,CSV
33891263-235f-4c6c-af8a-c79b0114a9f9,download,https://data.wprdc.org/dataset/33891263-235f-4c6c-af8a-c79b0114a9f9/resource/d9c54000-dfd8-4d90-b490-b6a9bd423285/download/datadictionary.csv,CSV
33891263-235f-4c6c-af8a-c79b0114a9f9,download,https://data.wprdc.org/dataset/33891263-235f-4c6c-af8a-c79b0114a9f9/resource/9f83585c-6b85-4a49-a559-343141badd17/download/codebook.xlsx,XLSX
33891263-235f-4c6c-af8a-c79b0114a9f9,download,https://data.wprdc.org/dataset/33891263-235f-4c6c-af8a-c79b0114a9f9/resource/24fb8cfc-0eb3-4d90-88cc-a917ea396097/download/ucsur-soa-data.zip,ZIP
ee735209-4de7-4ea4-b446-bf0f0f6d9cb3,download,https://wiki.tessercat.net/wiki/DASH_Data_Guide#Median_Age_at_Death,HTML
ee735209-4de7-4ea4-b446-bf0f0f6d9cb3,download,https://data.wprdc.org/dataset/ee735209-4de7-4ea4-b446-bf0f0f6d9cb3/resource/c2e1500a-a12a-4e91-be94-76c6a892b7e2/download/nhoodmedianage20112015.csv,CSV
ee735209-4de7-4ea4-b446-bf0f0f6d9cb3,download,https://data.wprdc.org/dataset/ee735209-4de7-4ea4-b446-bf0f0f6d9cb3/resource/e8df24e8-4961-402d-94d9-aa4ddd00f2a6/download/munimedianage20112015.csv,CSV
ee735209-4de7-4ea4-b446-bf0f0f6d9cb3,download,https://data.wprdc.org/dataset/ee735209-4de7-4ea4-b446-bf0f0f6d9cb3/resource/6d5279b6-c848-4996-b10c-9f4635d31c55/download/munimediandeathage201115.zip,ZIP
87f6e1d4-1d5b-4b1e-922c-cff0d37e93ac,download,https://data.wprdc.org/dataset/87f6e1d4-1d5b-4b1e-922c-cff0d37e93ac/resource/df5a8f8a-fcd7-4dda-85f7-37580dbfdee4/download/ciaa-exemptions-uncoordinated.csv,CSV
87f6e1d4-1d5b-4b1e-922c-cff0d37e93ac,download,https://data.wprdc.org/dataset/87f6e1d4-1d5b-4b1e-922c-cff0d37e93ac/resource/2d883b69-7a7e-4842-aebf-801670b5005d/download/ciaaexemptions.zip,ZIP
87f6e1d4-1d5b-4b1e-922c-cff0d37e93ac,download,https://wiki.tessercat.net/wiki/DASH_Data_Guide#Clean_indoor_Act_Exemptions,HTML
37e7a776-c98b-4e08-ad61-a8c8e23ec9ab,download,https://data.wprdc.org/datastore/dump/47350364-44a8-4d15-b6e0-5f79ddff9367,CSV
37e7a776-c98b-4e08-ad61-a8c8e23ec9ab,download,https://data.wprdc.org/datastore/dump/7062bdc3-40e9-4c48-a8c7-87b3e0590918,CSV
8da92664-22a4-42b8-adae-1950048d70aa,download,https://data.wprdc.org/datastore/dump/a5b71bfa-840c-4c86-8f43-07a9ae854227,CSV
8da92664-22a4-42b8-adae-1950048d70aa,download,https://data.wprdc.org/datastore/dump/17057b86-8793-4ce9-be6f-5df93509d6eb,CSV
d56b2e08-3dc6-41b7-952a-0b520d00b59e,download,https://pghgishub-pittsburghpa.opendata.arcgis.com/datasets/dee0022dd4674ba5a2714f9effe0f425_0,HTML
d56b2e08-3dc6-41b7-952a-0b520d00b59e,download,https://pghgishub-pittsburghpa.opendata.arcgis.com/datasets/dee0022dd4674ba5a2714f9effe0f425_0.csv?outSR=%7B%22latestWkid%22%3A2272%2C%22wkid%22%3A102729%7D,CSV
d56b2e08-3dc6-41b7-952a-0b520d00b59e,download,https://pghgishub-pittsburghpa.opendata.arcgis.com/datasets/dee0022dd4674ba5a2714f9effe0f425_0.kml?outSR=%7B%22latestWkid%22%3A2272%2C%22wkid%22%3A102729%7D,KML
d56b2e08-3dc6-41b7-952a-0b520d00b59e,download,https://pghgishub-pittsburghpa.opendata.arcgis.com/datasets/dee0022dd4674ba5a2714f9effe0f425_0.zip?outSR=%7B%22latestWkid%22%3A2272%2C%22wkid%22%3A102729%7D,ZIP
d0611e28-edb1-4b3e-9147-60002942d27d,download,https://pghgishub-pittsburghpa.opendata.arcgis.com/maps/pittsburghpa::planning-sectors,HTML
d0611e28-edb1-4b3e-9147-60002942d27d,download,https://data.wprdc.org/datastore/dump/80959707-58b6-42f3-8659-7c2fcc4bfc7c,CSV
d0611e28-edb1-4b3e-9147-60002942d27d,download,https://data.wprdc.org/dataset/d0611e28-edb1-4b3e-9147-60002942d27d/resource/6f973076-3ee4-42d5-b3cd-19cf2762837d/download/pittsburghpaplanning-sectors.kml,KML
d0611e28-edb1-4b3e-9147-60002942d27d,download,https://data.wprdc.org/dataset/d0611e28-edb1-4b3e-9147-60002942d27d/resource/34395e70-970f-4d0d-9101-b649a8581623/download/pittsburghpaplanning-sectors.zip,ZIP
06c15511-37dd-44eb-9148-73c135457b07,download,https://pghgishub-pittsburghpa.opendata.arcgis.com/maps/pittsburghpa::uptown-ipod-zoning,HTML
06c15511-37dd-44eb-9148-73c135457b07,download,https://data.wprdc.org/datastore/dump/61e545bf-b3b0-4768-b30c-3ad91b787a67,CSV
06c15511-37dd-44eb-9148-73c135457b07,download,https://data.wprdc.org/dataset/06c15511-37dd-44eb-9148-73c135457b07/resource/ab5da24f-84e8-40ac-9c49-9aec5471a86c/download/pittsburghpauptown-ipod-zoning.kml,KML
06c15511-37dd-44eb-9148-73c135457b07,download,https://data.wprdc.org/dataset/06c15511-37dd-44eb-9148-73c135457b07/resource/a5bf90ef-4f56-4fe7-b5a1-fedd4b14800b/download/pittsburghpauptown-ipod-zoning.zip,ZIP
55369cb9-9335-4bdf-8bb1-07a56815aa5d,download,https://pghgishub-pittsburghpa.opendata.arcgis.com/datasets/ff8d31038dbf4e7b80ce3c86c87d2065_0,HTML
55369cb9-9335-4bdf-8bb1-07a56815aa5d,download,https://pghgishub-pittsburghpa.opendata.arcgis.com/datasets/ff8d31038dbf4e7b80ce3c86c87d2065_0.csv?outSR=%7B%22latestWkid%22%3A2272%2C%22wkid%22%3A102729%7D,CSV
55369cb9-9335-4bdf-8bb1-07a56815aa5d,download,https://pghgishub-pittsburghpa.opendata.arcgis.com/datasets/ff8d31038dbf4e7b80ce3c86c87d2065_0.kml?outSR=%7B%22latestWkid%22%3A2272%2C%22wkid%22%3A102729%7D,KML
55369cb9-9335-4bdf-8bb1-07a56815aa5d,download,https://pghgishub-pittsburghpa.opendata.arcgis.com/datasets/ff8d31038dbf4e7b80ce3c86c87d2065_0.zip?outSR=%7B%22latestWkid%22%3A2272%2C%22wkid%22%3A102729%7D,ZIP
f7067c4e-0c1e-420c-8c31-f62769fcd29a,download,https://data.wprdc.org/datastore/dump/5cc254fe-2cbd-4912-9f44-2f95f0beea9a,CSV
f7067c4e-0c1e-420c-8c31-f62769fcd29a,download,https://data.wprdc.org/datastore/dump/0391b3bd-139f-48b1-ac77-18f584683284,CSV
5d83ce95-eaee-46ca-ab95-1e0c69fb9035,download,https://data.wprdc.org/datastore/dump/00d74e83-8a23-486e-841b-286e1332a151,CSV
69d24a7a-421f-4e0b-8ee9-a91e46b116a8,download,https://data.wprdc.org/dataset/69d24a7a-421f-4e0b-8ee9-a91e46b116a8/resource/bb9a7972-981c-4026-8483-df8bdd1801c2/download/tracts.csv,CSV
69d24a7a-421f-4e0b-8ee9-a91e46b116a8,download,https://data.wprdc.org/dataset/69d24a7a-421f-4e0b-8ee9-a91e46b116a8/resource/8a5fc9dc-5eb9-4fe3-b60a-0366ad9b813b/download/counties.csv,CSV
69d24a7a-421f-4e0b-8ee9-a91e46b116a8,download,https://data.wprdc.org/dataset/69d24a7a-421f-4e0b-8ee9-a91e46b116a8/resource/b5f5480c-548d-46d8-b623-40a226d87517/download/blockgroup.csv,CSV
69d24a7a-421f-4e0b-8ee9-a91e46b116a8,download,https://data.wprdc.org/dataset/69d24a7a-421f-4e0b-8ee9-a91e46b116a8/resource/35c72b10-147e-4bf3-8678-ae6e83ad1de2/download/county_subdivision.csv,CSV
69d24a7a-421f-4e0b-8ee9-a91e46b116a8,download,https://data.wprdc.org/dataset/69d24a7a-421f-4e0b-8ee9-a91e46b116a8/resource/35e9b048-c9fb-4412-a9d8-a751f975eb2a/download/school_district.csv,CSV
69d24a7a-421f-4e0b-8ee9-a91e46b116a8,download,https://data.wprdc.org/dataset/69d24a7a-421f-4e0b-8ee9-a91e46b116a8/resource/00462e7b-d852-45e7-98f5-3525b000858a/download/puma.csv,CSV
69d24a7a-421f-4e0b-8ee9-a91e46b116a8,download,https://data.wprdc.org/dataset/69d24a7a-421f-4e0b-8ee9-a91e46b116a8/resource/a7e58a4a-a90e-4307-9802-906cfe3c6522/download/place.csv,CSV
69d24a7a-421f-4e0b-8ee9-a91e46b116a8,download,https://data.wprdc.org/dataset/69d24a7a-421f-4e0b-8ee9-a91e46b116a8/resource/e7f3f215-b955-47d3-91c6-ed8fc62c7f61/download/covid-19_vaccinations_by_zip_code_by_race_current_health.csv,CSV
bce15079-618a-4bf3-badf-8aa372c3aea2,download,https://data.wprdc.org/dataset/bce15079-618a-4bf3-badf-8aa372c3aea2/resource/8ce92a4b-fa62-45c3-8cee-cc58fefede75/download/arrests-for-major-crimes-1972.csv,CSV
bce15079-618a-4bf3-badf-8aa372c3aea2,download,https://data.wprdc.org/dataset/bce15079-618a-4bf3-badf-8aa372c3aea2/resource/cba7c9e6-a1b8-4d9f-804f-0e32484a1e61/download/community-facilities-1972.csv,CSV
bce15079-618a-4bf3-badf-8aa372c3aea2,download,https://data.wprdc.org/dataset/bce15079-618a-4bf3-badf-8aa372c3aea2/resource/fa050f6f-66d9-40db-a415-abad22c51125/download/persons-receiving-public-assistance-1972.csv,CSV
bce15079-618a-4bf3-badf-8aa372c3aea2,download,https://data.wprdc.org/dataset/bce15079-618a-4bf3-badf-8aa372c3aea2/resource/fab1fade-dec7-40eb-b4bf-737c0b3cecb2/download/building-permits-issued-in-1972.csv,CSV
bce15079-618a-4bf3-badf-8aa372c3aea2,download,http://historicpittsburgh.org/collection/historic-pittsburgh-book-collection?islandora_solr_search_navigation=0&f%5b0%5d=dc.title%3A%22community%20profile%20of%20*%22,HTML
c1f2fc55-c2f3-4c0b-bb8d-7aba51bd1aee,download,https://pghgishub-pittsburghpa.opendata.arcgis.com/datasets/7731ba50a4ad4682baf257b209dfaa4b_0,HTML
c1f2fc55-c2f3-4c0b-bb8d-7aba51bd1aee,download,https://pghgishub-pittsburghpa.opendata.arcgis.com/datasets/7731ba50a4ad4682baf257b209dfaa4b_0.csv?outSR=%7B%22latestWkid%22%3A2272%2C%22wkid%22%3A102729%7D,CSV
c1f2fc55-c2f3-4c0b-bb8d-7aba51bd1aee,download,https://pghgishub-pittsburghpa.opendata.arcgis.com/datasets/7731ba50a4ad4682baf257b209dfaa4b_0.kml?outSR=%7B%22latestWkid%22%3A2272%2C%22wkid%22%3A102729%7D,KML
c1f2fc55-c2f3-4c0b-bb8d-7aba51bd1aee,download,https://pghgishub-pittsburghpa.opendata.arcgis.com/datasets/7731ba50a4ad4682baf257b209dfaa4b_0.zip?outSR=%7B%22latestWkid%22%3A2272%2C%22wkid%22%3A102729%7D,ZIP
0b584c84-7e35-4f4d-a5a2-b01697470c0f,download,https://data.wprdc.org/dataset/0b584c84-7e35-4f4d-a5a2-b01697470c0f/resource/f2439bd4-848f-46f7-bd19-a21853751dd3/download/avsurvey2019data.csv,CSV
0b584c84-7e35-4f4d-a5a2-b01697470c0f,download,https://data.wprdc.org/dataset/0b584c84-7e35-4f4d-a5a2-b01697470c0f/resource/b352885f-1e71-48d1-81a4-46c893d95e5c/download/avsurvey2019datadictionary.csv,CSV
0b584c84-7e35-4f4d-a5a2-b01697470c0f,download,https://www.bikepgh.org/our-work/advocacy/save/av-survey-results-2019/,HTML
0b584c84-7e35-4f4d-a5a2-b01697470c0f,download,https://data.wprdc.org/dataset/0b584c84-7e35-4f4d-a5a2-b01697470c0f/resource/6d29ac78-12b8-4e1d-b325-6edeef59b593/download/bikepghmembers.csv,CSV
0b584c84-7e35-4f4d-a5a2-b01697470c0f,download,https://data.wprdc.org/dataset/0b584c84-7e35-4f4d-a5a2-b01697470c0f/resource/e95dd941-8e47-4460-9bd8-1e51c194370b/download/bikepghpublic.csv,CSV
0b584c84-7e35-4f4d-a5a2-b01697470c0f,download,https://data.wprdc.org/dataset/0b584c84-7e35-4f4d-a5a2-b01697470c0f/resource/960fb9fb-371b-421a-b3e3-78dec5b3e6bd/download/bikepghdatadictionary.csv,CSV
0b584c84-7e35-4f4d-a5a2-b01697470c0f,download,https://www.bikepgh.org/resources/save/survey/,HTML
c35e3717-ea01-42d2-ad52-2814dbd74cac,download,https://data.wprdc.org/datastore/dump/d078a6b5-83a3-4723-a3a9-5371cfe1cc0c,CSV
c35e3717-ea01-42d2-ad52-2814dbd74cac,download,https://data.wprdc.org/datastore/dump/5140a3bd-a37c-4414-a685-73fbd999095f,CSV
e3fd051b-1096-403e-99c1-b98bd5d3ad2b,download,https://data.wprdc.org/dataset/e3fd051b-1096-403e-99c1-b98bd5d3ad2b/resource/906c21de-ebe4-4a56-9d4f-b75a4f814a83/download/baldwinboroughsigns.zip,ZIP
1876f595-d8a2-4eb2-a64c-ebedf2afa4df,download,https://data.wprdc.org/datastore/dump/adffb94b-6175-4612-8628-44e7c9baa620,CSV
1876f595-d8a2-4eb2-a64c-ebedf2afa4df,download,https://data.wprdc.org/datastore/dump/21b22189-2aa4-419f-a9e9-c518bbe25fe0,CSV
1876f595-d8a2-4eb2-a64c-ebedf2afa4df,download,https://data.wprdc.org/datastore/dump/065cc94f-3ab9-4393-bf80-930afe79f5d0,CSV
1876f595-d8a2-4eb2-a64c-ebedf2afa4df,download,https://data.wprdc.org/datastore/dump/44e79575-c4a4-4317-91f3-ff1db96f378b,CSV
1876f595-d8a2-4eb2-a64c-ebedf2afa4df,download,https://data.wprdc.org/datastore/dump/4af05575-052d-40ff-9311-d578319e810a,CSV
1876f595-d8a2-4eb2-a64c-ebedf2afa4df,download,https://data.wprdc.org/datastore/dump/b4899889-fbf4-43a5-a5ba-ae178fa07347,CSV
1876f595-d8a2-4eb2-a64c-ebedf2afa4df,download,https://data.wprdc.org/datastore/dump/582cbe96-f1c9-4b39-95b0-6f9b2bc18d0b,CSV
1876f595-d8a2-4eb2-a64c-ebedf2afa4df,download,https://data.wprdc.org/datastore/dump/c65379d1-1ebc-4258-91cc-13f124ad29f6,CSV
0d8c9708-3f01-48c4-adff-04d29825c9a2,download,https://data.wprdc.org/dataset/0d8c9708-3f01-48c4-adff-04d29825c9a2/resource/dbdfcb3e-8fa5-4468-9b05-f69562798f7a/download/grow-pgh-food-gardens.csv,CSV
0d8c9708-3f01-48c4-adff-04d29825c9a2,download,https://data.wprdc.org/dataset/0d8c9708-3f01-48c4-adff-04d29825c9a2/resource/5bd5ec8e-a35b-428a-9a4f-79a8c24c122d/download/growpghgardensdatadictionary.csv,CSV
6ee6d30f-c27a-41b6-9f94-0c071ce266e4,download,https://data.wprdc.org/dataset/6ee6d30f-c27a-41b6-9f94-0c071ce266e4/resource/1d630832-b5d6-4cf2-b3f4-e9fffe6f1000/download/anxiety_all_2016.csv,CSV
6ee6d30f-c27a-41b6-9f94-0c071ce266e4,download,https://data.wprdc.org/dataset/6ee6d30f-c27a-41b6-9f94-0c071ce266e4/resource/d0676374-52ca-452c-9612-87b278997cfc/download/2.anxiety2015.csv,CSV
6ee6d30f-c27a-41b6-9f94-0c071ce266e4,download,https://data.wprdc.org/dataset/6ee6d30f-c27a-41b6-9f94-0c071ce266e4/resource/07dd9352-965d-4e77-995c-298420c158b3/download/ndc-codes.xlsx,XLSX
6ee6d30f-c27a-41b6-9f94-0c071ce266e4,download,https://wiki.tessercat.net/wiki/DASH_Data_Guide#Anxiety_and_Depression_Medication,HTML
7119f9bd-b7a3-4f41-a607-27880b0981d8,download,https://pghgishub-pittsburghpa.opendata.arcgis.com/datasets/15fc694b1d2343b28da8993bbae9095a_0,HTML
7119f9bd-b7a3-4f41-a607-27880b0981d8,download,https://pghgishub-pittsburghpa.opendata.arcgis.com/datasets/15fc694b1d2343b28da8993bbae9095a_0.csv?outSR=%7B%22latestWkid%22%3A2272%2C%22wkid%22%3A102729%7D,CSV
7119f9bd-b7a3-4f41-a607-27880b0981d8,download,https://pghgishub-pittsburghpa.opendata.arcgis.com/datasets/15fc694b1d2343b28da8993bbae9095a_0.kml?outSR=%7B%22latestWkid%22%3A2272%2C%22wkid%22%3A102729%7D,KML
7119f9bd-b7a3-4f41-a607-27880b0981d8,download,https://pghgishub-pittsburghpa.opendata.arcgis.com/datasets/15fc694b1d2343b28da8993bbae9095a_0.zip?outSR=%7B%22latestWkid%22%3A2272%2C%22wkid%22%3A102729%7D,ZIP
a6a84421-6484-4698-b55e-4ae57aaaae2f,download,https://pghgishub-pittsburghpa.opendata.arcgis.com/datasets/60b25e95c256460592304758b59de19c_0,HTML
a6a84421-6484-4698-b55e-4ae57aaaae2f,download,https://pghgishub-pittsburghpa.opendata.arcgis.com/datasets/60b25e95c256460592304758b59de19c_0.csv?outSR=%7B%22latestWkid%22%3A3857%2C%22wkid%22%3A102100%7D,CSV
a6a84421-6484-4698-b55e-4ae57aaaae2f,download,https://pghgishub-pittsburghpa.opendata.arcgis.com/datasets/60b25e95c256460592304758b59de19c_0.kml?outSR=%7B%22latestWkid%22%3A3857%2C%22wkid%22%3A102100%7D,KML
a6a84421-6484-4698-b55e-4ae57aaaae2f,download,https://pghgishub-pittsburghpa.opendata.arcgis.com/datasets/60b25e95c256460592304758b59de19c_0.zip?outSR=%7B%22latestWkid%22%3A3857%2C%22wkid%22%3A102100%7D,ZIP
d6e6c012-45f0-4e13-ab3b-9458fd56ad96,download,https://data.wprdc.org/datastore/dump/23f675e5-f745-49c1-8fa0-c5bc35c25184,CSV
d6e6c012-45f0-4e13-ab3b-9458fd56ad96,download,https://data.wprdc.org/datastore/dump/be8e7de6-1fe2-44f4-9abf-d9ee5b6c4559,CSV
6d872b14-c9bb-4627-a475-de6a72050cb0,download,https://data.wprdc.org/datastore/dump/f2eff713-dcdb-4ddd-8090-607d2d1f6eeb,CSV
6d872b14-c9bb-4627-a475-de6a72050cb0,download,https://data.wprdc.org/datastore/dump/a01fd271-ec85-4968-9e8a-bbcde47582c9,CSV
31ce085b-87b9-4ffd-adbb-0a9f5b3cf3df,download,https://data.wprdc.org/datastore/dump/4cc6c85a-d7bd-44f6-86bd-d9ade92cd362,CSV
31ce085b-87b9-4ffd-adbb-0a9f5b3cf3df,download,https://data.wprdc.org/datastore/dump/632fbb91-c55d-4221-a8ad-91c72902bc61,CSV
551d7959-8082-4685-bb30-7714fce1d1bf,download,https://pghgishub-pittsburghpa.opendata.arcgis.com/maps/pittsburghpa::metered-streets-pittsburgh-parking-authority,HTML
551d7959-8082-4685-bb30-7714fce1d1bf,download,https://data.wprdc.org/datastore/dump/9b68e71a-d117-41ad-81e1-af6965ea40f4,CSV
551d7959-8082-4685-bb30-7714fce1d1bf,download,https://data.wprdc.org/dataset/551d7959-8082-4685-bb30-7714fce1d1bf/resource/953beb33-0cd6-463b-8735-2a5ac7e3201e/download/pittsburghpametered-streets-pittsburgh-parking-authority.kml,KML
551d7959-8082-4685-bb30-7714fce1d1bf,download,https://data.wprdc.org/dataset/551d7959-8082-4685-bb30-7714fce1d1bf/resource/49382367-f1d5-477d-951b-6c951bca3bc7/download/pittsburghpametered-streets-pittsburgh-parking-authority.zip,ZIP
87c77ec3-db98-4b2a-8891-d9b577b4c44d,download,https://data.wprdc.org/datastore/dump/6af89346-b971-41d5-af09-49cfdb4dfe23,CSV
87c77ec3-db98-4b2a-8891-d9b577b4c44d,download,https://data.wprdc.org/datastore/dump/c39a7b56-f535-4f18-9269-ff636813b748,CSV
2a8e1150-5ab0-4cbf-800e-d4d3a8a7182f,download,https://pghgishub-pittsburghpa.opendata.arcgis.com/datasets/c1ce2f38248847a3a0133fba16b1fe57_0,HTML
2a8e1150-5ab0-4cbf-800e-d4d3a8a7182f,download,https://pghgishub-pittsburghpa.opendata.arcgis.com/datasets/c1ce2f38248847a3a0133fba16b1fe57_0.csv?outSR=%7B%22latestWkid%22%3A2272%2C%22wkid%22%3A102729%7D,CSV
2a8e1150-5ab0-4cbf-800e-d4d3a8a7182f,download,https://pghgishub-pittsburghpa.opendata.arcgis.com/datasets/c1ce2f38248847a3a0133fba16b1fe57_0.kml?outSR=%7B%22latestWkid%22%3A2272%2C%22wkid%22%3A102729%7D,KML
2a8e1150-5ab0-4cbf-800e-d4d3a8a7182f,download,https://pghgishub-pittsburghpa.opendata.arcgis.com/datasets/c1ce2f38248847a3a0133fba16b1fe57_0.zip?outSR=%7B%22latestWkid%22%3A2272%2C%22wkid%22%3A102729%7D,ZIP
4699bc46-8a74-44ed-9bef-f22dd595a964,download,https://pghgishub-pittsburghpa.opendata.arcgis.com/maps/pittsburghpa::2010-census-tracts,HTML
4699bc46-8a74-44ed-9bef-f22dd595a964,download,https://data.wprdc.org/datastore/dump/9756af5f-3320-4601-84e2-347d64071e25,CSV
4699bc46-8a74-44ed-9bef-f22dd595a964,download,https://data.wprdc.org/dataset/4699bc46-8a74-44ed-9bef-f22dd595a964/resource/6f788d35-ece1-46c5-9c28-c441e2b2ef51/download/pittsburghpa2010-census-tracts.kml,KML
4699bc46-8a74-44ed-9bef-f22dd595a964,download,https://data.wprdc.org/dataset/4699bc46-8a74-44ed-9bef-f22dd595a964/resource/47185ccf-cb3a-4e4e-86fa-974f190feb69/download/pittsburghpa2010-census-tracts.zip,ZIP
3cb2b9c2-66e2-4ffa-b0a1-35fb2c6f7230,download,https://data.wprdc.org/dataset/3cb2b9c2-66e2-4ffa-b0a1-35fb2c6f7230/resource/a3078115-c735-4169-bdde-26d2969dfdc4/download/school-enrollment-by-detailed-level-of-school-for-the-population-3-years-and-over-hispanic-or-la.csv,CSV
3cb2b9c2-66e2-4ffa-b0a1-35fb2c6f7230,download,https://data.wprdc.org/dataset/3cb2b9c2-66e2-4ffa-b0a1-35fb2c6f7230/resource/b4e55301-a5fe-46ab-89e6-f05a1edabd78/download/school-enrollment-by-detailed-level-of-school-for-the-population-3-years-and-over-american-india.csv,CSV
3cb2b9c2-66e2-4ffa-b0a1-35fb2c6f7230,download,https://data.wprdc.org/dataset/3cb2b9c2-66e2-4ffa-b0a1-35fb2c6f7230/resource/7e015b8e-59e0-471d-bcaa-4a83c67bc86e/download/school-enrollment-by-detailed-level-of-school-for-the-population-3-years-and-over-asian-alone.csv,CSV
3cb2b9c2-66e2-4ffa-b0a1-35fb2c6f7230,download,https://data.wprdc.org/dataset/3cb2b9c2-66e2-4ffa-b0a1-35fb2c6f7230/resource/8e539335-9d12-4560-8445-8826444012f0/download/school-enrollment-by-detailed-level-of-school-for-the-population-3-years-and-over-black-or-afric.csv,CSV
3cb2b9c2-66e2-4ffa-b0a1-35fb2c6f7230,download,https://data.wprdc.org/dataset/3cb2b9c2-66e2-4ffa-b0a1-35fb2c6f7230/resource/482677a2-3e63-4576-9c95-39c417a98504/download/school-enrollment-by-detailed-level-of-school-for-the-population-3-years-and-over-native-hawaiia.csv,CSV
3cb2b9c2-66e2-4ffa-b0a1-35fb2c6f7230,download,https://data.wprdc.org/dataset/3cb2b9c2-66e2-4ffa-b0a1-35fb2c6f7230/resource/773702b0-af18-4082-937f-9d0ef5d8798a/download/school-enrollment-by-detailed-level-of-school-for-the-population-3-years-and-over-some-other-rac.csv,CSV
3cb2b9c2-66e2-4ffa-b0a1-35fb2c6f7230,download,https://data.wprdc.org/dataset/3cb2b9c2-66e2-4ffa-b0a1-35fb2c6f7230/resource/d82815b8-bf9b-4383-a4d2-eb86df48e7e9/download/school-enrollment-by-detailed-level-of-school-for-the-population-3-years-and-over-two-or-more-ra.csv,CSV
3cb2b9c2-66e2-4ffa-b0a1-35fb2c6f7230,download,https://data.wprdc.org/dataset/3cb2b9c2-66e2-4ffa-b0a1-35fb2c6f7230/resource/302e94a7-7e32-4941-9593-30e8da39d6ef/download/school-enrollment-by-detailed-level-of-school-for-the-population-3-years-and-over-white-alone.csv,CSV
3cb2b9c2-66e2-4ffa-b0a1-35fb2c6f7230,download,https://data.wprdc.org/dataset/3cb2b9c2-66e2-4ffa-b0a1-35fb2c6f7230/resource/6800c6a2-557f-4393-9d1a-634870fec9cf/download/school-enrollment-by-detailed-level-of-school-for-the-population-3-years-and-over-white-alone-no.csv,CSV
3cb2b9c2-66e2-4ffa-b0a1-35fb2c6f7230,download,https://data.wprdc.org/dataset/3cb2b9c2-66e2-4ffa-b0a1-35fb2c6f7230/resource/eb1f8714-e0eb-4614-acfe-dfe0ebab942f/download/school-enrollment-by-detailed-level-of-school-for-the-population-3-years-and-over.csv,CSV
3cb2b9c2-66e2-4ffa-b0a1-35fb2c6f7230,download,https://data.wprdc.org/dataset/3cb2b9c2-66e2-4ffa-b0a1-35fb2c6f7230/resource/41a04934-3718-40b4-aa3c-08c398c8bda7/download/school-enrollment-by-detailed-level-of-school-for-the-population-3-years-and-over.txt,TXT
5b28354f-ca2d-4894-aa49-1a10c6678942,download,https://pghgishub-pittsburghpa.opendata.arcgis.com/datasets/06285e4ce40441d09a72faa8811c9829_0,HTML
5b28354f-ca2d-4894-aa49-1a10c6678942,download,https://pghgishub-pittsburghpa.opendata.arcgis.com/datasets/06285e4ce40441d09a72faa8811c9829_0.csv?outSR=%7B%22latestWkid%22%3A2272%2C%22wkid%22%3A102729%7D,CSV
5b28354f-ca2d-4894-aa49-1a10c6678942,download,https://pghgishub-pittsburghpa.opendata.arcgis.com/datasets/06285e4ce40441d09a72faa8811c9829_0.kml?outSR=%7B%22latestWkid%22%3A2272%2C%22wkid%22%3A102729%7D,KML
5b28354f-ca2d-4894-aa49-1a10c6678942,download,https://pghgishub-pittsburghpa.opendata.arcgis.com/datasets/06285e4ce40441d09a72faa8811c9829_0.zip?outSR=%7B%22latestWkid%22%3A2272%2C%22wkid%22%3A102729%7D,ZIP
cd57a067-bc00-46ee-924e-676eaa3221ec,download,https://pghgishub-pittsburghpa.opendata.arcgis.com/datasets/0280e632ffb5438cafdc26ca3eb37db4_0,HTML
cd57a067-bc00-46ee-924e-676eaa3221ec,download,https://pghgishub-pittsburghpa.opendata.arcgis.com/datasets/0280e632ffb5438cafdc26ca3eb37db4_0.csv?outSR=%7B%22latestWkid%22%3A2272%2C%22wkid%22%3A102729%7D,CSV
cd57a067-bc00-46ee-924e-676eaa3221ec,download,https://pghgishub-pittsburghpa.opendata.arcgis.com/datasets/0280e632ffb5438cafdc26ca3eb37db4_0.kml?outSR=%7B%22latestWkid%22%3A2272%2C%22wkid%22%3A102729%7D,KML
cd57a067-bc00-46ee-924e-676eaa3221ec,download,https://pghgishub-pittsburghpa.opendata.arcgis.com/datasets/0280e632ffb5438cafdc26ca3eb37db4_0.zip?outSR=%7B%22latestWkid%22%3A2272%2C%22wkid%22%3A102729%7D,ZIP
3a0645d8-8495-48f3-be6a-dd44646b1b2a,download,https://data.wprdc.org/dataset/3a0645d8-8495-48f3-be6a-dd44646b1b2a/resource/c878eb5a-105d-4e1d-8458-6ed271cf7d83/download/mortality_county_all.csv,CSV
3a0645d8-8495-48f3-be6a-dd44646b1b2a,download,https://data.wprdc.org/dataset/3a0645d8-8495-48f3-be6a-dd44646b1b2a/resource/7c59602e-4635-491d-9772-8e98edd6866b/download/mortality_by_tract.csv,CSV
3d945d47-0f92-4042-a6db-59f4c385efba,download,http://webapps.achd.net/Restaurant/,HTML
df18e46a-9071-4639-9a45-1a53ea12e85a,download,https://data.wprdc.org/dataset/df18e46a-9071-4639-9a45-1a53ea12e85a/resource/63c03e08-73cb-431a-88f5-607065be3bb1/download/violations_corrected.csv,CSV
df18e46a-9071-4639-9a45-1a53ea12e85a,download,https://data.wprdc.org/dataset/df18e46a-9071-4639-9a45-1a53ea12e85a/resource/cf4e7244-d19b-4b83-abae-47650fe202e8/download/datadictionary_violationscorrected.csv,CSV
df18e46a-9071-4639-9a45-1a53ea12e85a,download,https://data.wprdc.org/dataset/df18e46a-9071-4639-9a45-1a53ea12e85a/resource/c0e0e6cd-6698-4007-95dc-e68659788c08/download/summary_of_inspections_conducted.csv,CSV
df18e46a-9071-4639-9a45-1a53ea12e85a,download,https://data.wprdc.org/dataset/df18e46a-9071-4639-9a45-1a53ea12e85a/resource/25e6b529-6bec-41be-957c-3459c3e8c350/download/datadictionary_summaryofinspectionsconducted.csv,CSV
df18e46a-9071-4639-9a45-1a53ea12e85a,download,https://data.wprdc.org/dataset/df18e46a-9071-4639-9a45-1a53ea12e85a/resource/c435bcc6-211f-4cae-992a-ebd540743b15/download/heightoftenementhouses_bystory_frontofbuilding_1912.csv,CSV
df18e46a-9071-4639-9a45-1a53ea12e85a,download,https://data.wprdc.org/dataset/df18e46a-9071-4639-9a45-1a53ea12e85a/resource/f6e60816-4e34-4b41-80d3-ec2dbc90d54f/download/heightoftenementhouses_bystory_rearofbuilding_1912.csv,CSV
df18e46a-9071-4639-9a45-1a53ea12e85a,download,https://data.wprdc.org/dataset/df18e46a-9071-4639-9a45-1a53ea12e85a/resource/bc29b9a1-f17d-411c-948d-3e3aff600730/download/datadictionary_heightoftenementhouses_bystory_frontandrear_1912.csv,CSV
df18e46a-9071-4639-9a45-1a53ea12e85a,download,https://data.wprdc.org/dataset/df18e46a-9071-4639-9a45-1a53ea12e85a/resource/007bfc59-8255-4cbf-95d1-eeaf47aea64c/download/numberofapartmentsintenementhouse_1912.csv,CSV
df18e46a-9071-4639-9a45-1a53ea12e85a,download,https://data.wprdc.org/dataset/df18e46a-9071-4639-9a45-1a53ea12e85a/resource/14772cba-ef79-4b26-a0c7-96283be9afaa/download/datadictionary_numberofapartments_1912.csv,CSV
df18e46a-9071-4639-9a45-1a53ea12e85a,download,https://data.wprdc.org/dataset/df18e46a-9071-4639-9a45-1a53ea12e85a/resource/978bd88d-3d23-47d3-8c73-9c23b56579fc/download/recordoftenementhousesinpittsburgh_1912.csv,CSV
df18e46a-9071-4639-9a45-1a53ea12e85a,download,https://data.wprdc.org/dataset/df18e46a-9071-4639-9a45-1a53ea12e85a/resource/c6f96314-a609-43e6-8de2-d4f9540ccfde/download/datadictionary_recordoftenementhouses_1912.csv,CSV
df18e46a-9071-4639-9a45-1a53ea12e85a,download,https://historicpittsburgh.org/islandora/object/pitt%3A20090323-hopkins-0045/viewer,HTML
df18e46a-9071-4639-9a45-1a53ea12e85a,download,https://data.wprdc.org/dataset/df18e46a-9071-4639-9a45-1a53ea12e85a/resource/60780976-5e51-43ee-89ea-8bfe90a180d0/download/images_divisionoftenementhouseinspection_1907-1913.zip,ZIP
df18e46a-9071-4639-9a45-1a53ea12e85a,download,https://data.wprdc.org/dataset/df18e46a-9071-4639-9a45-1a53ea12e85a/resource/110acefc-35dc-4579-a3ba-fddc709ee589/download/writtensection_annualreports_1907-1913.zip,ZIP
df18e46a-9071-4639-9a45-1a53ea12e85a,download,https://data.wprdc.org/dataset/df18e46a-9071-4639-9a45-1a53ea12e85a/resource/4f9ebfc6-0242-4290-9569-0a041c9edff9/download/readmefile_divisionoftenementhouseinspection_datasets.txt,TXT
7c0c0ed2-b542-4f5c-868a-49609985faab,download,https://data.wprdc.org/dataset/7c0c0ed2-b542-4f5c-868a-49609985faab/resource/d281efe0-62d9-4c2b-b41f-bb99fcbec705/download/pm2.52011ct.csv,CSV
7c0c0ed2-b542-4f5c-868a-49609985faab,download,https://data.wprdc.org/dataset/7c0c0ed2-b542-4f5c-868a-49609985faab/resource/5fe04d0f-5991-4add-b0eb-f1074f5c3a25/download/particulatematter2.5.zip,ZIP
7c0c0ed2-b542-4f5c-868a-49609985faab,download,https://wiki.tessercat.net/wiki/DASH_Data_Guide#Particulate_Matter_2.5,HTML
12edd529-5119-49c7-92b5-15314b3ae25e,download,https://data.wprdc.org/dataset/12edd529-5119-49c7-92b5-15314b3ae25e/resource/a1f3ffd9-34bf-4255-97a8-af8084894159/download/poorhousingconditions.csv,CSV
12edd529-5119-49c7-92b5-15314b3ae25e,download,https://data.wprdc.org/dataset/12edd529-5119-49c7-92b5-15314b3ae25e/resource/1bc7ef98-d219-4998-ae63-c7a4e6033b8a/download/poorhousingcondition.zip,ZIP
12edd529-5119-49c7-92b5-15314b3ae25e,download,https://wiki.tessercat.net/wiki/DASH_Data_Guide#Poor_Housing_Conditions,HTML
acf96177-9c81-43d9-92b5-b01bb594b889,download,https://public.tableau.com/profile/allegheny.county4940#!/vizhome/COVID-19AlleghenyCounty3_5TableauPublic/COVID-19?iframeSizedToWindow=true&:embed=y&:showAppBanner=false&:display_count=no&:showVizHome=no&:origin=viz_share_link,HTML
acf96177-9c81-43d9-92b5-b01bb594b889,download,https://www.alleghenycounty.us/Health-Department/resources/COVID-19/Covid-19.aspx,HTML
acf96177-9c81-43d9-92b5-b01bb594b889,download,https://alcogis.maps.arcgis.com/apps/MapSeries/index.html?appid=abaca148492b47a7ad0d5a71f5d2c5e8,HTML
acf96177-9c81-43d9-92b5-b01bb594b889,download,https://www.health.pa.gov/topics/disease/coronavirus/Pages/Coronavirus.aspx,HTML
acf96177-9c81-43d9-92b5-b01bb594b889,download,https://www.pa.gov/guides/responding-to-covid-19/,HTML
acf96177-9c81-43d9-92b5-b01bb594b889,download,https://data.pa.gov/Health/COVID-19-Aggregate-Hospitalizations-Current-Daily-/kayn-sjhx,HTML
f8296e1d-d0a5-4f2a-a95f-a7bab6300cc6,download,https://data.wprdc.org/dataset/f8296e1d-d0a5-4f2a-a95f-a7bab6300cc6/resource/afda23d8-ee01-4731-8419-6170149523a0/download/pre1950housing.xls-pre1950housing.csv,CSV
f8296e1d-d0a5-4f2a-a95f-a7bab6300cc6,download,https://data.wprdc.org/dataset/f8296e1d-d0a5-4f2a-a95f-a7bab6300cc6/resource/c91ad168-df60-4ac2-8526-247a69ec2891/download/pre1950housing.zip,ZIP
f8296e1d-d0a5-4f2a-a95f-a7bab6300cc6,download,https://wiki.tessercat.net/wiki/DASH_Data_Guide#Older_Housing_.28Built_Before_1950.29,HTML
ed4cf849-d323-4d01-8a13-675d283f1ac9,download,https://data.wprdc.org/dataset/ed4cf849-d323-4d01-8a13-675d283f1ac9/resource/ee834d8d-ae71-4b3b-b02b-312ba321ff17/download/illegaldumpsites.csv,CSV
ed4cf849-d323-4d01-8a13-675d283f1ac9,download,https://wiki.tessercat.net/wiki/DASH_Data_Guide#Illegal_Dump_Sites,HTML
4d3d4324-b32a-4519-b56f-cee2340057bf,download,https://data.wprdc.org/dataset/4d3d4324-b32a-4519-b56f-cee2340057bf/resource/682b1df1-a63b-4413-9362-ba077af63baa/download/walkscorect.xls-walk-score-by-ct.csv,CSV
4d3d4324-b32a-4519-b56f-cee2340057bf,download,https://data.wprdc.org/dataset/4d3d4324-b32a-4519-b56f-cee2340057bf/resource/72f8c76b-3aa5-4993-8f46-904186670e5a/download/walkscores.zip,ZIP
4d3d4324-b32a-4519-b56f-cee2340057bf,download,https://wiki.tessercat.net/wiki/DASH_Data_Guide#Walk_Scores,HTML
c34f9a82-779c-4f90-9e1c-b3b5025b0db5,download,https://data.wprdc.org/dataset/c34f9a82-779c-4f90-9e1c-b3b5025b0db5/resource/3c530161-2976-41ae-a0f0-7d3e74835049/download/fastfoodalleghenycountyupdatexy2.csv,CSV
c34f9a82-779c-4f90-9e1c-b3b5025b0db5,download,https://data.wprdc.org/dataset/c34f9a82-779c-4f90-9e1c-b3b5025b0db5/resource/b3909a83-3508-4294-a2e9-49168e310487/download/fastfoodalleghenycountydefinitions.csv,CSV
c34f9a82-779c-4f90-9e1c-b3b5025b0db5,download,https://wiki.tessercat.net/wiki/DASH_Data_Guide#Fast_Food_Establishments,HTML
c0cde391-cd26-4904-9c9b-1b6d3ac37dd1,download,https://data.wprdc.org/dataset/c0cde391-cd26-4904-9c9b-1b6d3ac37dd1/resource/7eedb466-9288-447b-94bb-42fe9e6be124/download/hypertension_hyperlipidemia_all.csv,CSV
c0cde391-cd26-4904-9c9b-1b6d3ac37dd1,download,https://data.wprdc.org/dataset/c0cde391-cd26-4904-9c9b-1b6d3ac37dd1/resource/f9ef6a0b-2251-4744-8288-1ad2afdd19b1/download/hyperlipidemiahypertensionwprdc.csv,CSV
c0cde391-cd26-4904-9c9b-1b6d3ac37dd1,download,https://wiki.tessercat.net/wiki/DASH_Data_Guide#Cardiovascular_Disease_Co-Morbidity,HTML
b049da40-910a-4b9d-9438-ff584e432bb1,download,https://data.wprdc.org/dataset/b049da40-910a-4b9d-9438-ff584e432bb1/resource/fce248f0-8697-4d2a-bbe0-2da826776bfa/download/obesity-ac-2006-2010censustracts.csv,CSV
b049da40-910a-4b9d-9438-ff584e432bb1,download,https://data.wprdc.org/dataset/b049da40-910a-4b9d-9438-ff584e432bb1/resource/9e6a2b51-90ca-47f8-b2f2-5ea275bd2f53/download/data-obesetractgamephitaugust082013.csv,CSV
b049da40-910a-4b9d-9438-ff584e432bb1,download,https://data.wprdc.org/dataset/b049da40-910a-4b9d-9438-ff584e432bb1/resource/d90c9929-9b9e-49eb-b2cb-0460b7dc73e8/download/obesityrates.zip,ZIP
b049da40-910a-4b9d-9438-ff584e432bb1,download,https://wiki.tessercat.net/wiki/DASH_Data_Guide#Obesity_Rates,HTML
63d09e2c-931c-4c66-86e0-844b84d2a8ad,download,https://data.wprdc.org/dataset/63d09e2c-931c-4c66-86e0-844b84d2a8ad/resource/85ec763a-457e-4025-8263-112baeba0fdb/download/housingrentown.csv,CSV
63d09e2c-931c-4c66-86e0-844b84d2a8ad,download,https://data.wprdc.org/dataset/63d09e2c-931c-4c66-86e0-844b84d2a8ad/resource/8615d1f0-959c-4f5c-aeee-a446eaf87e72/download/housingownershiprentals.zip,ZIP
63d09e2c-931c-4c66-86e0-844b84d2a8ad,download,https://wiki.tessercat.net/wiki/DASH_Data_Guide#Home_Ownership,HTML
aeaf61da-2533-43b3-8744-2187fccbe163,download,https://data.wprdc.org/dataset/aeaf61da-2533-43b3-8744-2187fccbe163/resource/7cabd3e1-6d14-48e3-abda-6d3c15c26565/download/origional-smokingtractgamephitaugust082013ac.csv,CSV
aeaf61da-2533-43b3-8744-2187fccbe163,download,https://data.wprdc.org/dataset/aeaf61da-2533-43b3-8744-2187fccbe163/resource/b585bc83-dffc-46d1-ad45-89d406b069db/download/estimatedsmokingrates.zip,ZIP
aeaf61da-2533-43b3-8744-2187fccbe163,download,https://wiki.tessercat.net/wiki/DASH_Data_Guide#Smoking_Rates,HTML
873931dc-7c9d-4d46-890c-345891c221b4,download,https://data.wprdc.org/dataset/873931dc-7c9d-4d46-890c-345891c221b4/resource/56fb7a63-7a97-4c23-9ffb-666651546381/download/depression_all_2016.csv,CSV
873931dc-7c9d-4d46-890c-345891c221b4,download,https://data.wprdc.org/dataset/873931dc-7c9d-4d46-890c-345891c221b4/resource/9ef39270-8a95-4069-b61f-6c40b5e45c12/download/1.depression2015.csv,CSV
873931dc-7c9d-4d46-890c-345891c221b4,download,https://data.wprdc.org/dataset/873931dc-7c9d-4d46-890c-345891c221b4/resource/02239520-8dee-4095-8765-819b6d09b1c1/download/ndc-codes.xlsx,XLSX
873931dc-7c9d-4d46-890c-345891c221b4,download,https://wiki.tessercat.net/wiki/DASH_Data_Guide#Anxiety_and_Depression_Medication,HTML
23fa923f-fc4e-4d4f-9be3-8a78c6674c02,download,https://data.wprdc.org/dataset/23fa923f-fc4e-4d4f-9be3-8a78c6674c02/resource/58e5ee1a-7428-42b1-81b7-c5a61e0719ce/download/diabetes_all_2016.csv,CSV
23fa923f-fc4e-4d4f-9be3-8a78c6674c02,download,https://data.wprdc.org/dataset/23fa923f-fc4e-4d4f-9be3-8a78c6674c02/resource/92b18553-b0d2-4d5f-88f6-37c3d93f87f5/download/3.diabetes2015.csv,CSV
23fa923f-fc4e-4d4f-9be3-8a78c6674c02,download,https://data.wprdc.org/dataset/23fa923f-fc4e-4d4f-9be3-8a78c6674c02/resource/d89940c1-1c4d-43c8-8713-e3b892b91254/download/ndc-codes.xlsx,XLSX
23fa923f-fc4e-4d4f-9be3-8a78c6674c02,download,https://wiki.tessercat.net/wiki/DASH_Data_Guide#Cardiovascular_Disease_Co-Morbidity,HTML
3f0b8a8c-2239-4dac-8eb0-74ac7d859022,download,https://data.wprdc.org/dataset/3f0b8a8c-2239-4dac-8eb0-74ac7d859022/resource/405988a0-66f4-49e2-887f-752d92d40733/download/hypertension_all_2016.csv,CSV
3f0b8a8c-2239-4dac-8eb0-74ac7d859022,download,https://data.wprdc.org/dataset/3f0b8a8c-2239-4dac-8eb0-74ac7d859022/resource/f389965d-207d-4dbe-a627-7951ca636f30/download/5.hypertension2015.csv,CSV
3f0b8a8c-2239-4dac-8eb0-74ac7d859022,download,https://data.wprdc.org/dataset/3f0b8a8c-2239-4dac-8eb0-74ac7d859022/resource/ebc1ed27-971e-4d8d-9240-77b4071fc2e4/download/ndc-codes.xlsx,XLSX
3f0b8a8c-2239-4dac-8eb0-74ac7d859022,download,https://wiki.tessercat.net/wiki/DASH_Data_Guide#Cardiovascular_Disease_Co-Morbidity,HTML
c341305e-3188-4ba9-8b81-ab53380b0589,download,https://data.wprdc.org/dataset/c341305e-3188-4ba9-8b81-ab53380b0589/resource/4038f79c-57bf-4d67-8487-a6704f424cb6/download/hyperlipidemia_all_2016.csv,CSV
c341305e-3188-4ba9-8b81-ab53380b0589,download,https://data.wprdc.org/dataset/c341305e-3188-4ba9-8b81-ab53380b0589/resource/79a7ae36-8509-499c-bf6a-55f1f17245db/download/4.hyperlipidemia2015.csv,CSV
c341305e-3188-4ba9-8b81-ab53380b0589,download,https://data.wprdc.org/dataset/c341305e-3188-4ba9-8b81-ab53380b0589/resource/89d68ecf-d4f0-4f93-8583-62cf6f2f293f/download/ndc-codes.xlsx,XLSX
c341305e-3188-4ba9-8b81-ab53380b0589,download,https://wiki.tessercat.net/wiki/DASH_Data_Guide#Cardiovascular_Disease_Co-Morbidity,HTML
60dfb8de-9791-4614-aa55-6947057cacb1,download,https://data.wprdc.org/dataset/60dfb8de-9791-4614-aa55-6947057cacb1/resource/9d2e6166-4aea-4de4-ba3c-bf56b8823961/download/diabetes_hypertension_all_2016.csv,CSV
60dfb8de-9791-4614-aa55-6947057cacb1,download,https://data.wprdc.org/dataset/60dfb8de-9791-4614-aa55-6947057cacb1/resource/e749d45c-e2b8-4b01-a46e-9010d08392c4/download/diabeteshypertensionwprdc.csv,CSV
60dfb8de-9791-4614-aa55-6947057cacb1,download,https://wiki.tessercat.net/wiki/DASH_Data_Guide#Cardiovascular_Disease_Co-Morbidity,HTML
eca6c040-1daa-461b-a6c5-d18e88a49035,download,https://data.wprdc.org/dataset/eca6c040-1daa-461b-a6c5-d18e88a49035/resource/c5add554-dff0-47d6-b3c0-c7757afefc08/download/diabetes_hyperlipidemia_all_2016.csv,CSV
eca6c040-1daa-461b-a6c5-d18e88a49035,download,https://data.wprdc.org/dataset/eca6c040-1daa-461b-a6c5-d18e88a49035/resource/f950a654-9589-4721-8f93-2ddd2def7f8a/download/diabeteshyperlipidemiawprdc.csv,CSV
eca6c040-1daa-461b-a6c5-d18e88a49035,download,https://wiki.tessercat.net/wiki/DASH_Data_Guide#Cardiovascular_Disease_Co-Morbidity,HTML
e4bb0a9e-50e5-4492-a9b6-9527ccccff7a,download,https://data.wprdc.org/dataset/e4bb0a9e-50e5-4492-a9b6-9527ccccff7a/resource/f783afcc-8c93-47c1-9f18-4a23e90fb55a/download/diabetes_hypertension_hyperlipidemia_all_2016.csv,CSV
e4bb0a9e-50e5-4492-a9b6-9527ccccff7a,download,https://data.wprdc.org/dataset/e4bb0a9e-50e5-4492-a9b6-9527ccccff7a/resource/e9a9b215-a235-423e-b355-97e64838e935/download/diabeteshypertensionhyperlipidemiawprdc.csv,CSV
e4bb0a9e-50e5-4492-a9b6-9527ccccff7a,download,https://wiki.tessercat.net/wiki/DASH_Data_Guide#Cardiovascular_Disease_Co-Morbidity,HTML
52f87f59-02ed-4f74-9ab9-2c6b9542234d,download,https://data.wprdc.org/dataset/52f87f59-02ed-4f74-9ab9-2c6b9542234d/resource/a11c31cf-a116-4076-8475-c4f185358c2d/download/data-primary-care-access-facilities.csv,CSV
52f87f59-02ed-4f74-9ab9-2c6b9542234d,download,https://wiki.tessercat.net/wiki/DASH_Data_Guide#Health_Care_Facilities,HTML
d2289ea6-b1ef-4acb-afa7-028cccb7fb18,download,https://data.wprdc.org/dataset/d2289ea6-b1ef-4acb-afa7-028cccb7fb18/resource/2d9db439-8f85-4b6d-ab92-423a2ef9c7d9/download/data-hospitallocations.csv,CSV
d2289ea6-b1ef-4acb-afa7-028cccb7fb18,download,https://wiki.tessercat.net/wiki/DASH_Data_Guide#Health_Care_Facilities,HTML
77e60b5b-1897-45b5-b39a-89f1a0966a13,download,https://data.wprdc.org/dataset/77e60b5b-1897-45b5-b39a-89f1a0966a13/resource/7cbf057a-2f16-4508-bf1d-99c8f0af9f20/download/data-alleghenycountytobaccoretailerlistingtracking0313261358a.csv,CSV
77e60b5b-1897-45b5-b39a-89f1a0966a13,download,https://wiki.tessercat.net/wiki/DASH_Data_Guide#Tobacco_Vendors,HTML
3bdca0be-5768-4061-a069-aa7c7121e364,download,https://data.wprdc.org/dataset/3bdca0be-5768-4061-a069-aa7c7121e364/resource/61022ad9-c601-4152-9ba6-da915fd05be5/download/dataset_asthma-2017.csv,CSV
cb7e34ce-3dbe-4f4b-b2cd-fd368371d00b,download,https://openac-alcogis.opendata.arcgis.com/maps/AlCoGIS::allegheny-county-tif-boundaries,HTML
cb7e34ce-3dbe-4f4b-b2cd-fd368371d00b,download,https://data.wprdc.org/datastore/dump/ecb714c4-223c-4a26-8cb9-bc75448672b0,CSV
cb7e34ce-3dbe-4f4b-b2cd-fd368371d00b,download,https://data.wprdc.org/dataset/cb7e34ce-3dbe-4f4b-b2cd-fd368371d00b/resource/e01a059e-84be-4146-8817-2c4488fbf607/download/alcogisallegheny-county-tif-boundaries.kml,KML
cb7e34ce-3dbe-4f4b-b2cd-fd368371d00b,download,https://data.wprdc.org/dataset/cb7e34ce-3dbe-4f4b-b2cd-fd368371d00b/resource/2fdb6e42-dac1-4ef1-9f9f-d2fbfbf359ba/download/alcogisallegheny-county-tif-boundaries.zip,ZIP
3725d722-1c07-42f9-8faa-02ba0d9f7a7a,download,https://openac-alcogis.opendata.arcgis.com/maps/AlCoGIS::public-wifi-locations,HTML
3725d722-1c07-42f9-8faa-02ba0d9f7a7a,download,https://data.wprdc.org/datastore/dump/f7312386-313c-4489-bfb8-a179a0801659,CSV
3725d722-1c07-42f9-8faa-02ba0d9f7a7a,download,https://data.wprdc.org/dataset/3725d722-1c07-42f9-8faa-02ba0d9f7a7a/resource/1349c6a3-d1d7-4940-bd54-78b790171e37/download/alcogispublic-wifi-locations.kml,KML
3725d722-1c07-42f9-8faa-02ba0d9f7a7a,download,https://data.wprdc.org/dataset/3725d722-1c07-42f9-8faa-02ba0d9f7a7a/resource/0ce465d5-8eab-48d6-8fa7-cad935d13d6a/download/alcogispublic-wifi-locations.zip,ZIP
0c0b35a2-74b0-47dc-aa04-960b396895fa,download,https://openac-alcogis.opendata.arcgis.com/maps/AlCoGIS::allegheny-county-census-blocks-2016,HTML
0c0b35a2-74b0-47dc-aa04-960b396895fa,download,https://data.wprdc.org/datastore/dump/34723fa8-ff7c-46bb-8294-df391d4783c5,CSV
0c0b35a2-74b0-47dc-aa04-960b396895fa,download,https://data.wprdc.org/dataset/0c0b35a2-74b0-47dc-aa04-960b396895fa/resource/b601cb16-25bf-488a-a3fa-f4ee1fed3598/download/alcogisallegheny-county-census-blocks-2016.kml,KML
0c0b35a2-74b0-47dc-aa04-960b396895fa,download,https://data.wprdc.org/dataset/0c0b35a2-74b0-47dc-aa04-960b396895fa/resource/f0f6b4c1-becb-4064-9c70-4d3ba1c931cd/download/alcogisallegheny-county-census-blocks-2016.zip,ZIP
2300533b-2cd9-4d72-ab43-7c129d8dd7b9,download,https://openac-alcogis.opendata.arcgis.com/maps/AlCoGIS::allegheny-county-census-block-groups-2016,HTML
2300533b-2cd9-4d72-ab43-7c129d8dd7b9,download,https://data.wprdc.org/datastore/dump/6acb132c-3539-4f71-82da-832589afdc6d,CSV
2300533b-2cd9-4d72-ab43-7c129d8dd7b9,download,https://data.wprdc.org/dataset/2300533b-2cd9-4d72-ab43-7c129d8dd7b9/resource/35c57c43-2062-4545-a8b6-b48abd807fcb/download/alcogisallegheny-county-census-block-groups-2016.kml,KML
2300533b-2cd9-4d72-ab43-7c129d8dd7b9,download,https://data.wprdc.org/dataset/2300533b-2cd9-4d72-ab43-7c129d8dd7b9/resource/f0f35ad0-e2cd-4e8d-b44e-180164c44239/download/alcogisallegheny-county-census-block-groups-2016.zip,ZIP
1cef82de-5e67-448e-bdc0-a491b0f9d7db,download,https://openac-alcogis.opendata.arcgis.com/maps/AlCoGIS::allegheny-county-census-tracts-2016,HTML
1cef82de-5e67-448e-bdc0-a491b0f9d7db,download,https://data.wprdc.org/datastore/dump/b12651a8-24c5-4a17-bb2f-1b118f9e77f4,CSV
1cef82de-5e67-448e-bdc0-a491b0f9d7db,download,https://data.wprdc.org/dataset/1cef82de-5e67-448e-bdc0-a491b0f9d7db/resource/28d3c0a3-1712-44c2-b69f-1c7636e9525c/download/alcogisallegheny-county-census-tracts-2016.kml,KML
1cef82de-5e67-448e-bdc0-a491b0f9d7db,download,https://data.wprdc.org/dataset/1cef82de-5e67-448e-bdc0-a491b0f9d7db/resource/40892fb6-cce8-444a-830a-5ce133ce8dc1/download/alcogisallegheny-county-census-tracts-2016.zip,ZIP
a84df4e3-8ec6-48d0-9d68-194a89d5a8b2,download,https://pghgishub-pittsburghpa.opendata.arcgis.com/maps/pittsburghpa::dpwparkmaintenance,HTML
a84df4e3-8ec6-48d0-9d68-194a89d5a8b2,download,https://data.wprdc.org/datastore/dump/8d827dba-9490-4dde-80fc-691242955b0d,CSV
a84df4e3-8ec6-48d0-9d68-194a89d5a8b2,download,https://data.wprdc.org/dataset/a84df4e3-8ec6-48d0-9d68-194a89d5a8b2/resource/bc8d5c74-2f08-4b49-b055-a05591821064/download/pittsburghpadpwparkmaintenance.kml,KML
a84df4e3-8ec6-48d0-9d68-194a89d5a8b2,download,https://data.wprdc.org/dataset/a84df4e3-8ec6-48d0-9d68-194a89d5a8b2/resource/a83d5534-d716-4167-9c7b-d9cd325de86d/download/pittsburghpadpwparkmaintenance.zip,ZIP
de1cf8b8-094c-4b6f-804b-02cffad4233a,download,https://data.wprdc.org/dataset/de1cf8b8-094c-4b6f-804b-02cffad4233a/resource/7e2b0fea-f3b0-41e5-8886-05350cd828e4/download/wprdc-greenprint.zip,ZIP
de1cf8b8-094c-4b6f-804b-02cffad4233a,download,https://data.wprdc.org/dataset/de1cf8b8-094c-4b6f-804b-02cffad4233a/resource/ad3e0b3a-ef0c-4b47-a585-e378017af0ec/download/alt-greenprint-data-dictionary.csv,CSV
ef0746f2-f547-4f01-98c4-09919d3039ea,download,https://data.wprdc.org/dataset/ef0746f2-f547-4f01-98c4-09919d3039ea/resource/87f09ce1-ffa0-4d4a-b1d2-b7433c29a1b0/download/cwa42m29m16giconcept.zip,ZIP
ef0746f2-f547-4f01-98c4-09919d3039ea,download,https://data.wprdc.org/dataset/ef0746f2-f547-4f01-98c4-09919d3039ea/resource/5a4a5b33-42ed-464f-a33a-5a48e5de24c3/download/cwa42m29m16giconcept-datadict.csv,CSV
e9aa627c-cb22-4ba4-9961-56d9620a46af,download,https://data.wprdc.org/datastore/dump/43f40ca4-2211-4a12-8b4f-4d052662bb64,CSV
e9aa627c-cb22-4ba4-9961-56d9620a46af,download,https://data.wprdc.org/datastore/dump/428b48ff-e9f6-49dd-8402-37c61e907de0,CSV
fe7e5332-4c87-410d-b0be-43c5d2c44ae0,download,https://data.wprdc.org/dataset/fe7e5332-4c87-410d-b0be-43c5d2c44ae0/resource/4b38dde6-c6e2-463f-bc94-6efb6c1939c2/download/pghcombinedsewersheds.zip,ZIP
fe7e5332-4c87-410d-b0be-43c5d2c44ae0,download,https://data.wprdc.org/dataset/fe7e5332-4c87-410d-b0be-43c5d2c44ae0/resource/b4b2b7a7-9a8f-46da-9080-332bbebdcee8/download/pghcombinedsewersheds-datadict.csv,CSV
67abfe18-1906-478d-8970-da6981f5022f,download,https://data.wprdc.org/dataset/67abfe18-1906-478d-8970-da6981f5022f/resource/61fee2bd-d41d-4f53-9cfe-dc38f023aa23/download/cwa41o27m19giconcept.zip,ZIP
67abfe18-1906-478d-8970-da6981f5022f,download,https://data.wprdc.org/dataset/67abfe18-1906-478d-8970-da6981f5022f/resource/317041e9-2289-48aa-a602-0dc6494fb6e3/download/cwa41o27m19giconcept-datadict.csv,CSV
46a4f481-751f-4e6c-b104-7a42bbb522f8,download,https://data.wprdc.org/dataset/46a4f481-751f-4e6c-b104-7a42bbb522f8/resource/47e4d773-f9c5-4a70-a975-2aed472d42ab/download/opendata-finance-publicly-available-properties-2015.xlsx,XLSX
46a4f481-751f-4e6c-b104-7a42bbb522f8,download,https://data.wprdc.org/dataset/46a4f481-751f-4e6c-b104-7a42bbb522f8/resource/10f0bd47-554e-45e8-9ca0-f57bd25c5d7b/download/opendata-finance-publicly-available-properties-2015-column-definitions.xlsx,XLSX
46a4f481-751f-4e6c-b104-7a42bbb522f8,download,https://data.wprdc.org/dataset/46a4f481-751f-4e6c-b104-7a42bbb522f8/resource/950df67c-e078-438e-89e1-bb6a7f3a6a09/download/publicly-available-properties-2015-csv.csv,CSV
46a4f481-751f-4e6c-b104-7a42bbb522f8,download,https://data.wprdc.org/dataset/46a4f481-751f-4e6c-b104-7a42bbb522f8/resource/32d09009-c31b-4e04-8be6-59c9e458dd21/download/publicly-available-properties-2015-csv-operations-history.json,JSON
33aebeee-d800-4e18-8cd2-aba32d917423,download,https://data.wprdc.org/dataset/33aebeee-d800-4e18-8cd2-aba32d917423/resource/89049f3f-15bd-430c-962c-e72d16691e8e/download/2020-capital-budget-deliberative-forum-survey-responses_formatted.csv,CSV
33aebeee-d800-4e18-8cd2-aba32d917423,download,https://data.wprdc.org/dataset/33aebeee-d800-4e18-8cd2-aba32d917423/resource/d291ba9d-823e-4002-89d0-9d918e9d2b87/download/2019-capital-budget-deliberative-forum-survey-responses-1-3.xlsx,XLSX
33aebeee-d800-4e18-8cd2-aba32d917423,download,https://data.wprdc.org/dataset/33aebeee-d800-4e18-8cd2-aba32d917423/resource/6cfd607d-0e11-403a-8f74-499df3762d85/download/2019-capital-budget-deliberative-forum-survey-responses-metadata.dd.xlsx,XLSX
aea4a3fc-c45b-486b-a8e2-9d32bd5d986d,download,https://pittsburghpa.maps.arcgis.com/apps/OnePane/basicviewer/index.html?appid=60e53861a0d949dcb2e6ada977de98d2,HTML
aea4a3fc-c45b-486b-a8e2-9d32bd5d986d,download,https://data.wprdc.org/dataset/aea4a3fc-c45b-486b-a8e2-9d32bd5d986d/resource/0aa3059d-6f4a-4039-94e6-ec573f8d3e7f/download/council_2002.zip,ZIP
aea4a3fc-c45b-486b-a8e2-9d32bd5d986d,download,https://data.wprdc.org/dataset/aea4a3fc-c45b-486b-a8e2-9d32bd5d986d/resource/a42dca19-8871-406c-a9f0-003146843885/download/council_2011.zip,ZIP
aea4a3fc-c45b-486b-a8e2-9d32bd5d986d,download,https://data.wprdc.org/dataset/aea4a3fc-c45b-486b-a8e2-9d32bd5d986d/resource/9878e317-ee14-4604-8db4-14295830dff0/download/pittsburgh_city_council_districts_2012-shp.zip,ZIP
9088f03b-8b4f-479e-bbea-38710e6a2c0a,download,https://data.wprdc.org/dataset/9088f03b-8b4f-479e-bbea-38710e6a2c0a/resource/a9eb053a-f296-4943-a656-420df9d41b52/download/finalmodelwnonres.zip,ZIP
9088f03b-8b4f-479e-bbea-38710e6a2c0a,download,https://data.wprdc.org/dataset/9088f03b-8b4f-479e-bbea-38710e6a2c0a/resource/e2aef123-9082-40a7-b618-ad674b31a9f7/download/datadictionarymvacounty.csv,CSV
9088f03b-8b4f-479e-bbea-38710e6a2c0a,download,https://www.policymap.com/widget?sid=8815&wkey=AAG99XOR31IXJPUUKI3ANURJTMPB4SCF,HTML
9088f03b-8b4f-479e-bbea-38710e6a2c0a,download,https://data.wprdc.org/dataset/9088f03b-8b4f-479e-bbea-38710e6a2c0a/resource/313b4a63-d292-4f45-939c-26b328ac6a74/download/finalmodelwnonres.lyr,lyr
9088f03b-8b4f-479e-bbea-38710e6a2c0a,download,https://data.wprdc.org/dataset/9088f03b-8b4f-479e-bbea-38710e6a2c0a/resource/1949e396-83f2-4d36-845b-97826c39dc9f/download/mva2018.png,PNG
fd14f748-3b6e-4faa-ae4a-1921d105751e,download,https://data.wprdc.org/dataset/fd14f748-3b6e-4faa-ae4a-1921d105751e/resource/bfe3b325-c386-4471-871e-3163ccd46b91/download/cisco-response.docx,DOCX
fd14f748-3b6e-4faa-ae4a-1921d105751e,download,https://data.wprdc.org/dataset/fd14f748-3b6e-4faa-ae4a-1921d105751e/resource/fd285ec2-e763-40de-86f6-5680f556977a/download/telensa-response.docx,DOCX
fd14f748-3b6e-4faa-ae4a-1921d105751e,download,https://data.wprdc.org/dataset/fd14f748-3b6e-4faa-ae4a-1921d105751e/resource/43fa8916-fd73-476c-83e6-4955e5785bac/download/verizon-response.docx,DOCX
ae1f7cda-5e15-4a8a-a5b2-2e4803f1500a,download,https://pittsburghpa.shinyapps.io/pips/,HTML
ae1f7cda-5e15-4a8a-a5b2-2e4803f1500a,download,https://data.wprdc.org/dataset/ae1f7cda-5e15-4a8a-a5b2-2e4803f1500a/resource/fe7574d1-0533-4853-9cb7-12ff80aff606/download/isp-data-dictionary.xlsx,XLSX
ae1f7cda-5e15-4a8a-a5b2-2e4803f1500a,download,https://data.wprdc.org/dataset/ae1f7cda-5e15-4a8a-a5b2-2e4803f1500a/resource/c2df1e6f-5563-4e53-9de8-b0e4c7d2cb93/download/pittsburghispsbyblock.csv,CSV
5e77546c-f1e1-432a-b556-9ccf29db9b2c,download,https://data.wprdc.org/datastore/dump/3e337bde-9997-46fa-b027-481b8f54eb9b,CSV
5e77546c-f1e1-432a-b556-9ccf29db9b2c,download,https://data.wprdc.org/datastore/dump/49dc559f-1640-4d80-9126-f9bdf80bcd2b,CSV
fe7cfb11-9f33-4590-a5ee-04419f3f974a,download,https://data.wprdc.org/datastore/dump/513290a6-2bac-4e41-8029-354cbda6a7b7,CSV
fe7cfb11-9f33-4590-a5ee-04419f3f974a,download,https://data.wprdc.org/datastore/dump/3d07f8e4-f691-4462-859c-c2eaa640ed38,CSV
669b2409-bb4b-46e5-9d91-c36876b58a17,download,https://data.wprdc.org/dataset/669b2409-bb4b-46e5-9d91-c36876b58a17/resource/e919ecd3-bb11-4883-a041-bded25dc651c/download/cveu-inspections-all-years-2019-fixed.csv,CSV
7c234430-f48b-40a7-99dc-a883dedc1d48,download,https://data.wprdc.org/dataset/7c234430-f48b-40a7-99dc-a883dedc1d48/resource/14d6d183-3bb1-4d36-93b2-a1647ee84147/download/firerds.zip,ZIP
1ce7b2b6-3d3c-419b-9e00-25b3180946aa,download,https://data.wprdc.org/dataset/1ce7b2b6-3d3c-419b-9e00-25b3180946aa/resource/4a45dd13-7bba-4021-88e4-ac7767161762/download/aced-federal-contractor-dataset-2021.xlsx,XLSX
8a7d1d09-c8d3-4a0b-9812-11f72bb22103,download,https://data.wprdc.org/dataset/8a7d1d09-c8d3-4a0b-9812-11f72bb22103/resource/1f047ff9-c2ae-45cf-af7e-7eb6d33babd7/download/training-report-officer-totals.xls,XLS
8a7d1d09-c8d3-4a0b-9812-11f72bb22103,download,https://data.wprdc.org/dataset/8a7d1d09-c8d3-4a0b-9812-11f72bb22103/resource/217b235c-c395-4de6-b0ec-d5b3e5276194/download/officer-training-data-dictionary.xlsx,XLSX
8a7d1d09-c8d3-4a0b-9812-11f72bb22103,download,https://data.wprdc.org/dataset/8a7d1d09-c8d3-4a0b-9812-11f72bb22103/resource/8c810512-007e-4d10-bfb9-a027a4fd682c/download/training-report-hours-total.xls,XLS
6a3f9f95-8104-44a0-bcd7-b0e082d76fc9,download,https://data.wprdc.org/dataset/6a3f9f95-8104-44a0-bcd7-b0e082d76fc9/resource/aa1e8a5b-18ec-4f6c-86be-02898969fc97/download/opendata-omb-budget-2015.xlsx,XLSX
6a3f9f95-8104-44a0-bcd7-b0e082d76fc9,download,https://data.wprdc.org/dataset/6a3f9f95-8104-44a0-bcd7-b0e082d76fc9/resource/c3aae20d-379b-48fa-8a52-cdd265a80f01/download/opendata-omb-budget-2015-data-dictionary.xlsx,XLSX
6a3f9f95-8104-44a0-bcd7-b0e082d76fc9,download,https://data.wprdc.org/dataset/6a3f9f95-8104-44a0-bcd7-b0e082d76fc9/resource/69251c39-ce1d-46a1-a8c2-b6223bee8447/download/opendata-omb-budget-2015.csv,CSV
8f349889-a5d9-49c1-b1b6-c781c6c6be0e,download,https://data.wprdc.org/dataset/8f349889-a5d9-49c1-b1b6-c781c6c6be0e/resource/2eb7217a-f3ec-4dc8-8cb9-b6912579cffa/download/police-litigations.xlsx,XLSX
8f349889-a5d9-49c1-b1b6-c781c6c6be0e,download,https://data.wprdc.org/dataset/8f349889-a5d9-49c1-b1b6-c781c6c6be0e/resource/e3044f20-af90-44fa-8431-619fe9db53f6/download/police-civil-action-data-dictionary.xlsx,XLSX
08e92c0b-da2d-42e4-b39f-c964df9e2fdf,download,https://data.wprdc.org/dataset/08e92c0b-da2d-42e4-b39f-c964df9e2fdf/resource/5c286fb1-cd0d-4796-903d-fd7df52bcc98/download/community-outreach-reports-1.xlsx,XLSX
08e92c0b-da2d-42e4-b39f-c964df9e2fdf,download,https://data.wprdc.org/dataset/08e92c0b-da2d-42e4-b39f-c964df9e2fdf/resource/6fcb6295-b41a-4d7a-8f44-ab7f8605c34d/download/police-community-outreach-data-dictionary.xlsx,XLSX
139e5661-9e70-4b74-8a71-ee2fff0ebdb6,download,https://data.wprdc.org/dataset/139e5661-9e70-4b74-8a71-ee2fff0ebdb6/resource/5b77e35a-c5c6-4dbb-a936-818d2c5b2026/download/ordinance-reviews-thru-december-2021.csv,CSV
b3f75d36-aad6-4868-88bc-452caf09233b,download,https://data.wprdc.org/datastore/dump/4d4a0668-7905-4db6-985e-f7575a9e3160,CSV
b3f75d36-aad6-4868-88bc-452caf09233b,download,https://data.wprdc.org/datastore/dump/c7719aec-fb14-4d33-bd68-5382b4eed2c3,CSV
f0f9d2cf-ecd1-4d6b-9291-78707af92b3c,download,https://pennshare.maps.arcgis.com/apps/webappviewer/index.html?id=8fdbf046e36e41649bbfd9d7dd7c7e7e,HTML
f0f9d2cf-ecd1-4d6b-9291-78707af92b3c,download,https://data.wprdc.org/datastore/dump/6a7016bd-f98c-4bed-b646-a416d60ad766,CSV
f0f9d2cf-ecd1-4d6b-9291-78707af92b3c,download,https://data.wprdc.org/datastore/dump/be6c74ab-9f3a-4d29-9559-789e8782229d,CSV
f0f9d2cf-ecd1-4d6b-9291-78707af92b3c,download,https://data.wprdc.org/datastore/dump/866e1707-df49-4613-9169-3df1a9e39336,CSV
f0f9d2cf-ecd1-4d6b-9291-78707af92b3c,download,https://data.wprdc.org/datastore/dump/ce6f768d-07a8-4c63-bb68-1b7f716589b3,CSV
f0f9d2cf-ecd1-4d6b-9291-78707af92b3c,download,https://data.wprdc.org/datastore/dump/bcc96216-5b7f-434e-8dae-3ff49e03f580,CSV
f0f9d2cf-ecd1-4d6b-9291-78707af92b3c,download,https://data.wprdc.org/dataset/f0f9d2cf-ecd1-4d6b-9291-78707af92b3c/resource/b6690508-4fcf-4d40-9912-1e7fff32d15a/download/westmorelandmunicipalcode.csv,CSV
f0f9d2cf-ecd1-4d6b-9291-78707af92b3c,download,https://data.wprdc.org/dataset/f0f9d2cf-ecd1-4d6b-9291-78707af92b3c/resource/1774d0e8-38a7-4f2b-a839-5a635d820192/download/westmorelandpoliceagencycode.csv,CSV
8f443521-71f1-496b-8495-2ca0460a0c05,download,https://pennshare.maps.arcgis.com/apps/webappviewer/index.html?id=8fdbf046e36e41649bbfd9d7dd7c7e7e,HTML
8f443521-71f1-496b-8495-2ca0460a0c05,download,https://data.wprdc.org/dataset/8f443521-71f1-496b-8495-2ca0460a0c05/resource/1207f7ef-ccc4-4dd3-ab0f-b021f80c5af9/download/2015washington.csv,CSV
8f443521-71f1-496b-8495-2ca0460a0c05,download,https://data.wprdc.org/dataset/8f443521-71f1-496b-8495-2ca0460a0c05/resource/d18987f2-6a4e-4b86-b84e-c171528f650f/download/2014washington.csv,CSV
8f443521-71f1-496b-8495-2ca0460a0c05,download,https://data.wprdc.org/datastore/dump/aeeb1559-a410-4c30-ab3f-0dc20c58bea1,CSV
8f443521-71f1-496b-8495-2ca0460a0c05,download,https://data.wprdc.org/dataset/8f443521-71f1-496b-8495-2ca0460a0c05/resource/e5a4a4ae-602c-45a4-945b-2f00e780b51e/download/2012washington.csv,CSV
8f443521-71f1-496b-8495-2ca0460a0c05,download,https://data.wprdc.org/dataset/8f443521-71f1-496b-8495-2ca0460a0c05/resource/f9015885-dd16-499c-8d42-d85a97618e05/download/2011washington.csv,CSV
8f443521-71f1-496b-8495-2ca0460a0c05,download,https://data.wprdc.org/dataset/8f443521-71f1-496b-8495-2ca0460a0c05/resource/63e97b9e-8ea3-4b53-9f87-4e7612b02f78/download/washingtonmunicipalcode.csv,CSV
8f443521-71f1-496b-8495-2ca0460a0c05,download,https://data.wprdc.org/dataset/8f443521-71f1-496b-8495-2ca0460a0c05/resource/9d57d968-7d35-44ad-91e6-2f85a92d39b3/download/washingtonpoliceagencycode.csv,CSV
543ae03d-3ef4-45c7-b766-2ed49338120f,download,https://data.wprdc.org/dataset/543ae03d-3ef4-45c7-b766-2ed49338120f/resource/f5282701-4689-4629-9333-06a01989c551/download/opendata-citiparks-summer-meal-sites-2015.xlsx,XLSX
543ae03d-3ef4-45c7-b766-2ed49338120f,download,https://data.wprdc.org/dataset/543ae03d-3ef4-45c7-b766-2ed49338120f/resource/2c57a029-08a3-4a0b-a156-07af2a34a03a/download/opendata-citiparks-summer-meal-sites-2015-column-definitions.xlsx,XLSX
543ae03d-3ef4-45c7-b766-2ed49338120f,download,https://data.wprdc.org/dataset/543ae03d-3ef4-45c7-b766-2ed49338120f/resource/f587d617-7afa-4e79-8010-c0d2bdff4c04/download/opendata-citiparks-summer-meal-sites-2015.csv,CSV
4df41b74-3a00-42c0-9c17-2765dfd1ad82,download,https://data.wprdc.org/dataset/4df41b74-3a00-42c0-9c17-2765dfd1ad82/resource/10afdbb2-0007-4fd4-8d86-f274ce087a92/download/baldwinboroughstorminlet.zip,ZIP
4df41b74-3a00-42c0-9c17-2765dfd1ad82,download,https://data.wprdc.org/dataset/4df41b74-3a00-42c0-9c17-2765dfd1ad82/resource/59f18e55-1e26-4239-8e16-778aa1324d90/download/baldwinboroughstormmanhole.zip,ZIP
4df41b74-3a00-42c0-9c17-2765dfd1ad82,download,https://data.wprdc.org/dataset/4df41b74-3a00-42c0-9c17-2765dfd1ad82/resource/ef43c8ee-d110-4278-ba4d-0e15685b2a30/download/baldwinboroughstormline.zip,ZIP
4df41b74-3a00-42c0-9c17-2765dfd1ad82,download,https://data.wprdc.org/dataset/4df41b74-3a00-42c0-9c17-2765dfd1ad82/resource/9fea13e6-db6c-4596-bba4-86655d7716df/download/baldwinboroughstormoutfall.zip,ZIP
00861d07-df77-495b-9ee6-8bbbbaeb7973,download,https://data.wprdc.org/dataset/00861d07-df77-495b-9ee6-8bbbbaeb7973/resource/59a64388-7556-47df-9a20-4a95083b3f8e/download/baldwinboroughsanitaryline.zip,ZIP
00861d07-df77-495b-9ee6-8bbbbaeb7973,download,https://data.wprdc.org/dataset/00861d07-df77-495b-9ee6-8bbbbaeb7973/resource/93591737-2322-410b-b1bc-5de4811a9aa4/download/baldwinboroughsanitarymanhole.zip,ZIP
77de8d0f-1dfc-4148-b811-97b3520c18c5,download,https://commuteinfo.org/for-commuters/park-ride-locator/,HTML
77de8d0f-1dfc-4148-b811-97b3520c18c5,download,https://data.wprdc.org/dataset/77de8d0f-1dfc-4148-b811-97b3520c18c5/resource/50111b67-7904-47f8-ac23-edd60de6dad9/download/spcregpnr.xls,XLS
77de8d0f-1dfc-4148-b811-97b3520c18c5,download,https://data.wprdc.org/dataset/77de8d0f-1dfc-4148-b811-97b3520c18c5/resource/acbe5dfb-25d4-4017-9e1d-0db6f959edb9/download/spcregpnr.csv,CSV
77de8d0f-1dfc-4148-b811-97b3520c18c5,download,https://data.wprdc.org/dataset/77de8d0f-1dfc-4148-b811-97b3520c18c5/resource/46692b9c-ad3f-4a29-8deb-5ca4207eb50d/download/spcregpnr.zip,ZIP
91877d2c-1675-41cd-85a1-bbc6e347aa07,download,https://data.wprdc.org/dataset/91877d2c-1675-41cd-85a1-bbc6e347aa07/resource/e9fe632c-54c7-4e17-8d9f-816342c49ef5/download/parkandrides_1909.zip,ZIP
91877d2c-1675-41cd-85a1-bbc6e347aa07,download,https://data.wprdc.org/dataset/91877d2c-1675-41cd-85a1-bbc6e347aa07/resource/ec10b79a-67f7-48ff-b73e-980af88b6192/download/parkandrides_1809.zip,ZIP
91877d2c-1675-41cd-85a1-bbc6e347aa07,download,https://data.wprdc.org/dataset/91877d2c-1675-41cd-85a1-bbc6e347aa07/resource/1f85e304-ee97-4ed5-adb5-55543d58c259/download/parkandrides1609public.zip,ZIP
91877d2c-1675-41cd-85a1-bbc6e347aa07,download,https://data.wprdc.org/dataset/91877d2c-1675-41cd-85a1-bbc6e347aa07/resource/d06cfcde-27ef-40a9-bf84-d81db1604f9f/download/parkandridedatadictionary.csv,CSV
fb72c35f-ad18-42ff-adad-2a6d0480f348,download,https://data.wprdc.org/dataset/fb72c35f-ad18-42ff-adad-2a6d0480f348/resource/62403582-e6c3-40b6-9bb6-d5d38e3f058d/download/neighborhood_iep.csv,CSV
fb72c35f-ad18-42ff-adad-2a6d0480f348,download,https://data.wprdc.org/dataset/fb72c35f-ad18-42ff-adad-2a6d0480f348/resource/98e6e3fd-f559-4961-b809-239428dc3434/download/iep_race.csv,CSV
fb72c35f-ad18-42ff-adad-2a6d0480f348,download,https://data.wprdc.org/dataset/fb72c35f-ad18-42ff-adad-2a6d0480f348/resource/7e5d4a73-b1c1-41cf-aa63-f756218a8a99/download/iep_grade.csv,CSV
d9bf4afc-0fbb-4d12-9c63-7de76965f84e,download,https://data.wprdc.org/dataset/d9bf4afc-0fbb-4d12-9c63-7de76965f84e/resource/8b0533ad-0873-4903-baf4-c9a1eec521c6/download/high.zip,ZIP
d9bf4afc-0fbb-4d12-9c63-7de76965f84e,download,https://data.wprdc.org/dataset/d9bf4afc-0fbb-4d12-9c63-7de76965f84e/resource/8bd697ec-5a24-4516-bc46-5024080ac8c2/download/middle.zip,ZIP
d9bf4afc-0fbb-4d12-9c63-7de76965f84e,download,https://data.wprdc.org/dataset/d9bf4afc-0fbb-4d12-9c63-7de76965f84e/resource/c02ba4a4-b689-4783-aa43-03dcba03122d/download/elementary.zip,ZIP
27b6eef7-8825-4cc4-8b48-52c17ac80d37,download,https://data.wprdc.org/dataset/27b6eef7-8825-4cc4-8b48-52c17ac80d37/resource/cbf270fd-891e-49bb-98fb-d6d52c260847/download/neighborhood_enrollment.csv,CSV
27b6eef7-8825-4cc4-8b48-52c17ac80d37,download,https://data.wprdc.org/dataset/27b6eef7-8825-4cc4-8b48-52c17ac80d37/resource/643511e3-e99a-4e2a-94a4-033ddb944e94/download/feeder_enrollment.csv,CSV
27b6eef7-8825-4cc4-8b48-52c17ac80d37,download,https://data.wprdc.org/dataset/27b6eef7-8825-4cc4-8b48-52c17ac80d37/resource/5293277e-9d0d-45cb-8584-d0cd2a65bc45/download/school_enrollment.csv,CSV
27b6eef7-8825-4cc4-8b48-52c17ac80d37,download,https://data.wprdc.org/dataset/27b6eef7-8825-4cc4-8b48-52c17ac80d37/resource/7b0660d1-c812-496d-ab0a-8560902e9e70/download/neighborhood_school_enrollment.csv,CSV
46fb3ca4-e844-4b42-b034-e87291d34699,download,https://data.wprdc.org/dataset/46fb3ca4-e844-4b42-b034-e87291d34699/resource/06664b02-c673-49d5-8a70-d3cd1c18ac8d/download/pps_schoolsapr2019publish.csv,CSV
1e310bc4-87f5-4e56-b04c-38bd8c9ed954,download,https://pittsburghpa.maps.arcgis.com/apps/OnePane/basicviewer/index.html?appid=7b284a2998454505a6f000d24ee1ded5,HTML
ce47b2df-a69a-491c-9099-9f20129cf67d,download,https://pghgishub-pittsburghpa.opendata.arcgis.com/datasets/bcd39ed918714385ac1c135b3e122582_0,HTML
ce47b2df-a69a-491c-9099-9f20129cf67d,download,https://pghgishub-pittsburghpa.opendata.arcgis.com/datasets/bcd39ed918714385ac1c135b3e122582_0.csv?outSR=%7B%22latestWkid%22%3A3857%2C%22wkid%22%3A102100%7D,CSV
ce47b2df-a69a-491c-9099-9f20129cf67d,download,https://pghgishub-pittsburghpa.opendata.arcgis.com/datasets/bcd39ed918714385ac1c135b3e122582_0.kml?outSR=%7B%22latestWkid%22%3A3857%2C%22wkid%22%3A102100%7D,KML
ce47b2df-a69a-491c-9099-9f20129cf67d,download,https://pghgishub-pittsburghpa.opendata.arcgis.com/datasets/bcd39ed918714385ac1c135b3e122582_0.zip?outSR=%7B%22latestWkid%22%3A3857%2C%22wkid%22%3A102100%7D,ZIP
307d923c-418e-4838-b2b9-d0896d483f33,download,https://data.wprdc.org/dataset/307d923c-418e-4838-b2b9-d0896d483f33/resource/5fb99124-f92f-491e-821e-06fa7eeb74e9/download/household-type-including-living-alone-american-indian-and-alaska-native-alone.csv,CSV
307d923c-418e-4838-b2b9-d0896d483f33,download,https://data.wprdc.org/dataset/307d923c-418e-4838-b2b9-d0896d483f33/resource/70610c6d-822e-47fb-bd21-0309cc4c0478/download/household-type-including-living-alone-asian-alone.csv,CSV
307d923c-418e-4838-b2b9-d0896d483f33,download,https://data.wprdc.org/dataset/307d923c-418e-4838-b2b9-d0896d483f33/resource/32aebcf7-cdc0-47cd-ac28-7be3f9a453cb/download/household-type-including-living-alone-black-or-african-american-alone.csv,CSV
307d923c-418e-4838-b2b9-d0896d483f33,download,https://data.wprdc.org/dataset/307d923c-418e-4838-b2b9-d0896d483f33/resource/873dabbf-232d-46d7-90b7-ed904941dc44/download/household-type-including-living-alone-black-or-african-american-alone.csv,CSV
307d923c-418e-4838-b2b9-d0896d483f33,download,https://data.wprdc.org/dataset/307d923c-418e-4838-b2b9-d0896d483f33/resource/f2e7f3f5-ce7f-4717-bdf7-759e1fae19e7/download/household-type-including-living-alone-hispanic-or-latino.csv,CSV
307d923c-418e-4838-b2b9-d0896d483f33,download,https://data.wprdc.org/dataset/307d923c-418e-4838-b2b9-d0896d483f33/resource/4096cd98-225a-4c5e-bfb0-7bb98d2759d4/download/household-type-including-living-alone-native-hawaiian-and-other-pacific-islander-alone.csv,CSV
307d923c-418e-4838-b2b9-d0896d483f33,download,https://data.wprdc.org/dataset/307d923c-418e-4838-b2b9-d0896d483f33/resource/4c287bd6-44f0-4475-a163-a1811a467f87/download/household-type-including-living-alone-some-other-race-alone.csv,CSV
307d923c-418e-4838-b2b9-d0896d483f33,download,https://data.wprdc.org/dataset/307d923c-418e-4838-b2b9-d0896d483f33/resource/d21eba01-f13a-4781-aa83-e1d89371a12b/download/household-type-including-living-alone-two-or-more-races.csv,CSV
307d923c-418e-4838-b2b9-d0896d483f33,download,https://data.wprdc.org/dataset/307d923c-418e-4838-b2b9-d0896d483f33/resource/d3c6d6ea-9d0c-4422-9ab2-fa1f8382d34c/download/household-type-including-living-alone-white-alone.csv,CSV
307d923c-418e-4838-b2b9-d0896d483f33,download,https://data.wprdc.org/dataset/307d923c-418e-4838-b2b9-d0896d483f33/resource/51132e98-0d63-4508-94ae-93b9f34187f2/download/household-type-including-living-alone-white-alone-not-hispanic-or-latino.csv,CSV
307d923c-418e-4838-b2b9-d0896d483f33,download,https://data.wprdc.org/dataset/307d923c-418e-4838-b2b9-d0896d483f33/resource/74deca7d-b398-4137-83d7-553a7162f464/download/household-type-including-living-alone.csv,CSV
7bc5037e-52fc-476d-b75c-f1629f007493,download,https://data.wprdc.org/dataset/7bc5037e-52fc-476d-b75c-f1629f007493/resource/b05f9c9c-6c3e-496b-81a9-69b46e867047/download/opendata-pubworks-permitted-shelter-2015.xlsx,XLSX
7bc5037e-52fc-476d-b75c-f1629f007493,download,https://data.wprdc.org/dataset/7bc5037e-52fc-476d-b75c-f1629f007493/resource/1f48b0c6-e51b-470e-8ebc-f65027fb5368/download/opendata-pubworks-permitted-shelter-2015-column-names.xlsx,XLSX
7bc5037e-52fc-476d-b75c-f1629f007493,download,https://data.wprdc.org/dataset/7bc5037e-52fc-476d-b75c-f1629f007493/resource/f9fcdd7e-0d0f-4efc-a0ca-cd7f36f56632/download/opendata-pubworks-permitted-shelter-2015.csv,CSV
f0fd9c36-39f1-44fa-9935-5fe50dcc4235,download,https://tools.wprdc.org/parking/,HTML
4cae7c2c-58f6-4d1f-8e16-15162bee86cb,download,https://data.wprdc.org/dataset/4cae7c2c-58f6-4d1f-8e16-15162bee86cb/resource/5d0dbb0d-cf51-4acb-b1aa-de3b53fc1580/download/baldwinboroughparcelboundary.zip,ZIP
cde6ac1b-d503-4dd8-8d4c-b4f106dd1950,download,https://data.wprdc.org/dataset/cde6ac1b-d503-4dd8-8d4c-b4f106dd1950/resource/61cbcaf6-7e0a-4461-b998-3485a9e10818/download/pittsmva2016data.zip,ZIP
cde6ac1b-d503-4dd8-8d4c-b4f106dd1950,download,https://wprdc-maps.carto.com/u/wprdc/builder/73430bc1-555f-4eaf-a21e-f315a366a2dd/embed,HTML
2d9c9064-e2f7-489d-9b77-d2c603629a81,download,https://data.wprdc.org/dataset/2d9c9064-e2f7-489d-9b77-d2c603629a81/resource/6075b08c-c66a-4b57-9f18-1123239aa022/download/makemytripcount1.csv,CSV
2d9c9064-e2f7-489d-9b77-d2c603629a81,download,https://data.wprdc.org/dataset/2d9c9064-e2f7-489d-9b77-d2c603629a81/resource/5f15fea6-c47a-434a-bc4a-edd92c0cb196/download/mmtc-data-dictionary.csv,CSV
2d9c9064-e2f7-489d-9b77-d2c603629a81,download,http://www.makemytripcount.org/,HTML
03433319-a658-418c-8981-b591ef883254,download,https://data.wprdc.org/dataset/03433319-a658-418c-8981-b591ef883254/resource/c767a381-d8ce-463f-9330-e8366379a666/download/readme-file.txt,TXT
03433319-a658-418c-8981-b591ef883254,download,https://data.wprdc.org/dataset/03433319-a658-418c-8981-b591ef883254/resource/03a33b53-55d8-4bb4-bea7-c0d3011c33e6/download/kingsley-association-data-dictionary_1920-1923.csv,CSV
03433319-a658-418c-8981-b591ef883254,download,https://data.wprdc.org/dataset/03433319-a658-418c-8981-b591ef883254/resource/7519a61c-5af1-489b-b3c7-93298828c58a/download/kingsley-association-data-dictionary_1925-1926.csv,CSV
03433319-a658-418c-8981-b591ef883254,download,https://data.wprdc.org/dataset/03433319-a658-418c-8981-b591ef883254/resource/74e16114-1767-4098-8d0f-d350c00767b1/download/registered-members-of-the-kingsley-house-age-groups-percentages-1920-1923.csv,CSV
03433319-a658-418c-8981-b591ef883254,download,https://data.wprdc.org/dataset/03433319-a658-418c-8981-b591ef883254/resource/ff3bc113-fb5c-4919-a904-6686b72f575f/download/registered-members-of-the-kingsley-house-age-groups-percentages-1925-1926.csv,CSV
03433319-a658-418c-8981-b591ef883254,download,https://data.wprdc.org/dataset/03433319-a658-418c-8981-b591ef883254/resource/69faaf35-5ba8-46e8-8df3-4dd86cba2401/download/occupation-of-kingsley-house-members-percentages-1920-1923.csv,CSV
03433319-a658-418c-8981-b591ef883254,download,https://data.wprdc.org/dataset/03433319-a658-418c-8981-b591ef883254/resource/34629a6b-91f9-460a-9bcc-c84ef1e0f455/download/occupation-of-kingsley-house-members-percentages-1925-1926.csv,CSV
03433319-a658-418c-8981-b591ef883254,download,https://historicpittsburgh.org/collection/kingsley-association-records?islandora_solr_search_navigation=0&f%5B0%5D=RELS_EXT_hasModel_uri_ms%3A%22info%5C%3Afedora%5C/islandora%5C%3AbookCModel%22&sort=mods_originInfo_type_sort_dateOther_s%20desc,HTML
1e3a92ad-49b9-46cf-aa14-2d58e76e5ec6,download,http://truetime.portauthority.org/bustime/home.jsp,HTML
ccd06e53-4226-4704-8ca4-7384409ffa8f,download,https://data.wprdc.org/dataset/ccd06e53-4226-4704-8ca4-7384409ffa8f/resource/cf35ff5a-8a7a-479b-b34c-943c5cd8dd0b/download/pghgi25jan17.zip,ZIP
ccd06e53-4226-4704-8ca4-7384409ffa8f,download,https://data.wprdc.org/dataset/ccd06e53-4226-4704-8ca4-7384409ffa8f/resource/8973c230-c2d1-4cfb-8444-ca6af0849480/download/documentationforgreeninfrastructuresitingandcosteffectivenessanalysis.rtf,RTF
ccd06e53-4226-4704-8ca4-7384409ffa8f,download,https://data.wprdc.org/dataset/ccd06e53-4226-4704-8ca4-7384409ffa8f/resource/764782de-1d50-4b2d-a4d8-b810727dde76/download/supplemental-information-for-green-infrastructure-siting-and-cost-effectiveness-analysis.xlsx,XLSX
ccd06e53-4226-4704-8ca4-7384409ffa8f,download,http://sb.ucsur.pitt.edu/green-infrastructure/,HTML
ccd06e53-4226-4704-8ca4-7384409ffa8f,download,https://docs.google.com/document/d/116KCJ-rGneqdd9H5rOhK0SJMYg4jJ-EhcD_iCbmxSv0/edit,HTML
ccd06e53-4226-4704-8ca4-7384409ffa8f,download,https://docs.google.com/spreadsheets/d/12sdK67KqeUTk3arFrEtO4K9yCk45veFug7tZmdjBuMQ/edit#gid=0,HTML
6bb2a968-761d-48cf-ac5b-c1fc80b4fe6a,download,https://data.wprdc.org/dataset/6bb2a968-761d-48cf-ac5b-c1fc80b4fe6a/resource/42231cab-8341-48d6-b695-47612dd6514a/download/parcelcoords.csv,CSV
6bb2a968-761d-48cf-ac5b-c1fc80b4fe6a,download,https://data.wprdc.org/dataset/6bb2a968-761d-48cf-ac5b-c1fc80b4fe6a/resource/8bda6be7-e90e-46d0-8577-693a27d8812b/download/pghparcelboundaries.zip,ZIP
5934b8d1-892f-4fd7-84c1-aa890d3ff529,download,https://data.wprdc.org/dataset/5934b8d1-892f-4fd7-84c1-aa890d3ff529/resource/f9cdb902-d135-4c33-bc09-221f3a3c9c1f/download/opendata-pubworks-field-listing-2015.xlsx,XLSX
5934b8d1-892f-4fd7-84c1-aa890d3ff529,download,https://data.wprdc.org/dataset/5934b8d1-892f-4fd7-84c1-aa890d3ff529/resource/caff3dd6-9f3a-4e6a-9e20-f464308de728/download/opendata-pubworks-field-listing-2015-column-names.xlsx,XLSX
5934b8d1-892f-4fd7-84c1-aa890d3ff529,download,https://data.wprdc.org/dataset/5934b8d1-892f-4fd7-84c1-aa890d3ff529/resource/a61b6617-2f06-4745-8731-165139d41667/download/opendata-pubworks-field-listing-2015.csv,CSV
7440cc8e-431a-4411-9395-a6199930ea4f,download,https://data.wprdc.org/dataset/7440cc8e-431a-4411-9395-a6199930ea4f/resource/dc29d000-7461-4b2b-a4b2-e5db202a1c83/download/ped-bike.csv,CSV
7440cc8e-431a-4411-9395-a6199930ea4f,download,https://data.wprdc.org/dataset/7440cc8e-431a-4411-9395-a6199930ea4f/resource/872d37b7-ff14-47ac-afad-85d7685d0fba/download/stationary.csv,CSV
7440cc8e-431a-4411-9395-a6199930ea4f,download,https://data.wprdc.org/dataset/7440cc8e-431a-4411-9395-a6199930ea4f/resource/a7a4a4ca-032e-4842-a698-98b9f726694f/download/age-gender-all.csv,CSV
9a633755-da90-4bbb-aaaa-20e9ada109dc,download,https://data.wprdc.org/dataset/9a633755-da90-4bbb-aaaa-20e9ada109dc/resource/6f53b0c2-4919-4145-adb6-7f1622437b7e/download/datapbl_pgh.csv,CSV
f6213ee9-7c53-409d-947a-b3cd7ca36c31,download,https://data.wprdc.org/dataset/f6213ee9-7c53-409d-947a-b3cd7ca36c31/resource/20843d56-506f-44b1-83df-5b16ee865783/download/clp-public-wifi.csv,CSV
f6213ee9-7c53-409d-947a-b3cd7ca36c31,download,https://data.wprdc.org/dataset/f6213ee9-7c53-409d-947a-b3cd7ca36c31/resource/ab87c161-705b-42f6-9a47-ffdd9ef2b22d/download/clp-public-wifi-data-dictionary.csv,CSV
fbc918c8-089a-4a27-9908-fb50f5a6dedc,download,https://pennshare.maps.arcgis.com/apps/webappviewer/index.html?id=8fdbf046e36e41649bbfd9d7dd7c7e7e,HTML
fbc918c8-089a-4a27-9908-fb50f5a6dedc,download,https://data.wprdc.org/dataset/fbc918c8-089a-4a27-9908-fb50f5a6dedc/resource/4e6e945b-3824-4567-a717-3851f26bb6ab/download/2015butler.csv,CSV
fbc918c8-089a-4a27-9908-fb50f5a6dedc,download,https://data.wprdc.org/dataset/fbc918c8-089a-4a27-9908-fb50f5a6dedc/resource/776aba48-fbea-44c6-a8ee-5f25aad83352/download/2014butler.csv,CSV
fbc918c8-089a-4a27-9908-fb50f5a6dedc,download,https://data.wprdc.org/datastore/dump/ec65786e-99ec-46d9-96f3-60531a92404c,CSV
fbc918c8-089a-4a27-9908-fb50f5a6dedc,download,https://data.wprdc.org/datastore/dump/6496fcaa-3a76-4b4e-b4a0-77fd26e2da63,CSV
fbc918c8-089a-4a27-9908-fb50f5a6dedc,download,https://data.wprdc.org/dataset/fbc918c8-089a-4a27-9908-fb50f5a6dedc/resource/92bbb7ce-164b-4d83-807f-479af816123e/download/2011butler.csv,CSV
fbc918c8-089a-4a27-9908-fb50f5a6dedc,download,https://data.wprdc.org/dataset/fbc918c8-089a-4a27-9908-fb50f5a6dedc/resource/64b05145-9390-4997-91e7-597eafd16dc9/download/butlermunicipalcode.csv,CSV
fbc918c8-089a-4a27-9908-fb50f5a6dedc,download,https://data.wprdc.org/dataset/fbc918c8-089a-4a27-9908-fb50f5a6dedc/resource/fe95d067-43fb-48fc-9733-70145e8a43cc/download/butlerpoliceagencycode.csv,CSV
c5f55857-6a20-47f8-a0c6-1c4d8e485642,download,https://data.wprdc.org/dataset/c5f55857-6a20-47f8-a0c6-1c4d8e485642/resource/55666e4d-56de-4e53-b0ea-f23e33ddb058/download/baldwinboroughbuildingfootprint.zip,ZIP
84f23c6b-8a7f-4823-a57d-99c1138049cf,download,https://data.wprdc.org/dataset/84f23c6b-8a7f-4823-a57d-99c1138049cf/resource/e1b6e633-2ed1-44ab-bb72-9cd0a44f1093/download/baldwinboroughoutline.zip,ZIP
ce31fde1-32a8-4fa9-9d1a-cbe465af3292,download,https://data.wprdc.org/dataset/ce31fde1-32a8-4fa9-9d1a-cbe465af3292/resource/6be1bbcd-af8e-47f9-b814-7e1cece0abba/download/bikerackgeocodeexport.csv,CSV
1a524b15-fb02-46d4-9c27-a262cf12edbb,download,https://pennshare.maps.arcgis.com/apps/webappviewer/index.html?id=8fdbf046e36e41649bbfd9d7dd7c7e7e,HTML
1a524b15-fb02-46d4-9c27-a262cf12edbb,download,https://data.wprdc.org/dataset/1a524b15-fb02-46d4-9c27-a262cf12edbb/resource/c8e60455-a895-46ac-8bd3-1f7b8b6f3545/download/2015beaver.csv,CSV
1a524b15-fb02-46d4-9c27-a262cf12edbb,download,https://data.wprdc.org/dataset/1a524b15-fb02-46d4-9c27-a262cf12edbb/resource/8b0a82e0-d711-4b4c-a878-c1405176b522/download/2014beaver.csv,CSV
1a524b15-fb02-46d4-9c27-a262cf12edbb,download,https://data.wprdc.org/dataset/1a524b15-fb02-46d4-9c27-a262cf12edbb/resource/28dd4cf8-5a93-4a50-b6ca-713cabeae0a3/download/2013beaver.csv,CSV
1a524b15-fb02-46d4-9c27-a262cf12edbb,download,https://data.wprdc.org/dataset/1a524b15-fb02-46d4-9c27-a262cf12edbb/resource/7107fd98-7b92-4703-959d-8d01421f1240/download/2012beaver.csv,CSV
1a524b15-fb02-46d4-9c27-a262cf12edbb,download,https://data.wprdc.org/dataset/1a524b15-fb02-46d4-9c27-a262cf12edbb/resource/6df9ce48-8eac-4352-b11e-aab9e77d920a/download/2011beaver.csv,CSV
1a524b15-fb02-46d4-9c27-a262cf12edbb,download,https://data.wprdc.org/dataset/1a524b15-fb02-46d4-9c27-a262cf12edbb/resource/52dd0216-eb35-4a9b-85f9-1df36c5663d0/download/beavermunicipalcode.csv,CSV
1a524b15-fb02-46d4-9c27-a262cf12edbb,download,https://data.wprdc.org/dataset/1a524b15-fb02-46d4-9c27-a262cf12edbb/resource/39f5ba88-c734-4e13-b51d-380ea43e0d9d/download/beaverpoliceagencycode.csv,CSV
b396e1a3-557d-4bf6-80bf-d2e612ac1ceb,download,https://baldwinboroughpa.opengov.com/transparency#/4666/accountType=expenses&breakdown=0e156713-cd91-4780-9810-37ba2fc25db6&currentYearAmount=cumulative&currentYearPeriod=years&graph=stacked&legendSort=desc&month=11&proration=true&saved_view=null&selection=870F0C9E33C81C1E60AEB20915BF9F49&fiscal_start=earliest&fiscal_end=latest,HTML
551e4e22-04b2-4b95-a5f8-1d7237395057,download,https://data.wprdc.org/dataset/551e4e22-04b2-4b95-a5f8-1d7237395057/resource/4ba39d7e-52eb-4b74-829a-0ad5cb75e9d8/download/all_alt_publicproperties_wprdc.zip,SHP
1a5135de-cabe-4e23-b5e4-b2b8dd733817,download,https://openac-alcogis.opendata.arcgis.com/maps/AlCoGIS::allegheny-county-zip-code-boundaries,HTML
1a5135de-cabe-4e23-b5e4-b2b8dd733817,download,https://data.wprdc.org/datastore/dump/0c781f02-2bb9-4d0c-9c45-879bde957f34,CSV
1a5135de-cabe-4e23-b5e4-b2b8dd733817,download,https://data.wprdc.org/dataset/1a5135de-cabe-4e23-b5e4-b2b8dd733817/resource/918be988-a349-48ae-add3-85c7ea5fb744/download/alcogisallegheny-county-zip-code-boundaries.kml,KML
1a5135de-cabe-4e23-b5e4-b2b8dd733817,download,https://data.wprdc.org/dataset/1a5135de-cabe-4e23-b5e4-b2b8dd733817/resource/ec228c0e-6b1e-4f44-a335-df05546d52ea/download/alcogisallegheny-county-zip-code-boundaries.zip,ZIP
f7ccd6d1-b38e-4b08-aba1-b78b4e9483ca,download,https://data.wprdc.org/dataset/f7ccd6d1-b38e-4b08-aba1-b78b4e9483ca/resource/3251251b-69b6-4e55-8ebc-ccac53d275b3/download/readme.txt,TXT
f7ccd6d1-b38e-4b08-aba1-b78b4e9483ca,download,https://data.wprdc.org/dataset/f7ccd6d1-b38e-4b08-aba1-b78b4e9483ca/resource/bcb6d6a8-8d32-4abb-a377-77d7358d94c2/download/pa_allegheny_42003.csv,CSV
f7ccd6d1-b38e-4b08-aba1-b78b4e9483ca,download,https://data.wprdc.org/dataset/f7ccd6d1-b38e-4b08-aba1-b78b4e9483ca/resource/7a27e5b5-da62-43df-9790-00c0d21d88eb/download/data-dictionary.csv,CSV
f7ccd6d1-b38e-4b08-aba1-b78b4e9483ca,download,https://data.wprdc.org/dataset/f7ccd6d1-b38e-4b08-aba1-b78b4e9483ca/resource/563c936d-e126-4251-9a4f-9ca61c91c3b3/download/2000-2010tracts.png,PNG
f7ccd6d1-b38e-4b08-aba1-b78b4e9483ca,download,https://data.wprdc.org/dataset/f7ccd6d1-b38e-4b08-aba1-b78b4e9483ca/resource/68a7c778-13ce-44ab-9df0-8e4d647f9d39/download/pa_allegheny_42003.json,JSON
f7ccd6d1-b38e-4b08-aba1-b78b4e9483ca,download,https://data.wprdc.org/dataset/f7ccd6d1-b38e-4b08-aba1-b78b4e9483ca/resource/ca2cf656-09b2-419f-ad80-251c4aa4035f/download/alleghenymunicipal-2010tracts.png,PNG
f7ccd6d1-b38e-4b08-aba1-b78b4e9483ca,download,https://data.wprdc.org/dataset/f7ccd6d1-b38e-4b08-aba1-b78b4e9483ca/resource/c2fc7f06-f7f4-4cb1-93fb-fc2a165fd6cf/download/tl_2010_42003_tract00.zip,ZIP
f7ccd6d1-b38e-4b08-aba1-b78b4e9483ca,download,https://data.wprdc.org/dataset/f7ccd6d1-b38e-4b08-aba1-b78b4e9483ca/resource/adb0d78d-b7bd-459d-93da-a2121d8a3f13/download/tl_2010_42003_tract10.zip,ZIP
95af9f2c-61c8-446b-ae72-852e195684f3,download,https://data.wprdc.org/dataset/95af9f2c-61c8-446b-ae72-852e195684f3/resource/fb2cb765-458c-4deb-8252-0a18d7ce9a78/download/countysubdivisions_pittsburghmsa_20102020_pl171v2.csv,CSV
95af9f2c-61c8-446b-ae72-852e195684f3,download,https://data.wprdc.org/dataset/95af9f2c-61c8-446b-ae72-852e195684f3/resource/a8414ed5-c50f-417e-bb67-82b734660da6/download/preliminarycitypittsburghneighborhood_pl94171summary-2.csv,CSV
95af9f2c-61c8-446b-ae72-852e195684f3,download,https://ucsur.pitt.edu/perspectives.php?t=20210812162235653161&x=73&b=20210821103378,HTML
95af9f2c-61c8-446b-ae72-852e195684f3,download,https://www.neighborhoodindicators.org/get-involved/webinars/communicating-communities-about-2020-census-data-quality,HTML
95af9f2c-61c8-446b-ae72-852e195684f3,download,https://data.wprdc.org/dataset/95af9f2c-61c8-446b-ae72-852e195684f3/resource/6b09ea3e-7d34-4665-ad0b-798a0efadc29/download/index_pittsburghneighborhoods_blocks_2020.csv,CSV
95af9f2c-61c8-446b-ae72-852e195684f3,download,https://wprdc-maps.carto.com/u/wprdc/builder/e3d72dfc-a574-434b-8cf3-0654658d8f88/embed?state=%7B%22map%22%3A%7B%22ne%22%3A%5B40.19356109815612%2C-80.61355590820314%5D%2C%22sw%22%3A%5B40.69157226543675%2C-79.34463500976564%5D%2C%22center%22%3A%5B40.44276659332215%2C-79.97926712036134%5D%2C%22zoom%22%3A11%7D%7D,HTML
1fb0bfbd-c8cc-4245-a8d0-2e60196040b3,download,https://data.wprdc.org/dataset/1fb0bfbd-c8cc-4245-a8d0-2e60196040b3/resource/3dc54420-af07-4dad-9f7b-e5b7d6afeaec/download/blockcodesaug2016.zip,ZIP
1fb0bfbd-c8cc-4245-a8d0-2e60196040b3,download,https://data.wprdc.org/dataset/1fb0bfbd-c8cc-4245-a8d0-2e60196040b3/resource/2eaffc6d-baf0-4d07-95cc-e6863ef309e0/download/blockdatadictionaryaug102016.csv,CSV
1fb0bfbd-c8cc-4245-a8d0-2e60196040b3,download,https://data.wprdc.org/dataset/1fb0bfbd-c8cc-4245-a8d0-2e60196040b3/resource/d30a6b9f-2598-475a-b3de-f0018655b792/download/blockcodes2016.zip,ZIP
c7b3266c-adc6-41c0-b19a-8d4353bfcdaf,geo_json,https://data.wprdc.org/dataset/c7b3266c-adc6-41c0-b19a-8d4353bfcdaf/resource/7f7072ce-7c19-4813-a45c-6135cf4505bb/download/sourcesites.geojson,
33d5f44b-5315-4374-b3e3-e4246e8ad5c9,geo_json,https://data.wprdc.org/dataset/33d5f44b-5315-4374-b3e3-e4246e8ad5c9/resource/d6e6ed6e-9220-4a0e-9796-e72d83ce8e7a/download/stops.geojson,
6be8185a-7fc3-48c7-9b8d-716602ea03f0,geo_json,https://data.wprdc.org/dataset/6be8185a-7fc3-48c7-9b8d-716602ea03f0/resource/4c3bf8b1-1bcd-42d6-bc7b-4c45be7da085/download/routes.geojson,
d660edf8-9157-45ad-a282-50822badfaae,geo_json,https://data.wprdc.org/dataset/d660edf8-9157-45ad-a282-50822badfaae/resource/ca507d2c-8311-435f-a320-7c563290c1bc/download/code_enforcement_xformed.geojson,
f9006efd-eac0-467a-a0d2-3b3a9a59cd39,geo_json,https://data.wprdc.org/dataset/f9006efd-eac0-467a-a0d2-3b3a9a59cd39/resource/e8f6f782-de70-4be0-a3fe-33153af8246d/download/condemned_dead_end_properties.geojson,
473ec352-da08-4cc2-bc32-20a59b23c0a1,geo_json,https://data.wprdc.org/dataset/473ec352-da08-4cc2-bc32-20a59b23c0a1/resource/625c4525-3d07-4edb-9b48-d4173b0d4d5f/download/inlets.geojson,
2db3b1d4-ce51-4962-82de-db49cc883842,geo_json,https://data.wprdc.org/dataset/2db3b1d4-ce51-4962-82de-db49cc883842/resource/7dacbc47-e188-4cc3-a026-6da6e84bbdbf/download/reg_comm_groups.geojson,
fb9d8835-88f5-48c2-9079-9260bfc34c1a,geo_json,https://data.wprdc.org/dataset/fb9d8835-88f5-48c2-9079-9260bfc34c1a/resource/c20da30d-2b9c-46b2-bc4c-f72d83272301/download/pgh_trails.geojson,
0f9c9c45-9738-49d6-b4e5-de71a1381a9c,geo_json,https://data.wprdc.org/dataset/0f9c9c45-9738-49d6-b4e5-de71a1381a9c/resource/f915176d-b053-4580-9d33-24025cb7491a/download/ems_stations.geojson,
91c6bbfc-e592-4864-af45-3777682e9ad5,geo_json,https://data.wprdc.org/dataset/91c6bbfc-e592-4864-af45-3777682e9ad5/resource/a11d9adc-f17e-4fb5-b135-8807f4e1bc36/download/golf_courses.geojson,
3580b59a-2ce2-4ed9-8997-677449b450f9,geo_json,https://data.wprdc.org/dataset/3580b59a-2ce2-4ed9-8997-677449b450f9/resource/9481a004-8683-41e4-bbd2-5027beb2c750/download/schools.geojson,
93634185-1779-45dd-a593-c8e8aba3f95b,geo_json,https://data.wprdc.org/dataset/93634185-1779-45dd-a593-c8e8aba3f95b/resource/83b2018d-70e5-4bad-b99d-89781f7425ed/download/2020_census_tracts.geojson,
34d1c985-621d-4768-8e78-5759c191b7f9,geo_json,https://data.wprdc.org/dataset/34d1c985-621d-4768-8e78-5759c191b7f9/resource/b3c0756e-321d-43b7-bc53-0a230ffe78c5/download/municipal_parks.geojson,
521468b6-a0d4-4522-9291-3f8854790c60,geo_json,https://data.wprdc.org/dataset/521468b6-a0d4-4522-9291-3f8854790c60/resource/1f6579ab-e29d-43a7-8f06-6465653fec0e/download/pomeroy.geojson,
9cb09db9-bad9-4f60-a854-1ea479ef601d,geo_json,https://data.wprdc.org/dataset/9cb09db9-bad9-4f60-a854-1ea479ef601d/resource/e5f9adda-fd3c-434f-ae7b-429929451c90/download/land_use.geojson,
cd24b8f3-bd02-4f90-b688-9f69a84420e3,geo_json,https://openac-alcogis.opendata.arcgis.com/datasets/626854df63a84eeaa2b3fca9b0a3b911_1.geojson?outSR=%7B%22latestWkid%22%3A2272%2C%22wkid%22%3A102729%7D,
4f3f06b9-2725-4e76-a236-72ef7737f5d1,geo_json,https://data.wprdc.org/dataset/4f3f06b9-2725-4e76-a236-72ef7737f5d1/resource/8266335c-36d8-4ab6-91dd-d9e69ab6dbf8/download/census_blocks_2020.geojson,
43035153-cd97-4612-82b9-6a2014e760d5,geo_json,https://data.wprdc.org/dataset/43035153-cd97-4612-82b9-6a2014e760d5/resource/04a16e01-0009-48eb-9859-cbfc8e5027b7/download/magisterial_offices.geojson,
d63c868f-bf81-4366-8ddc-e25d240e621d,geo_json,https://data.wprdc.org/dataset/d63c868f-bf81-4366-8ddc-e25d240e621d/resource/a5dd009f-b167-449b-854b-b93520123f0f/download/map_grid.geojson,
0aaf4dd1-716b-4106-b88e-3f07b6cc141a,geo_json,https://data.wprdc.org/dataset/0aaf4dd1-716b-4106-b88e-3f07b6cc141a/resource/a7908c26-0037-481d-856a-2942f92ab821/download/senate_districts.geojson,
f063ae36-6c90-4c3c-aafe-102a876d0d44,geo_json,https://data.wprdc.org/dataset/f063ae36-6c90-4c3c-aafe-102a876d0d44/resource/74aebbef-0df1-441b-9b4b-54cf7c38f567/download/hydrology_areas.geojson,
d285f358-154e-4115-b2e2-520ccf48a2f1,geo_json,https://data.wprdc.org/dataset/d285f358-154e-4115-b2e2-520ccf48a2f1/resource/a749cade-9d56-442b-837f-4a93daa8b62a/download/major_rivers.geojson,
8d3104f6-a1dc-46b0-a2bc-9715af02f543,geo_json,https://data.wprdc.org/dataset/8d3104f6-a1dc-46b0-a2bc-9715af02f543/resource/8dbb9a5e-a91b-47d1-ba73-45d6e1e576d4/download/wooded_areas.geojson,
2e68481c-3ba2-43fd-a5d5-b833fb1d89b2,geo_json,https://data.wprdc.org/dataset/2e68481c-3ba2-43fd-a5d5-b833fb1d89b2/resource/c6a856ff-8e6a-4d7c-a3a7-555038983bba/download/basins.geojson,
e80cb6b3-b31b-4ca8-a8ae-aee164608100,geo_json,https://data.wprdc.org/dataset/e80cb6b3-b31b-4ca8-a8ae-aee164608100/resource/09900a13-ab5d-4e41-94f8-7e4d129e9a4c/download/county_boundary.geojson,
fbb26682-fcf8-4be0-bb98-defcc01cc985,geo_json,https://data.wprdc.org/dataset/fbb26682-fcf8-4be0-bb98-defcc01cc985/resource/409cc620-7ace-4ee9-9bcf-bd483d946fbf/download/cell_towers.geojson,
205353f9-9a87-4727-9d57-5fed1d88273f,geo_json,https://data.wprdc.org/dataset/205353f9-9a87-4727-9d57-5fed1d88273f/resource/eaf1bae3-5a03-46fa-9023-5924693774dd/download/magisterial_districts.geojson,
c6276e3b-7f6a-4680-a018-420468b01133,geo_json,https://data.wprdc.org/dataset/c6276e3b-7f6a-4680-a018-420468b01133/resource/e9758ab2-c26f-4667-ac86-24b6ac3c104e/download/bridge_centerlines.geojson,
b1137baf-7316-4e2b-8dbf-a8a72469fce3,geo_json,https://data.wprdc.org/dataset/b1137baf-7316-4e2b-8dbf-a8a72469fce3/resource/ba2e2589-08e4-4ee3-acb2-5abb221bff69/download/public_buildings.geojson,
2194aa30-f6af-487d-9f9f-033e31192d6c,geo_json,https://data.wprdc.org/dataset/2194aa30-f6af-487d-9f9f-033e31192d6c/resource/4b16b8a5-d156-4f53-911d-493a82492244/download/watersheds.geojson,
78115312-761a-4841-8fd6-2442acdb7cce,geo_json,https://data.wprdc.org/dataset/78115312-761a-4841-8fd6-2442acdb7cce/resource/5990b107-06b2-4ea7-95cc-0e7fb1b6a27b/download/all_trails.geojson,
93770e04-4378-4637-b449-aac1677b8fd7,geo_json,https://data.wprdc.org/dataset/93770e04-4378-4637-b449-aac1677b8fd7/resource/cae9d3d7-7967-4af1-897a-201bb837b351/download/wic_vendors.geojson,
df953315-6b4d-47e6-9502-d5a6af83d993,geo_json,https://data.wprdc.org/dataset/df953315-6b4d-47e6-9502-d5a6af83d993/resource/c7dba60a-3631-4a04-8221-951067397062/download/voting_bounds.geojson,
a00402b4-dd73-46fc-8a18-99c3709c5881,geo_json,https://data.wprdc.org/dataset/a00402b4-dd73-46fc-8a18-99c3709c5881/resource/62705acd-bdf5-4752-9e9d-33b956710c8c/download/polls.geojson,
73eb573e-cc12-4f29-8e69-17f7975c89cb,geo_json,https://data.wprdc.org/dataset/73eb573e-cc12-4f29-8e69-17f7975c89cb/resource/501b2f84-ac1c-40a3-8099-e4e431f993df/download/council.geojson,
e41c0a67-837f-460c-94a9-6650b74f10da,geo_json,https://data.wprdc.org/dataset/e41c0a67-837f-460c-94a9-6650b74f10da/resource/fd4d0f47-5a05-4716-861e-b0b328effe8b/download/school_districts.geojson,
a696c68a-7233-4415-84c9-5d641e37f3bc,geo_json,https://data.wprdc.org/dataset/a696c68a-7233-4415-84c9-5d641e37f3bc/resource/69b65369-05f5-44b1-a6c4-2a16e109d1f6/download/park_outlines.geojson,
829733f9-61dd-48ad-a68c-e5193d3ce14b,geo_json,https://data.wprdc.org/dataset/829733f9-61dd-48ad-a68c-e5193d3ce14b/resource/238ad72f-a822-42b4-82d4-34b02f1d3a9c/download/land_cover.geojson,
c5e96c79-d968-403e-9945-e798703ff440,geo_json,https://data.wprdc.org/dataset/c5e96c79-d968-403e-9945-e798703ff440/resource/045be70c-10a9-428e-be4b-ca794973fd51/download/dpw_districts_geojson.geojson,
7e26b7ca-26c1-4185-b33f-d17f4c6af9de,geo_json,https://data.wprdc.org/dataset/7e26b7ca-26c1-4185-b33f-d17f4c6af9de/resource/cba99c7b-f06d-46cf-87d2-42898728fc3f/download/beltway.geojson,
676409b6-c7d2-476f-b87d-e1d707c8aa36,geo_json,https://data.wprdc.org/dataset/676409b6-c7d2-476f-b87d-e1d707c8aa36/resource/ae9f7dee-d0a9-4ef1-a8e2-713b80f1037e/download/dams.geojson,
c16b5379-3f99-4bdf-8d52-63fd25676d6e,geo_json,https://data.wprdc.org/dataset/c16b5379-3f99-4bdf-8d52-63fd25676d6e/resource/b13b5177-8e43-4f85-95ca-54a90e837f94/download/park_features.geojson,
4b94de97-eed9-4717-ad85-bab8d227a457,geo_json,https://data.wprdc.org/dataset/4b94de97-eed9-4717-ad85-bab8d227a457/resource/083c1400-999f-4409-a1a2-fd27ad5592d5/download/hydrology_lines.geojson,
2fa577d6-1a6b-46a8-8165-27fecac1dee5,geo_json,https://data.wprdc.org/dataset/2fa577d6-1a6b-46a8-8165-27fecac1dee5/resource/b0cb0249-d1ba-45b7-9918-dc86fa8af04c/download/muni_boundaries.geojson,
7973ae28-2f11-46c0-9cbb-59af8b9271b7,geo_json,https://data.wprdc.org/dataset/7973ae28-2f11-46c0-9cbb-59af8b9271b7/resource/c8ae16de-8a25-4796-9775-67baa8294987/download/cemeteries.geojson,
749d1cdb-cd9e-4da2-bfdc-1fe299f9ba84,geo_json,https://data.wprdc.org/dataset/749d1cdb-cd9e-4da2-bfdc-1fe299f9ba84/resource/dc72e6c1-f85b-4bfa-8162-005bf11accb7/download/soil_areas.geojson,
582f82cb-800b-42b4-85a5-883ce46fceab,geo_json,https://data.wprdc.org/dataset/582f82cb-800b-42b4-85a5-883ce46fceab/resource/449c2c8e-120e-478a-87de-beb089c395cf/download/co_centerlines.geojson,
34f6668d-130d-4e10-b49b-598c43b83d27,geo_json,https://data.wprdc.org/dataset/34f6668d-130d-4e10-b49b-598c43b83d27/resource/3a5d16aa-f7fe-46c4-9944-aa101f98f4b0/download/alleghenycounty_streetcenterlines202511.geojson,
4988ae5c-a677-4a7f-9bd0-e735c19a8ff3,geo_json,https://data.wprdc.org/dataset/4988ae5c-a677-4a7f-9bd0-e735c19a8ff3/resource/492a62fb-0560-43f0-9f8e-037fc51343a0/download/alleghenycounty_addresspoints202603.geojson,
709e4e52-6f82-4cd0-a848-f3e2b3f5d22b,geo_json,https://data.wprdc.org/dataset/709e4e52-6f82-4cd0-a848-f3e2b3f5d22b/resource/3f50d47a-ab54-4da2-9f03-8519006e9fc9/download/alleghenycounty_parcels202607.geojson,
7bec7990-e46e-4cda-b595-246da73d7280,geo_json,https://data.wprdc.org/dataset/7bec7990-e46e-4cda-b595-246da73d7280/resource/e8c6a321-37d6-4304-bbad-d6b9ce12c215/download/fire_stations.geojson,
ee23d41a-7c7d-4093-9245-b1691b7b9b4d,geo_json,https://data.wprdc.org/dataset/ee23d41a-7c7d-4093-9245-b1691b7b9b4d/resource/f66956f7-0099-40c0-b316-e97cd1360ceb/download/high_injury.geojson,
7123fa53-04e3-445d-9a98-ca130fc062af,geo_json,https://data.wprdc.org/dataset/7123fa53-04e3-445d-9a98-ca130fc062af/resource/735cb7ff-b40f-4ccf-86a9-5a39df19f92d/download/zoning_heights.geojson,
9ebd073b-f637-4f33-a7c2-619d23dd085a,geo_json,https://data.wprdc.org/dataset/9ebd073b-f637-4f33-a7c2-619d23dd085a/resource/8a38a51d-5000-4600-8114-3f9e92202a64/download/pgh_centerlines.geojson,
e43ad211-523f-4f7d-8f96-e65d5a10a5df,geo_json,https://data.wprdc.org/dataset/e43ad211-523f-4f7d-8f96-e65d5a10a5df/resource/19b813f7-5006-4758-91ad-4b5af7a28c5a/download/ballfields.geojson,
96d43314-a8d6-4c74-86dc-4625e1eff8e8,geo_json,https://data.wprdc.org/dataset/96d43314-a8d6-4c74-86dc-4625e1eff8e8/resource/4d161bd5-a262-4999-b46f-a7de6363a48f/download/terminals.geojson,
d3b826ab-02e9-47a2-a0bf-68a741007721,geo_json,https://data.wprdc.org/dataset/d3b826ab-02e9-47a2-a0bf-68a741007721/resource/ecd4b154-cbfa-4261-ad13-143188068dd8/download/meter_areas.geojson,
706febd5-e08c-425f-90bd-f1ad8af1ce0f,geo_json,https://data.wprdc.org/dataset/706febd5-e08c-425f-90bd-f1ad8af1ce0f/resource/6456207a-1c2b-4055-bebd-1c64b92ca52a/download/2018_cdbg_block_groups.geojson,
bdd1b7d7-a2a8-4773-ad02-f062fda9a29e,geo_json,https://data.wprdc.org/dataset/bdd1b7d7-a2a8-4773-ad02-f062fda9a29e/resource/a8e69e00-fc21-411a-8f24-5f49f5bf2bbe/download/2018_cdbg_tracts.geojson,
d4492d7d-58f4-415f-9ffe-cc0152187468,geo_json,https://data.wprdc.org/dataset/d4492d7d-58f4-415f-9ffe-cc0152187468/resource/a0ec9db2-08aa-4f9c-8326-bf5272174010/download/watersheds.geojson,
7bd99c7c-e824-4710-894b-73721bef6f88,geo_json,https://data.wprdc.org/dataset/7bd99c7c-e824-4710-894b-73721bef6f88/resource/9a1a0b33-40a9-4663-8b13-a807bbde0dc4/download/ems.geojson,
4c9b78ee-d044-418d-97c9-130ccdcb3435,geo_json,https://data.wprdc.org/dataset/4c9b78ee-d044-418d-97c9-130ccdcb3435/resource/122717f9-f08a-4be1-82b9-c213cc069e8c/download/flood_zones.geojson,
8039a2c9-fc4d-464d-bb21-e43738be94cc,geo_json,https://data.wprdc.org/dataset/8039a2c9-fc4d-464d-bb21-e43738be94cc/resource/0c94c2fc-487c-491c-97e3-6826e335007a/download/police_sectors.geojson,
412a036d-cf8c-4b72-8525-878b533a2641,geo_json,https://data.wprdc.org/dataset/412a036d-cf8c-4b72-8525-878b533a2641/resource/7042cc68-0e1e-4e11-8cc4-9c3e8acd39fb/download/police_zones.geojson,
e07ba390-7483-4f16-a695-0b6367ef9164,geo_json,https://data.wprdc.org/dataset/e07ba390-7483-4f16-a695-0b6367ef9164/resource/4339b785-8f77-41d2-a368-06beb54eedd0/download/dpw_street_divs.geojson,
e672f13d-71c4-4a66-8f38-710e75ed80a4,geo_json,https://data.wprdc.org/dataset/e672f13d-71c4-4a66-8f38-710e75ed80a4/resource/4af8e160-57e9-4ebf-a501-76ca1b42fc99/download/neighborhoods.geojson,
72f4488a-9eec-4cc3-be3b-f13a8c6dc72d,geo_json,https://data.wprdc.org/dataset/72f4488a-9eec-4cc3-be3b-f13a8c6dc72d/resource/c6dcdb4f-5a6d-4109-bed3-6f910cecfb01/download/parking_permits.geojson,
0f643c56-1c53-4c88-824d-3a3876c0d3a0,geo_json,https://data.wprdc.org/dataset/0f643c56-1c53-4c88-824d-3a3876c0d3a0/resource/5ce91a56-0799-46ea-9585-13fa8db5979e/download/slopes.geojson,
353f0870-8e5d-43c0-91fc-85eeae66c675,geo_json,https://data.wprdc.org/dataset/353f0870-8e5d-43c0-91fc-85eeae66c675/resource/bea8d7a6-a3db-4ac5-8d80-f4b1a2630aec/download/dpw_divs.geojson,
ea849f53-0aa9-4621-b9fb-e8dc323d3a9e,geo_json,https://data.wprdc.org/dataset/ea849f53-0aa9-4621-b9fb-e8dc323d3a9e/resource/e1d96015-818f-46fb-88dd-85c20eacb96c/download/undermined.geojson,
4a86cee6-033f-41d2-bc56-6a9480819117,geo_json,https://data.wprdc.org/dataset/4a86cee6-033f-41d2-bc56-6a9480819117/resource/c7ec988b-3bfe-4c84-9e90-a8037225081f/download/dpw_2018.geojson,
fd2f4880-e245-4c46-8071-5a364efa0abf,geo_json,https://data.wprdc.org/dataset/fd2f4880-e245-4c46-8071-5a364efa0abf/resource/4d29b4dd-d7ec-4e1e-a774-e82d5caeee12/download/fire_zones.geojson,
8249c8b6-37c6-4849-abe7-c9abbcdf6197,geo_json,https://data.wprdc.org/dataset/8249c8b6-37c6-4849-abe7-c9abbcdf6197/resource/eb8d8237-16d5-4b19-ab71-ed89343aa448/download/council_districts_2022.geojson,
2ee7c48c-6fcf-407a-a8ca-477bdcfffda7,geo_json,https://data.wprdc.org/dataset/2ee7c48c-6fcf-407a-a8ca-477bdcfffda7/resource/dbe47f38-033d-448b-bb3d-ff0e598d4c50/download/historic_sites.geojson,
01773197-baba-4f5e-aa77-ae87a04afafc,geo_json,https://data.wprdc.org/dataset/01773197-baba-4f5e-aa77-ae87a04afafc/resource/6127f35e-f36b-4a53-80b3-f4409609e9df/download/zoning.geojson,
8820c384-1424-45dd-a2bb-366a6a7c6d1b,geo_json,https://data.wprdc.org/dataset/8820c384-1424-45dd-a2bb-366a6a7c6d1b/resource/7c2b901b-6328-4e40-99a3-4b5952cd6f31/download/greenways.geojson,
766bbec2-e744-408e-9c8c-a58b662b6007,geo_json,https://data.wprdc.org/dataset/766bbec2-e744-408e-9c8c-a58b662b6007/resource/2312299d-d632-4921-9c8a-6cbfb529522d/download/wards.geojson,
e298e2ae-07c0-4aa4-a2ca-2c8db845b552,geo_json,https://data.wprdc.org/dataset/e298e2ae-07c0-4aa4-a2ca-2c8db845b552/resource/ca4ee6a6-3058-487f-9724-2a335b2d79f2/download/parks.geojson,
8f92ae09-4cfa-4e0d-9c46-779a66d93d1e,geo_json,https://data.wprdc.org/dataset/8f92ae09-4cfa-4e0d-9c46-779a66d93d1e/resource/c926cfe2-e085-4808-94bc-b33895089a74/download/historic_districts.geojson,
6eb1be84-7abe-45c3-8a37-90db80ea6149,geo_json,https://data.wprdc.org/dataset/6eb1be84-7abe-45c3-8a37-90db80ea6149/resource/b5b45ac6-f8ef-4805-b4e4-fc7c63fb4075/download/landslides.geojson,
9d35d609-e8f9-4c51-9dce-e7dd14e252d4,geo_json,https://data.wprdc.org/dataset/9d35d609-e8f9-4c51-9dce-e7dd14e252d4/resource/8178a134-a3bc-4675-972e-fe5370576919/download/steps.geojson,
cc26ac21-f3b3-4cb4-bf57-90f72bf8f044,geo_json,https://data.wprdc.org/dataset/cc26ac21-f3b3-4cb4-bf57-90f72bf8f044/resource/86d92434-8f27-4981-b5ab-90bc0a7c0f79/download/environmental-justice-areas.geojson,
30bbb37c-ca2d-47e6-bae4-72c57272383c,geo_json,https://data.wprdc.org/dataset/30bbb37c-ca2d-47e6-bae4-72c57272383c/resource/1ac3a889-61b5-452a-950d-c7533d9a5e23/download/pwsa_gi_inventory.geojson,
b1282e47-6a70-4f18-98df-f081e7406e34,geo_json,https://data.wprdc.org/dataset/b1282e47-6a70-4f18-98df-f081e7406e34/resource/5c7edf21-421c-40ec-b851-d55aa5b3585f/download/smart_trash_containers.geojson,
682daad1-6d3a-45d3-8710-6c961146e19b,geo_json,http://fishfry.codeforpgh.com/api/fishfries/,
e33e12d9-1268-45ed-ae47-ae3a76dcc0aa,geo_json,https://data.wprdc.org/dataset/e33e12d9-1268-45ed-ae47-ae3a76dcc0aa/resource/fd532423-b0ec-4028-98ff-5d414c47e01a/download/facilities_img.geojson,
4b9c5947-5645-4dbc-a7b6-eb323418fe02,geo_json,https://data.wprdc.org/dataset/4b9c5947-5645-4dbc-a7b6-eb323418fe02/resource/eb0cf52f-3da1-4b77-8f6d-891dff8adfa0/download/playgroundequipment_img.geojson,
a4007e33-9db4-4832-a022-4922415f9fff,geo_json,https://data.wprdc.org/dataset/a4007e33-9db4-4832-a022-4922415f9fff/resource/2010c936-c825-4538-826b-29ec4de32010/download/speedhumps_img.geojson,
a45d5ee0-c7d2-4663-a153-8434e1a26779,geo_json,https://data.wprdc.org/dataset/a45d5ee0-c7d2-4663-a153-8434e1a26779/resource/6b8b7fc6-75f6-498f-9830-5df1bf5bdfa5/download/traffic_counter_img.geojson,
88550525-db51-4fa2-9418-b23c1329d6e6,geo_json,https://data.wprdc.org/dataset/88550525-db51-4fa2-9418-b23c1329d6e6/resource/841de570-9de1-4568-87a1-f52dfb1b7622/download/2019-bike-lanes.geojson,
4a3664df-38a0-4e06-9751-310ba05f7f0a,geo_json,https://data.wprdc.org/dataset/4a3664df-38a0-4e06-9751-310ba05f7f0a/resource/0335f47a-ed05-4664-8ba3-7ddffd6828bc/download/greenways.geojson,
7db7daf4-1fcc-4ad6-ad5e-6ed21a45b154,geo_json,https://data.wprdc.org/dataset/7db7daf4-1fcc-4ad6-ad5e-6ed21a45b154/resource/f3d639c6-324f-4672-b86c-d42af5002b66/download/___,
a917bd77-69b0-4ac7-8304-73b4dcc65d61,geo_json,https://data.wprdc.org/dataset/a917bd77-69b0-4ac7-8304-73b4dcc65d61/resource/a7bd36fd-bf2d-4818-b6ef-a010cf039e31/download/public_water_systems_-_public_water_supplier_service_areas.geojson,
a946ffe7-2900-42d3-8916-6b0e10f0e415,geo_json,https://data.wprdc.org/dataset/a946ffe7-2900-42d3-8916-6b0e10f0e415/resource/3be6661e-0435-4b68-b31d-819d09dbce23/download/pghzoning1967.geojson,
bc921927-c085-4303-89de-8f520ffdc6ab,geo_json,https://data.wprdc.org/dataset/bc921927-c085-4303-89de-8f520ffdc6ab/resource/103e1bfc-8f9b-4e82-96e2-dae94fc245f3/download/pghdevelopmentmap1969-1974.geojson,
2706f171-3803-4ee4-bbf7-b8e9014ce490,geo_json,https://data.wprdc.org/dataset/2706f171-3803-4ee4-bbf7-b8e9014ce490/resource/8e9391ff-e700-49a9-929b-36fe46309ed0/download/pghzoning1927.geojson,
c644fd38-0efb-4e47-896a-886d44d92056,geo_json,https://data.wprdc.org/dataset/c644fd38-0efb-4e47-896a-886d44d92056/resource/3796160e-2d96-48d6-81a1-088e34e4644d/download/pghzoning1958.geojson,
9ce31f01-1dfa-4a14-9969-a5c5507a4b40,geo_json,https://data.wprdc.org/dataset/9ce31f01-1dfa-4a14-9969-a5c5507a4b40/resource/d876927a-d3da-44d1-82e1-24310cdb7baf/download/trees_img.geojson,
66b6bc87-586d-44de-9c8e-8df26a5f1083,geo_json,https://data.wprdc.org/dataset/66b6bc87-586d-44de-9c8e-8df26a5f1083/resource/3925a7d1-7f43-4d9f-b885-bca4586b1085/download/bridges_points.geojson,
097c70b6-d5d3-434b-af90-23c8b1a99bfb,geo_json,https://data.wprdc.org/dataset/097c70b6-d5d3-434b-af90-23c8b1a99bfb/resource/bbe84edd-f737-4e28-b31e-fc7dfa162082/download/___,
ed485f75-044f-4614-b35d-65ff73dc46c3,geo_json,https://data.wprdc.org/dataset/ed485f75-044f-4614-b35d-65ff73dc46c3/resource/8bda18bd-716e-4b7e-b8fa-d9c5c632e481/download/public_schools.geojson,
2a0c1b95-6154-4a67-8074-ad3d5c67ada1,geo_json,https://data.wprdc.org/dataset/2a0c1b95-6154-4a67-8074-ad3d5c67ada1/resource/5737e805-1049-4ea9-a055-b3dff7542a4c/download/private_schools.geojson,
8f294d6e-d3f6-491d-98d3-75eaa23e1d8b,geo_json,https://data.wprdc.org/dataset/8f294d6e-d3f6-491d-98d3-75eaa23e1d8b/resource/31b35438-5cbc-4600-a19b-4eed3762865c/download/alcogisallegheny-county-voting-district-boundaries-ward-district-labels.geojson,
e464669e-4271-4a03-ac31-74c3c1eb583a,geo_json,https://data.wprdc.org/dataset/e464669e-4271-4a03-ac31-74c3c1eb583a/resource/55575e10-e09e-4223-9155-494d44fd12cd/download/pa-fixed-broadband-2024-10-01_performance.geojson,
78b91061-5976-49f8-9e4e-b0c1b9a7a401,geo_json,https://data.wprdc.org/dataset/78b91061-5976-49f8-9e4e-b0c1b9a7a401/resource/c07b1fcd-1662-4517-ab7b-eb73de4accee/download/block_group.geojson,
904294e5-ba3f-47f0-9e68-e7ede3ba6b33,geo_json,https://data.wprdc.org/dataset/904294e5-ba3f-47f0-9e68-e7ede3ba6b33/resource/e17b6d76-4060-4691-be66-2edc367d87b8/download/papittsburgh1937.geojson,
f669d677-c9e2-4d2f-b16f-c9ab5a4f3d10,geo_json,https://data.wprdc.org/dataset/f669d677-c9e2-4d2f-b16f-c9ab5a4f3d10/resource/ec09f5ad-f43e-4f06-af3a-65641c2818dc/download/mva.geojson,
097b4123-6586-49df-af21-5b0f1a28372c,geo_json,https://data.wprdc.org/dataset/097b4123-6586-49df-af21-5b0f1a28372c/resource/e872af7c-fc52-4ea3-9bf1-003496b4a36b/download/farmers_markets.geojson,
926d9afe-ea94-4211-9623-d9ad52fd0778,geo_json,https://data.wprdc.org/dataset/926d9afe-ea94-4211-9623-d9ad52fd0778/resource/af8aecd8-e22d-440a-9151-92df85aa370b/download/alcogisallegheny-county-building-footprint-locations.geojson,
61da498f-8a6e-4754-b8e8-67c25fd8ea05,geo_json,https://data.wprdc.org/dataset/61da498f-8a6e-4754-b8e8-67c25fd8ea05/resource/314db863-b27f-45b4-9769-447cddd3d8bd/download/alcogisallegheny-county-tif-exclusions.geojson,
31d1d279-7f81-466d-8aca-83a78719eaf8,geo_json,https://data.wprdc.org/dataset/31d1d279-7f81-466d-8aca-83a78719eaf8/resource/f4528690-966a-44d5-b83b-2687d5bb7bd5/download/alcogisallegheny-county-block-areas.geojson,
c725355a-d52b-415b-b02f-5cb5291a5298,geo_json,https://data.wprdc.org/dataset/c725355a-d52b-415b-b02f-5cb5291a5298/resource/ac5be37b-bf30-47da-b277-5831216e9524/download/house.geojson,
c2c77da0-0056-405c-afe6-cb1a61bdec56,geo_json,https://data.wprdc.org/dataset/c2c77da0-0056-405c-afe6-cb1a61bdec56/resource/c71a1a35-2d25-4c68-a815-4948fcd81aff/download/alcogisallegheny-county-pennsylvania-u-s-legislative-congressional-district-boundaries.geojson,
10dd50cf-bf29-4268-83e2-debcacea7885,geo_json,https://data.wprdc.org/dataset/10dd50cf-bf29-4268-83e2-debcacea7885/resource/cdb6c800-3213-4190-8d39-495e36300263/download/wasterecovery_img.geojson,
b0bfd969-d300-4117-8c85-fc9907a501dc,geo_json,https://data.wprdc.org/dataset/b0bfd969-d300-4117-8c85-fc9907a501dc/resource/242ed55e-d486-4f6d-b1cc-d2e251785444/download/cgcapitalprojects_img.geojson,
ffb63b59-1412-4037-8209-4e6541d7e781,geo_json,https://data.wprdc.org/dataset/ffb63b59-1412-4037-8209-4e6541d7e781/resource/ecea2738-3bac-4a54-a665-12a0efa0af83/download/parking_reduction.geojson,
407de508-f9dc-4e39-94ed-aeadceddcaea,geo_json,https://data.wprdc.org/dataset/407de508-f9dc-4e39-94ed-aeadceddcaea/resource/cf7fc05d-be6f-46ad-82e4-9559fc0a306a/download/pittsburghbikeinfrastructure.geojson,
874bb5ef-e001-4553-94db-57303b439fb0,geo_json,https://data.wprdc.org/dataset/874bb5ef-e001-4553-94db-57303b439fb0/resource/93f2401c-6642-4776-b4ae-354f19ad0e1e/download/___,
ebfb03b2-4cf0-4423-8041-a8ec923ceb7c,geo_json,https://pghgishub-pittsburghpa.opendata.arcgis.com/datasets/a99f25fffb7b41c8a4adf9ea676a3a0b_0.geojson?outSR=%7B%22latestWkid%22%3A2272%2C%22wkid%22%3A102729%7D,
cac22c7f-3f42-441a-9d4e-2db9bce2e2ff,geo_json,https://pghgishub-pittsburghpa.opendata.arcgis.com/datasets/3ca13246362540fa8b4b567f84a1255b_0.geojson?outSR=%7B%22latestWkid%22%3A6565%2C%22wkid%22%3A103142%7D,
d0b56030-3391-49db-87bd-4f1c16490fbc,geo_json,https://data.wprdc.org/dataset/d0b56030-3391-49db-87bd-4f1c16490fbc/resource/b6358664-d042-4f43-8518-fb3409f97bcc/download/2018-11-29_1149-2018-11-30_1149.geojson,
9f364695-24ad-4b87-b65e-398a69927c17,geo_json,https://data.wprdc.org/dataset/9f364695-24ad-4b87-b65e-398a69927c17/resource/ec27fa06-6aba-4d88-9992-83d87cae4dcd/download/2016-01-0322-00.geojson,
f470a3d5-f5cb-4209-93a6-c974f7d5a0a4,geo_json,https://data.wprdc.org/dataset/f470a3d5-f5cb-4209-93a6-c974f7d5a0a4/resource/82ce557f-2388-489f-87e0-0d9d052633c4/download/si_img.geojson,
87f6e1d4-1d5b-4b1e-922c-cff0d37e93ac,geo_json,https://data.wprdc.org/dataset/87f6e1d4-1d5b-4b1e-922c-cff0d37e93ac/resource/a7a1427c-cfb3-457f-ae15-e91759c0baa8/download/ciaaexemptions-repaired.geojson,
37e7a776-c98b-4e08-ad61-a8c8e23ec9ab,geo_json,https://data.wprdc.org/dataset/37e7a776-c98b-4e08-ad61-a8c8e23ec9ab/resource/12d59d62-e86d-4f37-af19-463050496ed6/download/playgrounds_img.geojson,
8da92664-22a4-42b8-adae-1950048d70aa,geo_json,https://data.wprdc.org/dataset/8da92664-22a4-42b8-adae-1950048d70aa/resource/96d327a8-fb12-4174-a30d-7ec9a9920237/download/courts_img.geojson,
d56b2e08-3dc6-41b7-952a-0b520d00b59e,geo_json,https://pghgishub-pittsburghpa.opendata.arcgis.com/datasets/dee0022dd4674ba5a2714f9effe0f425_0.geojson?outSR=%7B%22latestWkid%22%3A2272%2C%22wkid%22%3A102729%7D,
d0611e28-edb1-4b3e-9147-60002942d27d,geo_json,https://data.wprdc.org/dataset/d0611e28-edb1-4b3e-9147-60002942d27d/resource/f8b83369-9395-410d-9ca1-e120de4b353c/download/pittsburghpaplanning-sectors.geojson,
06c15511-37dd-44eb-9148-73c135457b07,geo_json,https://data.wprdc.org/dataset/06c15511-37dd-44eb-9148-73c135457b07/resource/019e61f4-6c7a-41fc-9004-140525f02c67/download/pittsburghpauptown-ipod-zoning.geojson,
55369cb9-9335-4bdf-8bb1-07a56815aa5d,geo_json,https://pghgishub-pittsburghpa.opendata.arcgis.com/datasets/ff8d31038dbf4e7b80ce3c86c87d2065_0.geojson?outSR=%7B%22latestWkid%22%3A2272%2C%22wkid%22%3A102729%7D,
f7067c4e-0c1e-420c-8c31-f62769fcd29a,geo_json,https://data.wprdc.org/dataset/f7067c4e-0c1e-420c-8c31-f62769fcd29a/resource/77288f26-54a1-4c0c-bc59-7873b1109e76/download/pools_img.geojson,
5d83ce95-eaee-46ca-ab95-1e0c69fb9035,geo_json,https://data.wprdc.org/dataset/5d83ce95-eaee-46ca-ab95-1e0c69fb9035/resource/b238f5d1-6f35-4608-af6a-1ce7db1b2c33/download/publicart_img.geojson,
c1f2fc55-c2f3-4c0b-bb8d-7aba51bd1aee,geo_json,https://pghgishub-pittsburghpa.opendata.arcgis.com/datasets/7731ba50a4ad4682baf257b209dfaa4b_0.geojson?outSR=%7B%22latestWkid%22%3A2272%2C%22wkid%22%3A102729%7D,
c35e3717-ea01-42d2-ad52-2814dbd74cac,geo_json,https://data.wprdc.org/dataset/c35e3717-ea01-42d2-ad52-2814dbd74cac/resource/555755d5-3e2c-4434-9458-5454c82ddeb4/download/citysigns_img.geojson,
7119f9bd-b7a3-4f41-a607-27880b0981d8,geo_json,https://pghgishub-pittsburghpa.opendata.arcgis.com/datasets/15fc694b1d2343b28da8993bbae9095a_0.geojson?outSR=%7B%22latestWkid%22%3A2272%2C%22wkid%22%3A102729%7D,
a6a84421-6484-4698-b55e-4ae57aaaae2f,geo_json,https://pghgishub-pittsburghpa.opendata.arcgis.com/datasets/60b25e95c256460592304758b59de19c_0.geojson?outSR=%7B%22latestWkid%22%3A3857%2C%22wkid%22%3A102100%7D,
d6e6c012-45f0-4e13-ab3b-9458fd56ad96,geo_json,https://data.wprdc.org/dataset/d6e6c012-45f0-4e13-ab3b-9458fd56ad96/resource/c972b2cc-8396-4cd0-80d6-3051497da903/download/bridges_img.geojson,
6d872b14-c9bb-4627-a475-de6a72050cb0,geo_json,https://data.wprdc.org/dataset/6d872b14-c9bb-4627-a475-de6a72050cb0/resource/c390f317-ee05-4d56-8450-6d00a1b02e39/download/pavingschedule_img.geojson,
31ce085b-87b9-4ffd-adbb-0a9f5b3cf3df,geo_json,https://data.wprdc.org/dataset/31ce085b-87b9-4ffd-adbb-0a9f5b3cf3df/resource/f2f0c299-4f7b-4689-be3c-a2ad38252cf4/download/markings.geojson,
551d7959-8082-4685-bb30-7714fce1d1bf,geo_json,https://data.wprdc.org/dataset/551d7959-8082-4685-bb30-7714fce1d1bf/resource/ee2a4147-c907-4e46-a33b-f5f7fd2ae2c5/download/pittsburghpametered-streets-pittsburgh-parking-authority.geojson,
87c77ec3-db98-4b2a-8891-d9b577b4c44d,geo_json,https://data.wprdc.org/dataset/87c77ec3-db98-4b2a-8891-d9b577b4c44d/resource/d569b513-44c0-4b65-9241-cc3d5c506760/download/fields_img.geojson,
2a8e1150-5ab0-4cbf-800e-d4d3a8a7182f,geo_json,https://pghgishub-pittsburghpa.opendata.arcgis.com/datasets/c1ce2f38248847a3a0133fba16b1fe57_0.geojson?outSR=%7B%22latestWkid%22%3A2272%2C%22wkid%22%3A102729%7D,
4699bc46-8a74-44ed-9bef-f22dd595a964,geo_json,https://data.wprdc.org/dataset/4699bc46-8a74-44ed-9bef-f22dd595a964/resource/e51e4102-5aa1-4ef7-9f08-76fded66cb58/download/pittsburghpa2010-census-tracts.geojson,
5b28354f-ca2d-4894-aa49-1a10c6678942,geo_json,https://pghgishub-pittsburghpa.opendata.arcgis.com/datasets/06285e4ce40441d09a72faa8811c9829_0.geojson?outSR=%7B%22latestWkid%22%3A2272%2C%22wkid%22%3A102729%7D,
cd57a067-bc00-46ee-924e-676eaa3221ec,geo_json,https://data.wprdc.org/dataset/cd57a067-bc00-46ee-924e-676eaa3221ec/resource/ce5d35a7-7ce5-42ac-b48f-719813a14870/download/parks_open_space_plan_transition_data.geojson,
cb7e34ce-3dbe-4f4b-b2cd-fd368371d00b,geo_json,https://data.wprdc.org/dataset/cb7e34ce-3dbe-4f4b-b2cd-fd368371d00b/resource/3cf56432-433c-4e40-b92c-7655918b997d/download/alcogisallegheny-county-tif-boundaries.geojson,
3725d722-1c07-42f9-8faa-02ba0d9f7a7a,geo_json,https://data.wprdc.org/dataset/3725d722-1c07-42f9-8faa-02ba0d9f7a7a/resource/4664dc31-69ca-41cf-a28a-e8f06ee8994d/download/alcogispublic-wifi-locations.geojson,
0c0b35a2-74b0-47dc-aa04-960b396895fa,geo_json,https://data.wprdc.org/dataset/0c0b35a2-74b0-47dc-aa04-960b396895fa/resource/ce39dd59-e8be-438a-b7e2-f95c083750f0/download/alcogisallegheny-county-census-blocks-2016.geojson,
2300533b-2cd9-4d72-ab43-7c129d8dd7b9,geo_json,https://data.wprdc.org/dataset/2300533b-2cd9-4d72-ab43-7c129d8dd7b9/resource/1a78285a-9fd4-4d3e-9306-47a060d7919f/download/alcogisallegheny-county-census-block-groups-2016.geojson,
1cef82de-5e67-448e-bdc0-a491b0f9d7db,geo_json,https://data.wprdc.org/dataset/1cef82de-5e67-448e-bdc0-a491b0f9d7db/resource/2ff99600-8d06-487b-9385-277594d2e7cb/download/alcogisallegheny-county-census-tracts-2016.geojson,
a84df4e3-8ec6-48d0-9d68-194a89d5a8b2,geo_json,https://data.wprdc.org/dataset/a84df4e3-8ec6-48d0-9d68-194a89d5a8b2/resource/7673dc13-c854-4705-b6c4-bd8c2c43b2f7/download/pittsburghpadpwparkmaintenance.geojson,
de1cf8b8-094c-4b6f-804b-02cffad4233a,geo_json,https://data.wprdc.org/dataset/de1cf8b8-094c-4b6f-804b-02cffad4233a/resource/9d52e332-d516-4f75-98ae-b04a77e3a521/download/greenprint.geojson,
ef0746f2-f547-4f01-98c4-09919d3039ea,geo_json,https://data.wprdc.org/dataset/ef0746f2-f547-4f01-98c4-09919d3039ea/resource/fdb9f4c1-b9ce-4361-812d-9c9fa7e740d7/download/___,
e9aa627c-cb22-4ba4-9961-56d9620a46af,geo_json,https://data.wprdc.org/dataset/e9aa627c-cb22-4ba4-9961-56d9620a46af/resource/ff6dcffa-49ba-4431-954e-044ed519a4d7/download/___,
fe7e5332-4c87-410d-b0be-43c5d2c44ae0,geo_json,https://data.wprdc.org/dataset/fe7e5332-4c87-410d-b0be-43c5d2c44ae0/resource/138d6b65-1630-4905-9421-de90cd9d59e5/download/___,
67abfe18-1906-478d-8970-da6981f5022f,geo_json,https://data.wprdc.org/dataset/67abfe18-1906-478d-8970-da6981f5022f/resource/4f2b0784-274a-4b4b-809f-ce5ca22a69df/download/cwa41o27m19giconcept.geojson,
5e77546c-f1e1-432a-b556-9ccf29db9b2c,geo_json,https://data.wprdc.org/dataset/5e77546c-f1e1-432a-b556-9ccf29db9b2c/resource/b126d855-d283-4875-aa29-3180099090ec/download/retainingwalls_img.geojson,
fe7cfb11-9f33-4590-a5ee-04419f3f974a,geo_json,https://data.wprdc.org/dataset/fe7cfb11-9f33-4590-a5ee-04419f3f974a/resource/f7c252a5-28be-43ab-95b5-f3eb0f1eef67/download/wf_img.geojson,
ce47b2df-a69a-491c-9099-9f20129cf67d,geo_json,https://pghgishub-pittsburghpa.opendata.arcgis.com/datasets/bcd39ed918714385ac1c135b3e122582_0.geojson?outSR=%7B%22latestWkid%22%3A3857%2C%22wkid%22%3A102100%7D,
1a5135de-cabe-4e23-b5e4-b2b8dd733817,geo_json,https://data.wprdc.org/dataset/1a5135de-cabe-4e23-b5e4-b2b8dd733817/resource/14e5de97-0a5f-4521-84f6-ba74413db598/download/alcogisallegheny-county-zip-code-boundaries.geojson,
