Title,Alternative Title,Creator,Publisher,Resource Class,Temporal Coverage,Date Issued,Date Accessioned,ID,Identifier,Code
Bloomington 2-Mile Fringe [Indiana--Bloomington],Bloomington 2-Mile Fringe,data.bloomington.in.gov,"City of Bloomington, Indiana Open Data Portal",Web services,Last Modified: 2023-10-04,2022-08-11,2026-02-08,2dnv-3zhz,https://data.bloomington.in.gov/api/views/2dnv-3zhz,01c-01
Tax Increment Finance District [Indiana--Bloomington],Tax Increment Finance District,data.bloomington.in.gov,"City of Bloomington, Indiana Open Data Portal",Web services,Last Modified: 2025-01-09,2023-10-05,2026-02-08,2z3a-pv4d,https://data.bloomington.in.gov/api/views/2z3a-pv4d,01c-01
Proposed Annexation 2021 [Indiana--Bloomington],Proposed Annexation 2021,data.bloomington.in.gov,"City of Bloomington, Indiana Open Data Portal",Web services,2021,2023-10-04,2026-02-08,37cr-hskz,https://data.bloomington.in.gov/api/views/37cr-hskz,01c-01
Waterbodies [Indiana--Bloomington],Waterbodies,data.bloomington.in.gov,"City of Bloomington, Indiana Open Data Portal",Web services,Last Modified: 2025-04-01,2025-04-01,2026-02-08,37fk-f9fn,https://data.bloomington.in.gov/api/views/37fk-f9fn,01c-01
Monroe County Opportunity Zones [Indiana--Bloomington],Monroe County Opportunity Zones,data.bloomington.in.gov,"City of Bloomington, Indiana Open Data Portal",Web services,Last Modified: 2025-01-09,2023-01-13,2026-02-08,3a4p-5rca,https://data.bloomington.in.gov/api/views/3a4p-5rca,01c-01
Downtown Overlay District [Indiana--Bloomington],Downtown Overlay District,data.bloomington.in.gov,"City of Bloomington, Indiana Open Data Portal",Web services,Last Modified: 2024-09-03,2023-12-15,2026-02-08,3pgq-dbni,https://data.bloomington.in.gov/api/views/3pgq-dbni,01c-01
EMS Dispatch Zones [Indiana--Bloomington],EMS Dispatch Zones,data.bloomington.in.gov,"City of Bloomington, Indiana Open Data Portal",Web services,Last Modified: 2025-05-30,2025-05-30,2026-02-08,3zab-yq4z,https://data.bloomington.in.gov/api/views/3zab-yq4z,01c-01
Building Areas [Indiana--Bloomington],Building Areas,data.bloomington.in.gov,"City of Bloomington, Indiana Open Data Portal",Web services,Last Modified: 2026-07-05,2025-10-29,2026-02-08,4ez4-mguv,https://data.bloomington.in.gov/api/views/4ez4-mguv,01c-01
Edge of Pavement [Indiana--Bloomington],Edge of Pavement,data.bloomington.in.gov,"City of Bloomington, Indiana Open Data Portal",Web services,Last Modified: 2025-01-09,2024-07-23,2026-02-08,4npn-ujt9,https://data.bloomington.in.gov/api/views/4npn-ujt9,01c-01
Sidewalk Inventory [Indiana--Bloomington],Sidewalk Inventory,data.bloomington.in.gov,"City of Bloomington, Indiana Open Data Portal",Web services,Last Modified: 2026-07-06,2025-08-18,2026-02-08,59er-4n3f,https://data.bloomington.in.gov/api/views/59er-4n3f,01c-01
Park Recreation Facilities [Indiana--Bloomington],Park Recreation Facilities,data.bloomington.in.gov,"City of Bloomington, Indiana Open Data Portal",Web services,Last Modified: 2025-03-06,2023-11-09,2026-02-08,668t-jg2w,https://data.bloomington.in.gov/api/views/668t-jg2w,01c-01
OtherDesignatedHistoricDistricts [Indiana--Bloomington],OtherDesignatedHistoricDistricts,data.bloomington.in.gov,"City of Bloomington, Indiana Open Data Portal",Web services,Last Modified: 2025-03-01,2024-05-24,2026-02-08,6nix-hfgf,https://data.bloomington.in.gov/api/views/6nix-hfgf,01c-01
Intersections [Indiana--Bloomington],Intersections,data.bloomington.in.gov,"City of Bloomington, Indiana Open Data Portal",Web services,Last Modified: 2023-12-15,2023-10-04,2026-02-08,6y6u-a7ke,https://data.bloomington.in.gov/api/views/6y6u-a7ke,01c-01
Monroe County Incorporated Areas [Indiana--Bloomington],Monroe County Incorporated Areas,data.bloomington.in.gov,"City of Bloomington, Indiana Open Data Portal",Web services,Last Modified: 2026-03-01,2024-11-10,2026-02-08,7nrn-cv4c,https://data.bloomington.in.gov/api/views/7nrn-cv4c,01c-01
Railroad [Indiana--Bloomington],Railroad,data.bloomington.in.gov,"City of Bloomington, Indiana Open Data Portal",Web services,Last Modified: 2026-07-06,2023-06-28,2026-02-08,7xda-miz5,https://data.bloomington.in.gov/api/views/7xda-miz5,01c-01
Bikeways [Indiana--Bloomington],Bikeways,data.bloomington.in.gov,"City of Bloomington, Indiana Open Data Portal",Web services,Last Modified: 2026-06-05,2026-06-05,2026-02-08,7xga-b2w7,https://data.bloomington.in.gov/api/views/7xga-b2w7,01c-01
GIS Mapped Area [Indiana--Bloomington],GIS Mapped Area,data.bloomington.in.gov,"City of Bloomington, Indiana Open Data Portal",Web services,Last Modified: 2023-12-15,2023-12-15,2026-02-08,7xsy-cpc8,https://data.bloomington.in.gov/api/views/7xsy-cpc8,01c-01
Road Centerlines [Indiana--Bloomington],Road Centerlines,data.bloomington.in.gov,"City of Bloomington, Indiana Open Data Portal",Web services,Last Modified: 2026-07-06,2026-03-04,2026-02-08,8yia-fgp6,https://data.bloomington.in.gov/api/views/8yia-fgp6,01c-01
Monroe County Fire Districts [Indiana--Bloomington],Monroe County Fire Districts,data.bloomington.in.gov,"City of Bloomington, Indiana Open Data Portal",Web services,Last Modified: 2026-05-03,2025-05-30,2026-02-08,9bzi-jstz,https://data.bloomington.in.gov/api/views/9bzi-jstz,01c-01
Bloomington Municipal Boundary [Indiana--Bloomington],Bloomington Municipal Boundary,data.bloomington.in.gov,"City of Bloomington, Indiana Open Data Portal",Web services,Last Modified: 2026-03-01,2023-12-08,2026-02-08,apcz-492v,https://data.bloomington.in.gov/api/views/apcz-492v,01c-01
Address Points Bloomington [Indiana--Bloomington],Address Points Bloomington,data.bloomington.in.gov,"City of Bloomington, Indiana Open Data Portal",Web services,Last Modified: 2026-07-05,2024-11-10,2026-02-08,b8yb-iwu6,https://data.bloomington.in.gov/api/views/b8yb-iwu6,01c-01
City Maintained Streets [Indiana--Bloomington],City Maintained Streets,data.bloomington.in.gov,"City of Bloomington, Indiana Open Data Portal",Web services,Last Modified: 2026-07-05,2026-03-04,2026-02-08,bb3b-6hg6,https://data.bloomington.in.gov/api/views/bb3b-6hg6,01c-01
City Council Districts [Indiana--Bloomington],City Council Districts,data.bloomington.in.gov,"City of Bloomington, Indiana Open Data Portal",Web services,Last Modified: 2026-05-03,2024-01-26,2026-02-08,bbv8-zsj5,https://data.bloomington.in.gov/api/views/bbv8-zsj5,01c-01
E-Scooter Geofence [Indiana--Bloomington],E-Scooter Geofence,data.bloomington.in.gov,"City of Bloomington, Indiana Open Data Portal",Web services,Last Modified: 2025-01-30,2025-01-30,2026-02-08,bik6-u9s9,https://data.bloomington.in.gov/api/views/bik6-u9s9,01c-01
IU Campus Area [Indiana--Bloomington],IU Campus Area,data.bloomington.in.gov,"City of Bloomington, Indiana Open Data Portal",Web services,Last Modified: 2024-11-10,2023-07-17,2026-02-08,bk7e-xkzb,https://data.bloomington.in.gov/api/views/bk7e-xkzb,01c-01
Meters [Indiana--Bloomington],Meters,data.bloomington.in.gov,"City of Bloomington, Indiana Open Data Portal",Web services,Last Modified: 2026-07-05,2025-08-18,2026-02-08,c2bx-gh32,https://data.bloomington.in.gov/api/views/c2bx-gh32,01c-01
Zoning Districts [Indiana--Bloomington],Zoning Districts,data.bloomington.in.gov,"City of Bloomington, Indiana Open Data Portal",Web services,Last Modified: 2026-07-06,2023-12-15,2026-02-08,c5d5-eci9,https://data.bloomington.in.gov/api/views/c5d5-eci9,01c-01
Sanitation Route Areas [Indiana--Bloomington],Sanitation Route Areas,data.bloomington.in.gov,"City of Bloomington, Indiana Open Data Portal",Web services,Last Modified: 2026-01-29,2023-12-15,2026-02-08,dkff-vpm7,https://data.bloomington.in.gov/api/views/dkff-vpm7,01c-01
Spaces [Indiana--Bloomington],Spaces,data.bloomington.in.gov,"City of Bloomington, Indiana Open Data Portal",Web services,Last Modified: 2026-07-05,2025-08-18,2026-02-08,du2g-dxvr,https://data.bloomington.in.gov/api/views/du2g-dxvr,01c-01
Multiuse Sidepaths [Indiana--Bloomington],Multiuse Sidepaths,data.bloomington.in.gov,"City of Bloomington, Indiana Open Data Portal",Web services,Last Modified: 2026-06-05,2026-06-05,2026-02-08,dwr9-4gq9,https://data.bloomington.in.gov/api/views/dwr9-4gq9,01c-01
Fiber Priority Area [Indiana--Bloomington],Fiber Priority Area,data.bloomington.in.gov,"City of Bloomington, Indiana Open Data Portal",Web services,Last Modified: 2025-03-06,2025-03-06,2026-02-08,fmtq-ct5d,https://data.bloomington.in.gov/api/views/fmtq-ct5d,01c-01
Fire Hydrants [Indiana--Bloomington],Fire Hydrants,data.bloomington.in.gov,"City of Bloomington, Indiana Open Data Portal",Web services,Last Modified: 2026-07-05,2025-04-05,2026-02-08,fvmi-seaw,https://data.bloomington.in.gov/api/views/fvmi-seaw,01c-01
Planning and Zoning Map Gallery [Indiana--Bloomington],Planning and Zoning Map Gallery,data.bloomington.in.gov,"City of Bloomington, Indiana Open Data Portal",Web services,Last Modified: 2025-08-21,2022-11-08,2026-02-08,gin2-kvms,https://data.bloomington.in.gov/api/views/gin2-kvms,01c-01
Future Land Use Zones [Indiana--Bloomington],Future Land Use Zones,data.bloomington.in.gov,"City of Bloomington, Indiana Open Data Portal",Web services,Last Modified: 2023-11-17,2023-09-05,2026-02-08,gwc4-7gv6,https://data.bloomington.in.gov/api/views/gwc4-7gv6,01c-01
Parking Restrictions [Indiana--Bloomington],Parking Restrictions,data.bloomington.in.gov,"City of Bloomington, Indiana Open Data Portal",Web services,Last Modified: 2026-06-06,2023-11-30,2026-02-08,gx4i-zcmv,https://data.bloomington.in.gov/api/views/gx4i-zcmv,01c-01
Metropolitan Planning Area [Indiana--Bloomington],Metropolitan Planning Area,data.bloomington.in.gov,"City of Bloomington, Indiana Open Data Portal",Web services,Last Modified: 2025-03-01,2023-12-15,2026-02-08,hxz9-33ng,https://data.bloomington.in.gov/api/views/hxz9-33ng,01c-01
Certified Technology Park [Indiana--Bloomington],Certified Technology Park,data.bloomington.in.gov,"City of Bloomington, Indiana Open Data Portal",Web services,Last Modified: 2025-11-29,2025-11-29,2026-02-08,hy7z-gbif,https://data.bloomington.in.gov/api/views/hy7z-gbif,01c-01
Paid Meter Parking [Indiana--Bloomington],Paid Meter Parking,data.bloomington.in.gov,"City of Bloomington, Indiana Open Data Portal",Web services,Last Modified: 2025-11-29,2025-08-18,2026-02-08,hzvr-vfib,https://data.bloomington.in.gov/api/views/hzvr-vfib,01c-01
Bloomington Entertainment Arts District [Indiana--Bloomington],Bloomington Entertainment Arts District,data.bloomington.in.gov,"City of Bloomington, Indiana Open Data Portal",Web services,Last Modified: 2025-09-18,2023-10-18,2026-02-08,ik6r-d5s3,https://data.bloomington.in.gov/api/views/ik6r-d5s3,01c-01
E-Scooter Corral [Indiana--Bloomington],E-Scooter Corral,data.bloomington.in.gov,"City of Bloomington, Indiana Open Data Portal",Web services,Last Modified: 2025-01-30,2025-01-30,2026-02-08,j9kp-gbih,https://data.bloomington.in.gov/api/views/j9kp-gbih,01c-01
Trades District Boundary [Indiana--Bloomington],Trades District Boundary,data.bloomington.in.gov,"City of Bloomington, Indiana Open Data Portal",Web services,Last Modified: 2025-11-29,2025-11-29,2026-02-08,k3y8-mq44,https://data.bloomington.in.gov/api/views/k3y8-mq44,01c-01
Traffic Calming [Indiana--Bloomington],Traffic Calming,data.bloomington.in.gov,"City of Bloomington, Indiana Open Data Portal",Web services,Last Modified: 2026-07-06,2025-08-18,2026-02-08,k8i5-2hnd,https://data.bloomington.in.gov/api/views/k8i5-2hnd,01c-01
Fiber and Communications Map Gallery [Indiana--Bloomington],Fiber and Communications Map Gallery,data.bloomington.in.gov,"City of Bloomington, Indiana Open Data Portal",Web services,Last Modified: 2023-02-09,2023-02-09,2026-02-08,m5rk-rvb5,https://data.bloomington.in.gov/api/views/m5rk-rvb5,01c-01
Parking Areas [Indiana--Bloomington],Parking Areas,data.bloomington.in.gov,"City of Bloomington, Indiana Open Data Portal",Web services,Last Modified: 2026-01-30,2025-08-18,2026-02-08,n2dh-7dkd,https://data.bloomington.in.gov/api/views/n2dh-7dkd,01c-01
TreeKeeper Inventory [Indiana--Bloomington],TreeKeeper Inventory,data.bloomington.in.gov,"City of Bloomington, Indiana Open Data Portal",Web services,Last Modified: 2026-07-05,2023-06-26,2026-02-08,ndfd-h5qf,https://data.bloomington.in.gov/api/views/ndfd-h5qf,01c-01
Neighborhood Permit Zones [Indiana--Bloomington],Neighborhood Permit Zones,data.bloomington.in.gov,"City of Bloomington, Indiana Open Data Portal",Web services,Last Modified: 2024-08-22,2023-11-30,2026-02-08,nxki-ixsg,https://data.bloomington.in.gov/api/views/nxki-ixsg,01c-01
Neighborhood Compliance Zones [Indiana--Bloomington],Neighborhood Compliance Zones,data.bloomington.in.gov,"City of Bloomington, Indiana Open Data Portal",Web services,Last Modified: 2026-03-01,2024-09-11,2026-02-08,qbif-c7j6,https://data.bloomington.in.gov/api/views/qbif-c7j6,01c-01
Transportation and Sidewalk Map Gallery [Indiana--Bloomington],Transportation and Sidewalk Map Gallery,data.bloomington.in.gov,"City of Bloomington, Indiana Open Data Portal",Web services,Last Modified: 2023-10-16,2023-01-05,2026-02-08,qihw-i7qp,https://data.bloomington.in.gov/api/views/qihw-i7qp,01c-01
Parks [Indiana--Bloomington],Parks,data.bloomington.in.gov,"City of Bloomington, Indiana Open Data Portal",Web services,Last Modified: 2026-06-05,2025-03-06,2026-02-08,r3zv-5pii,https://data.bloomington.in.gov/api/views/r3zv-5pii,01c-01
Parking Locations [Indiana--Bloomington],Parking Locations,data.bloomington.in.gov,"City of Bloomington, Indiana Open Data Portal",Web services,Last Modified: 2025-08-18,2024-08-22,2026-02-08,r8ed-praf,https://data.bloomington.in.gov/api/views/r8ed-praf,01c-01
City Neighborhood Associations [Indiana--Bloomington],City Neighborhood Associations,data.bloomington.in.gov,"City of Bloomington, Indiana Open Data Portal",Web services,Last Modified: 2025-09-17,2023-12-15,2026-02-08,rey9-3gmi,https://data.bloomington.in.gov/api/views/rey9-3gmi,01c-01
Neighborhood Greenways [Indiana--Bloomington],Neighborhood Greenways,data.bloomington.in.gov,"City of Bloomington, Indiana Open Data Portal",Web services,Last Modified: 2026-01-29,2025-01-30,2026-02-08,rfjb-wwxv,https://data.bloomington.in.gov/api/views/rfjb-wwxv,01c-01
Bloomington Enterprise Zone [Indiana--Bloomington],Bloomington Enterprise Zone,data.bloomington.in.gov,"City of Bloomington, Indiana Open Data Portal",Web services,Last Modified: 2026-04-03,2026-04-03,2026-02-08,rhme-2upn,https://data.bloomington.in.gov/api/views/rhme-2upn,01c-01
Park Trails & Paths [Indiana--Bloomington],Park Trails & Paths,data.bloomington.in.gov,"City of Bloomington, Indiana Open Data Portal",Web services,Last Modified: 2026-07-06,2026-06-06,2026-02-08,s3cs-my2d,https://data.bloomington.in.gov/api/views/s3cs-my2d,01c-01
Paving History [Indiana--Bloomington],Paving History,data.bloomington.in.gov,"City of Bloomington, Indiana Open Data Portal",Web services,Last Modified: 2026-07-05,2026-05-03,2026-02-08,sa9c-n6hi,https://data.bloomington.in.gov/api/views/sa9c-n6hi,01c-01
Police Dispatch Zones [Indiana--Bloomington],Police Dispatch Zones,data.bloomington.in.gov,"City of Bloomington, Indiana Open Data Portal",Web services,Last Modified: 2026-05-03,2025-05-30,2026-02-08,samh-99bv,https://data.bloomington.in.gov/api/views/samh-99bv,01c-01
LocallyDesignatedHistoricDistricts [Indiana--Bloomington],LocallyDesignatedHistoricDistricts,data.bloomington.in.gov,"City of Bloomington, Indiana Open Data Portal",Web services,Last Modified: 2026-06-05,2023-12-15,2026-02-08,sbby-5r4b,https://data.bloomington.in.gov/api/views/sbby-5r4b,01c-01
Waterlines [Indiana--Bloomington],Waterlines,data.bloomington.in.gov,"City of Bloomington, Indiana Open Data Portal",Web services,Last Modified: 2026-07-06,2025-04-01,2026-02-08,sd79-67aw,https://data.bloomington.in.gov/api/views/sd79-67aw,01c-01
Traffic Signals [Indiana--Bloomington],Traffic Signals,data.bloomington.in.gov,"City of Bloomington, Indiana Open Data Portal",Web services,Last Modified: 2026-06-05,2025-03-06,2026-02-08,t4vk-k9jk,https://data.bloomington.in.gov/api/views/t4vk-k9jk,01c-01
Fire Stations [Indiana--Bloomington],Fire Stations,data.bloomington.in.gov,"City of Bloomington, Indiana Open Data Portal",Web services,Last Modified: 2026-07-05,2023-11-30,2026-02-08,ti99-e97f,https://data.bloomington.in.gov/api/views/ti99-e97f,01c-01
Transform Redevelopment Overlay [Indiana--Bloomington],Transform Redevelopment Overlay,data.bloomington.in.gov,"City of Bloomington, Indiana Open Data Portal",Web services,Last Modified: 2026-01-30,2026-01-30,2026-03-30,u99b-cpd2,https://data.bloomington.in.gov/api/views/u99b-cpd2,01c-01
Other Miscellaneous Map Galleries [Indiana--Bloomington],Other Miscellaneous Map Galleries,data.bloomington.in.gov,"City of Bloomington, Indiana Open Data Portal",Web services,Last Modified: 2024-08-15,2023-01-12,2026-02-08,urv7-nmc7,https://data.bloomington.in.gov/api/views/urv7-nmc7,01c-01
Areas Intended for Annexation AIFA 1996 [Indiana--Bloomington],Areas Intended for Annexation AIFA 1996,data.bloomington.in.gov,"City of Bloomington, Indiana Open Data Portal",Web services,1996,2022-08-11,2026-02-08,uyni-jugj,https://data.bloomington.in.gov/api/views/uyni-jugj,01c-01
City Facilities [Indiana--Bloomington],City Facilities,data.bloomington.in.gov,"City of Bloomington, Indiana Open Data Portal",Web services,Last Modified: 2025-07-18,2023-06-29,2026-02-08,x2pg-vc7y,https://data.bloomington.in.gov/api/views/x2pg-vc7y,01c-01
Annexation Properties from 2021 Annexation Study Support [Indiana--Bloomington],Annexation Properties from 2021 Annexation Study Support,data.bloomington.in.gov,"City of Bloomington, Indiana Open Data Portal",Web services,2021,2021-05-20,2026-02-08,x8s7-g7v5,https://data.bloomington.in.gov/api/views/x8s7-g7v5,01c-01
2018HistoricSitesandStructuresSurvey [Indiana--Bloomington],2018HistoricSitesandStructuresSurvey,data.bloomington.in.gov,"City of Bloomington, Indiana Open Data Portal",Web services,Last Modified: 2025-12-30,2025-08-18,2026-02-08,xct4-utqa,https://data.bloomington.in.gov/api/views/xct4-utqa,01c-01
Proposed Annexation 2017 [Indiana--Bloomington],Proposed Annexation 2017,data.bloomington.in.gov,"City of Bloomington, Indiana Open Data Portal",Web services,2017,2023-10-04,2026-02-08,xt8f-c7zc,https://data.bloomington.in.gov/api/views/xt8f-c7zc,01c-01
Geospatial Elevation Data [Indiana--Bloomington],Geospatial Elevation Data,data.bloomington.in.gov,"City of Bloomington, Indiana Open Data Portal",Web services,Last Modified: 2023-08-25,2023-08-18,2026-02-08,ycwg-aqvm,https://data.bloomington.in.gov/api/views/ycwg-aqvm,01c-01
Community Rev Enhance District [Indiana--Bloomington],Community Rev Enhance District,data.bloomington.in.gov,"City of Bloomington, Indiana Open Data Portal",Web services,Last Modified: 2025-11-28,2025-11-28,2026-02-08,yh5b-wn98,https://data.bloomington.in.gov/api/views/yh5b-wn98,01c-01
GIS Map Panel Boundaries [Indiana--Bloomington],GIS Map Panel Boundaries,data.bloomington.in.gov,"City of Bloomington, Indiana Open Data Portal",Web services,Last Modified: 2023-12-15,2023-12-15,2026-02-08,ymp5-yvgv,https://data.bloomington.in.gov/api/views/ymp5-yvgv,01c-01
Urban Area [Indiana--Bloomington],Urban Area,data.bloomington.in.gov,"City of Bloomington, Indiana Open Data Portal",Web services,Last Modified: 2024-05-24,2023-12-15,2026-02-08,yqye-sgx5,https://data.bloomington.in.gov/api/views/yqye-sgx5,01c-01
Open Spaces - Riverwalk - KML [Illinois--Chicago],Open Spaces - Riverwalk - KML,data.cityofchicago.org,City of Chicago Data Portal,Web services,Last Modified: 2012-09-07,2011-07-08,2026-02-08,22bv-uv6r,https://data.cityofchicago.org/api/views/22bv-uv6r,12c-01
PoliceDistrictDec2012 [Illinois--Chicago],PoliceDistrictDec2012,data.cityofchicago.org,City of Chicago Data Portal,Web services,Last Modified: 2024-12-02,2013-02-13,2026-02-08,24zt-jpfn,https://data.cityofchicago.org/api/views/24zt-jpfn,12c-01
Fire Stations [Illinois--Chicago],Fire Stations,data.cityofchicago.org,City of Chicago Data Portal,Web services,Last Modified: 2019-04-18,2011-04-17,2026-02-08,28km-gtjn,https://data.cityofchicago.org/api/views/28km-gtjn,12c-01
Cook County - Highway Department - Jurisdictions [Illinois--Chicago],Cook County - Highway Department - Jurisdictions,data.cityofchicago.org,City of Chicago Data Portal,Web services,Last Modified: 2018-11-21,2011-06-23,2026-02-08,2b73-3uqk,https://data.cityofchicago.org/api/views/2b73-3uqk,12c-01
Precincts2010 [Illinois--Chicago],Precincts2010,data.cityofchicago.org,City of Chicago Data Portal,Web services,Last Modified: 2024-04-10,2016-05-05,2026-02-08,2d4k-r48m,https://data.cityofchicago.org/api/views/2d4k-r48m,12c-01
Individual Landmarks - Shapefiles (Deprecated December 2013) [Illinois--Chicago],Individual Landmarks - Shapefiles (Deprecated December 2013),data.cityofchicago.org,City of Chicago Data Portal,Web services,2013,2011-06-24,2026-02-08,2h6e-2yk6,https://data.cityofchicago.org/api/views/2h6e-2yk6,12c-01
Charter_Overlay_Boundaries_1819 [Illinois--Chicago],Charter_Overlay_Boundaries_1819,data.cityofchicago.org,City of Chicago Data Portal,Web services,Last Modified: 2024-04-10,2018-07-18,2026-02-08,2nqp-b84f,https://data.cityofchicago.org/api/views/2nqp-b84f,12c-01
TIF_Districts2 [Illinois--Chicago],TIF_Districts2,data.cityofchicago.org,City of Chicago Data Portal,Web services,Last Modified: 2024-04-10,2016-01-14,2026-02-08,2xxm-9stc,https://data.cityofchicago.org/api/views/2xxm-9stc,12c-01
Farmers Markets - Shapefiles [Illinois--Chicago],Farmers Markets - Shapefiles,data.cityofchicago.org,City of Chicago Data Portal,Web services,Last Modified: 2012-09-07,2011-08-08,2026-02-08,36ke-zb8q,https://data.cityofchicago.org/api/views/36ke-zb8q,12c-01
Liquor Moratorium Districts - Dry Precincts - Historical [Illinois--Chicago],Liquor Moratorium Districts - Dry Precincts - Historical,data.cityofchicago.org,City of Chicago Data Portal,Web services,Last Modified: 2025-03-25,2011-11-02,2026-02-08,3cpd-5xpf,https://data.cityofchicago.org/api/views/3cpd-5xpf,12c-01
Units2009_10 [Illinois--Chicago],Units2009_10,data.cityofchicago.org,City of Chicago Data Portal,Web services,Last Modified: 2024-04-10,2016-08-23,2026-02-08,3pjd-kfu4,https://data.cityofchicago.org/api/views/3pjd-kfu4,12c-01
IndustrialCorridor_Jan2013 [Illinois--Chicago],IndustrialCorridor_Jan2013,data.cityofchicago.org,City of Chicago Data Portal,Web services,Last Modified: 2024-11-13,2013-02-08,2026-02-08,3tu3-iesz,https://data.cityofchicago.org/api/views/3tu3-iesz,12c-01
Middle_School_Attendance_0809 [Illinois--Chicago],Middle_School_Attendance_0809,data.cityofchicago.org,City of Chicago Data Portal,Web services,Last Modified: 2024-04-10,2016-08-23,2026-02-08,3uru-3mr4,https://data.cityofchicago.org/api/views/3uru-3mr4,12c-01
Boundaries - State Congressional Districts (Senate) [Illinois--Chicago],Boundaries - State Congressional Districts (Senate),data.cityofchicago.org,City of Chicago Data Portal,Web services,Last Modified: 2013-01-03,2011-04-17,2026-02-08,3zsw-bmta,https://data.cityofchicago.org/api/views/3zsw-bmta,12c-01
Elementary_Attendance_0809 [Illinois--Chicago],Elementary_Attendance_0809,data.cityofchicago.org,City of Chicago Data Portal,Web services,Last Modified: 2024-04-10,2016-08-23,2026-02-08,48tf-ubnt,https://data.cityofchicago.org/api/views/48tf-ubnt,12c-01
Boundaries - Police Districts [Illinois--Chicago],Boundaries - Police Districts,data.cityofchicago.org,City of Chicago Data Portal,Web services,Last Modified: 2012-12-18,2011-04-17,2026-02-08,4dt9-88ua,https://data.cityofchicago.org/api/views/4dt9-88ua,12c-01
Boundaries - Curb Lines - KML [Illinois--Chicago],Boundaries - Curb Lines - KML,data.cityofchicago.org,City of Chicago Data Portal,Web services,Last Modified: 2011-08-28,2011-06-27,2026-02-08,4eti-3yvi,https://data.cityofchicago.org/api/views/4eti-3yvi,12c-01
Cook County - Forest Preserve Groves - KML - Historical [Illinois--Chicago],Cook County - Forest Preserve Groves - KML - Historical,data.cityofchicago.org,City of Chicago Data Portal,Web services,Last Modified: 2025-07-18,2011-06-22,2026-02-08,4f4y-iybg,https://data.cityofchicago.org/api/views/4f4y-iybg,12c-01
Census_Tracts [Illinois--Chicago],Census_Tracts,data.cityofchicago.org,City of Chicago Data Portal,Web services,Last Modified: 2024-07-15,2013-05-23,2026-02-08,4hp8-2i8z,https://data.cityofchicago.org/api/views/4hp8-2i8z,12c-01
Chicago Public Schools - High School Attendance Boundaries SY2425 [Illinois--Chicago],Chicago Public Schools - High School Attendance Boundaries SY2425,data.cityofchicago.org,City of Chicago Data Portal,Web services,Last Modified: 2025-09-29,2024-09-20,2026-02-08,4kfz-zr3a,https://data.cityofchicago.org/api/views/4kfz-zr3a,12c-01
Chicago Public Schools - High School Attendance Boundaries SY2223 [Illinois--Chicago],Chicago Public Schools - High School Attendance Boundaries SY2223,data.cityofchicago.org,City of Chicago Data Portal,Web services,Last Modified: 2025-09-29,2022-10-04,2026-02-08,4m25-hh4h,https://data.cityofchicago.org/api/views/4m25-hh4h,12c-01
CTA - Bus Turnarounds - KML (Deprecated February 2015) [Illinois--Chicago],CTA - Bus Turnarounds - KML (Deprecated February 2015),data.cityofchicago.org,City of Chicago Data Portal,Web services,2015,2011-08-11,2026-02-08,4rqm-6f79,https://data.cityofchicago.org/api/views/4rqm-6f79,12c-01
sweepingsections [Illinois--Chicago],sweepingsections,data.cityofchicago.org,City of Chicago Data Portal,Web services,Last Modified: 2024-04-10,2015-05-15,2026-02-08,4ya3-7e6m,https://data.cityofchicago.org/api/views/4ya3-7e6m,12c-01
Boundaries - Enterprise Communities - KML (Deprecated October 2013) [Illinois--Chicago],Boundaries - Enterprise Communities - KML (Deprecated October 2013),data.cityofchicago.org,City of Chicago Data Portal,Web services,2013,2011-06-24,2026-02-08,55e9-8pfn,https://data.cityofchicago.org/api/views/55e9-8pfn,12c-01
Middle_School_Attendance_0607 [Illinois--Chicago],Middle_School_Attendance_0607,data.cityofchicago.org,City of Chicago Data Portal,Web services,Last Modified: 2024-04-10,2016-08-23,2026-02-08,5abf-pw4b,https://data.cityofchicago.org/api/views/5abf-pw4b,12c-01
Boundaries - Curb Lines [Illinois--Chicago],Boundaries - Curb Lines,data.cityofchicago.org,City of Chicago Data Portal,Web services,Last Modified: 2011-08-28,2011-04-17,2026-02-08,5gv8-ktcg,https://data.cityofchicago.org/api/views/5gv8-ktcg,12c-01
Chicago Public Schools - Elementary School Attendance Boundaries SY2425 [Illinois--Chicago],Chicago Public Schools - Elementary School Attendance Boundaries SY2425,data.cityofchicago.org,City of Chicago Data Portal,Web services,Last Modified: 2025-09-29,2024-09-20,2026-02-08,5ihw-cbdn,https://data.cityofchicago.org/api/views/5ihw-cbdn,12c-01
Units2008_09 [Illinois--Chicago],Units2008_09,data.cityofchicago.org,City of Chicago Data Portal,Web services,Last Modified: 2024-04-10,2016-08-23,2026-02-08,5jxm-363n,https://data.cityofchicago.org/api/views/5jxm-363n,12c-01
High_School_Attendance_0809 [Illinois--Chicago],High_School_Attendance_0809,data.cityofchicago.org,City of Chicago Data Portal,Web services,Last Modified: 2024-04-10,2016-08-23,2026-02-08,5mbh-yu9n,https://data.cityofchicago.org/api/views/5mbh-yu9n,12c-01
Parks - Shapefiles (deprecated November 2016) [Illinois--Chicago],Parks - Shapefiles (deprecated November 2016),data.cityofchicago.org,City of Chicago Data Portal,Web services,2016,2011-07-19,2026-02-08,5msb-wbxn,https://data.cityofchicago.org/api/views/5msb-wbxn,12c-01
Cook County - Public Schools [Illinois--Chicago],Cook County - Public Schools,data.cityofchicago.org,City of Chicago Data Portal,Web services,Last Modified: 2011-08-28,2011-06-22,2026-02-08,5ngg-ve6h,https://data.cityofchicago.org/api/views/5ngg-ve6h,12c-01
Chicago Public Schools - Safe Passage Routes SY2324 [Illinois--Chicago],Chicago Public Schools - Safe Passage Routes SY2324,data.cityofchicago.org,City of Chicago Data Portal,Web services,Last Modified: 2025-09-29,2023-09-05,2026-02-08,5wzj-gzmw,https://data.cityofchicago.org/api/views/5wzj-gzmw,12c-01
Boundaries - Planning Districts - Historical [Illinois--Chicago],Boundaries - Planning Districts - Historical,data.cityofchicago.org,City of Chicago Data Portal,Web services,Last Modified: 2022-05-24,2011-04-17,2026-02-08,5xt8-wz7f,https://data.cityofchicago.org/api/views/5xt8-wz7f,12c-01
safepassage2016_17 [Illinois--Chicago],safepassage2016_17,data.cityofchicago.org,City of Chicago Data Portal,Web services,Last Modified: 2024-11-13,2016-08-31,2026-02-08,65ce-agii,https://data.cityofchicago.org/api/views/65ce-agii,12c-01
Units2006_07 [Illinois--Chicago],Units2006_07,data.cityofchicago.org,City of Chicago Data Portal,Web services,Last Modified: 2024-04-10,2016-08-23,2026-02-08,67w7-2rqi,https://data.cityofchicago.org/api/views/67w7-2rqi,12c-01
CPS_Charter_School_Preference_Boundaries_SY1415 [Illinois--Chicago],CPS_Charter_School_Preference_Boundaries_SY1415,data.cityofchicago.org,City of Chicago Data Portal,Web services,Last Modified: 2024-04-10,2014-08-08,2026-02-08,68qb-86ib,https://data.cityofchicago.org/api/views/68qb-86ib,12c-01
Chicago Public Schools - Middle School Attendance Boundaries SY1920 [Illinois--Chicago],Chicago Public Schools - Middle School Attendance Boundaries SY1920,data.cityofchicago.org,City of Chicago Data Portal,Web services,Last Modified: 2019-11-20,2019-08-14,2026-02-08,68rq-5b3g,https://data.cityofchicago.org/api/views/68rq-5b3g,12c-01
Cook County - Facilities - KML [Illinois--Chicago],Cook County - Facilities - KML,data.cityofchicago.org,City of Chicago Data Portal,Web services,Last Modified: 2011-08-28,2011-06-22,2026-02-08,6ak8-s6i7,https://data.cityofchicago.org/api/views/6ak8-s6i7,12c-01
Cook County - Fishing Lakes [Illinois--Chicago],Cook County - Fishing Lakes,data.cityofchicago.org,City of Chicago Data Portal,Web services,Last Modified: 2012-09-07,2011-06-22,2026-02-08,6cqn-9xd5,https://data.cityofchicago.org/api/views/6cqn-9xd5,12c-01
Boundaries - Ward Precincts (2011) - KML [Illinois--Chicago],Boundaries - Ward Precincts (2011) - KML,data.cityofchicago.org,City of Chicago Data Portal,Web services,2011,2011-08-01,2026-02-08,6evd-yiph,https://data.cityofchicago.org/api/views/6evd-yiph,12c-01
Ward Offices (Deprecated May 2015) [Illinois--Chicago],Ward Offices (Deprecated May 2015),data.cityofchicago.org,City of Chicago Data Portal,Web services,2015,2015-07-10,2026-02-08,6mw6-krd4,https://data.cityofchicago.org/api/views/6mw6-krd4,12c-01
Boundaries - Ward Precincts (2023-2024) [Illinois--Chicago],Boundaries - Ward Precincts (2023-2024),data.cityofchicago.org,City of Chicago Data Portal,Web services,2023-2024,2026-03-17,2026-02-08,6piy-vbxa,https://data.cityofchicago.org/api/views/6piy-vbxa,12c-01
Ward Offices - Shapefiles (Deprecated May 2015) [Illinois--Chicago],Ward Offices - Shapefiles (Deprecated May 2015),data.cityofchicago.org,City of Chicago Data Portal,Web services,2015,2011-08-01,2026-02-08,6pkd-zfe4,https://data.cityofchicago.org/api/views/6pkd-zfe4,12c-01
Cook County - Fishing Lakes - KML [Illinois--Chicago],Cook County - Fishing Lakes - KML,data.cityofchicago.org,City of Chicago Data Portal,Web services,Last Modified: 2012-09-07,2011-06-22,2026-02-08,6vwv-x7nk,https://data.cityofchicago.org/api/views/6vwv-x7nk,12c-01
Wards [Illinois--Chicago],Wards,data.cityofchicago.org,City of Chicago Data Portal,Web services,Last Modified: 2026-03-09,2024-10-24,2026-02-08,72b6-8fe8,https://data.cityofchicago.org/api/views/72b6-8fe8,12c-01
CensusTractsTIGER2010 [Illinois--Chicago],CensusTractsTIGER2010,data.cityofchicago.org,City of Chicago Data Portal,Web services,Last Modified: 2024-12-02,2013-05-23,2026-02-08,74p9-q2aq,https://data.cityofchicago.org/api/views/74p9-q2aq,12c-01
CPS_School_Locations_1617 [Illinois--Chicago],CPS_School_Locations_1617,data.cityofchicago.org,City of Chicago Data Portal,Web services,Last Modified: 2024-04-10,2016-08-05,2026-02-08,75e5-35kf,https://data.cityofchicago.org/api/views/75e5-35kf,12c-01
Sidewalks [Illinois--Chicago],Sidewalks,data.cityofchicago.org,City of Chicago Data Portal,Web services,Last Modified: 2012-09-07,2011-12-01,2026-02-08,77cn-6x4c,https://data.cityofchicago.org/api/views/77cn-6x4c,12c-01
Open Spaces - Habitats [Illinois--Chicago],Open Spaces - Habitats,data.cityofchicago.org,City of Chicago Data Portal,Web services,Last Modified: 2012-09-07,2011-07-08,2026-02-08,7ah2-brjg,https://data.cityofchicago.org/api/views/7ah2-brjg,12c-01
transportation [Illinois--Chicago],transportation,data.cityofchicago.org,City of Chicago Data Portal,Web services,Last Modified: 2024-04-10,2017-07-11,2026-02-08,7ez8-272k,https://data.cityofchicago.org/api/views/7ez8-272k,12c-01
Open Spaces - Riverwalk [Illinois--Chicago],Open Spaces - Riverwalk,data.cityofchicago.org,City of Chicago Data Portal,Web services,Last Modified: 2012-09-07,2011-07-08,2026-02-08,7nh7-nkau,https://data.cityofchicago.org/api/views/7nh7-nkau,12c-01
Cook County - Private Schools [Illinois--Chicago],Cook County - Private Schools,data.cityofchicago.org,City of Chicago Data Portal,Web services,Last Modified: 2011-08-28,2011-06-22,2026-02-08,7rj8-26fg,https://data.cityofchicago.org/api/views/7rj8-26fg,12c-01
Units2010_11 [Illinois--Chicago],Units2010_11,data.cityofchicago.org,City of Chicago Data Portal,Web services,Last Modified: 2024-04-10,2016-08-23,2026-02-08,7xqa-efsz,https://data.cityofchicago.org/api/views/7xqa-efsz,12c-01
Middle_School_Attendance_0910 [Illinois--Chicago],Middle_School_Attendance_0910,data.cityofchicago.org,City of Chicago Data Portal,Web services,Last Modified: 2024-04-10,2016-08-23,2026-02-08,8ak6-a24r,https://data.cityofchicago.org/api/views/8ak6-a24r,12c-01
Middle_School_Attendance_1415 [Illinois--Chicago],Middle_School_Attendance_1415,data.cityofchicago.org,City of Chicago Data Portal,Web services,Last Modified: 2024-04-10,2016-08-23,2026-02-08,8dsi-desh,https://data.cityofchicago.org/api/views/8dsi-desh,12c-01
Bike Routes (Deprecated November 2021) [Illinois--Chicago],Bike Routes (Deprecated November 2021),data.cityofchicago.org,City of Chicago Data Portal,Web services,2021,2022-01-28,2026-02-08,8ec2-eaj2,https://data.cityofchicago.org/api/views/8ec2-eaj2,12c-01
Chicago Public Schools - Elementary School Attendance Boundaries SY2324 [Illinois--Chicago],Chicago Public Schools - Elementary School Attendance Boundaries SY2324,data.cityofchicago.org,City of Chicago Data Portal,Web services,Last Modified: 2025-09-29,2023-08-24,2026-02-08,8k6e-w34s,https://data.cityofchicago.org/api/views/8k6e-w34s,12c-01
Metra Stations - KML [Illinois--Chicago],Metra Stations - KML,data.cityofchicago.org,City of Chicago Data Portal,Web services,Last Modified: 2012-09-07,2011-06-24,2026-02-08,8mcs-gt4w,https://data.cityofchicago.org/api/views/8mcs-gt4w,12c-01
Middle_School_Attendance_0708 [Illinois--Chicago],Middle_School_Attendance_0708,data.cityofchicago.org,City of Chicago Data Portal,Web services,Last Modified: 2024-04-10,2016-08-23,2026-02-08,8q7s-ex28,https://data.cityofchicago.org/api/views/8q7s-ex28,12c-01
layer_0 [Illinois--Chicago],layer_0,data.cityofchicago.org,City of Chicago Data Portal,Web services,Last Modified: 2024-04-10,2018-08-23,2026-02-08,8sr3-izx5,https://data.cityofchicago.org/api/views/8sr3-izx5,12c-01
CPS_High_School_Attendance_Boundaries_SY1415 [Illinois--Chicago],CPS_High_School_Attendance_Boundaries_SY1415,data.cityofchicago.org,City of Chicago Data Portal,Web services,Last Modified: 2024-04-10,2016-08-23,2026-02-08,94tp-gppc,https://data.cityofchicago.org/api/views/94tp-gppc,12c-01
School_Locations_1819 [Illinois--Chicago],School_Locations_1819,data.cityofchicago.org,City of Chicago Data Portal,Web services,Last Modified: 2024-04-10,2018-07-18,2026-02-08,95e9-uzwt,https://data.cityofchicago.org/api/views/95e9-uzwt,12c-01
Units2012_13 [Illinois--Chicago],Units2012_13,data.cityofchicago.org,City of Chicago Data Portal,Web services,Last Modified: 2024-04-10,2016-08-23,2026-02-08,98wb-ks45,https://data.cityofchicago.org/api/views/98wb-ks45,12c-01
E-scooter Priority Area - 2020 [Illinois--Chicago],E-scooter Priority Area - 2020,data.cityofchicago.org,City of Chicago Data Portal,Web services,2020,2020-09-02,2026-02-08,99tm-6k6i,https://data.cityofchicago.org/api/views/99tm-6k6i,12c-01
Boundaries - Special Service Areas (deprecated January 2020) [Illinois--Chicago],Boundaries - Special Service Areas (deprecated January 2020),data.cityofchicago.org,City of Chicago Data Portal,Web services,2020,2020-01-13,2026-02-08,9fit-fndz,https://data.cityofchicago.org/api/views/9fit-fndz,12c-01
Transportation [Illinois--Chicago],Transportation,data.cityofchicago.org,City of Chicago Data Portal,Web services,Last Modified: 2024-02-14,2014-10-23,2026-02-08,9p6u-2jwe,https://data.cityofchicago.org/api/views/9p6u-2jwe,12c-01
streetsweeping2014v2 [Illinois--Chicago],streetsweeping2014v2,data.cityofchicago.org,City of Chicago Data Portal,Web services,Last Modified: 2024-04-10,2014-04-10,2026-02-08,9pyj-tktt,https://data.cityofchicago.org/api/views/9pyj-tktt,12c-01
Street Sweeping - 2012 - Map [Illinois--Chicago],Street Sweeping - 2012 - Map,data.cityofchicago.org,City of Chicago Data Portal,Web services,2012,2011-08-11,2026-02-08,9rhq-32up,https://data.cityofchicago.org/api/views/9rhq-32up,12c-01
Bike Routes (Deprecated December 2022) [Illinois--Chicago],Bike Routes (Deprecated December 2022),data.cityofchicago.org,City of Chicago Data Portal,Web services,2022,2023-01-18,2026-02-08,9saw-v2cz,https://data.cityofchicago.org/api/views/9saw-v2cz,12c-01
PoliceDistrict [Illinois--Chicago],PoliceDistrict,data.cityofchicago.org,City of Chicago Data Portal,Web services,Last Modified: 2024-11-13,2012-12-18,2026-02-08,9vmg-9p8p,https://data.cityofchicago.org/api/views/9vmg-9p8p,12c-01
Boundaries - Neighborhoods [Illinois--Chicago],Boundaries - Neighborhoods,data.cityofchicago.org,City of Chicago Data Portal,Web services,Last Modified: 2012-10-04,2011-04-17,2026-02-08,9wp7-iasj,https://data.cityofchicago.org/api/views/9wp7-iasj,12c-01
Chicago Public Schools - Elementary School Attendance Boundaries SY2122 [Illinois--Chicago],Chicago Public Schools - Elementary School Attendance Boundaries SY2122,data.cityofchicago.org,City of Chicago Data Portal,Web services,Last Modified: 2025-09-29,2021-12-14,2026-02-08,a3xm-ett9,https://data.cityofchicago.org/api/views/a3xm-ett9,12c-01
Boundaries - Conservation Areas [Illinois--Chicago],Boundaries - Conservation Areas,data.cityofchicago.org,City of Chicago Data Portal,Web services,Last Modified: 2012-09-07,2011-04-17,2026-02-08,a9rt-upwk,https://data.cityofchicago.org/api/views/a9rt-upwk,12c-01
Chicago Public Schools - Elementary School Attendance Boundaries SY1920 [Illinois--Chicago],Chicago Public Schools - Elementary School Attendance Boundaries SY1920,data.cityofchicago.org,City of Chicago Data Portal,Web services,Last Modified: 2019-11-20,2019-08-14,2026-02-08,abk6-gwwr,https://data.cityofchicago.org/api/views/abk6-gwwr,12c-01
streetsweeping2013 [Illinois--Chicago],streetsweeping2013,data.cityofchicago.org,City of Chicago Data Portal,Web services,Last Modified: 2024-04-10,2013-04-01,2026-02-08,ahxu-atcv,https://data.cityofchicago.org/api/views/ahxu-atcv,12c-01
Units2011_12 [Illinois--Chicago],Units2011_12,data.cityofchicago.org,City of Chicago Data Portal,Web services,Last Modified: 2024-04-10,2016-08-23,2026-02-08,anck-gptm,https://data.cityofchicago.org/api/views/anck-gptm,12c-01
Boundaries - Special Service Areas (Deprecated May 2019) - Tabular View [Illinois--Chicago],Boundaries - Special Service Areas (Deprecated May 2019) - Tabular View,data.cityofchicago.org,City of Chicago Data Portal,Web services,2019,2019-05-16,2026-02-08,aq3f-cb5w,https://data.cityofchicago.org/api/views/aq3f-cb5w,12c-01
Bike Routes (Deprecated January 2021) [Illinois--Chicago],Bike Routes (Deprecated January 2021),data.cityofchicago.org,City of Chicago Data Portal,Web services,2021,2021-04-16,2026-02-08,ard8-rcb7,https://data.cityofchicago.org/api/views/ard8-rcb7,12c-01
Elementary_Attendance_0607 [Illinois--Chicago],Elementary_Attendance_0607,data.cityofchicago.org,City of Chicago Data Portal,Web services,Last Modified: 2024-04-10,2016-08-23,2026-02-08,asie-aked,https://data.cityofchicago.org/api/views/asie-aked,12c-01
Open Spaces - Habitats - KML [Illinois--Chicago],Open Spaces - Habitats - KML,data.cityofchicago.org,City of Chicago Data Portal,Web services,Last Modified: 2012-09-07,2011-07-08,2026-02-08,atcy-53hp,https://data.cityofchicago.org/api/views/atcy-53hp,12c-01
CTA - Bus Routes - KML (Deprecated February 2015) [Illinois--Chicago],CTA - Bus Routes - KML (Deprecated February 2015),data.cityofchicago.org,City of Chicago Data Portal,Web services,2015,2011-08-11,2026-02-08,atza-xq2n,https://data.cityofchicago.org/api/views/atza-xq2n,12c-01
Chicago Public Schools - High School Geographic Networks [Illinois--Chicago],Chicago Public Schools - High School Geographic Networks,data.cityofchicago.org,City of Chicago Data Portal,Web services,Last Modified: 2025-09-29,2021-09-21,2026-02-08,aupu-jt2g,https://data.cityofchicago.org/api/views/aupu-jt2g,12c-01
Bike Routes (Deprecated February 2020) [Illinois--Chicago],Bike Routes (Deprecated February 2020),data.cityofchicago.org,City of Chicago Data Portal,Web services,2020,2020-02-11,2026-02-08,auur-f9g5,https://data.cityofchicago.org/api/views/auur-f9g5,12c-01
Street Sweeping - 2012 - Map - KML [Illinois--Chicago],Street Sweeping - 2012 - Map - KML,data.cityofchicago.org,City of Chicago Data Portal,Web services,2012,2011-08-11,2026-02-08,awxm-xcsz,https://data.cityofchicago.org/api/views/awxm-xcsz,12c-01
Change Notice: Ward Precincts - 11/22/2024 [Illinois--Chicago],Change Notice: Ward Precincts - 11/22/2024,data.cityofchicago.org,City of Chicago Data Portal,Web services,2024,2024-11-22,2026-02-08,b256-p53y,https://data.cityofchicago.org/api/views/b256-p53y,12c-01
Cook County - Highway Department - Construction Locations 2011 [Illinois--Chicago],Cook County - Highway Department - Construction Locations 2011,data.cityofchicago.org,City of Chicago Data Portal,Web services,2011,2011-06-23,2026-02-08,b9nd-8mvs,https://data.cityofchicago.org/api/views/b9nd-8mvs,12c-01
Waterways [Illinois--Chicago],Waterways,data.cityofchicago.org,City of Chicago Data Portal,Web services,Last Modified: 2012-09-07,2011-04-17,2026-02-08,bat8-9fui,https://data.cityofchicago.org/api/views/bat8-9fui,12c-01
Street Center Lines - KML (Deprecated July 2013) [Illinois--Chicago],Street Center Lines - KML (Deprecated July 2013),data.cityofchicago.org,City of Chicago Data Portal,Web services,2013,2011-06-27,2026-02-08,bcxz-rc3r,https://data.cityofchicago.org/api/views/bcxz-rc3r,12c-01
Connect Chicago Locations - Historical [Illinois--Chicago],Connect Chicago Locations - Historical,data.cityofchicago.org,City of Chicago Data Portal,Web services,Last Modified: 2020-10-27,2016-07-06,2026-02-08,bmus-hp7e,https://data.cityofchicago.org/api/views/bmus-hp7e,12c-01
CTA - 'L' (Rail) Stations - KML (Deprecated February 2015) [Illinois--Chicago],CTA - 'L' (Rail) Stations - KML (Deprecated February 2015),data.cityofchicago.org,City of Chicago Data Portal,Web services,2015,2011-08-11,2026-02-08,bs96-uama,https://data.cityofchicago.org/api/views/bs96-uama,12c-01
CensusBlockTIGER2010 [Illinois--Chicago],CensusBlockTIGER2010,data.cityofchicago.org,City of Chicago Data Portal,Web services,Last Modified: 2024-04-10,2013-05-23,2026-02-08,bt9m-d2mf,https://data.cityofchicago.org/api/views/bt9m-d2mf,12c-01
Units2007_08 [Illinois--Chicago],Units2007_08,data.cityofchicago.org,City of Chicago Data Portal,Web services,Last Modified: 2024-04-10,2016-08-23,2026-02-08,bud9-sp8g,https://data.cityofchicago.org/api/views/bud9-sp8g,12c-01
Boundaries - Neighborhoods - KML [Illinois--Chicago],Boundaries - Neighborhoods - KML,data.cityofchicago.org,City of Chicago Data Portal,Web services,Last Modified: 2012-10-04,2011-06-24,2026-02-08,buma-fjbv,https://data.cityofchicago.org/api/views/buma-fjbv,12c-01
DSS_STREETSWEEPING_SCHEDULE [Illinois--Chicago],DSS_STREETSWEEPING_SCHEDULE,data.cityofchicago.org,City of Chicago Data Portal,Web services,Last Modified: 2024-04-10,2017-04-19,2026-02-08,bvmw-x5d2,https://data.cityofchicago.org/api/views/bvmw-x5d2,12c-01
Enterprise_Zones [Illinois--Chicago],Enterprise_Zones,data.cityofchicago.org,City of Chicago Data Portal,Web services,Last Modified: 2026-02-23,2021-10-01,2026-02-08,bwpt-y235,https://data.cityofchicago.org/api/views/bwpt-y235,12c-01
Charter_Preference_Boundaries_SY1718 [Illinois--Chicago],Charter_Preference_Boundaries_SY1718,data.cityofchicago.org,City of Chicago Data Portal,Web services,Last Modified: 2024-04-10,2017-08-01,2026-02-08,c2eu-s9td,https://data.cityofchicago.org/api/views/c2eu-s9td,12c-01
National Register of Historic Places - KML [Illinois--Chicago],National Register of Historic Places - KML,data.cityofchicago.org,City of Chicago Data Portal,Web services,Last Modified: 2012-11-23,2012-03-09,2026-02-08,c4vt-4uy5,https://data.cityofchicago.org/api/views/c4vt-4uy5,12c-01
Bike Racks - Historical [Illinois--Chicago],Bike Racks - Historical,data.cityofchicago.org,City of Chicago Data Portal,Web services,Last Modified: 2023-09-12,2011-04-17,2026-02-08,cbyb-69xx,https://data.cityofchicago.org/api/views/cbyb-69xx,12c-01
Boundaries - Special Service Areas - KML (deprecated November 2013) [Illinois--Chicago],Boundaries - Special Service Areas - KML (deprecated November 2013),data.cityofchicago.org,City of Chicago Data Portal,Web services,2013,2011-06-24,2026-02-08,ch5p-gxrk,https://data.cityofchicago.org/api/views/ch5p-gxrk,12c-01
CPS_Elementary_Attendance_1617 [Illinois--Chicago],CPS_Elementary_Attendance_1617,data.cityofchicago.org,City of Chicago Data Portal,Web services,Last Modified: 2024-04-10,2016-08-04,2026-02-08,ciye-b75s,https://data.cityofchicago.org/api/views/ciye-b75s,12c-01
Chicago Historic Resources Survey - Red and Orange Buildings - KML [Illinois--Chicago],Chicago Historic Resources Survey - Red and Orange Buildings - KML,data.cityofchicago.org,City of Chicago Data Portal,Web services,Last Modified: 2012-08-13,2012-03-09,2026-02-08,cmb2-8jw8,https://data.cityofchicago.org/api/views/cmb2-8jw8,12c-01
Boundaries - Special Service Areas [Illinois--Chicago],Boundaries - Special Service Areas,data.cityofchicago.org,City of Chicago Data Portal,Web services,Last Modified: 2025-12-08,2024-01-12,2026-02-08,cmr6-dn8c,https://data.cityofchicago.org/api/views/cmr6-dn8c,12c-01
SSA [Illinois--Chicago],SSA,data.cityofchicago.org,City of Chicago Data Portal,Web services,Last Modified: 2024-04-10,2014-10-23,2026-02-08,cnf7-yj5k,https://data.cityofchicago.org/api/views/cnf7-yj5k,12c-01
Industrial_Corridors [Illinois--Chicago],Industrial_Corridors,data.cityofchicago.org,City of Chicago Data Portal,Web services,Last Modified: 2024-04-10,2013-02-08,2026-02-08,cqyw-9dbu,https://data.cityofchicago.org/api/views/cqyw-9dbu,12c-01
Workforce Centers [Illinois--Chicago],Workforce Centers,data.cityofchicago.org,City of Chicago Data Portal,Web services,Last Modified: 2019-04-18,2011-04-17,2026-02-08,cs4s-nsna,https://data.cityofchicago.org/api/views/cs4s-nsna,12c-01
CPS_Network_Boundaries_SY1415 [Illinois--Chicago],CPS_Network_Boundaries_SY1415,data.cityofchicago.org,City of Chicago Data Portal,Web services,Last Modified: 2024-11-13,2016-08-23,2026-02-08,cwbp-97aa,https://data.cityofchicago.org/api/views/cwbp-97aa,12c-01
Enterprise_Zones [Illinois--Chicago],Enterprise_Zones,data.cityofchicago.org,City of Chicago Data Portal,Web services,Last Modified: 2024-04-10,2016-02-04,2026-02-08,cwk8-zv7t,https://data.cityofchicago.org/api/views/cwk8-zv7t,12c-01
School_Locations_SY1718 [Illinois--Chicago],School_Locations_SY1718,data.cityofchicago.org,City of Chicago Data Portal,Web services,Last Modified: 2024-04-10,2017-09-05,2026-02-08,d2h8-2upd,https://data.cityofchicago.org/api/views/d2h8-2upd,12c-01
MMRP_AREAS_OCT2013 [Illinois--Chicago],MMRP_AREAS_OCT2013,data.cityofchicago.org,City of Chicago Data Portal,Web services,Last Modified: 2024-04-10,2013-10-09,2026-02-08,d3i8-zirn,https://data.cityofchicago.org/api/views/d3i8-zirn,12c-01
Elementary_Attendance_1011 [Illinois--Chicago],Elementary_Attendance_1011,data.cityofchicago.org,City of Chicago Data Portal,Web services,Last Modified: 2024-04-10,2016-08-23,2026-02-08,d5vw-2kcs,https://data.cityofchicago.org/api/views/d5vw-2kcs,12c-01
CDOT Bike Routes_2014_1216 [Illinois--Chicago],CDOT Bike Routes_2014_1216,data.cityofchicago.org,City of Chicago Data Portal,Web services,Last Modified: 2024-04-10,2016-05-06,2026-02-08,d6m3-6qzf,https://data.cityofchicago.org/api/views/d6m3-6qzf,12c-01
Chicago Public Schools - Elementary School Attendance Boundaries SY2223 [Illinois--Chicago],Chicago Public Schools - Elementary School Attendance Boundaries SY2223,data.cityofchicago.org,City of Chicago Data Portal,Web services,Last Modified: 2025-09-29,2022-12-02,2026-02-08,d8hd-y5ce,https://data.cityofchicago.org/api/views/d8hd-y5ce,12c-01
Chicago Public Schools - High School Attendance Boundaries SY1920 [Illinois--Chicago],Chicago Public Schools - High School Attendance Boundaries SY1920,data.cityofchicago.org,City of Chicago Data Portal,Web services,Last Modified: 2019-11-20,2019-08-14,2026-02-08,d95y-ue9h,https://data.cityofchicago.org/api/views/d95y-ue9h,12c-01
Chicago Public Schools - High School Attendance Boundaries SY2021 [Illinois--Chicago],Chicago Public Schools - High School Attendance Boundaries SY2021,data.cityofchicago.org,City of Chicago Data Portal,Web services,Last Modified: 2021-02-01,2020-10-29,2026-02-08,da2c-wnfg,https://data.cityofchicago.org/api/views/da2c-wnfg,12c-01
Boundaries - Special Service Areas (deprecated November 2013) [Illinois--Chicago],Boundaries - Special Service Areas (deprecated November 2013),data.cityofchicago.org,City of Chicago Data Portal,Web services,2013,2011-06-27,2026-02-08,dbvs-iaa4,https://data.cityofchicago.org/api/views/dbvs-iaa4,12c-01
Ward Offices - KML (Deprecated May 2015) [Illinois--Chicago],Ward Offices - KML (Deprecated May 2015),data.cityofchicago.org,City of Chicago Data Portal,Web services,2015,2011-08-01,2026-02-08,dfjs-8rrk,https://data.cityofchicago.org/api/views/dfjs-8rrk,12c-01
Units2013_14 [Illinois--Chicago],Units2013_14,data.cityofchicago.org,City of Chicago Data Portal,Web services,Last Modified: 2024-04-10,2016-08-23,2026-02-08,dgq3-i7xm,https://data.cityofchicago.org/api/views/dgq3-i7xm,12c-01
Boundaries - Tax Increment Financing Districts (Deprecated April 2023) [Illinois--Chicago],Boundaries - Tax Increment Financing Districts (Deprecated April 2023),data.cityofchicago.org,City of Chicago Data Portal,Web services,2023,2023-10-19,2026-02-08,di8g-4wjz,https://data.cityofchicago.org/api/views/di8g-4wjz,12c-01
Liquor Moratorium Districts - Packaged Goods - Historical [Illinois--Chicago],Liquor Moratorium Districts - Packaged Goods - Historical,data.cityofchicago.org,City of Chicago Data Portal,Web services,Last Modified: 2025-03-25,2011-11-02,2026-02-08,ds8w-gykc,https://data.cityofchicago.org/api/views/ds8w-gykc,12c-01
Boundaries - U.S. Congressional Districts [Illinois--Chicago],Boundaries - U.S. Congressional Districts,data.cityofchicago.org,City of Chicago Data Portal,Web services,Last Modified: 2013-01-03,2011-04-17,2026-02-08,dw5c-9g79,https://data.cityofchicago.org/api/views/dw5c-9g79,12c-01
Metra Lines - KML [Illinois--Chicago],Metra Lines - KML,data.cityofchicago.org,City of Chicago Data Portal,Web services,Last Modified: 2012-09-07,2011-06-24,2026-02-08,e7du-96jw,https://data.cityofchicago.org/api/views/e7du-96jw,12c-01
Chicago Public Schools - Charter School Preference Boundaries SY2021 [Illinois--Chicago],Chicago Public Schools - Charter School Preference Boundaries SY2021,data.cityofchicago.org,City of Chicago Data Portal,Web services,Last Modified: 2021-02-01,2020-10-29,2026-02-08,ebii-vbpi,https://data.cityofchicago.org/api/views/ebii-vbpi,12c-01
Boundaries - City - KML [Illinois--Chicago],Boundaries - City - KML,data.cityofchicago.org,City of Chicago Data Portal,Web services,Last Modified: 2011-11-18,2011-06-24,2026-02-08,eg5e-qm3q,https://data.cityofchicago.org/api/views/eg5e-qm3q,12c-01
Open Spaces - Campus Parks - KML [Illinois--Chicago],Open Spaces - Campus Parks - KML,data.cityofchicago.org,City of Chicago Data Portal,Web services,Last Modified: 2012-09-07,2011-07-08,2026-02-08,ehih-tkar,https://data.cityofchicago.org/api/views/ehih-tkar,12c-01
sweepingsections [Illinois--Chicago],sweepingsections,data.cityofchicago.org,City of Chicago Data Portal,Web services,Last Modified: 2024-04-10,2018-04-02,2026-02-08,eiv4-4c3n,https://data.cityofchicago.org/api/views/eiv4-4c3n,12c-01
Dockless Bicycle Pilot Zones - Summer 2018 - New Format [Illinois--Chicago],Dockless Bicycle Pilot Zones - Summer 2018 - New Format,data.cityofchicago.org,City of Chicago Data Portal,Web services,2018,2018-08-23,2026-02-08,eup8-xe3z,https://data.cityofchicago.org/api/views/eup8-xe3z,12c-01
CTA - Bus Turnarounds - Shapefile [Illinois--Chicago],CTA - Bus Turnarounds - Shapefile,data.cityofchicago.org,City of Chicago Data Portal,Web services,Last Modified: 2023-11-17,2011-08-31,2026-02-08,ezsd-azyg,https://data.cityofchicago.org/api/views/ezsd-azyg,12c-01
Central_Business_District [Illinois--Chicago],Central_Business_District,data.cityofchicago.org,City of Chicago Data Portal,Web services,Last Modified: 2024-04-10,2013-06-10,2026-02-08,fe34-kcci,https://data.cityofchicago.org/api/views/fe34-kcci,12c-01
Schools - KML [Illinois--Chicago],Schools - KML,data.cityofchicago.org,City of Chicago Data Portal,Web services,Last Modified: 2012-03-09,2011-06-24,2026-02-08,feag-vjje,https://data.cityofchicago.org/api/views/feag-vjje,12c-01
Open Spaces - Malls and Plazas - KML [Illinois--Chicago],Open Spaces - Malls and Plazas - KML,data.cityofchicago.org,City of Chicago Data Portal,Web services,Last Modified: 2012-09-07,2011-07-08,2026-02-08,fnbk-bbi3,https://data.cityofchicago.org/api/views/fnbk-bbi3,12c-01
Winter Overnight Parking Restrictions - KML [Illinois--Chicago],Winter Overnight Parking Restrictions - KML,data.cityofchicago.org,City of Chicago Data Portal,Web services,Last Modified: 2011-12-01,2011-11-23,2026-02-08,fr3e-nxk2,https://data.cityofchicago.org/api/views/fr3e-nxk2,12c-01
Boundaries - Enterprise Communities (Deprecated October 2013) [Illinois--Chicago],Boundaries - Enterprise Communities (Deprecated October 2013),data.cityofchicago.org,City of Chicago Data Portal,Web services,2013,2011-04-17,2026-02-08,fuz2-7vqu,https://data.cityofchicago.org/api/views/fuz2-7vqu,12c-01
Boundaries - Tax Increment Financing Districts - KML (Deprecated April 2013) [Illinois--Chicago],Boundaries - Tax Increment Financing Districts - KML (Deprecated April 2013),data.cityofchicago.org,City of Chicago Data Portal,Web services,2013,2011-07-11,2026-02-08,fvmt-if5n,https://data.cityofchicago.org/api/views/fvmt-if5n,12c-01
CTA - Bus Stops - KML (Deprecated February 2015) [Illinois--Chicago],CTA - Bus Stops - KML (Deprecated February 2015),data.cityofchicago.org,City of Chicago Data Portal,Web services,2015,2011-08-11,2026-02-08,fxnt-b8ay,https://data.cityofchicago.org/api/views/fxnt-b8ay,12c-01
Chicago Public Schools - Middle School Attendance Boundaries SY2526 [Illinois--Chicago],Chicago Public Schools - Middle School Attendance Boundaries SY2526,data.cityofchicago.org,City of Chicago Data Portal,Web services,Last Modified: 2025-09-29,2025-09-02,2026-02-08,fyff-53xy,https://data.cityofchicago.org/api/views/fyff-53xy,12c-01
Individual Landmarks - KML (Deprecated December 2013) [Illinois--Chicago],Individual Landmarks - KML (Deprecated December 2013),data.cityofchicago.org,City of Chicago Data Portal,Web services,2013,2011-07-18,2026-02-08,g5sm-atjv,https://data.cityofchicago.org/api/views/g5sm-atjv,12c-01
Chicago Public Schools - Elementary School Attendance Boundaries SY2021 [Illinois--Chicago],Chicago Public Schools - Elementary School Attendance Boundaries SY2021,data.cityofchicago.org,City of Chicago Data Portal,Web services,Last Modified: 2021-02-01,2020-10-29,2026-02-08,gaak-qc7r,https://data.cityofchicago.org/api/views/gaak-qc7r,12c-01
Open Spaces - Neighbor Space Gardens [Illinois--Chicago],Open Spaces - Neighbor Space Gardens,data.cityofchicago.org,City of Chicago Data Portal,Web services,Last Modified: 2012-09-07,2011-07-08,2026-02-08,gacm-z663,https://data.cityofchicago.org/api/views/gacm-z663,12c-01
Chicago Public Schools - High School Attendance Boundaries SY2324 [Illinois--Chicago],Chicago Public Schools - High School Attendance Boundaries SY2324,data.cityofchicago.org,City of Chicago Data Portal,Web services,Last Modified: 2025-09-29,2023-08-24,2026-02-08,gba7-ip5a,https://data.cityofchicago.org/api/views/gba7-ip5a,12c-01
Parks - Public Art - Shapefiles (deprecated November 2016) [Illinois--Chicago],Parks - Public Art - Shapefiles (deprecated November 2016),data.cityofchicago.org,City of Chicago Data Portal,Web services,2016,2012-02-08,2026-02-08,gfnu-w3q6,https://data.cityofchicago.org/api/views/gfnu-w3q6,12c-01
PoliceBeatDec2012 [Illinois--Chicago],PoliceBeatDec2012,data.cityofchicago.org,City of Chicago Data Portal,Web services,Last Modified: 2024-11-13,2013-02-13,2026-02-08,ghu9-v7a9,https://data.cityofchicago.org/api/views/ghu9-v7a9,12c-01
Boundaries - State Congressional Districts (House) [Illinois--Chicago],Boundaries - State Congressional Districts (House),data.cityofchicago.org,City of Chicago Data Portal,Web services,Last Modified: 2013-01-03,2011-04-17,2026-02-08,gpzv-tfuc,https://data.cityofchicago.org/api/views/gpzv-tfuc,12c-01
Chicago Public Schools - School Locations SY2223 [Illinois--Chicago],Chicago Public Schools - School Locations SY2223,data.cityofchicago.org,City of Chicago Data Portal,Web services,Last Modified: 2025-09-29,2022-11-30,2026-02-08,gqgn-ekwj,https://data.cityofchicago.org/api/views/gqgn-ekwj,12c-01
Elementary_Attendance_1213 [Illinois--Chicago],Elementary_Attendance_1213,data.cityofchicago.org,City of Chicago Data Portal,Web services,Last Modified: 2024-04-10,2016-08-23,2026-02-08,h8qh-dq5s,https://data.cityofchicago.org/api/views/h8qh-dq5s,12c-01
Boundaries - Tax Increment Financing Districts (Deprecated March 2018) [Illinois--Chicago],Boundaries - Tax Increment Financing Districts (Deprecated March 2018),data.cityofchicago.org,City of Chicago Data Portal,Web services,2018,2018-04-20,2026-02-08,haky-byup,https://data.cityofchicago.org/api/views/haky-byup,12c-01
Chicago Public Schools - School Locations SY2425 [Illinois--Chicago],Chicago Public Schools - School Locations SY2425,data.cityofchicago.org,City of Chicago Data Portal,Web services,Last Modified: 2025-09-29,2024-09-20,2026-02-08,hexd-c4gn,https://data.cityofchicago.org/api/views/hexd-c4gn,12c-01
Parks - KML (deprecated November 2016) [Illinois--Chicago],Parks - KML (deprecated November 2016),data.cityofchicago.org,City of Chicago Data Portal,Web services,2016,2011-06-24,2026-02-08,hmfy-xsta,https://data.cityofchicago.org/api/views/hmfy-xsta,12c-01
Elementary_Attendance_1112 [Illinois--Chicago],Elementary_Attendance_1112,data.cityofchicago.org,City of Chicago Data Portal,Web services,Last Modified: 2024-04-10,2016-08-23,2026-02-08,hr9c-szde,https://data.cityofchicago.org/api/views/hr9c-szde,12c-01
Ward Offices [Illinois--Chicago],Ward Offices,data.cityofchicago.org,City of Chicago Data Portal,Web services,Last Modified: 2025-10-03,2023-08-15,2026-02-08,htai-wnw4,https://data.cityofchicago.org/api/views/htai-wnw4,12c-01
Farmers Markets - 2012 [Illinois--Chicago],Farmers Markets - 2012,data.cityofchicago.org,City of Chicago Data Portal,Web services,2012,2012-05-24,2026-02-08,hu6v-hsqb,https://data.cityofchicago.org/api/views/hu6v-hsqb,12c-01
Bike Routes [Illinois--Chicago],Bike Routes,data.cityofchicago.org,City of Chicago Data Portal,Web services,Last Modified: 2025-12-16,2023-01-18,2026-02-08,hvv9-38ut,https://data.cityofchicago.org/api/views/hvv9-38ut,12c-01
Boundaries - Special Service Areas (deprecated January 2022) [Illinois--Chicago],Boundaries - Special Service Areas (deprecated January 2022),data.cityofchicago.org,City of Chicago Data Portal,Web services,2022,2022-08-23,2026-02-08,i35c-ftqu,https://data.cityofchicago.org/api/views/i35c-ftqu,12c-01
Boundaries - Police Districts - KML [Illinois--Chicago],Boundaries - Police Districts - KML,data.cityofchicago.org,City of Chicago Data Portal,Web services,Last Modified: 2012-06-21,2011-06-24,2026-02-08,i3nc-42da,https://data.cityofchicago.org/api/views/i3nc-42da,12c-01
Chicago Street Names [Illinois--Chicago],Chicago Street Names,data.cityofchicago.org,City of Chicago Data Portal,Web services,Last Modified: 2012-05-30,2012-05-30,2026-02-08,i6bp-fvbx,https://data.cityofchicago.org/api/views/i6bp-fvbx,12c-01
Boundaries - Ward Precincts (2025-) [Illinois--Chicago],Boundaries - Ward Precincts (2025-),data.cityofchicago.org,City of Chicago Data Portal,Web services,2025,2026-03-12,2026-03-30,i8fv-xe4b,https://data.cityofchicago.org/api/views/i8fv-xe4b,12c-01
CPS_High_School_Attendance_Boundaries_SY1516 [Illinois--Chicago],CPS_High_School_Attendance_Boundaries_SY1516,data.cityofchicago.org,City of Chicago Data Portal,Web services,Last Modified: 2024-11-13,2015-09-03,2026-02-08,i8xf-caea,https://data.cityofchicago.org/api/views/i8xf-caea,12c-01
Farmers Markets - 2013 [Illinois--Chicago],Farmers Markets - 2013,data.cityofchicago.org,City of Chicago Data Portal,Web services,2013,2013-06-14,2026-02-08,i8y3-ytj4,https://data.cityofchicago.org/api/views/i8y3-ytj4,12c-01
Farmers Markets - KML [Illinois--Chicago],Farmers Markets - KML,data.cityofchicago.org,City of Chicago Data Portal,Web services,Last Modified: 2012-09-07,2011-08-08,2026-02-08,i8zf-neai,https://data.cityofchicago.org/api/views/i8zf-neai,12c-01
Middle_School_Attendance_SY1718 [Illinois--Chicago],Middle_School_Attendance_SY1718,data.cityofchicago.org,City of Chicago Data Portal,Web services,Last Modified: 2024-04-10,2017-09-05,2026-02-08,i9fz-kj24,https://data.cityofchicago.org/api/views/i9fz-kj24,12c-01
Snow Route Parking Restrictions (Deprecated December 2021) [Illinois--Chicago],Snow Route Parking Restrictions (Deprecated December 2021),data.cityofchicago.org,City of Chicago Data Portal,Web services,2021,2011-12-01,2026-02-08,i9q6-fx2v,https://data.cityofchicago.org/api/views/i9q6-fx2v,12c-01
High_School_Attendance_0607 [Illinois--Chicago],High_School_Attendance_0607,data.cityofchicago.org,City of Chicago Data Portal,Web services,Last Modified: 2024-04-10,2016-08-23,2026-02-08,icxs-hp99,https://data.cityofchicago.org/api/views/icxs-hp99,12c-01
Boundaries - Community Areas [Illinois--Chicago],Boundaries - Community Areas,data.cityofchicago.org,City of Chicago Data Portal,Web services,Last Modified: 2026-03-25,2025-04-22,2026-02-08,igwz-8jzy,https://data.cityofchicago.org/api/views/igwz-8jzy,12c-01
Chicago Public Schools - Middle School Attendance Boundaries SY2425 [Illinois--Chicago],Chicago Public Schools - Middle School Attendance Boundaries SY2425,data.cityofchicago.org,City of Chicago Data Portal,Web services,Last Modified: 2025-09-29,2024-09-20,2026-02-08,im2a-is7h,https://data.cityofchicago.org/api/views/im2a-is7h,12c-01
Chicago Public Schools - High School Attendance Boundaries SY2122 [Illinois--Chicago],Chicago Public Schools - High School Attendance Boundaries SY2122,data.cityofchicago.org,City of Chicago Data Portal,Web services,Last Modified: 2025-09-29,2021-12-14,2026-02-08,is3f-j4ke,https://data.cityofchicago.org/api/views/is3f-j4ke,12c-01
High_School_Attendance_1011 [Illinois--Chicago],High_School_Attendance_1011,data.cityofchicago.org,City of Chicago Data Portal,Web services,Last Modified: 2024-04-10,2016-08-23,2026-02-08,it84-h78n,https://data.cityofchicago.org/api/views/it84-h78n,12c-01
SSA [Illinois--Chicago],SSA,data.cityofchicago.org,City of Chicago Data Portal,Web services,Last Modified: 2024-04-10,2018-02-06,2026-02-08,ite8-ribp,https://data.cityofchicago.org/api/views/ite8-ribp,12c-01
Liquor Moratorium Districts - Packaged Goods - KML - Historical [Illinois--Chicago],Liquor Moratorium Districts - Packaged Goods - KML - Historical,data.cityofchicago.org,City of Chicago Data Portal,Web services,Last Modified: 2025-03-25,2011-11-24,2026-02-08,ivsh-5css,https://data.cityofchicago.org/api/views/ivsh-5css,12c-01
Open Spaces - Malls and Plazas [Illinois--Chicago],Open Spaces - Malls and Plazas,data.cityofchicago.org,City of Chicago Data Portal,Web services,Last Modified: 2012-09-07,2011-07-08,2026-02-08,ixxk-b6xq,https://data.cityofchicago.org/api/views/ixxk-b6xq,12c-01
Boundaries - Tax Increment Financing Districts (Deprecated April 2013) [Illinois--Chicago],Boundaries - Tax Increment Financing Districts (Deprecated April 2013),data.cityofchicago.org,City of Chicago Data Portal,Web services,2013,2011-04-17,2026-02-08,iyec-2es5,https://data.cityofchicago.org/api/views/iyec-2es5,12c-01
Cook County - Forest Preserve Boundaries - KML - Historical [Illinois--Chicago],Cook County - Forest Preserve Boundaries - KML - Historical,data.cityofchicago.org,City of Chicago Data Portal,Web services,Last Modified: 2025-07-18,2011-06-22,2026-02-08,izrr-3ixx,https://data.cityofchicago.org/api/views/izrr-3ixx,12c-01
Cook County - Forest Preserves Trails - Historical [Illinois--Chicago],Cook County - Forest Preserves Trails - Historical,data.cityofchicago.org,City of Chicago Data Portal,Web services,Last Modified: 2025-07-18,2011-06-22,2026-02-08,j4pd-p6g6,https://data.cityofchicago.org/api/views/j4pd-p6g6,12c-01
Streetsweeping_2015A [Illinois--Chicago],Streetsweeping_2015A,data.cityofchicago.org,City of Chicago Data Portal,Web services,Last Modified: 2024-04-10,2015-03-25,2026-02-08,j58c-hv2e,https://data.cityofchicago.org/api/views/j58c-hv2e,12c-01
Elementary_Attendance_0910 [Illinois--Chicago],Elementary_Attendance_0910,data.cityofchicago.org,City of Chicago Data Portal,Web services,Last Modified: 2024-04-10,2016-08-23,2026-02-08,j9ch-yf5i,https://data.cityofchicago.org/api/views/j9ch-yf5i,12c-01
Parks - Buildings - KML (deprecated November 2016) [Illinois--Chicago],Parks - Buildings - KML (deprecated November 2016),data.cityofchicago.org,City of Chicago Data Portal,Web services,2016,2012-02-08,2026-02-08,jdsj-862i,https://data.cityofchicago.org/api/views/jdsj-862i,12c-01
Forest Preserves - Chicago - Historical [Illinois--Chicago],Forest Preserves - Chicago - Historical,data.cityofchicago.org,City of Chicago Data Portal,Web services,Last Modified: 2025-07-18,2011-04-17,2026-02-08,je6f-7464,https://data.cityofchicago.org/api/views/je6f-7464,12c-01
Boundaries - Police Beats - KML [Illinois--Chicago],Boundaries - Police Beats - KML,data.cityofchicago.org,City of Chicago Data Portal,Web services,Last Modified: 2012-03-12,2012-03-09,2026-02-08,jig5-yw7t,https://data.cityofchicago.org/api/views/jig5-yw7t,12c-01
StreetSweeping022819 [Illinois--Chicago],StreetSweeping022819,data.cityofchicago.org,City of Chicago Data Portal,Web services,Last Modified: 2024-04-10,2019-03-15,2026-02-08,jqxt-c6gd,https://data.cityofchicago.org/api/views/jqxt-c6gd,12c-01
High_School_Attendance_SY1718 [Illinois--Chicago],High_School_Attendance_SY1718,data.cityofchicago.org,City of Chicago Data Portal,Web services,Last Modified: 2024-04-10,2017-10-25,2026-02-08,juf9-y87b,https://data.cityofchicago.org/api/views/juf9-y87b,12c-01
Liquor Moratorium Districts - Taverns - Historical [Illinois--Chicago],Liquor Moratorium Districts - Taverns - Historical,data.cityofchicago.org,City of Chicago Data Portal,Web services,Last Modified: 2025-03-25,2011-11-02,2026-02-08,jvps-6v8h,https://data.cityofchicago.org/api/views/jvps-6v8h,12c-01
Cook County - Forest Preserve Shelters - KML - Historical [Illinois--Chicago],Cook County - Forest Preserve Shelters - KML - Historical,data.cityofchicago.org,City of Chicago Data Portal,Web services,Last Modified: 2025-07-18,2011-06-22,2026-02-08,k4dw-9agt,https://data.cityofchicago.org/api/views/k4dw-9agt,12c-01
Boundaries - Tax Increment Financing Districts (Deprecated January 2021) [Illinois--Chicago],Boundaries - Tax Increment Financing Districts (Deprecated January 2021),data.cityofchicago.org,City of Chicago Data Portal,Web services,2021,2021-11-02,2026-02-08,k89j-m7yz,https://data.cityofchicago.org/api/views/k89j-m7yz,12c-01
WARDS_2015 [Illinois--Chicago],WARDS_2015,data.cityofchicago.org,City of Chicago Data Portal,Web services,Last Modified: 2024-12-02,2015-04-01,2026-02-08,k9yb-bpqx,https://data.cityofchicago.org/api/views/k9yb-bpqx,12c-01
Liquor Moratorium Districts - Taverns - KML - Historical [Illinois--Chicago],Liquor Moratorium Districts - Taverns - KML - Historical,data.cityofchicago.org,City of Chicago Data Portal,Web services,Last Modified: 2025-03-25,2011-11-24,2026-02-08,kas8-436q,https://data.cityofchicago.org/api/views/kas8-436q,12c-01
Boundaries - Police Beats (deprecated on 12/18/2012) [Illinois--Chicago],Boundaries - Police Beats (deprecated on 12/18/2012),data.cityofchicago.org,City of Chicago Data Portal,Web services,2012,2012-03-09,2026-02-08,kd6k-pxkv,https://data.cityofchicago.org/api/views/kd6k-pxkv,12c-01
Open Spaces - Campus Parks [Illinois--Chicago],Open Spaces - Campus Parks,data.cityofchicago.org,City of Chicago Data Portal,Web services,Last Modified: 2012-09-07,2011-07-08,2026-02-08,kfqm-mn72,https://data.cityofchicago.org/api/views/kfqm-mn72,12c-01
Hydro [Illinois--Chicago],Hydro,data.cityofchicago.org,City of Chicago Data Portal,Web services,Last Modified: 2024-04-10,2014-10-17,2026-02-08,knfe-65pw,https://data.cityofchicago.org/api/views/knfe-65pw,12c-01
Winter Overnight Parking Restrictions (Deprecated December 2021) [Illinois--Chicago],Winter Overnight Parking Restrictions (Deprecated December 2021),data.cityofchicago.org,City of Chicago Data Portal,Web services,2021,2011-11-23,2026-02-08,kpim-yiyf,https://data.cityofchicago.org/api/views/kpim-yiyf,12c-01
Schools (deprecated 2012) [Illinois--Chicago],Schools (deprecated 2012),data.cityofchicago.org,City of Chicago Data Portal,Web services,2012,2011-04-17,2026-02-08,kqmn-byj8,https://data.cityofchicago.org/api/views/kqmn-byj8,12c-01
High_School_Attendance_1314 [Illinois--Chicago],High_School_Attendance_1314,data.cityofchicago.org,City of Chicago Data Portal,Web services,Last Modified: 2024-04-10,2016-08-23,2026-02-08,kuh7-icv2,https://data.cityofchicago.org/api/views/kuh7-icv2,12c-01
CPS_SafePassageRoutes_SY1516 [Illinois--Chicago],CPS_SafePassageRoutes_SY1516,data.cityofchicago.org,City of Chicago Data Portal,Web services,Last Modified: 2024-04-10,2015-09-03,2026-02-08,kvm8-tw23,https://data.cityofchicago.org/api/views/kvm8-tw23,12c-01
CTA - 'L' (Rail) Lines - KML (Deprecated February 2015) [Illinois--Chicago],CTA - 'L' (Rail) Lines - KML (Deprecated February 2015),data.cityofchicago.org,City of Chicago Data Portal,Web services,2015,2011-08-11,2026-02-08,m3d6-pubu,https://data.cityofchicago.org/api/views/m3d6-pubu,12c-01
2015_Ward_Offices [Illinois--Chicago],2015_Ward_Offices,data.cityofchicago.org,City of Chicago Data Portal,Web services,Last Modified: 2024-04-10,2015-07-16,2026-02-08,m4mk-9bzx,https://data.cityofchicago.org/api/views/m4mk-9bzx,12c-01
Boundaries - Empowerment Zones [Illinois--Chicago],Boundaries - Empowerment Zones,data.cityofchicago.org,City of Chicago Data Portal,Web services,Last Modified: 2011-08-28,2011-04-17,2026-02-08,m6ef-sjkj,https://data.cityofchicago.org/api/views/m6ef-sjkj,12c-01
Middle_School_Attendance_1213 [Illinois--Chicago],Middle_School_Attendance_1213,data.cityofchicago.org,City of Chicago Data Portal,Web services,Last Modified: 2024-04-10,2016-08-23,2026-02-08,m7h2-r4sq,https://data.cityofchicago.org/api/views/m7h2-r4sq,12c-01
CTA - Bus Garages - Shapefile [Illinois--Chicago],CTA - Bus Garages - Shapefile,data.cityofchicago.org,City of Chicago Data Portal,Web services,Last Modified: 2023-11-17,2011-08-31,2026-02-08,m8sh-77wj,https://data.cityofchicago.org/api/views/m8sh-77wj,12c-01
CPS_School_Locations_SY1516 [Illinois--Chicago],CPS_School_Locations_SY1516,data.cityofchicago.org,City of Chicago Data Portal,Web services,Last Modified: 2024-12-02,2016-04-05,2026-02-08,mb74-gx3g,https://data.cityofchicago.org/api/views/mb74-gx3g,12c-01
Divvy Equity Priority Area [Illinois--Chicago],Divvy Equity Priority Area,data.cityofchicago.org,City of Chicago Data Portal,Web services,Last Modified: 2025-06-27,2025-06-25,2026-02-08,mdn7-scnt,https://data.cityofchicago.org/api/views/mdn7-scnt,12c-01
Cook County - Hospitals [Illinois--Chicago],Cook County - Hospitals,data.cityofchicago.org,City of Chicago Data Portal,Web services,Last Modified: 2011-08-28,2011-06-22,2026-02-08,mkjv-t4kt,https://data.cityofchicago.org/api/views/mkjv-t4kt,12c-01
Chicago Public Schools - Safe Passage Routes SY2122 [Illinois--Chicago],Chicago Public Schools - Safe Passage Routes SY2122,data.cityofchicago.org,City of Chicago Data Portal,Web services,Last Modified: 2025-09-29,2021-09-23,2026-02-08,mnq7-pv6v,https://data.cityofchicago.org/api/views/mnq7-pv6v,12c-01
CPS_School_Locations_SY1415 [Illinois--Chicago],CPS_School_Locations_SY1415,data.cityofchicago.org,City of Chicago Data Portal,Web services,Last Modified: 2024-04-10,2016-08-23,2026-02-08,mntu-576c,https://data.cityofchicago.org/api/views/mntu-576c,12c-01
Railroads [Illinois--Chicago],Railroads,data.cityofchicago.org,City of Chicago Data Portal,Web services,Last Modified: 2011-08-28,2011-04-17,2026-02-08,mpdq-i9eh,https://data.cityofchicago.org/api/views/mpdq-i9eh,12c-01
Chicago Public Schools - Middle School Attendance Boundaries SY2122 [Illinois--Chicago],Chicago Public Schools - Middle School Attendance Boundaries SY2122,data.cityofchicago.org,City of Chicago Data Portal,Web services,Last Modified: 2025-09-29,2021-12-14,2026-02-08,mq3s-cgin,https://data.cityofchicago.org/api/views/mq3s-cgin,12c-01
Middle_School_Attendance_1819 [Illinois--Chicago],Middle_School_Attendance_1819,data.cityofchicago.org,City of Chicago Data Portal,Web services,Last Modified: 2024-04-10,2018-07-18,2026-02-08,msv2-rz76,https://data.cityofchicago.org/api/views/msv2-rz76,12c-01
Chicago Public Schools - School Locations SY2324 [Illinois--Chicago],Chicago Public Schools - School Locations SY2324,data.cityofchicago.org,City of Chicago Data Portal,Web services,Last Modified: 2025-09-29,2023-08-24,2026-02-08,mv87-m4mi,https://data.cityofchicago.org/api/views/mv87-m4mi,12c-01
CPS_Elementary_School_Attendance_Boundaries_SY1415 [Illinois--Chicago],CPS_Elementary_School_Attendance_Boundaries_SY1415,data.cityofchicago.org,City of Chicago Data Portal,Web services,Last Modified: 2024-04-10,2016-08-23,2026-02-08,mvv3-naxt,https://data.cityofchicago.org/api/views/mvv3-naxt,12c-01
Neighborhood Health Clinics - Historical [Illinois--Chicago],Neighborhood Health Clinics - Historical,data.cityofchicago.org,City of Chicago Data Portal,Web services,Last Modified: 2016-08-10,2013-07-23,2026-02-08,mw69-m6xi,https://data.cityofchicago.org/api/views/mw69-m6xi,12c-01
Open Spaces - Neighbor Space Gardens - KML [Illinois--Chicago],Open Spaces - Neighbor Space Gardens - KML,data.cityofchicago.org,City of Chicago Data Portal,Web services,Last Modified: 2012-09-07,2011-07-08,2026-02-08,mxm5-4jmw,https://data.cityofchicago.org/api/views/mxm5-4jmw,12c-01
CPS_Elementary_Attendance_SY1718 [Illinois--Chicago],CPS_Elementary_Attendance_SY1718,data.cityofchicago.org,City of Chicago Data Portal,Web services,Last Modified: 2024-04-10,2017-09-05,2026-02-08,n45m-yz4n,https://data.cityofchicago.org/api/views/n45m-yz4n,12c-01
Boundaries - Conservation Areas - KML [Illinois--Chicago],Boundaries - Conservation Areas - KML,data.cityofchicago.org,City of Chicago Data Portal,Web services,Last Modified: 2012-09-07,2011-06-24,2026-02-08,n68k-a9ai,https://data.cityofchicago.org/api/views/n68k-a9ai,12c-01
InnovationZones [Illinois--Chicago],InnovationZones,data.cityofchicago.org,City of Chicago Data Portal,Web services,Last Modified: 2024-04-10,2014-03-21,2026-02-08,n6dj-67h3,https://data.cityofchicago.org/api/views/n6dj-67h3,12c-01
sweepingsections [Illinois--Chicago],sweepingsections,data.cityofchicago.org,City of Chicago Data Portal,Web services,Last Modified: 2024-04-10,2016-04-19,2026-02-08,n7ga-m3iw,https://data.cityofchicago.org/api/views/n7ga-m3iw,12c-01
PoliceBeatDec2012 [Illinois--Chicago],PoliceBeatDec2012,data.cityofchicago.org,City of Chicago Data Portal,Web services,Last Modified: 2024-11-13,2013-02-13,2026-02-08,n9it-hstw,https://data.cityofchicago.org/api/views/n9it-hstw,12c-01
Boundaries - Surrounding Municipalities [Illinois--Chicago],Boundaries - Surrounding Municipalities,data.cityofchicago.org,City of Chicago Data Portal,Web services,Last Modified: 2011-11-18,2011-04-17,2026-02-08,ndp9-x4ic,https://data.cityofchicago.org/api/views/ndp9-x4ic,12c-01
CPS_High_School_Attendance_1617 [Illinois--Chicago],CPS_High_School_Attendance_1617,data.cityofchicago.org,City of Chicago Data Portal,Web services,Last Modified: 2024-04-10,2016-08-05,2026-02-08,negq-mr8b,https://data.cityofchicago.org/api/views/negq-mr8b,12c-01
Public Technology Resources [Illinois--Chicago],Public Technology Resources,data.cityofchicago.org,City of Chicago Data Portal,Web services,Last Modified: 2013-02-11,2013-02-11,2026-02-08,nen3-vcxj,https://data.cityofchicago.org/api/views/nen3-vcxj,12c-01
Zoning [Illinois--Chicago],Zoning,data.cityofchicago.org,City of Chicago Data Portal,Web services,Last Modified: 2024-04-10,2014-10-02,2026-02-08,nifi-zqag,https://data.cityofchicago.org/api/views/nifi-zqag,12c-01
Chicago Public Schools - Middle School Attendance Boundaries SY2324 [Illinois--Chicago],Chicago Public Schools - Middle School Attendance Boundaries SY2324,data.cityofchicago.org,City of Chicago Data Portal,Web services,Last Modified: 2025-09-29,2023-08-24,2026-02-08,njaf-gekg,https://data.cityofchicago.org/api/views/njaf-gekg,12c-01
safepassage_buffer [Illinois--Chicago],safepassage_buffer,data.cityofchicago.org,City of Chicago Data Portal,Web services,Last Modified: 2024-04-10,2013-08-09,2026-02-08,nm24-d5en,https://data.cityofchicago.org/api/views/nm24-d5en,12c-01
Boundaries - Industrial Cooridors - KML [Illinois--Chicago],Boundaries - Industrial Cooridors - KML,data.cityofchicago.org,City of Chicago Data Portal,Web services,Last Modified: 2011-08-28,2011-06-24,2026-02-08,npde-p22u,https://data.cityofchicago.org/api/views/npde-p22u,12c-01
Metra Stations [Illinois--Chicago],Metra Stations,data.cityofchicago.org,City of Chicago Data Portal,Web services,Last Modified: 2012-09-07,2011-07-19,2026-02-08,nqm8-q2ym,https://data.cityofchicago.org/api/views/nqm8-q2ym,12c-01
Boundaries - Ward Precincts (2013-2022) [Illinois--Chicago],Boundaries - Ward Precincts (2013-2022),data.cityofchicago.org,City of Chicago Data Portal,Web services,2013-2022,2015-03-06,2026-02-08,nvke-umup,https://data.cityofchicago.org/api/views/nvke-umup,12c-01
Boundaries - Wards (2023-) [Illinois--Chicago],Boundaries - Wards (2023-),data.cityofchicago.org,City of Chicago Data Portal,Web services,2023,2022-06-06,2026-02-08,p293-wvbd,https://data.cityofchicago.org/api/views/p293-wvbd,12c-01
Chicago Public Schools - High School Geographic Networks (Deprecated August 2021) [Illinois--Chicago],Chicago Public Schools - High School Geographic Networks (Deprecated August 2021),data.cityofchicago.org,City of Chicago Data Portal,Web services,2021,2019-08-01,2026-02-08,p6te-hnk8,https://data.cityofchicago.org/api/views/p6te-hnk8,12c-01
Chicago Public Schools - School Locations SY2021 [Illinois--Chicago],Chicago Public Schools - School Locations SY2021,data.cityofchicago.org,City of Chicago Data Portal,Web services,Last Modified: 2022-01-10,2020-10-29,2026-02-08,p83k-txqt,https://data.cityofchicago.org/api/views/p83k-txqt,12c-01
Boundaries - Zoning Districts (deprecated October 2014) [Illinois--Chicago],Boundaries - Zoning Districts (deprecated October 2014),data.cityofchicago.org,City of Chicago Data Portal,Web services,2014,2011-11-22,2026-02-08,p8va-airx,https://data.cityofchicago.org/api/views/p8va-airx,12c-01
Chicago Public Schools - School Locations SY2526 [Illinois--Chicago],Chicago Public Schools - School Locations SY2526,data.cityofchicago.org,City of Chicago Data Portal,Web services,Last Modified: 2025-09-29,2025-09-02,2026-02-08,pb6d-zzuh,https://data.cityofchicago.org/api/views/pb6d-zzuh,12c-01
Cook County - Public Schools - KML [Illinois--Chicago],Cook County - Public Schools - KML,data.cityofchicago.org,City of Chicago Data Portal,Web services,Last Modified: 2011-08-28,2011-06-22,2026-02-08,pcqi-9rzu,https://data.cityofchicago.org/api/views/pcqi-9rzu,12c-01
Boundaries - Empowerment Zones - KML [Illinois--Chicago],Boundaries - Empowerment Zones - KML,data.cityofchicago.org,City of Chicago Data Portal,Web services,Last Modified: 2011-08-28,2011-06-24,2026-02-08,pkd8-233g,https://data.cityofchicago.org/api/views/pkd8-233g,12c-01
Parks - Public Art - KML (deprecated November 2016) [Illinois--Chicago],Parks - Public Art - KML (deprecated November 2016),data.cityofchicago.org,City of Chicago Data Portal,Web services,2016,2012-02-08,2026-02-08,pmh6-gzg6,https://data.cityofchicago.org/api/views/pmh6-gzg6,12c-01
Chicago Public Schools - Elementary Geographic Networks [Illinois--Chicago],Chicago Public Schools - Elementary Geographic Networks,data.cityofchicago.org,City of Chicago Data Portal,Web services,Last Modified: 2025-09-29,2021-09-21,2026-02-08,pnta-kuqa,https://data.cityofchicago.org/api/views/pnta-kuqa,12c-01
CTA - Park & Ride Locations - KML (Deprecated February 2015) [Illinois--Chicago],CTA - Park & Ride Locations - KML (Deprecated February 2015),data.cityofchicago.org,City of Chicago Data Portal,Web services,2015,2011-08-11,2026-02-08,pphg-3iz2,https://data.cityofchicago.org/api/views/pphg-3iz2,12c-01
CPS_Elementary_School_Attendance_Boundaries_SY1516 [Illinois--Chicago],CPS_Elementary_School_Attendance_Boundaries_SY1516,data.cityofchicago.org,City of Chicago Data Portal,Web services,Last Modified: 2024-04-10,2015-09-03,2026-02-08,ppjj-9kn7,https://data.cityofchicago.org/api/views/ppjj-9kn7,12c-01
transportation [Illinois--Chicago],transportation,data.cityofchicago.org,City of Chicago Data Portal,Web services,Last Modified: 2024-04-10,2021-06-11,2026-02-08,pr57-gg9e,https://data.cityofchicago.org/api/views/pr57-gg9e,12c-01
CTA - Bus Stops - Shapefile [Illinois--Chicago],CTA - Bus Stops - Shapefile,data.cityofchicago.org,City of Chicago Data Portal,Web services,Last Modified: 2023-11-17,2011-08-31,2026-02-08,pxug-u72f,https://data.cityofchicago.org/api/views/pxug-u72f,12c-01
Boundaries - City - Outdated Format [Illinois--Chicago],Boundaries - City - Outdated Format,data.cityofchicago.org,City of Chicago Data Portal,Web services,Last Modified: 2017-06-30,2011-04-17,2026-02-08,q38j-zgre,https://data.cityofchicago.org/api/views/q38j-zgre,12c-01
Railroads - KML [Illinois--Chicago],Railroads - KML,data.cityofchicago.org,City of Chicago Data Portal,Web services,Last Modified: 2011-08-28,2011-06-24,2026-02-08,q3ch-8uxj,https://data.cityofchicago.org/api/views/q3ch-8uxj,12c-01
Metra Lines [Illinois--Chicago],Metra Lines,data.cityofchicago.org,City of Chicago Data Portal,Web services,Last Modified: 2012-09-07,2011-07-19,2026-02-08,q8wx-dznq,https://data.cityofchicago.org/api/views/q8wx-dznq,12c-01
Bikeroutes3 [Illinois--Chicago],Bikeroutes3,data.cityofchicago.org,City of Chicago Data Portal,Web services,Last Modified: 2024-04-10,2014-12-18,2026-02-08,qbbe-eqz7,https://data.cityofchicago.org/api/views/qbbe-eqz7,12c-01
Chicago Public Schools - Charter School Preference Boundaries SY1920 [Illinois--Chicago],Chicago Public Schools - Charter School Preference Boundaries SY1920,data.cityofchicago.org,City of Chicago Data Portal,Web services,Last Modified: 2019-11-20,2019-08-14,2026-02-08,qfap-4hr4,https://data.cityofchicago.org/api/views/qfap-4hr4,12c-01
Senior Centers [Illinois--Chicago],Senior Centers,data.cityofchicago.org,City of Chicago Data Portal,Web services,Last Modified: 2019-04-18,2019-03-07,2026-02-08,qhfc-4cw2,https://data.cityofchicago.org/api/views/qhfc-4cw2,12c-01
Boundaries - City [Illinois--Chicago],Boundaries - City,data.cityofchicago.org,City of Chicago Data Portal,Web services,Last Modified: 2025-07-24,2017-06-30,2026-02-08,qqq8-j68g,https://data.cityofchicago.org/api/views/qqq8-j68g,12c-01
Boundaries - Tax Increment Financing Districts (Deprecated October 2022) [Illinois--Chicago],Boundaries - Tax Increment Financing Districts (Deprecated October 2022),data.cityofchicago.org,City of Chicago Data Portal,Web services,2022,2022-10-21,2026-02-08,qs94-jhf4,https://data.cityofchicago.org/api/views/qs94-jhf4,12c-01
School Grounds [Illinois--Chicago],School Grounds,data.cityofchicago.org,City of Chicago Data Portal,Web services,Last Modified: 2011-08-28,2011-04-17,2026-02-08,qxjd-z277,https://data.cityofchicago.org/api/views/qxjd-z277,12c-01
CTA - Park & Ride Locations - Shapefile [Illinois--Chicago],CTA - Park & Ride Locations - Shapefile,data.cityofchicago.org,City of Chicago Data Portal,Web services,Last Modified: 2023-11-17,2011-08-31,2026-02-08,r8j7-4p5r,https://data.cityofchicago.org/api/views/r8j7-4p5r,12c-01
Parks - Buildings - Shapefiles (deprecated November 2016) [Illinois--Chicago],Parks - Buildings - Shapefiles (deprecated November 2016),data.cityofchicago.org,City of Chicago Data Portal,Web services,2016,2012-02-08,2026-02-08,r9q2-naq3,https://data.cityofchicago.org/api/views/r9q2-naq3,12c-01
Elementary_Attendance_1819 [Illinois--Chicago],Elementary_Attendance_1819,data.cityofchicago.org,City of Chicago Data Portal,Web services,Last Modified: 2024-04-10,2018-07-18,2026-02-08,rau8-hz9p,https://data.cityofchicago.org/api/views/rau8-hz9p,12c-01
Parks - Facilities & Features - KML (deprecated November 2016) [Illinois--Chicago],Parks - Facilities & Features - KML (deprecated November 2016),data.cityofchicago.org,City of Chicago Data Portal,Web services,2016,2012-02-08,2026-02-08,rbvn-uw5j,https://data.cityofchicago.org/api/views/rbvn-uw5j,12c-01
Boundaries - Landmark Districts - KML [Illinois--Chicago],Boundaries - Landmark Districts - KML,data.cityofchicago.org,City of Chicago Data Portal,Web services,Last Modified: 2012-11-23,2011-06-22,2026-02-08,rkur-ce6h,https://data.cityofchicago.org/api/views/rkur-ce6h,12c-01
safepassage_route [Illinois--Chicago],safepassage_route,data.cityofchicago.org,City of Chicago Data Portal,Web services,Last Modified: 2024-04-10,2013-08-09,2026-02-08,rq9p-k3zy,https://data.cityofchicago.org/api/views/rq9p-k3zy,12c-01
RecyclingServiceAreas [Illinois--Chicago],RecyclingServiceAreas,data.cityofchicago.org,City of Chicago Data Portal,Web services,Last Modified: 2024-04-10,2013-03-21,2026-02-08,ruca-brrd,https://data.cityofchicago.org/api/views/ruca-brrd,12c-01
Boundaries - Ward Precincts (2022) [Illinois--Chicago],Boundaries - Ward Precincts (2022),data.cityofchicago.org,City of Chicago Data Portal,Web services,2022,2026-03-17,2026-03-30,ruvz-nczq,https://data.cityofchicago.org/api/views/ruvz-nczq,12c-01
Waterways - KML [Illinois--Chicago],Waterways - KML,data.cityofchicago.org,City of Chicago Data Portal,Web services,Last Modified: 2012-09-07,2011-06-24,2026-02-08,rz5b-9nqb,https://data.cityofchicago.org/api/views/rz5b-9nqb,12c-01
High_School_Attendance_1213 [Illinois--Chicago],High_School_Attendance_1213,data.cityofchicago.org,City of Chicago Data Portal,Web services,Last Modified: 2024-04-10,2016-08-23,2026-02-08,s2in-k2mg,https://data.cityofchicago.org/api/views/s2in-k2mg,12c-01
Chicago Public Schools - Charter School Preference Boundaries SY2223 - SY2324 [Illinois--Chicago],Chicago Public Schools - Charter School Preference Boundaries SY2223 - SY2324,data.cityofchicago.org,City of Chicago Data Portal,Web services,Last Modified: 2025-09-29,2023-09-05,2026-02-08,s4fw-dcpr,https://data.cityofchicago.org/api/views/s4fw-dcpr,12c-01
layer_1 [Illinois--Chicago],layer_1,data.cityofchicago.org,City of Chicago Data Portal,Web services,Last Modified: 2024-04-10,2016-05-06,2026-02-08,s5am-iwmv,https://data.cityofchicago.org/api/views/s5am-iwmv,12c-01
CDOT_Bikeways_2016_0311 [Illinois--Chicago],CDOT_Bikeways_2016_0311,data.cityofchicago.org,City of Chicago Data Portal,Web services,Last Modified: 2024-04-10,2018-11-30,2026-02-08,s72g-kd5k,https://data.cityofchicago.org/api/views/s72g-kd5k,12c-01
Open Spaces - Boulevards [Illinois--Chicago],Open Spaces - Boulevards,data.cityofchicago.org,City of Chicago Data Portal,Web services,Last Modified: 2012-09-07,2011-07-08,2026-02-08,sd36-arzm,https://data.cityofchicago.org/api/views/sd36-arzm,12c-01
High_School_Attendance_1819 [Illinois--Chicago],High_School_Attendance_1819,data.cityofchicago.org,City of Chicago Data Portal,Web services,Last Modified: 2024-04-10,2018-07-18,2026-02-08,se26-22jn,https://data.cityofchicago.org/api/views/se26-22jn,12c-01
Cook County - Forest Preserve Trails - KML - Historical [Illinois--Chicago],Cook County - Forest Preserve Trails - KML - Historical,data.cityofchicago.org,City of Chicago Data Portal,Web services,Last Modified: 2025-07-18,2011-06-22,2026-02-08,seaj-3f23,https://data.cityofchicago.org/api/views/seaj-3f23,12c-01
Elementary_Attendance_1314 [Illinois--Chicago],Elementary_Attendance_1314,data.cityofchicago.org,City of Chicago Data Portal,Web services,Last Modified: 2024-04-10,2016-08-23,2026-02-08,sege-i4a9,https://data.cityofchicago.org/api/views/sege-i4a9,12c-01
Boundaries - Ward Precincts (2011) [Illinois--Chicago],Boundaries - Ward Precincts (2011),data.cityofchicago.org,City of Chicago Data Portal,Web services,2011,2011-08-01,2026-02-08,sgsc-bb4n,https://data.cityofchicago.org/api/views/sgsc-bb4n,12c-01
Census Blocks [Illinois--Chicago],Census Blocks,data.cityofchicago.org,City of Chicago Data Portal,Web services,Last Modified: 2024-04-10,2013-05-23,2026-02-08,sjp5-a3v5,https://data.cityofchicago.org/api/views/sjp5-a3v5,12c-01
High_School_Attendance_1112 [Illinois--Chicago],High_School_Attendance_1112,data.cityofchicago.org,City of Chicago Data Portal,Web services,Last Modified: 2024-04-10,2016-08-23,2026-02-08,sp5c-ihm9,https://data.cityofchicago.org/api/views/sp5c-ihm9,12c-01
Christmas Tree Recycling Locations 2013 [Illinois--Chicago],Christmas Tree Recycling Locations 2013,data.cityofchicago.org,City of Chicago Data Portal,Web services,2013,2013-01-08,2026-02-08,spxm-tnai,https://data.cityofchicago.org/api/views/spxm-tnai,12c-01
Building Footprints [Illinois--Chicago],Building Footprints,data.cityofchicago.org,City of Chicago Data Portal,Web services,Last Modified: 2025-06-12,2015-08-15,2026-02-08,syp8-uezg,https://data.cityofchicago.org/api/views/syp8-uezg,12c-01
tifs [Illinois--Chicago],tifs,data.cityofchicago.org,City of Chicago Data Portal,Web services,Last Modified: 2024-04-10,2016-12-16,2026-02-08,t23v-rqxr,https://data.cityofchicago.org/api/views/t23v-rqxr,12c-01
CTA - Bus Garage Locations - KML (Deprecated February 2015) [Illinois--Chicago],CTA - Bus Garage Locations - KML (Deprecated February 2015),data.cityofchicago.org,City of Chicago Data Portal,Web services,2015,2011-08-11,2026-02-08,t52q-6zfs,https://data.cityofchicago.org/api/views/t52q-6zfs,12c-01
Chicago Public Schools - Middle School Attendance Boundaries SY2021 [Illinois--Chicago],Chicago Public Schools - Middle School Attendance Boundaries SY2021,data.cityofchicago.org,City of Chicago Data Portal,Web services,Last Modified: 2021-02-01,2020-10-29,2026-02-08,t5zs-fzmq,https://data.cityofchicago.org/api/views/t5zs-fzmq,12c-01
Cook County - Cemetaries [Illinois--Chicago],Cook County - Cemetaries,data.cityofchicago.org,City of Chicago Data Portal,Web services,Last Modified: 2011-08-28,2011-06-22,2026-02-08,t64e-x7nt,https://data.cityofchicago.org/api/views/t64e-x7nt,12c-01
cps_safe_passage_2014 [Illinois--Chicago],cps_safe_passage_2014,data.cityofchicago.org,City of Chicago Data Portal,Web services,Last Modified: 2024-04-10,2014-08-28,2026-02-08,t8dp-yzqg,https://data.cityofchicago.org/api/views/t8dp-yzqg,12c-01
Boundaries - Landmark Districts [Illinois--Chicago],Boundaries - Landmark Districts,data.cityofchicago.org,City of Chicago Data Portal,Web services,Last Modified: 2012-11-23,2011-04-17,2026-02-08,t8pq-wu86,https://data.cityofchicago.org/api/views/t8pq-wu86,12c-01
Middle_School_Attendance_1314 [Illinois--Chicago],Middle_School_Attendance_1314,data.cityofchicago.org,City of Chicago Data Portal,Web services,Last Modified: 2024-04-10,2016-08-23,2026-02-08,t9i2-i6vu,https://data.cityofchicago.org/api/views/t9i2-i6vu,12c-01
Middle_School_Attendance_1112 [Illinois--Chicago],Middle_School_Attendance_1112,data.cityofchicago.org,City of Chicago Data Portal,Web services,Last Modified: 2024-04-10,2016-08-23,2026-02-08,tb2x-zdvr,https://data.cityofchicago.org/api/views/tb2x-zdvr,12c-01
Police Stations - Shapefiles [Illinois--Chicago],Police Stations - Shapefiles,data.cityofchicago.org,City of Chicago Data Portal,Web services,Last Modified: 2012-12-19,2011-07-19,2026-02-08,tc9m-x6u6,https://data.cityofchicago.org/api/views/tc9m-x6u6,12c-01
Boundaries - Planning Regions (Deprecated March 2020) [Illinois--Chicago],Boundaries - Planning Regions (Deprecated March 2020),data.cityofchicago.org,City of Chicago Data Portal,Web services,2020,2011-04-17,2026-02-08,tcpk-wbgm,https://data.cityofchicago.org/api/views/tcpk-wbgm,12c-01
Individual Landmarks (Deprecated January 2024) [Illinois--Chicago],Individual Landmarks (Deprecated January 2024),data.cityofchicago.org,City of Chicago Data Portal,Web services,2024,2012-08-23,2026-02-08,tdab-kixi,https://data.cityofchicago.org/api/views/tdab-kixi,12c-01
Buildings [Illinois--Chicago],Buildings,data.cityofchicago.org,City of Chicago Data Portal,Web services,Last Modified: 2024-11-13,2013-01-06,2026-02-08,tf32-rk4u,https://data.cityofchicago.org/api/views/tf32-rk4u,12c-01
Parks - Facilities & Features - Shapefiles [Illinois--Chicago],Parks - Facilities & Features - Shapefiles,data.cityofchicago.org,City of Chicago Data Portal,Web services,Last Modified: 2013-04-22,2012-02-08,2026-02-08,thkh-m6bg,https://data.cityofchicago.org/api/views/thkh-m6bg,12c-01
Chicago Historic Resources Survey - Red and Orange Buildings [Illinois--Chicago],Chicago Historic Resources Survey - Red and Orange Buildings,data.cityofchicago.org,City of Chicago Data Portal,Web services,Last Modified: 2012-08-13,2012-03-09,2026-02-08,ty7a-2bxt,https://data.cityofchicago.org/api/views/ty7a-2bxt,12c-01
Chicago Public Schools - School Locations SY1920 [Illinois--Chicago],Chicago Public Schools - School Locations SY1920,data.cityofchicago.org,City of Chicago Data Portal,Web services,Last Modified: 2019-11-19,2019-08-14,2026-02-08,tz49-n8ze,https://data.cityofchicago.org/api/views/tz49-n8ze,12c-01
Cook County - Private Schools - KML [Illinois--Chicago],Cook County - Private Schools - KML,data.cityofchicago.org,City of Chicago Data Portal,Web services,Last Modified: 2011-08-28,2011-06-22,2026-02-08,u67z-c4hq,https://data.cityofchicago.org/api/views/u67z-c4hq,12c-01
Middle_School_Attendance_1011 [Illinois--Chicago],Middle_School_Attendance_1011,data.cityofchicago.org,City of Chicago Data Portal,Web services,Last Modified: 2024-04-10,2016-08-23,2026-02-08,u68q-ccjt,https://data.cityofchicago.org/api/views/u68q-ccjt,12c-01
Boundaries - Zoning Districts - KML (deprecated October 2014) [Illinois--Chicago],Boundaries - Zoning Districts - KML (deprecated October 2014),data.cityofchicago.org,City of Chicago Data Portal,Web services,2014,2011-11-22,2026-02-08,uati-b8hh,https://data.cityofchicago.org/api/views/uati-b8hh,12c-01
Hospitals - Chicago [Illinois--Chicago],Hospitals - Chicago,data.cityofchicago.org,City of Chicago Data Portal,Web services,Last Modified: 2011-08-28,2011-04-17,2026-02-08,ucpz-2r55,https://data.cityofchicago.org/api/views/ucpz-2r55,12c-01
Major Streets [Illinois--Chicago],Major Streets,data.cityofchicago.org,City of Chicago Data Portal,Web services,Last Modified: 2011-08-28,2011-04-17,2026-02-08,ueqs-5wr6,https://data.cityofchicago.org/api/views/ueqs-5wr6,12c-01
Boundaries - Special Service Areas (deprecated January 2023) [Illinois--Chicago],Boundaries - Special Service Areas (deprecated January 2023),data.cityofchicago.org,City of Chicago Data Portal,Web services,2023,2023-02-10,2026-02-08,uhab-t2hm,https://data.cityofchicago.org/api/views/uhab-t2hm,12c-01
Open Spaces - Boulevards - KML [Illinois--Chicago],Open Spaces - Boulevards - KML,data.cityofchicago.org,City of Chicago Data Portal,Web services,Last Modified: 2012-09-07,2011-07-08,2026-02-08,uhyd-nthd,https://data.cityofchicago.org/api/views/uhyd-nthd,12c-01
Boundaries - ZIP Codes [Illinois--Chicago],Boundaries - ZIP Codes,data.cityofchicago.org,City of Chicago Data Portal,Web services,Last Modified: 2025-04-28,2013-09-26,2026-02-08,unjd-c2ca,https://data.cityofchicago.org/api/views/unjd-c2ca,12c-01
High_School_Attendance_0910 [Illinois--Chicago],High_School_Attendance_0910,data.cityofchicago.org,City of Chicago Data Portal,Web services,Last Modified: 2024-04-10,2016-08-23,2026-02-08,up9a-4856,https://data.cityofchicago.org/api/views/up9a-4856,12c-01
layer_1 [Illinois--Chicago],layer_1,data.cityofchicago.org,City of Chicago Data Portal,Web services,Last Modified: 2024-11-13,2016-08-31,2026-02-08,uqb9-wr7e,https://data.cityofchicago.org/api/views/uqb9-wr7e,12c-01
Boundaries - Special Service Areas (deprecated January 2024) [Illinois--Chicago],Boundaries - Special Service Areas (deprecated January 2024),data.cityofchicago.org,City of Chicago Data Portal,Web services,2024,2024-01-12,2026-02-08,uvpn-q65m,https://data.cityofchicago.org/api/views/uvpn-q65m,12c-01
Charter_Preference_Boundaries_1617 [Illinois--Chicago],Charter_Preference_Boundaries_1617,data.cityofchicago.org,City of Chicago Data Portal,Web services,Last Modified: 2024-11-13,2016-08-23,2026-02-08,uvpp-r6ab,https://data.cityofchicago.org/api/views/uvpp-r6ab,12c-01
CTA - Fare Media Sales Outlets - KML [Illinois--Chicago],CTA - Fare Media Sales Outlets - KML,data.cityofchicago.org,City of Chicago Data Portal,Web services,Last Modified: 2012-09-07,2011-08-11,2026-02-08,uwhj-p95a,https://data.cityofchicago.org/api/views/uwhj-p95a,12c-01
Boundaries - Surrounding Municipalities - KML [Illinois--Chicago],Boundaries - Surrounding Municipalities - KML,data.cityofchicago.org,City of Chicago Data Portal,Web services,Last Modified: 2024-02-06,2011-07-18,2026-02-08,uye8-3ks5,https://data.cityofchicago.org/api/views/uye8-3ks5,12c-01
Cook County - Forest Preserve Boundaries - Historical [Illinois--Chicago],Cook County - Forest Preserve Boundaries - Historical,data.cityofchicago.org,City of Chicago Data Portal,Web services,Last Modified: 2025-07-18,2011-06-22,2026-02-08,v3mp-kdxa,https://data.cityofchicago.org/api/views/v3mp-kdxa,12c-01
safepassage2017_18_FINAL [Illinois--Chicago],safepassage2017_18_FINAL,data.cityofchicago.org,City of Chicago Data Portal,Web services,Last Modified: 2024-04-10,2018-01-24,2026-02-08,v3t6-2wdk,https://data.cityofchicago.org/api/views/v3t6-2wdk,12c-01
zoning_pedstreet [Illinois--Chicago],zoning_pedstreet,data.cityofchicago.org,City of Chicago Data Portal,Web services,Last Modified: 2024-04-10,2020-03-13,2026-02-08,v6kn-gc9b,https://data.cityofchicago.org/api/views/v6kn-gc9b,12c-01
Cook County - Hospitals - KML [Illinois--Chicago],Cook County - Hospitals - KML,data.cityofchicago.org,City of Chicago Data Portal,Web services,Last Modified: 2011-08-28,2011-06-22,2026-02-08,v7ui-k59z,https://data.cityofchicago.org/api/views/v7ui-k59z,12c-01
Boundaries - Industrial Corridors [Illinois--Chicago],Boundaries - Industrial Corridors,data.cityofchicago.org,City of Chicago Data Portal,Web services,Last Modified: 2011-08-28,2011-04-17,2026-02-08,vdsr-p25b,https://data.cityofchicago.org/api/views/vdsr-p25b,12c-01
Chicago Public Schools - School Locations SY2122 [Illinois--Chicago],Chicago Public Schools - School Locations SY2122,data.cityofchicago.org,City of Chicago Data Portal,Web services,Last Modified: 2025-09-29,2021-12-14,2026-02-08,vfmh-nkyk,https://data.cityofchicago.org/api/views/vfmh-nkyk,12c-01
buildings [Illinois--Chicago],buildings,data.cityofchicago.org,City of Chicago Data Portal,Web services,Last Modified: 2024-04-10,2013-12-13,2026-02-08,vmwt-djju,https://data.cityofchicago.org/api/views/vmwt-djju,12c-01
CTA-L-Rail-Stations-Shapefile [Illinois--Chicago],CTA-L-Rail-Stations-Shapefile,data.cityofchicago.org,City of Chicago Data Portal,Web services,Last Modified: 2026-03-24,2011-08-31,2026-02-08,vmyy-m9qj,https://data.cityofchicago.org/api/views/vmyy-m9qj,12c-01
High_School_Attendance_0708 [Illinois--Chicago],High_School_Attendance_0708,data.cityofchicago.org,City of Chicago Data Portal,Web services,Last Modified: 2024-04-10,2016-08-23,2026-02-08,vq9d-qgdn,https://data.cityofchicago.org/api/views/vq9d-qgdn,12c-01
Building Footprints (deprecated January 2013) [Illinois--Chicago],Building Footprints (deprecated January 2013),data.cityofchicago.org,City of Chicago Data Portal,Web services,2013,2011-04-17,2026-02-08,w2v3-isjw,https://data.cityofchicago.org/api/views/w2v3-isjw,12c-01
Electric Scooter Pilot Zone - 2019 [Illinois--Chicago],Electric Scooter Pilot Zone - 2019,data.cityofchicago.org,City of Chicago Data Portal,Web services,2019,2019-06-13,2026-02-08,w6hm-jjng,https://data.cityofchicago.org/api/views/w6hm-jjng,12c-01
Chicago Public Schools - Middle School Attendance Boundaries SY2223 [Illinois--Chicago],Chicago Public Schools - Middle School Attendance Boundaries SY2223,data.cityofchicago.org,City of Chicago Data Portal,Web services,Last Modified: 2025-09-29,2022-10-03,2026-02-08,w9ky-kbav,https://data.cityofchicago.org/api/views/w9ky-kbav,12c-01
E-scooter Pilot Zone - 2020 [Illinois--Chicago],E-scooter Pilot Zone - 2020,data.cityofchicago.org,City of Chicago Data Portal,Web services,2020,2020-09-02,2026-02-08,wg7q-w82v,https://data.cityofchicago.org/api/views/wg7q-w82v,12c-01
RecyclingDropoffSites [Illinois--Chicago],RecyclingDropoffSites,data.cityofchicago.org,City of Chicago Data Portal,Web services,Last Modified: 2024-04-10,2016-07-01,2026-02-08,wk3g-vnjx,https://data.cityofchicago.org/api/views/wk3g-vnjx,12c-01
Cook County - Facilities [Illinois--Chicago],Cook County - Facilities,data.cityofchicago.org,City of Chicago Data Portal,Web services,Last Modified: 2011-08-28,2011-06-22,2026-02-08,wse8-j3xr,https://data.cityofchicago.org/api/views/wse8-j3xr,12c-01
Cook County - Highway Department - Construction Locations 2011 - KML [Illinois--Chicago],Cook County - Highway Department - Construction Locations 2011 - KML,data.cityofchicago.org,City of Chicago Data Portal,Web services,2011,2011-06-24,2026-02-08,wv57-d8c5,https://data.cityofchicago.org/api/views/wv57-d8c5,12c-01
Cook County - Forest Preserve Groves - Historical [Illinois--Chicago],Cook County - Forest Preserve Groves - Historical,data.cityofchicago.org,City of Chicago Data Portal,Web services,Last Modified: 2025-07-18,2011-06-22,2026-02-08,wvgz-kaas,https://data.cityofchicago.org/api/views/wvgz-kaas,12c-01
Parks - Locations (deprecated November 2016) [Illinois--Chicago],Parks - Locations (deprecated November 2016),data.cityofchicago.org,City of Chicago Data Portal,Web services,2016,2012-02-08,2026-02-08,wwy2-k7b3,https://data.cityofchicago.org/api/views/wwy2-k7b3,12c-01
Farmers Markets - 2015 [Illinois--Chicago],Farmers Markets - 2015,data.cityofchicago.org,City of Chicago Data Portal,Web services,2015,2015-05-08,2026-02-08,x5xx-pszi,https://data.cityofchicago.org/api/views/x5xx-pszi,12c-01
Chicago Public Schools - Elementary School Attendance Boundaries SY2526 [Illinois--Chicago],Chicago Public Schools - Elementary School Attendance Boundaries SY2526,data.cityofchicago.org,City of Chicago Data Portal,Web services,Last Modified: 2025-09-29,2025-09-02,2026-02-08,x72b-38qv,https://data.cityofchicago.org/api/views/x72b-38qv,12c-01
"Libraries - Locations, Contact Information, and Usual Hours of Operation [Illinois--Chicago]","Libraries - Locations, Contact Information, and Usual Hours of Operation",data.cityofchicago.org,City of Chicago Data Portal,Web services,Last Modified: 2024-10-04,2024-09-30,2026-02-08,x8fc-8rcq,https://data.cityofchicago.org/api/views/x8fc-8rcq,12c-01
zoning_2016_01 [Illinois--Chicago],zoning_2016_01,data.cityofchicago.org,City of Chicago Data Portal,Web services,Last Modified: 2024-04-10,2016-10-19,2026-02-08,xfyf-x4kx,https://data.cityofchicago.org/api/views/xfyf-x4kx,12c-01
Chicago Public Schools - High School Attendance Boundaries SY2526 [Illinois--Chicago],Chicago Public Schools - High School Attendance Boundaries SY2526,data.cityofchicago.org,City of Chicago Data Portal,Web services,Last Modified: 2025-09-29,2025-09-02,2026-02-08,xg7c-d8rm,https://data.cityofchicago.org/api/views/xg7c-d8rm,12c-01
TIFS_EXISTING_MAR2018 [Illinois--Chicago],TIFS_EXISTING_MAR2018,data.cityofchicago.org,City of Chicago Data Portal,Web services,Last Modified: 2024-04-10,2019-03-19,2026-02-08,xhr6-rk7p,https://data.cityofchicago.org/api/views/xhr6-rk7p,12c-01
Pedway_Routes [Illinois--Chicago],Pedway_Routes,data.cityofchicago.org,City of Chicago Data Portal,Web services,Last Modified: 2024-11-13,2013-01-12,2026-02-08,xkur-4g6u,https://data.cityofchicago.org/api/views/xkur-4g6u,12c-01
CPS_Middle_School_Attendance_1617 [Illinois--Chicago],CPS_Middle_School_Attendance_1617,data.cityofchicago.org,City of Chicago Data Portal,Web services,Last Modified: 2024-04-10,2016-08-05,2026-02-08,xq8e-2w28,https://data.cityofchicago.org/api/views/xq8e-2w28,12c-01
PoliceDistrictDec2012 [Illinois--Chicago],PoliceDistrictDec2012,data.cityofchicago.org,City of Chicago Data Portal,Web services,Last Modified: 2024-04-10,2013-02-13,2026-02-08,xuw6-84zq,https://data.cityofchicago.org/api/views/xuw6-84zq,12c-01
Street Center Lines (Deprecated July 2013) [Illinois--Chicago],Street Center Lines (Deprecated July 2013),data.cityofchicago.org,City of Chicago Data Portal,Web services,2013,2011-04-17,2026-02-08,xy4z-b6aa,https://data.cityofchicago.org/api/views/xy4z-b6aa,12c-01
Elementary_Attendance_0708 [Illinois--Chicago],Elementary_Attendance_0708,data.cityofchicago.org,City of Chicago Data Portal,Web services,Last Modified: 2024-04-10,2016-08-23,2026-02-08,xyyf-bnfu,https://data.cityofchicago.org/api/views/xyyf-bnfu,12c-01
Liquor Moratorium Districts - Dry Precincts - KML - Historical [Illinois--Chicago],Liquor Moratorium Districts - Dry Precincts - KML - Historical,data.cityofchicago.org,City of Chicago Data Portal,Web services,Last Modified: 2025-03-25,2011-11-15,2026-02-08,y49e-jumb,https://data.cityofchicago.org/api/views/y49e-jumb,12c-01
Neighborhoods_2012b [Illinois--Chicago],Neighborhoods_2012b,data.cityofchicago.org,City of Chicago Data Portal,Web services,Last Modified: 2026-03-25,2012-12-18,2026-02-08,y6yq-dbs2,https://data.cityofchicago.org/api/views/y6yq-dbs2,12c-01
Boundaries - Enterprise Zones (Deprecated October 2021) [Illinois--Chicago],Boundaries - Enterprise Zones (Deprecated October 2021),data.cityofchicago.org,City of Chicago Data Portal,Web services,2021,2021-10-01,2026-02-08,y9xh-uwte,https://data.cityofchicago.org/api/views/y9xh-uwte,12c-01
CPS_Middle_School_Attendance_Boundaries_SY1516 [Illinois--Chicago],CPS_Middle_School_Attendance_Boundaries_SY1516,data.cityofchicago.org,City of Chicago Data Portal,Web services,Last Modified: 2024-04-10,2015-09-03,2026-02-08,yc36-jwii,https://data.cityofchicago.org/api/views/yc36-jwii,12c-01
Boundaries - Tax Increment Financing Districts (Deprecated December 2023) [Illinois--Chicago],Boundaries - Tax Increment Financing Districts (Deprecated December 2023),data.cityofchicago.org,City of Chicago Data Portal,Web services,2023,2024-01-12,2026-02-08,ydkj-v5qm,https://data.cityofchicago.org/api/views/ydkj-v5qm,12c-01
Snow Route Parking Restrictions - KML [Illinois--Chicago],Snow Route Parking Restrictions - KML,data.cityofchicago.org,City of Chicago Data Portal,Web services,Last Modified: 2011-12-01,2011-11-23,2026-02-08,yk2f-7cnr,https://data.cityofchicago.org/api/views/yk2f-7cnr,12c-01
Cook County - Forest Preserve Shelters - Historical [Illinois--Chicago],Cook County - Forest Preserve Shelters - Historical,data.cityofchicago.org,City of Chicago Data Portal,Web services,Last Modified: 2025-07-18,2011-06-22,2026-02-08,ykyc-m3g8,https://data.cityofchicago.org/api/views/ykyc-m3g8,12c-01
National Register of Historic Places [Illinois--Chicago],National Register of Historic Places,data.cityofchicago.org,City of Chicago Data Portal,Web services,Last Modified: 2012-11-23,2012-03-09,2026-02-08,yw5d-szpx,https://data.cityofchicago.org/api/views/yw5d-szpx,12c-01
Police Stations [Illinois--Chicago],Police Stations,data.cityofchicago.org,City of Chicago Data Portal,Web services,Last Modified: 2016-06-10,2016-06-10,2026-02-08,z8bn-74gv,https://data.cityofchicago.org/api/views/z8bn-74gv,12c-01
Cook County - Highway Department - Jursidictions - KML [Illinois--Chicago],Cook County - Highway Department - Jursidictions - KML,data.cityofchicago.org,City of Chicago Data Portal,Web services,Last Modified: 2011-08-28,2011-06-24,2026-02-08,zbb7-eiea,https://data.cityofchicago.org/api/views/zbb7-eiea,12c-01
Elevation Benchmarks [Illinois--Chicago],Elevation Benchmarks,data.cityofchicago.org,City of Chicago Data Portal,Web services,Last Modified: 2013-02-28,2011-09-29,2026-02-08,zgvr-7yfd,https://data.cityofchicago.org/api/views/zgvr-7yfd,12c-01
Landmark Districts [Illinois--Chicago],Landmark Districts,data.cityofchicago.org,City of Chicago Data Portal,Web services,Last Modified: 2011-08-28,2011-04-17,2026-02-08,zidz-sdfj,https://data.cityofchicago.org/api/views/zidz-sdfj,12c-01
Cook County - Cemeteries - KML [Illinois--Chicago],Cook County - Cemeteries - KML,data.cityofchicago.org,City of Chicago Data Portal,Web services,Last Modified: 2011-08-28,2011-06-22,2026-02-08,zu2x-8zyf,https://data.cityofchicago.org/api/views/zu2x-8zyf,12c-01
Sidewalks - KML [Illinois--Chicago],Sidewalks - KML,data.cityofchicago.org,City of Chicago Data Portal,Web services,Last Modified: 2012-09-07,2011-12-01,2026-02-08,zujh-2pbv,https://data.cityofchicago.org/api/views/zujh-2pbv,12c-01
ParkTaxDist [Illinois--Cook County],ParkTaxDist,datacatalog.cookcountyil.gov,Cook County Open Data,Web services,Last Modified: 2026-01-27,2017-11-30,2026-02-08,2266-qhfz,https://datacatalog.cookcountyil.gov/api/views/2266-qhfz,12b-17031-2
UnitSchlTaxDist [Illinois--Cook County],UnitSchlTaxDist,datacatalog.cookcountyil.gov,Cook County Open Data,Web services,Last Modified: 2026-01-27,2017-11-30,2026-02-08,25fb-fudr,https://datacatalog.cookcountyil.gov/api/views/25fb-fudr,12b-17031-2
ParkTaxDist [Illinois--Cook County],ParkTaxDist,datacatalog.cookcountyil.gov,Cook County Open Data,Web services,Last Modified: 2026-01-27,2015-12-14,2026-02-08,28bp-xhdx,https://datacatalog.cookcountyil.gov/api/views/28bp-xhdx,12b-17031-2
AP_AREA_29 [Illinois--Cook County],AP_AREA_29,datacatalog.cookcountyil.gov,Cook County Open Data,Web services,Last Modified: 2026-01-27,2016-05-12,2026-02-08,28qb-qvnb,https://datacatalog.cookcountyil.gov/api/views/28qb-qvnb,12b-17031-2
Election Precinct - 2009 [Illinois--Cook County],Election Precinct - 2009,datacatalog.cookcountyil.gov,Cook County Open Data,Web services,2009,2016-07-15,2026-02-08,2jm7-izpg,https://datacatalog.cookcountyil.gov/api/views/2jm7-izpg,12b-17031-2
FireProTaxDist [Illinois--Cook County],FireProTaxDist,datacatalog.cookcountyil.gov,Cook County Open Data,Web services,Last Modified: 2026-01-27,2017-11-30,2026-02-08,2yr8-5a7v,https://datacatalog.cookcountyil.gov/api/views/2yr8-5a7v,12b-17031-2
Historical - ccgismap - Cook County Commissioner District 03 [Illinois--Cook County],Historical - ccgismap - Cook County Commissioner District 03,datacatalog.cookcountyil.gov,Cook County Open Data,Web services,Last Modified: 2026-01-27,2015-02-13,2026-02-08,3av4-aepc,https://datacatalog.cookcountyil.gov/api/views/3av4-aepc,12b-17031-2
Historical - ccgismap - Cook County Commissioner District 04 [Illinois--Cook County],Historical - ccgismap - Cook County Commissioner District 04,datacatalog.cookcountyil.gov,Cook County Open Data,Web services,Last Modified: 2026-01-27,2015-02-17,2026-02-08,42sg-658i,https://datacatalog.cookcountyil.gov/api/views/42sg-658i,12b-17031-2
Historical - ccgismap - Area 05 New Trier and Evanston Townships [Illinois--Cook County],Historical - ccgismap - Area 05 New Trier and Evanston Townships,datacatalog.cookcountyil.gov,Cook County Open Data,Web services,Last Modified: 2026-01-27,2014-01-31,2026-02-08,433m-4ff7,https://datacatalog.cookcountyil.gov/api/views/433m-4ff7,12b-17031-2
Community_College_Tax_District_2015 [Illinois--Cook County],Community_College_Tax_District_2015,datacatalog.cookcountyil.gov,Cook County Open Data,Web services,Last Modified: 2026-01-27,2017-11-13,2026-02-08,46zu-yb88,https://datacatalog.cookcountyil.gov/api/views/46zu-yb88,12b-17031-2
HydroPoly [Illinois--Cook County],HydroPoly,datacatalog.cookcountyil.gov,Cook County Open Data,Web services,Last Modified: 2026-01-27,2015-07-09,2026-02-08,4cag-jcaf,https://datacatalog.cookcountyil.gov/api/views/4cag-jcaf,12b-17031-2
AP_AREA_05 [Illinois--Cook County],AP_AREA_05,datacatalog.cookcountyil.gov,Cook County Open Data,Web services,Last Modified: 2026-01-27,2016-05-11,2026-02-08,4eyi-nggg,https://datacatalog.cookcountyil.gov/api/views/4eyi-nggg,12b-17031-2
ccgisdata - TIF_2015 [Illinois--Cook County],ccgisdata - TIF_2015,datacatalog.cookcountyil.gov,Cook County Open Data,Web services,Last Modified: 2026-01-27,2016-08-09,2026-02-08,4kkq-apnr,https://datacatalog.cookcountyil.gov/api/views/4kkq-apnr,12b-17031-2
Historical - GIS-Shapefiles of shelters in the Cook County Forest Preserves [Illinois--Cook County],Historical - GIS-Shapefiles of shelters in the Cook County Forest Preserves,datacatalog.cookcountyil.gov,Cook County Open Data,Web services,Last Modified: 2026-01-27,2011-08-02,2026-02-08,4skh-pafr,https://datacatalog.cookcountyil.gov/api/views/4skh-pafr,12b-17031-2
StreetMidline2015 [Illinois--Cook County],StreetMidline2015,datacatalog.cookcountyil.gov,Cook County Open Data,Web services,Last Modified: 2026-01-27,2015-11-25,2026-02-08,55kd-zv3r,https://datacatalog.cookcountyil.gov/api/views/55kd-zv3r,12b-17031-2
AP_AREA_16 [Illinois--Cook County],AP_AREA_16,datacatalog.cookcountyil.gov,Cook County Open Data,Web services,Last Modified: 2026-01-27,2016-05-11,2026-02-08,5k9t-gkj8,https://datacatalog.cookcountyil.gov/api/views/5k9t-gkj8,12b-17031-2
2015_Library_Tax_District [Illinois--Cook County],2015_Library_Tax_District,datacatalog.cookcountyil.gov,Cook County Open Data,Web services,Last Modified: 2026-01-27,2017-11-13,2026-02-08,5rh9-f24d,https://datacatalog.cookcountyil.gov/api/views/5rh9-f24d,12b-17031-2
Historical - ccgismap - Cook County Commissioner District 12 [Illinois--Cook County],Historical - ccgismap - Cook County Commissioner District 12,datacatalog.cookcountyil.gov,Cook County Open Data,Web services,Last Modified: 2026-01-27,2015-02-17,2026-02-08,6j55-bvxd,https://datacatalog.cookcountyil.gov/api/views/6j55-bvxd,12b-17031-2
Historical - ccgismap - Cook County Commissioner District 14 [Illinois--Cook County],Historical - ccgismap - Cook County Commissioner District 14,datacatalog.cookcountyil.gov,Cook County Open Data,Web services,Last Modified: 2026-01-27,2015-02-17,2026-02-08,6n35-nbck,https://datacatalog.cookcountyil.gov/api/views/6n35-nbck,12b-17031-2
DrainageTaxDist_2012 [Illinois--Cook County],DrainageTaxDist_2012,datacatalog.cookcountyil.gov,Cook County Open Data,Web services,Last Modified: 2026-01-27,2014-03-10,2026-02-08,72ie-7h88,https://datacatalog.cookcountyil.gov/api/views/72ie-7h88,12b-17031-2
Historical - ccgismap - Cook County Commissioner District 11 [Illinois--Cook County],Historical - ccgismap - Cook County Commissioner District 11,datacatalog.cookcountyil.gov,Cook County Open Data,Web services,Last Modified: 2026-01-27,2015-02-17,2026-02-08,79yc-jw78,https://datacatalog.cookcountyil.gov/api/views/79yc-jw78,12b-17031-2
PoliticalTownship [Illinois--Cook County],PoliticalTownship,datacatalog.cookcountyil.gov,Cook County Open Data,Web services,Last Modified: 2026-01-27,2015-12-14,2026-02-08,7cxd-ixze,https://datacatalog.cookcountyil.gov/api/views/7cxd-ixze,12b-17031-2
LibrTaxDist_2012 [Illinois--Cook County],LibrTaxDist_2012,datacatalog.cookcountyil.gov,Cook County Open Data,Web services,Last Modified: 2026-01-27,2014-03-10,2026-02-08,7dzi-3f43,https://datacatalog.cookcountyil.gov/api/views/7dzi-3f43,12b-17031-2
Parcel_2005 [Illinois--Cook County],Parcel_2005,datacatalog.cookcountyil.gov,Cook County Open Data,Web services,Last Modified: 2026-01-27,2016-03-31,2026-02-08,7emi-v3x2,https://datacatalog.cookcountyil.gov/api/views/7emi-v3x2,12b-17031-2
AP_AREA_06 [Illinois--Cook County],AP_AREA_06,datacatalog.cookcountyil.gov,Cook County Open Data,Web services,Last Modified: 2026-01-27,2016-05-11,2026-02-08,7in2-wg2d,https://datacatalog.cookcountyil.gov/api/views/7in2-wg2d,12b-17031-2
Historical - ccgismap - Cook County Commissioner District 09 [Illinois--Cook County],Historical - ccgismap - Cook County Commissioner District 09,datacatalog.cookcountyil.gov,Cook County Open Data,Web services,Last Modified: 2026-01-27,2015-02-17,2026-02-08,857k-kfei,https://datacatalog.cookcountyil.gov/api/views/857k-kfei,12b-17031-2
UnitSchlTaxDist [Illinois--Cook County],UnitSchlTaxDist,datacatalog.cookcountyil.gov,Cook County Open Data,Web services,Last Modified: 2026-01-27,2015-12-15,2026-02-08,8k62-wcr9,https://datacatalog.cookcountyil.gov/api/views/8k62-wcr9,12b-17031-2
Historical - ccgismap - Index to Township Maps [Illinois--Cook County],Historical - ccgismap - Index to Township Maps,datacatalog.cookcountyil.gov,Cook County Open Data,Web services,Last Modified: 2026-02-20,2014-03-26,2026-02-08,8spv-q457,https://datacatalog.cookcountyil.gov/api/views/8spv-q457,12b-17031-2
Historical - ccgismap - Cook County Commissioner District 07 [Illinois--Cook County],Historical - ccgismap - Cook County Commissioner District 07,datacatalog.cookcountyil.gov,Cook County Open Data,Web services,Last Modified: 2026-01-27,2015-02-17,2026-02-08,8trr-wiuj,https://datacatalog.cookcountyil.gov/api/views/8trr-wiuj,12b-17031-2
Election Precincts - 2011 [Illinois--Cook County],Election Precincts - 2011,datacatalog.cookcountyil.gov,Cook County Open Data,Web services,2011,2016-07-15,2026-02-08,8xd4-7sya,https://datacatalog.cookcountyil.gov/api/views/8xd4-7sya,12b-17031-2
AP_AREA_12 [Illinois--Cook County],AP_AREA_12,datacatalog.cookcountyil.gov,Cook County Open Data,Web services,Last Modified: 2026-01-27,2016-05-11,2026-02-08,8xfp-wmtp,https://datacatalog.cookcountyil.gov/api/views/8xfp-wmtp,12b-17031-2
Historical - ccgismap - Area 18 Stickney and Lake Townships [Illinois--Cook County],Historical - ccgismap - Area 18 Stickney and Lake Townships,datacatalog.cookcountyil.gov,Cook County Open Data,Web services,Last Modified: 2026-01-27,2014-03-26,2026-02-08,9g52-kdiz,https://datacatalog.cookcountyil.gov/api/views/9g52-kdiz,12b-17031-2
Historical - ccgismap - Area 04 Northfield and New Trier Townships [Illinois--Cook County],Historical - ccgismap - Area 04 Northfield and New Trier Townships,datacatalog.cookcountyil.gov,Cook County Open Data,Web services,Last Modified: 2026-01-27,2014-01-31,2026-02-08,9pkp-iqu2,https://datacatalog.cookcountyil.gov/api/views/9pkp-iqu2,12b-17031-2
AP_AREA_30 [Illinois--Cook County],AP_AREA_30,datacatalog.cookcountyil.gov,Cook County Open Data,Web services,Last Modified: 2026-01-27,2016-05-12,2026-02-08,9swk-3a2s,https://datacatalog.cookcountyil.gov/api/views/9swk-3a2s,12b-17031-2
Historical - ccgismap - Area 09 Maine and Jefferson Township [Illinois--Cook County],Historical - ccgismap - Area 09 Maine and Jefferson Township,datacatalog.cookcountyil.gov,Cook County Open Data,Web services,Last Modified: 2026-01-27,2014-02-26,2026-02-08,9vni-b48q,https://datacatalog.cookcountyil.gov/api/views/9vni-b48q,12b-17031-2
UnitSchlTaxDist [Illinois--Cook County],UnitSchlTaxDist,datacatalog.cookcountyil.gov,Cook County Open Data,Web services,Last Modified: 2026-01-27,2015-12-14,2026-02-08,a2wf-rai8,https://datacatalog.cookcountyil.gov/api/views/a2wf-rai8,12b-17031-2
AP_AREA_15 [Illinois--Cook County],AP_AREA_15,datacatalog.cookcountyil.gov,Cook County Open Data,Web services,Last Modified: 2026-01-27,2016-05-11,2026-02-08,a33c-j672,https://datacatalog.cookcountyil.gov/api/views/a33c-j672,12b-17031-2
"Historical - ccgismap - Area 23 Calumet, Hyde Park and Lake Townships [Illinois--Cook County]","Historical - ccgismap - Area 23 Calumet, Hyde Park and Lake Townships",datacatalog.cookcountyil.gov,Cook County Open Data,Web services,Last Modified: 2026-01-27,2014-03-26,2026-02-08,a8wi-3w4a,https://datacatalog.cookcountyil.gov/api/views/a8wi-3w4a,12b-17031-2
Parcel_2009 [Illinois--Cook County],Parcel_2009,datacatalog.cookcountyil.gov,Cook County Open Data,Web services,Last Modified: 2026-01-27,2016-03-10,2026-02-08,abae-6ajx,https://datacatalog.cookcountyil.gov/api/views/abae-6ajx,12b-17031-2
Historical - ccgismap - Area 01 Barrington Township [Illinois--Cook County],Historical - ccgismap - Area 01 Barrington Township,datacatalog.cookcountyil.gov,Cook County Open Data,Web services,Last Modified: 2026-01-27,2014-01-31,2026-02-08,adt4-6vaz,https://datacatalog.cookcountyil.gov/api/views/adt4-6vaz,12b-17031-2
MetroTaxDist_2012 [Illinois--Cook County],MetroTaxDist_2012,datacatalog.cookcountyil.gov,Cook County Open Data,Web services,Last Modified: 2026-01-27,2014-03-11,2026-02-08,ae8r-gjxw,https://datacatalog.cookcountyil.gov/api/views/ae8r-gjxw,12b-17031-2
2015_High_School_Tax_District [Illinois--Cook County],2015_High_School_Tax_District,datacatalog.cookcountyil.gov,Cook County Open Data,Web services,Last Modified: 2026-01-27,2017-11-13,2026-02-08,aiuc-qbqu,https://datacatalog.cookcountyil.gov/api/views/aiuc-qbqu,12b-17031-2
Parcel_2003 [Illinois--Cook County],Parcel_2003,datacatalog.cookcountyil.gov,Cook County Open Data,Web services,Last Modified: 2026-01-27,2016-03-31,2026-02-08,anwy-2bet,https://datacatalog.cookcountyil.gov/api/views/anwy-2bet,12b-17031-2
AP_AREA_27 [Illinois--Cook County],AP_AREA_27,datacatalog.cookcountyil.gov,Cook County Open Data,Web services,Last Modified: 2026-01-27,2016-05-12,2026-02-08,assx-9qix,https://datacatalog.cookcountyil.gov/api/views/assx-9qix,12b-17031-2
AP_AREA_09 [Illinois--Cook County],AP_AREA_09,datacatalog.cookcountyil.gov,Cook County Open Data,Web services,Last Modified: 2026-01-27,2016-05-11,2026-02-08,asvp-5ui9,https://datacatalog.cookcountyil.gov/api/views/asvp-5ui9,12b-17031-2
Historical - ccgismap - Area 28 Bloom Township [Illinois--Cook County],Historical - ccgismap - Area 28 Bloom Township,datacatalog.cookcountyil.gov,Cook County Open Data,Web services,Last Modified: 2026-01-27,2014-03-26,2026-02-08,atrn-8g3h,https://datacatalog.cookcountyil.gov/api/views/atrn-8g3h,12b-17031-2
ccgisdata - Right of Way 2015 [Illinois--Cook County],ccgisdata - Right of Way 2015,datacatalog.cookcountyil.gov,Cook County Open Data,Web services,2015,2016-08-04,2026-02-08,avd9-rtph,https://datacatalog.cookcountyil.gov/api/views/avd9-rtph,12b-17031-2
CommCollTaxDist [Illinois--Cook County],CommCollTaxDist,datacatalog.cookcountyil.gov,Cook County Open Data,Web services,Last Modified: 2026-01-27,2017-11-30,2026-02-08,b8q9-dfei,https://datacatalog.cookcountyil.gov/api/views/b8q9-dfei,12b-17031-2
Historical - ccgismap - Area 24 Orland Township [Illinois--Cook County],Historical - ccgismap - Area 24 Orland Township,datacatalog.cookcountyil.gov,Cook County Open Data,Web services,Last Modified: 2026-01-27,2014-03-26,2026-02-08,b9j8-vfsf,https://datacatalog.cookcountyil.gov/api/views/b9j8-vfsf,12b-17031-2
2000Parcels [Illinois--Cook County],2000Parcels,datacatalog.cookcountyil.gov,Cook County Open Data,Web services,Last Modified: 2026-01-27,2016-03-31,2026-02-08,bbcr-ryng,https://datacatalog.cookcountyil.gov/api/views/bbcr-ryng,12b-17031-2
ParkPoint [Illinois--Cook County],ParkPoint,datacatalog.cookcountyil.gov,Cook County Open Data,Web services,Last Modified: 2026-01-27,2014-04-02,2026-02-08,bhn2-3zfw,https://datacatalog.cookcountyil.gov/api/views/bhn2-3zfw,12b-17031-2
LibrTaxDist [Illinois--Cook County],LibrTaxDist,datacatalog.cookcountyil.gov,Cook County Open Data,Web services,Last Modified: 2026-01-27,2015-12-14,2026-02-08,br44-a6xx,https://datacatalog.cookcountyil.gov/api/views/br44-a6xx,12b-17031-2
"Historical - ccgismap - Area 10 Niles, Evanston, Rogers Park & Jefferson Townships [Illinois--Cook County]","Historical - ccgismap - Area 10 Niles, Evanston, Rogers Park & Jefferson Townships",datacatalog.cookcountyil.gov,Cook County Open Data,Web services,Last Modified: 2026-01-27,2014-02-26,2026-02-08,bxnt-qvhk,https://datacatalog.cookcountyil.gov/api/views/bxnt-qvhk,12b-17031-2
Street Midlines [Illinois--Cook County],Street Midlines,datacatalog.cookcountyil.gov,Cook County Open Data,Web services,Last Modified: 2026-01-27,2014-03-05,2026-02-08,bydy-i3d5,https://datacatalog.cookcountyil.gov/api/views/bydy-i3d5,12b-17031-2
"Historical - ccgismap - Area 13 Lake View, North & West Townships [Illinois--Cook County]","Historical - ccgismap - Area 13 Lake View, North & West Townships",datacatalog.cookcountyil.gov,Cook County Open Data,Web services,Last Modified: 2026-01-27,2014-02-26,2026-02-08,c4ti-qc59,https://datacatalog.cookcountyil.gov/api/views/c4ti-qc59,12b-17031-2
Historical - ccgismap - Area 06 Hanover Township [Illinois--Cook County],Historical - ccgismap - Area 06 Hanover Township,datacatalog.cookcountyil.gov,Cook County Open Data,Web services,Last Modified: 2026-01-27,2014-02-26,2026-02-08,c8vg-tb3k,https://datacatalog.cookcountyil.gov/api/views/c8vg-tb3k,12b-17031-2
JudicialDistrict [Illinois--Cook County],JudicialDistrict,datacatalog.cookcountyil.gov,Cook County Open Data,Web services,Last Modified: 2026-01-27,2014-06-03,2026-02-08,d2uu-auym,https://datacatalog.cookcountyil.gov/api/views/d2uu-auym,12b-17031-2
AP_AREA_33 [Illinois--Cook County],AP_AREA_33,datacatalog.cookcountyil.gov,Cook County Open Data,Web services,Last Modified: 2026-01-27,2016-05-12,2026-02-08,d7m8-axd7,https://datacatalog.cookcountyil.gov/api/views/d7m8-axd7,12b-17031-2
2002Parcels [Illinois--Cook County],2002Parcels,datacatalog.cookcountyil.gov,Cook County Open Data,Web services,Last Modified: 2026-01-27,2016-03-31,2026-02-08,dckf-92bv,https://datacatalog.cookcountyil.gov/api/views/dckf-92bv,12b-17031-2
FireProTaxDist [Illinois--Cook County],FireProTaxDist,datacatalog.cookcountyil.gov,Cook County Open Data,Web services,Last Modified: 2026-01-27,2015-12-14,2026-02-08,dmkf-ujfk,https://datacatalog.cookcountyil.gov/api/views/dmkf-ujfk,12b-17031-2
"Historical - ccgismap - Area 14 Proviso, River Forest and Riverside Townships [Illinois--Cook County]","Historical - ccgismap - Area 14 Proviso, River Forest and Riverside Townships",datacatalog.cookcountyil.gov,Cook County Open Data,Web services,Last Modified: 2026-01-27,2014-03-26,2026-02-08,egn3-en3a,https://datacatalog.cookcountyil.gov/api/views/egn3-en3a,12b-17031-2
StSen2010 [Illinois--Cook County],StSen2010,datacatalog.cookcountyil.gov,Cook County Open Data,Web services,Last Modified: 2026-01-27,2014-06-02,2026-02-08,ehdf-hvfa,https://datacatalog.cookcountyil.gov/api/views/ehdf-hvfa,12b-17031-2
Cook_CommissionerDist2000 [Illinois--Cook County],Cook_CommissionerDist2000,datacatalog.cookcountyil.gov,Cook County Open Data,Web services,Last Modified: 2026-01-27,2014-05-30,2026-02-08,ej53-qtw5,https://datacatalog.cookcountyil.gov/api/views/ej53-qtw5,12b-17031-2
Historical - ccgismap - Cook County Commissioner District 08 [Illinois--Cook County],Historical - ccgismap - Cook County Commissioner District 08,datacatalog.cookcountyil.gov,Cook County Open Data,Web services,Last Modified: 2026-01-27,2015-02-17,2026-02-08,eswr-7m6y,https://datacatalog.cookcountyil.gov/api/views/eswr-7m6y,12b-17031-2
AP_AREA_22 [Illinois--Cook County],AP_AREA_22,datacatalog.cookcountyil.gov,Cook County Open Data,Web services,Last Modified: 2026-01-27,2016-05-12,2026-02-08,feph-63em,https://datacatalog.cookcountyil.gov/api/views/feph-63em,12b-17031-2
Historical - ccgismap - Cook County Commissioner District 16 [Illinois--Cook County],Historical - ccgismap - Cook County Commissioner District 16,datacatalog.cookcountyil.gov,Cook County Open Data,Web services,Last Modified: 2026-01-27,2015-02-17,2026-02-08,fgms-ygw3,https://datacatalog.cookcountyil.gov/api/views/fgms-ygw3,12b-17031-2
MetroTaxDist [Illinois--Cook County],MetroTaxDist,datacatalog.cookcountyil.gov,Cook County Open Data,Web services,Last Modified: 2026-01-27,2017-11-30,2026-02-08,fgwk-bm8x,https://datacatalog.cookcountyil.gov/api/views/fgwk-bm8x,12b-17031-2
Historical - ccgismap - Cook County Commissioner District 01 [Illinois--Cook County],Historical - ccgismap - Cook County Commissioner District 01,datacatalog.cookcountyil.gov,Cook County Open Data,Web services,Last Modified: 2026-01-27,2015-02-13,2026-02-08,furg-rtji,https://datacatalog.cookcountyil.gov/api/views/furg-rtji,12b-17031-2
AP_AREA_24 [Illinois--Cook County],AP_AREA_24,datacatalog.cookcountyil.gov,Cook County Open Data,Web services,Last Modified: 2026-01-27,2016-05-12,2026-02-08,fx8u-gz5p,https://datacatalog.cookcountyil.gov/api/views/fx8u-gz5p,12b-17031-2
"Historical - ccgismap - Area 11 Leyden, Norwood Park & Jefferson Townships [Illinois--Cook County]","Historical - ccgismap - Area 11 Leyden, Norwood Park & Jefferson Townships",datacatalog.cookcountyil.gov,Cook County Open Data,Web services,Last Modified: 2026-01-27,2014-02-26,2026-02-08,fzad-aj8b,https://datacatalog.cookcountyil.gov/api/views/fzad-aj8b,12b-17031-2
AP_AREA_17 [Illinois--Cook County],AP_AREA_17,datacatalog.cookcountyil.gov,Cook County Open Data,Web services,Last Modified: 2026-01-27,2016-05-11,2026-02-08,g3f7-87ej,https://datacatalog.cookcountyil.gov/api/views/g3f7-87ej,12b-17031-2
Historical - Cook County Road Construction Points - 2011 [Illinois--Cook County],Historical - Cook County Road Construction Points - 2011,datacatalog.cookcountyil.gov,Cook County Open Data,Web services,2011,2011-07-26,2026-02-08,g7ak-8yzt,https://datacatalog.cookcountyil.gov/api/views/g7ak-8yzt,12b-17031-2
SanitaryTaxDist [Illinois--Cook County],SanitaryTaxDist,datacatalog.cookcountyil.gov,Cook County Open Data,Web services,Last Modified: 2026-01-27,2015-12-14,2026-02-08,gafa-u289,https://datacatalog.cookcountyil.gov/api/views/gafa-u289,12b-17031-2
PoliticalTownship [Illinois--Cook County],PoliticalTownship,datacatalog.cookcountyil.gov,Cook County Open Data,Web services,Last Modified: 2026-01-27,2014-04-10,2026-02-08,gi8c-v46x,https://datacatalog.cookcountyil.gov/api/views/gi8c-v46x,12b-17031-2
LibrTaxDist [Illinois--Cook County],LibrTaxDist,datacatalog.cookcountyil.gov,Cook County Open Data,Web services,Last Modified: 2026-01-27,2017-11-30,2026-02-08,gkp8-sgj3,https://datacatalog.cookcountyil.gov/api/views/gkp8-sgj3,12b-17031-2
Historical - ccgismap - Cook County Commissioner District 15 [Illinois--Cook County],Historical - ccgismap - Cook County Commissioner District 15,datacatalog.cookcountyil.gov,Cook County Open Data,Web services,Last Modified: 2026-01-27,2015-02-17,2026-02-08,h69t-zwqi,https://datacatalog.cookcountyil.gov/api/views/h69t-zwqi,12b-17031-2
AP_AREA_07 [Illinois--Cook County],AP_AREA_07,datacatalog.cookcountyil.gov,Cook County Open Data,Web services,Last Modified: 2026-01-27,2016-05-11,2026-02-08,ijhj-br4i,https://datacatalog.cookcountyil.gov/api/views/ijhj-br4i,12b-17031-2
Historical - GIS-Shapefiles of trails in the Cook County Forest Preserves [Illinois--Cook County],Historical - GIS-Shapefiles of trails in the Cook County Forest Preserves,datacatalog.cookcountyil.gov,Cook County Open Data,Web services,Last Modified: 2026-01-27,2011-08-02,2026-02-08,ik5r-h4d9,https://datacatalog.cookcountyil.gov/api/views/ik5r-h4d9,12b-17031-2
Historical - GIS-Shapefiles of Cook County Forest Preserve Boundaries [Illinois--Cook County],Historical - GIS-Shapefiles of Cook County Forest Preserve Boundaries,datacatalog.cookcountyil.gov,Cook County Open Data,Web services,Last Modified: 2026-01-27,2011-08-02,2026-02-08,ikxe-tdm7,https://datacatalog.cookcountyil.gov/api/views/ikxe-tdm7,12b-17031-2
AP_AREA_25 [Illinois--Cook County],AP_AREA_25,datacatalog.cookcountyil.gov,Cook County Open Data,Web services,Last Modified: 2026-01-27,2016-05-12,2026-02-08,im9y-zgs9,https://datacatalog.cookcountyil.gov/api/views/im9y-zgs9,12b-17031-2
CommCollTaxDist [Illinois--Cook County],CommCollTaxDist,datacatalog.cookcountyil.gov,Cook County Open Data,Web services,Last Modified: 2026-01-27,2015-12-10,2026-02-08,isyr-jsri,https://datacatalog.cookcountyil.gov/api/views/isyr-jsri,12b-17031-2
PoliticalTownship [Illinois--Cook County],PoliticalTownship,datacatalog.cookcountyil.gov,Cook County Open Data,Web services,Last Modified: 2026-01-27,2015-12-15,2026-02-08,jfun-y3wq,https://datacatalog.cookcountyil.gov/api/views/jfun-y3wq,12b-17031-2
Historical - ccgismap - Cook County Commissioner District 05 [Illinois--Cook County],Historical - ccgismap - Cook County Commissioner District 05,datacatalog.cookcountyil.gov,Cook County Open Data,Web services,Last Modified: 2026-01-27,2015-02-17,2026-02-08,jmmy-i8aj,https://datacatalog.cookcountyil.gov/api/views/jmmy-i8aj,12b-17031-2
AP_AREA_13 [Illinois--Cook County],AP_AREA_13,datacatalog.cookcountyil.gov,Cook County Open Data,Web services,Last Modified: 2026-01-27,2016-05-11,2026-02-08,k5gs-8n43,https://datacatalog.cookcountyil.gov/api/views/k5gs-8n43,12b-17031-2
MetroTaxDist [Illinois--Cook County],MetroTaxDist,datacatalog.cookcountyil.gov,Cook County Open Data,Web services,Last Modified: 2026-01-27,2015-12-14,2026-02-08,kazx-v9zn,https://datacatalog.cookcountyil.gov/api/views/kazx-v9zn,12b-17031-2
Historical - ccgismap - Cook County Commissioner District 13 [Illinois--Cook County],Historical - ccgismap - Cook County Commissioner District 13,datacatalog.cookcountyil.gov,Cook County Open Data,Web services,Last Modified: 2026-01-27,2015-02-17,2026-02-08,kiz2-uhw4,https://datacatalog.cookcountyil.gov/api/views/kiz2-uhw4,12b-17031-2
FireProTaxDist_2012 [Illinois--Cook County],FireProTaxDist_2012,datacatalog.cookcountyil.gov,Cook County Open Data,Web services,Last Modified: 2026-01-27,2014-03-10,2026-02-08,kpui-g55i,https://datacatalog.cookcountyil.gov/api/views/kpui-g55i,12b-17031-2
SanitaryTaxDist [Illinois--Cook County],SanitaryTaxDist,datacatalog.cookcountyil.gov,Cook County Open Data,Web services,Last Modified: 2026-01-27,2015-12-14,2026-02-08,kt8y-vj55,https://datacatalog.cookcountyil.gov/api/views/kt8y-vj55,12b-17031-2
"Historical - ccgismap - Area 15 Berwyn, Cicero, Oak Park & Stickney Townships. West and South Towns. [Illinois--Cook County]","Historical - ccgismap - Area 15 Berwyn, Cicero, Oak Park & Stickney Townships. West and South Towns.",datacatalog.cookcountyil.gov,Cook County Open Data,Web services,Last Modified: 2026-01-27,2014-03-26,2026-02-08,m74c-6vcx,https://datacatalog.cookcountyil.gov/api/views/m74c-6vcx,12b-17031-2
2015_Fire_Pro_Tax_District [Illinois--Cook County],2015_Fire_Pro_Tax_District,datacatalog.cookcountyil.gov,Cook County Open Data,Web services,Last Modified: 2026-01-27,2017-11-13,2026-02-08,m7cz-mt8s,https://datacatalog.cookcountyil.gov/api/views/m7cz-mt8s,12b-17031-2
HighSchlTaxDist [Illinois--Cook County],HighSchlTaxDist,datacatalog.cookcountyil.gov,Cook County Open Data,Web services,Last Modified: 2026-01-27,2017-11-30,2026-02-08,mf4y-ysee,https://datacatalog.cookcountyil.gov/api/views/mf4y-ysee,12b-17031-2
AP_AREA_03 [Illinois--Cook County],AP_AREA_03,datacatalog.cookcountyil.gov,Cook County Open Data,Web services,Last Modified: 2026-01-27,2016-05-11,2026-02-08,mmnn-6sr8,https://datacatalog.cookcountyil.gov/api/views/mmnn-6sr8,12b-17031-2
ElemSchlTaxDist [Illinois--Cook County],ElemSchlTaxDist,datacatalog.cookcountyil.gov,Cook County Open Data,Web services,Last Modified: 2026-01-27,2015-12-14,2026-02-08,mvn9-m2ca,https://datacatalog.cookcountyil.gov/api/views/mvn9-m2ca,12b-17031-2
Historical - ccgisdata - FPDCC fishing lakes in Cook County [Illinois--Cook County],Historical - ccgisdata - FPDCC fishing lakes in Cook County,datacatalog.cookcountyil.gov,Cook County Open Data,Web services,Last Modified: 2026-01-27,2011-08-02,2026-02-08,nbvy-w97v,https://datacatalog.cookcountyil.gov/api/views/nbvy-w97v,12b-17031-2
AP_AREA_14 [Illinois--Cook County],AP_AREA_14,datacatalog.cookcountyil.gov,Cook County Open Data,Web services,Last Modified: 2026-01-27,2016-05-11,2026-02-08,nfkd-trzh,https://datacatalog.cookcountyil.gov/api/views/nfkd-trzh,12b-17031-2
Parcel_2010 [Illinois--Cook County],Parcel_2010,datacatalog.cookcountyil.gov,Cook County Open Data,Web services,Last Modified: 2026-01-27,2016-03-10,2026-02-08,nhsi-bt2g,https://datacatalog.cookcountyil.gov/api/views/nhsi-bt2g,12b-17031-2
AP_AREA_28 [Illinois--Cook County],AP_AREA_28,datacatalog.cookcountyil.gov,Cook County Open Data,Web services,Last Modified: 2026-01-27,2016-05-12,2026-02-08,nnbn-qb56,https://datacatalog.cookcountyil.gov/api/views/nnbn-qb56,12b-17031-2
MetroTaxDist [Illinois--Cook County],MetroTaxDist,datacatalog.cookcountyil.gov,Cook County Open Data,Web services,Last Modified: 2026-01-27,2015-12-14,2026-02-08,ntr8-568s,https://datacatalog.cookcountyil.gov/api/views/ntr8-568s,12b-17031-2
ElectionPrecinct_Current [Illinois--Cook County],ElectionPrecinct_Current,datacatalog.cookcountyil.gov,Cook County Open Data,Web services,Last Modified: 2026-01-27,2016-07-15,2026-02-08,ntsd-rhpm,https://datacatalog.cookcountyil.gov/api/views/ntsd-rhpm,12b-17031-2
AP_AREA_04 [Illinois--Cook County],AP_AREA_04,datacatalog.cookcountyil.gov,Cook County Open Data,Web services,Last Modified: 2026-01-27,2016-05-11,2026-02-08,nw2q-rhjv,https://datacatalog.cookcountyil.gov/api/views/nw2q-rhjv,12b-17031-2
2015_Park_Tax_District [Illinois--Cook County],2015_Park_Tax_District,datacatalog.cookcountyil.gov,Cook County Open Data,Web services,Last Modified: 2026-01-27,2017-11-13,2026-02-08,nytx-9q5y,https://datacatalog.cookcountyil.gov/api/views/nytx-9q5y,12b-17031-2
AP_AREA_31 [Illinois--Cook County],AP_AREA_31,datacatalog.cookcountyil.gov,Cook County Open Data,Web services,Last Modified: 2026-01-27,2016-05-12,2026-02-08,nzy4-2zrw,https://datacatalog.cookcountyil.gov/api/views/nzy4-2zrw,12b-17031-2
UnitSchlTaxDist_2012 [Illinois--Cook County],UnitSchlTaxDist_2012,datacatalog.cookcountyil.gov,Cook County Open Data,Web services,Last Modified: 2026-01-27,2014-03-11,2026-02-08,p2wq-jfgh,https://datacatalog.cookcountyil.gov/api/views/p2wq-jfgh,12b-17031-2
AP_AREA_19 [Illinois--Cook County],AP_AREA_19,datacatalog.cookcountyil.gov,Cook County Open Data,Web services,Last Modified: 2026-01-27,2016-05-11,2026-02-08,p7nu-wvqu,https://datacatalog.cookcountyil.gov/api/views/p7nu-wvqu,12b-17031-2
Historical - ccgismap - Cook County Commissioner District 06 [Illinois--Cook County],Historical - ccgismap - Cook County Commissioner District 06,datacatalog.cookcountyil.gov,Cook County Open Data,Web services,Last Modified: 2026-01-27,2015-02-17,2026-02-08,pgbp-vrig,https://datacatalog.cookcountyil.gov/api/views/pgbp-vrig,12b-17031-2
ParkTaxDist [Illinois--Cook County],ParkTaxDist,datacatalog.cookcountyil.gov,Cook County Open Data,Web services,Last Modified: 2026-01-27,2015-12-10,2026-02-08,pivi-uzaw,https://datacatalog.cookcountyil.gov/api/views/pivi-uzaw,12b-17031-2
AP_AREA_08 [Illinois--Cook County],AP_AREA_08,datacatalog.cookcountyil.gov,Cook County Open Data,Web services,Last Modified: 2026-01-27,2016-05-11,2026-02-08,pjqr-k9u4,https://datacatalog.cookcountyil.gov/api/views/pjqr-k9u4,12b-17031-2
ccgisdata - Rivers and Streams [Illinois--Cook County],ccgisdata - Rivers and Streams,datacatalog.cookcountyil.gov,Cook County Open Data,Web services,Last Modified: 2026-01-27,2015-07-09,2026-02-08,qica-7t8v,https://datacatalog.cookcountyil.gov/api/views/qica-7t8v,12b-17031-2
Historical - ccgismap - Area 19 Hyde Park & Lake Townships [Illinois--Cook County],Historical - ccgismap - Area 19 Hyde Park & Lake Townships,datacatalog.cookcountyil.gov,Cook County Open Data,Web services,Last Modified: 2026-01-27,2014-03-26,2026-02-08,qr3k-zmxc,https://datacatalog.cookcountyil.gov/api/views/qr3k-zmxc,12b-17031-2
2015_Sanitary_Tax_District [Illinois--Cook County],2015_Sanitary_Tax_District,datacatalog.cookcountyil.gov,Cook County Open Data,Web services,Last Modified: 2026-01-27,2017-11-13,2026-02-08,qtyv-vtbp,https://datacatalog.cookcountyil.gov/api/views/qtyv-vtbp,12b-17031-2
SanitaryTaxDist [Illinois--Cook County],SanitaryTaxDist,datacatalog.cookcountyil.gov,Cook County Open Data,Web services,Last Modified: 2026-01-27,2017-11-30,2026-02-08,qz59-j4yd,https://datacatalog.cookcountyil.gov/api/views/qz59-j4yd,12b-17031-2
AP_AREA_26 [Illinois--Cook County],AP_AREA_26,datacatalog.cookcountyil.gov,Cook County Open Data,Web services,Last Modified: 2026-01-27,2016-05-12,2026-02-08,r72x-784k,https://datacatalog.cookcountyil.gov/api/views/r72x-784k,12b-17031-2
RightOfWay [Illinois--Cook County],RightOfWay,datacatalog.cookcountyil.gov,Cook County Open Data,Web services,Last Modified: 2026-01-27,2017-11-30,2026-02-08,r85p-4xmy,https://datacatalog.cookcountyil.gov/api/views/r85p-4xmy,12b-17031-2
Lot [Illinois--Cook County],Lot,datacatalog.cookcountyil.gov,Cook County Open Data,Web services,Last Modified: 2026-01-27,2015-12-15,2026-02-08,rh7w-4dqv,https://datacatalog.cookcountyil.gov/api/views/rh7w-4dqv,12b-17031-2
AP_AREA_21 [Illinois--Cook County],AP_AREA_21,datacatalog.cookcountyil.gov,Cook County Open Data,Web services,Last Modified: 2026-01-27,2016-05-12,2026-02-08,rp59-stb3,https://datacatalog.cookcountyil.gov/api/views/rp59-stb3,12b-17031-2
Historical - ccgismap - Area 02 Palatine Township [Illinois--Cook County],Historical - ccgismap - Area 02 Palatine Township,datacatalog.cookcountyil.gov,Cook County Open Data,Web services,Last Modified: 2026-01-27,2014-01-31,2026-02-08,rz5a-rmgn,https://datacatalog.cookcountyil.gov/api/views/rz5a-rmgn,12b-17031-2
FireProTaxDist [Illinois--Cook County],FireProTaxDist,datacatalog.cookcountyil.gov,Cook County Open Data,Web services,Last Modified: 2026-01-27,2015-12-14,2026-02-08,s9rq-izzv,https://datacatalog.cookcountyil.gov/api/views/s9rq-izzv,12b-17031-2
AP_AREA_11 [Illinois--Cook County],AP_AREA_11,datacatalog.cookcountyil.gov,Cook County Open Data,Web services,Last Modified: 2026-01-27,2016-05-11,2026-02-08,sa4g-cqp2,https://datacatalog.cookcountyil.gov/api/views/sa4g-cqp2,12b-17031-2
HighSchlTaxDist [Illinois--Cook County],HighSchlTaxDist,datacatalog.cookcountyil.gov,Cook County Open Data,Web services,Last Modified: 2026-01-27,2015-12-14,2026-02-08,se8b-nidy,https://datacatalog.cookcountyil.gov/api/views/se8b-nidy,12b-17031-2
Historical - ccgismap - Cook County Commissioner District 02 [Illinois--Cook County],Historical - ccgismap - Cook County Commissioner District 02,datacatalog.cookcountyil.gov,Cook County Open Data,Web services,Last Modified: 2026-01-27,2015-02-13,2026-02-08,sg3k-5cf5,https://datacatalog.cookcountyil.gov/api/views/sg3k-5cf5,12b-17031-2
Parcel_2004 [Illinois--Cook County],Parcel_2004,datacatalog.cookcountyil.gov,Cook County Open Data,Web services,Last Modified: 2026-01-27,2016-03-31,2026-02-08,sg9a-x6ka,https://datacatalog.cookcountyil.gov/api/views/sg9a-x6ka,12b-17031-2
CommCollTaxDist [Illinois--Cook County],CommCollTaxDist,datacatalog.cookcountyil.gov,Cook County Open Data,Web services,Last Modified: 2026-01-27,2015-12-14,2026-02-08,shgj-qeea,https://datacatalog.cookcountyil.gov/api/views/shgj-qeea,12b-17031-2
AP_AREA_32 [Illinois--Cook County],AP_AREA_32,datacatalog.cookcountyil.gov,Cook County Open Data,Web services,Last Modified: 2026-01-27,2016-05-12,2026-02-08,si9c-8fax,https://datacatalog.cookcountyil.gov/api/views/si9c-8fax,12b-17031-2
CommCollTaxDist_2012 [Illinois--Cook County],CommCollTaxDist_2012,datacatalog.cookcountyil.gov,Cook County Open Data,Web services,Last Modified: 2026-01-27,2014-03-10,2026-02-08,siqz-6cmb,https://datacatalog.cookcountyil.gov/api/views/siqz-6cmb,12b-17031-2
Parcel_2007 [Illinois--Cook County],Parcel_2007,datacatalog.cookcountyil.gov,Cook County Open Data,Web services,Last Modified: 2026-01-27,2016-03-10,2026-02-08,spy4-y5mz,https://datacatalog.cookcountyil.gov/api/views/spy4-y5mz,12b-17031-2
"Historical - ccgismap - Area 12 Jefferson, Norwood Park & West Townships [Illinois--Cook County]","Historical - ccgismap - Area 12 Jefferson, Norwood Park & West Townships",datacatalog.cookcountyil.gov,Cook County Open Data,Web services,Last Modified: 2026-01-27,2014-02-26,2026-02-08,suq7-jds6,https://datacatalog.cookcountyil.gov/api/views/suq7-jds6,12b-17031-2
2001Parcels [Illinois--Cook County],2001Parcels,datacatalog.cookcountyil.gov,Cook County Open Data,Web services,Last Modified: 2026-01-27,2016-03-31,2026-02-08,t799-vjyq,https://datacatalog.cookcountyil.gov/api/views/t799-vjyq,12b-17031-2
Historical - ccgismap - Area 08 Elk Grove and Jefferson Township [Illinois--Cook County],Historical - ccgismap - Area 08 Elk Grove and Jefferson Township,datacatalog.cookcountyil.gov,Cook County Open Data,Web services,Last Modified: 2026-01-27,2014-02-26,2026-02-08,tczc-idgv,https://datacatalog.cookcountyil.gov/api/views/tczc-idgv,12b-17031-2
Historical - ccgismap - Area 07 Schaumburg Township [Illinois--Cook County],Historical - ccgismap - Area 07 Schaumburg Township,datacatalog.cookcountyil.gov,Cook County Open Data,Web services,Last Modified: 2026-01-27,2014-02-25,2026-02-08,th9c-zxcy,https://datacatalog.cookcountyil.gov/api/views/th9c-zxcy,12b-17031-2
AP_AREA_10 [Illinois--Cook County],AP_AREA_10,datacatalog.cookcountyil.gov,Cook County Open Data,Web services,Last Modified: 2026-01-27,2016-05-11,2026-02-08,thqv-eaax,https://datacatalog.cookcountyil.gov/api/views/thqv-eaax,12b-17031-2
2015_Elementary_School_Tax_District [Illinois--Cook County],2015_Elementary_School_Tax_District,datacatalog.cookcountyil.gov,Cook County Open Data,Web services,Last Modified: 2026-01-27,2017-11-13,2026-02-08,tp5a-vuz9,https://datacatalog.cookcountyil.gov/api/views/tp5a-vuz9,12b-17031-2
Historical - ccgismap - Cook County Commissioner District 17 [Illinois--Cook County],Historical - ccgismap - Cook County Commissioner District 17,datacatalog.cookcountyil.gov,Cook County Open Data,Web services,Last Modified: 2026-01-27,2015-02-17,2026-02-08,u3w4-9rrs,https://datacatalog.cookcountyil.gov/api/views/u3w4-9rrs,12b-17031-2
2015_Unit_Schooll_Tax_District [Illinois--Cook County],2015_Unit_Schooll_Tax_District,datacatalog.cookcountyil.gov,Cook County Open Data,Web services,Last Modified: 2026-01-27,2017-11-13,2026-02-08,u8pj-4dkv,https://datacatalog.cookcountyil.gov/api/views/u8pj-4dkv,12b-17031-2
AP2016_Area01 [Illinois--Cook County],AP2016_Area01,datacatalog.cookcountyil.gov,Cook County Open Data,Web services,Last Modified: 2026-01-27,2016-05-10,2026-02-08,u8xz-zwzz,https://datacatalog.cookcountyil.gov/api/views/u8xz-zwzz,12b-17031-2
Historical - ccgismap - Area 03 Wheeling Township [Illinois--Cook County],Historical - ccgismap - Area 03 Wheeling Township,datacatalog.cookcountyil.gov,Cook County Open Data,Web services,Last Modified: 2026-01-27,2014-01-31,2026-02-08,ucvb-u5uh,https://datacatalog.cookcountyil.gov/api/views/ucvb-u5uh,12b-17031-2
Parcel_2008 [Illinois--Cook County],Parcel_2008,datacatalog.cookcountyil.gov,Cook County Open Data,Web services,Last Modified: 2026-01-27,2016-03-10,2026-02-08,ueaz-2czr,https://datacatalog.cookcountyil.gov/api/views/ueaz-2czr,12b-17031-2
ElemSchlTaxDist [Illinois--Cook County],ElemSchlTaxDist,datacatalog.cookcountyil.gov,Cook County Open Data,Web services,Last Modified: 2026-01-27,2015-12-11,2026-02-08,unc9-k249,https://datacatalog.cookcountyil.gov/api/views/unc9-k249,12b-17031-2
HighSchlTaxDist [Illinois--Cook County],HighSchlTaxDist,datacatalog.cookcountyil.gov,Cook County Open Data,Web services,Last Modified: 2026-01-27,2015-12-14,2026-02-08,uua9-fkq6,https://datacatalog.cookcountyil.gov/api/views/uua9-fkq6,12b-17031-2
PoliticalTownship [Illinois--Cook County],PoliticalTownship,datacatalog.cookcountyil.gov,Cook County Open Data,Web services,Last Modified: 2026-01-27,2017-11-30,2026-02-08,uwq3-76vw,https://datacatalog.cookcountyil.gov/api/views/uwq3-76vw,12b-17031-2
Historical - ccgismap - Area 22 Worth & Lake Townships [Illinois--Cook County],Historical - ccgismap - Area 22 Worth & Lake Townships,datacatalog.cookcountyil.gov,Cook County Open Data,Web services,Last Modified: 2026-01-27,2014-03-26,2026-02-08,v7fc-3ggt,https://datacatalog.cookcountyil.gov/api/views/v7fc-3ggt,12b-17031-2
Cook_CommissionerDist2010 [Illinois--Cook County],Cook_CommissionerDist2010,datacatalog.cookcountyil.gov,Cook County Open Data,Web services,Last Modified: 2026-01-27,2014-05-30,2026-02-08,v9is-32s7,https://datacatalog.cookcountyil.gov/api/views/v9is-32s7,12b-17031-2
Historical - ccgismap - Area 20 Lemont Township [Illinois--Cook County],Historical - ccgismap - Area 20 Lemont Township,datacatalog.cookcountyil.gov,Cook County Open Data,Web services,Last Modified: 2026-01-27,2014-03-26,2026-02-08,vax7-r32n,https://datacatalog.cookcountyil.gov/api/views/vax7-r32n,12b-17031-2
AP_AREA_20 [Illinois--Cook County],AP_AREA_20,datacatalog.cookcountyil.gov,Cook County Open Data,Web services,Last Modified: 2026-01-27,2016-05-12,2026-02-08,vc32-sqx2,https://datacatalog.cookcountyil.gov/api/views/vc32-sqx2,12b-17031-2
SanitaryTaxDist_2012 [Illinois--Cook County],SanitaryTaxDist_2012,datacatalog.cookcountyil.gov,Cook County Open Data,Web services,Last Modified: 2026-01-27,2014-03-11,2026-02-08,vh2a-jv48,https://datacatalog.cookcountyil.gov/api/views/vh2a-jv48,12b-17031-2
ElemSchlTaxDist_2012 [Illinois--Cook County],ElemSchlTaxDist_2012,datacatalog.cookcountyil.gov,Cook County Open Data,Web services,Last Modified: 2026-01-27,2014-03-10,2026-02-08,vkxu-e959,https://datacatalog.cookcountyil.gov/api/views/vkxu-e959,12b-17031-2
2015_Political_Township [Illinois--Cook County],2015_Political_Township,datacatalog.cookcountyil.gov,Cook County Open Data,Web services,Last Modified: 2026-01-27,2017-11-13,2026-02-08,w3vu-isq5,https://datacatalog.cookcountyil.gov/api/views/w3vu-isq5,12b-17031-2
ParkTaxDist_2012 [Illinois--Cook County],ParkTaxDist_2012,datacatalog.cookcountyil.gov,Cook County Open Data,Web services,Last Modified: 2026-01-27,2014-03-11,2026-02-08,w62r-rq29,https://datacatalog.cookcountyil.gov/api/views/w62r-rq29,12b-17031-2
Parcel_2006 [Illinois--Cook County],Parcel_2006,datacatalog.cookcountyil.gov,Cook County Open Data,Web services,Last Modified: 2026-01-27,2016-03-10,2026-02-08,w98x-3iwy,https://datacatalog.cookcountyil.gov/api/views/w98x-3iwy,12b-17031-2
RightOfWay [Illinois--Cook County],RightOfWay,datacatalog.cookcountyil.gov,Cook County Open Data,Web services,Last Modified: 2026-01-27,2015-12-15,2026-02-08,wfma-6dww,https://datacatalog.cookcountyil.gov/api/views/wfma-6dww,12b-17031-2
Historical - ccgismap - Area 17 Lyons Township [Illinois--Cook County],Historical - ccgismap - Area 17 Lyons Township,datacatalog.cookcountyil.gov,Cook County Open Data,Web services,Last Modified: 2026-01-27,2014-03-26,2026-02-08,wgaj-tryd,https://datacatalog.cookcountyil.gov/api/views/wgaj-tryd,12b-17031-2
LibrTaxDist [Illinois--Cook County],LibrTaxDist,datacatalog.cookcountyil.gov,Cook County Open Data,Web services,Last Modified: 2026-01-27,2015-12-14,2026-02-08,wu95-7h8e,https://datacatalog.cookcountyil.gov/api/views/wu95-7h8e,12b-17031-2
Historical - ccgismap - Area 27 Rich Township [Illinois--Cook County],Historical - ccgismap - Area 27 Rich Township,datacatalog.cookcountyil.gov,Cook County Open Data,Web services,Last Modified: 2026-01-27,2014-03-26,2026-02-08,x4xz-2a3j,https://datacatalog.cookcountyil.gov/api/views/x4xz-2a3j,12b-17031-2
Historical - ccgismap - Area 21 Palos & Lyons Townships [Illinois--Cook County],Historical - ccgismap - Area 21 Palos & Lyons Townships,datacatalog.cookcountyil.gov,Cook County Open Data,Web services,Last Modified: 2026-01-27,2014-03-26,2026-02-08,x666-r9fy,https://datacatalog.cookcountyil.gov/api/views/x666-r9fy,12b-17031-2
AP_AREA_18 [Illinois--Cook County],AP_AREA_18,datacatalog.cookcountyil.gov,Cook County Open Data,Web services,Last Modified: 2026-01-27,2016-05-11,2026-02-08,xacz-x7qs,https://datacatalog.cookcountyil.gov/api/views/xacz-x7qs,12b-17031-2
ElemSchlTaxDist [Illinois--Cook County],ElemSchlTaxDist,datacatalog.cookcountyil.gov,Cook County Open Data,Web services,Last Modified: 2026-01-27,2017-11-30,2026-02-08,xn5e-xxa5,https://datacatalog.cookcountyil.gov/api/views/xn5e-xxa5,12b-17031-2
2015_Metro_Tax_District [Illinois--Cook County],2015_Metro_Tax_District,datacatalog.cookcountyil.gov,Cook County Open Data,Web services,Last Modified: 2026-01-27,2017-11-13,2026-02-08,xzy3-x2x7,https://datacatalog.cookcountyil.gov/api/views/xzy3-x2x7,12b-17031-2
RightOfWay [Illinois--Cook County],RightOfWay,datacatalog.cookcountyil.gov,Cook County Open Data,Web services,Last Modified: 2026-01-27,2015-12-14,2026-02-08,y2ck-afbz,https://datacatalog.cookcountyil.gov/api/views/y2ck-afbz,12b-17031-2
Historical - ccgismap - Area 25 Bremen Township [Illinois--Cook County],Historical - ccgismap - Area 25 Bremen Township,datacatalog.cookcountyil.gov,Cook County Open Data,Web services,Last Modified: 2026-01-27,2014-03-26,2026-02-08,ybvq-a3xi,https://datacatalog.cookcountyil.gov/api/views/ybvq-a3xi,12b-17031-2
"Historical - ccgismap - Area 16 West, South and North Towns [Illinois--Cook County]","Historical - ccgismap - Area 16 West, South and North Towns",datacatalog.cookcountyil.gov,Cook County Open Data,Web services,Last Modified: 2026-01-27,2014-03-26,2026-02-08,yekx-izpj,https://datacatalog.cookcountyil.gov/api/views/yekx-izpj,12b-17031-2
StRep2010 [Illinois--Cook County],StRep2010,datacatalog.cookcountyil.gov,Cook County Open Data,Web services,Last Modified: 2026-01-27,2014-06-02,2026-02-08,yiic-b2se,https://datacatalog.cookcountyil.gov/api/views/yiic-b2se,12b-17031-2
Historical - ccgismap - Area 26 Thornton Township [Illinois--Cook County],Historical - ccgismap - Area 26 Thornton Township,datacatalog.cookcountyil.gov,Cook County Open Data,Web services,Last Modified: 2026-01-27,2014-03-26,2026-02-08,yqn2-vgvj,https://datacatalog.cookcountyil.gov/api/views/yqn2-vgvj,12b-17031-2
UnincorporatedZonebyParcel [Illinois--Cook County],UnincorporatedZonebyParcel,datacatalog.cookcountyil.gov,Cook County Open Data,Web services,Last Modified: 2026-01-27,2014-12-23,2026-02-08,yski-9fq7,https://datacatalog.cookcountyil.gov/api/views/yski-9fq7,12b-17031-2
AP_AREA_23 [Illinois--Cook County],AP_AREA_23,datacatalog.cookcountyil.gov,Cook County Open Data,Web services,Last Modified: 2026-01-27,2016-05-12,2026-02-08,yu56-ces2,https://datacatalog.cookcountyil.gov/api/views/yu56-ces2,12b-17031-2
"Clean Water GIS Story Map: Mapping Access, Infrastructure, and Impact [Maryland--Prince George's County]","Clean Water GIS Story Map: Mapping Access, Infrastructure, and Impact",data.princegeorgescountymd.gov,Prince George's County Open Data Portal,Web services,Last Modified: 2026-05-20,2026-04-24,2026-07-28,36fh-etrc,https://data.princegeorgescountymd.gov/api/views/36fh-etrc,04b-24033
