ID,Identifier,created_at,assignment_origin
00308e38-fe66-431b-9c8a-9e5a19951a0b,"https://quod.lib.umich.edu/c/clark1ic/x-003282766/39015091192230_01|https://quod.lib.umich.edu/cgi/i/image/api/search/clark1ic:003282766|oai:quod.lib.umich.edu:IC-CLARK1IC-X-003282766%5D39015091192230_01|http://name.umdl.umich.edu/IC-CLARK1IC-X-003282766%5D39015091192230_01|https://quod.lib.umich.edu/cgi/i/image/api/thumb/clark1ic/003282766/39015091192230_01/!250,250|https://quod.lib.umich.edu/cgi/i/image/api/manifest/clark1ic:003282766:39015091192230_01|003282766; 00308e38-fe66-431b-9c8a-9e5a19951a0b|oai:quod.lib.umich.edu:IC-CLARK1IC-X-003282766%5D39015091192230_02|http://name.umdl.umich.edu/IC-CLARK1IC-X-003282766%5D39015091192230_02|https://quod.lib.umich.edu/cgi/i/image/api/thumb/clark1ic/003282766/39015091192230_02/!250,250|https://quod.lib.umich.edu/cgi/i/image/api/manifest/clark1ic:003282766:39015091192230_02",2026-09-07T13:44:02.564465+00:00,existing
0035018d-63a8-4682-95e5-d1c3d4104a7d,"https://quod.lib.umich.edu/c/clark1ic/x-003289028/39015091195514_01|https://quod.lib.umich.edu/cgi/i/image/api/search/clark1ic:003289028|oai:quod.lib.umich.edu:IC-CLARK1IC-X-003289028%5D39015091195514_01|http://name.umdl.umich.edu/IC-CLARK1IC-X-003289028%5D39015091195514_01|https://quod.lib.umich.edu/cgi/i/image/api/thumb/clark1ic/003289028/39015091195514_01/!250,250|https://quod.lib.umich.edu/cgi/i/image/api/manifest/clark1ic:003289028:39015091195514_01|003289028; 0035018d-63a8-4682-95e5-d1c3d4104a7d",2026-09-07T13:44:02.565142+00:00,existing
0048cc1b-1485-447b-a19b-b40429828747,"https://quod.lib.umich.edu/c/clark1ic/x-004259594/39015091191372_01|https://quod.lib.umich.edu/cgi/i/image/api/search/clark1ic:004259594|oai:quod.lib.umich.edu:IC-CLARK1IC-X-004259594%5D39015091191372_01|http://name.umdl.umich.edu/IC-CLARK1IC-X-004259594%5D39015091191372_01|https://quod.lib.umich.edu/cgi/i/image/api/thumb/clark1ic/004259594/39015091191372_01/!250,250|https://quod.lib.umich.edu/cgi/i/image/api/manifest/clark1ic:004259594:39015091191372_01|004259594; 0048cc1b-1485-447b-a19b-b40429828747",2026-09-07T13:44:02.565200+00:00,existing
0069fa01-c427-4261-b771-d5b707196b11,"https://quod.lib.umich.edu/c/clark1ic/x-003288557/39015091916562|https://quod.lib.umich.edu/cgi/i/image/api/search/clark1ic:003288557|oai:quod.lib.umich.edu:IC-CLARK1IC-X-003288557%5D39015091916562|http://name.umdl.umich.edu/IC-CLARK1IC-X-003288557%5D39015091916562|https://quod.lib.umich.edu/cgi/i/image/api/thumb/clark1ic/003288557/39015091916562/!250,250|https://quod.lib.umich.edu/cgi/i/image/api/manifest/clark1ic:003288557:39015091916562|003288557; 0069fa01-c427-4261-b771-d5b707196b11",2026-09-07T13:44:02.565247+00:00,existing
00d7004f-8664-4e4a-a86f-8f8a05273bfc,"https://quod.lib.umich.edu/c/clark1ic/x-002609499/39015060932442|https://quod.lib.umich.edu/cgi/i/image/api/search/clark1ic:002609499|oai:quod.lib.umich.edu:IC-CLARK1IC-X-002609499%5D39015060932442|http://name.umdl.umich.edu/IC-CLARK1IC-X-002609499%5D39015060932442|https://quod.lib.umich.edu/cgi/i/image/api/thumb/clark1ic/002609499/39015060932442/!250,250|https://quod.lib.umich.edu/cgi/i/image/api/manifest/clark1ic:002609499:39015060932442|002609499; 00d7004f-8664-4e4a-a86f-8f8a05273bfc",2026-09-07T13:44:02.565287+00:00,existing
0105a6f6-a3cc-425f-9f64-667bc4def638,"https://quod.lib.umich.edu/c/clark1ic/x-003281472/39015091197247|https://quod.lib.umich.edu/cgi/i/image/api/search/clark1ic:003281472|oai:quod.lib.umich.edu:IC-CLARK1IC-X-003281472%5D39015091197247|http://name.umdl.umich.edu/IC-CLARK1IC-X-003281472%5D39015091197247|https://quod.lib.umich.edu/cgi/i/image/api/thumb/clark1ic/003281472/39015091197247/!250,250|https://quod.lib.umich.edu/cgi/i/image/api/manifest/clark1ic:003281472:39015091197247|003281472; 0105a6f6-a3cc-425f-9f64-667bc4def638",2026-09-07T13:44:02.565326+00:00,existing
013d9fb7-7ec6-440e-b289-3cda5d26b2ab,"https://quod.lib.umich.edu/c/clark1ic/x-003286704/39015091903792|https://quod.lib.umich.edu/cgi/i/image/api/search/clark1ic:003286704|oai:quod.lib.umich.edu:IC-CLARK1IC-X-003286704%5D39015091903792|http://name.umdl.umich.edu/IC-CLARK1IC-X-003286704%5D39015091903792|https://quod.lib.umich.edu/cgi/i/image/api/thumb/clark1ic/003286704/39015091903792/!250,250|https://quod.lib.umich.edu/cgi/i/image/api/manifest/clark1ic:003286704:39015091903792|003286704; 013d9fb7-7ec6-440e-b289-3cda5d26b2ab",2026-09-07T13:44:02.565366+00:00,existing
0199cdba-f2cd-4a45-8cf3-d54914e6df1f,"https://quod.lib.umich.edu/c/clark1ic/x-001297417/39015091911019|https://quod.lib.umich.edu/cgi/i/image/api/search/clark1ic:001297417|oai:quod.lib.umich.edu:IC-CLARK1IC-X-001297417%5D39015091911019|http://name.umdl.umich.edu/IC-CLARK1IC-X-001297417%5D39015091911019|https://quod.lib.umich.edu/cgi/i/image/api/thumb/clark1ic/001297417/39015091911019/!250,250|https://quod.lib.umich.edu/cgi/i/image/api/manifest/clark1ic:001297417:39015091911019|001297417; 0199cdba-f2cd-4a45-8cf3-d54914e6df1f",2026-09-07T13:44:02.565405+00:00,existing
01a620ba-2c07-46ca-b388-d6be6b9035a4,"https://quod.lib.umich.edu/c/clark1ic/x-012484438/39015095390822|https://quod.lib.umich.edu/cgi/i/image/api/search/clark1ic:012484438|oai:quod.lib.umich.edu:IC-CLARK1IC-X-012484438%5D39015095390822|http://name.umdl.umich.edu/IC-CLARK1IC-X-012484438%5D39015095390822|https://quod.lib.umich.edu/cgi/i/image/api/thumb/clark1ic/012484438/39015095390822/!250,250|https://quod.lib.umich.edu/cgi/i/image/api/manifest/clark1ic:012484438:39015095390822|012484438; 01a620ba-2c07-46ca-b388-d6be6b9035a4",2026-09-07T13:44:02.565442+00:00,existing
02137a35-ab82-4751-8462-6ec736ea7280,"https://quod.lib.umich.edu/c/clark1ic/x-003281554/39015091197577|https://quod.lib.umich.edu/cgi/i/image/api/search/clark1ic:003281554|oai:quod.lib.umich.edu:IC-CLARK1IC-X-003281554%5D39015091197577|http://name.umdl.umich.edu/IC-CLARK1IC-X-003281554%5D39015091197577|https://quod.lib.umich.edu/cgi/i/image/api/thumb/clark1ic/003281554/39015091197577/!250,250|https://quod.lib.umich.edu/cgi/i/image/api/manifest/clark1ic:003281554:39015091197577|003281554; 02137a35-ab82-4751-8462-6ec736ea7280",2026-09-07T13:44:02.565480+00:00,existing
02a14989-f313-4b3d-8ced-ba74c9bf545b,"https://quod.lib.umich.edu/c/clark1ic/x-004205230/39015091191521_01|https://quod.lib.umich.edu/cgi/i/image/api/search/clark1ic:004205230|oai:quod.lib.umich.edu:IC-CLARK1IC-X-004205230%5D39015091191521_01|http://name.umdl.umich.edu/IC-CLARK1IC-X-004205230%5D39015091191521_01|https://quod.lib.umich.edu/cgi/i/image/api/thumb/clark1ic/004205230/39015091191521_01/!250,250|https://quod.lib.umich.edu/cgi/i/image/api/manifest/clark1ic:004205230:39015091191521_01|004205230; 02a14989-f313-4b3d-8ced-ba74c9bf545b",2026-09-07T13:44:02.565516+00:00,existing
02cb6d0e-ded7-4d04-b0b6-6a3449aeb238,"https://quod.lib.umich.edu/c/clark1ic/x-004074048/39015091191489_01|https://quod.lib.umich.edu/cgi/i/image/api/search/clark1ic:004074048|oai:quod.lib.umich.edu:IC-CLARK1IC-X-004074048%5D39015091191489_01|http://name.umdl.umich.edu/IC-CLARK1IC-X-004074048%5D39015091191489_01|https://quod.lib.umich.edu/cgi/i/image/api/thumb/clark1ic/004074048/39015091191489_01/!250,250|https://quod.lib.umich.edu/cgi/i/image/api/manifest/clark1ic:004074048:39015091191489_01|004074048; 02cb6d0e-ded7-4d04-b0b6-6a3449aeb238",2026-09-07T13:44:02.565553+00:00,existing
031a3f69-8f47-4cf1-b303-162f3669c104,"https://quod.lib.umich.edu/c/clark1ic/x-000887581/39015091921513_01|https://quod.lib.umich.edu/cgi/i/image/api/search/clark1ic:000887581|oai:quod.lib.umich.edu:IC-CLARK1IC-X-000887581%5D39015091921513_01|http://name.umdl.umich.edu/IC-CLARK1IC-X-000887581%5D39015091921513_01|https://quod.lib.umich.edu/cgi/i/image/api/thumb/clark1ic/000887581/39015091921513_01/!250,250|https://quod.lib.umich.edu/cgi/i/image/api/manifest/clark1ic:000887581:39015091921513_01|000887581; 031a3f69-8f47-4cf1-b303-162f3669c104|oai:quod.lib.umich.edu:IC-CLARK1IC-X-000887581%5D39015091921513_02|http://name.umdl.umich.edu/IC-CLARK1IC-X-000887581%5D39015091921513_02|https://quod.lib.umich.edu/cgi/i/image/api/thumb/clark1ic/000887581/39015091921513_02/!250,250|https://quod.lib.umich.edu/cgi/i/image/api/manifest/clark1ic:000887581:39015091921513_02|oai:quod.lib.umich.edu:IC-CLARK1IC-X-000887581%5D39015091921513_03|http://name.umdl.umich.edu/IC-CLARK1IC-X-000887581%5D39015091921513_03|https://quod.lib.umich.edu/cgi/i/image/api/thumb/clark1ic/000887581/39015091921513_03/!250,250|https://quod.lib.umich.edu/cgi/i/image/api/manifest/clark1ic:000887581:39015091921513_03",2026-09-07T13:44:02.565618+00:00,existing
037a8e4f-2a62-4cd1-88c4-ea2904cf776f,"https://quod.lib.umich.edu/c/clark1ic/x-000081056/39015095413343|https://quod.lib.umich.edu/cgi/i/image/api/search/clark1ic:000081056|oai:quod.lib.umich.edu:IC-CLARK1IC-X-000081056%5D39015095413343|http://name.umdl.umich.edu/IC-CLARK1IC-X-000081056%5D39015095413343|https://quod.lib.umich.edu/cgi/i/image/api/thumb/clark1ic/000081056/39015095413343/!250,250|https://quod.lib.umich.edu/cgi/i/image/api/manifest/clark1ic:000081056:39015095413343|000081056; 037a8e4f-2a62-4cd1-88c4-ea2904cf776f",2026-09-07T13:44:02.565655+00:00,existing
0428403d-184c-46b0-b03c-5325ae982971,"https://quod.lib.umich.edu/c/clark1ic/x-011236601/39015091881238|https://quod.lib.umich.edu/cgi/i/image/api/search/clark1ic:011236601|oai:quod.lib.umich.edu:IC-CLARK1IC-X-011236601%5D39015091881238|http://name.umdl.umich.edu/IC-CLARK1IC-X-011236601%5D39015091881238|https://quod.lib.umich.edu/cgi/i/image/api/thumb/clark1ic/011236601/39015091881238/!250,250|https://quod.lib.umich.edu/cgi/i/image/api/manifest/clark1ic:011236601:39015091881238|011236601; 0428403d-184c-46b0-b03c-5325ae982971",2026-09-07T13:44:02.565695+00:00,existing
04351e47-6b75-4bd5-92e9-4a1ce5c31702,"https://quod.lib.umich.edu/c/clark1ic/x-000887832/39015091921315_01|https://quod.lib.umich.edu/cgi/i/image/api/search/clark1ic:000887832|oai:quod.lib.umich.edu:IC-CLARK1IC-X-000887832%5D39015091921315_01|http://name.umdl.umich.edu/IC-CLARK1IC-X-000887832%5D39015091921315_01|https://quod.lib.umich.edu/cgi/i/image/api/thumb/clark1ic/000887832/39015091921315_01/!250,250|https://quod.lib.umich.edu/cgi/i/image/api/manifest/clark1ic:000887832:39015091921315_01|000887832; 04351e47-6b75-4bd5-92e9-4a1ce5c31702|oai:quod.lib.umich.edu:IC-CLARK1IC-X-000887832%5D39015091921315_02|http://name.umdl.umich.edu/IC-CLARK1IC-X-000887832%5D39015091921315_02|https://quod.lib.umich.edu/cgi/i/image/api/thumb/clark1ic/000887832/39015091921315_02/!250,250|https://quod.lib.umich.edu/cgi/i/image/api/manifest/clark1ic:000887832:39015091921315_02",2026-09-07T13:44:02.565751+00:00,existing
0457164a-d2d9-46b4-9d1d-f66623368c0d,"https://quod.lib.umich.edu/c/clark1ic/x-003286845/39015091196751|https://quod.lib.umich.edu/cgi/i/image/api/search/clark1ic:003286845|oai:quod.lib.umich.edu:IC-CLARK1IC-X-003286845%5D39015091196751|http://name.umdl.umich.edu/IC-CLARK1IC-X-003286845%5D39015091196751|https://quod.lib.umich.edu/cgi/i/image/api/thumb/clark1ic/003286845/39015091196751/!250,250|https://quod.lib.umich.edu/cgi/i/image/api/manifest/clark1ic:003286845:39015091196751|003286845; 0457164a-d2d9-46b4-9d1d-f66623368c0d",2026-09-07T13:44:02.565790+00:00,existing
04590ab3-5305-4fc2-9c0f-21d47f52ae5c,"https://quod.lib.umich.edu/c/clark1ic/x-008459367/39015091195407_01|https://quod.lib.umich.edu/cgi/i/image/api/search/clark1ic:008459367|oai:quod.lib.umich.edu:IC-CLARK1IC-X-008459367%5D39015091195407_01|http://name.umdl.umich.edu/IC-CLARK1IC-X-008459367%5D39015091195407_01|https://quod.lib.umich.edu/cgi/i/image/api/thumb/clark1ic/008459367/39015091195407_01/!250,250|https://quod.lib.umich.edu/cgi/i/image/api/manifest/clark1ic:008459367:39015091195407_01|008459367; 04590ab3-5305-4fc2-9c0f-21d47f52ae5c|oai:quod.lib.umich.edu:IC-CLARK1IC-X-008459367%5D39015091195407_02|http://name.umdl.umich.edu/IC-CLARK1IC-X-008459367%5D39015091195407_02|https://quod.lib.umich.edu/cgi/i/image/api/thumb/clark1ic/008459367/39015091195407_02/!250,250|https://quod.lib.umich.edu/cgi/i/image/api/manifest/clark1ic:008459367:39015091195407_02|oai:quod.lib.umich.edu:IC-CLARK1IC-X-008459367%5D39015091195407_03|http://name.umdl.umich.edu/IC-CLARK1IC-X-008459367%5D39015091195407_03|https://quod.lib.umich.edu/cgi/i/image/api/thumb/clark1ic/008459367/39015091195407_03/!250,250|https://quod.lib.umich.edu/cgi/i/image/api/manifest/clark1ic:008459367:39015091195407_03|oai:quod.lib.umich.edu:IC-CLARK1IC-X-008459367%5D39015091195407_04|http://name.umdl.umich.edu/IC-CLARK1IC-X-008459367%5D39015091195407_04|https://quod.lib.umich.edu/cgi/i/image/api/thumb/clark1ic/008459367/39015091195407_04/!250,250|https://quod.lib.umich.edu/cgi/i/image/api/manifest/clark1ic:008459367:39015091195407_04",2026-09-07T13:44:02.565871+00:00,existing
0469f3b8-bfef-44db-b0ea-65d35f82399d,"https://quod.lib.umich.edu/c/clark1ic/x-003107758/39015091920564_01|https://quod.lib.umich.edu/cgi/i/image/api/search/clark1ic:003107758|oai:quod.lib.umich.edu:IC-CLARK1IC-X-003107758%5D39015091920564_01|http://name.umdl.umich.edu/IC-CLARK1IC-X-003107758%5D39015091920564_01|https://quod.lib.umich.edu/cgi/i/image/api/thumb/clark1ic/003107758/39015091920564_01/!250,250|https://quod.lib.umich.edu/cgi/i/image/api/manifest/clark1ic:003107758:39015091920564_01|003107758; 0469f3b8-bfef-44db-b0ea-65d35f82399d|oai:quod.lib.umich.edu:IC-CLARK1IC-X-003107758%5D39015091920564_02|http://name.umdl.umich.edu/IC-CLARK1IC-X-003107758%5D39015091920564_02|https://quod.lib.umich.edu/cgi/i/image/api/thumb/clark1ic/003107758/39015091920564_02/!250,250|https://quod.lib.umich.edu/cgi/i/image/api/manifest/clark1ic:003107758:39015091920564_02|oai:quod.lib.umich.edu:IC-CLARK1IC-X-003107758%5D39015091920564_03|http://name.umdl.umich.edu/IC-CLARK1IC-X-003107758%5D39015091920564_03|https://quod.lib.umich.edu/cgi/i/image/api/thumb/clark1ic/003107758/39015091920564_03/!250,250|https://quod.lib.umich.edu/cgi/i/image/api/manifest/clark1ic:003107758:39015091920564_03",2026-09-07T13:44:02.565938+00:00,existing
04a685d1-50c9-447a-8396-d012ef295bd2,"https://quod.lib.umich.edu/c/clark1ic/x-012464749/39015095390392|https://quod.lib.umich.edu/cgi/i/image/api/search/clark1ic:012464749|oai:quod.lib.umich.edu:IC-CLARK1IC-X-012464749%5D39015095390392|http://name.umdl.umich.edu/IC-CLARK1IC-X-012464749%5D39015095390392|https://quod.lib.umich.edu/cgi/i/image/api/thumb/clark1ic/012464749/39015095390392/!250,250|https://quod.lib.umich.edu/cgi/i/image/api/manifest/clark1ic:012464749:39015095390392|012464749; 04a685d1-50c9-447a-8396-d012ef295bd2",2026-09-07T13:44:02.565977+00:00,existing
04faa65b-7de6-4607-bcd8-02789c6604af,"https://quod.lib.umich.edu/c/clark1ic/x-002904304/39015091901143|https://quod.lib.umich.edu/cgi/i/image/api/search/clark1ic:002904304|oai:quod.lib.umich.edu:IC-CLARK1IC-X-002904304%5D39015091901143|http://name.umdl.umich.edu/IC-CLARK1IC-X-002904304%5D39015091901143|https://quod.lib.umich.edu/cgi/i/image/api/thumb/clark1ic/002904304/39015091901143/!250,250|https://quod.lib.umich.edu/cgi/i/image/api/manifest/clark1ic:002904304:39015091901143|002904304; 04faa65b-7de6-4607-bcd8-02789c6604af",2026-09-07T13:44:02.566014+00:00,existing
0529a84b-cbf6-4731-9afc-41d1e828ca17,"https://quod.lib.umich.edu/c/clark1ic/x-010349238/39015091192008_01|https://quod.lib.umich.edu/cgi/i/image/api/search/clark1ic:010349238|oai:quod.lib.umich.edu:IC-CLARK1IC-X-010349238%5D39015091192008_01|http://name.umdl.umich.edu/IC-CLARK1IC-X-010349238%5D39015091192008_01|https://quod.lib.umich.edu/cgi/i/image/api/thumb/clark1ic/010349238/39015091192008_01/!250,250|https://quod.lib.umich.edu/cgi/i/image/api/manifest/clark1ic:010349238:39015091192008_01|010349238; 0529a84b-cbf6-4731-9afc-41d1e828ca17|oai:quod.lib.umich.edu:IC-CLARK1IC-X-010349238%5D39015091192008_02|http://name.umdl.umich.edu/IC-CLARK1IC-X-010349238%5D39015091192008_02|https://quod.lib.umich.edu/cgi/i/image/api/thumb/clark1ic/010349238/39015091192008_02/!250,250|https://quod.lib.umich.edu/cgi/i/image/api/manifest/clark1ic:010349238:39015091192008_02",2026-09-07T13:44:02.566062+00:00,existing
055ec54f-42b3-47bc-b4f0-87b9a0870567,"https://quod.lib.umich.edu/c/clark1ic/x-004257037/39015091185937|https://quod.lib.umich.edu/cgi/i/image/api/search/clark1ic:004257037|oai:quod.lib.umich.edu:IC-CLARK1IC-X-004257037%5D39015091185937|http://name.umdl.umich.edu/IC-CLARK1IC-X-004257037%5D39015091185937|https://quod.lib.umich.edu/cgi/i/image/api/thumb/clark1ic/004257037/39015091185937/!250,250|https://quod.lib.umich.edu/cgi/i/image/api/manifest/clark1ic:004257037:39015091185937|004257037; 055ec54f-42b3-47bc-b4f0-87b9a0870567",2026-09-07T13:44:02.566142+00:00,existing
056f9297-f493-4de1-b98e-b86aebc19d83,"https://quod.lib.umich.edu/c/clark1ic/x-003281462/39015091911332|https://quod.lib.umich.edu/cgi/i/image/api/search/clark1ic:003281462|oai:quod.lib.umich.edu:IC-CLARK1IC-X-003281462%5D39015091911332|http://name.umdl.umich.edu/IC-CLARK1IC-X-003281462%5D39015091911332|https://quod.lib.umich.edu/cgi/i/image/api/thumb/clark1ic/003281462/39015091911332/!250,250|https://quod.lib.umich.edu/cgi/i/image/api/manifest/clark1ic:003281462:39015091911332|003281462; 056f9297-f493-4de1-b98e-b86aebc19d83",2026-09-07T13:44:02.566176+00:00,existing
0583035b-dd30-4c37-a170-0a867c16ab30,"https://quod.lib.umich.edu/c/clark1ic/x-012551046/39015091192263_01|https://quod.lib.umich.edu/cgi/i/image/api/search/clark1ic:012551046|oai:quod.lib.umich.edu:IC-CLARK1IC-X-012551046%5D39015091192263_01|http://name.umdl.umich.edu/IC-CLARK1IC-X-012551046%5D39015091192263_01|https://quod.lib.umich.edu/cgi/i/image/api/thumb/clark1ic/012551046/39015091192263_01/!250,250|https://quod.lib.umich.edu/cgi/i/image/api/manifest/clark1ic:012551046:39015091192263_01|012551046; 0583035b-dd30-4c37-a170-0a867c16ab30|oai:quod.lib.umich.edu:IC-CLARK1IC-X-012551046%5D39015091192263_02|http://name.umdl.umich.edu/IC-CLARK1IC-X-012551046%5D39015091192263_02|https://quod.lib.umich.edu/cgi/i/image/api/thumb/clark1ic/012551046/39015091192263_02/!250,250|https://quod.lib.umich.edu/cgi/i/image/api/manifest/clark1ic:012551046:39015091192263_02",2026-09-07T13:44:02.566224+00:00,existing
062ba63a-c02e-48db-af46-da93232923af,"https://quod.lib.umich.edu/c/clark1ic/x-000080674/39015091898778_01|https://quod.lib.umich.edu/cgi/i/image/api/search/clark1ic:000080674|oai:quod.lib.umich.edu:IC-CLARK1IC-X-000080674%5D39015091898778_01|http://name.umdl.umich.edu/IC-CLARK1IC-X-000080674%5D39015091898778_01|https://quod.lib.umich.edu/cgi/i/image/api/thumb/clark1ic/000080674/39015091898778_01/!250,250|https://quod.lib.umich.edu/cgi/i/image/api/manifest/clark1ic:000080674:39015091898778_01|000080674; 062ba63a-c02e-48db-af46-da93232923af|oai:quod.lib.umich.edu:IC-CLARK1IC-X-000080674%5D39015091898778_02|http://name.umdl.umich.edu/IC-CLARK1IC-X-000080674%5D39015091898778_02|https://quod.lib.umich.edu/cgi/i/image/api/thumb/clark1ic/000080674/39015091898778_02/!250,250|https://quod.lib.umich.edu/cgi/i/image/api/manifest/clark1ic:000080674:39015091898778_02|oai:quod.lib.umich.edu:IC-CLARK1IC-X-000080674%5D39015091898778_03|http://name.umdl.umich.edu/IC-CLARK1IC-X-000080674%5D39015091898778_03|https://quod.lib.umich.edu/cgi/i/image/api/thumb/clark1ic/000080674/39015091898778_03/!250,250|https://quod.lib.umich.edu/cgi/i/image/api/manifest/clark1ic:000080674:39015091898778_03|oai:quod.lib.umich.edu:IC-CLARK1IC-X-000080674%5D39015091898778_04|http://name.umdl.umich.edu/IC-CLARK1IC-X-000080674%5D39015091898778_04|https://quod.lib.umich.edu/cgi/i/image/api/thumb/clark1ic/000080674/39015091898778_04/!250,250|https://quod.lib.umich.edu/cgi/i/image/api/manifest/clark1ic:000080674:39015091898778_04|oai:quod.lib.umich.edu:IC-CLARK1IC-X-000080674%5D39015091898778_05|http://name.umdl.umich.edu/IC-CLARK1IC-X-000080674%5D39015091898778_05|https://quod.lib.umich.edu/cgi/i/image/api/thumb/clark1ic/000080674/39015091898778_05/!250,250|https://quod.lib.umich.edu/cgi/i/image/api/manifest/clark1ic:000080674:39015091898778_05|oai:quod.lib.umich.edu:IC-CLARK1IC-X-000080674%5D39015091898778_06|http://name.umdl.umich.edu/IC-CLARK1IC-X-000080674%5D39015091898778_06|https://quod.lib.umich.edu/cgi/i/image/api/thumb/clark1ic/000080674/39015091898778_06/!250,250|https://quod.lib.umich.edu/cgi/i/image/api/manifest/clark1ic:000080674:39015091898778_06",2026-09-07T13:44:02.566324+00:00,existing
065fe168-662c-4305-906f-d0bd0521a039,"https://quod.lib.umich.edu/c/clark1ic/x-013490813/39015060935973|https://quod.lib.umich.edu/cgi/i/image/api/search/clark1ic:013490813|oai:quod.lib.umich.edu:IC-CLARK1IC-X-013490813%5D39015060935973|http://name.umdl.umich.edu/IC-CLARK1IC-X-013490813%5D39015060935973|https://quod.lib.umich.edu/cgi/i/image/api/thumb/clark1ic/013490813/39015060935973/!250,250|https://quod.lib.umich.edu/cgi/i/image/api/manifest/clark1ic:013490813:39015060935973|013490813; 065fe168-662c-4305-906f-d0bd0521a039",2026-09-07T13:44:02.566359+00:00,existing
066b9275-cddd-42df-99f3-effa04212364,"https://quod.lib.umich.edu/c/clark1ic/x-003879289/39015091186059|https://quod.lib.umich.edu/cgi/i/image/api/search/clark1ic:003879289|oai:quod.lib.umich.edu:IC-CLARK1IC-X-003879289%5D39015091186059|http://name.umdl.umich.edu/IC-CLARK1IC-X-003879289%5D39015091186059|https://quod.lib.umich.edu/cgi/i/image/api/thumb/clark1ic/003879289/39015091186059/!250,250|https://quod.lib.umich.edu/cgi/i/image/api/manifest/clark1ic:003879289:39015091186059|003879289; 066b9275-cddd-42df-99f3-effa04212364",2026-09-07T13:44:02.566394+00:00,existing
066d803d-7cb4-4eb1-8d69-c6a310794eef,"https://quod.lib.umich.edu/c/clark1ic/x-003279468/39015091191752_01|https://quod.lib.umich.edu/cgi/i/image/api/search/clark1ic:003279468|oai:quod.lib.umich.edu:IC-CLARK1IC-X-003279468%5D39015091191752_01|http://name.umdl.umich.edu/IC-CLARK1IC-X-003279468%5D39015091191752_01|https://quod.lib.umich.edu/cgi/i/image/api/thumb/clark1ic/003279468/39015091191752_01/!250,250|https://quod.lib.umich.edu/cgi/i/image/api/manifest/clark1ic:003279468:39015091191752_01|003279468; 066d803d-7cb4-4eb1-8d69-c6a310794eef",2026-09-07T13:44:02.566427+00:00,existing
06bdb269-cf1b-4a64-98fa-ae892f13e7be,"https://quod.lib.umich.edu/c/clark1ic/x-004267852/39015091193907|https://quod.lib.umich.edu/cgi/i/image/api/search/clark1ic:004267852|oai:quod.lib.umich.edu:IC-CLARK1IC-X-004267852%5D39015091193907|http://name.umdl.umich.edu/IC-CLARK1IC-X-004267852%5D39015091193907|https://quod.lib.umich.edu/cgi/i/image/api/thumb/clark1ic/004267852/39015091193907/!250,250|https://quod.lib.umich.edu/cgi/i/image/api/manifest/clark1ic:004267852:39015091193907|004267852; 06bdb269-cf1b-4a64-98fa-ae892f13e7be",2026-09-07T13:44:02.566473+00:00,existing
06c77fc7-1ee2-4f99-9fd6-b081524ad1b7,"https://quod.lib.umich.edu/c/clark1ic/x-012449514/39015095390400|https://quod.lib.umich.edu/cgi/i/image/api/search/clark1ic:012449514|oai:quod.lib.umich.edu:IC-CLARK1IC-X-012449514%5D39015095390400|http://name.umdl.umich.edu/IC-CLARK1IC-X-012449514%5D39015095390400|https://quod.lib.umich.edu/cgi/i/image/api/thumb/clark1ic/012449514/39015095390400/!250,250|https://quod.lib.umich.edu/cgi/i/image/api/manifest/clark1ic:012449514:39015095390400|012449514; 06c77fc7-1ee2-4f99-9fd6-b081524ad1b7",2026-09-07T13:44:02.566507+00:00,existing
06f5c514-4ba5-4efa-bfec-e8c3898e0fc7,"https://quod.lib.umich.edu/c/clark1ic/x-009361494/39015091901457|https://quod.lib.umich.edu/cgi/i/image/api/search/clark1ic:009361494|oai:quod.lib.umich.edu:IC-CLARK1IC-X-009361494%5D39015091901457|http://name.umdl.umich.edu/IC-CLARK1IC-X-009361494%5D39015091901457|https://quod.lib.umich.edu/cgi/i/image/api/thumb/clark1ic/009361494/39015091901457/!250,250|https://quod.lib.umich.edu/cgi/i/image/api/manifest/clark1ic:009361494:39015091901457|009361494; 06f5c514-4ba5-4efa-bfec-e8c3898e0fc7",2026-09-07T13:44:02.566542+00:00,existing
07614151-9dad-401e-8918-316fc817dcf8,"https://quod.lib.umich.edu/c/clark1ic/x-000932472/39015091920150_01|https://quod.lib.umich.edu/cgi/i/image/api/search/clark1ic:000932472|oai:quod.lib.umich.edu:IC-CLARK1IC-X-000932472%5D39015091920150_01|http://name.umdl.umich.edu/IC-CLARK1IC-X-000932472%5D39015091920150_01|https://quod.lib.umich.edu/cgi/i/image/api/thumb/clark1ic/000932472/39015091920150_01/!250,250|https://quod.lib.umich.edu/cgi/i/image/api/manifest/clark1ic:000932472:39015091920150_01|000932472; 07614151-9dad-401e-8918-316fc817dcf8|oai:quod.lib.umich.edu:IC-CLARK1IC-X-000932472%5D39015091920150_02|http://name.umdl.umich.edu/IC-CLARK1IC-X-000932472%5D39015091920150_02|https://quod.lib.umich.edu/cgi/i/image/api/thumb/clark1ic/000932472/39015091920150_02/!250,250|https://quod.lib.umich.edu/cgi/i/image/api/manifest/clark1ic:000932472:39015091920150_02",2026-09-07T13:44:02.566590+00:00,existing
077e420d-58f8-4b48-b88a-af3eae7b4f0e,"https://quod.lib.umich.edu/c/clark1ic/x-013533058/39015091900988|https://quod.lib.umich.edu/cgi/i/image/api/search/clark1ic:013533058|oai:quod.lib.umich.edu:IC-CLARK1IC-X-013533058%5D39015091900988|http://name.umdl.umich.edu/IC-CLARK1IC-X-013533058%5D39015091900988|https://quod.lib.umich.edu/cgi/i/image/api/thumb/clark1ic/013533058/39015091900988/!250,250|https://quod.lib.umich.edu/cgi/i/image/api/manifest/clark1ic:013533058:39015091900988|013533058; 077e420d-58f8-4b48-b88a-af3eae7b4f0e",2026-09-07T13:44:02.566623+00:00,existing
07973fa2-ba2c-4f1d-bae3-4f558be3f648,"https://quod.lib.umich.edu/c/clark1ic/x-004071598/39015091193931_01|https://quod.lib.umich.edu/cgi/i/image/api/search/clark1ic:004071598|oai:quod.lib.umich.edu:IC-CLARK1IC-X-004071598%5D39015091193931_01|http://name.umdl.umich.edu/IC-CLARK1IC-X-004071598%5D39015091193931_01|https://quod.lib.umich.edu/cgi/i/image/api/thumb/clark1ic/004071598/39015091193931_01/!250,250|https://quod.lib.umich.edu/cgi/i/image/api/manifest/clark1ic:004071598:39015091193931_01|004071598; 07973fa2-ba2c-4f1d-bae3-4f558be3f648|oai:quod.lib.umich.edu:IC-CLARK1IC-X-004071598%5D39015091193931_02|http://name.umdl.umich.edu/IC-CLARK1IC-X-004071598%5D39015091193931_02|https://quod.lib.umich.edu/cgi/i/image/api/thumb/clark1ic/004071598/39015091193931_02/!250,250|https://quod.lib.umich.edu/cgi/i/image/api/manifest/clark1ic:004071598:39015091193931_02",2026-09-07T13:44:02.566668+00:00,existing
0797ba77-85b9-4c64-8646-eaa801f9356d,"https://quod.lib.umich.edu/c/clark1ic/x-000081557/39015091921968|https://quod.lib.umich.edu/cgi/i/image/api/search/clark1ic:000081557|oai:quod.lib.umich.edu:IC-CLARK1IC-X-000081557%5D39015091921968|http://name.umdl.umich.edu/IC-CLARK1IC-X-000081557%5D39015091921968|https://quod.lib.umich.edu/cgi/i/image/api/thumb/clark1ic/000081557/39015091921968/!250,250|https://quod.lib.umich.edu/cgi/i/image/api/manifest/clark1ic:000081557:39015091921968|000081557; 0797ba77-85b9-4c64-8646-eaa801f9356d",2026-09-07T13:44:02.566701+00:00,existing
079a7d7c-545f-4773-ae8c-0796f697fad1,"https://quod.lib.umich.edu/c/clark1ic/x-005253572/39015091191190_01|https://quod.lib.umich.edu/cgi/i/image/api/search/clark1ic:005253572|oai:quod.lib.umich.edu:IC-CLARK1IC-X-005253572%5D39015091191190_01|http://name.umdl.umich.edu/IC-CLARK1IC-X-005253572%5D39015091191190_01|https://quod.lib.umich.edu/cgi/i/image/api/thumb/clark1ic/005253572/39015091191190_01/!250,250|https://quod.lib.umich.edu/cgi/i/image/api/manifest/clark1ic:005253572:39015091191190_01|005253572; 079a7d7c-545f-4773-ae8c-0796f697fad1",2026-09-07T13:44:02.566733+00:00,existing
095696a6-daf4-4496-baed-ec4857e0c250,"https://quod.lib.umich.edu/c/clark1ic/x-003111841/39015091921265_01|https://quod.lib.umich.edu/cgi/i/image/api/search/clark1ic:003111841|oai:quod.lib.umich.edu:IC-CLARK1IC-X-003111841%5D39015091921265_01|http://name.umdl.umich.edu/IC-CLARK1IC-X-003111841%5D39015091921265_01|https://quod.lib.umich.edu/cgi/i/image/api/thumb/clark1ic/003111841/39015091921265_01/!250,250|https://quod.lib.umich.edu/cgi/i/image/api/manifest/clark1ic:003111841:39015091921265_01|003111841; 095696a6-daf4-4496-baed-ec4857e0c250|oai:quod.lib.umich.edu:IC-CLARK1IC-X-003111841%5D39015091921265_02|http://name.umdl.umich.edu/IC-CLARK1IC-X-003111841%5D39015091921265_02|https://quod.lib.umich.edu/cgi/i/image/api/thumb/clark1ic/003111841/39015091921265_02/!250,250|https://quod.lib.umich.edu/cgi/i/image/api/manifest/clark1ic:003111841:39015091921265_02|oai:quod.lib.umich.edu:IC-CLARK1IC-X-003111841%5D39015091921265_03|http://name.umdl.umich.edu/IC-CLARK1IC-X-003111841%5D39015091921265_03|https://quod.lib.umich.edu/cgi/i/image/api/thumb/clark1ic/003111841/39015091921265_03/!250,250|https://quod.lib.umich.edu/cgi/i/image/api/manifest/clark1ic:003111841:39015091921265_03|oai:quod.lib.umich.edu:IC-CLARK1IC-X-003111841%5D39015091921265_04|http://name.umdl.umich.edu/IC-CLARK1IC-X-003111841%5D39015091921265_04|https://quod.lib.umich.edu/cgi/i/image/api/thumb/clark1ic/003111841/39015091921265_04/!250,250|https://quod.lib.umich.edu/cgi/i/image/api/manifest/clark1ic:003111841:39015091921265_04|oai:quod.lib.umich.edu:IC-CLARK1IC-X-003111841%5D39015091921265_05|http://name.umdl.umich.edu/IC-CLARK1IC-X-003111841%5D39015091921265_05|https://quod.lib.umich.edu/cgi/i/image/api/thumb/clark1ic/003111841/39015091921265_05/!250,250|https://quod.lib.umich.edu/cgi/i/image/api/manifest/clark1ic:003111841:39015091921265_05|oai:quod.lib.umich.edu:IC-CLARK1IC-X-003111841%5D39015091921265_06|http://name.umdl.umich.edu/IC-CLARK1IC-X-003111841%5D39015091921265_06|https://quod.lib.umich.edu/cgi/i/image/api/thumb/clark1ic/003111841/39015091921265_06/!250,250|https://quod.lib.umich.edu/cgi/i/image/api/manifest/clark1ic:003111841:39015091921265_06|oai:quod.lib.umich.edu:IC-CLARK1IC-X-003111841%5D39015091921265_07|http://name.umdl.umich.edu/IC-CLARK1IC-X-003111841%5D39015091921265_07|https://quod.lib.umich.edu/cgi/i/image/api/thumb/clark1ic/003111841/39015091921265_07/!250,250|https://quod.lib.umich.edu/cgi/i/image/api/manifest/clark1ic:003111841:39015091921265_07",2026-09-07T13:44:02.566861+00:00,existing
09b4dba3-ae25-4e41-a48d-caa21415f900,"https://quod.lib.umich.edu/c/clark1ic/x-003287143/39015091905458|https://quod.lib.umich.edu/cgi/i/image/api/search/clark1ic:003287143|oai:quod.lib.umich.edu:IC-CLARK1IC-X-003287143%5D39015091905441|http://name.umdl.umich.edu/IC-CLARK1IC-X-003287143%5D39015091905441|https://quod.lib.umich.edu/cgi/i/image/api/thumb/clark1ic/003287143/39015091905441/!250,250|https://quod.lib.umich.edu/cgi/i/image/api/manifest/clark1ic:003287143:39015091905441|003287143; 09b4dba3-ae25-4e41-a48d-caa21415f900|oai:quod.lib.umich.edu:IC-CLARK1IC-X-003287143%5D39015091905458|http://name.umdl.umich.edu/IC-CLARK1IC-X-003287143%5D39015091905458|https://quod.lib.umich.edu/cgi/i/image/api/thumb/clark1ic/003287143/39015091905458/!250,250|https://quod.lib.umich.edu/cgi/i/image/api/manifest/clark1ic:003287143:39015091905458",2026-09-07T13:44:02.566908+00:00,existing
09c01bde-d8c1-438a-9ab0-a976d7b6de6b,"https://quod.lib.umich.edu/c/clark1ic/x-003283854/39015091192271_01|https://quod.lib.umich.edu/cgi/i/image/api/search/clark1ic:003283854|oai:quod.lib.umich.edu:IC-CLARK1IC-X-003283854%5D39015091192271_01|http://name.umdl.umich.edu/IC-CLARK1IC-X-003283854%5D39015091192271_01|https://quod.lib.umich.edu/cgi/i/image/api/thumb/clark1ic/003283854/39015091192271_01/!250,250|https://quod.lib.umich.edu/cgi/i/image/api/manifest/clark1ic:003283854:39015091192271_01|003283854; 09c01bde-d8c1-438a-9ab0-a976d7b6de6b|oai:quod.lib.umich.edu:IC-CLARK1IC-X-003283854%5D39015091192271_02|http://name.umdl.umich.edu/IC-CLARK1IC-X-003283854%5D39015091192271_02|https://quod.lib.umich.edu/cgi/i/image/api/thumb/clark1ic/003283854/39015091192271_02/!250,250|https://quod.lib.umich.edu/cgi/i/image/api/manifest/clark1ic:003283854:39015091192271_02",2026-09-07T13:44:02.566954+00:00,existing
09e5096a-de0a-428e-8299-70095fde5bda,"https://quod.lib.umich.edu/c/clark1ic/x-010698911/39015091196454|https://quod.lib.umich.edu/cgi/i/image/api/search/clark1ic:010698911|oai:quod.lib.umich.edu:IC-CLARK1IC-X-010698911%5D39015091196454|http://name.umdl.umich.edu/IC-CLARK1IC-X-010698911%5D39015091196454|https://quod.lib.umich.edu/cgi/i/image/api/thumb/clark1ic/010698911/39015091196454/!250,250|https://quod.lib.umich.edu/cgi/i/image/api/manifest/clark1ic:010698911:39015091196454|010698911; 09e5096a-de0a-428e-8299-70095fde5bda",2026-09-07T13:44:02.566987+00:00,existing
0a681f83-701a-4f0f-be92-63253d6050b3,"https://quod.lib.umich.edu/c/clark1ic/x-003282765/39015091192412_01|https://quod.lib.umich.edu/cgi/i/image/api/search/clark1ic:003282765|oai:quod.lib.umich.edu:IC-CLARK1IC-X-003282765%5D39015091192412_01|http://name.umdl.umich.edu/IC-CLARK1IC-X-003282765%5D39015091192412_01|https://quod.lib.umich.edu/cgi/i/image/api/thumb/clark1ic/003282765/39015091192412_01/!250,250|https://quod.lib.umich.edu/cgi/i/image/api/manifest/clark1ic:003282765:39015091192412_01|003282765; 0a681f83-701a-4f0f-be92-63253d6050b3|oai:quod.lib.umich.edu:IC-CLARK1IC-X-003282765%5D39015091192412_02|http://name.umdl.umich.edu/IC-CLARK1IC-X-003282765%5D39015091192412_02|https://quod.lib.umich.edu/cgi/i/image/api/thumb/clark1ic/003282765/39015091192412_02/!250,250|https://quod.lib.umich.edu/cgi/i/image/api/manifest/clark1ic:003282765:39015091192412_02",2026-09-07T13:44:02.567033+00:00,existing
0a6a0cd6-a764-41cd-8677-27c335c4e042,"https://quod.lib.umich.edu/c/clark1ic/x-000861737/39015091195225|https://quod.lib.umich.edu/cgi/i/image/api/search/clark1ic:000861737|oai:quod.lib.umich.edu:IC-CLARK1IC-X-000861737%5D39015091195225|http://name.umdl.umich.edu/IC-CLARK1IC-X-000861737%5D39015091195225|https://quod.lib.umich.edu/cgi/i/image/api/thumb/clark1ic/000861737/39015091195225/!250,250|https://quod.lib.umich.edu/cgi/i/image/api/manifest/clark1ic:000861737:39015091195225|000861737; 0a6a0cd6-a764-41cd-8677-27c335c4e042",2026-09-07T13:44:02.567065+00:00,existing
0a9c2d87-b56a-4744-bf45-5352b6522fe5,"https://quod.lib.umich.edu/c/clark1ic/x-003277633/39015091197353|https://quod.lib.umich.edu/cgi/i/image/api/search/clark1ic:003277633|oai:quod.lib.umich.edu:IC-CLARK1IC-X-003277633%5D39015091197353|http://name.umdl.umich.edu/IC-CLARK1IC-X-003277633%5D39015091197353|https://quod.lib.umich.edu/cgi/i/image/api/thumb/clark1ic/003277633/39015091197353/!250,250|https://quod.lib.umich.edu/cgi/i/image/api/manifest/clark1ic:003277633:39015091197353|003277633; 0a9c2d87-b56a-4744-bf45-5352b6522fe5|oai:quod.lib.umich.edu:IC-CLARK1IC-X-003277633%5D39015091197387|http://name.umdl.umich.edu/IC-CLARK1IC-X-003277633%5D39015091197387|https://quod.lib.umich.edu/cgi/i/image/api/thumb/clark1ic/003277633/39015091197387/!250,250|https://quod.lib.umich.edu/cgi/i/image/api/manifest/clark1ic:003277633:39015091197387",2026-09-07T13:44:02.567115+00:00,existing
0acd9a5a-ce9f-4ab6-b5c3-a65f63788f5d,"https://quod.lib.umich.edu/c/clark1ic/x-005293700/39015091186943|https://quod.lib.umich.edu/cgi/i/image/api/search/clark1ic:005293700|oai:quod.lib.umich.edu:IC-CLARK1IC-X-005293700%5D39015091186943|http://name.umdl.umich.edu/IC-CLARK1IC-X-005293700%5D39015091186943|https://quod.lib.umich.edu/cgi/i/image/api/thumb/clark1ic/005293700/39015091186943/!250,250|https://quod.lib.umich.edu/cgi/i/image/api/manifest/clark1ic:005293700:39015091186943|005293700; 0acd9a5a-ce9f-4ab6-b5c3-a65f63788f5d",2026-09-07T13:44:02.567147+00:00,existing
0b5928a0-e2cb-4cfd-b62e-ea99f39730bf,"https://quod.lib.umich.edu/c/clark1ic/x-000887353/39015091921117_01|https://quod.lib.umich.edu/cgi/i/image/api/search/clark1ic:000887353|oai:quod.lib.umich.edu:IC-CLARK1IC-X-000887353%5D39015091921117_01|http://name.umdl.umich.edu/IC-CLARK1IC-X-000887353%5D39015091921117_01|https://quod.lib.umich.edu/cgi/i/image/api/thumb/clark1ic/000887353/39015091921117_01/!250,250|https://quod.lib.umich.edu/cgi/i/image/api/manifest/clark1ic:000887353:39015091921117_01|000887353; 0b5928a0-e2cb-4cfd-b62e-ea99f39730bf|oai:quod.lib.umich.edu:IC-CLARK1IC-X-000887353%5D39015091921117_02|http://name.umdl.umich.edu/IC-CLARK1IC-X-000887353%5D39015091921117_02|https://quod.lib.umich.edu/cgi/i/image/api/thumb/clark1ic/000887353/39015091921117_02/!250,250|https://quod.lib.umich.edu/cgi/i/image/api/manifest/clark1ic:000887353:39015091921117_02|oai:quod.lib.umich.edu:IC-CLARK1IC-X-000887353%5D39015091921117_03|http://name.umdl.umich.edu/IC-CLARK1IC-X-000887353%5D39015091921117_03|https://quod.lib.umich.edu/cgi/i/image/api/thumb/clark1ic/000887353/39015091921117_03/!250,250|https://quod.lib.umich.edu/cgi/i/image/api/manifest/clark1ic:000887353:39015091921117_03",2026-09-07T13:44:02.567208+00:00,existing
0b5af218-856e-4c75-a877-6026c6917d5d,"https://quod.lib.umich.edu/c/clark1ic/x-005681438/39015049960712|https://quod.lib.umich.edu/cgi/i/image/api/search/clark1ic:005681438|oai:quod.lib.umich.edu:IC-CLARK1IC-X-005681438%5D39015049960712|http://name.umdl.umich.edu/IC-CLARK1IC-X-005681438%5D39015049960712|https://quod.lib.umich.edu/cgi/i/image/api/thumb/clark1ic/005681438/39015049960712/!250,250|https://quod.lib.umich.edu/cgi/i/image/api/manifest/clark1ic:005681438:39015049960712|005681438; 0b5af218-856e-4c75-a877-6026c6917d5d",2026-09-07T13:44:02.567242+00:00,existing
0c732b57-2b0b-4807-bad3-40855fe9e8d3,"https://quod.lib.umich.edu/c/clark1ic/x-001543033/39015091185838|https://quod.lib.umich.edu/cgi/i/image/api/search/clark1ic:001543033|oai:quod.lib.umich.edu:IC-CLARK1IC-X-001543033%5D39015091185838|http://name.umdl.umich.edu/IC-CLARK1IC-X-001543033%5D39015091185838|https://quod.lib.umich.edu/cgi/i/image/api/thumb/clark1ic/001543033/39015091185838/!250,250|https://quod.lib.umich.edu/cgi/i/image/api/manifest/clark1ic:001543033:39015091185838|001543033; 0c732b57-2b0b-4807-bad3-40855fe9e8d3",2026-09-07T13:44:02.567274+00:00,existing
0c7d44a4-2cfa-4e0c-938c-8814b6890f9f,"https://quod.lib.umich.edu/c/clark1ic/x-003279487/39015091196793|https://quod.lib.umich.edu/cgi/i/image/api/search/clark1ic:003279487|oai:quod.lib.umich.edu:IC-CLARK1IC-X-003279487%5D39015091196793|http://name.umdl.umich.edu/IC-CLARK1IC-X-003279487%5D39015091196793|https://quod.lib.umich.edu/cgi/i/image/api/thumb/clark1ic/003279487/39015091196793/!250,250|https://quod.lib.umich.edu/cgi/i/image/api/manifest/clark1ic:003279487:39015091196793|003279487; 0c7d44a4-2cfa-4e0c-938c-8814b6890f9f",2026-09-07T13:44:02.567305+00:00,existing
0c9492fb-a0dc-49e8-a597-718cf8143aa1,"https://quod.lib.umich.edu/c/clark1ic/x-005402012/39015091192917|https://quod.lib.umich.edu/cgi/i/image/api/search/clark1ic:005402012|oai:quod.lib.umich.edu:IC-CLARK1IC-X-005402012%5D39015091192917|http://name.umdl.umich.edu/IC-CLARK1IC-X-005402012%5D39015091192917|https://quod.lib.umich.edu/cgi/i/image/api/thumb/clark1ic/005402012/39015091192917/!250,250|https://quod.lib.umich.edu/cgi/i/image/api/manifest/clark1ic:005402012:39015091192917|005402012; 0c9492fb-a0dc-49e8-a597-718cf8143aa1",2026-09-07T13:44:02.567337+00:00,existing
0ca1b79e-28f8-4bd9-954b-8969819ff564,"https://quod.lib.umich.edu/c/clark1ic/x-005825252/39015091195811|https://quod.lib.umich.edu/cgi/i/image/api/search/clark1ic:005825252|oai:quod.lib.umich.edu:IC-CLARK1IC-X-005825252%5D39015091195811|http://name.umdl.umich.edu/IC-CLARK1IC-X-005825252%5D39015091195811|https://quod.lib.umich.edu/cgi/i/image/api/thumb/clark1ic/005825252/39015091195811/!250,250|https://quod.lib.umich.edu/cgi/i/image/api/manifest/clark1ic:005825252:39015091195811|005825252; 0ca1b79e-28f8-4bd9-954b-8969819ff564",2026-09-07T13:44:02.567369+00:00,existing
0cbb8788-7fe2-4549-a6cb-c251b707dc0a,"https://quod.lib.umich.edu/c/clark1ic/x-002879918/39015091195050|https://quod.lib.umich.edu/cgi/i/image/api/search/clark1ic:002879918|oai:quod.lib.umich.edu:IC-CLARK1IC-X-002879918%5D39015091195050|http://name.umdl.umich.edu/IC-CLARK1IC-X-002879918%5D39015091195050|https://quod.lib.umich.edu/cgi/i/image/api/thumb/clark1ic/002879918/39015091195050/!250,250|https://quod.lib.umich.edu/cgi/i/image/api/manifest/clark1ic:002879918:39015091195050|002879918; 0cbb8788-7fe2-4549-a6cb-c251b707dc0a",2026-09-07T13:44:02.567402+00:00,existing
0cdc3896-94b5-4a6c-8de9-1453a5d6b42e,"https://quod.lib.umich.edu/c/clark1ic/x-002562698/39015091911126|https://quod.lib.umich.edu/cgi/i/image/api/search/clark1ic:002562698|oai:quod.lib.umich.edu:IC-CLARK1IC-X-002562698%5D39015091911126|http://name.umdl.umich.edu/IC-CLARK1IC-X-002562698%5D39015091911126|https://quod.lib.umich.edu/cgi/i/image/api/thumb/clark1ic/002562698/39015091911126/!250,250|https://quod.lib.umich.edu/cgi/i/image/api/manifest/clark1ic:002562698:39015091911126|002562698; 0cdc3896-94b5-4a6c-8de9-1453a5d6b42e",2026-09-07T13:44:02.567435+00:00,existing
0d58c903-d325-42af-bf32-f5687e0c1e3c,"https://quod.lib.umich.edu/c/clark1ic/x-003281382/39015091199649|https://quod.lib.umich.edu/cgi/i/image/api/search/clark1ic:003281382|oai:quod.lib.umich.edu:IC-CLARK1IC-X-003281382%5D39015091199649|http://name.umdl.umich.edu/IC-CLARK1IC-X-003281382%5D39015091199649|https://quod.lib.umich.edu/cgi/i/image/api/thumb/clark1ic/003281382/39015091199649/!250,250|https://quod.lib.umich.edu/cgi/i/image/api/manifest/clark1ic:003281382:39015091199649|003281382; 0d58c903-d325-42af-bf32-f5687e0c1e3c",2026-09-07T13:44:02.567469+00:00,existing
0d67076a-dcc5-4c5c-9450-3198dbd5116a,"https://quod.lib.umich.edu/c/clark1ic/x-003281285/39015091193436|https://quod.lib.umich.edu/cgi/i/image/api/search/clark1ic:003281285|oai:quod.lib.umich.edu:IC-CLARK1IC-X-003281285%5D39015091193436|http://name.umdl.umich.edu/IC-CLARK1IC-X-003281285%5D39015091193436|https://quod.lib.umich.edu/cgi/i/image/api/thumb/clark1ic/003281285/39015091193436/!250,250|https://quod.lib.umich.edu/cgi/i/image/api/manifest/clark1ic:003281285:39015091193436|003281285; 0d67076a-dcc5-4c5c-9450-3198dbd5116a",2026-09-07T13:44:02.567505+00:00,existing
0d751c3a-96c5-4322-8c6b-ef9328013c4d,"https://quod.lib.umich.edu/c/clark1ic/x-012242746/39015091905466|https://quod.lib.umich.edu/cgi/i/image/api/search/clark1ic:012242746|oai:quod.lib.umich.edu:IC-CLARK1IC-X-012242746%5D39015091905466|http://name.umdl.umich.edu/IC-CLARK1IC-X-012242746%5D39015091905466|https://quod.lib.umich.edu/cgi/i/image/api/thumb/clark1ic/012242746/39015091905466/!250,250|https://quod.lib.umich.edu/cgi/i/image/api/manifest/clark1ic:012242746:39015091905466|012242746; 0d751c3a-96c5-4322-8c6b-ef9328013c4d",2026-09-07T13:44:02.567538+00:00,existing
0d8b9a34-1bdc-4864-a9db-d6e086a6981a,"https://quod.lib.umich.edu/c/clark1ic/x-012845724/39015095433382|https://quod.lib.umich.edu/cgi/i/image/api/search/clark1ic:012845724|oai:quod.lib.umich.edu:IC-CLARK1IC-X-012845724%5D39015095433382|http://name.umdl.umich.edu/IC-CLARK1IC-X-012845724%5D39015095433382|https://quod.lib.umich.edu/cgi/i/image/api/thumb/clark1ic/012845724/39015095433382/!250,250|https://quod.lib.umich.edu/cgi/i/image/api/manifest/clark1ic:012845724:39015095433382|012845724; 0d8b9a34-1bdc-4864-a9db-d6e086a6981a",2026-09-07T13:44:02.567572+00:00,existing
0d8f60d0-1183-40ff-89df-2a997236fd81,"https://quod.lib.umich.edu/c/clark1ic/x-012525581/39015091191935_01|https://quod.lib.umich.edu/cgi/i/image/api/search/clark1ic:012525581|oai:quod.lib.umich.edu:IC-CLARK1IC-X-012525581%5D39015091191935_01|http://name.umdl.umich.edu/IC-CLARK1IC-X-012525581%5D39015091191935_01|https://quod.lib.umich.edu/cgi/i/image/api/thumb/clark1ic/012525581/39015091191935_01/!250,250|https://quod.lib.umich.edu/cgi/i/image/api/manifest/clark1ic:012525581:39015091191935_01|012525581; 0d8f60d0-1183-40ff-89df-2a997236fd81",2026-09-07T13:44:02.567606+00:00,existing
0db57ea4-be95-4c78-b06b-ab40677c2d44,"https://quod.lib.umich.edu/c/clark1ic/x-012527555/39015095390863_01|https://quod.lib.umich.edu/cgi/i/image/api/search/clark1ic:012527555|oai:quod.lib.umich.edu:IC-CLARK1IC-X-012527555%5D39015095390863_01|http://name.umdl.umich.edu/IC-CLARK1IC-X-012527555%5D39015095390863_01|https://quod.lib.umich.edu/cgi/i/image/api/thumb/clark1ic/012527555/39015095390863_01/!250,250|https://quod.lib.umich.edu/cgi/i/image/api/manifest/clark1ic:012527555:39015095390863_01|012527555; 0db57ea4-be95-4c78-b06b-ab40677c2d44|oai:quod.lib.umich.edu:IC-CLARK1IC-X-012527555%5D39015095390863_02|http://name.umdl.umich.edu/IC-CLARK1IC-X-012527555%5D39015095390863_02|https://quod.lib.umich.edu/cgi/i/image/api/thumb/clark1ic/012527555/39015095390863_02/!250,250|https://quod.lib.umich.edu/cgi/i/image/api/manifest/clark1ic:012527555:39015095390863_02",2026-09-07T13:44:02.567652+00:00,existing
0dd7453a-f20c-41dc-8050-004067ea7ce2,"https://quod.lib.umich.edu/c/clark1ic/x-003286844/39015091891583_0001|https://quod.lib.umich.edu/cgi/i/image/api/search/clark1ic:003286844|oai:quod.lib.umich.edu:IC-CLARK1IC-X-003286844%5D39015091891583_0001|http://name.umdl.umich.edu/IC-CLARK1IC-X-003286844%5D39015091891583_0001|https://quod.lib.umich.edu/cgi/i/image/api/thumb/clark1ic/003286844/39015091891583_0001/!250,250|https://quod.lib.umich.edu/cgi/i/image/api/manifest/clark1ic:003286844:39015091891583_0001|003286844; 0dd7453a-f20c-41dc-8050-004067ea7ce2",2026-09-07T13:44:02.567685+00:00,existing
0de794de-72d5-483f-860e-f7768bd6deb0,"https://quod.lib.umich.edu/c/clark1ic/x-013400536/39015091198286|https://quod.lib.umich.edu/cgi/i/image/api/search/clark1ic:013400536|oai:quod.lib.umich.edu:IC-CLARK1IC-X-013400536%5D39015091198286|http://name.umdl.umich.edu/IC-CLARK1IC-X-013400536%5D39015091198286|https://quod.lib.umich.edu/cgi/i/image/api/thumb/clark1ic/013400536/39015091198286/!250,250|https://quod.lib.umich.edu/cgi/i/image/api/manifest/clark1ic:013400536:39015091198286|013400536; 0de794de-72d5-483f-860e-f7768bd6deb0",2026-09-07T13:44:02.567717+00:00,existing
0e5e8fc3-6683-4565-8732-f8cab51ce9c1,"https://quod.lib.umich.edu/c/clark1ic/x-007933355/39015091910789|https://quod.lib.umich.edu/cgi/i/image/api/search/clark1ic:007933355|oai:quod.lib.umich.edu:IC-CLARK1IC-X-007933355%5D39015091910789|http://name.umdl.umich.edu/IC-CLARK1IC-X-007933355%5D39015091910789|https://quod.lib.umich.edu/cgi/i/image/api/thumb/clark1ic/007933355/39015091910789/!250,250|https://quod.lib.umich.edu/cgi/i/image/api/manifest/clark1ic:007933355:39015091910789|007933355; 0e5e8fc3-6683-4565-8732-f8cab51ce9c1",2026-09-07T13:44:02.567748+00:00,existing
0eb8143b-26be-4525-b30f-876008a325ad,"https://quod.lib.umich.edu/c/clark1ic/x-003285142/39015091910086|https://quod.lib.umich.edu/cgi/i/image/api/search/clark1ic:003285142|oai:quod.lib.umich.edu:IC-CLARK1IC-X-003285142%5D39015091910086|http://name.umdl.umich.edu/IC-CLARK1IC-X-003285142%5D39015091910086|https://quod.lib.umich.edu/cgi/i/image/api/thumb/clark1ic/003285142/39015091910086/!250,250|https://quod.lib.umich.edu/cgi/i/image/api/manifest/clark1ic:003285142:39015091910086|003285142; 0eb8143b-26be-4525-b30f-876008a325ad|oai:quod.lib.umich.edu:IC-CLARK1IC-X-003285142%5D39015091910094|http://name.umdl.umich.edu/IC-CLARK1IC-X-003285142%5D39015091910094|https://quod.lib.umich.edu/cgi/i/image/api/thumb/clark1ic/003285142/39015091910094/!250,250|https://quod.lib.umich.edu/cgi/i/image/api/manifest/clark1ic:003285142:39015091910094|oai:quod.lib.umich.edu:IC-CLARK1IC-X-003285142%5D39015091910102|http://name.umdl.umich.edu/IC-CLARK1IC-X-003285142%5D39015091910102|https://quod.lib.umich.edu/cgi/i/image/api/thumb/clark1ic/003285142/39015091910102/!250,250|https://quod.lib.umich.edu/cgi/i/image/api/manifest/clark1ic:003285142:39015091910102",2026-09-07T13:44:02.567806+00:00,existing
0eea8833-5e33-420f-a4a5-df2b68c0ffa4,"https://quod.lib.umich.edu/c/clark1ic/x-004058478/39015091196850|https://quod.lib.umich.edu/cgi/i/image/api/search/clark1ic:004058478|oai:quod.lib.umich.edu:IC-CLARK1IC-X-004058478%5D39015091196850|http://name.umdl.umich.edu/IC-CLARK1IC-X-004058478%5D39015091196850|https://quod.lib.umich.edu/cgi/i/image/api/thumb/clark1ic/004058478/39015091196850/!250,250|https://quod.lib.umich.edu/cgi/i/image/api/manifest/clark1ic:004058478:39015091196850|004058478; 0eea8833-5e33-420f-a4a5-df2b68c0ffa4",2026-09-07T13:44:02.567837+00:00,existing
0f09358b-ca8e-4b56-ab52-dfd33a8764ad,"https://quod.lib.umich.edu/c/clark1ic/x-004170948/39015091916703|https://quod.lib.umich.edu/cgi/i/image/api/search/clark1ic:004170948|oai:quod.lib.umich.edu:IC-CLARK1IC-X-004170948%5D39015091916703|http://name.umdl.umich.edu/IC-CLARK1IC-X-004170948%5D39015091916703|https://quod.lib.umich.edu/cgi/i/image/api/thumb/clark1ic/004170948/39015091916703/!250,250|https://quod.lib.umich.edu/cgi/i/image/api/manifest/clark1ic:004170948:39015091916703|004170948; 0f09358b-ca8e-4b56-ab52-dfd33a8764ad",2026-09-07T13:44:02.567867+00:00,existing
0f09443f-3513-4093-a10b-76aeccc5ede6,"https://quod.lib.umich.edu/c/clark1ic/x-003827636/39015091197312|https://quod.lib.umich.edu/cgi/i/image/api/search/clark1ic:003827636|oai:quod.lib.umich.edu:IC-CLARK1IC-X-003827636%5D39015091197312|http://name.umdl.umich.edu/IC-CLARK1IC-X-003827636%5D39015091197312|https://quod.lib.umich.edu/cgi/i/image/api/thumb/clark1ic/003827636/39015091197312/!250,250|https://quod.lib.umich.edu/cgi/i/image/api/manifest/clark1ic:003827636:39015091197312|003827636; 0f09443f-3513-4093-a10b-76aeccc5ede6",2026-09-07T13:44:02.567898+00:00,existing
0fe99bb0-8c6c-4640-ac37-545dbdc005c9,"https://quod.lib.umich.edu/c/clark1ic/x-000077221/39015091921935|https://quod.lib.umich.edu/cgi/i/image/api/search/clark1ic:000077221|oai:quod.lib.umich.edu:IC-CLARK1IC-X-000077221%5D39015091921935|http://name.umdl.umich.edu/IC-CLARK1IC-X-000077221%5D39015091921935|https://quod.lib.umich.edu/cgi/i/image/api/thumb/clark1ic/000077221/39015091921935/!250,250|https://quod.lib.umich.edu/cgi/i/image/api/manifest/clark1ic:000077221:39015091921935|000077221; 0fe99bb0-8c6c-4640-ac37-545dbdc005c9",2026-09-07T13:44:02.567930+00:00,existing
102d7160-4c2f-4796-be6b-bdf8d27aedcc,"https://quod.lib.umich.edu/c/clark1ic/x-012472564/39015095433358_01|https://quod.lib.umich.edu/cgi/i/image/api/search/clark1ic:012472564|oai:quod.lib.umich.edu:IC-CLARK1IC-X-012472564%5D39015095433358_01|http://name.umdl.umich.edu/IC-CLARK1IC-X-012472564%5D39015095433358_01|https://quod.lib.umich.edu/cgi/i/image/api/thumb/clark1ic/012472564/39015095433358_01/!250,250|https://quod.lib.umich.edu/cgi/i/image/api/manifest/clark1ic:012472564:39015095433358_01|012472564; 102d7160-4c2f-4796-be6b-bdf8d27aedcc|oai:quod.lib.umich.edu:IC-CLARK1IC-X-012472564%5D39015095433358_02|http://name.umdl.umich.edu/IC-CLARK1IC-X-012472564%5D39015095433358_02|https://quod.lib.umich.edu/cgi/i/image/api/thumb/clark1ic/012472564/39015095433358_02/!250,250|https://quod.lib.umich.edu/cgi/i/image/api/manifest/clark1ic:012472564:39015095433358_02|oai:quod.lib.umich.edu:IC-CLARK1IC-X-012472564%5D39015095433358_03|http://name.umdl.umich.edu/IC-CLARK1IC-X-012472564%5D39015095433358_03|https://quod.lib.umich.edu/cgi/i/image/api/thumb/clark1ic/012472564/39015095433358_03/!250,250|https://quod.lib.umich.edu/cgi/i/image/api/manifest/clark1ic:012472564:39015095433358_03|oai:quod.lib.umich.edu:IC-CLARK1IC-X-012472564%5D39015095433358_04|http://name.umdl.umich.edu/IC-CLARK1IC-X-012472564%5D39015095433358_04|https://quod.lib.umich.edu/cgi/i/image/api/thumb/clark1ic/012472564/39015095433358_04/!250,250|https://quod.lib.umich.edu/cgi/i/image/api/manifest/clark1ic:012472564:39015095433358_04",2026-09-07T13:44:02.568001+00:00,existing
103bca79-e61d-473e-ae5e-44102b08c5fe,"https://quod.lib.umich.edu/c/clark1ic/x-003282761/39015091197924_01|https://quod.lib.umich.edu/cgi/i/image/api/search/clark1ic:003282761|oai:quod.lib.umich.edu:IC-CLARK1IC-X-003282761%5D39015091197924_01|http://name.umdl.umich.edu/IC-CLARK1IC-X-003282761%5D39015091197924_01|https://quod.lib.umich.edu/cgi/i/image/api/thumb/clark1ic/003282761/39015091197924_01/!250,250|https://quod.lib.umich.edu/cgi/i/image/api/manifest/clark1ic:003282761:39015091197924_01|003282761; 103bca79-e61d-473e-ae5e-44102b08c5fe",2026-09-07T13:44:02.568032+00:00,existing
1043dc6d-c345-4df0-b284-24165998898c,"https://quod.lib.umich.edu/c/clark1ic/x-003279778/39015091904774|https://quod.lib.umich.edu/cgi/i/image/api/search/clark1ic:003279778|oai:quod.lib.umich.edu:IC-CLARK1IC-X-003279778%5D39015091904774|http://name.umdl.umich.edu/IC-CLARK1IC-X-003279778%5D39015091904774|https://quod.lib.umich.edu/cgi/i/image/api/thumb/clark1ic/003279778/39015091904774/!250,250|https://quod.lib.umich.edu/cgi/i/image/api/manifest/clark1ic:003279778:39015091904774|003279778; 1043dc6d-c345-4df0-b284-24165998898c",2026-09-07T13:44:02.568063+00:00,existing
108a48ab-a59a-453b-9921-3bb6d008638e,"https://quod.lib.umich.edu/c/clark1ic/x-000082250/39015091921893|https://quod.lib.umich.edu/cgi/i/image/api/search/clark1ic:000082250|oai:quod.lib.umich.edu:IC-CLARK1IC-X-000082250%5D39015091921893|http://name.umdl.umich.edu/IC-CLARK1IC-X-000082250%5D39015091921893|https://quod.lib.umich.edu/cgi/i/image/api/thumb/clark1ic/000082250/39015091921893/!250,250|https://quod.lib.umich.edu/cgi/i/image/api/manifest/clark1ic:000082250:39015091921893|000082250; 108a48ab-a59a-453b-9921-3bb6d008638e",2026-09-07T13:44:02.568096+00:00,existing
10adeeb0-6db9-4667-8789-84379316b505,"https://quod.lib.umich.edu/c/clark1ic/x-013669886/39015091195233|https://quod.lib.umich.edu/cgi/i/image/api/search/clark1ic:013669886|oai:quod.lib.umich.edu:IC-CLARK1IC-X-013669886%5D39015091195233|http://name.umdl.umich.edu/IC-CLARK1IC-X-013669886%5D39015091195233|https://quod.lib.umich.edu/cgi/i/image/api/thumb/clark1ic/013669886/39015091195233/!250,250|https://quod.lib.umich.edu/cgi/i/image/api/manifest/clark1ic:013669886:39015091195233|013669886; 10adeeb0-6db9-4667-8789-84379316b505",2026-09-07T13:44:02.568128+00:00,existing
11684624-f142-439f-9985-c0586255772a,"https://quod.lib.umich.edu/c/clark1ic/x-003020103/39015091197684|https://quod.lib.umich.edu/cgi/i/image/api/search/clark1ic:003020103|oai:quod.lib.umich.edu:IC-CLARK1IC-X-003020103%5D39015091197684|http://name.umdl.umich.edu/IC-CLARK1IC-X-003020103%5D39015091197684|https://quod.lib.umich.edu/cgi/i/image/api/thumb/clark1ic/003020103/39015091197684/!250,250|https://quod.lib.umich.edu/cgi/i/image/api/manifest/clark1ic:003020103:39015091197684|003020103; 11684624-f142-439f-9985-c0586255772a",2026-09-07T13:44:02.568165+00:00,existing
12255469-8770-4981-bd5d-482ad0ddc09a,"https://quod.lib.umich.edu/c/clark1ic/x-003282400/39015091193949_01|https://quod.lib.umich.edu/cgi/i/image/api/search/clark1ic:003282400|oai:quod.lib.umich.edu:IC-CLARK1IC-X-003282400%5D39015091193949_01|http://name.umdl.umich.edu/IC-CLARK1IC-X-003282400%5D39015091193949_01|https://quod.lib.umich.edu/cgi/i/image/api/thumb/clark1ic/003282400/39015091193949_01/!250,250|https://quod.lib.umich.edu/cgi/i/image/api/manifest/clark1ic:003282400:39015091193949_01|003282400; 12255469-8770-4981-bd5d-482ad0ddc09a|oai:quod.lib.umich.edu:IC-CLARK1IC-X-003282400%5D39015091193949_02|http://name.umdl.umich.edu/IC-CLARK1IC-X-003282400%5D39015091193949_02|https://quod.lib.umich.edu/cgi/i/image/api/thumb/clark1ic/003282400/39015091193949_02/!250,250|https://quod.lib.umich.edu/cgi/i/image/api/manifest/clark1ic:003282400:39015091193949_02",2026-09-07T13:44:02.568210+00:00,existing
124790b2-29a9-4e84-ac37-da36abbfa0af,"https://quod.lib.umich.edu/c/clark1ic/x-003928494/39015049960803|https://quod.lib.umich.edu/cgi/i/image/api/search/clark1ic:003928494|oai:quod.lib.umich.edu:IC-CLARK1IC-X-003928494%5D39015049960803|http://name.umdl.umich.edu/IC-CLARK1IC-X-003928494%5D39015049960803|https://quod.lib.umich.edu/cgi/i/image/api/thumb/clark1ic/003928494/39015049960803/!250,250|https://quod.lib.umich.edu/cgi/i/image/api/manifest/clark1ic:003928494:39015049960803|003928494; 124790b2-29a9-4e84-ac37-da36abbfa0af",2026-09-07T13:44:02.568242+00:00,existing
126736a1-a115-42b0-b017-45e0ecf797dc,"https://quod.lib.umich.edu/c/clark1ic/x-002456071/39015091194756_01|https://quod.lib.umich.edu/cgi/i/image/api/search/clark1ic:002456071|oai:quod.lib.umich.edu:IC-CLARK1IC-X-002456071%5D39015091194756_01|http://name.umdl.umich.edu/IC-CLARK1IC-X-002456071%5D39015091194756_01|https://quod.lib.umich.edu/cgi/i/image/api/thumb/clark1ic/002456071/39015091194756_01/!250,250|https://quod.lib.umich.edu/cgi/i/image/api/manifest/clark1ic:002456071:39015091194756_01|002456071; 126736a1-a115-42b0-b017-45e0ecf797dc|oai:quod.lib.umich.edu:IC-CLARK1IC-X-002456071%5D39015091194756_02|http://name.umdl.umich.edu/IC-CLARK1IC-X-002456071%5D39015091194756_02|https://quod.lib.umich.edu/cgi/i/image/api/thumb/clark1ic/002456071/39015091194756_02/!250,250|https://quod.lib.umich.edu/cgi/i/image/api/manifest/clark1ic:002456071:39015091194756_02",2026-09-07T13:44:02.568287+00:00,existing
12a1597a-2bbe-4a0a-8d7f-fa540ee17615,"https://quod.lib.umich.edu/c/clark1ic/x-012548362/39015095390533_01|https://quod.lib.umich.edu/cgi/i/image/api/search/clark1ic:012548362|oai:quod.lib.umich.edu:IC-CLARK1IC-X-012548362%5D39015095390533_01|http://name.umdl.umich.edu/IC-CLARK1IC-X-012548362%5D39015095390533_01|https://quod.lib.umich.edu/cgi/i/image/api/thumb/clark1ic/012548362/39015095390533_01/!250,250|https://quod.lib.umich.edu/cgi/i/image/api/manifest/clark1ic:012548362:39015095390533_01|012548362; 12a1597a-2bbe-4a0a-8d7f-fa540ee17615|oai:quod.lib.umich.edu:IC-CLARK1IC-X-012548362%5D39015095390533_02|http://name.umdl.umich.edu/IC-CLARK1IC-X-012548362%5D39015095390533_02|https://quod.lib.umich.edu/cgi/i/image/api/thumb/clark1ic/012548362/39015095390533_02/!250,250|https://quod.lib.umich.edu/cgi/i/image/api/manifest/clark1ic:012548362:39015095390533_02",2026-09-07T13:44:02.568333+00:00,existing
13309351-31db-4b00-87ef-501e67e8ebd3,"https://quod.lib.umich.edu/c/clark1ic/x-003282593/39015091193584|https://quod.lib.umich.edu/cgi/i/image/api/search/clark1ic:003282593|oai:quod.lib.umich.edu:IC-CLARK1IC-X-003282593%5D39015091193584|http://name.umdl.umich.edu/IC-CLARK1IC-X-003282593%5D39015091193584|https://quod.lib.umich.edu/cgi/i/image/api/thumb/clark1ic/003282593/39015091193584/!250,250|https://quod.lib.umich.edu/cgi/i/image/api/manifest/clark1ic:003282593:39015091193584|003282593; 13309351-31db-4b00-87ef-501e67e8ebd3",2026-09-07T13:44:02.568376+00:00,existing
135e7926-330d-489d-8c15-9f30a16a8ec7,"https://quod.lib.umich.edu/c/clark1ic/x-003931632/39015091900806|https://quod.lib.umich.edu/cgi/i/image/api/search/clark1ic:003931632|oai:quod.lib.umich.edu:IC-CLARK1IC-X-003931632%5D39015091900806|http://name.umdl.umich.edu/IC-CLARK1IC-X-003931632%5D39015091900806|https://quod.lib.umich.edu/cgi/i/image/api/thumb/clark1ic/003931632/39015091900806/!250,250|https://quod.lib.umich.edu/cgi/i/image/api/manifest/clark1ic:003931632:39015091900806|003931632; 135e7926-330d-489d-8c15-9f30a16a8ec7",2026-09-07T13:44:02.568407+00:00,existing
137014e4-62e6-4042-8b99-f5e2608b3a25,"https://quod.lib.umich.edu/c/clark1ic/x-004154346/39015091197395|https://quod.lib.umich.edu/cgi/i/image/api/search/clark1ic:004154346|oai:quod.lib.umich.edu:IC-CLARK1IC-X-004154346%5D39015091197395|http://name.umdl.umich.edu/IC-CLARK1IC-X-004154346%5D39015091197395|https://quod.lib.umich.edu/cgi/i/image/api/thumb/clark1ic/004154346/39015091197395/!250,250|https://quod.lib.umich.edu/cgi/i/image/api/manifest/clark1ic:004154346:39015091197395|004154346; 137014e4-62e6-4042-8b99-f5e2608b3a25",2026-09-07T13:44:02.568440+00:00,existing
13b4f358-d358-4ea7-a99e-89b066944502,"https://quod.lib.umich.edu/c/clark1ic/x-003060822/39015091905789_01|https://quod.lib.umich.edu/cgi/i/image/api/search/clark1ic:003060822|oai:quod.lib.umich.edu:IC-CLARK1IC-X-003060822%5D39015091905789_01|http://name.umdl.umich.edu/IC-CLARK1IC-X-003060822%5D39015091905789_01|https://quod.lib.umich.edu/cgi/i/image/api/thumb/clark1ic/003060822/39015091905789_01/!250,250|https://quod.lib.umich.edu/cgi/i/image/api/manifest/clark1ic:003060822:39015091905789_01|003060822; 13b4f358-d358-4ea7-a99e-89b066944502|oai:quod.lib.umich.edu:IC-CLARK1IC-X-003060822%5D39015091905789_02|http://name.umdl.umich.edu/IC-CLARK1IC-X-003060822%5D39015091905789_02|https://quod.lib.umich.edu/cgi/i/image/api/thumb/clark1ic/003060822/39015091905789_02/!250,250|https://quod.lib.umich.edu/cgi/i/image/api/manifest/clark1ic:003060822:39015091905789_02",2026-09-07T13:44:02.568484+00:00,existing
13bb56f3-bde9-4ae6-89ac-dab412119bc4,"https://quod.lib.umich.edu/c/clark1ic/x-013633349/39015091880974|https://quod.lib.umich.edu/cgi/i/image/api/search/clark1ic:013633349|oai:quod.lib.umich.edu:IC-CLARK1IC-X-013633349%5D39015091880974|http://name.umdl.umich.edu/IC-CLARK1IC-X-013633349%5D39015091880974|https://quod.lib.umich.edu/cgi/i/image/api/thumb/clark1ic/013633349/39015091880974/!250,250|https://quod.lib.umich.edu/cgi/i/image/api/manifest/clark1ic:013633349:39015091880974|013633349; 13bb56f3-bde9-4ae6-89ac-dab412119bc4|oai:quod.lib.umich.edu:IC-CLARK1IC-X-013633349%5D39015091881022|http://name.umdl.umich.edu/IC-CLARK1IC-X-013633349%5D39015091881022|https://quod.lib.umich.edu/cgi/i/image/api/thumb/clark1ic/013633349/39015091881022/!250,250|https://quod.lib.umich.edu/cgi/i/image/api/manifest/clark1ic:013633349:39015091881022|oai:quod.lib.umich.edu:IC-CLARK1IC-X-013633349%5D39015091881030|http://name.umdl.umich.edu/IC-CLARK1IC-X-013633349%5D39015091881030|https://quod.lib.umich.edu/cgi/i/image/api/thumb/clark1ic/013633349/39015091881030/!250,250|https://quod.lib.umich.edu/cgi/i/image/api/manifest/clark1ic:013633349:39015091881030|oai:quod.lib.umich.edu:IC-CLARK1IC-X-013633349%5D39015091881055|http://name.umdl.umich.edu/IC-CLARK1IC-X-013633349%5D39015091881055|https://quod.lib.umich.edu/cgi/i/image/api/thumb/clark1ic/013633349/39015091881055/!250,250|https://quod.lib.umich.edu/cgi/i/image/api/manifest/clark1ic:013633349:39015091881055",2026-09-07T13:44:02.568567+00:00,existing
13cc823d-5644-4769-9423-1ac3563b0e75,"https://quod.lib.umich.edu/c/clark1ic/x-003282492/39015091197403|https://quod.lib.umich.edu/cgi/i/image/api/search/clark1ic:003282492|oai:quod.lib.umich.edu:IC-CLARK1IC-X-003282492%5D39015091197403|http://name.umdl.umich.edu/IC-CLARK1IC-X-003282492%5D39015091197403|https://quod.lib.umich.edu/cgi/i/image/api/thumb/clark1ic/003282492/39015091197403/!250,250|https://quod.lib.umich.edu/cgi/i/image/api/manifest/clark1ic:003282492:39015091197403|003282492; 13cc823d-5644-4769-9423-1ac3563b0e75",2026-09-07T13:44:02.568601+00:00,existing
13e8cdb7-f275-4602-9dca-b3f37b0b91df,"https://quod.lib.umich.edu/c/clark1ic/x-003284870/39015091192040_01|https://quod.lib.umich.edu/cgi/i/image/api/search/clark1ic:003284870|oai:quod.lib.umich.edu:IC-CLARK1IC-X-003284870%5D39015091192040_01|http://name.umdl.umich.edu/IC-CLARK1IC-X-003284870%5D39015091192040_01|https://quod.lib.umich.edu/cgi/i/image/api/thumb/clark1ic/003284870/39015091192040_01/!250,250|https://quod.lib.umich.edu/cgi/i/image/api/manifest/clark1ic:003284870:39015091192040_01|003284870; 13e8cdb7-f275-4602-9dca-b3f37b0b91df|oai:quod.lib.umich.edu:IC-CLARK1IC-X-003284870%5D39015091192040_02|http://name.umdl.umich.edu/IC-CLARK1IC-X-003284870%5D39015091192040_02|https://quod.lib.umich.edu/cgi/i/image/api/thumb/clark1ic/003284870/39015091192040_02/!250,250|https://quod.lib.umich.edu/cgi/i/image/api/manifest/clark1ic:003284870:39015091192040_02",2026-09-07T13:44:02.568647+00:00,existing
13fb48c0-8398-43d3-9a72-ae33761ffbb6,"https://quod.lib.umich.edu/c/clark1ic/x-003285093/39015091186190_01|https://quod.lib.umich.edu/cgi/i/image/api/search/clark1ic:003285093|oai:quod.lib.umich.edu:IC-CLARK1IC-X-003285093%5D39015091186190_01|http://name.umdl.umich.edu/IC-CLARK1IC-X-003285093%5D39015091186190_01|https://quod.lib.umich.edu/cgi/i/image/api/thumb/clark1ic/003285093/39015091186190_01/!250,250|https://quod.lib.umich.edu/cgi/i/image/api/manifest/clark1ic:003285093:39015091186190_01|003285093; 13fb48c0-8398-43d3-9a72-ae33761ffbb6|oai:quod.lib.umich.edu:IC-CLARK1IC-X-003285093%5D39015091186190_02|http://name.umdl.umich.edu/IC-CLARK1IC-X-003285093%5D39015091186190_02|https://quod.lib.umich.edu/cgi/i/image/api/thumb/clark1ic/003285093/39015091186190_02/!250,250|https://quod.lib.umich.edu/cgi/i/image/api/manifest/clark1ic:003285093:39015091186190_02",2026-09-07T13:44:02.568694+00:00,existing
1414b19c-5bb2-4b76-b22f-7dc859e49339,"https://quod.lib.umich.edu/c/clark1ic/x-003284862/39015091191307_01|https://quod.lib.umich.edu/cgi/i/image/api/search/clark1ic:003284862|oai:quod.lib.umich.edu:IC-CLARK1IC-X-003284862%5D39015091191307_01|http://name.umdl.umich.edu/IC-CLARK1IC-X-003284862%5D39015091191307_01|https://quod.lib.umich.edu/cgi/i/image/api/thumb/clark1ic/003284862/39015091191307_01/!250,250|https://quod.lib.umich.edu/cgi/i/image/api/manifest/clark1ic:003284862:39015091191307_01|003284862; 1414b19c-5bb2-4b76-b22f-7dc859e49339",2026-09-07T13:44:02.568726+00:00,existing
1426c995-c408-432d-a86e-aa5e7b8af738,"https://quod.lib.umich.edu/c/clark1ic/x-000081809/39015091898232|https://quod.lib.umich.edu/cgi/i/image/api/search/clark1ic:000081809|oai:quod.lib.umich.edu:IC-CLARK1IC-X-000081809%5D39015091898232|http://name.umdl.umich.edu/IC-CLARK1IC-X-000081809%5D39015091898232|https://quod.lib.umich.edu/cgi/i/image/api/thumb/clark1ic/000081809/39015091898232/!250,250|https://quod.lib.umich.edu/cgi/i/image/api/manifest/clark1ic:000081809:39015091898232|000081809; 1426c995-c408-432d-a86e-aa5e7b8af738",2026-09-07T13:44:02.568758+00:00,existing
14a9b577-ad84-47c8-a283-f2991253e553,"https://quod.lib.umich.edu/c/clark1ic/x-003927612/39015091899156|https://quod.lib.umich.edu/cgi/i/image/api/search/clark1ic:003927612|oai:quod.lib.umich.edu:IC-CLARK1IC-X-003927612%5D39015091899156|http://name.umdl.umich.edu/IC-CLARK1IC-X-003927612%5D39015091899156|https://quod.lib.umich.edu/cgi/i/image/api/thumb/clark1ic/003927612/39015091899156/!250,250|https://quod.lib.umich.edu/cgi/i/image/api/manifest/clark1ic:003927612:39015091899156|003927612; 14a9b577-ad84-47c8-a283-f2991253e553|oai:quod.lib.umich.edu:IC-CLARK1IC-X-003927612%5D39015091899172|http://name.umdl.umich.edu/IC-CLARK1IC-X-003927612%5D39015091899172|https://quod.lib.umich.edu/cgi/i/image/api/thumb/clark1ic/003927612/39015091899172/!250,250|https://quod.lib.umich.edu/cgi/i/image/api/manifest/clark1ic:003927612:39015091899172",2026-09-07T13:44:02.568803+00:00,existing
14c66cbf-b8fb-492d-b4e8-0a6cf911e25b,"https://quod.lib.umich.edu/c/clark1ic/x-002904787/39015095399872_0001|https://quod.lib.umich.edu/cgi/i/image/api/search/clark1ic:002904787|oai:quod.lib.umich.edu:IC-CLARK1IC-X-002904787%5D39015095399872_0001|http://name.umdl.umich.edu/IC-CLARK1IC-X-002904787%5D39015095399872_0001|https://quod.lib.umich.edu/cgi/i/image/api/thumb/clark1ic/002904787/39015095399872_0001/!250,250|https://quod.lib.umich.edu/cgi/i/image/api/manifest/clark1ic:002904787:39015095399872_0001|002904787; 14c66cbf-b8fb-492d-b4e8-0a6cf911e25b",2026-09-07T13:44:02.568835+00:00,existing
154e4615-e5a7-4cf2-beac-4d234539ebce,"https://quod.lib.umich.edu/c/clark1ic/x-012519520/39015095391036|https://quod.lib.umich.edu/cgi/i/image/api/search/clark1ic:012519520|oai:quod.lib.umich.edu:IC-CLARK1IC-X-012519520%5D39015095391036|http://name.umdl.umich.edu/IC-CLARK1IC-X-012519520%5D39015095391036|https://quod.lib.umich.edu/cgi/i/image/api/thumb/clark1ic/012519520/39015095391036/!250,250|https://quod.lib.umich.edu/cgi/i/image/api/manifest/clark1ic:012519520:39015095391036|012519520; 154e4615-e5a7-4cf2-beac-4d234539ebce",2026-09-07T13:44:02.568867+00:00,existing
155e67fe-41e1-422c-8d8e-76ae48cf661d,"https://quod.lib.umich.edu/c/clark1ic/x-001956892/39015016336854|https://quod.lib.umich.edu/cgi/i/image/api/search/clark1ic:001956892|oai:quod.lib.umich.edu:IC-CLARK1IC-X-001956892%5D39015016336854|http://name.umdl.umich.edu/IC-CLARK1IC-X-001956892%5D39015016336854|https://quod.lib.umich.edu/cgi/i/image/api/thumb/clark1ic/001956892/39015016336854/!250,250|https://quod.lib.umich.edu/cgi/i/image/api/manifest/clark1ic:001956892:39015016336854|001956892; 155e67fe-41e1-422c-8d8e-76ae48cf661d",2026-09-07T13:44:02.568898+00:00,existing
15664d92-82de-45bf-ab59-4825af14265c,"https://quod.lib.umich.edu/c/clark1ic/x-003277645/39015091916232|https://quod.lib.umich.edu/cgi/i/image/api/search/clark1ic:003277645|oai:quod.lib.umich.edu:IC-CLARK1IC-X-003277645%5D39015091916232|http://name.umdl.umich.edu/IC-CLARK1IC-X-003277645%5D39015091916232|https://quod.lib.umich.edu/cgi/i/image/api/thumb/clark1ic/003277645/39015091916232/!250,250|https://quod.lib.umich.edu/cgi/i/image/api/manifest/clark1ic:003277645:39015091916232|003277645; 15664d92-82de-45bf-ab59-4825af14265c",2026-09-07T13:44:02.568931+00:00,existing
1572c3fc-9b83-451d-a591-5056e1fbcbea,"https://quod.lib.umich.edu/c/clark1ic/x-000081977/39015095390442|https://quod.lib.umich.edu/cgi/i/image/api/search/clark1ic:000081977|oai:quod.lib.umich.edu:IC-CLARK1IC-X-000081977%5D39015095390442|http://name.umdl.umich.edu/IC-CLARK1IC-X-000081977%5D39015095390442|https://quod.lib.umich.edu/cgi/i/image/api/thumb/clark1ic/000081977/39015095390442/!250,250|https://quod.lib.umich.edu/cgi/i/image/api/manifest/clark1ic:000081977:39015095390442|000081977; 1572c3fc-9b83-451d-a591-5056e1fbcbea",2026-09-07T13:44:02.568962+00:00,existing
15e20fdc-2c71-409d-af76-878d8ebdde9b,"https://quod.lib.umich.edu/c/clark1ic/x-000074709/39015095398403|https://quod.lib.umich.edu/cgi/i/image/api/search/clark1ic:000074709|oai:quod.lib.umich.edu:IC-CLARK1IC-X-000074709%5D39015095398403|http://name.umdl.umich.edu/IC-CLARK1IC-X-000074709%5D39015095398403|https://quod.lib.umich.edu/cgi/i/image/api/thumb/clark1ic/000074709/39015095398403/!250,250|https://quod.lib.umich.edu/cgi/i/image/api/manifest/clark1ic:000074709:39015095398403|000074709; 15e20fdc-2c71-409d-af76-878d8ebdde9b",2026-09-07T13:44:02.568994+00:00,existing
164c755a-89ac-4ea8-a6ee-49f497e7fd39,"https://quod.lib.umich.edu/c/clark1ic/x-003281376/39015091916471_01|https://quod.lib.umich.edu/cgi/i/image/api/search/clark1ic:003281376|oai:quod.lib.umich.edu:IC-CLARK1IC-X-003281376%5D39015091916471_01|http://name.umdl.umich.edu/IC-CLARK1IC-X-003281376%5D39015091916471_01|https://quod.lib.umich.edu/cgi/i/image/api/thumb/clark1ic/003281376/39015091916471_01/!250,250|https://quod.lib.umich.edu/cgi/i/image/api/manifest/clark1ic:003281376:39015091916471_01|003281376; 164c755a-89ac-4ea8-a6ee-49f497e7fd39|oai:quod.lib.umich.edu:IC-CLARK1IC-X-003281376%5D39015091916471_02|http://name.umdl.umich.edu/IC-CLARK1IC-X-003281376%5D39015091916471_02|https://quod.lib.umich.edu/cgi/i/image/api/thumb/clark1ic/003281376/39015091916471_02/!250,250|https://quod.lib.umich.edu/cgi/i/image/api/manifest/clark1ic:003281376:39015091916471_02",2026-09-07T13:44:02.569042+00:00,existing
1655fed3-ab09-4249-b63d-426b95a7feae,"https://quod.lib.umich.edu/c/clark1ic/x-013583631/39015091897317|https://quod.lib.umich.edu/cgi/i/image/api/search/clark1ic:013583631|oai:quod.lib.umich.edu:IC-CLARK1IC-X-013583631%5D39015091897317|http://name.umdl.umich.edu/IC-CLARK1IC-X-013583631%5D39015091897317|https://quod.lib.umich.edu/cgi/i/image/api/thumb/clark1ic/013583631/39015091897317/!250,250|https://quod.lib.umich.edu/cgi/i/image/api/manifest/clark1ic:013583631:39015091897317|013583631; 1655fed3-ab09-4249-b63d-426b95a7feae",2026-09-07T13:44:02.569074+00:00,existing
16b21bfe-d816-4496-9a24-b71cff36660a,"https://quod.lib.umich.edu/c/clark1ic/x-003564762/39015091916034|https://quod.lib.umich.edu/cgi/i/image/api/search/clark1ic:003564762|oai:quod.lib.umich.edu:IC-CLARK1IC-X-003564762%5D39015091916034|http://name.umdl.umich.edu/IC-CLARK1IC-X-003564762%5D39015091916034|https://quod.lib.umich.edu/cgi/i/image/api/thumb/clark1ic/003564762/39015091916034/!250,250|https://quod.lib.umich.edu/cgi/i/image/api/manifest/clark1ic:003564762:39015091916034|003564762; 16b21bfe-d816-4496-9a24-b71cff36660a",2026-09-07T13:44:02.569106+00:00,existing
17428fe2-d6d7-4d56-a0f0-92f4272b81d2,"https://quod.lib.umich.edu/c/clark1ic/x-002906404/39015091905219|https://quod.lib.umich.edu/cgi/i/image/api/search/clark1ic:002906404|oai:quod.lib.umich.edu:IC-CLARK1IC-X-002906404%5D39015091905219|http://name.umdl.umich.edu/IC-CLARK1IC-X-002906404%5D39015091905219|https://quod.lib.umich.edu/cgi/i/image/api/thumb/clark1ic/002906404/39015091905219/!250,250|https://quod.lib.umich.edu/cgi/i/image/api/manifest/clark1ic:002906404:39015091905219|002906404; 17428fe2-d6d7-4d56-a0f0-92f4272b81d2",2026-09-07T13:44:02.569138+00:00,existing
17436e2f-f6d1-4f56-9f3e-08b0b2d017e0,"https://quod.lib.umich.edu/c/clark1ic/x-003930742/39015091897127|https://quod.lib.umich.edu/cgi/i/image/api/search/clark1ic:003930742|oai:quod.lib.umich.edu:IC-CLARK1IC-X-003930742%5D39015091897127|http://name.umdl.umich.edu/IC-CLARK1IC-X-003930742%5D39015091897127|https://quod.lib.umich.edu/cgi/i/image/api/thumb/clark1ic/003930742/39015091897127/!250,250|https://quod.lib.umich.edu/cgi/i/image/api/manifest/clark1ic:003930742:39015091897127|003930742; 17436e2f-f6d1-4f56-9f3e-08b0b2d017e0",2026-09-07T13:44:02.569171+00:00,existing
177ad2bd-a5ea-43ab-8d36-f12ada86bd4b,"https://quod.lib.umich.edu/c/clark1ic/x-004280137/39015091197031|https://quod.lib.umich.edu/cgi/i/image/api/search/clark1ic:004280137|oai:quod.lib.umich.edu:IC-CLARK1IC-X-004280137%5D39015091197031|http://name.umdl.umich.edu/IC-CLARK1IC-X-004280137%5D39015091197031|https://quod.lib.umich.edu/cgi/i/image/api/thumb/clark1ic/004280137/39015091197031/!250,250|https://quod.lib.umich.edu/cgi/i/image/api/manifest/clark1ic:004280137:39015091197031|004280137; 177ad2bd-a5ea-43ab-8d36-f12ada86bd4b",2026-09-07T13:44:02.569202+00:00,existing
179c9d80-773c-447c-985b-bb1f49a9f43f,"https://quod.lib.umich.edu/c/clark1ic/x-007809714/39015091195316_01|https://quod.lib.umich.edu/cgi/i/image/api/search/clark1ic:007809714|oai:quod.lib.umich.edu:IC-CLARK1IC-X-007809714%5D39015091195316_01|http://name.umdl.umich.edu/IC-CLARK1IC-X-007809714%5D39015091195316_01|https://quod.lib.umich.edu/cgi/i/image/api/thumb/clark1ic/007809714/39015091195316_01/!250,250|https://quod.lib.umich.edu/cgi/i/image/api/manifest/clark1ic:007809714:39015091195316_01|007809714; 179c9d80-773c-447c-985b-bb1f49a9f43f|oai:quod.lib.umich.edu:IC-CLARK1IC-X-007809714%5D39015091195316_02|http://name.umdl.umich.edu/IC-CLARK1IC-X-007809714%5D39015091195316_02|https://quod.lib.umich.edu/cgi/i/image/api/thumb/clark1ic/007809714/39015091195316_02/!250,250|https://quod.lib.umich.edu/cgi/i/image/api/manifest/clark1ic:007809714:39015091195316_02|oai:quod.lib.umich.edu:IC-CLARK1IC-X-007809714%5D39015091195316_03|http://name.umdl.umich.edu/IC-CLARK1IC-X-007809714%5D39015091195316_03|https://quod.lib.umich.edu/cgi/i/image/api/thumb/clark1ic/007809714/39015091195316_03/!250,250|https://quod.lib.umich.edu/cgi/i/image/api/manifest/clark1ic:007809714:39015091195316_03",2026-09-07T13:44:02.569261+00:00,existing
17f28ea2-e766-4fa3-acbb-254694d90e3a,"https://quod.lib.umich.edu/c/clark1ic/x-001106223/39015091920184_01|https://quod.lib.umich.edu/cgi/i/image/api/search/clark1ic:001106223|oai:quod.lib.umich.edu:IC-CLARK1IC-X-001106223%5D39015091920184_01|http://name.umdl.umich.edu/IC-CLARK1IC-X-001106223%5D39015091920184_01|https://quod.lib.umich.edu/cgi/i/image/api/thumb/clark1ic/001106223/39015091920184_01/!250,250|https://quod.lib.umich.edu/cgi/i/image/api/manifest/clark1ic:001106223:39015091920184_01|001106223; 17f28ea2-e766-4fa3-acbb-254694d90e3a|oai:quod.lib.umich.edu:IC-CLARK1IC-X-001106223%5D39015091920184_02|http://name.umdl.umich.edu/IC-CLARK1IC-X-001106223%5D39015091920184_02|https://quod.lib.umich.edu/cgi/i/image/api/thumb/clark1ic/001106223/39015091920184_02/!250,250|https://quod.lib.umich.edu/cgi/i/image/api/manifest/clark1ic:001106223:39015091920184_02",2026-09-07T13:44:02.569307+00:00,existing
185d0644-40b8-4199-98b1-713e012f4653,"https://quod.lib.umich.edu/c/clark1ic/x-003879426/39015091185911|https://quod.lib.umich.edu/cgi/i/image/api/search/clark1ic:003879426|oai:quod.lib.umich.edu:IC-CLARK1IC-X-003879426%5D39015091185911|http://name.umdl.umich.edu/IC-CLARK1IC-X-003879426%5D39015091185911|https://quod.lib.umich.edu/cgi/i/image/api/thumb/clark1ic/003879426/39015091185911/!250,250|https://quod.lib.umich.edu/cgi/i/image/api/manifest/clark1ic:003879426:39015091185911|003879426; 185d0644-40b8-4199-98b1-713e012f4653",2026-09-07T13:44:02.569339+00:00,existing
18ab61e1-189f-4b2a-a75e-6b2a02ea0ac8,"https://quod.lib.umich.edu/c/clark1ic/x-004068433/39015091185853|https://quod.lib.umich.edu/cgi/i/image/api/search/clark1ic:004068433|oai:quod.lib.umich.edu:IC-CLARK1IC-X-004068433%5D39015091185853|http://name.umdl.umich.edu/IC-CLARK1IC-X-004068433%5D39015091185853|https://quod.lib.umich.edu/cgi/i/image/api/thumb/clark1ic/004068433/39015091185853/!250,250|https://quod.lib.umich.edu/cgi/i/image/api/manifest/clark1ic:004068433:39015091185853|004068433; 18ab61e1-189f-4b2a-a75e-6b2a02ea0ac8",2026-09-07T13:44:02.569375+00:00,existing
18bed919-fc86-4e02-a909-15f8bb9899bb,"https://quod.lib.umich.edu/c/clark1ic/x-003280519/39015091910987|https://quod.lib.umich.edu/cgi/i/image/api/search/clark1ic:003280519|oai:quod.lib.umich.edu:IC-CLARK1IC-X-003280519%5D39015091910987|http://name.umdl.umich.edu/IC-CLARK1IC-X-003280519%5D39015091910987|https://quod.lib.umich.edu/cgi/i/image/api/thumb/clark1ic/003280519/39015091910987/!250,250|https://quod.lib.umich.edu/cgi/i/image/api/manifest/clark1ic:003280519:39015091910987|003280519; 18bed919-fc86-4e02-a909-15f8bb9899bb",2026-09-07T13:44:02.569410+00:00,existing
198130f5-5644-424e-a318-b1b972748f5e,"https://quod.lib.umich.edu/c/clark1ic/x-004930447/39015060935817|https://quod.lib.umich.edu/cgi/i/image/api/search/clark1ic:004930447|oai:quod.lib.umich.edu:IC-CLARK1IC-X-004930447%5D39015060935817|http://name.umdl.umich.edu/IC-CLARK1IC-X-004930447%5D39015060935817|https://quod.lib.umich.edu/cgi/i/image/api/thumb/clark1ic/004930447/39015060935817/!250,250|https://quod.lib.umich.edu/cgi/i/image/api/manifest/clark1ic:004930447:39015060935817|004930447; 198130f5-5644-424e-a318-b1b972748f5e",2026-09-07T13:44:02.569442+00:00,existing
1a2707f5-3f3b-4b9c-a4f2-91348eee5073,"https://quod.lib.umich.edu/c/clark1ic/x-003287265/39015091898919|https://quod.lib.umich.edu/cgi/i/image/api/search/clark1ic:003287265|oai:quod.lib.umich.edu:IC-CLARK1IC-X-003287265%5D39015091898919|http://name.umdl.umich.edu/IC-CLARK1IC-X-003287265%5D39015091898919|https://quod.lib.umich.edu/cgi/i/image/api/thumb/clark1ic/003287265/39015091898919/!250,250|https://quod.lib.umich.edu/cgi/i/image/api/manifest/clark1ic:003287265:39015091898919|003287265; 1a2707f5-3f3b-4b9c-a4f2-91348eee5073|oai:quod.lib.umich.edu:IC-CLARK1IC-X-003287265%5D39015091899065|http://name.umdl.umich.edu/IC-CLARK1IC-X-003287265%5D39015091899065|https://quod.lib.umich.edu/cgi/i/image/api/thumb/clark1ic/003287265/39015091899065/!250,250|https://quod.lib.umich.edu/cgi/i/image/api/manifest/clark1ic:003287265:39015091899065",2026-09-07T13:44:02.569496+00:00,existing
1a90bc50-2182-48c2-bb35-6c547ee94b7d,"https://quod.lib.umich.edu/c/clark1ic/x-003282475/39015091193873_01|https://quod.lib.umich.edu/cgi/i/image/api/search/clark1ic:003282475|oai:quod.lib.umich.edu:IC-CLARK1IC-X-003282475%5D39015091193873_01|http://name.umdl.umich.edu/IC-CLARK1IC-X-003282475%5D39015091193873_01|https://quod.lib.umich.edu/cgi/i/image/api/thumb/clark1ic/003282475/39015091193873_01/!250,250|https://quod.lib.umich.edu/cgi/i/image/api/manifest/clark1ic:003282475:39015091193873_01|003282475; 1a90bc50-2182-48c2-bb35-6c547ee94b7d|oai:quod.lib.umich.edu:IC-CLARK1IC-X-003282475%5D39015091193873_02|http://name.umdl.umich.edu/IC-CLARK1IC-X-003282475%5D39015091193873_02|https://quod.lib.umich.edu/cgi/i/image/api/thumb/clark1ic/003282475/39015091193873_02/!250,250|https://quod.lib.umich.edu/cgi/i/image/api/manifest/clark1ic:003282475:39015091193873_02",2026-09-07T13:44:02.569542+00:00,existing
1ae362a8-37b2-4778-a458-0280cc15375e,"https://quod.lib.umich.edu/c/clark1ic/x-000082567/39015091911076|https://quod.lib.umich.edu/cgi/i/image/api/search/clark1ic:000082567|oai:quod.lib.umich.edu:IC-CLARK1IC-X-000082567%5D39015091911076|http://name.umdl.umich.edu/IC-CLARK1IC-X-000082567%5D39015091911076|https://quod.lib.umich.edu/cgi/i/image/api/thumb/clark1ic/000082567/39015091911076/!250,250|https://quod.lib.umich.edu/cgi/i/image/api/manifest/clark1ic:000082567:39015091911076|000082567; 1ae362a8-37b2-4778-a458-0280cc15375e",2026-09-07T13:44:02.569574+00:00,existing
1b115b92-783a-450a-acda-723768cfb58e,https://quod.lib.umich.edu/c/clark1ic/x-003279326/39015091910383|https://quod.lib.umich.edu/cgi/i/image/api/search/clark1ic:003279326,2026-09-07T13:44:02.569590+00:00,existing
1b3887b1-55c6-4562-b338-2b9bc244e728,"https://quod.lib.umich.edu/c/clark1ic/x-004074006/39015091191208_01|https://quod.lib.umich.edu/cgi/i/image/api/search/clark1ic:004074006|oai:quod.lib.umich.edu:IC-CLARK1IC-X-004074006%5D39015091191208_01|http://name.umdl.umich.edu/IC-CLARK1IC-X-004074006%5D39015091191208_01|https://quod.lib.umich.edu/cgi/i/image/api/thumb/clark1ic/004074006/39015091191208_01/!250,250|https://quod.lib.umich.edu/cgi/i/image/api/manifest/clark1ic:004074006:39015091191208_01|004074006; 1b3887b1-55c6-4562-b338-2b9bc244e728",2026-09-07T13:44:02.569629+00:00,existing
1b3dce64-4428-4f1a-a7b4-7dff87bce803,"https://quod.lib.umich.edu/c/clark1ic/x-010677567/39015091186406|https://quod.lib.umich.edu/cgi/i/image/api/search/clark1ic:010677567|oai:quod.lib.umich.edu:IC-CLARK1IC-X-010677567%5D39015091186406|http://name.umdl.umich.edu/IC-CLARK1IC-X-010677567%5D39015091186406|https://quod.lib.umich.edu/cgi/i/image/api/thumb/clark1ic/010677567/39015091186406/!250,250|https://quod.lib.umich.edu/cgi/i/image/api/manifest/clark1ic:010677567:39015091186406|010677567; 1b3dce64-4428-4f1a-a7b4-7dff87bce803",2026-09-07T13:44:02.569662+00:00,existing
1b5cf2fc-4d8b-4b36-a6e8-d8d944f1618e,"https://quod.lib.umich.edu/c/clark1ic/x-003785033/39015049936803_01|https://quod.lib.umich.edu/cgi/i/image/api/search/clark1ic:003785033|oai:quod.lib.umich.edu:IC-CLARK1IC-X-003785033%5D39015049936803_01|http://name.umdl.umich.edu/IC-CLARK1IC-X-003785033%5D39015049936803_01|https://quod.lib.umich.edu/cgi/i/image/api/thumb/clark1ic/003785033/39015049936803_01/!250,250|https://quod.lib.umich.edu/cgi/i/image/api/manifest/clark1ic:003785033:39015049936803_01|003785033; 1b5cf2fc-4d8b-4b36-a6e8-d8d944f1618e|oai:quod.lib.umich.edu:IC-CLARK1IC-X-003785033%5D39015049936803_02|http://name.umdl.umich.edu/IC-CLARK1IC-X-003785033%5D39015049936803_02|https://quod.lib.umich.edu/cgi/i/image/api/thumb/clark1ic/003785033/39015049936803_02/!250,250|https://quod.lib.umich.edu/cgi/i/image/api/manifest/clark1ic:003785033:39015049936803_02",2026-09-07T13:44:02.569707+00:00,existing
1b899f22-b285-4653-adc0-d968ce8bb933,"https://quod.lib.umich.edu/c/clark1ic/x-004068483/39015091910250_0001|https://quod.lib.umich.edu/cgi/i/image/api/search/clark1ic:004068483|oai:quod.lib.umich.edu:IC-CLARK1IC-X-004068483%5D39015091910250_0001|http://name.umdl.umich.edu/IC-CLARK1IC-X-004068483%5D39015091910250_0001|https://quod.lib.umich.edu/cgi/i/image/api/thumb/clark1ic/004068483/39015091910250_0001/!250,250|https://quod.lib.umich.edu/cgi/i/image/api/manifest/clark1ic:004068483:39015091910250_0001|004068483; 1b899f22-b285-4653-adc0-d968ce8bb933",2026-09-07T13:44:02.569741+00:00,existing
1bc9daec-3bbe-486b-a191-c95b03879f94,"https://quod.lib.umich.edu/c/clark1ic/x-010740481/39015091187495|https://quod.lib.umich.edu/cgi/i/image/api/search/clark1ic:010740481|oai:quod.lib.umich.edu:IC-CLARK1IC-X-010740481%5D39015091187495|http://name.umdl.umich.edu/IC-CLARK1IC-X-010740481%5D39015091187495|https://quod.lib.umich.edu/cgi/i/image/api/thumb/clark1ic/010740481/39015091187495/!250,250|https://quod.lib.umich.edu/cgi/i/image/api/manifest/clark1ic:010740481:39015091187495|010740481; 1bc9daec-3bbe-486b-a191-c95b03879f94",2026-09-07T13:44:02.569777+00:00,existing
1bf064a8-3c63-4401-b6c7-b4a19fa28020,"https://quod.lib.umich.edu/c/clark1ic/x-009771641/39015095417161_01|https://quod.lib.umich.edu/cgi/i/image/api/search/clark1ic:009771641|oai:quod.lib.umich.edu:IC-CLARK1IC-X-009771641%5D39015095417161_01|http://name.umdl.umich.edu/IC-CLARK1IC-X-009771641%5D39015095417161_01|https://quod.lib.umich.edu/cgi/i/image/api/thumb/clark1ic/009771641/39015095417161_01/!250,250|https://quod.lib.umich.edu/cgi/i/image/api/manifest/clark1ic:009771641:39015095417161_01|009771641; 1bf064a8-3c63-4401-b6c7-b4a19fa28020|oai:quod.lib.umich.edu:IC-CLARK1IC-X-009771641%5D39015095417161_02|http://name.umdl.umich.edu/IC-CLARK1IC-X-009771641%5D39015095417161_02|https://quod.lib.umich.edu/cgi/i/image/api/thumb/clark1ic/009771641/39015095417161_02/!250,250|https://quod.lib.umich.edu/cgi/i/image/api/manifest/clark1ic:009771641:39015095417161_02",2026-09-07T13:44:02.569826+00:00,existing
1c1e5a0c-0181-46bb-a6bd-f52fac55ca6a,"https://quod.lib.umich.edu/c/clark1ic/x-003279358/39015091910409_01|https://quod.lib.umich.edu/cgi/i/image/api/search/clark1ic:003279358|oai:quod.lib.umich.edu:IC-CLARK1IC-X-003279358%5D39015091910409_01|http://name.umdl.umich.edu/IC-CLARK1IC-X-003279358%5D39015091910409_01|https://quod.lib.umich.edu/cgi/i/image/api/thumb/clark1ic/003279358/39015091910409_01/!250,250|https://quod.lib.umich.edu/cgi/i/image/api/manifest/clark1ic:003279358:39015091910409_01|003279358; 1c1e5a0c-0181-46bb-a6bd-f52fac55ca6a",2026-09-07T13:44:02.569859+00:00,existing
1c2a044e-6169-4cff-bb59-97e27875d68d,"https://quod.lib.umich.edu/c/clark1ic/x-003281119/39015091193667|https://quod.lib.umich.edu/cgi/i/image/api/search/clark1ic:003281119|oai:quod.lib.umich.edu:IC-CLARK1IC-X-003281119%5D39015091193667|http://name.umdl.umich.edu/IC-CLARK1IC-X-003281119%5D39015091193667|https://quod.lib.umich.edu/cgi/i/image/api/thumb/clark1ic/003281119/39015091193667/!250,250|https://quod.lib.umich.edu/cgi/i/image/api/manifest/clark1ic:003281119:39015091193667|003281119; 1c2a044e-6169-4cff-bb59-97e27875d68d",2026-09-07T13:44:02.569892+00:00,existing
1c574087-0c8a-4e08-9720-b53291bad695,"https://quod.lib.umich.edu/c/clark1ic/x-012444204/39015091193915_01|https://quod.lib.umich.edu/cgi/i/image/api/search/clark1ic:012444204|oai:quod.lib.umich.edu:IC-CLARK1IC-X-012444204%5D39015091193915_01|http://name.umdl.umich.edu/IC-CLARK1IC-X-012444204%5D39015091193915_01|https://quod.lib.umich.edu/cgi/i/image/api/thumb/clark1ic/012444204/39015091193915_01/!250,250|https://quod.lib.umich.edu/cgi/i/image/api/manifest/clark1ic:012444204:39015091193915_01|012444204; 1c574087-0c8a-4e08-9720-b53291bad695|oai:quod.lib.umich.edu:IC-CLARK1IC-X-012444204%5D39015091193915_02|http://name.umdl.umich.edu/IC-CLARK1IC-X-012444204%5D39015091193915_02|https://quod.lib.umich.edu/cgi/i/image/api/thumb/clark1ic/012444204/39015091193915_02/!250,250|https://quod.lib.umich.edu/cgi/i/image/api/manifest/clark1ic:012444204:39015091193915_02",2026-09-07T13:44:02.569939+00:00,existing
1c81934c-98ee-4428-bc43-34b2897511be,"https://quod.lib.umich.edu/c/clark1ic/x-003282650/39015091916489|https://quod.lib.umich.edu/cgi/i/image/api/search/clark1ic:003282650|oai:quod.lib.umich.edu:IC-CLARK1IC-X-003282650%5D39015091916489|http://name.umdl.umich.edu/IC-CLARK1IC-X-003282650%5D39015091916489|https://quod.lib.umich.edu/cgi/i/image/api/thumb/clark1ic/003282650/39015091916489/!250,250|https://quod.lib.umich.edu/cgi/i/image/api/manifest/clark1ic:003282650:39015091916489|003282650; 1c81934c-98ee-4428-bc43-34b2897511be",2026-09-07T13:44:02.569972+00:00,existing
1cb29953-28a1-430a-92ac-8325868b0bf2,"https://quod.lib.umich.edu/c/clark1ic/x-003282652/39015091186125|https://quod.lib.umich.edu/cgi/i/image/api/search/clark1ic:003282652|oai:quod.lib.umich.edu:IC-CLARK1IC-X-003282652%5D39015091186125|http://name.umdl.umich.edu/IC-CLARK1IC-X-003282652%5D39015091186125|https://quod.lib.umich.edu/cgi/i/image/api/thumb/clark1ic/003282652/39015091186125/!250,250|https://quod.lib.umich.edu/cgi/i/image/api/manifest/clark1ic:003282652:39015091186125|003282652; 1cb29953-28a1-430a-92ac-8325868b0bf2",2026-09-07T13:44:02.570005+00:00,existing
1ce4679e-2554-4c03-9f70-d822e950466a,"https://quod.lib.umich.edu/c/clark1ic/x-004270384/39015091197049|https://quod.lib.umich.edu/cgi/i/image/api/search/clark1ic:004270384|oai:quod.lib.umich.edu:IC-CLARK1IC-X-004270384%5D39015091197049|http://name.umdl.umich.edu/IC-CLARK1IC-X-004270384%5D39015091197049|https://quod.lib.umich.edu/cgi/i/image/api/thumb/clark1ic/004270384/39015091197049/!250,250|https://quod.lib.umich.edu/cgi/i/image/api/manifest/clark1ic:004270384:39015091197049|004270384; 1ce4679e-2554-4c03-9f70-d822e950466a",2026-09-07T13:44:02.570038+00:00,existing
1cf8d570-e5c9-4270-9b20-e8421e354a58,"https://quod.lib.umich.edu/c/clark1ic/x-000078118/39015091197262|https://quod.lib.umich.edu/cgi/i/image/api/search/clark1ic:000078118|oai:quod.lib.umich.edu:IC-CLARK1IC-X-000078118%5D39015091197262|http://name.umdl.umich.edu/IC-CLARK1IC-X-000078118%5D39015091197262|https://quod.lib.umich.edu/cgi/i/image/api/thumb/clark1ic/000078118/39015091197262/!250,250|https://quod.lib.umich.edu/cgi/i/image/api/manifest/clark1ic:000078118:39015091197262|000078118; 1cf8d570-e5c9-4270-9b20-e8421e354a58",2026-09-07T13:44:02.570071+00:00,existing
1dbe9fed-60db-4b4f-994c-0d57e40bb845,"https://quod.lib.umich.edu/c/clark1ic/x-003282108/39015091200736_01|https://quod.lib.umich.edu/cgi/i/image/api/search/clark1ic:003282108|oai:quod.lib.umich.edu:IC-CLARK1IC-X-003282108%5D39015091200736_01|http://name.umdl.umich.edu/IC-CLARK1IC-X-003282108%5D39015091200736_01|https://quod.lib.umich.edu/cgi/i/image/api/thumb/clark1ic/003282108/39015091200736_01/!250,250|https://quod.lib.umich.edu/cgi/i/image/api/manifest/clark1ic:003282108:39015091200736_01|003282108; 1dbe9fed-60db-4b4f-994c-0d57e40bb845|oai:quod.lib.umich.edu:IC-CLARK1IC-X-003282108%5D39015091200736_02|http://name.umdl.umich.edu/IC-CLARK1IC-X-003282108%5D39015091200736_02|https://quod.lib.umich.edu/cgi/i/image/api/thumb/clark1ic/003282108/39015091200736_02/!250,250|https://quod.lib.umich.edu/cgi/i/image/api/manifest/clark1ic:003282108:39015091200736_02|oai:quod.lib.umich.edu:IC-CLARK1IC-X-003282108%5D39015091200736_03|http://name.umdl.umich.edu/IC-CLARK1IC-X-003282108%5D39015091200736_03|https://quod.lib.umich.edu/cgi/i/image/api/thumb/clark1ic/003282108/39015091200736_03/!250,250|https://quod.lib.umich.edu/cgi/i/image/api/manifest/clark1ic:003282108:39015091200736_03|oai:quod.lib.umich.edu:IC-CLARK1IC-X-003282108%5D39015091200736_04|http://name.umdl.umich.edu/IC-CLARK1IC-X-003282108%5D39015091200736_04|https://quod.lib.umich.edu/cgi/i/image/api/thumb/clark1ic/003282108/39015091200736_04/!250,250|https://quod.lib.umich.edu/cgi/i/image/api/manifest/clark1ic:003282108:39015091200736_04",2026-09-07T13:44:02.570143+00:00,existing
1dc7fc26-23cd-49d1-b1d0-0ef03428ec32,"https://quod.lib.umich.edu/c/clark1ic/x-000887818/39015091195357_0001|https://quod.lib.umich.edu/cgi/i/image/api/search/clark1ic:000887818|oai:quod.lib.umich.edu:IC-CLARK1IC-X-000887818%5D39015091195357_0001|http://name.umdl.umich.edu/IC-CLARK1IC-X-000887818%5D39015091195357_0001|https://quod.lib.umich.edu/cgi/i/image/api/thumb/clark1ic/000887818/39015091195357_0001/!250,250|https://quod.lib.umich.edu/cgi/i/image/api/manifest/clark1ic:000887818:39015091195357_0001|000887818; 1dc7fc26-23cd-49d1-b1d0-0ef03428ec32",2026-09-07T13:44:02.570177+00:00,existing
1e03a784-8240-4952-8665-3a80ab641432,"https://quod.lib.umich.edu/c/clark1ic/x-003288009/39015091903859_0001|https://quod.lib.umich.edu/cgi/i/image/api/search/clark1ic:003288009|oai:quod.lib.umich.edu:IC-CLARK1IC-X-003288009%5D39015091903859_0001|http://name.umdl.umich.edu/IC-CLARK1IC-X-003288009%5D39015091903859_0001|https://quod.lib.umich.edu/cgi/i/image/api/thumb/clark1ic/003288009/39015091903859_0001/!250,250|https://quod.lib.umich.edu/cgi/i/image/api/manifest/clark1ic:003288009:39015091903859_0001|003288009; 1e03a784-8240-4952-8665-3a80ab641432",2026-09-07T13:44:02.570210+00:00,existing
1e11df36-1656-41ec-b50b-1dc64bbe8d77,"https://quod.lib.umich.edu/c/clark1ic/x-003109976/39015091920556_01|https://quod.lib.umich.edu/cgi/i/image/api/search/clark1ic:003109976|oai:quod.lib.umich.edu:IC-CLARK1IC-X-003109976%5D39015091920556_01|http://name.umdl.umich.edu/IC-CLARK1IC-X-003109976%5D39015091920556_01|https://quod.lib.umich.edu/cgi/i/image/api/thumb/clark1ic/003109976/39015091920556_01/!250,250|https://quod.lib.umich.edu/cgi/i/image/api/manifest/clark1ic:003109976:39015091920556_01|003109976; 1e11df36-1656-41ec-b50b-1dc64bbe8d77|oai:quod.lib.umich.edu:IC-CLARK1IC-X-003109976%5D39015091920556_02|http://name.umdl.umich.edu/IC-CLARK1IC-X-003109976%5D39015091920556_02|https://quod.lib.umich.edu/cgi/i/image/api/thumb/clark1ic/003109976/39015091920556_02/!250,250|https://quod.lib.umich.edu/cgi/i/image/api/manifest/clark1ic:003109976:39015091920556_02",2026-09-07T13:44:02.570256+00:00,existing
1e554619-9b47-4a50-9d87-745e82fca7d7,"https://quod.lib.umich.edu/c/clark1ic/x-000861954/39015091905144|https://quod.lib.umich.edu/cgi/i/image/api/search/clark1ic:000861954|oai:quod.lib.umich.edu:IC-CLARK1IC-X-000861954%5D39015091905144|http://name.umdl.umich.edu/IC-CLARK1IC-X-000861954%5D39015091905144|https://quod.lib.umich.edu/cgi/i/image/api/thumb/clark1ic/000861954/39015091905144/!250,250|https://quod.lib.umich.edu/cgi/i/image/api/manifest/clark1ic:000861954:39015091905144|000861954; 1e554619-9b47-4a50-9d87-745e82fca7d7|oai:quod.lib.umich.edu:IC-CLARK1IC-X-000861954%5D39015091905151|http://name.umdl.umich.edu/IC-CLARK1IC-X-000861954%5D39015091905151|https://quod.lib.umich.edu/cgi/i/image/api/thumb/clark1ic/000861954/39015091905151/!250,250|https://quod.lib.umich.edu/cgi/i/image/api/manifest/clark1ic:000861954:39015091905151",2026-09-07T13:44:02.570302+00:00,existing
1ed14054-2e80-4b6f-9c7d-b438bcc4066c,"https://quod.lib.umich.edu/c/clark1ic/x-003567495/39015091880990|https://quod.lib.umich.edu/cgi/i/image/api/search/clark1ic:003567495|oai:quod.lib.umich.edu:IC-CLARK1IC-X-003567495%5D39015091880990|http://name.umdl.umich.edu/IC-CLARK1IC-X-003567495%5D39015091880990|https://quod.lib.umich.edu/cgi/i/image/api/thumb/clark1ic/003567495/39015091880990/!250,250|https://quod.lib.umich.edu/cgi/i/image/api/manifest/clark1ic:003567495:39015091880990|003567495; 1ed14054-2e80-4b6f-9c7d-b438bcc4066c|oai:quod.lib.umich.edu:IC-CLARK1IC-X-003567495%5D39015091881071|http://name.umdl.umich.edu/IC-CLARK1IC-X-003567495%5D39015091881071|https://quod.lib.umich.edu/cgi/i/image/api/thumb/clark1ic/003567495/39015091881071/!250,250|https://quod.lib.umich.edu/cgi/i/image/api/manifest/clark1ic:003567495:39015091881071",2026-09-07T13:44:02.570347+00:00,existing
1ed4ce33-8526-44e2-b575-89641350b6ac,"https://quod.lib.umich.edu/c/clark1ic/x-012527796/39015091193121_01|https://quod.lib.umich.edu/cgi/i/image/api/search/clark1ic:012527796|oai:quod.lib.umich.edu:IC-CLARK1IC-X-012527796%5D39015091193121_01|http://name.umdl.umich.edu/IC-CLARK1IC-X-012527796%5D39015091193121_01|https://quod.lib.umich.edu/cgi/i/image/api/thumb/clark1ic/012527796/39015091193121_01/!250,250|https://quod.lib.umich.edu/cgi/i/image/api/manifest/clark1ic:012527796:39015091193121_01|012527796; 1ed4ce33-8526-44e2-b575-89641350b6ac|oai:quod.lib.umich.edu:IC-CLARK1IC-X-012527796%5D39015091193121_02|http://name.umdl.umich.edu/IC-CLARK1IC-X-012527796%5D39015091193121_02|https://quod.lib.umich.edu/cgi/i/image/api/thumb/clark1ic/012527796/39015091193121_02/!250,250|https://quod.lib.umich.edu/cgi/i/image/api/manifest/clark1ic:012527796:39015091193121_02",2026-09-07T13:44:02.570393+00:00,existing
1ed7a995-9abd-4186-a13e-309b099302cf,"https://quod.lib.umich.edu/c/clark1ic/x-000081015/39015091880156|https://quod.lib.umich.edu/cgi/i/image/api/search/clark1ic:000081015|oai:quod.lib.umich.edu:IC-CLARK1IC-X-000081015%5D39015091880156|http://name.umdl.umich.edu/IC-CLARK1IC-X-000081015%5D39015091880156|https://quod.lib.umich.edu/cgi/i/image/api/thumb/clark1ic/000081015/39015091880156/!250,250|https://quod.lib.umich.edu/cgi/i/image/api/manifest/clark1ic:000081015:39015091880156|000081015; 1ed7a995-9abd-4186-a13e-309b099302cf",2026-09-07T13:44:02.570426+00:00,existing
1f374aed-5839-475e-bacf-f395bf3da020,"https://quod.lib.umich.edu/c/clark1ic/x-003279407/39015091905581|https://quod.lib.umich.edu/cgi/i/image/api/search/clark1ic:003279407|oai:quod.lib.umich.edu:IC-CLARK1IC-X-003279407%5D39015091905581|http://name.umdl.umich.edu/IC-CLARK1IC-X-003279407%5D39015091905581|https://quod.lib.umich.edu/cgi/i/image/api/thumb/clark1ic/003279407/39015091905581/!250,250|https://quod.lib.umich.edu/cgi/i/image/api/manifest/clark1ic:003279407:39015091905581|003279407; 1f374aed-5839-475e-bacf-f395bf3da020",2026-09-07T13:44:02.570458+00:00,existing
1f5ff111-f2e9-4ccb-b081-8e6da0a2d39a,"https://quod.lib.umich.edu/c/clark1ic/x-003287269/39015091881212|https://quod.lib.umich.edu/cgi/i/image/api/search/clark1ic:003287269|oai:quod.lib.umich.edu:IC-CLARK1IC-X-003287269%5D39015091881212|http://name.umdl.umich.edu/IC-CLARK1IC-X-003287269%5D39015091881212|https://quod.lib.umich.edu/cgi/i/image/api/thumb/clark1ic/003287269/39015091881212/!250,250|https://quod.lib.umich.edu/cgi/i/image/api/manifest/clark1ic:003287269:39015091881212|003287269; 1f5ff111-f2e9-4ccb-b081-8e6da0a2d39a",2026-09-07T13:44:02.570490+00:00,existing
200a22e5-70ab-4eea-99cd-21dd146b1db3,"https://quod.lib.umich.edu/c/clark1ic/x-005938328/39015091900699|https://quod.lib.umich.edu/cgi/i/image/api/search/clark1ic:005938328|oai:quod.lib.umich.edu:IC-CLARK1IC-X-005938328%5D39015091900699|http://name.umdl.umich.edu/IC-CLARK1IC-X-005938328%5D39015091900699|https://quod.lib.umich.edu/cgi/i/image/api/thumb/clark1ic/005938328/39015091900699/!250,250|https://quod.lib.umich.edu/cgi/i/image/api/manifest/clark1ic:005938328:39015091900699|005938328; 200a22e5-70ab-4eea-99cd-21dd146b1db3",2026-09-07T13:44:02.570521+00:00,existing
201ca22f-1eb4-4a78-a9bf-b143146f1369,"https://quod.lib.umich.edu/c/clark1ic/x-002644245/39015091196835_01|https://quod.lib.umich.edu/cgi/i/image/api/search/clark1ic:002644245|oai:quod.lib.umich.edu:IC-CLARK1IC-X-002644245%5D39015091196835_01|http://name.umdl.umich.edu/IC-CLARK1IC-X-002644245%5D39015091196835_01|https://quod.lib.umich.edu/cgi/i/image/api/thumb/clark1ic/002644245/39015091196835_01/!250,250|https://quod.lib.umich.edu/cgi/i/image/api/manifest/clark1ic:002644245:39015091196835_01|002644245; 201ca22f-1eb4-4a78-a9bf-b143146f1369|oai:quod.lib.umich.edu:IC-CLARK1IC-X-002644245%5D39015091196835_02|http://name.umdl.umich.edu/IC-CLARK1IC-X-002644245%5D39015091196835_02|https://quod.lib.umich.edu/cgi/i/image/api/thumb/clark1ic/002644245/39015091196835_02/!250,250|https://quod.lib.umich.edu/cgi/i/image/api/manifest/clark1ic:002644245:39015091196835_02",2026-09-07T13:44:02.570568+00:00,existing
20b0224f-1a55-437b-96e1-3a007d17b73c,"https://quod.lib.umich.edu/c/clark1ic/x-003576322/39015095421577|https://quod.lib.umich.edu/cgi/i/image/api/search/clark1ic:003576322|oai:quod.lib.umich.edu:IC-CLARK1IC-X-003576322%5D39015095421577|http://name.umdl.umich.edu/IC-CLARK1IC-X-003576322%5D39015095421577|https://quod.lib.umich.edu/cgi/i/image/api/thumb/clark1ic/003576322/39015095421577/!250,250|https://quod.lib.umich.edu/cgi/i/image/api/manifest/clark1ic:003576322:39015095421577|003576322; 20b0224f-1a55-437b-96e1-3a007d17b73c",2026-09-07T13:44:02.570600+00:00,existing
20e58f17-047b-42ff-88f1-3e0f88b8dc68,"https://quod.lib.umich.edu/c/clark1ic/x-003282529/39015091193592|https://quod.lib.umich.edu/cgi/i/image/api/search/clark1ic:003282529|oai:quod.lib.umich.edu:IC-CLARK1IC-X-003282529%5D39015091193592|http://name.umdl.umich.edu/IC-CLARK1IC-X-003282529%5D39015091193592|https://quod.lib.umich.edu/cgi/i/image/api/thumb/clark1ic/003282529/39015091193592/!250,250|https://quod.lib.umich.edu/cgi/i/image/api/manifest/clark1ic:003282529:39015091193592|003282529; 20e58f17-047b-42ff-88f1-3e0f88b8dc68",2026-09-07T13:44:02.570645+00:00,existing
219dc84a-3d47-4653-8758-5585175c89c1,"https://quod.lib.umich.edu/c/clark1ic/x-013681864/39015091905433|https://quod.lib.umich.edu/cgi/i/image/api/search/clark1ic:013681864|oai:quod.lib.umich.edu:IC-CLARK1IC-X-013681864%5D39015091905433|http://name.umdl.umich.edu/IC-CLARK1IC-X-013681864%5D39015091905433|https://quod.lib.umich.edu/cgi/i/image/api/thumb/clark1ic/013681864/39015091905433/!250,250|https://quod.lib.umich.edu/cgi/i/image/api/manifest/clark1ic:013681864:39015091905433|013681864; 219dc84a-3d47-4653-8758-5585175c89c1",2026-09-07T13:44:02.570681+00:00,existing
21a96d32-1bd4-49e0-8e11-382b74b7d9fe,"https://quod.lib.umich.edu/c/clark1ic/x-000887421/39015091905177|https://quod.lib.umich.edu/cgi/i/image/api/search/clark1ic:000887421|oai:quod.lib.umich.edu:IC-CLARK1IC-X-000887421%5D39015091905177|http://name.umdl.umich.edu/IC-CLARK1IC-X-000887421%5D39015091905177|https://quod.lib.umich.edu/cgi/i/image/api/thumb/clark1ic/000887421/39015091905177/!250,250|https://quod.lib.umich.edu/cgi/i/image/api/manifest/clark1ic:000887421:39015091905177|000887421; 21a96d32-1bd4-49e0-8e11-382b74b7d9fe",2026-09-07T13:44:02.570714+00:00,existing
21bd6000-7c69-417b-bf1e-fc85979c4c45,"https://quod.lib.umich.edu/c/clark1ic/x-003279316/39015091193618|https://quod.lib.umich.edu/cgi/i/image/api/search/clark1ic:003279316|oai:quod.lib.umich.edu:IC-CLARK1IC-X-003279316%5D39015091193618|http://name.umdl.umich.edu/IC-CLARK1IC-X-003279316%5D39015091193618|https://quod.lib.umich.edu/cgi/i/image/api/thumb/clark1ic/003279316/39015091193618/!250,250|https://quod.lib.umich.edu/cgi/i/image/api/manifest/clark1ic:003279316:39015091193618|003279316; 21bd6000-7c69-417b-bf1e-fc85979c4c45",2026-09-07T13:44:02.570761+00:00,existing
22106a3c-161a-4103-a71e-c159b4255de3,"https://quod.lib.umich.edu/c/clark1ic/x-003281463/39015091911324_01|https://quod.lib.umich.edu/cgi/i/image/api/search/clark1ic:003281463|oai:quod.lib.umich.edu:IC-CLARK1IC-X-003281463%5D39015091911324_01|http://name.umdl.umich.edu/IC-CLARK1IC-X-003281463%5D39015091911324_01|https://quod.lib.umich.edu/cgi/i/image/api/thumb/clark1ic/003281463/39015091911324_01/!250,250|https://quod.lib.umich.edu/cgi/i/image/api/manifest/clark1ic:003281463:39015091911324_01|003281463; 22106a3c-161a-4103-a71e-c159b4255de3",2026-09-07T13:44:02.570795+00:00,existing
222de267-b38a-41d3-ac1b-d2010571e299,"https://quod.lib.umich.edu/c/clark1ic/x-004018628/39015091197122_01|https://quod.lib.umich.edu/cgi/i/image/api/search/clark1ic:004018628|oai:quod.lib.umich.edu:IC-CLARK1IC-X-004018628%5D39015091197122_01|http://name.umdl.umich.edu/IC-CLARK1IC-X-004018628%5D39015091197122_01|https://quod.lib.umich.edu/cgi/i/image/api/thumb/clark1ic/004018628/39015091197122_01/!250,250|https://quod.lib.umich.edu/cgi/i/image/api/manifest/clark1ic:004018628:39015091197122_01|004018628; 222de267-b38a-41d3-ac1b-d2010571e299|oai:quod.lib.umich.edu:IC-CLARK1IC-X-004018628%5D39015091197122_02|http://name.umdl.umich.edu/IC-CLARK1IC-X-004018628%5D39015091197122_02|https://quod.lib.umich.edu/cgi/i/image/api/thumb/clark1ic/004018628/39015091197122_02/!250,250|https://quod.lib.umich.edu/cgi/i/image/api/manifest/clark1ic:004018628:39015091197122_02",2026-09-07T13:44:02.570841+00:00,existing
22540dff-b0ab-4b0b-85ce-c688a7f55f65,"https://quod.lib.umich.edu/c/clark1ic/x-000076459/39015091916224|https://quod.lib.umich.edu/cgi/i/image/api/search/clark1ic:000076459|oai:quod.lib.umich.edu:IC-CLARK1IC-X-000076459%5D39015091916224|http://name.umdl.umich.edu/IC-CLARK1IC-X-000076459%5D39015091916224|https://quod.lib.umich.edu/cgi/i/image/api/thumb/clark1ic/000076459/39015091916224/!250,250|https://quod.lib.umich.edu/cgi/i/image/api/manifest/clark1ic:000076459:39015091916224|000076459; 22540dff-b0ab-4b0b-85ce-c688a7f55f65",2026-09-07T13:44:02.570874+00:00,existing
226d1876-1fbc-43ea-8097-ff9a248f47dd,"https://quod.lib.umich.edu/c/clark1ic/x-003884450/39015091196157|https://quod.lib.umich.edu/cgi/i/image/api/search/clark1ic:003884450|oai:quod.lib.umich.edu:IC-CLARK1IC-X-003884450%5D39015091196157|http://name.umdl.umich.edu/IC-CLARK1IC-X-003884450%5D39015091196157|https://quod.lib.umich.edu/cgi/i/image/api/thumb/clark1ic/003884450/39015091196157/!250,250|https://quod.lib.umich.edu/cgi/i/image/api/manifest/clark1ic:003884450:39015091196157|003884450; 226d1876-1fbc-43ea-8097-ff9a248f47dd",2026-09-07T13:44:02.570907+00:00,existing
229a255c-8b2b-48d8-8f66-18d0c36e5d23,"https://quod.lib.umich.edu/c/clark1ic/x-003437358/39015060932558|https://quod.lib.umich.edu/cgi/i/image/api/search/clark1ic:003437358|oai:quod.lib.umich.edu:IC-CLARK1IC-X-003437358%5D39015060932558|http://name.umdl.umich.edu/IC-CLARK1IC-X-003437358%5D39015060932558|https://quod.lib.umich.edu/cgi/i/image/api/thumb/clark1ic/003437358/39015060932558/!250,250|https://quod.lib.umich.edu/cgi/i/image/api/manifest/clark1ic:003437358:39015060932558|003437358; 229a255c-8b2b-48d8-8f66-18d0c36e5d23",2026-09-07T13:44:02.570939+00:00,existing
22d6bf26-19a2-41e5-a13a-c2cac791d6dc,"https://quod.lib.umich.edu/c/clark1ic/x-003100490/39015091193287_01|https://quod.lib.umich.edu/cgi/i/image/api/search/clark1ic:003100490|oai:quod.lib.umich.edu:IC-CLARK1IC-X-003100490%5D39015091193287_01|http://name.umdl.umich.edu/IC-CLARK1IC-X-003100490%5D39015091193287_01|https://quod.lib.umich.edu/cgi/i/image/api/thumb/clark1ic/003100490/39015091193287_01/!250,250|https://quod.lib.umich.edu/cgi/i/image/api/manifest/clark1ic:003100490:39015091193287_01|003100490; 22d6bf26-19a2-41e5-a13a-c2cac791d6dc|oai:quod.lib.umich.edu:IC-CLARK1IC-X-003100490%5D39015091193287_02|http://name.umdl.umich.edu/IC-CLARK1IC-X-003100490%5D39015091193287_02|https://quod.lib.umich.edu/cgi/i/image/api/thumb/clark1ic/003100490/39015091193287_02/!250,250|https://quod.lib.umich.edu/cgi/i/image/api/manifest/clark1ic:003100490:39015091193287_02",2026-09-07T13:44:02.570993+00:00,existing
22d8fcb7-c476-4c63-bfb1-7742d8fdb204,"https://quod.lib.umich.edu/c/clark1ic/x-003284883/39015091883564|https://quod.lib.umich.edu/cgi/i/image/api/search/clark1ic:003284883|oai:quod.lib.umich.edu:IC-CLARK1IC-X-003284883%5D39015091883564|http://name.umdl.umich.edu/IC-CLARK1IC-X-003284883%5D39015091883564|https://quod.lib.umich.edu/cgi/i/image/api/thumb/clark1ic/003284883/39015091883564/!250,250|https://quod.lib.umich.edu/cgi/i/image/api/manifest/clark1ic:003284883:39015091883564|003284883; 22d8fcb7-c476-4c63-bfb1-7742d8fdb204",2026-09-07T13:44:02.571026+00:00,existing
2308a9a3-8a82-4e4e-b5c0-b3d16d99c80c,"https://quod.lib.umich.edu/c/clark1ic/x-010349088/39015091191828_01|https://quod.lib.umich.edu/cgi/i/image/api/search/clark1ic:010349088|oai:quod.lib.umich.edu:IC-CLARK1IC-X-010349088%5D39015091191828_01|http://name.umdl.umich.edu/IC-CLARK1IC-X-010349088%5D39015091191828_01|https://quod.lib.umich.edu/cgi/i/image/api/thumb/clark1ic/010349088/39015091191828_01/!250,250|https://quod.lib.umich.edu/cgi/i/image/api/manifest/clark1ic:010349088:39015091191828_01|010349088; 2308a9a3-8a82-4e4e-b5c0-b3d16d99c80c|oai:quod.lib.umich.edu:IC-CLARK1IC-X-010349088%5D39015091191828_02|http://name.umdl.umich.edu/IC-CLARK1IC-X-010349088%5D39015091191828_02|https://quod.lib.umich.edu/cgi/i/image/api/thumb/clark1ic/010349088/39015091191828_02/!250,250|https://quod.lib.umich.edu/cgi/i/image/api/manifest/clark1ic:010349088:39015091191828_02",2026-09-07T13:44:02.571071+00:00,existing
2326a09d-8521-4479-adaf-a41f3654a415,"https://quod.lib.umich.edu/c/clark1ic/x-000081081/39015091186968|https://quod.lib.umich.edu/cgi/i/image/api/search/clark1ic:000081081|oai:quod.lib.umich.edu:IC-CLARK1IC-X-000081081%5D39015091186968|http://name.umdl.umich.edu/IC-CLARK1IC-X-000081081%5D39015091186968|https://quod.lib.umich.edu/cgi/i/image/api/thumb/clark1ic/000081081/39015091186968/!250,250|https://quod.lib.umich.edu/cgi/i/image/api/manifest/clark1ic:000081081:39015091186968|000081081; 2326a09d-8521-4479-adaf-a41f3654a415",2026-09-07T13:44:02.571106+00:00,existing
234fb209-8678-4c69-ac45-346036e026d3,"https://quod.lib.umich.edu/c/clark1ic/x-003283471/39015091195134_0001|https://quod.lib.umich.edu/cgi/i/image/api/search/clark1ic:003283471|oai:quod.lib.umich.edu:IC-CLARK1IC-X-003283471%5D39015091195134_0001|http://name.umdl.umich.edu/IC-CLARK1IC-X-003283471%5D39015091195134_0001|https://quod.lib.umich.edu/cgi/i/image/api/thumb/clark1ic/003283471/39015091195134_0001/!250,250|https://quod.lib.umich.edu/cgi/i/image/api/manifest/clark1ic:003283471:39015091195134_0001|003283471; 234fb209-8678-4c69-ac45-346036e026d3",2026-09-07T13:44:02.571142+00:00,existing
23b58777-77d9-4ac6-a779-9f7fbd6eade8,"https://quod.lib.umich.edu/c/clark1ic/x-000082566/39015091189905|https://quod.lib.umich.edu/cgi/i/image/api/search/clark1ic:000082566|oai:quod.lib.umich.edu:IC-CLARK1IC-X-000082566%5D39015091189905|http://name.umdl.umich.edu/IC-CLARK1IC-X-000082566%5D39015091189905|https://quod.lib.umich.edu/cgi/i/image/api/thumb/clark1ic/000082566/39015091189905/!250,250|https://quod.lib.umich.edu/cgi/i/image/api/manifest/clark1ic:000082566:39015091189905|000082566; 23b58777-77d9-4ac6-a779-9f7fbd6eade8",2026-09-07T13:44:02.571178+00:00,existing
23dc613d-7ae3-4bd3-bcb1-ef9b9f695971,"https://quod.lib.umich.edu/c/clark1ic/x-010671862/39015060933515|https://quod.lib.umich.edu/cgi/i/image/api/search/clark1ic:010671862|oai:quod.lib.umich.edu:IC-CLARK1IC-X-010671862%5D39015060933515|http://name.umdl.umich.edu/IC-CLARK1IC-X-010671862%5D39015060933515|https://quod.lib.umich.edu/cgi/i/image/api/thumb/clark1ic/010671862/39015060933515/!250,250|https://quod.lib.umich.edu/cgi/i/image/api/manifest/clark1ic:010671862:39015060933515|010671862; 23dc613d-7ae3-4bd3-bcb1-ef9b9f695971",2026-09-07T13:44:02.571211+00:00,existing
2407ae2c-a783-4f5f-8d45-f39d3071cf38,"https://quod.lib.umich.edu/c/clark1ic/x-002787389/39015095390434|https://quod.lib.umich.edu/cgi/i/image/api/search/clark1ic:002787389|oai:quod.lib.umich.edu:IC-CLARK1IC-X-002787389%5D39015091905292|http://name.umdl.umich.edu/IC-CLARK1IC-X-002787389%5D39015091905292|https://quod.lib.umich.edu/cgi/i/image/api/thumb/clark1ic/002787389/39015091905292/!250,250|https://quod.lib.umich.edu/cgi/i/image/api/manifest/clark1ic:002787389:39015091905292|002787389; 2407ae2c-a783-4f5f-8d45-f39d3071cf38|oai:quod.lib.umich.edu:IC-CLARK1IC-X-002787389%5D39015095390434|http://name.umdl.umich.edu/IC-CLARK1IC-X-002787389%5D39015095390434|https://quod.lib.umich.edu/cgi/i/image/api/thumb/clark1ic/002787389/39015095390434/!250,250|https://quod.lib.umich.edu/cgi/i/image/api/manifest/clark1ic:002787389:39015095390434",2026-09-07T13:44:02.571257+00:00,existing
244a7aac-82c3-4f65-9406-912b3440d2e0,"https://quod.lib.umich.edu/c/clark1ic/x-004080633/39015095399898_01|https://quod.lib.umich.edu/cgi/i/image/api/search/clark1ic:004080633|oai:quod.lib.umich.edu:IC-CLARK1IC-X-004080633%5D39015095399898_01|http://name.umdl.umich.edu/IC-CLARK1IC-X-004080633%5D39015095399898_01|https://quod.lib.umich.edu/cgi/i/image/api/thumb/clark1ic/004080633/39015095399898_01/!250,250|https://quod.lib.umich.edu/cgi/i/image/api/manifest/clark1ic:004080633:39015095399898_01|004080633; 244a7aac-82c3-4f65-9406-912b3440d2e0",2026-09-07T13:44:02.571290+00:00,existing
25366754-fb45-42cd-b103-196ae7e7d31b,"https://quod.lib.umich.edu/c/clark1ic/x-009451359/39015091186315|https://quod.lib.umich.edu/cgi/i/image/api/search/clark1ic:009451359|oai:quod.lib.umich.edu:IC-CLARK1IC-X-009451359%5D39015091186315|http://name.umdl.umich.edu/IC-CLARK1IC-X-009451359%5D39015091186315|https://quod.lib.umich.edu/cgi/i/image/api/thumb/clark1ic/009451359/39015091186315/!250,250|https://quod.lib.umich.edu/cgi/i/image/api/manifest/clark1ic:009451359:39015091186315|009451359; 25366754-fb45-42cd-b103-196ae7e7d31b",2026-09-07T13:44:02.571322+00:00,existing
25791eeb-a79d-4e61-bbdd-2a4871c7ac17,"https://quod.lib.umich.edu/c/clark1ic/x-010349131/39015091191810_01|https://quod.lib.umich.edu/cgi/i/image/api/search/clark1ic:010349131|oai:quod.lib.umich.edu:IC-CLARK1IC-X-010349131%5D39015091191810_01|http://name.umdl.umich.edu/IC-CLARK1IC-X-010349131%5D39015091191810_01|https://quod.lib.umich.edu/cgi/i/image/api/thumb/clark1ic/010349131/39015091191810_01/!250,250|https://quod.lib.umich.edu/cgi/i/image/api/manifest/clark1ic:010349131:39015091191810_01|010349131; 25791eeb-a79d-4e61-bbdd-2a4871c7ac17|oai:quod.lib.umich.edu:IC-CLARK1IC-X-010349131%5D39015091191810_02|http://name.umdl.umich.edu/IC-CLARK1IC-X-010349131%5D39015091191810_02|https://quod.lib.umich.edu/cgi/i/image/api/thumb/clark1ic/010349131/39015091191810_02/!250,250|https://quod.lib.umich.edu/cgi/i/image/api/manifest/clark1ic:010349131:39015091191810_02",2026-09-07T13:44:02.571367+00:00,existing
25ae7895-d4ee-481e-8453-04ab2e6c31a1,"https://quod.lib.umich.edu/c/clark1ic/x-003438683/39015091910417|https://quod.lib.umich.edu/cgi/i/image/api/search/clark1ic:003438683|oai:quod.lib.umich.edu:IC-CLARK1IC-X-003438683%5D39015091910417|http://name.umdl.umich.edu/IC-CLARK1IC-X-003438683%5D39015091910417|https://quod.lib.umich.edu/cgi/i/image/api/thumb/clark1ic/003438683/39015091910417/!250,250|https://quod.lib.umich.edu/cgi/i/image/api/manifest/clark1ic:003438683:39015091910417|003438683; 25ae7895-d4ee-481e-8453-04ab2e6c31a1",2026-09-07T13:44:02.571399+00:00,existing
25c6f813-2f3d-497b-9051-ef2f198ef30b,"https://quod.lib.umich.edu/c/clark1ic/x-012502180/39015095391002_01|https://quod.lib.umich.edu/cgi/i/image/api/search/clark1ic:012502180|oai:quod.lib.umich.edu:IC-CLARK1IC-X-012502180%5D39015095391002_01|http://name.umdl.umich.edu/IC-CLARK1IC-X-012502180%5D39015095391002_01|https://quod.lib.umich.edu/cgi/i/image/api/thumb/clark1ic/012502180/39015095391002_01/!250,250|https://quod.lib.umich.edu/cgi/i/image/api/manifest/clark1ic:012502180:39015095391002_01|012502180; 25c6f813-2f3d-497b-9051-ef2f198ef30b|oai:quod.lib.umich.edu:IC-CLARK1IC-X-012502180%5D39015095391002_02|http://name.umdl.umich.edu/IC-CLARK1IC-X-012502180%5D39015095391002_02|https://quod.lib.umich.edu/cgi/i/image/api/thumb/clark1ic/012502180/39015095391002_02/!250,250|https://quod.lib.umich.edu/cgi/i/image/api/manifest/clark1ic:012502180:39015095391002_02",2026-09-07T13:44:02.571446+00:00,existing
25d3736f-3380-418f-8666-181f14617c57,"https://quod.lib.umich.edu/c/clark1ic/x-002457621/39015091921448_01|https://quod.lib.umich.edu/cgi/i/image/api/search/clark1ic:002457621|oai:quod.lib.umich.edu:IC-CLARK1IC-X-002457621%5D39015091921448_01|http://name.umdl.umich.edu/IC-CLARK1IC-X-002457621%5D39015091921448_01|https://quod.lib.umich.edu/cgi/i/image/api/thumb/clark1ic/002457621/39015091921448_01/!250,250|https://quod.lib.umich.edu/cgi/i/image/api/manifest/clark1ic:002457621:39015091921448_01|002457621; 25d3736f-3380-418f-8666-181f14617c57|oai:quod.lib.umich.edu:IC-CLARK1IC-X-002457621%5D39015091921448_02|http://name.umdl.umich.edu/IC-CLARK1IC-X-002457621%5D39015091921448_02|https://quod.lib.umich.edu/cgi/i/image/api/thumb/clark1ic/002457621/39015091921448_02/!250,250|https://quod.lib.umich.edu/cgi/i/image/api/manifest/clark1ic:002457621:39015091921448_02|oai:quod.lib.umich.edu:IC-CLARK1IC-X-002457621%5D39015091921448_03|http://name.umdl.umich.edu/IC-CLARK1IC-X-002457621%5D39015091921448_03|https://quod.lib.umich.edu/cgi/i/image/api/thumb/clark1ic/002457621/39015091921448_03/!250,250|https://quod.lib.umich.edu/cgi/i/image/api/manifest/clark1ic:002457621:39015091921448_03",2026-09-07T13:44:02.571506+00:00,existing
25eb9f31-472e-4a80-9fd6-fa6092e56fb2,"https://quod.lib.umich.edu/c/clark1ic/x-003289146/39015091905243|https://quod.lib.umich.edu/cgi/i/image/api/search/clark1ic:003289146|oai:quod.lib.umich.edu:IC-CLARK1IC-X-003289146%5D39015091905243|http://name.umdl.umich.edu/IC-CLARK1IC-X-003289146%5D39015091905243|https://quod.lib.umich.edu/cgi/i/image/api/thumb/clark1ic/003289146/39015091905243/!250,250|https://quod.lib.umich.edu/cgi/i/image/api/manifest/clark1ic:003289146:39015091905243|003289146; 25eb9f31-472e-4a80-9fd6-fa6092e56fb2",2026-09-07T13:44:02.571539+00:00,existing
26021d4f-f65f-4463-98bd-7bbd398bc8ea,"https://quod.lib.umich.edu/c/clark1ic/x-003200414/39015091192982_01|https://quod.lib.umich.edu/cgi/i/image/api/search/clark1ic:003200414|oai:quod.lib.umich.edu:IC-CLARK1IC-X-003200414%5D39015091192982_01|http://name.umdl.umich.edu/IC-CLARK1IC-X-003200414%5D39015091192982_01|https://quod.lib.umich.edu/cgi/i/image/api/thumb/clark1ic/003200414/39015091192982_01/!250,250|https://quod.lib.umich.edu/cgi/i/image/api/manifest/clark1ic:003200414:39015091192982_01|003200414; 26021d4f-f65f-4463-98bd-7bbd398bc8ea|oai:quod.lib.umich.edu:IC-CLARK1IC-X-003200414%5D39015091192982_02|http://name.umdl.umich.edu/IC-CLARK1IC-X-003200414%5D39015091192982_02|https://quod.lib.umich.edu/cgi/i/image/api/thumb/clark1ic/003200414/39015091192982_02/!250,250|https://quod.lib.umich.edu/cgi/i/image/api/manifest/clark1ic:003200414:39015091192982_02",2026-09-07T13:44:02.571586+00:00,existing
26322a5f-0056-4825-912c-d82ff1d56261,"https://quod.lib.umich.edu/c/clark1ic/x-003281371/39015091891567|https://quod.lib.umich.edu/cgi/i/image/api/search/clark1ic:003281371|oai:quod.lib.umich.edu:IC-CLARK1IC-X-003281371%5D39015091891567|http://name.umdl.umich.edu/IC-CLARK1IC-X-003281371%5D39015091891567|https://quod.lib.umich.edu/cgi/i/image/api/thumb/clark1ic/003281371/39015091891567/!250,250|https://quod.lib.umich.edu/cgi/i/image/api/manifest/clark1ic:003281371:39015091891567|003281371; 26322a5f-0056-4825-912c-d82ff1d56261",2026-09-07T13:44:02.571707+00:00,existing
263590b0-b0b3-4116-83b2-ee3fc8d0ad26,"https://quod.lib.umich.edu/c/clark1ic/x-003284881/39015091191943_01|https://quod.lib.umich.edu/cgi/i/image/api/search/clark1ic:003284881|oai:quod.lib.umich.edu:IC-CLARK1IC-X-003284881%5D39015091191943_01|http://name.umdl.umich.edu/IC-CLARK1IC-X-003284881%5D39015091191943_01|https://quod.lib.umich.edu/cgi/i/image/api/thumb/clark1ic/003284881/39015091191943_01/!250,250|https://quod.lib.umich.edu/cgi/i/image/api/manifest/clark1ic:003284881:39015091191943_01|003284881; 263590b0-b0b3-4116-83b2-ee3fc8d0ad26",2026-09-07T13:44:02.571775+00:00,existing
26998cee-028f-47ad-b69b-019f8b05bc6f,"https://quod.lib.umich.edu/c/clark1ic/x-004154474/39015091197791|https://quod.lib.umich.edu/cgi/i/image/api/search/clark1ic:004154474|oai:quod.lib.umich.edu:IC-CLARK1IC-X-004154474%5D39015091197791|http://name.umdl.umich.edu/IC-CLARK1IC-X-004154474%5D39015091197791|https://quod.lib.umich.edu/cgi/i/image/api/thumb/clark1ic/004154474/39015091197791/!250,250|https://quod.lib.umich.edu/cgi/i/image/api/manifest/clark1ic:004154474:39015091197791|004154474; 26998cee-028f-47ad-b69b-019f8b05bc6f",2026-09-07T13:44:02.571824+00:00,existing
26ac9485-0f59-499e-a6af-6fce436089ad,"https://quod.lib.umich.edu/c/clark1ic/x-005548840/39015091193816_01|https://quod.lib.umich.edu/cgi/i/image/api/search/clark1ic:005548840|oai:quod.lib.umich.edu:IC-CLARK1IC-X-005548840%5D39015091193816_01|http://name.umdl.umich.edu/IC-CLARK1IC-X-005548840%5D39015091193816_01|https://quod.lib.umich.edu/cgi/i/image/api/thumb/clark1ic/005548840/39015091193816_01/!250,250|https://quod.lib.umich.edu/cgi/i/image/api/manifest/clark1ic:005548840:39015091193816_01|005548840; 26ac9485-0f59-499e-a6af-6fce436089ad|oai:quod.lib.umich.edu:IC-CLARK1IC-X-005548840%5D39015091193816_02|http://name.umdl.umich.edu/IC-CLARK1IC-X-005548840%5D39015091193816_02|https://quod.lib.umich.edu/cgi/i/image/api/thumb/clark1ic/005548840/39015091193816_02/!250,250|https://quod.lib.umich.edu/cgi/i/image/api/manifest/clark1ic:005548840:39015091193816_02",2026-09-07T13:44:02.571882+00:00,existing
272f9503-7da7-4444-b713-a4f836d9fb7c,"https://quod.lib.umich.edu/c/clark1ic/x-006776128/39015091186281|https://quod.lib.umich.edu/cgi/i/image/api/search/clark1ic:006776128|oai:quod.lib.umich.edu:IC-CLARK1IC-X-006776128%5D39015091186281|http://name.umdl.umich.edu/IC-CLARK1IC-X-006776128%5D39015091186281|https://quod.lib.umich.edu/cgi/i/image/api/thumb/clark1ic/006776128/39015091186281/!250,250|https://quod.lib.umich.edu/cgi/i/image/api/manifest/clark1ic:006776128:39015091186281|006776128; 272f9503-7da7-4444-b713-a4f836d9fb7c",2026-09-07T13:44:02.571922+00:00,existing
2769ab8b-5b4e-43df-b777-45f892ea7d94,"https://quod.lib.umich.edu/c/clark1ic/x-003281790/39015091905169|https://quod.lib.umich.edu/cgi/i/image/api/search/clark1ic:003281790|oai:quod.lib.umich.edu:IC-CLARK1IC-X-003281790%5D39015091905169|http://name.umdl.umich.edu/IC-CLARK1IC-X-003281790%5D39015091905169|https://quod.lib.umich.edu/cgi/i/image/api/thumb/clark1ic/003281790/39015091905169/!250,250|https://quod.lib.umich.edu/cgi/i/image/api/manifest/clark1ic:003281790:39015091905169|003281790; 2769ab8b-5b4e-43df-b777-45f892ea7d94",2026-09-07T13:44:02.571961+00:00,existing
27730108-bd8d-4b53-af96-fd8e4b131162,"https://quod.lib.umich.edu/c/clark1ic/x-003280280/39015091200199|https://quod.lib.umich.edu/cgi/i/image/api/search/clark1ic:003280280|oai:quod.lib.umich.edu:IC-CLARK1IC-X-003280280%5D39015091200199|http://name.umdl.umich.edu/IC-CLARK1IC-X-003280280%5D39015091200199|https://quod.lib.umich.edu/cgi/i/image/api/thumb/clark1ic/003280280/39015091200199/!250,250|https://quod.lib.umich.edu/cgi/i/image/api/manifest/clark1ic:003280280:39015091200199|003280280; 27730108-bd8d-4b53-af96-fd8e4b131162",2026-09-07T13:44:02.571998+00:00,existing
2826c141-1f6e-47a3-b1cb-cf1336762b6c,"https://quod.lib.umich.edu/c/clark1ic/x-003296879/39015091186042|https://quod.lib.umich.edu/cgi/i/image/api/search/clark1ic:003296879|oai:quod.lib.umich.edu:IC-CLARK1IC-X-003296879%5D39015091186042|http://name.umdl.umich.edu/IC-CLARK1IC-X-003296879%5D39015091186042|https://quod.lib.umich.edu/cgi/i/image/api/thumb/clark1ic/003296879/39015091186042/!250,250|https://quod.lib.umich.edu/cgi/i/image/api/manifest/clark1ic:003296879:39015091186042|003296879; 2826c141-1f6e-47a3-b1cb-cf1336762b6c",2026-09-07T13:44:02.572034+00:00,existing
288abeb1-2a9b-493e-b420-31be677d1fd0,"https://quod.lib.umich.edu/c/clark1ic/x-005276120/39015091195688|https://quod.lib.umich.edu/cgi/i/image/api/search/clark1ic:005276120|oai:quod.lib.umich.edu:IC-CLARK1IC-X-005276120%5D39015091195688|http://name.umdl.umich.edu/IC-CLARK1IC-X-005276120%5D39015091195688|https://quod.lib.umich.edu/cgi/i/image/api/thumb/clark1ic/005276120/39015091195688/!250,250|https://quod.lib.umich.edu/cgi/i/image/api/manifest/clark1ic:005276120:39015091195688|005276120; 288abeb1-2a9b-493e-b420-31be677d1fd0",2026-09-07T13:44:02.572070+00:00,existing
28d6972a-c6c6-4542-a4cc-ec72c37963ce,"https://quod.lib.umich.edu/c/clark1ic/x-001838564/39015091905110_01|https://quod.lib.umich.edu/cgi/i/image/api/search/clark1ic:001838564|oai:quod.lib.umich.edu:IC-CLARK1IC-X-001838564%5D39015091905110_01|http://name.umdl.umich.edu/IC-CLARK1IC-X-001838564%5D39015091905110_01|https://quod.lib.umich.edu/cgi/i/image/api/thumb/clark1ic/001838564/39015091905110_01/!250,250|https://quod.lib.umich.edu/cgi/i/image/api/manifest/clark1ic:001838564:39015091905110_01|001838564; 28d6972a-c6c6-4542-a4cc-ec72c37963ce|oai:quod.lib.umich.edu:IC-CLARK1IC-X-001838564%5D39015091905110_02|http://name.umdl.umich.edu/IC-CLARK1IC-X-001838564%5D39015091905110_02|https://quod.lib.umich.edu/cgi/i/image/api/thumb/clark1ic/001838564/39015091905110_02/!250,250|https://quod.lib.umich.edu/cgi/i/image/api/manifest/clark1ic:001838564:39015091905110_02",2026-09-07T13:44:02.572121+00:00,existing
28d98b7f-be66-4a2b-b57e-0474889bd662,"https://quod.lib.umich.edu/c/clark1ic/x-003282128/39015091197213|https://quod.lib.umich.edu/cgi/i/image/api/search/clark1ic:003282128|oai:quod.lib.umich.edu:IC-CLARK1IC-X-003282128%5D39015091197213|http://name.umdl.umich.edu/IC-CLARK1IC-X-003282128%5D39015091197213|https://quod.lib.umich.edu/cgi/i/image/api/thumb/clark1ic/003282128/39015091197213/!250,250|https://quod.lib.umich.edu/cgi/i/image/api/manifest/clark1ic:003282128:39015091197213|003282128; 28d98b7f-be66-4a2b-b57e-0474889bd662",2026-09-07T13:44:02.572156+00:00,existing
290bc19a-9bed-4d84-a082-69be252d38d0,"https://quod.lib.umich.edu/c/clark1ic/x-003281948/39015091195142|https://quod.lib.umich.edu/cgi/i/image/api/search/clark1ic:003281948|oai:quod.lib.umich.edu:IC-CLARK1IC-X-003281948%5D39015091195142|http://name.umdl.umich.edu/IC-CLARK1IC-X-003281948%5D39015091195142|https://quod.lib.umich.edu/cgi/i/image/api/thumb/clark1ic/003281948/39015091195142/!250,250|https://quod.lib.umich.edu/cgi/i/image/api/manifest/clark1ic:003281948:39015091195142|003281948; 290bc19a-9bed-4d84-a082-69be252d38d0",2026-09-07T13:44:02.572190+00:00,existing
2911d63b-cbb8-4282-ba56-ef079a0015b4,"https://quod.lib.umich.edu/c/clark1ic/x-003278749/39015091886682|https://quod.lib.umich.edu/cgi/i/image/api/search/clark1ic:003278749|oai:quod.lib.umich.edu:IC-CLARK1IC-X-003278749%5D39015091886682|http://name.umdl.umich.edu/IC-CLARK1IC-X-003278749%5D39015091886682|https://quod.lib.umich.edu/cgi/i/image/api/thumb/clark1ic/003278749/39015091886682/!250,250|https://quod.lib.umich.edu/cgi/i/image/api/manifest/clark1ic:003278749:39015091886682|003278749; 2911d63b-cbb8-4282-ba56-ef079a0015b4",2026-09-07T13:44:02.572224+00:00,existing
298fa907-caec-44fe-a6c8-010d034fbea0,"https://quod.lib.umich.edu/c/clark1ic/x-000887330/39015091195340|https://quod.lib.umich.edu/cgi/i/image/api/search/clark1ic:000887330|oai:quod.lib.umich.edu:IC-CLARK1IC-X-000887330%5D39015091195340|http://name.umdl.umich.edu/IC-CLARK1IC-X-000887330%5D39015091195340|https://quod.lib.umich.edu/cgi/i/image/api/thumb/clark1ic/000887330/39015091195340/!250,250|https://quod.lib.umich.edu/cgi/i/image/api/manifest/clark1ic:000887330:39015091195340|000887330; 298fa907-caec-44fe-a6c8-010d034fbea0",2026-09-07T13:44:02.572259+00:00,existing
29998def-cd6b-41c0-a7d4-c6c2be1558bb,"https://quod.lib.umich.edu/c/clark1ic/x-012525686/39015091194160_01|https://quod.lib.umich.edu/cgi/i/image/api/search/clark1ic:012525686|oai:quod.lib.umich.edu:IC-CLARK1IC-X-012525686%5D39015091194160_01|http://name.umdl.umich.edu/IC-CLARK1IC-X-012525686%5D39015091194160_01|https://quod.lib.umich.edu/cgi/i/image/api/thumb/clark1ic/012525686/39015091194160_01/!250,250|https://quod.lib.umich.edu/cgi/i/image/api/manifest/clark1ic:012525686:39015091194160_01|012525686; 29998def-cd6b-41c0-a7d4-c6c2be1558bb|oai:quod.lib.umich.edu:IC-CLARK1IC-X-012525686%5D39015091194160_02|http://name.umdl.umich.edu/IC-CLARK1IC-X-012525686%5D39015091194160_02|https://quod.lib.umich.edu/cgi/i/image/api/thumb/clark1ic/012525686/39015091194160_02/!250,250|https://quod.lib.umich.edu/cgi/i/image/api/manifest/clark1ic:012525686:39015091194160_02",2026-09-07T13:44:02.572308+00:00,existing
29c164a2-801f-4e96-ab03-c0b37444f663,"https://quod.lib.umich.edu/c/clark1ic/x-003560564/39015091901754_0001|https://quod.lib.umich.edu/cgi/i/image/api/search/clark1ic:003560564|oai:quod.lib.umich.edu:IC-CLARK1IC-X-003560564%5D39015091901754_0001|http://name.umdl.umich.edu/IC-CLARK1IC-X-003560564%5D39015091901754_0001|https://quod.lib.umich.edu/cgi/i/image/api/thumb/clark1ic/003560564/39015091901754_0001/!250,250|https://quod.lib.umich.edu/cgi/i/image/api/manifest/clark1ic:003560564:39015091901754_0001|003560564; 29c164a2-801f-4e96-ab03-c0b37444f663",2026-09-07T13:44:02.572345+00:00,existing
29d6a3af-0cbb-4287-b7df-e27296fba3c4,"https://quod.lib.umich.edu/c/clark1ic/x-003277927/39015091196934|https://quod.lib.umich.edu/cgi/i/image/api/search/clark1ic:003277927|oai:quod.lib.umich.edu:IC-CLARK1IC-X-003277927%5D39015091196934|http://name.umdl.umich.edu/IC-CLARK1IC-X-003277927%5D39015091196934|https://quod.lib.umich.edu/cgi/i/image/api/thumb/clark1ic/003277927/39015091196934/!250,250|https://quod.lib.umich.edu/cgi/i/image/api/manifest/clark1ic:003277927:39015091196934|003277927; 29d6a3af-0cbb-4287-b7df-e27296fba3c4",2026-09-07T13:44:02.572379+00:00,existing
29f7a92e-5baa-4d25-90da-9d12d931221e,"https://quod.lib.umich.edu/c/clark1ic/x-010557986/39015091195001|https://quod.lib.umich.edu/cgi/i/image/api/search/clark1ic:010557986|oai:quod.lib.umich.edu:IC-CLARK1IC-X-010557986%5D39015091195001|http://name.umdl.umich.edu/IC-CLARK1IC-X-010557986%5D39015091195001|https://quod.lib.umich.edu/cgi/i/image/api/thumb/clark1ic/010557986/39015091195001/!250,250|https://quod.lib.umich.edu/cgi/i/image/api/manifest/clark1ic:010557986:39015091195001|010557986; 29f7a92e-5baa-4d25-90da-9d12d931221e",2026-09-07T13:44:02.572412+00:00,existing
2a8bdf3c-f8e8-4a25-bcc7-1fff39fb29b8,"https://quod.lib.umich.edu/c/clark1ic/x-005143447/39015091192891_01|https://quod.lib.umich.edu/cgi/i/image/api/search/clark1ic:005143447|oai:quod.lib.umich.edu:IC-CLARK1IC-X-005143447%5D39015091192891_01|http://name.umdl.umich.edu/IC-CLARK1IC-X-005143447%5D39015091192891_01|https://quod.lib.umich.edu/cgi/i/image/api/thumb/clark1ic/005143447/39015091192891_01/!250,250|https://quod.lib.umich.edu/cgi/i/image/api/manifest/clark1ic:005143447:39015091192891_01|005143447; 2a8bdf3c-f8e8-4a25-bcc7-1fff39fb29b8|oai:quod.lib.umich.edu:IC-CLARK1IC-X-005143447%5D39015091192891_02|http://name.umdl.umich.edu/IC-CLARK1IC-X-005143447%5D39015091192891_02|https://quod.lib.umich.edu/cgi/i/image/api/thumb/clark1ic/005143447/39015091192891_02/!250,250|https://quod.lib.umich.edu/cgi/i/image/api/manifest/clark1ic:005143447:39015091192891_02",2026-09-07T13:44:02.572460+00:00,existing
2af45f8d-b618-41a7-85a7-4368345b2d35,"https://quod.lib.umich.edu/c/clark1ic/x-003282126/39015091197098|https://quod.lib.umich.edu/cgi/i/image/api/search/clark1ic:003282126|oai:quod.lib.umich.edu:IC-CLARK1IC-X-003282126%5D39015091197098|http://name.umdl.umich.edu/IC-CLARK1IC-X-003282126%5D39015091197098|https://quod.lib.umich.edu/cgi/i/image/api/thumb/clark1ic/003282126/39015091197098/!250,250|https://quod.lib.umich.edu/cgi/i/image/api/manifest/clark1ic:003282126:39015091197098|003282126; 2af45f8d-b618-41a7-85a7-4368345b2d35",2026-09-07T13:44:02.572492+00:00,existing
2b18fabd-aa1b-42a7-82bd-d955f28334ff,"https://quod.lib.umich.edu/c/clark1ic/x-005033897/39015091196249_01|https://quod.lib.umich.edu/cgi/i/image/api/search/clark1ic:005033897|oai:quod.lib.umich.edu:IC-CLARK1IC-X-005033897%5D39015091196249_01|http://name.umdl.umich.edu/IC-CLARK1IC-X-005033897%5D39015091196249_01|https://quod.lib.umich.edu/cgi/i/image/api/thumb/clark1ic/005033897/39015091196249_01/!250,250|https://quod.lib.umich.edu/cgi/i/image/api/manifest/clark1ic:005033897:39015091196249_01|005033897; 2b18fabd-aa1b-42a7-82bd-d955f28334ff|oai:quod.lib.umich.edu:IC-CLARK1IC-X-005033897%5D39015091196249_02|http://name.umdl.umich.edu/IC-CLARK1IC-X-005033897%5D39015091196249_02|https://quod.lib.umich.edu/cgi/i/image/api/thumb/clark1ic/005033897/39015091196249_02/!250,250|https://quod.lib.umich.edu/cgi/i/image/api/manifest/clark1ic:005033897:39015091196249_02",2026-09-07T13:44:02.572537+00:00,existing
2b40dbac-b2ae-4e20-ba52-1d4b72a99993,"https://quod.lib.umich.edu/c/clark1ic/x-005112392/39015091186596|https://quod.lib.umich.edu/cgi/i/image/api/search/clark1ic:005112392|oai:quod.lib.umich.edu:IC-CLARK1IC-X-005112392%5D39015091186596|http://name.umdl.umich.edu/IC-CLARK1IC-X-005112392%5D39015091186596|https://quod.lib.umich.edu/cgi/i/image/api/thumb/clark1ic/005112392/39015091186596/!250,250|https://quod.lib.umich.edu/cgi/i/image/api/manifest/clark1ic:005112392:39015091186596|005112392; 2b40dbac-b2ae-4e20-ba52-1d4b72a99993",2026-09-07T13:44:02.572570+00:00,existing
2b616a5d-7e9e-4234-ac45-da7d46764c20,"https://quod.lib.umich.edu/c/clark1ic/x-003281640/39015091196546|https://quod.lib.umich.edu/cgi/i/image/api/search/clark1ic:003281640|oai:quod.lib.umich.edu:IC-CLARK1IC-X-003281640%5D39015091196546|http://name.umdl.umich.edu/IC-CLARK1IC-X-003281640%5D39015091196546|https://quod.lib.umich.edu/cgi/i/image/api/thumb/clark1ic/003281640/39015091196546/!250,250|https://quod.lib.umich.edu/cgi/i/image/api/manifest/clark1ic:003281640:39015091196546|003281640; 2b616a5d-7e9e-4234-ac45-da7d46764c20",2026-09-07T13:44:02.572603+00:00,existing
2c0b8775-4548-4295-909f-9e2e82081ba8,"https://quod.lib.umich.edu/c/clark1ic/x-003284871/39015091191984_01|https://quod.lib.umich.edu/cgi/i/image/api/search/clark1ic:003284871|oai:quod.lib.umich.edu:IC-CLARK1IC-X-003284871%5D39015091191984_01|http://name.umdl.umich.edu/IC-CLARK1IC-X-003284871%5D39015091191984_01|https://quod.lib.umich.edu/cgi/i/image/api/thumb/clark1ic/003284871/39015091191984_01/!250,250|https://quod.lib.umich.edu/cgi/i/image/api/manifest/clark1ic:003284871:39015091191984_01|003284871; 2c0b8775-4548-4295-909f-9e2e82081ba8|oai:quod.lib.umich.edu:IC-CLARK1IC-X-003284871%5D39015091191984_02|http://name.umdl.umich.edu/IC-CLARK1IC-X-003284871%5D39015091191984_02|https://quod.lib.umich.edu/cgi/i/image/api/thumb/clark1ic/003284871/39015091191984_02/!250,250|https://quod.lib.umich.edu/cgi/i/image/api/manifest/clark1ic:003284871:39015091191984_02",2026-09-07T13:44:02.572648+00:00,existing
2c4a43db-b69e-4fbb-ac6d-b52bbe88faef,"https://quod.lib.umich.edu/c/clark1ic/x-012543974/39015091191471_01|https://quod.lib.umich.edu/cgi/i/image/api/search/clark1ic:012543974|oai:quod.lib.umich.edu:IC-CLARK1IC-X-012543974%5D39015091191471_01|http://name.umdl.umich.edu/IC-CLARK1IC-X-012543974%5D39015091191471_01|https://quod.lib.umich.edu/cgi/i/image/api/thumb/clark1ic/012543974/39015091191471_01/!250,250|https://quod.lib.umich.edu/cgi/i/image/api/manifest/clark1ic:012543974:39015091191471_01|012543974; 2c4a43db-b69e-4fbb-ac6d-b52bbe88faef|oai:quod.lib.umich.edu:IC-CLARK1IC-X-012543974%5D39015091191471_02|http://name.umdl.umich.edu/IC-CLARK1IC-X-012543974%5D39015091191471_02|https://quod.lib.umich.edu/cgi/i/image/api/thumb/clark1ic/012543974/39015091191471_02/!250,250|https://quod.lib.umich.edu/cgi/i/image/api/manifest/clark1ic:012543974:39015091191471_02",2026-09-07T13:44:02.572692+00:00,existing
2c8e0745-7ce6-4255-beb4-250c4d5b56a8,"https://quod.lib.umich.edu/c/clark1ic/x-000081780/39015091905250|https://quod.lib.umich.edu/cgi/i/image/api/search/clark1ic:000081780|oai:quod.lib.umich.edu:IC-CLARK1IC-X-000081780%5D39015091905250|http://name.umdl.umich.edu/IC-CLARK1IC-X-000081780%5D39015091905250|https://quod.lib.umich.edu/cgi/i/image/api/thumb/clark1ic/000081780/39015091905250/!250,250|https://quod.lib.umich.edu/cgi/i/image/api/manifest/clark1ic:000081780:39015091905250|000081780; 2c8e0745-7ce6-4255-beb4-250c4d5b56a8",2026-09-07T13:44:02.572724+00:00,existing
2c8ff9e7-b289-4089-bf73-c28602ec89d1,"https://quod.lib.umich.edu/c/clark1ic/x-003262991/39015091901606_0001|https://quod.lib.umich.edu/cgi/i/image/api/search/clark1ic:003262991|oai:quod.lib.umich.edu:IC-CLARK1IC-X-003262991%5D39015091901606_0001|http://name.umdl.umich.edu/IC-CLARK1IC-X-003262991%5D39015091901606_0001|https://quod.lib.umich.edu/cgi/i/image/api/thumb/clark1ic/003262991/39015091901606_0001/!250,250|https://quod.lib.umich.edu/cgi/i/image/api/manifest/clark1ic:003262991:39015091901606_0001|003262991; 2c8ff9e7-b289-4089-bf73-c28602ec89d1",2026-09-07T13:44:02.572763+00:00,existing
2ca8ad83-543f-4333-b83b-caa9174f9e95,"https://quod.lib.umich.edu/c/clark1ic/x-012519591/39015095390889|https://quod.lib.umich.edu/cgi/i/image/api/search/clark1ic:012519591|oai:quod.lib.umich.edu:IC-CLARK1IC-X-012519591%5D39015095390889|http://name.umdl.umich.edu/IC-CLARK1IC-X-012519591%5D39015095390889|https://quod.lib.umich.edu/cgi/i/image/api/thumb/clark1ic/012519591/39015095390889/!250,250|https://quod.lib.umich.edu/cgi/i/image/api/manifest/clark1ic:012519591:39015095390889|012519591; 2ca8ad83-543f-4333-b83b-caa9174f9e95",2026-09-07T13:44:02.572798+00:00,existing
2cb57364-5b56-4c18-8f1d-34702566df57,"https://quod.lib.umich.edu/c/clark1ic/x-004077744/39015091193279_01|https://quod.lib.umich.edu/cgi/i/image/api/search/clark1ic:004077744|oai:quod.lib.umich.edu:IC-CLARK1IC-X-004077744%5D39015091193279_01|http://name.umdl.umich.edu/IC-CLARK1IC-X-004077744%5D39015091193279_01|https://quod.lib.umich.edu/cgi/i/image/api/thumb/clark1ic/004077744/39015091193279_01/!250,250|https://quod.lib.umich.edu/cgi/i/image/api/manifest/clark1ic:004077744:39015091193279_01|004077744; 2cb57364-5b56-4c18-8f1d-34702566df57|oai:quod.lib.umich.edu:IC-CLARK1IC-X-004077744%5D39015091193279_02|http://name.umdl.umich.edu/IC-CLARK1IC-X-004077744%5D39015091193279_02|https://quod.lib.umich.edu/cgi/i/image/api/thumb/clark1ic/004077744/39015091193279_02/!250,250|https://quod.lib.umich.edu/cgi/i/image/api/manifest/clark1ic:004077744:39015091193279_02",2026-09-07T13:44:02.572842+00:00,existing
2ccd7eb9-dcf5-45fa-91b9-fb78c9b58364,"https://quod.lib.umich.edu/c/clark1ic/x-000081025/39015091183684|https://quod.lib.umich.edu/cgi/i/image/api/search/clark1ic:000081025|oai:quod.lib.umich.edu:IC-CLARK1IC-X-000081025%5D39015091183684|http://name.umdl.umich.edu/IC-CLARK1IC-X-000081025%5D39015091183684|https://quod.lib.umich.edu/cgi/i/image/api/thumb/clark1ic/000081025/39015091183684/!250,250|https://quod.lib.umich.edu/cgi/i/image/api/manifest/clark1ic:000081025:39015091183684|000081025; 2ccd7eb9-dcf5-45fa-91b9-fb78c9b58364",2026-09-07T13:44:02.572874+00:00,existing
2ce10a58-87b8-4d55-8889-ddafb6591ff1,"https://quod.lib.umich.edu/c/clark1ic/x-003282377/39015091916570|https://quod.lib.umich.edu/cgi/i/image/api/search/clark1ic:003282377|oai:quod.lib.umich.edu:IC-CLARK1IC-X-003282377%5D39015091916570|http://name.umdl.umich.edu/IC-CLARK1IC-X-003282377%5D39015091916570|https://quod.lib.umich.edu/cgi/i/image/api/thumb/clark1ic/003282377/39015091916570/!250,250|https://quod.lib.umich.edu/cgi/i/image/api/manifest/clark1ic:003282377:39015091916570|003282377; 2ce10a58-87b8-4d55-8889-ddafb6591ff1",2026-09-07T13:44:02.572905+00:00,existing
2ce77ee8-cc9e-4a13-96bd-964a684cd82a,"https://quod.lib.umich.edu/c/clark1ic/x-003928746/39015091187198|https://quod.lib.umich.edu/cgi/i/image/api/search/clark1ic:003928746|oai:quod.lib.umich.edu:IC-CLARK1IC-X-003928746%5D39015091187198|http://name.umdl.umich.edu/IC-CLARK1IC-X-003928746%5D39015091187198|https://quod.lib.umich.edu/cgi/i/image/api/thumb/clark1ic/003928746/39015091187198/!250,250|https://quod.lib.umich.edu/cgi/i/image/api/manifest/clark1ic:003928746:39015091187198|003928746; 2ce77ee8-cc9e-4a13-96bd-964a684cd82a",2026-09-07T13:44:02.572937+00:00,existing
2d2c1d54-6145-48c4-955c-180e3f7709a4,"https://quod.lib.umich.edu/c/clark1ic/x-002569152/39015095388826|https://quod.lib.umich.edu/cgi/i/image/api/search/clark1ic:002569152|oai:quod.lib.umich.edu:IC-CLARK1IC-X-002569152%5D39015095388826|http://name.umdl.umich.edu/IC-CLARK1IC-X-002569152%5D39015095388826|https://quod.lib.umich.edu/cgi/i/image/api/thumb/clark1ic/002569152/39015095388826/!250,250|https://quod.lib.umich.edu/cgi/i/image/api/manifest/clark1ic:002569152:39015095388826|002569152; 2d2c1d54-6145-48c4-955c-180e3f7709a4",2026-09-07T13:44:02.572968+00:00,existing
2d479b9f-3ffe-4777-96e3-81f2c3ebacc6,"https://quod.lib.umich.edu/c/clark1ic/x-000861738/39015091195217|https://quod.lib.umich.edu/cgi/i/image/api/search/clark1ic:000861738|oai:quod.lib.umich.edu:IC-CLARK1IC-X-000861738%5D39015091195217|http://name.umdl.umich.edu/IC-CLARK1IC-X-000861738%5D39015091195217|https://quod.lib.umich.edu/cgi/i/image/api/thumb/clark1ic/000861738/39015091195217/!250,250|https://quod.lib.umich.edu/cgi/i/image/api/manifest/clark1ic:000861738:39015091195217|000861738; 2d479b9f-3ffe-4777-96e3-81f2c3ebacc6",2026-09-07T13:44:02.572999+00:00,existing
2d4c8faf-950a-4814-a3d5-550999826e32,"https://quod.lib.umich.edu/c/clark1ic/x-010349261/39015091192354_01|https://quod.lib.umich.edu/cgi/i/image/api/search/clark1ic:010349261|oai:quod.lib.umich.edu:IC-CLARK1IC-X-010349261%5D39015091192354_01|http://name.umdl.umich.edu/IC-CLARK1IC-X-010349261%5D39015091192354_01|https://quod.lib.umich.edu/cgi/i/image/api/thumb/clark1ic/010349261/39015091192354_01/!250,250|https://quod.lib.umich.edu/cgi/i/image/api/manifest/clark1ic:010349261:39015091192354_01|010349261; 2d4c8faf-950a-4814-a3d5-550999826e32|oai:quod.lib.umich.edu:IC-CLARK1IC-X-010349261%5D39015091192354_02|http://name.umdl.umich.edu/IC-CLARK1IC-X-010349261%5D39015091192354_02|https://quod.lib.umich.edu/cgi/i/image/api/thumb/clark1ic/010349261/39015091192354_02/!250,250|https://quod.lib.umich.edu/cgi/i/image/api/manifest/clark1ic:010349261:39015091192354_02",2026-09-07T13:44:02.573043+00:00,existing
2d769346-7432-4395-a2ca-e2c7640514d0,"https://quod.lib.umich.edu/c/clark1ic/x-003928274/39015095398874|https://quod.lib.umich.edu/cgi/i/image/api/search/clark1ic:003928274|oai:quod.lib.umich.edu:IC-CLARK1IC-X-003928274%5D39015095398874|http://name.umdl.umich.edu/IC-CLARK1IC-X-003928274%5D39015095398874|https://quod.lib.umich.edu/cgi/i/image/api/thumb/clark1ic/003928274/39015095398874/!250,250|https://quod.lib.umich.edu/cgi/i/image/api/manifest/clark1ic:003928274:39015095398874|003928274; 2d769346-7432-4395-a2ca-e2c7640514d0",2026-09-07T13:44:02.573074+00:00,existing
2e21d78d-b189-4bbe-bddf-c3ee6b07f676,"https://quod.lib.umich.edu/c/clark1ic/x-004182123/39015049936415|https://quod.lib.umich.edu/cgi/i/image/api/search/clark1ic:004182123|oai:quod.lib.umich.edu:IC-CLARK1IC-X-004182123%5D39015049936415|http://name.umdl.umich.edu/IC-CLARK1IC-X-004182123%5D39015049936415|https://quod.lib.umich.edu/cgi/i/image/api/thumb/clark1ic/004182123/39015049936415/!250,250|https://quod.lib.umich.edu/cgi/i/image/api/manifest/clark1ic:004182123:39015049936415|004182123; 2e21d78d-b189-4bbe-bddf-c3ee6b07f676",2026-09-07T13:44:02.573105+00:00,existing
2e239714-e34b-49cd-8c72-1a8584726729,"https://quod.lib.umich.edu/c/clark1ic/x-004256886/39015091197296|https://quod.lib.umich.edu/cgi/i/image/api/search/clark1ic:004256886|oai:quod.lib.umich.edu:IC-CLARK1IC-X-004256886%5D39015091197296|http://name.umdl.umich.edu/IC-CLARK1IC-X-004256886%5D39015091197296|https://quod.lib.umich.edu/cgi/i/image/api/thumb/clark1ic/004256886/39015091197296/!250,250|https://quod.lib.umich.edu/cgi/i/image/api/manifest/clark1ic:004256886:39015091197296|004256886; 2e239714-e34b-49cd-8c72-1a8584726729",2026-09-07T13:44:02.573138+00:00,existing
2e711069-4652-43b2-ba5a-acbc0cc88c48,"https://quod.lib.umich.edu/c/clark1ic/x-012520269/39015091191430_01|https://quod.lib.umich.edu/cgi/i/image/api/search/clark1ic:012520269|oai:quod.lib.umich.edu:IC-CLARK1IC-X-012520269%5D39015091191430_01|http://name.umdl.umich.edu/IC-CLARK1IC-X-012520269%5D39015091191430_01|https://quod.lib.umich.edu/cgi/i/image/api/thumb/clark1ic/012520269/39015091191430_01/!250,250|https://quod.lib.umich.edu/cgi/i/image/api/manifest/clark1ic:012520269:39015091191430_01|012520269; 2e711069-4652-43b2-ba5a-acbc0cc88c48|oai:quod.lib.umich.edu:IC-CLARK1IC-X-012520269%5D39015091191430_02|http://name.umdl.umich.edu/IC-CLARK1IC-X-012520269%5D39015091191430_02|https://quod.lib.umich.edu/cgi/i/image/api/thumb/clark1ic/012520269/39015091191430_02/!250,250|https://quod.lib.umich.edu/cgi/i/image/api/manifest/clark1ic:012520269:39015091191430_02",2026-09-07T13:44:02.573182+00:00,existing
2e75fff7-1ab4-4e05-a71d-ac660903c803,"https://quod.lib.umich.edu/c/clark1ic/x-002981081/39015091200108|https://quod.lib.umich.edu/cgi/i/image/api/search/clark1ic:002981081|oai:quod.lib.umich.edu:IC-CLARK1IC-X-002981081%5D39015091200108|http://name.umdl.umich.edu/IC-CLARK1IC-X-002981081%5D39015091200108|https://quod.lib.umich.edu/cgi/i/image/api/thumb/clark1ic/002981081/39015091200108/!250,250|https://quod.lib.umich.edu/cgi/i/image/api/manifest/clark1ic:002981081:39015091200108|002981081; 2e75fff7-1ab4-4e05-a71d-ac660903c803|oai:quod.lib.umich.edu:IC-CLARK1IC-X-002981081%5D39015091200108_0001|http://name.umdl.umich.edu/IC-CLARK1IC-X-002981081%5D39015091200108_0001|https://quod.lib.umich.edu/cgi/i/image/api/thumb/clark1ic/002981081/39015091200108_0001/!250,250|https://quod.lib.umich.edu/cgi/i/image/api/manifest/clark1ic:002981081:39015091200108_0001|oai:quod.lib.umich.edu:IC-CLARK1IC-X-002981081%5D39015091200116|http://name.umdl.umich.edu/IC-CLARK1IC-X-002981081%5D39015091200116|https://quod.lib.umich.edu/cgi/i/image/api/thumb/clark1ic/002981081/39015091200116/!250,250|https://quod.lib.umich.edu/cgi/i/image/api/manifest/clark1ic:002981081:39015091200116|oai:quod.lib.umich.edu:IC-CLARK1IC-X-002981081%5D39015091200124|http://name.umdl.umich.edu/IC-CLARK1IC-X-002981081%5D39015091200124|https://quod.lib.umich.edu/cgi/i/image/api/thumb/clark1ic/002981081/39015091200124/!250,250|https://quod.lib.umich.edu/cgi/i/image/api/manifest/clark1ic:002981081:39015091200124|oai:quod.lib.umich.edu:IC-CLARK1IC-X-002981081%5D39015091200132|http://name.umdl.umich.edu/IC-CLARK1IC-X-002981081%5D39015091200132|https://quod.lib.umich.edu/cgi/i/image/api/thumb/clark1ic/002981081/39015091200132/!250,250|https://quod.lib.umich.edu/cgi/i/image/api/manifest/clark1ic:002981081:39015091200132",2026-09-07T13:44:02.573267+00:00,existing
2e7679b6-a7c3-4bf2-b702-286784d7324a,"https://quod.lib.umich.edu/c/clark1ic/x-008557708/39015091903776|https://quod.lib.umich.edu/cgi/i/image/api/search/clark1ic:008557708|oai:quod.lib.umich.edu:IC-CLARK1IC-X-008557708%5D39015091903776|http://name.umdl.umich.edu/IC-CLARK1IC-X-008557708%5D39015091903776|https://quod.lib.umich.edu/cgi/i/image/api/thumb/clark1ic/008557708/39015091903776/!250,250|https://quod.lib.umich.edu/cgi/i/image/api/manifest/clark1ic:008557708:39015091903776|008557708; 2e7679b6-a7c3-4bf2-b702-286784d7324a",2026-09-07T13:44:02.573299+00:00,existing
2e877101-d776-4646-b09d-5e38b83b894a,"https://quod.lib.umich.edu/c/clark1ic/x-003057806/39015091195365|https://quod.lib.umich.edu/cgi/i/image/api/search/clark1ic:003057806|oai:quod.lib.umich.edu:IC-CLARK1IC-X-003057806%5D39015091195365|http://name.umdl.umich.edu/IC-CLARK1IC-X-003057806%5D39015091195365|https://quod.lib.umich.edu/cgi/i/image/api/thumb/clark1ic/003057806/39015091195365/!250,250|https://quod.lib.umich.edu/cgi/i/image/api/manifest/clark1ic:003057806:39015091195365|003057806; 2e877101-d776-4646-b09d-5e38b83b894a",2026-09-07T13:44:02.573330+00:00,existing
2ece81ca-a3dc-4e5a-b84c-82d9e7ddc98c,"https://quod.lib.umich.edu/c/clark1ic/x-005681455/39015049953600|https://quod.lib.umich.edu/cgi/i/image/api/search/clark1ic:005681455|oai:quod.lib.umich.edu:IC-CLARK1IC-X-005681455%5D39015049953600|http://name.umdl.umich.edu/IC-CLARK1IC-X-005681455%5D39015049953600|https://quod.lib.umich.edu/cgi/i/image/api/thumb/clark1ic/005681455/39015049953600/!250,250|https://quod.lib.umich.edu/cgi/i/image/api/manifest/clark1ic:005681455:39015049953600|005681455; 2ece81ca-a3dc-4e5a-b84c-82d9e7ddc98c",2026-09-07T13:44:02.573360+00:00,existing
2ef98959-3a5a-4359-8e86-577310a40491,"https://quod.lib.umich.edu/c/clark1ic/x-003531576/39015091198179_01|https://quod.lib.umich.edu/cgi/i/image/api/search/clark1ic:003531576|oai:quod.lib.umich.edu:IC-CLARK1IC-X-003531576%5D39015091198179_01|http://name.umdl.umich.edu/IC-CLARK1IC-X-003531576%5D39015091198179_01|https://quod.lib.umich.edu/cgi/i/image/api/thumb/clark1ic/003531576/39015091198179_01/!250,250|https://quod.lib.umich.edu/cgi/i/image/api/manifest/clark1ic:003531576:39015091198179_01|003531576; 2ef98959-3a5a-4359-8e86-577310a40491|oai:quod.lib.umich.edu:IC-CLARK1IC-X-003531576%5D39015091198179_02|http://name.umdl.umich.edu/IC-CLARK1IC-X-003531576%5D39015091198179_02|https://quod.lib.umich.edu/cgi/i/image/api/thumb/clark1ic/003531576/39015091198179_02/!250,250|https://quod.lib.umich.edu/cgi/i/image/api/manifest/clark1ic:003531576:39015091198179_02|oai:quod.lib.umich.edu:IC-CLARK1IC-X-003531576%5D39015095416817_01|http://name.umdl.umich.edu/IC-CLARK1IC-X-003531576%5D39015095416817_01|https://quod.lib.umich.edu/cgi/i/image/api/thumb/clark1ic/003531576/39015095416817_01/!250,250|https://quod.lib.umich.edu/cgi/i/image/api/manifest/clark1ic:003531576:39015095416817_01",2026-09-07T13:44:02.573417+00:00,existing
2f6742ce-2def-48da-9204-d40195334b48,"https://quod.lib.umich.edu/c/clark1ic/x-004049374/39015091198518|https://quod.lib.umich.edu/cgi/i/image/api/search/clark1ic:004049374|oai:quod.lib.umich.edu:IC-CLARK1IC-X-004049374%5D39015091198518|http://name.umdl.umich.edu/IC-CLARK1IC-X-004049374%5D39015091198518|https://quod.lib.umich.edu/cgi/i/image/api/thumb/clark1ic/004049374/39015091198518/!250,250|https://quod.lib.umich.edu/cgi/i/image/api/manifest/clark1ic:004049374:39015091198518|004049374; 2f6742ce-2def-48da-9204-d40195334b48",2026-09-07T13:44:02.573450+00:00,existing
2f6b355d-0801-4457-af56-aa5f5fd5957c,"https://quod.lib.umich.edu/c/clark1ic/x-000081817/39015091898182_01|https://quod.lib.umich.edu/cgi/i/image/api/search/clark1ic:000081817|oai:quod.lib.umich.edu:IC-CLARK1IC-X-000081817%5D39015091898182_01|http://name.umdl.umich.edu/IC-CLARK1IC-X-000081817%5D39015091898182_01|https://quod.lib.umich.edu/cgi/i/image/api/thumb/clark1ic/000081817/39015091898182_01/!250,250|https://quod.lib.umich.edu/cgi/i/image/api/manifest/clark1ic:000081817:39015091898182_01|000081817; 2f6b355d-0801-4457-af56-aa5f5fd5957c|oai:quod.lib.umich.edu:IC-CLARK1IC-X-000081817%5D39015091898182_02|http://name.umdl.umich.edu/IC-CLARK1IC-X-000081817%5D39015091898182_02|https://quod.lib.umich.edu/cgi/i/image/api/thumb/clark1ic/000081817/39015091898182_02/!250,250|https://quod.lib.umich.edu/cgi/i/image/api/manifest/clark1ic:000081817:39015091898182_02",2026-09-07T13:44:02.573501+00:00,existing
2fa46e63-cd36-4651-9c00-51337b7e88a5,"https://quod.lib.umich.edu/c/clark1ic/x-010280161/39015091194863_0001|https://quod.lib.umich.edu/cgi/i/image/api/search/clark1ic:010280161|oai:quod.lib.umich.edu:IC-CLARK1IC-X-010280161%5D39015091194863_0001|http://name.umdl.umich.edu/IC-CLARK1IC-X-010280161%5D39015091194863_0001|https://quod.lib.umich.edu/cgi/i/image/api/thumb/clark1ic/010280161/39015091194863_0001/!250,250|https://quod.lib.umich.edu/cgi/i/image/api/manifest/clark1ic:010280161:39015091194863_0001|010280161; 2fa46e63-cd36-4651-9c00-51337b7e88a5",2026-09-07T13:44:02.573537+00:00,existing
300a40df-a977-405b-972b-6a87beb1ee4d,"https://quod.lib.umich.edu/c/clark1ic/x-000862215/39015091194897|https://quod.lib.umich.edu/cgi/i/image/api/search/clark1ic:000862215|oai:quod.lib.umich.edu:IC-CLARK1IC-X-000862215%5D39015091194897|http://name.umdl.umich.edu/IC-CLARK1IC-X-000862215%5D39015091194897|https://quod.lib.umich.edu/cgi/i/image/api/thumb/clark1ic/000862215/39015091194897/!250,250|https://quod.lib.umich.edu/cgi/i/image/api/manifest/clark1ic:000862215:39015091194897|000862215; 300a40df-a977-405b-972b-6a87beb1ee4d",2026-09-07T13:44:02.573571+00:00,existing
30494f64-dc24-41cf-ae63-e54aae368939,"https://quod.lib.umich.edu/c/clark1ic/x-003579057/39015091905870|https://quod.lib.umich.edu/cgi/i/image/api/search/clark1ic:003579057|oai:quod.lib.umich.edu:IC-CLARK1IC-X-003579057%5D39015091905870|http://name.umdl.umich.edu/IC-CLARK1IC-X-003579057%5D39015091905870|https://quod.lib.umich.edu/cgi/i/image/api/thumb/clark1ic/003579057/39015091905870/!250,250|https://quod.lib.umich.edu/cgi/i/image/api/manifest/clark1ic:003579057:39015091905870|003579057; 30494f64-dc24-41cf-ae63-e54aae368939",2026-09-07T13:44:02.573605+00:00,existing
309cffe7-8823-481b-b06b-e217b69e3ed3,"https://quod.lib.umich.edu/c/clark1ic/x-012388843/39015091881105|https://quod.lib.umich.edu/cgi/i/image/api/search/clark1ic:012388843|oai:quod.lib.umich.edu:IC-CLARK1IC-X-012388843%5D39015091881105|http://name.umdl.umich.edu/IC-CLARK1IC-X-012388843%5D39015091881105|https://quod.lib.umich.edu/cgi/i/image/api/thumb/clark1ic/012388843/39015091881105/!250,250|https://quod.lib.umich.edu/cgi/i/image/api/manifest/clark1ic:012388843:39015091881105|012388843; 309cffe7-8823-481b-b06b-e217b69e3ed3",2026-09-07T13:44:02.573639+00:00,existing
3192fd78-0fe1-42ff-8908-73e004d66c7c,"https://quod.lib.umich.edu/c/clark1ic/x-003280518/39015091910953|https://quod.lib.umich.edu/cgi/i/image/api/search/clark1ic:003280518|oai:quod.lib.umich.edu:IC-CLARK1IC-X-003280518%5D39015091910953|http://name.umdl.umich.edu/IC-CLARK1IC-X-003280518%5D39015091910953|https://quod.lib.umich.edu/cgi/i/image/api/thumb/clark1ic/003280518/39015091910953/!250,250|https://quod.lib.umich.edu/cgi/i/image/api/manifest/clark1ic:003280518:39015091910953|003280518; 3192fd78-0fe1-42ff-8908-73e004d66c7c",2026-09-07T13:44:02.573673+00:00,existing
31e07ea5-04ad-469f-9230-9cd51dd33f28,"https://quod.lib.umich.edu/c/clark1ic/x-012460341/39015095390715|https://quod.lib.umich.edu/cgi/i/image/api/search/clark1ic:012460341|oai:quod.lib.umich.edu:IC-CLARK1IC-X-012460341%5D39015095390715|http://name.umdl.umich.edu/IC-CLARK1IC-X-012460341%5D39015095390715|https://quod.lib.umich.edu/cgi/i/image/api/thumb/clark1ic/012460341/39015095390715/!250,250|https://quod.lib.umich.edu/cgi/i/image/api/manifest/clark1ic:012460341:39015095390715|012460341; 31e07ea5-04ad-469f-9230-9cd51dd33f28",2026-09-07T13:44:02.573707+00:00,existing
3220d22e-c076-4da8-bed1-947cbde0d577,"https://quod.lib.umich.edu/c/clark1ic/x-003279814/39015095388552|https://quod.lib.umich.edu/cgi/i/image/api/search/clark1ic:003279814|oai:quod.lib.umich.edu:IC-CLARK1IC-X-003279814%5D39015095388552|http://name.umdl.umich.edu/IC-CLARK1IC-X-003279814%5D39015095388552|https://quod.lib.umich.edu/cgi/i/image/api/thumb/clark1ic/003279814/39015095388552/!250,250|https://quod.lib.umich.edu/cgi/i/image/api/manifest/clark1ic:003279814:39015095388552|003279814; 3220d22e-c076-4da8-bed1-947cbde0d577",2026-09-07T13:44:02.573740+00:00,existing
331d9d1b-d6a1-436e-a384-99be9d098109,"https://quod.lib.umich.edu/c/clark1ic/x-010348267/39015091192073_01|https://quod.lib.umich.edu/cgi/i/image/api/search/clark1ic:010348267|oai:quod.lib.umich.edu:IC-CLARK1IC-X-010348267%5D39015091192073_01|http://name.umdl.umich.edu/IC-CLARK1IC-X-010348267%5D39015091192073_01|https://quod.lib.umich.edu/cgi/i/image/api/thumb/clark1ic/010348267/39015091192073_01/!250,250|https://quod.lib.umich.edu/cgi/i/image/api/manifest/clark1ic:010348267:39015091192073_01|010348267; 331d9d1b-d6a1-436e-a384-99be9d098109|oai:quod.lib.umich.edu:IC-CLARK1IC-X-010348267%5D39015091192073_02|http://name.umdl.umich.edu/IC-CLARK1IC-X-010348267%5D39015091192073_02|https://quod.lib.umich.edu/cgi/i/image/api/thumb/clark1ic/010348267/39015091192073_02/!250,250|https://quod.lib.umich.edu/cgi/i/image/api/manifest/clark1ic:010348267:39015091192073_02",2026-09-07T13:44:02.573787+00:00,existing
333a1df7-4f0b-4567-89f6-531d0060e599,"https://quod.lib.umich.edu/c/clark1ic/x-003284877/39015091192032_01|https://quod.lib.umich.edu/cgi/i/image/api/search/clark1ic:003284877|oai:quod.lib.umich.edu:IC-CLARK1IC-X-003284877%5D39015091192032_01|http://name.umdl.umich.edu/IC-CLARK1IC-X-003284877%5D39015091192032_01|https://quod.lib.umich.edu/cgi/i/image/api/thumb/clark1ic/003284877/39015091192032_01/!250,250|https://quod.lib.umich.edu/cgi/i/image/api/manifest/clark1ic:003284877:39015091192032_01|003284877; 333a1df7-4f0b-4567-89f6-531d0060e599|oai:quod.lib.umich.edu:IC-CLARK1IC-X-003284877%5D39015091192032_02|http://name.umdl.umich.edu/IC-CLARK1IC-X-003284877%5D39015091192032_02|https://quod.lib.umich.edu/cgi/i/image/api/thumb/clark1ic/003284877/39015091192032_02/!250,250|https://quod.lib.umich.edu/cgi/i/image/api/manifest/clark1ic:003284877:39015091192032_02",2026-09-07T13:44:02.573837+00:00,existing
3346d49d-2036-485b-ae51-89064ba92731,"https://quod.lib.umich.edu/c/clark1ic/x-003111042/39015091921299_01|https://quod.lib.umich.edu/cgi/i/image/api/search/clark1ic:003111042|oai:quod.lib.umich.edu:IC-CLARK1IC-X-003111042%5D39015091921299_0001|http://name.umdl.umich.edu/IC-CLARK1IC-X-003111042%5D39015091921299_0001|https://quod.lib.umich.edu/cgi/i/image/api/thumb/clark1ic/003111042/39015091921299_0001/!250,250|https://quod.lib.umich.edu/cgi/i/image/api/manifest/clark1ic:003111042:39015091921299_0001|003111042; 3346d49d-2036-485b-ae51-89064ba92731|oai:quod.lib.umich.edu:IC-CLARK1IC-X-003111042%5D39015091921299_01|http://name.umdl.umich.edu/IC-CLARK1IC-X-003111042%5D39015091921299_01|https://quod.lib.umich.edu/cgi/i/image/api/thumb/clark1ic/003111042/39015091921299_01/!250,250|https://quod.lib.umich.edu/cgi/i/image/api/manifest/clark1ic:003111042:39015091921299_01|oai:quod.lib.umich.edu:IC-CLARK1IC-X-003111042%5D39015091921299_04|http://name.umdl.umich.edu/IC-CLARK1IC-X-003111042%5D39015091921299_04|https://quod.lib.umich.edu/cgi/i/image/api/thumb/clark1ic/003111042/39015091921299_04/!250,250|https://quod.lib.umich.edu/cgi/i/image/api/manifest/clark1ic:003111042:39015091921299_04",2026-09-07T13:44:02.573900+00:00,existing
33b9fabd-4c5a-4a09-8e84-5d29ebe52b80,"https://quod.lib.umich.edu/c/clark1ic/x-003284861/39015091191596_01|https://quod.lib.umich.edu/cgi/i/image/api/search/clark1ic:003284861|oai:quod.lib.umich.edu:IC-CLARK1IC-X-003284861%5D39015091191596_01|http://name.umdl.umich.edu/IC-CLARK1IC-X-003284861%5D39015091191596_01|https://quod.lib.umich.edu/cgi/i/image/api/thumb/clark1ic/003284861/39015091191596_01/!250,250|https://quod.lib.umich.edu/cgi/i/image/api/manifest/clark1ic:003284861:39015091191596_01|003284861; 33b9fabd-4c5a-4a09-8e84-5d29ebe52b80|oai:quod.lib.umich.edu:IC-CLARK1IC-X-003284861%5D39015091191596_02|http://name.umdl.umich.edu/IC-CLARK1IC-X-003284861%5D39015091191596_02|https://quod.lib.umich.edu/cgi/i/image/api/thumb/clark1ic/003284861/39015091191596_02/!250,250|https://quod.lib.umich.edu/cgi/i/image/api/manifest/clark1ic:003284861:39015091191596_02",2026-09-07T13:44:02.573949+00:00,existing
33cad18c-746e-40ff-b5ad-8a53fe8bffd1,"https://quod.lib.umich.edu/c/clark1ic/x-004259556/39015091194871|https://quod.lib.umich.edu/cgi/i/image/api/search/clark1ic:004259556|oai:quod.lib.umich.edu:IC-CLARK1IC-X-004259556%5D39015091194871|http://name.umdl.umich.edu/IC-CLARK1IC-X-004259556%5D39015091194871|https://quod.lib.umich.edu/cgi/i/image/api/thumb/clark1ic/004259556/39015091194871/!250,250|https://quod.lib.umich.edu/cgi/i/image/api/manifest/clark1ic:004259556:39015091194871|004259556; 33cad18c-746e-40ff-b5ad-8a53fe8bffd1",2026-09-07T13:44:02.573986+00:00,existing
34600028-fba0-463f-9e0c-e329804426f3,"https://quod.lib.umich.edu/c/clark1ic/x-002457623/39015091921588_01|https://quod.lib.umich.edu/cgi/i/image/api/search/clark1ic:002457623|oai:quod.lib.umich.edu:IC-CLARK1IC-X-002457623%5D39015091921588_01|http://name.umdl.umich.edu/IC-CLARK1IC-X-002457623%5D39015091921588_01|https://quod.lib.umich.edu/cgi/i/image/api/thumb/clark1ic/002457623/39015091921588_01/!250,250|https://quod.lib.umich.edu/cgi/i/image/api/manifest/clark1ic:002457623:39015091921588_01|002457623; 34600028-fba0-463f-9e0c-e329804426f3|oai:quod.lib.umich.edu:IC-CLARK1IC-X-002457623%5D39015091921588_02|http://name.umdl.umich.edu/IC-CLARK1IC-X-002457623%5D39015091921588_02|https://quod.lib.umich.edu/cgi/i/image/api/thumb/clark1ic/002457623/39015091921588_02/!250,250|https://quod.lib.umich.edu/cgi/i/image/api/manifest/clark1ic:002457623:39015091921588_02|oai:quod.lib.umich.edu:IC-CLARK1IC-X-002457623%5D39015091921588_03|http://name.umdl.umich.edu/IC-CLARK1IC-X-002457623%5D39015091921588_03|https://quod.lib.umich.edu/cgi/i/image/api/thumb/clark1ic/002457623/39015091921588_03/!250,250|https://quod.lib.umich.edu/cgi/i/image/api/manifest/clark1ic:002457623:39015091921588_03",2026-09-07T13:44:02.574053+00:00,existing
34708f95-f44b-48f5-9af9-dad6be81904f,"https://quod.lib.umich.edu/c/clark1ic/x-013583634/39015091897028|https://quod.lib.umich.edu/cgi/i/image/api/search/clark1ic:013583634|oai:quod.lib.umich.edu:IC-CLARK1IC-X-013583634%5D39015091897028|http://name.umdl.umich.edu/IC-CLARK1IC-X-013583634%5D39015091897028|https://quod.lib.umich.edu/cgi/i/image/api/thumb/clark1ic/013583634/39015091897028/!250,250|https://quod.lib.umich.edu/cgi/i/image/api/manifest/clark1ic:013583634:39015091897028|013583634; 34708f95-f44b-48f5-9af9-dad6be81904f",2026-09-07T13:44:02.574086+00:00,existing
35998189-3420-4d85-bcd4-d97530f2110d,"https://quod.lib.umich.edu/c/clark1ic/x-000081627/39015091186703|https://quod.lib.umich.edu/cgi/i/image/api/search/clark1ic:000081627|oai:quod.lib.umich.edu:IC-CLARK1IC-X-000081627%5D39015091186703|http://name.umdl.umich.edu/IC-CLARK1IC-X-000081627%5D39015091186703|https://quod.lib.umich.edu/cgi/i/image/api/thumb/clark1ic/000081627/39015091186703/!250,250|https://quod.lib.umich.edu/cgi/i/image/api/manifest/clark1ic:000081627:39015091186703|000081627; 35998189-3420-4d85-bcd4-d97530f2110d|oai:quod.lib.umich.edu:IC-CLARK1IC-X-000081627%5D39015091186711|http://name.umdl.umich.edu/IC-CLARK1IC-X-000081627%5D39015091186711|https://quod.lib.umich.edu/cgi/i/image/api/thumb/clark1ic/000081627/39015091186711/!250,250|https://quod.lib.umich.edu/cgi/i/image/api/manifest/clark1ic:000081627:39015091186711",2026-09-07T13:44:02.574132+00:00,existing
35db7d94-502c-470b-b6b2-01a2b86211eb,"https://quod.lib.umich.edu/c/clark1ic/x-000081018/39015091880529|https://quod.lib.umich.edu/cgi/i/image/api/search/clark1ic:000081018|oai:quod.lib.umich.edu:IC-CLARK1IC-X-000081018%5D39015091880529|http://name.umdl.umich.edu/IC-CLARK1IC-X-000081018%5D39015091880529|https://quod.lib.umich.edu/cgi/i/image/api/thumb/clark1ic/000081018/39015091880529/!250,250|https://quod.lib.umich.edu/cgi/i/image/api/manifest/clark1ic:000081018:39015091880529|000081018; 35db7d94-502c-470b-b6b2-01a2b86211eb",2026-09-07T13:44:02.574163+00:00,existing
35f4a4c5-808b-4ed3-a188-fcba0afd89c4,"https://quod.lib.umich.edu/c/clark1ic/x-005103471/39015060933689|https://quod.lib.umich.edu/cgi/i/image/api/search/clark1ic:005103471|oai:quod.lib.umich.edu:IC-CLARK1IC-X-005103471%5D39015060933689|http://name.umdl.umich.edu/IC-CLARK1IC-X-005103471%5D39015060933689|https://quod.lib.umich.edu/cgi/i/image/api/thumb/clark1ic/005103471/39015060933689/!250,250|https://quod.lib.umich.edu/cgi/i/image/api/manifest/clark1ic:005103471:39015060933689|005103471; 35f4a4c5-808b-4ed3-a188-fcba0afd89c4",2026-09-07T13:44:02.574196+00:00,existing
360f5be6-54cf-4ebb-aa09-5f46f817e274,"https://quod.lib.umich.edu/c/clark1ic/x-000081009/39015091186992|https://quod.lib.umich.edu/cgi/i/image/api/search/clark1ic:000081009|oai:quod.lib.umich.edu:IC-CLARK1IC-X-000081009%5D39015091186992|http://name.umdl.umich.edu/IC-CLARK1IC-X-000081009%5D39015091186992|https://quod.lib.umich.edu/cgi/i/image/api/thumb/clark1ic/000081009/39015091186992/!250,250|https://quod.lib.umich.edu/cgi/i/image/api/manifest/clark1ic:000081009:39015091186992|000081009; 360f5be6-54cf-4ebb-aa09-5f46f817e274",2026-09-07T13:44:02.574229+00:00,existing
3647020c-2f6c-4b1a-a2ba-2dbc7507319b,"https://quod.lib.umich.edu/c/clark1ic/x-005551929/39015091198096|https://quod.lib.umich.edu/cgi/i/image/api/search/clark1ic:005551929|oai:quod.lib.umich.edu:IC-CLARK1IC-X-005551929%5D39015091198096|http://name.umdl.umich.edu/IC-CLARK1IC-X-005551929%5D39015091198096|https://quod.lib.umich.edu/cgi/i/image/api/thumb/clark1ic/005551929/39015091198096/!250,250|https://quod.lib.umich.edu/cgi/i/image/api/manifest/clark1ic:005551929:39015091198096|005551929; 3647020c-2f6c-4b1a-a2ba-2dbc7507319b",2026-09-07T13:44:02.574261+00:00,existing
364d2c13-4e36-48fe-8c8e-54cc8199cc27,"https://quod.lib.umich.edu/c/clark1ic/x-000887658/39015091920168_01|https://quod.lib.umich.edu/cgi/i/image/api/search/clark1ic:000887658|oai:quod.lib.umich.edu:IC-CLARK1IC-X-000887658%5D39015091920168_01|http://name.umdl.umich.edu/IC-CLARK1IC-X-000887658%5D39015091920168_01|https://quod.lib.umich.edu/cgi/i/image/api/thumb/clark1ic/000887658/39015091920168_01/!250,250|https://quod.lib.umich.edu/cgi/i/image/api/manifest/clark1ic:000887658:39015091920168_01|000887658; 364d2c13-4e36-48fe-8c8e-54cc8199cc27|oai:quod.lib.umich.edu:IC-CLARK1IC-X-000887658%5D39015091920168_02|http://name.umdl.umich.edu/IC-CLARK1IC-X-000887658%5D39015091920168_02|https://quod.lib.umich.edu/cgi/i/image/api/thumb/clark1ic/000887658/39015091920168_02/!250,250|https://quod.lib.umich.edu/cgi/i/image/api/manifest/clark1ic:000887658:39015091920168_02",2026-09-07T13:44:02.574307+00:00,existing
36501317-ab38-489b-b8d0-4e959a7180d0,"https://quod.lib.umich.edu/c/clark1ic/x-008459044/39015091911159_01|https://quod.lib.umich.edu/cgi/i/image/api/search/clark1ic:008459044|oai:quod.lib.umich.edu:IC-CLARK1IC-X-008459044%5D39015091911159_01|http://name.umdl.umich.edu/IC-CLARK1IC-X-008459044%5D39015091911159_01|https://quod.lib.umich.edu/cgi/i/image/api/thumb/clark1ic/008459044/39015091911159_01/!250,250|https://quod.lib.umich.edu/cgi/i/image/api/manifest/clark1ic:008459044:39015091911159_01|008459044; 36501317-ab38-489b-b8d0-4e959a7180d0|oai:quod.lib.umich.edu:IC-CLARK1IC-X-008459044%5D39015091911159_02|http://name.umdl.umich.edu/IC-CLARK1IC-X-008459044%5D39015091911159_02|https://quod.lib.umich.edu/cgi/i/image/api/thumb/clark1ic/008459044/39015091911159_02/!250,250|https://quod.lib.umich.edu/cgi/i/image/api/manifest/clark1ic:008459044:39015091911159_02",2026-09-07T13:44:02.574352+00:00,existing
3659ddee-a6b3-4dfc-b95b-4c36b3308313,"https://quod.lib.umich.edu/c/clark1ic/x-003279887/39015091197361|https://quod.lib.umich.edu/cgi/i/image/api/search/clark1ic:003279887|oai:quod.lib.umich.edu:IC-CLARK1IC-X-003279887%5D39015091197361|http://name.umdl.umich.edu/IC-CLARK1IC-X-003279887%5D39015091197361|https://quod.lib.umich.edu/cgi/i/image/api/thumb/clark1ic/003279887/39015091197361/!250,250|https://quod.lib.umich.edu/cgi/i/image/api/manifest/clark1ic:003279887:39015091197361|003279887; 3659ddee-a6b3-4dfc-b95b-4c36b3308313",2026-09-07T13:44:02.574383+00:00,existing
366b196f-2701-4ed4-86ee-062264e9e3cb,"https://quod.lib.umich.edu/c/clark1ic/x-007933345/39015091186265|https://quod.lib.umich.edu/cgi/i/image/api/search/clark1ic:007933345|oai:quod.lib.umich.edu:IC-CLARK1IC-X-007933345%5D39015091186265|http://name.umdl.umich.edu/IC-CLARK1IC-X-007933345%5D39015091186265|https://quod.lib.umich.edu/cgi/i/image/api/thumb/clark1ic/007933345/39015091186265/!250,250|https://quod.lib.umich.edu/cgi/i/image/api/manifest/clark1ic:007933345:39015091186265|007933345; 366b196f-2701-4ed4-86ee-062264e9e3cb",2026-09-07T13:44:02.574428+00:00,existing
368d4a86-dc77-44ee-b0e4-4e45d66a58e1,"https://quod.lib.umich.edu/c/clark1ic/x-003109975/39015091920572_01|https://quod.lib.umich.edu/cgi/i/image/api/search/clark1ic:003109975|oai:quod.lib.umich.edu:IC-CLARK1IC-X-003109975%5D39015091920572_01|http://name.umdl.umich.edu/IC-CLARK1IC-X-003109975%5D39015091920572_01|https://quod.lib.umich.edu/cgi/i/image/api/thumb/clark1ic/003109975/39015091920572_01/!250,250|https://quod.lib.umich.edu/cgi/i/image/api/manifest/clark1ic:003109975:39015091920572_01|003109975; 368d4a86-dc77-44ee-b0e4-4e45d66a58e1|oai:quod.lib.umich.edu:IC-CLARK1IC-X-003109975%5D39015091920572_02|http://name.umdl.umich.edu/IC-CLARK1IC-X-003109975%5D39015091920572_02|https://quod.lib.umich.edu/cgi/i/image/api/thumb/clark1ic/003109975/39015091920572_02/!250,250|https://quod.lib.umich.edu/cgi/i/image/api/manifest/clark1ic:003109975:39015091920572_02",2026-09-07T13:44:02.574474+00:00,existing
36c8bbdd-df33-45d5-96ca-0bdc4b1997c3,"https://quod.lib.umich.edu/c/clark1ic/x-003280920/39015091916141|https://quod.lib.umich.edu/cgi/i/image/api/search/clark1ic:003280920|oai:quod.lib.umich.edu:IC-CLARK1IC-X-003280920%5D39015091916141|http://name.umdl.umich.edu/IC-CLARK1IC-X-003280920%5D39015091916141|https://quod.lib.umich.edu/cgi/i/image/api/thumb/clark1ic/003280920/39015091916141/!250,250|https://quod.lib.umich.edu/cgi/i/image/api/manifest/clark1ic:003280920:39015091916141|003280920; 36c8bbdd-df33-45d5-96ca-0bdc4b1997c3",2026-09-07T13:44:02.574506+00:00,existing
370a2e27-9cf8-4bec-b6c2-460e805b3087,"https://quod.lib.umich.edu/c/clark1ic/x-012497739/39015095390988|https://quod.lib.umich.edu/cgi/i/image/api/search/clark1ic:012497739|oai:quod.lib.umich.edu:IC-CLARK1IC-X-012497739%5D39015095390988|http://name.umdl.umich.edu/IC-CLARK1IC-X-012497739%5D39015095390988|https://quod.lib.umich.edu/cgi/i/image/api/thumb/clark1ic/012497739/39015095390988/!250,250|https://quod.lib.umich.edu/cgi/i/image/api/manifest/clark1ic:012497739:39015095390988|012497739; 370a2e27-9cf8-4bec-b6c2-460e805b3087",2026-09-07T13:44:02.574537+00:00,existing
373560a5-7a0a-4750-8860-58772969427d,"https://quod.lib.umich.edu/c/clark1ic/x-010349145/39015091191794_01|https://quod.lib.umich.edu/cgi/i/image/api/search/clark1ic:010349145|oai:quod.lib.umich.edu:IC-CLARK1IC-X-010349145%5D39015091191794_01|http://name.umdl.umich.edu/IC-CLARK1IC-X-010349145%5D39015091191794_01|https://quod.lib.umich.edu/cgi/i/image/api/thumb/clark1ic/010349145/39015091191794_01/!250,250|https://quod.lib.umich.edu/cgi/i/image/api/manifest/clark1ic:010349145:39015091191794_01|010349145; 373560a5-7a0a-4750-8860-58772969427d|oai:quod.lib.umich.edu:IC-CLARK1IC-X-010349145%5D39015091191794_02|http://name.umdl.umich.edu/IC-CLARK1IC-X-010349145%5D39015091191794_02|https://quod.lib.umich.edu/cgi/i/image/api/thumb/clark1ic/010349145/39015091191794_02/!250,250|https://quod.lib.umich.edu/cgi/i/image/api/manifest/clark1ic:010349145:39015091191794_02",2026-09-07T13:44:02.574582+00:00,existing
374525ea-068b-4b19-9311-05f69deab1de,"https://quod.lib.umich.edu/c/clark1ic/x-004053936/39015091899461_01|https://quod.lib.umich.edu/cgi/i/image/api/search/clark1ic:004053936|oai:quod.lib.umich.edu:IC-CLARK1IC-X-004053936%5D39015091899461_01|http://name.umdl.umich.edu/IC-CLARK1IC-X-004053936%5D39015091899461_01|https://quod.lib.umich.edu/cgi/i/image/api/thumb/clark1ic/004053936/39015091899461_01/!250,250|https://quod.lib.umich.edu/cgi/i/image/api/manifest/clark1ic:004053936:39015091899461_01|004053936; 374525ea-068b-4b19-9311-05f69deab1de|oai:quod.lib.umich.edu:IC-CLARK1IC-X-004053936%5D39015091899461_02|http://name.umdl.umich.edu/IC-CLARK1IC-X-004053936%5D39015091899461_02|https://quod.lib.umich.edu/cgi/i/image/api/thumb/clark1ic/004053936/39015091899461_02/!250,250|https://quod.lib.umich.edu/cgi/i/image/api/manifest/clark1ic:004053936:39015091899461_02",2026-09-07T13:44:02.574629+00:00,existing
374c87c2-46a6-459f-b698-6d5238fd17dc,"https://quod.lib.umich.edu/c/clark1ic/x-003928978/39015060935940|https://quod.lib.umich.edu/cgi/i/image/api/search/clark1ic:003928978|oai:quod.lib.umich.edu:IC-CLARK1IC-X-003928978%5D39015060935940|http://name.umdl.umich.edu/IC-CLARK1IC-X-003928978%5D39015060935940|https://quod.lib.umich.edu/cgi/i/image/api/thumb/clark1ic/003928978/39015060935940/!250,250|https://quod.lib.umich.edu/cgi/i/image/api/manifest/clark1ic:003928978:39015060935940|003928978; 374c87c2-46a6-459f-b698-6d5238fd17dc",2026-09-07T13:44:02.574659+00:00,existing
380212b8-db97-4904-b977-f418b82c37cd,"https://quod.lib.umich.edu/c/clark1ic/x-000081007/39015091186257|https://quod.lib.umich.edu/cgi/i/image/api/search/clark1ic:000081007|oai:quod.lib.umich.edu:IC-CLARK1IC-X-000081007%5D39015091186257|http://name.umdl.umich.edu/IC-CLARK1IC-X-000081007%5D39015091186257|https://quod.lib.umich.edu/cgi/i/image/api/thumb/clark1ic/000081007/39015091186257/!250,250|https://quod.lib.umich.edu/cgi/i/image/api/manifest/clark1ic:000081007:39015091186257|000081007; 380212b8-db97-4904-b977-f418b82c37cd",2026-09-07T13:44:02.574690+00:00,existing
3864b873-549a-4f4f-b3a4-1d779a1a28e2,"https://quod.lib.umich.edu/c/clark1ic/x-003284879/39015091191661_01|https://quod.lib.umich.edu/cgi/i/image/api/search/clark1ic:003284879|oai:quod.lib.umich.edu:IC-CLARK1IC-X-003284879%5D39015091191661_01|http://name.umdl.umich.edu/IC-CLARK1IC-X-003284879%5D39015091191661_01|https://quod.lib.umich.edu/cgi/i/image/api/thumb/clark1ic/003284879/39015091191661_01/!250,250|https://quod.lib.umich.edu/cgi/i/image/api/manifest/clark1ic:003284879:39015091191661_01|003284879; 3864b873-549a-4f4f-b3a4-1d779a1a28e2|oai:quod.lib.umich.edu:IC-CLARK1IC-X-003284879%5D39015091191661_02|http://name.umdl.umich.edu/IC-CLARK1IC-X-003284879%5D39015091191661_02|https://quod.lib.umich.edu/cgi/i/image/api/thumb/clark1ic/003284879/39015091191661_02/!250,250|https://quod.lib.umich.edu/cgi/i/image/api/manifest/clark1ic:003284879:39015091191661_02",2026-09-07T13:44:02.574736+00:00,existing
389e136a-9d81-4dfe-8658-5d7e0725165a,"https://quod.lib.umich.edu/c/clark1ic/x-003111041/39015091921471_01|https://quod.lib.umich.edu/cgi/i/image/api/search/clark1ic:003111041|oai:quod.lib.umich.edu:IC-CLARK1IC-X-003111041%5D39015091921471_01|http://name.umdl.umich.edu/IC-CLARK1IC-X-003111041%5D39015091921471_01|https://quod.lib.umich.edu/cgi/i/image/api/thumb/clark1ic/003111041/39015091921471_01/!250,250|https://quod.lib.umich.edu/cgi/i/image/api/manifest/clark1ic:003111041:39015091921471_01|003111041; 389e136a-9d81-4dfe-8658-5d7e0725165a|oai:quod.lib.umich.edu:IC-CLARK1IC-X-003111041%5D39015091921471_02|http://name.umdl.umich.edu/IC-CLARK1IC-X-003111041%5D39015091921471_02|https://quod.lib.umich.edu/cgi/i/image/api/thumb/clark1ic/003111041/39015091921471_02/!250,250|https://quod.lib.umich.edu/cgi/i/image/api/manifest/clark1ic:003111041:39015091921471_02|oai:quod.lib.umich.edu:IC-CLARK1IC-X-003111041%5D39015091921471_03|http://name.umdl.umich.edu/IC-CLARK1IC-X-003111041%5D39015091921471_03|https://quod.lib.umich.edu/cgi/i/image/api/thumb/clark1ic/003111041/39015091921471_03/!250,250|https://quod.lib.umich.edu/cgi/i/image/api/manifest/clark1ic:003111041:39015091921471_03|oai:quod.lib.umich.edu:IC-CLARK1IC-X-003111041%5D39015091921471_04|http://name.umdl.umich.edu/IC-CLARK1IC-X-003111041%5D39015091921471_04|https://quod.lib.umich.edu/cgi/i/image/api/thumb/clark1ic/003111041/39015091921471_04/!250,250|https://quod.lib.umich.edu/cgi/i/image/api/manifest/clark1ic:003111041:39015091921471_04",2026-09-07T13:44:02.574807+00:00,existing
38a6935a-810c-4918-9ceb-3df9752fab73,"https://quod.lib.umich.edu/c/clark1ic/x-006839172/39015091916711|https://quod.lib.umich.edu/cgi/i/image/api/search/clark1ic:006839172|oai:quod.lib.umich.edu:IC-CLARK1IC-X-006839172%5D39015091916711|http://name.umdl.umich.edu/IC-CLARK1IC-X-006839172%5D39015091916711|https://quod.lib.umich.edu/cgi/i/image/api/thumb/clark1ic/006839172/39015091916711/!250,250|https://quod.lib.umich.edu/cgi/i/image/api/manifest/clark1ic:006839172:39015091916711|006839172; 38a6935a-810c-4918-9ceb-3df9752fab73",2026-09-07T13:44:02.574840+00:00,existing
39022d33-bb56-49f7-a353-16366ffaa47a,"https://quod.lib.umich.edu/c/clark1ic/x-003930823/39015091898943|https://quod.lib.umich.edu/cgi/i/image/api/search/clark1ic:003930823|oai:quod.lib.umich.edu:IC-CLARK1IC-X-003930823%5D39015091898943|http://name.umdl.umich.edu/IC-CLARK1IC-X-003930823%5D39015091898943|https://quod.lib.umich.edu/cgi/i/image/api/thumb/clark1ic/003930823/39015091898943/!250,250|https://quod.lib.umich.edu/cgi/i/image/api/manifest/clark1ic:003930823:39015091898943|003930823; 39022d33-bb56-49f7-a353-16366ffaa47a",2026-09-07T13:44:02.574875+00:00,existing
3930cda7-5749-4266-ba3f-df84e494116a,"https://quod.lib.umich.edu/c/clark1ic/x-004202558/39015091191240_01|https://quod.lib.umich.edu/cgi/i/image/api/search/clark1ic:004202558|oai:quod.lib.umich.edu:IC-CLARK1IC-X-004202558%5D39015091191240_01|http://name.umdl.umich.edu/IC-CLARK1IC-X-004202558%5D39015091191240_01|https://quod.lib.umich.edu/cgi/i/image/api/thumb/clark1ic/004202558/39015091191240_01/!250,250|https://quod.lib.umich.edu/cgi/i/image/api/manifest/clark1ic:004202558:39015091191240_01|004202558; 3930cda7-5749-4266-ba3f-df84e494116a",2026-09-07T13:44:02.574911+00:00,existing
394006e1-c4f2-47a7-bfa1-64a1d2b95c5e,"https://quod.lib.umich.edu/c/clark1ic/x-003842152/39015060939025|https://quod.lib.umich.edu/cgi/i/image/api/search/clark1ic:003842152|oai:quod.lib.umich.edu:IC-CLARK1IC-X-003842152%5D39015060939025|http://name.umdl.umich.edu/IC-CLARK1IC-X-003842152%5D39015060939025|https://quod.lib.umich.edu/cgi/i/image/api/thumb/clark1ic/003842152/39015060939025/!250,250|https://quod.lib.umich.edu/cgi/i/image/api/manifest/clark1ic:003842152:39015060939025|003842152; 394006e1-c4f2-47a7-bfa1-64a1d2b95c5e",2026-09-07T13:44:02.574944+00:00,existing
3a36a334-c792-462e-93f7-c152fbb67961,"https://quod.lib.umich.edu/c/clark1ic/x-000082569/39015091911068|https://quod.lib.umich.edu/cgi/i/image/api/search/clark1ic:000082569|oai:quod.lib.umich.edu:IC-CLARK1IC-X-000082569%5D39015091911068|http://name.umdl.umich.edu/IC-CLARK1IC-X-000082569%5D39015091911068|https://quod.lib.umich.edu/cgi/i/image/api/thumb/clark1ic/000082569/39015091911068/!250,250|https://quod.lib.umich.edu/cgi/i/image/api/manifest/clark1ic:000082569:39015091911068|000082569; 3a36a334-c792-462e-93f7-c152fbb67961",2026-09-07T13:44:02.574975+00:00,existing
3a6e929d-680f-46a5-b266-96fc9b962255,"https://quod.lib.umich.edu/c/clark1ic/x-010348287/39015091192057_01|https://quod.lib.umich.edu/cgi/i/image/api/search/clark1ic:010348287|oai:quod.lib.umich.edu:IC-CLARK1IC-X-010348287%5D39015091192057_01|http://name.umdl.umich.edu/IC-CLARK1IC-X-010348287%5D39015091192057_01|https://quod.lib.umich.edu/cgi/i/image/api/thumb/clark1ic/010348287/39015091192057_01/!250,250|https://quod.lib.umich.edu/cgi/i/image/api/manifest/clark1ic:010348287:39015091192057_01|010348287; 3a6e929d-680f-46a5-b266-96fc9b962255|oai:quod.lib.umich.edu:IC-CLARK1IC-X-010348287%5D39015091192057_02|http://name.umdl.umich.edu/IC-CLARK1IC-X-010348287%5D39015091192057_02|https://quod.lib.umich.edu/cgi/i/image/api/thumb/clark1ic/010348287/39015091192057_02/!250,250|https://quod.lib.umich.edu/cgi/i/image/api/manifest/clark1ic:010348287:39015091192057_02",2026-09-07T13:44:02.575020+00:00,existing
3a6f60b1-9939-407f-9fa8-277c2aa67143,"https://quod.lib.umich.edu/c/clark1ic/x-003282028/39015091916646|https://quod.lib.umich.edu/cgi/i/image/api/search/clark1ic:003282028|oai:quod.lib.umich.edu:IC-CLARK1IC-X-003282028%5D39015091916646|http://name.umdl.umich.edu/IC-CLARK1IC-X-003282028%5D39015091916646|https://quod.lib.umich.edu/cgi/i/image/api/thumb/clark1ic/003282028/39015091916646/!250,250|https://quod.lib.umich.edu/cgi/i/image/api/manifest/clark1ic:003282028:39015091916646|003282028; 3a6f60b1-9939-407f-9fa8-277c2aa67143",2026-09-07T13:44:02.575052+00:00,existing
3ab8dc0b-9120-4d64-8cb5-813b02e079d9,"https://quod.lib.umich.edu/c/clark1ic/x-004050482/39015091881113|https://quod.lib.umich.edu/cgi/i/image/api/search/clark1ic:004050482|oai:quod.lib.umich.edu:IC-CLARK1IC-X-004050482%5D39015091881113|http://name.umdl.umich.edu/IC-CLARK1IC-X-004050482%5D39015091881113|https://quod.lib.umich.edu/cgi/i/image/api/thumb/clark1ic/004050482/39015091881113/!250,250|https://quod.lib.umich.edu/cgi/i/image/api/manifest/clark1ic:004050482:39015091881113|004050482; 3ab8dc0b-9120-4d64-8cb5-813b02e079d9",2026-09-07T13:44:02.575148+00:00,existing
3ad29f0c-a5dd-4ee9-b50f-a6f2d44b5e08,"https://quod.lib.umich.edu/c/clark1ic/x-000887351/39015091921406_01|https://quod.lib.umich.edu/cgi/i/image/api/search/clark1ic:000887351|oai:quod.lib.umich.edu:IC-CLARK1IC-X-000887351%5D39015091921406_01|http://name.umdl.umich.edu/IC-CLARK1IC-X-000887351%5D39015091921406_01|https://quod.lib.umich.edu/cgi/i/image/api/thumb/clark1ic/000887351/39015091921406_01/!250,250|https://quod.lib.umich.edu/cgi/i/image/api/manifest/clark1ic:000887351:39015091921406_01|000887351; 3ad29f0c-a5dd-4ee9-b50f-a6f2d44b5e08|oai:quod.lib.umich.edu:IC-CLARK1IC-X-000887351%5D39015091921406_02|http://name.umdl.umich.edu/IC-CLARK1IC-X-000887351%5D39015091921406_02|https://quod.lib.umich.edu/cgi/i/image/api/thumb/clark1ic/000887351/39015091921406_02/!250,250|https://quod.lib.umich.edu/cgi/i/image/api/manifest/clark1ic:000887351:39015091921406_02|oai:quod.lib.umich.edu:IC-CLARK1IC-X-000887351%5D39015091921406_03|http://name.umdl.umich.edu/IC-CLARK1IC-X-000887351%5D39015091921406_03|https://quod.lib.umich.edu/cgi/i/image/api/thumb/clark1ic/000887351/39015091921406_03/!250,250|https://quod.lib.umich.edu/cgi/i/image/api/manifest/clark1ic:000887351:39015091921406_03|oai:quod.lib.umich.edu:IC-CLARK1IC-X-000887351%5D39015091921406_04|http://name.umdl.umich.edu/IC-CLARK1IC-X-000887351%5D39015091921406_04|https://quod.lib.umich.edu/cgi/i/image/api/thumb/clark1ic/000887351/39015091921406_04/!250,250|https://quod.lib.umich.edu/cgi/i/image/api/manifest/clark1ic:000887351:39015091921406_04|oai:quod.lib.umich.edu:IC-CLARK1IC-X-000887351%5D39015091921406_05|http://name.umdl.umich.edu/IC-CLARK1IC-X-000887351%5D39015091921406_05|https://quod.lib.umich.edu/cgi/i/image/api/thumb/clark1ic/000887351/39015091921406_05/!250,250|https://quod.lib.umich.edu/cgi/i/image/api/manifest/clark1ic:000887351:39015091921406_05",2026-09-07T13:44:02.575262+00:00,existing
3b34136d-6480-48e4-8157-a213f8b6d92d,"https://quod.lib.umich.edu/c/clark1ic/x-003278672/39015091916380|https://quod.lib.umich.edu/cgi/i/image/api/search/clark1ic:003278672|oai:quod.lib.umich.edu:IC-CLARK1IC-X-003278672%5D39015091916380|http://name.umdl.umich.edu/IC-CLARK1IC-X-003278672%5D39015091916380|https://quod.lib.umich.edu/cgi/i/image/api/thumb/clark1ic/003278672/39015091916380/!250,250|https://quod.lib.umich.edu/cgi/i/image/api/manifest/clark1ic:003278672:39015091916380|003278672; 3b34136d-6480-48e4-8157-a213f8b6d92d",2026-09-07T13:44:02.575307+00:00,existing
3b39c4e0-9fd2-44b1-9330-37252d8e808e,"https://quod.lib.umich.edu/c/clark1ic/x-001947987/39015091888134|https://quod.lib.umich.edu/cgi/i/image/api/search/clark1ic:001947987|oai:quod.lib.umich.edu:IC-CLARK1IC-X-001947987%5D39015091888134|http://name.umdl.umich.edu/IC-CLARK1IC-X-001947987%5D39015091888134|https://quod.lib.umich.edu/cgi/i/image/api/thumb/clark1ic/001947987/39015091888134/!250,250|https://quod.lib.umich.edu/cgi/i/image/api/manifest/clark1ic:001947987:39015091888134|001947987; 3b39c4e0-9fd2-44b1-9330-37252d8e808e",2026-09-07T13:44:02.575355+00:00,existing
3b67c4f0-53f8-4a98-9b28-73f23d6f6682,"https://quod.lib.umich.edu/c/clark1ic/x-003108986/39015091920226_01|https://quod.lib.umich.edu/cgi/i/image/api/search/clark1ic:003108986|oai:quod.lib.umich.edu:IC-CLARK1IC-X-003108986%5D39015091920226_01|http://name.umdl.umich.edu/IC-CLARK1IC-X-003108986%5D39015091920226_01|https://quod.lib.umich.edu/cgi/i/image/api/thumb/clark1ic/003108986/39015091920226_01/!250,250|https://quod.lib.umich.edu/cgi/i/image/api/manifest/clark1ic:003108986:39015091920226_01|003108986; 3b67c4f0-53f8-4a98-9b28-73f23d6f6682|oai:quod.lib.umich.edu:IC-CLARK1IC-X-003108986%5D39015091920226_02|http://name.umdl.umich.edu/IC-CLARK1IC-X-003108986%5D39015091920226_02|https://quod.lib.umich.edu/cgi/i/image/api/thumb/clark1ic/003108986/39015091920226_02/!250,250|https://quod.lib.umich.edu/cgi/i/image/api/manifest/clark1ic:003108986:39015091920226_02|oai:quod.lib.umich.edu:IC-CLARK1IC-X-003108986%5D39015091920226_03|http://name.umdl.umich.edu/IC-CLARK1IC-X-003108986%5D39015091920226_03|https://quod.lib.umich.edu/cgi/i/image/api/thumb/clark1ic/003108986/39015091920226_03/!250,250|https://quod.lib.umich.edu/cgi/i/image/api/manifest/clark1ic:003108986:39015091920226_03|oai:quod.lib.umich.edu:IC-CLARK1IC-X-003108986%5D39015091920226_04|http://name.umdl.umich.edu/IC-CLARK1IC-X-003108986%5D39015091920226_04|https://quod.lib.umich.edu/cgi/i/image/api/thumb/clark1ic/003108986/39015091920226_04/!250,250|https://quod.lib.umich.edu/cgi/i/image/api/manifest/clark1ic:003108986:39015091920226_04|oai:quod.lib.umich.edu:IC-CLARK1IC-X-003108986%5D39015091920226_05|http://name.umdl.umich.edu/IC-CLARK1IC-X-003108986%5D39015091920226_05|https://quod.lib.umich.edu/cgi/i/image/api/thumb/clark1ic/003108986/39015091920226_05/!250,250|https://quod.lib.umich.edu/cgi/i/image/api/manifest/clark1ic:003108986:39015091920226_05|oai:quod.lib.umich.edu:IC-CLARK1IC-X-003108986%5D39015091920226_06|http://name.umdl.umich.edu/IC-CLARK1IC-X-003108986%5D39015091920226_06|https://quod.lib.umich.edu/cgi/i/image/api/thumb/clark1ic/003108986/39015091920226_06/!250,250|https://quod.lib.umich.edu/cgi/i/image/api/manifest/clark1ic:003108986:39015091920226_06|oai:quod.lib.umich.edu:IC-CLARK1IC-X-003108986%5D39015091920226_07|http://name.umdl.umich.edu/IC-CLARK1IC-X-003108986%5D39015091920226_07|https://quod.lib.umich.edu/cgi/i/image/api/thumb/clark1ic/003108986/39015091920226_07/!250,250|https://quod.lib.umich.edu/cgi/i/image/api/manifest/clark1ic:003108986:39015091920226_07",2026-09-07T13:44:02.575472+00:00,existing
3b6b19ec-ef6c-4441-ba2e-20253fbf97fc,"https://quod.lib.umich.edu/c/clark1ic/x-002479396/39015091881188|https://quod.lib.umich.edu/cgi/i/image/api/search/clark1ic:002479396|oai:quod.lib.umich.edu:IC-CLARK1IC-X-002479396%5D39015091881188|http://name.umdl.umich.edu/IC-CLARK1IC-X-002479396%5D39015091881188|https://quod.lib.umich.edu/cgi/i/image/api/thumb/clark1ic/002479396/39015091881188/!250,250|https://quod.lib.umich.edu/cgi/i/image/api/manifest/clark1ic:002479396:39015091881188|002479396; 3b6b19ec-ef6c-4441-ba2e-20253fbf97fc",2026-09-07T13:44:02.575509+00:00,existing
3bb31551-a779-4bb5-824e-0a7757d4ecaf,"https://quod.lib.umich.edu/c/clark1ic/x-002745877/39015091197502|https://quod.lib.umich.edu/cgi/i/image/api/search/clark1ic:002745877|oai:quod.lib.umich.edu:IC-CLARK1IC-X-002745877%5D39015091184807|http://name.umdl.umich.edu/IC-CLARK1IC-X-002745877%5D39015091184807|https://quod.lib.umich.edu/cgi/i/image/api/thumb/clark1ic/002745877/39015091184807/!250,250|https://quod.lib.umich.edu/cgi/i/image/api/manifest/clark1ic:002745877:39015091184807|002745877; 3bb31551-a779-4bb5-824e-0a7757d4ecaf|oai:quod.lib.umich.edu:IC-CLARK1IC-X-002745877%5D39015091197494|http://name.umdl.umich.edu/IC-CLARK1IC-X-002745877%5D39015091197494|https://quod.lib.umich.edu/cgi/i/image/api/thumb/clark1ic/002745877/39015091197494/!250,250|https://quod.lib.umich.edu/cgi/i/image/api/manifest/clark1ic:002745877:39015091197494|oai:quod.lib.umich.edu:IC-CLARK1IC-X-002745877%5D39015091197502|http://name.umdl.umich.edu/IC-CLARK1IC-X-002745877%5D39015091197502|https://quod.lib.umich.edu/cgi/i/image/api/thumb/clark1ic/002745877/39015091197502/!250,250|https://quod.lib.umich.edu/cgi/i/image/api/manifest/clark1ic:002745877:39015091197502",2026-09-07T13:44:02.575571+00:00,existing
3bed456e-85c6-49bd-8573-b8846eb47623,"https://quod.lib.umich.edu/c/clark1ic/x-003557876/39015091880610|https://quod.lib.umich.edu/cgi/i/image/api/search/clark1ic:003557876|oai:quod.lib.umich.edu:IC-CLARK1IC-X-003557876%5D39015091880610|http://name.umdl.umich.edu/IC-CLARK1IC-X-003557876%5D39015091880610|https://quod.lib.umich.edu/cgi/i/image/api/thumb/clark1ic/003557876/39015091880610/!250,250|https://quod.lib.umich.edu/cgi/i/image/api/manifest/clark1ic:003557876:39015091880610|003557876; 3bed456e-85c6-49bd-8573-b8846eb47623",2026-09-07T13:44:02.575607+00:00,existing
3c299e78-6b8c-40ce-aa08-5afd8a4f2790,"https://quod.lib.umich.edu/c/clark1ic/x-002904364/39015091881121|https://quod.lib.umich.edu/cgi/i/image/api/search/clark1ic:002904364|oai:quod.lib.umich.edu:IC-CLARK1IC-X-002904364%5D39015091881121|http://name.umdl.umich.edu/IC-CLARK1IC-X-002904364%5D39015091881121|https://quod.lib.umich.edu/cgi/i/image/api/thumb/clark1ic/002904364/39015091881121/!250,250|https://quod.lib.umich.edu/cgi/i/image/api/manifest/clark1ic:002904364:39015091881121|002904364; 3c299e78-6b8c-40ce-aa08-5afd8a4f2790",2026-09-07T13:44:02.575641+00:00,existing
3c472e99-fd8d-4bb3-be53-1d751d3601ba,"https://quod.lib.umich.edu/c/clark1ic/x-000075181/39015091183510|https://quod.lib.umich.edu/cgi/i/image/api/search/clark1ic:000075181|oai:quod.lib.umich.edu:IC-CLARK1IC-X-000075181%5D39015091183510|http://name.umdl.umich.edu/IC-CLARK1IC-X-000075181%5D39015091183510|https://quod.lib.umich.edu/cgi/i/image/api/thumb/clark1ic/000075181/39015091183510/!250,250|https://quod.lib.umich.edu/cgi/i/image/api/manifest/clark1ic:000075181:39015091183510|000075181; 3c472e99-fd8d-4bb3-be53-1d751d3601ba",2026-09-07T13:44:02.575675+00:00,existing
3c6782ff-3209-482f-8eec-e611d25edc75,"https://quod.lib.umich.edu/c/clark1ic/x-012475209/39015095390954|https://quod.lib.umich.edu/cgi/i/image/api/search/clark1ic:012475209|oai:quod.lib.umich.edu:IC-CLARK1IC-X-012475209%5D39015095390954|http://name.umdl.umich.edu/IC-CLARK1IC-X-012475209%5D39015095390954|https://quod.lib.umich.edu/cgi/i/image/api/thumb/clark1ic/012475209/39015095390954/!250,250|https://quod.lib.umich.edu/cgi/i/image/api/manifest/clark1ic:012475209:39015095390954|012475209; 3c6782ff-3209-482f-8eec-e611d25edc75",2026-09-07T13:44:02.575709+00:00,existing
3c7de89e-1a5b-477b-a793-74af40a4cb1e,"https://quod.lib.umich.edu/c/clark1ic/x-003063840/39015091193634|https://quod.lib.umich.edu/cgi/i/image/api/search/clark1ic:003063840|oai:quod.lib.umich.edu:IC-CLARK1IC-X-003063840%5D39015091193634|http://name.umdl.umich.edu/IC-CLARK1IC-X-003063840%5D39015091193634|https://quod.lib.umich.edu/cgi/i/image/api/thumb/clark1ic/003063840/39015091193634/!250,250|https://quod.lib.umich.edu/cgi/i/image/api/manifest/clark1ic:003063840:39015091193634|003063840; 3c7de89e-1a5b-477b-a793-74af40a4cb1e",2026-09-07T13:44:02.575742+00:00,existing
3c8050c9-397c-49bb-be4d-4472ddceb07e,"https://quod.lib.umich.edu/c/clark1ic/x-000079284/39015091916026|https://quod.lib.umich.edu/cgi/i/image/api/search/clark1ic:000079284|oai:quod.lib.umich.edu:IC-CLARK1IC-X-000079284%5D39015091916026|http://name.umdl.umich.edu/IC-CLARK1IC-X-000079284%5D39015091916026|https://quod.lib.umich.edu/cgi/i/image/api/thumb/clark1ic/000079284/39015091916026/!250,250|https://quod.lib.umich.edu/cgi/i/image/api/manifest/clark1ic:000079284:39015091916026|000079284; 3c8050c9-397c-49bb-be4d-4472ddceb07e",2026-09-07T13:44:02.575774+00:00,existing
3cbe7118-a63f-4251-aff4-02466dddbdd9,"https://quod.lib.umich.edu/c/clark1ic/x-007933417/39015091198112|https://quod.lib.umich.edu/cgi/i/image/api/search/clark1ic:007933417|oai:quod.lib.umich.edu:IC-CLARK1IC-X-007933417%5D39015091198112|http://name.umdl.umich.edu/IC-CLARK1IC-X-007933417%5D39015091198112|https://quod.lib.umich.edu/cgi/i/image/api/thumb/clark1ic/007933417/39015091198112/!250,250|https://quod.lib.umich.edu/cgi/i/image/api/manifest/clark1ic:007933417:39015091198112|007933417; 3cbe7118-a63f-4251-aff4-02466dddbdd9",2026-09-07T13:44:02.575806+00:00,existing
3ce64f6f-1186-488f-84f1-996dbf466235,"https://quod.lib.umich.edu/c/clark1ic/x-009554752/39015091910482|https://quod.lib.umich.edu/cgi/i/image/api/search/clark1ic:009554752|oai:quod.lib.umich.edu:IC-CLARK1IC-X-009554752%5D39015091910482|http://name.umdl.umich.edu/IC-CLARK1IC-X-009554752%5D39015091910482|https://quod.lib.umich.edu/cgi/i/image/api/thumb/clark1ic/009554752/39015091910482/!250,250|https://quod.lib.umich.edu/cgi/i/image/api/manifest/clark1ic:009554752:39015091910482|009554752; 3ce64f6f-1186-488f-84f1-996dbf466235|oai:quod.lib.umich.edu:IC-CLARK1IC-X-009554752%5D39015091910490|http://name.umdl.umich.edu/IC-CLARK1IC-X-009554752%5D39015091910490|https://quod.lib.umich.edu/cgi/i/image/api/thumb/clark1ic/009554752/39015091910490/!250,250|https://quod.lib.umich.edu/cgi/i/image/api/manifest/clark1ic:009554752:39015091910490",2026-09-07T13:44:02.575852+00:00,existing
3d305177-0642-4d96-ad17-5afa43c0051e,"https://quod.lib.umich.edu/c/clark1ic/x-003280311/39015091916455|https://quod.lib.umich.edu/cgi/i/image/api/search/clark1ic:003280311|oai:quod.lib.umich.edu:IC-CLARK1IC-X-003280311%5D39015091916455|http://name.umdl.umich.edu/IC-CLARK1IC-X-003280311%5D39015091916455|https://quod.lib.umich.edu/cgi/i/image/api/thumb/clark1ic/003280311/39015091916455/!250,250|https://quod.lib.umich.edu/cgi/i/image/api/manifest/clark1ic:003280311:39015091916455|003280311; 3d305177-0642-4d96-ad17-5afa43c0051e",2026-09-07T13:44:02.575891+00:00,existing
3d401351-5c09-4eac-8116-3b7cb5f761c1,"https://quod.lib.umich.edu/c/clark1ic/x-000887401/39015091921638_01|https://quod.lib.umich.edu/cgi/i/image/api/search/clark1ic:000887401|oai:quod.lib.umich.edu:IC-CLARK1IC-X-000887401%5D39015091193006|http://name.umdl.umich.edu/IC-CLARK1IC-X-000887401%5D39015091193006|https://quod.lib.umich.edu/cgi/i/image/api/thumb/clark1ic/000887401/39015091193006/!250,250|https://quod.lib.umich.edu/cgi/i/image/api/manifest/clark1ic:000887401:39015091193006|000887401; 3d401351-5c09-4eac-8116-3b7cb5f761c1|oai:quod.lib.umich.edu:IC-CLARK1IC-X-000887401%5D39015091921638_01|http://name.umdl.umich.edu/IC-CLARK1IC-X-000887401%5D39015091921638_01|https://quod.lib.umich.edu/cgi/i/image/api/thumb/clark1ic/000887401/39015091921638_01/!250,250|https://quod.lib.umich.edu/cgi/i/image/api/manifest/clark1ic:000887401:39015091921638_01|oai:quod.lib.umich.edu:IC-CLARK1IC-X-000887401%5D39015091921638_02|http://name.umdl.umich.edu/IC-CLARK1IC-X-000887401%5D39015091921638_02|https://quod.lib.umich.edu/cgi/i/image/api/thumb/clark1ic/000887401/39015091921638_02/!250,250|https://quod.lib.umich.edu/cgi/i/image/api/manifest/clark1ic:000887401:39015091921638_02",2026-09-07T13:44:02.575951+00:00,existing
3d46ec65-7df4-4c28-ab7d-dbd180e2c2a6,"https://quod.lib.umich.edu/c/clark1ic/x-009749914/39015091186356|https://quod.lib.umich.edu/cgi/i/image/api/search/clark1ic:009749914|oai:quod.lib.umich.edu:IC-CLARK1IC-X-009749914%5D39015091186356|http://name.umdl.umich.edu/IC-CLARK1IC-X-009749914%5D39015091186356|https://quod.lib.umich.edu/cgi/i/image/api/thumb/clark1ic/009749914/39015091186356/!250,250|https://quod.lib.umich.edu/cgi/i/image/api/manifest/clark1ic:009749914:39015091186356|009749914; 3d46ec65-7df4-4c28-ab7d-dbd180e2c2a6",2026-09-07T13:44:02.575984+00:00,existing
3d685b2b-0cbb-4664-9c68-c0e8d2ce3895,"https://quod.lib.umich.edu/c/clark1ic/x-007507399/39015091910961_0001|https://quod.lib.umich.edu/cgi/i/image/api/search/clark1ic:007507399|oai:quod.lib.umich.edu:IC-CLARK1IC-X-007507399%5D39015091910961_0001|http://name.umdl.umich.edu/IC-CLARK1IC-X-007507399%5D39015091910961_0001|https://quod.lib.umich.edu/cgi/i/image/api/thumb/clark1ic/007507399/39015091910961_0001/!250,250|https://quod.lib.umich.edu/cgi/i/image/api/manifest/clark1ic:007507399:39015091910961_0001|007507399; 3d685b2b-0cbb-4664-9c68-c0e8d2ce3895",2026-09-07T13:44:02.576018+00:00,existing
3d8a2657-0ade-4681-a8f3-005c1fbe016c,"https://quod.lib.umich.edu/c/clark1ic/x-000903111/39015091921497_01|https://quod.lib.umich.edu/cgi/i/image/api/search/clark1ic:000903111|oai:quod.lib.umich.edu:IC-CLARK1IC-X-000903111%5D39015091921497_01|http://name.umdl.umich.edu/IC-CLARK1IC-X-000903111%5D39015091921497_01|https://quod.lib.umich.edu/cgi/i/image/api/thumb/clark1ic/000903111/39015091921497_01/!250,250|https://quod.lib.umich.edu/cgi/i/image/api/manifest/clark1ic:000903111:39015091921497_01|000903111; 3d8a2657-0ade-4681-a8f3-005c1fbe016c|oai:quod.lib.umich.edu:IC-CLARK1IC-X-000903111%5D39015091921497_02|http://name.umdl.umich.edu/IC-CLARK1IC-X-000903111%5D39015091921497_02|https://quod.lib.umich.edu/cgi/i/image/api/thumb/clark1ic/000903111/39015091921497_02/!250,250|https://quod.lib.umich.edu/cgi/i/image/api/manifest/clark1ic:000903111:39015091921497_02|oai:quod.lib.umich.edu:IC-CLARK1IC-X-000903111%5D39015091921497_03|http://name.umdl.umich.edu/IC-CLARK1IC-X-000903111%5D39015091921497_03|https://quod.lib.umich.edu/cgi/i/image/api/thumb/clark1ic/000903111/39015091921497_03/!250,250|https://quod.lib.umich.edu/cgi/i/image/api/manifest/clark1ic:000903111:39015091921497_03",2026-09-07T13:44:02.576077+00:00,existing
3d928eb3-5217-42f9-9b57-08fe61c6a28f,"https://quod.lib.umich.edu/c/clark1ic/x-003284884/39015091197379|https://quod.lib.umich.edu/cgi/i/image/api/search/clark1ic:003284884|oai:quod.lib.umich.edu:IC-CLARK1IC-X-003284884%5D39015091197379|http://name.umdl.umich.edu/IC-CLARK1IC-X-003284884%5D39015091197379|https://quod.lib.umich.edu/cgi/i/image/api/thumb/clark1ic/003284884/39015091197379/!250,250|https://quod.lib.umich.edu/cgi/i/image/api/manifest/clark1ic:003284884:39015091197379|003284884; 3d928eb3-5217-42f9-9b57-08fe61c6a28f",2026-09-07T13:44:02.576110+00:00,existing
3d943a84-c19f-4133-b0a2-9d7e228b9dc1,"https://quod.lib.umich.edu/c/clark1ic/x-003047280/39015091195183|https://quod.lib.umich.edu/cgi/i/image/api/search/clark1ic:003047280|oai:quod.lib.umich.edu:IC-CLARK1IC-X-003047280%5D39015091195183|http://name.umdl.umich.edu/IC-CLARK1IC-X-003047280%5D39015091195183|https://quod.lib.umich.edu/cgi/i/image/api/thumb/clark1ic/003047280/39015091195183/!250,250|https://quod.lib.umich.edu/cgi/i/image/api/manifest/clark1ic:003047280:39015091195183|003047280; 3d943a84-c19f-4133-b0a2-9d7e228b9dc1",2026-09-07T13:44:02.576142+00:00,existing
3dc51a40-41dd-4631-9863-fd619fe3731b,"https://quod.lib.umich.edu/c/clark1ic/x-003538357/39015091897291|https://quod.lib.umich.edu/cgi/i/image/api/search/clark1ic:003538357|oai:quod.lib.umich.edu:IC-CLARK1IC-X-003538357%5D39015091897291|http://name.umdl.umich.edu/IC-CLARK1IC-X-003538357%5D39015091897291|https://quod.lib.umich.edu/cgi/i/image/api/thumb/clark1ic/003538357/39015091897291/!250,250|https://quod.lib.umich.edu/cgi/i/image/api/manifest/clark1ic:003538357:39015091897291|003538357; 3dc51a40-41dd-4631-9863-fd619fe3731b",2026-09-07T13:44:02.576173+00:00,existing
3df404d1-e852-4985-8ed2-c5e4499afcbb,"https://quod.lib.umich.edu/c/clark1ic/x-012496037/39015091192362_01|https://quod.lib.umich.edu/cgi/i/image/api/search/clark1ic:012496037|oai:quod.lib.umich.edu:IC-CLARK1IC-X-012496037%5D39015091192362_01|http://name.umdl.umich.edu/IC-CLARK1IC-X-012496037%5D39015091192362_01|https://quod.lib.umich.edu/cgi/i/image/api/thumb/clark1ic/012496037/39015091192362_01/!250,250|https://quod.lib.umich.edu/cgi/i/image/api/manifest/clark1ic:012496037:39015091192362_01|012496037; 3df404d1-e852-4985-8ed2-c5e4499afcbb|oai:quod.lib.umich.edu:IC-CLARK1IC-X-012496037%5D39015091192362_02|http://name.umdl.umich.edu/IC-CLARK1IC-X-012496037%5D39015091192362_02|https://quod.lib.umich.edu/cgi/i/image/api/thumb/clark1ic/012496037/39015091192362_02/!250,250|https://quod.lib.umich.edu/cgi/i/image/api/manifest/clark1ic:012496037:39015091192362_02",2026-09-07T13:44:02.576218+00:00,existing
3e567fac-59b9-41b1-b443-781e12f577cd,"https://quod.lib.umich.edu/c/clark1ic/x-000889503/39015091914450|https://quod.lib.umich.edu/cgi/i/image/api/search/clark1ic:000889503|oai:quod.lib.umich.edu:IC-CLARK1IC-X-000889503%5D39015091914450|http://name.umdl.umich.edu/IC-CLARK1IC-X-000889503%5D39015091914450|https://quod.lib.umich.edu/cgi/i/image/api/thumb/clark1ic/000889503/39015091914450/!250,250|https://quod.lib.umich.edu/cgi/i/image/api/manifest/clark1ic:000889503:39015091914450|000889503; 3e567fac-59b9-41b1-b443-781e12f577cd",2026-09-07T13:44:02.576251+00:00,existing
3e95e855-13fc-41fc-a138-ca22efca923e,"https://quod.lib.umich.edu/c/clark1ic/x-002880006/39015091898422|https://quod.lib.umich.edu/cgi/i/image/api/search/clark1ic:002880006|oai:quod.lib.umich.edu:IC-CLARK1IC-X-002880006%5D39015091898422|http://name.umdl.umich.edu/IC-CLARK1IC-X-002880006%5D39015091898422|https://quod.lib.umich.edu/cgi/i/image/api/thumb/clark1ic/002880006/39015091898422/!250,250|https://quod.lib.umich.edu/cgi/i/image/api/manifest/clark1ic:002880006:39015091898422|002880006; 3e95e855-13fc-41fc-a138-ca22efca923e",2026-09-07T13:44:02.576282+00:00,existing
3eb8d7af-00a3-4497-86bf-341002853aef,"https://quod.lib.umich.edu/c/clark1ic/x-003286467/39015091197106|https://quod.lib.umich.edu/cgi/i/image/api/search/clark1ic:003286467|oai:quod.lib.umich.edu:IC-CLARK1IC-X-003286467%5D39015091197106|http://name.umdl.umich.edu/IC-CLARK1IC-X-003286467%5D39015091197106|https://quod.lib.umich.edu/cgi/i/image/api/thumb/clark1ic/003286467/39015091197106/!250,250|https://quod.lib.umich.edu/cgi/i/image/api/manifest/clark1ic:003286467:39015091197106|003286467; 3eb8d7af-00a3-4497-86bf-341002853aef",2026-09-07T13:44:02.576314+00:00,existing
3f03e040-5c85-41d3-8039-ce363a77c086,"https://quod.lib.umich.edu/c/clark1ic/x-003285711/39015091903750|https://quod.lib.umich.edu/cgi/i/image/api/search/clark1ic:003285711|oai:quod.lib.umich.edu:IC-CLARK1IC-X-003285711%5D39015091903750|http://name.umdl.umich.edu/IC-CLARK1IC-X-003285711%5D39015091903750|https://quod.lib.umich.edu/cgi/i/image/api/thumb/clark1ic/003285711/39015091903750/!250,250|https://quod.lib.umich.edu/cgi/i/image/api/manifest/clark1ic:003285711:39015091903750|003285711; 3f03e040-5c85-41d3-8039-ce363a77c086",2026-09-07T13:44:02.576345+00:00,existing
3f5a098b-c720-4711-9331-e56b31c090fd,"https://quod.lib.umich.edu/c/clark1ic/x-003287907/39015091910292|https://quod.lib.umich.edu/cgi/i/image/api/search/clark1ic:003287907|oai:quod.lib.umich.edu:IC-CLARK1IC-X-003287907%5D39015091910292|http://name.umdl.umich.edu/IC-CLARK1IC-X-003287907%5D39015091910292|https://quod.lib.umich.edu/cgi/i/image/api/thumb/clark1ic/003287907/39015091910292/!250,250|https://quod.lib.umich.edu/cgi/i/image/api/manifest/clark1ic:003287907:39015091910292|003287907; 3f5a098b-c720-4711-9331-e56b31c090fd",2026-09-07T13:44:02.576382+00:00,existing
3f759080-33f4-42b6-a77c-58920748d19b,"https://quod.lib.umich.edu/c/clark1ic/x-004259571/39015091903826|https://quod.lib.umich.edu/cgi/i/image/api/search/clark1ic:004259571|oai:quod.lib.umich.edu:IC-CLARK1IC-X-004259571%5D39015091903826|http://name.umdl.umich.edu/IC-CLARK1IC-X-004259571%5D39015091903826|https://quod.lib.umich.edu/cgi/i/image/api/thumb/clark1ic/004259571/39015091903826/!250,250|https://quod.lib.umich.edu/cgi/i/image/api/manifest/clark1ic:004259571:39015091903826|004259571; 3f759080-33f4-42b6-a77c-58920748d19b",2026-09-07T13:44:02.576413+00:00,existing
3fc1b388-d361-4c9a-a072-8832e6d7abd9,"https://quod.lib.umich.edu/c/clark1ic/x-004936393/39015091916737|https://quod.lib.umich.edu/cgi/i/image/api/search/clark1ic:004936393|oai:quod.lib.umich.edu:IC-CLARK1IC-X-004936393%5D39015091916737|http://name.umdl.umich.edu/IC-CLARK1IC-X-004936393%5D39015091916737|https://quod.lib.umich.edu/cgi/i/image/api/thumb/clark1ic/004936393/39015091916737/!250,250|https://quod.lib.umich.edu/cgi/i/image/api/manifest/clark1ic:004936393:39015091916737|004936393; 3fc1b388-d361-4c9a-a072-8832e6d7abd9|oai:quod.lib.umich.edu:IC-CLARK1IC-X-004936393%5D39015091916745|http://name.umdl.umich.edu/IC-CLARK1IC-X-004936393%5D39015091916745|https://quod.lib.umich.edu/cgi/i/image/api/thumb/clark1ic/004936393/39015091916745/!250,250|https://quod.lib.umich.edu/cgi/i/image/api/manifest/clark1ic:004936393:39015091916745",2026-09-07T13:44:02.576458+00:00,existing
3feea376-53ef-4bd7-9813-73f40d486a16,"https://quod.lib.umich.edu/c/clark1ic/x-003111043/39015091920317_01|https://quod.lib.umich.edu/cgi/i/image/api/search/clark1ic:003111043|oai:quod.lib.umich.edu:IC-CLARK1IC-X-003111043%5D39015091920317_01|http://name.umdl.umich.edu/IC-CLARK1IC-X-003111043%5D39015091920317_01|https://quod.lib.umich.edu/cgi/i/image/api/thumb/clark1ic/003111043/39015091920317_01/!250,250|https://quod.lib.umich.edu/cgi/i/image/api/manifest/clark1ic:003111043:39015091920317_01|003111043; 3feea376-53ef-4bd7-9813-73f40d486a16|oai:quod.lib.umich.edu:IC-CLARK1IC-X-003111043%5D39015091920317_02|http://name.umdl.umich.edu/IC-CLARK1IC-X-003111043%5D39015091920317_02|https://quod.lib.umich.edu/cgi/i/image/api/thumb/clark1ic/003111043/39015091920317_02/!250,250|https://quod.lib.umich.edu/cgi/i/image/api/manifest/clark1ic:003111043:39015091920317_02",2026-09-07T13:44:02.576503+00:00,existing
3ff0bde6-59e0-4531-b186-8e35aebdd5bd,"https://quod.lib.umich.edu/c/clark1ic/x-011710867/39015091193105_01|https://quod.lib.umich.edu/cgi/i/image/api/search/clark1ic:011710867|oai:quod.lib.umich.edu:IC-CLARK1IC-X-011710867%5D39015091193105_01|http://name.umdl.umich.edu/IC-CLARK1IC-X-011710867%5D39015091193105_01|https://quod.lib.umich.edu/cgi/i/image/api/thumb/clark1ic/011710867/39015091193105_01/!250,250|https://quod.lib.umich.edu/cgi/i/image/api/manifest/clark1ic:011710867:39015091193105_01|011710867; 3ff0bde6-59e0-4531-b186-8e35aebdd5bd|oai:quod.lib.umich.edu:IC-CLARK1IC-X-011710867%5D39015091193105_02|http://name.umdl.umich.edu/IC-CLARK1IC-X-011710867%5D39015091193105_02|https://quod.lib.umich.edu/cgi/i/image/api/thumb/clark1ic/011710867/39015091193105_02/!250,250|https://quod.lib.umich.edu/cgi/i/image/api/manifest/clark1ic:011710867:39015091193105_02",2026-09-07T13:44:02.576548+00:00,existing
3ff12731-32fd-41c5-9b30-a18f58202283,"https://quod.lib.umich.edu/c/clark1ic/x-013664818/39015091881139|https://quod.lib.umich.edu/cgi/i/image/api/search/clark1ic:013664818|oai:quod.lib.umich.edu:IC-CLARK1IC-X-013664818%5D39015091881139|http://name.umdl.umich.edu/IC-CLARK1IC-X-013664818%5D39015091881139|https://quod.lib.umich.edu/cgi/i/image/api/thumb/clark1ic/013664818/39015091881139/!250,250|https://quod.lib.umich.edu/cgi/i/image/api/manifest/clark1ic:013664818:39015091881139|013664818; 3ff12731-32fd-41c5-9b30-a18f58202283",2026-09-07T13:44:02.576581+00:00,existing
3ffb1f2e-d617-4361-bc2b-49d9ad270cad,"https://quod.lib.umich.edu/c/clark1ic/x-012464989/39015095390558|https://quod.lib.umich.edu/cgi/i/image/api/search/clark1ic:012464989|oai:quod.lib.umich.edu:IC-CLARK1IC-X-012464989%5D39015095390558|http://name.umdl.umich.edu/IC-CLARK1IC-X-012464989%5D39015095390558|https://quod.lib.umich.edu/cgi/i/image/api/thumb/clark1ic/012464989/39015095390558/!250,250|https://quod.lib.umich.edu/cgi/i/image/api/manifest/clark1ic:012464989:39015095390558|012464989; 3ffb1f2e-d617-4361-bc2b-49d9ad270cad",2026-09-07T13:44:02.576618+00:00,existing
40104cd9-e161-4153-bf4f-b43d98865008,"https://quod.lib.umich.edu/c/clark1ic/x-003843759/39015095389675_01|https://quod.lib.umich.edu/cgi/i/image/api/search/clark1ic:003843759|oai:quod.lib.umich.edu:IC-CLARK1IC-X-003843759%5D39015095389675_01|http://name.umdl.umich.edu/IC-CLARK1IC-X-003843759%5D39015095389675_01|https://quod.lib.umich.edu/cgi/i/image/api/thumb/clark1ic/003843759/39015095389675_01/!250,250|https://quod.lib.umich.edu/cgi/i/image/api/manifest/clark1ic:003843759:39015095389675_01|003843759; 40104cd9-e161-4153-bf4f-b43d98865008|oai:quod.lib.umich.edu:IC-CLARK1IC-X-003843759%5D39015095389675_02|http://name.umdl.umich.edu/IC-CLARK1IC-X-003843759%5D39015095389675_02|https://quod.lib.umich.edu/cgi/i/image/api/thumb/clark1ic/003843759/39015095389675_02/!250,250|https://quod.lib.umich.edu/cgi/i/image/api/manifest/clark1ic:003843759:39015095389675_02",2026-09-07T13:44:02.576667+00:00,existing
40226a52-b62f-419a-a035-b6b10f0d9a10,"https://quod.lib.umich.edu/c/clark1ic/x-000079274/39015095390350_01|https://quod.lib.umich.edu/cgi/i/image/api/search/clark1ic:000079274|oai:quod.lib.umich.edu:IC-CLARK1IC-X-000079274%5D39015095390350_01|http://name.umdl.umich.edu/IC-CLARK1IC-X-000079274%5D39015095390350_01|https://quod.lib.umich.edu/cgi/i/image/api/thumb/clark1ic/000079274/39015095390350_01/!250,250|https://quod.lib.umich.edu/cgi/i/image/api/manifest/clark1ic:000079274:39015095390350_01|000079274; 40226a52-b62f-419a-a035-b6b10f0d9a10|oai:quod.lib.umich.edu:IC-CLARK1IC-X-000079274%5D39015095390350_02|http://name.umdl.umich.edu/IC-CLARK1IC-X-000079274%5D39015095390350_02|https://quod.lib.umich.edu/cgi/i/image/api/thumb/clark1ic/000079274/39015095390350_02/!250,250|https://quod.lib.umich.edu/cgi/i/image/api/manifest/clark1ic:000079274:39015095390350_02",2026-09-07T13:44:02.576715+00:00,existing
402c8c5b-fde9-4cb0-ab73-e83c17ae0f49,"https://quod.lib.umich.edu/c/clark1ic/x-010625905/39015091197064|https://quod.lib.umich.edu/cgi/i/image/api/search/clark1ic:010625905|oai:quod.lib.umich.edu:IC-CLARK1IC-X-010625905%5D39015091197064|http://name.umdl.umich.edu/IC-CLARK1IC-X-010625905%5D39015091197064|https://quod.lib.umich.edu/cgi/i/image/api/thumb/clark1ic/010625905/39015091197064/!250,250|https://quod.lib.umich.edu/cgi/i/image/api/manifest/clark1ic:010625905:39015091197064|010625905; 402c8c5b-fde9-4cb0-ab73-e83c17ae0f49",2026-09-07T13:44:02.576748+00:00,existing
404662df-83a9-4a09-870e-d7f62fdf9573,"https://quod.lib.umich.edu/c/clark1ic/x-002745875/39015091184773_01|https://quod.lib.umich.edu/cgi/i/image/api/search/clark1ic:002745875|oai:quod.lib.umich.edu:IC-CLARK1IC-X-002745875%5D39015091184773_01|http://name.umdl.umich.edu/IC-CLARK1IC-X-002745875%5D39015091184773_01|https://quod.lib.umich.edu/cgi/i/image/api/thumb/clark1ic/002745875/39015091184773_01/!250,250|https://quod.lib.umich.edu/cgi/i/image/api/manifest/clark1ic:002745875:39015091184773_01|002745875; 404662df-83a9-4a09-870e-d7f62fdf9573|oai:quod.lib.umich.edu:IC-CLARK1IC-X-002745875%5D39015091184773_02|http://name.umdl.umich.edu/IC-CLARK1IC-X-002745875%5D39015091184773_02|https://quod.lib.umich.edu/cgi/i/image/api/thumb/clark1ic/002745875/39015091184773_02/!250,250|https://quod.lib.umich.edu/cgi/i/image/api/manifest/clark1ic:002745875:39015091184773_02|oai:quod.lib.umich.edu:IC-CLARK1IC-X-002745875%5D39015091184773_03|http://name.umdl.umich.edu/IC-CLARK1IC-X-002745875%5D39015091184773_03|https://quod.lib.umich.edu/cgi/i/image/api/thumb/clark1ic/002745875/39015091184773_03/!250,250|https://quod.lib.umich.edu/cgi/i/image/api/manifest/clark1ic:002745875:39015091184773_03|oai:quod.lib.umich.edu:IC-CLARK1IC-X-002745875%5D39015091184773_04|http://name.umdl.umich.edu/IC-CLARK1IC-X-002745875%5D39015091184773_04|https://quod.lib.umich.edu/cgi/i/image/api/thumb/clark1ic/002745875/39015091184773_04/!250,250|https://quod.lib.umich.edu/cgi/i/image/api/manifest/clark1ic:002745875:39015091184773_04",2026-09-07T13:44:02.576821+00:00,existing
4064efb1-fc12-4768-91c2-4fc059dc0d45,"https://quod.lib.umich.edu/c/clark1ic/x-004935878/39015091915929|https://quod.lib.umich.edu/cgi/i/image/api/search/clark1ic:004935878|oai:quod.lib.umich.edu:IC-CLARK1IC-X-004935878%5D39015091915929|http://name.umdl.umich.edu/IC-CLARK1IC-X-004935878%5D39015091915929|https://quod.lib.umich.edu/cgi/i/image/api/thumb/clark1ic/004935878/39015091915929/!250,250|https://quod.lib.umich.edu/cgi/i/image/api/manifest/clark1ic:004935878:39015091915929|004935878; 4064efb1-fc12-4768-91c2-4fc059dc0d45",2026-09-07T13:44:02.576854+00:00,existing
4065d76c-59c0-46c9-93ff-863576f308b8,"https://quod.lib.umich.edu/c/clark1ic/x-012523210/39015095391358_01|https://quod.lib.umich.edu/cgi/i/image/api/search/clark1ic:012523210|oai:quod.lib.umich.edu:IC-CLARK1IC-X-012523210%5D39015095391358_01|http://name.umdl.umich.edu/IC-CLARK1IC-X-012523210%5D39015095391358_01|https://quod.lib.umich.edu/cgi/i/image/api/thumb/clark1ic/012523210/39015095391358_01/!250,250|https://quod.lib.umich.edu/cgi/i/image/api/manifest/clark1ic:012523210:39015095391358_01|012523210; 4065d76c-59c0-46c9-93ff-863576f308b8|oai:quod.lib.umich.edu:IC-CLARK1IC-X-012523210%5D39015095391358_02|http://name.umdl.umich.edu/IC-CLARK1IC-X-012523210%5D39015095391358_02|https://quod.lib.umich.edu/cgi/i/image/api/thumb/clark1ic/012523210/39015095391358_02/!250,250|https://quod.lib.umich.edu/cgi/i/image/api/manifest/clark1ic:012523210:39015095391358_02",2026-09-07T13:44:02.576908+00:00,existing
40756cc5-11cf-4579-a736-ae6d92afa932,"https://quod.lib.umich.edu/c/clark1ic/x-004077734/39015091194178_01|https://quod.lib.umich.edu/cgi/i/image/api/search/clark1ic:004077734|oai:quod.lib.umich.edu:IC-CLARK1IC-X-004077734%5D39015091194178_01|http://name.umdl.umich.edu/IC-CLARK1IC-X-004077734%5D39015091194178_01|https://quod.lib.umich.edu/cgi/i/image/api/thumb/clark1ic/004077734/39015091194178_01/!250,250|https://quod.lib.umich.edu/cgi/i/image/api/manifest/clark1ic:004077734:39015091194178_01|004077734; 40756cc5-11cf-4579-a736-ae6d92afa932|oai:quod.lib.umich.edu:IC-CLARK1IC-X-004077734%5D39015091194178_02|http://name.umdl.umich.edu/IC-CLARK1IC-X-004077734%5D39015091194178_02|https://quod.lib.umich.edu/cgi/i/image/api/thumb/clark1ic/004077734/39015091194178_02/!250,250|https://quod.lib.umich.edu/cgi/i/image/api/manifest/clark1ic:004077734:39015091194178_02",2026-09-07T13:44:02.576957+00:00,existing
40b65add-a0bc-4923-b77d-fb41261cac3d,"https://quod.lib.umich.edu/c/clark1ic/x-012522074/39015095391184|https://quod.lib.umich.edu/cgi/i/image/api/search/clark1ic:012522074|oai:quod.lib.umich.edu:IC-CLARK1IC-X-012522074%5D39015095391184|http://name.umdl.umich.edu/IC-CLARK1IC-X-012522074%5D39015095391184|https://quod.lib.umich.edu/cgi/i/image/api/thumb/clark1ic/012522074/39015095391184/!250,250|https://quod.lib.umich.edu/cgi/i/image/api/manifest/clark1ic:012522074:39015095391184|012522074; 40b65add-a0bc-4923-b77d-fb41261cac3d",2026-09-07T13:44:02.576988+00:00,existing
40e254a2-aa4b-4ca8-9ca1-e7bcd30ab740,"https://quod.lib.umich.edu/c/clark1ic/x-003514649/39015091881089|https://quod.lib.umich.edu/cgi/i/image/api/search/clark1ic:003514649|oai:quod.lib.umich.edu:IC-CLARK1IC-X-003514649%5D39015091881089|http://name.umdl.umich.edu/IC-CLARK1IC-X-003514649%5D39015091881089|https://quod.lib.umich.edu/cgi/i/image/api/thumb/clark1ic/003514649/39015091881089/!250,250|https://quod.lib.umich.edu/cgi/i/image/api/manifest/clark1ic:003514649:39015091881089|003514649; 40e254a2-aa4b-4ca8-9ca1-e7bcd30ab740",2026-09-07T13:44:02.577020+00:00,existing
41186a6b-442c-48af-a911-ad3949113fa3,"https://quod.lib.umich.edu/c/clark1ic/x-010690136/39015091905599_01|https://quod.lib.umich.edu/cgi/i/image/api/search/clark1ic:010690136|oai:quod.lib.umich.edu:IC-CLARK1IC-X-010690136%5D39015091905599_01|http://name.umdl.umich.edu/IC-CLARK1IC-X-010690136%5D39015091905599_01|https://quod.lib.umich.edu/cgi/i/image/api/thumb/clark1ic/010690136/39015091905599_01/!250,250|https://quod.lib.umich.edu/cgi/i/image/api/manifest/clark1ic:010690136:39015091905599_01|010690136; 41186a6b-442c-48af-a911-ad3949113fa3|oai:quod.lib.umich.edu:IC-CLARK1IC-X-010690136%5D39015091905599_02|http://name.umdl.umich.edu/IC-CLARK1IC-X-010690136%5D39015091905599_02|https://quod.lib.umich.edu/cgi/i/image/api/thumb/clark1ic/010690136/39015091905599_02/!250,250|https://quod.lib.umich.edu/cgi/i/image/api/manifest/clark1ic:010690136:39015091905599_02",2026-09-07T13:44:02.577063+00:00,existing
41352278-3c7f-4ad3-991f-98ac2c16e21a,"https://quod.lib.umich.edu/c/clark1ic/x-004076021/39015091193261_01|https://quod.lib.umich.edu/cgi/i/image/api/search/clark1ic:004076021|oai:quod.lib.umich.edu:IC-CLARK1IC-X-004076021%5D39015091193261_01|http://name.umdl.umich.edu/IC-CLARK1IC-X-004076021%5D39015091193261_01|https://quod.lib.umich.edu/cgi/i/image/api/thumb/clark1ic/004076021/39015091193261_01/!250,250|https://quod.lib.umich.edu/cgi/i/image/api/manifest/clark1ic:004076021:39015091193261_01|004076021; 41352278-3c7f-4ad3-991f-98ac2c16e21a|oai:quod.lib.umich.edu:IC-CLARK1IC-X-004076021%5D39015091193261_02|http://name.umdl.umich.edu/IC-CLARK1IC-X-004076021%5D39015091193261_02|https://quod.lib.umich.edu/cgi/i/image/api/thumb/clark1ic/004076021/39015091193261_02/!250,250|https://quod.lib.umich.edu/cgi/i/image/api/manifest/clark1ic:004076021:39015091193261_02",2026-09-07T13:44:02.577107+00:00,existing
414e3ef5-4705-4b9c-98e0-d3b4960c2988,"https://quod.lib.umich.edu/c/clark1ic/x-010818612/39015091916018_01|https://quod.lib.umich.edu/cgi/i/image/api/search/clark1ic:010818612|oai:quod.lib.umich.edu:IC-CLARK1IC-X-010818612%5D39015091916018_01|http://name.umdl.umich.edu/IC-CLARK1IC-X-010818612%5D39015091916018_01|https://quod.lib.umich.edu/cgi/i/image/api/thumb/clark1ic/010818612/39015091916018_01/!250,250|https://quod.lib.umich.edu/cgi/i/image/api/manifest/clark1ic:010818612:39015091916018_01|010818612; 414e3ef5-4705-4b9c-98e0-d3b4960c2988|oai:quod.lib.umich.edu:IC-CLARK1IC-X-010818612%5D39015091916018_02|http://name.umdl.umich.edu/IC-CLARK1IC-X-010818612%5D39015091916018_02|https://quod.lib.umich.edu/cgi/i/image/api/thumb/clark1ic/010818612/39015091916018_02/!250,250|https://quod.lib.umich.edu/cgi/i/image/api/manifest/clark1ic:010818612:39015091916018_02",2026-09-07T13:44:02.577151+00:00,existing
41a3672f-5a0e-4bca-a38a-ba34fa77ff3a,"https://quod.lib.umich.edu/c/clark1ic/x-013529535/39015091197510_01|https://quod.lib.umich.edu/cgi/i/image/api/search/clark1ic:013529535|oai:quod.lib.umich.edu:IC-CLARK1IC-X-013529535%5D39015091197510_01|http://name.umdl.umich.edu/IC-CLARK1IC-X-013529535%5D39015091197510_01|https://quod.lib.umich.edu/cgi/i/image/api/thumb/clark1ic/013529535/39015091197510_01/!250,250|https://quod.lib.umich.edu/cgi/i/image/api/manifest/clark1ic:013529535:39015091197510_01|013529535; 41a3672f-5a0e-4bca-a38a-ba34fa77ff3a|oai:quod.lib.umich.edu:IC-CLARK1IC-X-013529535%5D39015091197510_02|http://name.umdl.umich.edu/IC-CLARK1IC-X-013529535%5D39015091197510_02|https://quod.lib.umich.edu/cgi/i/image/api/thumb/clark1ic/013529535/39015091197510_02/!250,250|https://quod.lib.umich.edu/cgi/i/image/api/manifest/clark1ic:013529535:39015091197510_02",2026-09-07T13:44:02.577196+00:00,existing
4258a3be-1d60-4178-b59a-c4f3757557c7,"https://quod.lib.umich.edu/c/clark1ic/x-003281996/39015091198088|https://quod.lib.umich.edu/cgi/i/image/api/search/clark1ic:003281996|oai:quod.lib.umich.edu:IC-CLARK1IC-X-003281996%5D39015091198088|http://name.umdl.umich.edu/IC-CLARK1IC-X-003281996%5D39015091198088|https://quod.lib.umich.edu/cgi/i/image/api/thumb/clark1ic/003281996/39015091198088/!250,250|https://quod.lib.umich.edu/cgi/i/image/api/manifest/clark1ic:003281996:39015091198088|003281996; 4258a3be-1d60-4178-b59a-c4f3757557c7",2026-09-07T13:44:02.577227+00:00,existing
42835e41-55c1-4ef0-afe4-a577725e1f0a,"https://quod.lib.umich.edu/c/clark1ic/x-012520453/39015091191778_01|https://quod.lib.umich.edu/cgi/i/image/api/search/clark1ic:012520453|oai:quod.lib.umich.edu:IC-CLARK1IC-X-012520453%5D39015091191778_01|http://name.umdl.umich.edu/IC-CLARK1IC-X-012520453%5D39015091191778_01|https://quod.lib.umich.edu/cgi/i/image/api/thumb/clark1ic/012520453/39015091191778_01/!250,250|https://quod.lib.umich.edu/cgi/i/image/api/manifest/clark1ic:012520453:39015091191778_01|012520453; 42835e41-55c1-4ef0-afe4-a577725e1f0a",2026-09-07T13:44:02.577259+00:00,existing
428ede38-968e-4385-8ac1-2db6b308dae1,"https://quod.lib.umich.edu/c/clark1ic/x-003284866/39015036518952_01|https://quod.lib.umich.edu/cgi/i/image/api/search/clark1ic:003284866|oai:quod.lib.umich.edu:IC-CLARK1IC-X-003284866%5D39015036518952_01|http://name.umdl.umich.edu/IC-CLARK1IC-X-003284866%5D39015036518952_01|https://quod.lib.umich.edu/cgi/i/image/api/thumb/clark1ic/003284866/39015036518952_01/!250,250|https://quod.lib.umich.edu/cgi/i/image/api/manifest/clark1ic:003284866:39015036518952_01|003284866; 428ede38-968e-4385-8ac1-2db6b308dae1|oai:quod.lib.umich.edu:IC-CLARK1IC-X-003284866%5D39015036518952_02|http://name.umdl.umich.edu/IC-CLARK1IC-X-003284866%5D39015036518952_02|https://quod.lib.umich.edu/cgi/i/image/api/thumb/clark1ic/003284866/39015036518952_02/!250,250|https://quod.lib.umich.edu/cgi/i/image/api/manifest/clark1ic:003284866:39015036518952_02",2026-09-07T13:44:02.577305+00:00,existing
42d5eb57-6b76-48d2-a50d-35f03103df2a,"https://quod.lib.umich.edu/c/clark1ic/x-002909210/39015091199383_01|https://quod.lib.umich.edu/cgi/i/image/api/search/clark1ic:002909210|oai:quod.lib.umich.edu:IC-CLARK1IC-X-002909210%5D39015091199383_01|http://name.umdl.umich.edu/IC-CLARK1IC-X-002909210%5D39015091199383_01|https://quod.lib.umich.edu/cgi/i/image/api/thumb/clark1ic/002909210/39015091199383_01/!250,250|https://quod.lib.umich.edu/cgi/i/image/api/manifest/clark1ic:002909210:39015091199383_01|002909210; 42d5eb57-6b76-48d2-a50d-35f03103df2a|oai:quod.lib.umich.edu:IC-CLARK1IC-X-002909210%5D39015091199383_02|http://name.umdl.umich.edu/IC-CLARK1IC-X-002909210%5D39015091199383_02|https://quod.lib.umich.edu/cgi/i/image/api/thumb/clark1ic/002909210/39015091199383_02/!250,250|https://quod.lib.umich.edu/cgi/i/image/api/manifest/clark1ic:002909210:39015091199383_02|oai:quod.lib.umich.edu:IC-CLARK1IC-X-002909210%5D39015091199383_03|http://name.umdl.umich.edu/IC-CLARK1IC-X-002909210%5D39015091199383_03|https://quod.lib.umich.edu/cgi/i/image/api/thumb/clark1ic/002909210/39015091199383_03/!250,250|https://quod.lib.umich.edu/cgi/i/image/api/manifest/clark1ic:002909210:39015091199383_03|oai:quod.lib.umich.edu:IC-CLARK1IC-X-002909210%5D39015091199383_04|http://name.umdl.umich.edu/IC-CLARK1IC-X-002909210%5D39015091199383_04|https://quod.lib.umich.edu/cgi/i/image/api/thumb/clark1ic/002909210/39015091199383_04/!250,250|https://quod.lib.umich.edu/cgi/i/image/api/manifest/clark1ic:002909210:39015091199383_04",2026-09-07T13:44:02.577379+00:00,existing
42d99fd7-de51-4047-807b-7536b8df5ebd,"https://quod.lib.umich.edu/c/clark1ic/x-013593342/39015091897176|https://quod.lib.umich.edu/cgi/i/image/api/search/clark1ic:013593342|oai:quod.lib.umich.edu:IC-CLARK1IC-X-013593342%5D39015091897176|http://name.umdl.umich.edu/IC-CLARK1IC-X-013593342%5D39015091897176|https://quod.lib.umich.edu/cgi/i/image/api/thumb/clark1ic/013593342/39015091897176/!250,250|https://quod.lib.umich.edu/cgi/i/image/api/manifest/clark1ic:013593342:39015091897176|013593342; 42d99fd7-de51-4047-807b-7536b8df5ebd",2026-09-07T13:44:02.577413+00:00,existing
430333e0-9264-4458-b70e-bbad40179146,"https://quod.lib.umich.edu/c/clark1ic/x-003284869/39015091192115_01|https://quod.lib.umich.edu/cgi/i/image/api/search/clark1ic:003284869|oai:quod.lib.umich.edu:IC-CLARK1IC-X-003284869%5D39015091192115_01|http://name.umdl.umich.edu/IC-CLARK1IC-X-003284869%5D39015091192115_01|https://quod.lib.umich.edu/cgi/i/image/api/thumb/clark1ic/003284869/39015091192115_01/!250,250|https://quod.lib.umich.edu/cgi/i/image/api/manifest/clark1ic:003284869:39015091192115_01|003284869; 430333e0-9264-4458-b70e-bbad40179146|oai:quod.lib.umich.edu:IC-CLARK1IC-X-003284869%5D39015091192115_02|http://name.umdl.umich.edu/IC-CLARK1IC-X-003284869%5D39015091192115_02|https://quod.lib.umich.edu/cgi/i/image/api/thumb/clark1ic/003284869/39015091192115_02/!250,250|https://quod.lib.umich.edu/cgi/i/image/api/manifest/clark1ic:003284869:39015091192115_02",2026-09-07T13:44:02.577460+00:00,existing
43093908-b0d7-4d6a-a358-4b1d8550b40c,"https://quod.lib.umich.edu/c/clark1ic/x-010349179/39015091191877_01|https://quod.lib.umich.edu/cgi/i/image/api/search/clark1ic:010349179|oai:quod.lib.umich.edu:IC-CLARK1IC-X-010349179%5D39015091191877_01|http://name.umdl.umich.edu/IC-CLARK1IC-X-010349179%5D39015091191877_01|https://quod.lib.umich.edu/cgi/i/image/api/thumb/clark1ic/010349179/39015091191877_01/!250,250|https://quod.lib.umich.edu/cgi/i/image/api/manifest/clark1ic:010349179:39015091191877_01|010349179; 43093908-b0d7-4d6a-a358-4b1d8550b40c|oai:quod.lib.umich.edu:IC-CLARK1IC-X-010349179%5D39015091191877_02|http://name.umdl.umich.edu/IC-CLARK1IC-X-010349179%5D39015091191877_02|https://quod.lib.umich.edu/cgi/i/image/api/thumb/clark1ic/010349179/39015091191877_02/!250,250|https://quod.lib.umich.edu/cgi/i/image/api/manifest/clark1ic:010349179:39015091191877_02",2026-09-07T13:44:02.577505+00:00,existing
431316e1-e749-477c-b2b4-4e0ba9e56d60,"https://quod.lib.umich.edu/c/clark1ic/x-003287535/39015091196769|https://quod.lib.umich.edu/cgi/i/image/api/search/clark1ic:003287535|oai:quod.lib.umich.edu:IC-CLARK1IC-X-003287535%5D39015091196769|http://name.umdl.umich.edu/IC-CLARK1IC-X-003287535%5D39015091196769|https://quod.lib.umich.edu/cgi/i/image/api/thumb/clark1ic/003287535/39015091196769/!250,250|https://quod.lib.umich.edu/cgi/i/image/api/manifest/clark1ic:003287535:39015091196769|003287535; 431316e1-e749-477c-b2b4-4e0ba9e56d60",2026-09-07T13:44:02.577539+00:00,existing
435d19df-9e12-4746-bf1f-3c796cc1aa89,"https://quod.lib.umich.edu/c/clark1ic/x-003477347/39015095422229|https://quod.lib.umich.edu/cgi/i/image/api/search/clark1ic:003477347|oai:quod.lib.umich.edu:IC-CLARK1IC-X-003477347%5D39015095422229|http://name.umdl.umich.edu/IC-CLARK1IC-X-003477347%5D39015095422229|https://quod.lib.umich.edu/cgi/i/image/api/thumb/clark1ic/003477347/39015095422229/!250,250|https://quod.lib.umich.edu/cgi/i/image/api/manifest/clark1ic:003477347:39015095422229|003477347; 435d19df-9e12-4746-bf1f-3c796cc1aa89",2026-09-07T13:44:02.577572+00:00,existing
437e53bb-37e3-4ef6-a54e-bc56c01a1cdd,"https://quod.lib.umich.edu/c/clark1ic/x-003281167/39015091191364_01|https://quod.lib.umich.edu/cgi/i/image/api/search/clark1ic:003281167|oai:quod.lib.umich.edu:IC-CLARK1IC-X-003281167%5D39015091191364_01|http://name.umdl.umich.edu/IC-CLARK1IC-X-003281167%5D39015091191364_01|https://quod.lib.umich.edu/cgi/i/image/api/thumb/clark1ic/003281167/39015091191364_01/!250,250|https://quod.lib.umich.edu/cgi/i/image/api/manifest/clark1ic:003281167:39015091191364_01|003281167; 437e53bb-37e3-4ef6-a54e-bc56c01a1cdd",2026-09-07T13:44:02.577604+00:00,existing
439a7910-249c-4082-a224-e8f85802f0b4,"https://quod.lib.umich.edu/c/clark1ic/x-003284867/39015091192438_01|https://quod.lib.umich.edu/cgi/i/image/api/search/clark1ic:003284867|oai:quod.lib.umich.edu:IC-CLARK1IC-X-003284867%5D39015091192438_01|http://name.umdl.umich.edu/IC-CLARK1IC-X-003284867%5D39015091192438_01|https://quod.lib.umich.edu/cgi/i/image/api/thumb/clark1ic/003284867/39015091192438_01/!250,250|https://quod.lib.umich.edu/cgi/i/image/api/manifest/clark1ic:003284867:39015091192438_01|003284867; 439a7910-249c-4082-a224-e8f85802f0b4|oai:quod.lib.umich.edu:IC-CLARK1IC-X-003284867%5D39015091192438_02|http://name.umdl.umich.edu/IC-CLARK1IC-X-003284867%5D39015091192438_02|https://quod.lib.umich.edu/cgi/i/image/api/thumb/clark1ic/003284867/39015091192438_02/!250,250|https://quod.lib.umich.edu/cgi/i/image/api/manifest/clark1ic:003284867:39015091192438_02",2026-09-07T13:44:02.577650+00:00,existing
43a82a94-0be8-4541-bae8-7852b6c4bcaa,"https://quod.lib.umich.edu/c/clark1ic/x-000081782/39015091187123|https://quod.lib.umich.edu/cgi/i/image/api/search/clark1ic:000081782|oai:quod.lib.umich.edu:IC-CLARK1IC-X-000081782%5D39015091187123|http://name.umdl.umich.edu/IC-CLARK1IC-X-000081782%5D39015091187123|https://quod.lib.umich.edu/cgi/i/image/api/thumb/clark1ic/000081782/39015091187123/!250,250|https://quod.lib.umich.edu/cgi/i/image/api/manifest/clark1ic:000081782:39015091187123|000081782; 43a82a94-0be8-4541-bae8-7852b6c4bcaa",2026-09-07T13:44:02.577683+00:00,existing
43b2bbf1-307a-44c8-8b38-6f3721a06c0c,"https://quod.lib.umich.edu/c/clark1ic/x-002568158/39015091904527|https://quod.lib.umich.edu/cgi/i/image/api/search/clark1ic:002568158|oai:quod.lib.umich.edu:IC-CLARK1IC-X-002568158%5D39015091904527|http://name.umdl.umich.edu/IC-CLARK1IC-X-002568158%5D39015091904527|https://quod.lib.umich.edu/cgi/i/image/api/thumb/clark1ic/002568158/39015091904527/!250,250|https://quod.lib.umich.edu/cgi/i/image/api/manifest/clark1ic:002568158:39015091904527|002568158; 43b2bbf1-307a-44c8-8b38-6f3721a06c0c",2026-09-07T13:44:02.577717+00:00,existing
44804cdf-d148-41b6-8180-e4a2e1cd7f04,"https://quod.lib.umich.edu/c/clark1ic/x-003287496/39015091186893_01|https://quod.lib.umich.edu/cgi/i/image/api/search/clark1ic:003287496|oai:quod.lib.umich.edu:IC-CLARK1IC-X-003287496%5D39015091186893_01|http://name.umdl.umich.edu/IC-CLARK1IC-X-003287496%5D39015091186893_01|https://quod.lib.umich.edu/cgi/i/image/api/thumb/clark1ic/003287496/39015091186893_01/!250,250|https://quod.lib.umich.edu/cgi/i/image/api/manifest/clark1ic:003287496:39015091186893_01|003287496; 44804cdf-d148-41b6-8180-e4a2e1cd7f04|oai:quod.lib.umich.edu:IC-CLARK1IC-X-003287496%5D39015091186893_02|http://name.umdl.umich.edu/IC-CLARK1IC-X-003287496%5D39015091186893_02|https://quod.lib.umich.edu/cgi/i/image/api/thumb/clark1ic/003287496/39015091186893_02/!250,250|https://quod.lib.umich.edu/cgi/i/image/api/manifest/clark1ic:003287496:39015091186893_02",2026-09-07T13:44:02.577765+00:00,existing
44bafcf9-806c-4c19-bb89-df615c397ccb,"https://quod.lib.umich.edu/c/clark1ic/x-002588717/39015091899271|https://quod.lib.umich.edu/cgi/i/image/api/search/clark1ic:002588717|oai:quod.lib.umich.edu:IC-CLARK1IC-X-002588717%5D39015091899271|http://name.umdl.umich.edu/IC-CLARK1IC-X-002588717%5D39015091899271|https://quod.lib.umich.edu/cgi/i/image/api/thumb/clark1ic/002588717/39015091899271/!250,250|https://quod.lib.umich.edu/cgi/i/image/api/manifest/clark1ic:002588717:39015091899271|002588717; 44bafcf9-806c-4c19-bb89-df615c397ccb",2026-09-07T13:44:02.577797+00:00,existing
44d649f9-d390-4f3e-83c4-e713b32dccd5,"https://quod.lib.umich.edu/c/clark1ic/x-013418350/39015091184625|https://quod.lib.umich.edu/cgi/i/image/api/search/clark1ic:013418350|oai:quod.lib.umich.edu:IC-CLARK1IC-X-013418350%5D39015091184625|http://name.umdl.umich.edu/IC-CLARK1IC-X-013418350%5D39015091184625|https://quod.lib.umich.edu/cgi/i/image/api/thumb/clark1ic/013418350/39015091184625/!250,250|https://quod.lib.umich.edu/cgi/i/image/api/manifest/clark1ic:013418350:39015091184625|013418350; 44d649f9-d390-4f3e-83c4-e713b32dccd5",2026-09-07T13:44:02.577830+00:00,existing
450bae0c-3dde-4d80-b1ad-34830c58a360,"https://quod.lib.umich.edu/c/clark1ic/x-003279341/39015091905235|https://quod.lib.umich.edu/cgi/i/image/api/search/clark1ic:003279341|oai:quod.lib.umich.edu:IC-CLARK1IC-X-003279341%5D39015091905235|http://name.umdl.umich.edu/IC-CLARK1IC-X-003279341%5D39015091905235|https://quod.lib.umich.edu/cgi/i/image/api/thumb/clark1ic/003279341/39015091905235/!250,250|https://quod.lib.umich.edu/cgi/i/image/api/manifest/clark1ic:003279341:39015091905235|003279341; 450bae0c-3dde-4d80-b1ad-34830c58a360",2026-09-07T13:44:02.577862+00:00,existing
457dec91-e2d3-4220-bf64-2715616a67c5,"https://quod.lib.umich.edu/c/clark1ic/x-013702429/39015091898950|https://quod.lib.umich.edu/cgi/i/image/api/search/clark1ic:013702429|oai:quod.lib.umich.edu:IC-CLARK1IC-X-013702429%5D39015091898950|http://name.umdl.umich.edu/IC-CLARK1IC-X-013702429%5D39015091898950|https://quod.lib.umich.edu/cgi/i/image/api/thumb/clark1ic/013702429/39015091898950/!250,250|https://quod.lib.umich.edu/cgi/i/image/api/manifest/clark1ic:013702429:39015091898950|013702429; 457dec91-e2d3-4220-bf64-2715616a67c5",2026-09-07T13:44:02.577895+00:00,existing
458bcf49-921a-4094-aad5-12637a431bd6,"https://quod.lib.umich.edu/c/clark1ic/x-003281373/39015091197783|https://quod.lib.umich.edu/cgi/i/image/api/search/clark1ic:003281373|oai:quod.lib.umich.edu:IC-CLARK1IC-X-003281373%5D39015091197783|http://name.umdl.umich.edu/IC-CLARK1IC-X-003281373%5D39015091197783|https://quod.lib.umich.edu/cgi/i/image/api/thumb/clark1ic/003281373/39015091197783/!250,250|https://quod.lib.umich.edu/cgi/i/image/api/manifest/clark1ic:003281373:39015091197783|003281373; 458bcf49-921a-4094-aad5-12637a431bd6",2026-09-07T13:44:02.577926+00:00,existing
458fb173-e5ef-44be-9f5f-364923ee033f,"https://quod.lib.umich.edu/c/clark1ic/x-012536000/39015095391135|https://quod.lib.umich.edu/cgi/i/image/api/search/clark1ic:012536000|oai:quod.lib.umich.edu:IC-CLARK1IC-X-012536000%5D39015095391135|http://name.umdl.umich.edu/IC-CLARK1IC-X-012536000%5D39015095391135|https://quod.lib.umich.edu/cgi/i/image/api/thumb/clark1ic/012536000/39015095391135/!250,250|https://quod.lib.umich.edu/cgi/i/image/api/manifest/clark1ic:012536000:39015095391135|012536000; 458fb173-e5ef-44be-9f5f-364923ee033f",2026-09-07T13:44:02.578210+00:00,existing
45d6d2b1-3e4d-476f-875e-40788bfe4449,"https://quod.lib.umich.edu/c/clark1ic/x-001293821/39015091900954|https://quod.lib.umich.edu/cgi/i/image/api/search/clark1ic:001293821|oai:quod.lib.umich.edu:IC-CLARK1IC-X-001293821%5D39015091900954|http://name.umdl.umich.edu/IC-CLARK1IC-X-001293821%5D39015091900954|https://quod.lib.umich.edu/cgi/i/image/api/thumb/clark1ic/001293821/39015091900954/!250,250|https://quod.lib.umich.edu/cgi/i/image/api/manifest/clark1ic:001293821:39015091900954|001293821; 45d6d2b1-3e4d-476f-875e-40788bfe4449",2026-09-07T13:44:02.578464+00:00,existing
45e89565-6e42-439c-bb09-398474aa9ee9,"https://quod.lib.umich.edu/c/clark1ic/x-004198404/39015091905862|https://quod.lib.umich.edu/cgi/i/image/api/search/clark1ic:004198404|oai:quod.lib.umich.edu:IC-CLARK1IC-X-004198404%5D39015091905862|http://name.umdl.umich.edu/IC-CLARK1IC-X-004198404%5D39015091905862|https://quod.lib.umich.edu/cgi/i/image/api/thumb/clark1ic/004198404/39015091905862/!250,250|https://quod.lib.umich.edu/cgi/i/image/api/manifest/clark1ic:004198404:39015091905862|004198404; 45e89565-6e42-439c-bb09-398474aa9ee9",2026-09-07T13:44:02.578587+00:00,existing
4603bbe0-296a-4152-8257-c5362692f807,"https://quod.lib.umich.edu/c/clark1ic/x-003279635/39015091920788|https://quod.lib.umich.edu/cgi/i/image/api/search/clark1ic:003279635|oai:quod.lib.umich.edu:IC-CLARK1IC-X-003279635%5D39015091920788|http://name.umdl.umich.edu/IC-CLARK1IC-X-003279635%5D39015091920788|https://quod.lib.umich.edu/cgi/i/image/api/thumb/clark1ic/003279635/39015091920788/!250,250|https://quod.lib.umich.edu/cgi/i/image/api/manifest/clark1ic:003279635:39015091920788|003279635; 4603bbe0-296a-4152-8257-c5362692f807",2026-09-07T13:44:02.578653+00:00,existing
4627e3a3-d8bf-4758-b486-9d7ace05e324,"https://quod.lib.umich.edu/c/clark1ic/x-003059809/39015095417146|https://quod.lib.umich.edu/cgi/i/image/api/search/clark1ic:003059809|oai:quod.lib.umich.edu:IC-CLARK1IC-X-003059809%5D39015095417146|http://name.umdl.umich.edu/IC-CLARK1IC-X-003059809%5D39015095417146|https://quod.lib.umich.edu/cgi/i/image/api/thumb/clark1ic/003059809/39015095417146/!250,250|https://quod.lib.umich.edu/cgi/i/image/api/manifest/clark1ic:003059809:39015095417146|003059809; 4627e3a3-d8bf-4758-b486-9d7ace05e324",2026-09-07T13:44:02.578979+00:00,existing
46a2191e-b468-47e0-82a6-7f8ef3fbc981,"https://quod.lib.umich.edu/c/clark1ic/x-004938612/39015091186927|https://quod.lib.umich.edu/cgi/i/image/api/search/clark1ic:004938612|oai:quod.lib.umich.edu:IC-CLARK1IC-X-004938612%5D39015091186927|http://name.umdl.umich.edu/IC-CLARK1IC-X-004938612%5D39015091186927|https://quod.lib.umich.edu/cgi/i/image/api/thumb/clark1ic/004938612/39015091186927/!250,250|https://quod.lib.umich.edu/cgi/i/image/api/manifest/clark1ic:004938612:39015091186927|004938612; 46a2191e-b468-47e0-82a6-7f8ef3fbc981",2026-09-07T13:44:02.579212+00:00,existing
46bb34fb-5506-44bd-a3f6-d1535610d78a,"https://quod.lib.umich.edu/c/clark1ic/x-011266092/39015060931543|https://quod.lib.umich.edu/cgi/i/image/api/search/clark1ic:011266092|oai:quod.lib.umich.edu:IC-CLARK1IC-X-011266092%5D39015060931543|http://name.umdl.umich.edu/IC-CLARK1IC-X-011266092%5D39015060931543|https://quod.lib.umich.edu/cgi/i/image/api/thumb/clark1ic/011266092/39015060931543/!250,250|https://quod.lib.umich.edu/cgi/i/image/api/manifest/clark1ic:011266092:39015060931543|011266092; 46bb34fb-5506-44bd-a3f6-d1535610d78a",2026-09-07T13:44:02.579291+00:00,existing
46dd5206-de93-4581-92d9-14a5925b91d3,"https://quod.lib.umich.edu/c/clark1ic/x-004076015/39015091191539_01|https://quod.lib.umich.edu/cgi/i/image/api/search/clark1ic:004076015|oai:quod.lib.umich.edu:IC-CLARK1IC-X-004076015%5D39015091191539_01|http://name.umdl.umich.edu/IC-CLARK1IC-X-004076015%5D39015091191539_01|https://quod.lib.umich.edu/cgi/i/image/api/thumb/clark1ic/004076015/39015091191539_01/!250,250|https://quod.lib.umich.edu/cgi/i/image/api/manifest/clark1ic:004076015:39015091191539_01|004076015; 46dd5206-de93-4581-92d9-14a5925b91d3",2026-09-07T13:44:02.579354+00:00,existing
470d2d37-fe79-4fdb-a367-c8a509aacca8,"https://quod.lib.umich.edu/c/clark1ic/x-000081818/39015091898117_01|https://quod.lib.umich.edu/cgi/i/image/api/search/clark1ic:000081818|oai:quod.lib.umich.edu:IC-CLARK1IC-X-000081818%5D39015091898117_01|http://name.umdl.umich.edu/IC-CLARK1IC-X-000081818%5D39015091898117_01|https://quod.lib.umich.edu/cgi/i/image/api/thumb/clark1ic/000081818/39015091898117_01/!250,250|https://quod.lib.umich.edu/cgi/i/image/api/manifest/clark1ic:000081818:39015091898117_01|000081818; 470d2d37-fe79-4fdb-a367-c8a509aacca8|oai:quod.lib.umich.edu:IC-CLARK1IC-X-000081818%5D39015091898117_02|http://name.umdl.umich.edu/IC-CLARK1IC-X-000081818%5D39015091898117_02|https://quod.lib.umich.edu/cgi/i/image/api/thumb/clark1ic/000081818/39015091898117_02/!250,250|https://quod.lib.umich.edu/cgi/i/image/api/manifest/clark1ic:000081818:39015091898117_02|oai:quod.lib.umich.edu:IC-CLARK1IC-X-000081818%5D39015091898117_03|http://name.umdl.umich.edu/IC-CLARK1IC-X-000081818%5D39015091898117_03|https://quod.lib.umich.edu/cgi/i/image/api/thumb/clark1ic/000081818/39015091898117_03/!250,250|https://quod.lib.umich.edu/cgi/i/image/api/manifest/clark1ic:000081818:39015091898117_03|oai:quod.lib.umich.edu:IC-CLARK1IC-X-000081818%5D39015091898117_04|http://name.umdl.umich.edu/IC-CLARK1IC-X-000081818%5D39015091898117_04|https://quod.lib.umich.edu/cgi/i/image/api/thumb/clark1ic/000081818/39015091898117_04/!250,250|https://quod.lib.umich.edu/cgi/i/image/api/manifest/clark1ic:000081818:39015091898117_04",2026-09-07T13:44:02.579473+00:00,existing
471929fd-68b9-4492-89d8-b91ee03f282a,"https://quod.lib.umich.edu/c/clark1ic/x-012638797/39015091191497_01|https://quod.lib.umich.edu/cgi/i/image/api/search/clark1ic:012638797|oai:quod.lib.umich.edu:IC-CLARK1IC-X-012638797%5D39015091191497_01|http://name.umdl.umich.edu/IC-CLARK1IC-X-012638797%5D39015091191497_01|https://quod.lib.umich.edu/cgi/i/image/api/thumb/clark1ic/012638797/39015091191497_01/!250,250|https://quod.lib.umich.edu/cgi/i/image/api/manifest/clark1ic:012638797:39015091191497_01|012638797; 471929fd-68b9-4492-89d8-b91ee03f282a",2026-09-07T13:44:02.579636+00:00,existing
48185f68-db0b-4e1f-a5e9-dc47b9b0f7fc,"https://quod.lib.umich.edu/c/clark1ic/x-003281378/39015091916463_01|https://quod.lib.umich.edu/cgi/i/image/api/search/clark1ic:003281378|oai:quod.lib.umich.edu:IC-CLARK1IC-X-003281378%5D39015091916463_01|http://name.umdl.umich.edu/IC-CLARK1IC-X-003281378%5D39015091916463_01|https://quod.lib.umich.edu/cgi/i/image/api/thumb/clark1ic/003281378/39015091916463_01/!250,250|https://quod.lib.umich.edu/cgi/i/image/api/manifest/clark1ic:003281378:39015091916463_01|003281378; 48185f68-db0b-4e1f-a5e9-dc47b9b0f7fc|oai:quod.lib.umich.edu:IC-CLARK1IC-X-003281378%5D39015091916463_02|http://name.umdl.umich.edu/IC-CLARK1IC-X-003281378%5D39015091916463_02|https://quod.lib.umich.edu/cgi/i/image/api/thumb/clark1ic/003281378/39015091916463_02/!250,250|https://quod.lib.umich.edu/cgi/i/image/api/manifest/clark1ic:003281378:39015091916463_02",2026-09-07T13:44:02.579798+00:00,existing
485d180f-4598-4e15-ad0a-69b036118ad1,"https://quod.lib.umich.edu/c/clark1ic/x-005137104/39015091898539|https://quod.lib.umich.edu/cgi/i/image/api/search/clark1ic:005137104|oai:quod.lib.umich.edu:IC-CLARK1IC-X-005137104%5D39015091898539|http://name.umdl.umich.edu/IC-CLARK1IC-X-005137104%5D39015091898539|https://quod.lib.umich.edu/cgi/i/image/api/thumb/clark1ic/005137104/39015091898539/!250,250|https://quod.lib.umich.edu/cgi/i/image/api/manifest/clark1ic:005137104:39015091898539|005137104; 485d180f-4598-4e15-ad0a-69b036118ad1",2026-09-07T13:44:02.579879+00:00,existing
48b2dc80-258f-4e4c-93a6-945123dd5d5c,"https://quod.lib.umich.edu/c/clark1ic/x-002984497/39015095401843|https://quod.lib.umich.edu/cgi/i/image/api/search/clark1ic:002984497|oai:quod.lib.umich.edu:IC-CLARK1IC-X-002984497%5D39015095401843|http://name.umdl.umich.edu/IC-CLARK1IC-X-002984497%5D39015095401843|https://quod.lib.umich.edu/cgi/i/image/api/thumb/clark1ic/002984497/39015095401843/!250,250|https://quod.lib.umich.edu/cgi/i/image/api/manifest/clark1ic:002984497:39015095401843|002984497; 48b2dc80-258f-4e4c-93a6-945123dd5d5c",2026-09-07T13:44:02.579951+00:00,existing
49011851-3315-47dc-a02b-be1a0b199d50,"https://quod.lib.umich.edu/c/clark1ic/x-005259139/39015091193758_01|https://quod.lib.umich.edu/cgi/i/image/api/search/clark1ic:005259139|oai:quod.lib.umich.edu:IC-CLARK1IC-X-005259139%5D39015091193758_01|http://name.umdl.umich.edu/IC-CLARK1IC-X-005259139%5D39015091193758_01|https://quod.lib.umich.edu/cgi/i/image/api/thumb/clark1ic/005259139/39015091193758_01/!250,250|https://quod.lib.umich.edu/cgi/i/image/api/manifest/clark1ic:005259139:39015091193758_01|005259139; 49011851-3315-47dc-a02b-be1a0b199d50|oai:quod.lib.umich.edu:IC-CLARK1IC-X-005259139%5D39015091193758_02|http://name.umdl.umich.edu/IC-CLARK1IC-X-005259139%5D39015091193758_02|https://quod.lib.umich.edu/cgi/i/image/api/thumb/clark1ic/005259139/39015091193758_02/!250,250|https://quod.lib.umich.edu/cgi/i/image/api/manifest/clark1ic:005259139:39015091193758_02",2026-09-07T13:44:02.580114+00:00,existing
49075ca2-33c3-443c-95ee-d0dd406aa12a,"https://quod.lib.umich.edu/c/clark1ic/x-002457624/39015091920143_01|https://quod.lib.umich.edu/cgi/i/image/api/search/clark1ic:002457624|oai:quod.lib.umich.edu:IC-CLARK1IC-X-002457624%5D39015091920143_01|http://name.umdl.umich.edu/IC-CLARK1IC-X-002457624%5D39015091920143_01|https://quod.lib.umich.edu/cgi/i/image/api/thumb/clark1ic/002457624/39015091920143_01/!250,250|https://quod.lib.umich.edu/cgi/i/image/api/manifest/clark1ic:002457624:39015091920143_01|002457624; 49075ca2-33c3-443c-95ee-d0dd406aa12a|oai:quod.lib.umich.edu:IC-CLARK1IC-X-002457624%5D39015091920143_02|http://name.umdl.umich.edu/IC-CLARK1IC-X-002457624%5D39015091920143_02|https://quod.lib.umich.edu/cgi/i/image/api/thumb/clark1ic/002457624/39015091920143_02/!250,250|https://quod.lib.umich.edu/cgi/i/image/api/manifest/clark1ic:002457624:39015091920143_02",2026-09-07T13:44:02.580189+00:00,existing
490ebc7b-5d69-424c-ade6-2773c3c7d1d4,"https://quod.lib.umich.edu/c/clark1ic/x-012525733/39015091194152_01|https://quod.lib.umich.edu/cgi/i/image/api/search/clark1ic:012525733|oai:quod.lib.umich.edu:IC-CLARK1IC-X-012525733%5D39015091194152_01|http://name.umdl.umich.edu/IC-CLARK1IC-X-012525733%5D39015091194152_01|https://quod.lib.umich.edu/cgi/i/image/api/thumb/clark1ic/012525733/39015091194152_01/!250,250|https://quod.lib.umich.edu/cgi/i/image/api/manifest/clark1ic:012525733:39015091194152_01|012525733; 490ebc7b-5d69-424c-ade6-2773c3c7d1d4|oai:quod.lib.umich.edu:IC-CLARK1IC-X-012525733%5D39015091194152_02|http://name.umdl.umich.edu/IC-CLARK1IC-X-012525733%5D39015091194152_02|https://quod.lib.umich.edu/cgi/i/image/api/thumb/clark1ic/012525733/39015091194152_02/!250,250|https://quod.lib.umich.edu/cgi/i/image/api/manifest/clark1ic:012525733:39015091194152_02",2026-09-07T13:44:02.580309+00:00,existing
49437bab-5286-467b-8ef9-0537221eac1c,"https://quod.lib.umich.edu/c/clark1ic/x-012608274/39015091191265_01|https://quod.lib.umich.edu/cgi/i/image/api/search/clark1ic:012608274|oai:quod.lib.umich.edu:IC-CLARK1IC-X-012608274%5D39015091191265_01|http://name.umdl.umich.edu/IC-CLARK1IC-X-012608274%5D39015091191265_01|https://quod.lib.umich.edu/cgi/i/image/api/thumb/clark1ic/012608274/39015091191265_01/!250,250|https://quod.lib.umich.edu/cgi/i/image/api/manifest/clark1ic:012608274:39015091191265_01|012608274; 49437bab-5286-467b-8ef9-0537221eac1c|oai:quod.lib.umich.edu:IC-CLARK1IC-X-012608274%5D39015091191265_02|http://name.umdl.umich.edu/IC-CLARK1IC-X-012608274%5D39015091191265_02|https://quod.lib.umich.edu/cgi/i/image/api/thumb/clark1ic/012608274/39015091191265_02/!250,250|https://quod.lib.umich.edu/cgi/i/image/api/manifest/clark1ic:012608274:39015091191265_02",2026-09-07T13:44:02.580407+00:00,existing
496b3b9d-ce79-415d-a912-29ed9f6dafde,"https://quod.lib.umich.edu/c/clark1ic/x-002565703/39015091911118|https://quod.lib.umich.edu/cgi/i/image/api/search/clark1ic:002565703|oai:quod.lib.umich.edu:IC-CLARK1IC-X-002565703%5D39015091911118|http://name.umdl.umich.edu/IC-CLARK1IC-X-002565703%5D39015091911118|https://quod.lib.umich.edu/cgi/i/image/api/thumb/clark1ic/002565703/39015091911118/!250,250|https://quod.lib.umich.edu/cgi/i/image/api/manifest/clark1ic:002565703:39015091911118|002565703; 496b3b9d-ce79-415d-a912-29ed9f6dafde",2026-09-07T13:44:02.580463+00:00,existing
49bc3225-89a5-4170-a8eb-19e7fadae5fa,"https://quod.lib.umich.edu/c/clark1ic/x-013664907/39015091881147|https://quod.lib.umich.edu/cgi/i/image/api/search/clark1ic:013664907|oai:quod.lib.umich.edu:IC-CLARK1IC-X-013664907%5D39015091881147|http://name.umdl.umich.edu/IC-CLARK1IC-X-013664907%5D39015091881147|https://quod.lib.umich.edu/cgi/i/image/api/thumb/clark1ic/013664907/39015091881147/!250,250|https://quod.lib.umich.edu/cgi/i/image/api/manifest/clark1ic:013664907:39015091881147|013664907; 49bc3225-89a5-4170-a8eb-19e7fadae5fa",2026-09-07T13:44:02.580581+00:00,existing
49e314d1-fb72-4e03-a5f9-12493d64aafa,"https://quod.lib.umich.edu/c/clark1ic/x-002457606/39015091193295_01|https://quod.lib.umich.edu/cgi/i/image/api/search/clark1ic:002457606|oai:quod.lib.umich.edu:IC-CLARK1IC-X-002457606%5D39015091193295_01|http://name.umdl.umich.edu/IC-CLARK1IC-X-002457606%5D39015091193295_01|https://quod.lib.umich.edu/cgi/i/image/api/thumb/clark1ic/002457606/39015091193295_01/!250,250|https://quod.lib.umich.edu/cgi/i/image/api/manifest/clark1ic:002457606:39015091193295_01|002457606; 49e314d1-fb72-4e03-a5f9-12493d64aafa|oai:quod.lib.umich.edu:IC-CLARK1IC-X-002457606%5D39015091193295_02|http://name.umdl.umich.edu/IC-CLARK1IC-X-002457606%5D39015091193295_02|https://quod.lib.umich.edu/cgi/i/image/api/thumb/clark1ic/002457606/39015091193295_02/!250,250|https://quod.lib.umich.edu/cgi/i/image/api/manifest/clark1ic:002457606:39015091193295_02",2026-09-07T13:44:02.580757+00:00,existing
4a8857e2-9e17-457d-b948-042e8a48da04,"https://quod.lib.umich.edu/c/clark1ic/x-012538848/39015091191422_01|https://quod.lib.umich.edu/cgi/i/image/api/search/clark1ic:012538848|oai:quod.lib.umich.edu:IC-CLARK1IC-X-012538848%5D39015091191422_01|http://name.umdl.umich.edu/IC-CLARK1IC-X-012538848%5D39015091191422_01|https://quod.lib.umich.edu/cgi/i/image/api/thumb/clark1ic/012538848/39015091191422_01/!250,250|https://quod.lib.umich.edu/cgi/i/image/api/manifest/clark1ic:012538848:39015091191422_01|012538848; 4a8857e2-9e17-457d-b948-042e8a48da04|oai:quod.lib.umich.edu:IC-CLARK1IC-X-012538848%5D39015091191422_02|http://name.umdl.umich.edu/IC-CLARK1IC-X-012538848%5D39015091191422_02|https://quod.lib.umich.edu/cgi/i/image/api/thumb/clark1ic/012538848/39015091191422_02/!250,250|https://quod.lib.umich.edu/cgi/i/image/api/manifest/clark1ic:012538848:39015091191422_02",2026-09-07T13:44:02.580876+00:00,existing
4ab8fe38-c700-4504-b529-76589503bc88,"https://quod.lib.umich.edu/c/clark1ic/x-002864317/39015091186885|https://quod.lib.umich.edu/cgi/i/image/api/search/clark1ic:002864317|oai:quod.lib.umich.edu:IC-CLARK1IC-X-002864317%5D39015091186885|http://name.umdl.umich.edu/IC-CLARK1IC-X-002864317%5D39015091186885|https://quod.lib.umich.edu/cgi/i/image/api/thumb/clark1ic/002864317/39015091186885/!250,250|https://quod.lib.umich.edu/cgi/i/image/api/manifest/clark1ic:002864317:39015091186885|002864317; 4ab8fe38-c700-4504-b529-76589503bc88",2026-09-07T13:44:02.580931+00:00,existing
4b8b0cbe-ece4-4968-bef3-184640a5e0cd,"https://quod.lib.umich.edu/c/clark1ic/x-004074009/39015091191323_01|https://quod.lib.umich.edu/cgi/i/image/api/search/clark1ic:004074009|oai:quod.lib.umich.edu:IC-CLARK1IC-X-004074009%5D39015091191323_01|http://name.umdl.umich.edu/IC-CLARK1IC-X-004074009%5D39015091191323_01|https://quod.lib.umich.edu/cgi/i/image/api/thumb/clark1ic/004074009/39015091191323_01/!250,250|https://quod.lib.umich.edu/cgi/i/image/api/manifest/clark1ic:004074009:39015091191323_01|004074009; 4b8b0cbe-ece4-4968-bef3-184640a5e0cd|oai:quod.lib.umich.edu:IC-CLARK1IC-X-004074009%5D39015091191323_02|http://name.umdl.umich.edu/IC-CLARK1IC-X-004074009%5D39015091191323_02|https://quod.lib.umich.edu/cgi/i/image/api/thumb/clark1ic/004074009/39015091191323_02/!250,250|https://quod.lib.umich.edu/cgi/i/image/api/manifest/clark1ic:004074009:39015091191323_02",2026-09-07T13:44:02.580999+00:00,existing
4b909572-8355-4547-95d9-301b4d3c7a9c,"https://quod.lib.umich.edu/c/clark1ic/x-003278768/39015095388941|https://quod.lib.umich.edu/cgi/i/image/api/search/clark1ic:003278768|oai:quod.lib.umich.edu:IC-CLARK1IC-X-003278768%5D39015095388941|http://name.umdl.umich.edu/IC-CLARK1IC-X-003278768%5D39015095388941|https://quod.lib.umich.edu/cgi/i/image/api/thumb/clark1ic/003278768/39015095388941/!250,250|https://quod.lib.umich.edu/cgi/i/image/api/manifest/clark1ic:003278768:39015095388941|003278768; 4b909572-8355-4547-95d9-301b4d3c7a9c",2026-09-07T13:44:02.581051+00:00,existing
4bcf31a7-7ac6-4a97-a5a0-18abe1cbb04e,"https://quod.lib.umich.edu/c/clark1ic/x-004226654/39015091195670|https://quod.lib.umich.edu/cgi/i/image/api/search/clark1ic:004226654|oai:quod.lib.umich.edu:IC-CLARK1IC-X-004226654%5D39015091195670|http://name.umdl.umich.edu/IC-CLARK1IC-X-004226654%5D39015091195670|https://quod.lib.umich.edu/cgi/i/image/api/thumb/clark1ic/004226654/39015091195670/!250,250|https://quod.lib.umich.edu/cgi/i/image/api/manifest/clark1ic:004226654:39015091195670|004226654; 4bcf31a7-7ac6-4a97-a5a0-18abe1cbb04e",2026-09-07T13:44:02.581102+00:00,existing
4bcf807d-06e2-4ad5-bfd9-6248c0b50628,"https://quod.lib.umich.edu/c/clark1ic/x-009357181/39015091186844|https://quod.lib.umich.edu/cgi/i/image/api/search/clark1ic:009357181|oai:quod.lib.umich.edu:IC-CLARK1IC-X-009357181%5D39015091186844|http://name.umdl.umich.edu/IC-CLARK1IC-X-009357181%5D39015091186844|https://quod.lib.umich.edu/cgi/i/image/api/thumb/clark1ic/009357181/39015091186844/!250,250|https://quod.lib.umich.edu/cgi/i/image/api/manifest/clark1ic:009357181:39015091186844|009357181; 4bcf807d-06e2-4ad5-bfd9-6248c0b50628",2026-09-07T13:44:02.581151+00:00,existing
4c1e4176-99ff-49fa-a445-abdb2925fbfd,"https://quod.lib.umich.edu/c/clark1ic/x-003279017/39015091905730|https://quod.lib.umich.edu/cgi/i/image/api/search/clark1ic:003279017|oai:quod.lib.umich.edu:IC-CLARK1IC-X-003279017%5D39015091905730|http://name.umdl.umich.edu/IC-CLARK1IC-X-003279017%5D39015091905730|https://quod.lib.umich.edu/cgi/i/image/api/thumb/clark1ic/003279017/39015091905730/!250,250|https://quod.lib.umich.edu/cgi/i/image/api/manifest/clark1ic:003279017:39015091905730|003279017; 4c1e4176-99ff-49fa-a445-abdb2925fbfd",2026-09-07T13:44:02.581197+00:00,existing
4c1e59d2-9ac4-4534-b800-4624cc4f5d67,"https://quod.lib.umich.edu/c/clark1ic/x-004171111/39015091195522|https://quod.lib.umich.edu/cgi/i/image/api/search/clark1ic:004171111|oai:quod.lib.umich.edu:IC-CLARK1IC-X-004171111%5D39015091195522|http://name.umdl.umich.edu/IC-CLARK1IC-X-004171111%5D39015091195522|https://quod.lib.umich.edu/cgi/i/image/api/thumb/clark1ic/004171111/39015091195522/!250,250|https://quod.lib.umich.edu/cgi/i/image/api/manifest/clark1ic:004171111:39015091195522|004171111; 4c1e59d2-9ac4-4534-b800-4624cc4f5d67",2026-09-07T13:44:02.581244+00:00,existing
4c429a50-946f-48d7-be61-cb67acfa16a8,"https://quod.lib.umich.edu/c/clark1ic/x-003279951/39015091195605|https://quod.lib.umich.edu/cgi/i/image/api/search/clark1ic:003279951|oai:quod.lib.umich.edu:IC-CLARK1IC-X-003279951%5D39015091195605|http://name.umdl.umich.edu/IC-CLARK1IC-X-003279951%5D39015091195605|https://quod.lib.umich.edu/cgi/i/image/api/thumb/clark1ic/003279951/39015091195605/!250,250|https://quod.lib.umich.edu/cgi/i/image/api/manifest/clark1ic:003279951:39015091195605|003279951; 4c429a50-946f-48d7-be61-cb67acfa16a8",2026-09-07T13:44:02.581318+00:00,existing
4c491860-ff0b-4fbe-8661-19693383ceea,"https://quod.lib.umich.edu/c/clark1ic/x-005672734/39015049959367|https://quod.lib.umich.edu/cgi/i/image/api/search/clark1ic:005672734|oai:quod.lib.umich.edu:IC-CLARK1IC-X-005672734%5D39015049959367|http://name.umdl.umich.edu/IC-CLARK1IC-X-005672734%5D39015049959367|https://quod.lib.umich.edu/cgi/i/image/api/thumb/clark1ic/005672734/39015049959367/!250,250|https://quod.lib.umich.edu/cgi/i/image/api/manifest/clark1ic:005672734:39015049959367|005672734; 4c491860-ff0b-4fbe-8661-19693383ceea",2026-09-07T13:44:02.581368+00:00,existing
4c5f9a3f-4cc6-453a-b195-71fa1736e0c0,"https://quod.lib.umich.edu/c/clark1ic/x-003286866/39015091888563|https://quod.lib.umich.edu/cgi/i/image/api/search/clark1ic:003286866|oai:quod.lib.umich.edu:IC-CLARK1IC-X-003286866%5D39015091888563|http://name.umdl.umich.edu/IC-CLARK1IC-X-003286866%5D39015091888563|https://quod.lib.umich.edu/cgi/i/image/api/thumb/clark1ic/003286866/39015091888563/!250,250|https://quod.lib.umich.edu/cgi/i/image/api/manifest/clark1ic:003286866:39015091888563|003286866; 4c5f9a3f-4cc6-453a-b195-71fa1736e0c0",2026-09-07T13:44:02.581416+00:00,existing
4c68728f-f8fe-4895-8760-1e5b37c15e76,"https://quod.lib.umich.edu/c/clark1ic/x-003557947/39015091905383|https://quod.lib.umich.edu/cgi/i/image/api/search/clark1ic:003557947|oai:quod.lib.umich.edu:IC-CLARK1IC-X-003557947%5D39015091905383|http://name.umdl.umich.edu/IC-CLARK1IC-X-003557947%5D39015091905383|https://quod.lib.umich.edu/cgi/i/image/api/thumb/clark1ic/003557947/39015091905383/!250,250|https://quod.lib.umich.edu/cgi/i/image/api/manifest/clark1ic:003557947:39015091905383|003557947; 4c68728f-f8fe-4895-8760-1e5b37c15e76",2026-09-07T13:44:02.581463+00:00,existing
4ca39f59-9356-4309-aa3b-0bbdf0fcbe0a,"https://quod.lib.umich.edu/c/clark1ic/x-002904768/39015091921919|https://quod.lib.umich.edu/cgi/i/image/api/search/clark1ic:002904768|oai:quod.lib.umich.edu:IC-CLARK1IC-X-002904768%5D39015091921919|http://name.umdl.umich.edu/IC-CLARK1IC-X-002904768%5D39015091921919|https://quod.lib.umich.edu/cgi/i/image/api/thumb/clark1ic/002904768/39015091921919/!250,250|https://quod.lib.umich.edu/cgi/i/image/api/manifest/clark1ic:002904768:39015091921919|002904768; 4ca39f59-9356-4309-aa3b-0bbdf0fcbe0a|oai:quod.lib.umich.edu:IC-CLARK1IC-X-002904768%5D39015091921943|http://name.umdl.umich.edu/IC-CLARK1IC-X-002904768%5D39015091921943|https://quod.lib.umich.edu/cgi/i/image/api/thumb/clark1ic/002904768/39015091921943/!250,250|https://quod.lib.umich.edu/cgi/i/image/api/manifest/clark1ic:002904768:39015091921943",2026-09-07T13:44:02.581533+00:00,existing
4d021bfd-b2a1-4b78-a4a6-67ca77e9d442,"https://quod.lib.umich.edu/c/clark1ic/x-003284854/39015091193535|https://quod.lib.umich.edu/cgi/i/image/api/search/clark1ic:003284854|oai:quod.lib.umich.edu:IC-CLARK1IC-X-003284854%5D39015091193535|http://name.umdl.umich.edu/IC-CLARK1IC-X-003284854%5D39015091193535|https://quod.lib.umich.edu/cgi/i/image/api/thumb/clark1ic/003284854/39015091193535/!250,250|https://quod.lib.umich.edu/cgi/i/image/api/manifest/clark1ic:003284854:39015091193535|003284854; 4d021bfd-b2a1-4b78-a4a6-67ca77e9d442",2026-09-07T13:44:02.581581+00:00,existing
4d70004a-eb47-428d-807d-dc65c8cbd7c1,"https://quod.lib.umich.edu/c/clark1ic/x-003281271/39015091191976_01|https://quod.lib.umich.edu/cgi/i/image/api/search/clark1ic:003281271|oai:quod.lib.umich.edu:IC-CLARK1IC-X-003281271%5D39015091191976_01|http://name.umdl.umich.edu/IC-CLARK1IC-X-003281271%5D39015091191976_01|https://quod.lib.umich.edu/cgi/i/image/api/thumb/clark1ic/003281271/39015091191976_01/!250,250|https://quod.lib.umich.edu/cgi/i/image/api/manifest/clark1ic:003281271:39015091191976_01|003281271; 4d70004a-eb47-428d-807d-dc65c8cbd7c1",2026-09-07T13:44:02.581630+00:00,existing
4e2a2d52-0157-49d9-957e-13754d4abfd0,"https://quod.lib.umich.edu/c/clark1ic/x-009362117/39015091921414_01|https://quod.lib.umich.edu/cgi/i/image/api/search/clark1ic:009362117|oai:quod.lib.umich.edu:IC-CLARK1IC-X-009362117%5D39015091921414_01|http://name.umdl.umich.edu/IC-CLARK1IC-X-009362117%5D39015091921414_01|https://quod.lib.umich.edu/cgi/i/image/api/thumb/clark1ic/009362117/39015091921414_01/!250,250|https://quod.lib.umich.edu/cgi/i/image/api/manifest/clark1ic:009362117:39015091921414_01|009362117; 4e2a2d52-0157-49d9-957e-13754d4abfd0|oai:quod.lib.umich.edu:IC-CLARK1IC-X-009362117%5D39015091921414_02|http://name.umdl.umich.edu/IC-CLARK1IC-X-009362117%5D39015091921414_02|https://quod.lib.umich.edu/cgi/i/image/api/thumb/clark1ic/009362117/39015091921414_02/!250,250|https://quod.lib.umich.edu/cgi/i/image/api/manifest/clark1ic:009362117:39015091921414_02|oai:quod.lib.umich.edu:IC-CLARK1IC-X-009362117%5D39015091921414_03|http://name.umdl.umich.edu/IC-CLARK1IC-X-009362117%5D39015091921414_03|https://quod.lib.umich.edu/cgi/i/image/api/thumb/clark1ic/009362117/39015091921414_03/!250,250|https://quod.lib.umich.edu/cgi/i/image/api/manifest/clark1ic:009362117:39015091921414_03|oai:quod.lib.umich.edu:IC-CLARK1IC-X-009362117%5D39015091921414_04|http://name.umdl.umich.edu/IC-CLARK1IC-X-009362117%5D39015091921414_04|https://quod.lib.umich.edu/cgi/i/image/api/thumb/clark1ic/009362117/39015091921414_04/!250,250|https://quod.lib.umich.edu/cgi/i/image/api/manifest/clark1ic:009362117:39015091921414_04|oai:quod.lib.umich.edu:IC-CLARK1IC-X-009362117%5D39015091921414_05|http://name.umdl.umich.edu/IC-CLARK1IC-X-009362117%5D39015091921414_05|https://quod.lib.umich.edu/cgi/i/image/api/thumb/clark1ic/009362117/39015091921414_05/!250,250|https://quod.lib.umich.edu/cgi/i/image/api/manifest/clark1ic:009362117:39015091921414_05|oai:quod.lib.umich.edu:IC-CLARK1IC-X-009362117%5D39015091921414_06|http://name.umdl.umich.edu/IC-CLARK1IC-X-009362117%5D39015091921414_06|https://quod.lib.umich.edu/cgi/i/image/api/thumb/clark1ic/009362117/39015091921414_06/!250,250|https://quod.lib.umich.edu/cgi/i/image/api/manifest/clark1ic:009362117:39015091921414_06",2026-09-07T13:44:02.581764+00:00,existing
4e483b1d-5bc3-4a58-8f4d-f8ad0f08d64f,"https://quod.lib.umich.edu/c/clark1ic/x-003282466/39015091200819|https://quod.lib.umich.edu/cgi/i/image/api/search/clark1ic:003282466|oai:quod.lib.umich.edu:IC-CLARK1IC-X-003282466%5D39015091200819|http://name.umdl.umich.edu/IC-CLARK1IC-X-003282466%5D39015091200819|https://quod.lib.umich.edu/cgi/i/image/api/thumb/clark1ic/003282466/39015091200819/!250,250|https://quod.lib.umich.edu/cgi/i/image/api/manifest/clark1ic:003282466:39015091200819|003282466; 4e483b1d-5bc3-4a58-8f4d-f8ad0f08d64f",2026-09-07T13:44:02.581812+00:00,existing
4e758ae0-dbdd-4b01-b17c-714dde638c8f,"https://quod.lib.umich.edu/c/clark1ic/x-003500192/39015091186620|https://quod.lib.umich.edu/cgi/i/image/api/search/clark1ic:003500192|oai:quod.lib.umich.edu:IC-CLARK1IC-X-003500192%5D39015091186620|http://name.umdl.umich.edu/IC-CLARK1IC-X-003500192%5D39015091186620|https://quod.lib.umich.edu/cgi/i/image/api/thumb/clark1ic/003500192/39015091186620/!250,250|https://quod.lib.umich.edu/cgi/i/image/api/manifest/clark1ic:003500192:39015091186620|003500192; 4e758ae0-dbdd-4b01-b17c-714dde638c8f",2026-09-07T13:44:02.581864+00:00,existing
4ec1fc00-4584-4595-af14-46bd4b066d45,"https://quod.lib.umich.edu/c/clark1ic/x-003281012/39015091197965|https://quod.lib.umich.edu/cgi/i/image/api/search/clark1ic:003281012|oai:quod.lib.umich.edu:IC-CLARK1IC-X-003281012%5D39015091197965|http://name.umdl.umich.edu/IC-CLARK1IC-X-003281012%5D39015091197965|https://quod.lib.umich.edu/cgi/i/image/api/thumb/clark1ic/003281012/39015091197965/!250,250|https://quod.lib.umich.edu/cgi/i/image/api/manifest/clark1ic:003281012:39015091197965|003281012; 4ec1fc00-4584-4595-af14-46bd4b066d45",2026-09-07T13:44:02.581911+00:00,existing
4ee52580-9d69-494f-9d80-59459ecbd5f4,"https://quod.lib.umich.edu/c/clark1ic/x-000887732/39015091921430_01|https://quod.lib.umich.edu/cgi/i/image/api/search/clark1ic:000887732|oai:quod.lib.umich.edu:IC-CLARK1IC-X-000887732%5D39015091921430_01|http://name.umdl.umich.edu/IC-CLARK1IC-X-000887732%5D39015091921430_01|https://quod.lib.umich.edu/cgi/i/image/api/thumb/clark1ic/000887732/39015091921430_01/!250,250|https://quod.lib.umich.edu/cgi/i/image/api/manifest/clark1ic:000887732:39015091921430_01|000887732; 4ee52580-9d69-494f-9d80-59459ecbd5f4|oai:quod.lib.umich.edu:IC-CLARK1IC-X-000887732%5D39015091921430_02|http://name.umdl.umich.edu/IC-CLARK1IC-X-000887732%5D39015091921430_02|https://quod.lib.umich.edu/cgi/i/image/api/thumb/clark1ic/000887732/39015091921430_02/!250,250|https://quod.lib.umich.edu/cgi/i/image/api/manifest/clark1ic:000887732:39015091921430_02|oai:quod.lib.umich.edu:IC-CLARK1IC-X-000887732%5D39015091921430_03|http://name.umdl.umich.edu/IC-CLARK1IC-X-000887732%5D39015091921430_03|https://quod.lib.umich.edu/cgi/i/image/api/thumb/clark1ic/000887732/39015091921430_03/!250,250|https://quod.lib.umich.edu/cgi/i/image/api/manifest/clark1ic:000887732:39015091921430_03|oai:quod.lib.umich.edu:IC-CLARK1IC-X-000887732%5D39015091921430_04|http://name.umdl.umich.edu/IC-CLARK1IC-X-000887732%5D39015091921430_04|https://quod.lib.umich.edu/cgi/i/image/api/thumb/clark1ic/000887732/39015091921430_04/!250,250|https://quod.lib.umich.edu/cgi/i/image/api/manifest/clark1ic:000887732:39015091921430_04",2026-09-07T13:44:02.582019+00:00,existing
4f0b7393-6b8c-4fd4-ae52-75014f79a270,"https://quod.lib.umich.edu/c/clark1ic/x-002211200/39015091921547_01|https://quod.lib.umich.edu/cgi/i/image/api/search/clark1ic:002211200|oai:quod.lib.umich.edu:IC-CLARK1IC-X-002211200%5D39015091921547_01|http://name.umdl.umich.edu/IC-CLARK1IC-X-002211200%5D39015091921547_01|https://quod.lib.umich.edu/cgi/i/image/api/thumb/clark1ic/002211200/39015091921547_01/!250,250|https://quod.lib.umich.edu/cgi/i/image/api/manifest/clark1ic:002211200:39015091921547_01|002211200; 4f0b7393-6b8c-4fd4-ae52-75014f79a270|oai:quod.lib.umich.edu:IC-CLARK1IC-X-002211200%5D39015091921547_02|http://name.umdl.umich.edu/IC-CLARK1IC-X-002211200%5D39015091921547_02|https://quod.lib.umich.edu/cgi/i/image/api/thumb/clark1ic/002211200/39015091921547_02/!250,250|https://quod.lib.umich.edu/cgi/i/image/api/manifest/clark1ic:002211200:39015091921547_02|oai:quod.lib.umich.edu:IC-CLARK1IC-X-002211200%5D39015091921547_03|http://name.umdl.umich.edu/IC-CLARK1IC-X-002211200%5D39015091921547_03|https://quod.lib.umich.edu/cgi/i/image/api/thumb/clark1ic/002211200/39015091921547_03/!250,250|https://quod.lib.umich.edu/cgi/i/image/api/manifest/clark1ic:002211200:39015091921547_03",2026-09-07T13:44:02.582111+00:00,existing
4f2f594b-52ec-4247-9c38-d5d8f9289efb,"https://quod.lib.umich.edu/c/clark1ic/x-008781182/39015091196587_01|https://quod.lib.umich.edu/cgi/i/image/api/search/clark1ic:008781182|oai:quod.lib.umich.edu:IC-CLARK1IC-X-008781182%5D39015091196587_01|http://name.umdl.umich.edu/IC-CLARK1IC-X-008781182%5D39015091196587_01|https://quod.lib.umich.edu/cgi/i/image/api/thumb/clark1ic/008781182/39015091196587_01/!250,250|https://quod.lib.umich.edu/cgi/i/image/api/manifest/clark1ic:008781182:39015091196587_01|008781182; 4f2f594b-52ec-4247-9c38-d5d8f9289efb|oai:quod.lib.umich.edu:IC-CLARK1IC-X-008781182%5D39015091196587_02|http://name.umdl.umich.edu/IC-CLARK1IC-X-008781182%5D39015091196587_02|https://quod.lib.umich.edu/cgi/i/image/api/thumb/clark1ic/008781182/39015091196587_02/!250,250|https://quod.lib.umich.edu/cgi/i/image/api/manifest/clark1ic:008781182:39015091196587_02",2026-09-07T13:44:02.582179+00:00,existing
4f3ee09f-fda4-43ba-81fa-4de9a92ce0bf,"https://quod.lib.umich.edu/c/clark1ic/x-012449137/39015091191695_01|https://quod.lib.umich.edu/cgi/i/image/api/search/clark1ic:012449137|oai:quod.lib.umich.edu:IC-CLARK1IC-X-012449137%5D39015091191695_01|http://name.umdl.umich.edu/IC-CLARK1IC-X-012449137%5D39015091191695_01|https://quod.lib.umich.edu/cgi/i/image/api/thumb/clark1ic/012449137/39015091191695_01/!250,250|https://quod.lib.umich.edu/cgi/i/image/api/manifest/clark1ic:012449137:39015091191695_01|012449137; 4f3ee09f-fda4-43ba-81fa-4de9a92ce0bf|oai:quod.lib.umich.edu:IC-CLARK1IC-X-012449137%5D39015091191695_02|http://name.umdl.umich.edu/IC-CLARK1IC-X-012449137%5D39015091191695_02|https://quod.lib.umich.edu/cgi/i/image/api/thumb/clark1ic/012449137/39015091191695_02/!250,250|https://quod.lib.umich.edu/cgi/i/image/api/manifest/clark1ic:012449137:39015091191695_02",2026-09-07T13:44:02.582249+00:00,existing
4f4fd172-3b3f-46a1-b4ea-909237a38c19,"https://quod.lib.umich.edu/c/clark1ic/x-000073842/39015091887755|https://quod.lib.umich.edu/cgi/i/image/api/search/clark1ic:000073842|oai:quod.lib.umich.edu:IC-CLARK1IC-X-000073842%5D39015091887755|http://name.umdl.umich.edu/IC-CLARK1IC-X-000073842%5D39015091887755|https://quod.lib.umich.edu/cgi/i/image/api/thumb/clark1ic/000073842/39015091887755/!250,250|https://quod.lib.umich.edu/cgi/i/image/api/manifest/clark1ic:000073842:39015091887755|000073842; 4f4fd172-3b3f-46a1-b4ea-909237a38c19",2026-09-07T13:44:02.582298+00:00,existing
4fab754b-d64e-485b-8e01-8c54c1ac7501,"https://quod.lib.umich.edu/c/clark1ic/x-003279348/39015091910326|https://quod.lib.umich.edu/cgi/i/image/api/search/clark1ic:003279348|oai:quod.lib.umich.edu:IC-CLARK1IC-X-003279348%5D39015091910326|http://name.umdl.umich.edu/IC-CLARK1IC-X-003279348%5D39015091910326|https://quod.lib.umich.edu/cgi/i/image/api/thumb/clark1ic/003279348/39015091910326/!250,250|https://quod.lib.umich.edu/cgi/i/image/api/manifest/clark1ic:003279348:39015091910326|003279348; 4fab754b-d64e-485b-8e01-8c54c1ac7501|oai:quod.lib.umich.edu:IC-CLARK1IC-X-003279348%5D39015091910342|http://name.umdl.umich.edu/IC-CLARK1IC-X-003279348%5D39015091910342|https://quod.lib.umich.edu/cgi/i/image/api/thumb/clark1ic/003279348/39015091910342/!250,250|https://quod.lib.umich.edu/cgi/i/image/api/manifest/clark1ic:003279348:39015091910342|oai:quod.lib.umich.edu:IC-CLARK1IC-X-003279348%5D39015091910359|http://name.umdl.umich.edu/IC-CLARK1IC-X-003279348%5D39015091910359|https://quod.lib.umich.edu/cgi/i/image/api/thumb/clark1ic/003279348/39015091910359/!250,250|https://quod.lib.umich.edu/cgi/i/image/api/manifest/clark1ic:003279348:39015091910359|oai:quod.lib.umich.edu:IC-CLARK1IC-X-003279348%5D39015091910367|http://name.umdl.umich.edu/IC-CLARK1IC-X-003279348%5D39015091910367|https://quod.lib.umich.edu/cgi/i/image/api/thumb/clark1ic/003279348/39015091910367/!250,250|https://quod.lib.umich.edu/cgi/i/image/api/manifest/clark1ic:003279348:39015091910367",2026-09-07T13:44:02.582399+00:00,existing
4fe6813d-fc59-451f-99ec-7ca9fa83da3c,"https://quod.lib.umich.edu/c/clark1ic/x-003283893/39015091192321_01|https://quod.lib.umich.edu/cgi/i/image/api/search/clark1ic:003283893|oai:quod.lib.umich.edu:IC-CLARK1IC-X-003283893%5D39015091192321_01|http://name.umdl.umich.edu/IC-CLARK1IC-X-003283893%5D39015091192321_01|https://quod.lib.umich.edu/cgi/i/image/api/thumb/clark1ic/003283893/39015091192321_01/!250,250|https://quod.lib.umich.edu/cgi/i/image/api/manifest/clark1ic:003283893:39015091192321_01|003283893; 4fe6813d-fc59-451f-99ec-7ca9fa83da3c|oai:quod.lib.umich.edu:IC-CLARK1IC-X-003283893%5D39015091192321_02|http://name.umdl.umich.edu/IC-CLARK1IC-X-003283893%5D39015091192321_02|https://quod.lib.umich.edu/cgi/i/image/api/thumb/clark1ic/003283893/39015091192321_02/!250,250|https://quod.lib.umich.edu/cgi/i/image/api/manifest/clark1ic:003283893:39015091192321_02",2026-09-07T13:44:02.582474+00:00,existing
501e58c6-7fec-4e53-8b5e-07dbda8a483b,"https://quod.lib.umich.edu/c/clark1ic/x-001293840/39015091186869|https://quod.lib.umich.edu/cgi/i/image/api/search/clark1ic:001293840|oai:quod.lib.umich.edu:IC-CLARK1IC-X-001293840%5D39015091186869|http://name.umdl.umich.edu/IC-CLARK1IC-X-001293840%5D39015091186869|https://quod.lib.umich.edu/cgi/i/image/api/thumb/clark1ic/001293840/39015091186869/!250,250|https://quod.lib.umich.edu/cgi/i/image/api/manifest/clark1ic:001293840:39015091186869|001293840; 501e58c6-7fec-4e53-8b5e-07dbda8a483b",2026-09-07T13:44:02.582523+00:00,existing
5045ec63-a2c1-4db0-9bab-0815d13d429a,"https://quod.lib.umich.edu/c/clark1ic/x-012639895/39015091191455_01|https://quod.lib.umich.edu/cgi/i/image/api/search/clark1ic:012639895|oai:quod.lib.umich.edu:IC-CLARK1IC-X-012639895%5D39015091191455_01|http://name.umdl.umich.edu/IC-CLARK1IC-X-012639895%5D39015091191455_01|https://quod.lib.umich.edu/cgi/i/image/api/thumb/clark1ic/012639895/39015091191455_01/!250,250|https://quod.lib.umich.edu/cgi/i/image/api/manifest/clark1ic:012639895:39015091191455_01|012639895; 5045ec63-a2c1-4db0-9bab-0815d13d429a|oai:quod.lib.umich.edu:IC-CLARK1IC-X-012639895%5D39015091191455_02|http://name.umdl.umich.edu/IC-CLARK1IC-X-012639895%5D39015091191455_02|https://quod.lib.umich.edu/cgi/i/image/api/thumb/clark1ic/012639895/39015091191455_02/!250,250|https://quod.lib.umich.edu/cgi/i/image/api/manifest/clark1ic:012639895:39015091191455_02",2026-09-07T13:44:02.582587+00:00,existing
50536acb-d36d-428e-be26-b8bf23b21c4f,"https://quod.lib.umich.edu/c/clark1ic/x-003931133/39015091916190_01|https://quod.lib.umich.edu/cgi/i/image/api/search/clark1ic:003931133|oai:quod.lib.umich.edu:IC-CLARK1IC-X-003931133%5D39015091916190_01|http://name.umdl.umich.edu/IC-CLARK1IC-X-003931133%5D39015091916190_01|https://quod.lib.umich.edu/cgi/i/image/api/thumb/clark1ic/003931133/39015091916190_01/!250,250|https://quod.lib.umich.edu/cgi/i/image/api/manifest/clark1ic:003931133:39015091916190_01|003931133; 50536acb-d36d-428e-be26-b8bf23b21c4f|oai:quod.lib.umich.edu:IC-CLARK1IC-X-003931133%5D39015091916190_02|http://name.umdl.umich.edu/IC-CLARK1IC-X-003931133%5D39015091916190_02|https://quod.lib.umich.edu/cgi/i/image/api/thumb/clark1ic/003931133/39015091916190_02/!250,250|https://quod.lib.umich.edu/cgi/i/image/api/manifest/clark1ic:003931133:39015091916190_02",2026-09-07T13:44:02.582653+00:00,existing
506b2c60-f32a-476b-9261-3bd13544e8b2,"https://quod.lib.umich.edu/c/clark1ic/x-004070497/39015091195696|https://quod.lib.umich.edu/cgi/i/image/api/search/clark1ic:004070497|oai:quod.lib.umich.edu:IC-CLARK1IC-X-004070497%5D39015091195696|http://name.umdl.umich.edu/IC-CLARK1IC-X-004070497%5D39015091195696|https://quod.lib.umich.edu/cgi/i/image/api/thumb/clark1ic/004070497/39015091195696/!250,250|https://quod.lib.umich.edu/cgi/i/image/api/manifest/clark1ic:004070497:39015091195696|004070497; 506b2c60-f32a-476b-9261-3bd13544e8b2",2026-09-07T13:44:02.582699+00:00,existing
508bc283-8e32-42ca-9b43-cffe5a0398a6,"https://quod.lib.umich.edu/c/clark1ic/x-009381279/39015091905573_01|https://quod.lib.umich.edu/cgi/i/image/api/search/clark1ic:009381279|oai:quod.lib.umich.edu:IC-CLARK1IC-X-009381279%5D39015091905573_01|http://name.umdl.umich.edu/IC-CLARK1IC-X-009381279%5D39015091905573_01|https://quod.lib.umich.edu/cgi/i/image/api/thumb/clark1ic/009381279/39015091905573_01/!250,250|https://quod.lib.umich.edu/cgi/i/image/api/manifest/clark1ic:009381279:39015091905573_01|009381279; 508bc283-8e32-42ca-9b43-cffe5a0398a6|oai:quod.lib.umich.edu:IC-CLARK1IC-X-009381279%5D39015091905573_02|http://name.umdl.umich.edu/IC-CLARK1IC-X-009381279%5D39015091905573_02|https://quod.lib.umich.edu/cgi/i/image/api/thumb/clark1ic/009381279/39015091905573_02/!250,250|https://quod.lib.umich.edu/cgi/i/image/api/manifest/clark1ic:009381279:39015091905573_02",2026-09-07T13:44:02.582765+00:00,existing
50eb01f6-7d2a-46b7-a2bf-f02c156a7b78,"https://quod.lib.umich.edu/c/clark1ic/x-003280941/39015091199623|https://quod.lib.umich.edu/cgi/i/image/api/search/clark1ic:003280941|oai:quod.lib.umich.edu:IC-CLARK1IC-X-003280941%5D39015091199623|http://name.umdl.umich.edu/IC-CLARK1IC-X-003280941%5D39015091199623|https://quod.lib.umich.edu/cgi/i/image/api/thumb/clark1ic/003280941/39015091199623/!250,250|https://quod.lib.umich.edu/cgi/i/image/api/manifest/clark1ic:003280941:39015091199623|003280941; 50eb01f6-7d2a-46b7-a2bf-f02c156a7b78",2026-09-07T13:44:02.582814+00:00,existing
51a2ddb8-b7b8-4e2e-98b1-db7c0497f47f,"https://quod.lib.umich.edu/c/clark1ic/x-000887335/39015091194996|https://quod.lib.umich.edu/cgi/i/image/api/search/clark1ic:000887335|oai:quod.lib.umich.edu:IC-CLARK1IC-X-000887335%5D39015091194996|http://name.umdl.umich.edu/IC-CLARK1IC-X-000887335%5D39015091194996|https://quod.lib.umich.edu/cgi/i/image/api/thumb/clark1ic/000887335/39015091194996/!250,250|https://quod.lib.umich.edu/cgi/i/image/api/manifest/clark1ic:000887335:39015091194996|000887335; 51a2ddb8-b7b8-4e2e-98b1-db7c0497f47f",2026-09-07T13:44:02.582861+00:00,existing
51b15f7d-4d28-4690-9c88-1589b9a91bdd,"https://quod.lib.umich.edu/c/clark1ic/x-003884966/39015091185770|https://quod.lib.umich.edu/cgi/i/image/api/search/clark1ic:003884966|oai:quod.lib.umich.edu:IC-CLARK1IC-X-003884966%5D39015091185770|http://name.umdl.umich.edu/IC-CLARK1IC-X-003884966%5D39015091185770|https://quod.lib.umich.edu/cgi/i/image/api/thumb/clark1ic/003884966/39015091185770/!250,250|https://quod.lib.umich.edu/cgi/i/image/api/manifest/clark1ic:003884966:39015091185770|003884966; 51b15f7d-4d28-4690-9c88-1589b9a91bdd",2026-09-07T13:44:02.582907+00:00,existing
52292af7-a166-4e01-90a5-a638d51a0935,"https://quod.lib.umich.edu/c/clark1ic/x-003287871/39015091911308_0001|https://quod.lib.umich.edu/cgi/i/image/api/search/clark1ic:003287871|oai:quod.lib.umich.edu:IC-CLARK1IC-X-003287871%5D39015091911308_0001|http://name.umdl.umich.edu/IC-CLARK1IC-X-003287871%5D39015091911308_0001|https://quod.lib.umich.edu/cgi/i/image/api/thumb/clark1ic/003287871/39015091911308_0001/!250,250|https://quod.lib.umich.edu/cgi/i/image/api/manifest/clark1ic:003287871:39015091911308_0001|003287871; 52292af7-a166-4e01-90a5-a638d51a0935",2026-09-07T13:44:02.582956+00:00,existing
523dc7b6-135b-48ee-b593-0ee3a6ddadf2,"https://quod.lib.umich.edu/c/clark1ic/x-000081166/39015091899198|https://quod.lib.umich.edu/cgi/i/image/api/search/clark1ic:000081166|oai:quod.lib.umich.edu:IC-CLARK1IC-X-000081166%5D39015091899198|http://name.umdl.umich.edu/IC-CLARK1IC-X-000081166%5D39015091899198|https://quod.lib.umich.edu/cgi/i/image/api/thumb/clark1ic/000081166/39015091899198/!250,250|https://quod.lib.umich.edu/cgi/i/image/api/manifest/clark1ic:000081166:39015091899198|000081166; 523dc7b6-135b-48ee-b593-0ee3a6ddadf2",2026-09-07T13:44:02.583003+00:00,existing
528340fc-b325-4191-8874-1d2ef0384f37,"https://quod.lib.umich.edu/c/clark1ic/x-000080677/39015091898760|https://quod.lib.umich.edu/cgi/i/image/api/search/clark1ic:000080677|oai:quod.lib.umich.edu:IC-CLARK1IC-X-000080677%5D39015091898760|http://name.umdl.umich.edu/IC-CLARK1IC-X-000080677%5D39015091898760|https://quod.lib.umich.edu/cgi/i/image/api/thumb/clark1ic/000080677/39015091898760/!250,250|https://quod.lib.umich.edu/cgi/i/image/api/manifest/clark1ic:000080677:39015091898760|000080677; 528340fc-b325-4191-8874-1d2ef0384f37",2026-09-07T13:44:02.583049+00:00,existing
52e9c568-b573-4e41-b830-733d5116f0a6,"https://quod.lib.umich.edu/c/clark1ic/x-003111038/39015091921141_01|https://quod.lib.umich.edu/cgi/i/image/api/search/clark1ic:003111038|oai:quod.lib.umich.edu:IC-CLARK1IC-X-003111038%5D39015091921141_01|http://name.umdl.umich.edu/IC-CLARK1IC-X-003111038%5D39015091921141_01|https://quod.lib.umich.edu/cgi/i/image/api/thumb/clark1ic/003111038/39015091921141_01/!250,250|https://quod.lib.umich.edu/cgi/i/image/api/manifest/clark1ic:003111038:39015091921141_01|003111038; 52e9c568-b573-4e41-b830-733d5116f0a6|oai:quod.lib.umich.edu:IC-CLARK1IC-X-003111038%5D39015091921141_02|http://name.umdl.umich.edu/IC-CLARK1IC-X-003111038%5D39015091921141_02|https://quod.lib.umich.edu/cgi/i/image/api/thumb/clark1ic/003111038/39015091921141_02/!250,250|https://quod.lib.umich.edu/cgi/i/image/api/manifest/clark1ic:003111038:39015091921141_02|oai:quod.lib.umich.edu:IC-CLARK1IC-X-003111038%5D39015091921141_03|http://name.umdl.umich.edu/IC-CLARK1IC-X-003111038%5D39015091921141_03|https://quod.lib.umich.edu/cgi/i/image/api/thumb/clark1ic/003111038/39015091921141_03/!250,250|https://quod.lib.umich.edu/cgi/i/image/api/manifest/clark1ic:003111038:39015091921141_03",2026-09-07T13:44:02.583132+00:00,existing
536d873a-a169-4bbb-90d6-93daff8ff68e,"https://quod.lib.umich.edu/c/clark1ic/x-005549335/39015091191414_01|https://quod.lib.umich.edu/cgi/i/image/api/search/clark1ic:005549335|oai:quod.lib.umich.edu:IC-CLARK1IC-X-005549335%5D39015091191414_01|http://name.umdl.umich.edu/IC-CLARK1IC-X-005549335%5D39015091191414_01|https://quod.lib.umich.edu/cgi/i/image/api/thumb/clark1ic/005549335/39015091191414_01/!250,250|https://quod.lib.umich.edu/cgi/i/image/api/manifest/clark1ic:005549335:39015091191414_01|005549335; 536d873a-a169-4bbb-90d6-93daff8ff68e|oai:quod.lib.umich.edu:IC-CLARK1IC-X-005549335%5D39015091191414_02|http://name.umdl.umich.edu/IC-CLARK1IC-X-005549335%5D39015091191414_02|https://quod.lib.umich.edu/cgi/i/image/api/thumb/clark1ic/005549335/39015091191414_02/!250,250|https://quod.lib.umich.edu/cgi/i/image/api/manifest/clark1ic:005549335:39015091191414_02",2026-09-07T13:44:02.583195+00:00,existing
538cf9ae-c535-4612-b582-05b3c033bb0a,"https://quod.lib.umich.edu/c/clark1ic/x-005547464/39015091880651|https://quod.lib.umich.edu/cgi/i/image/api/search/clark1ic:005547464|oai:quod.lib.umich.edu:IC-CLARK1IC-X-005547464%5D39015091880651|http://name.umdl.umich.edu/IC-CLARK1IC-X-005547464%5D39015091880651|https://quod.lib.umich.edu/cgi/i/image/api/thumb/clark1ic/005547464/39015091880651/!250,250|https://quod.lib.umich.edu/cgi/i/image/api/manifest/clark1ic:005547464:39015091880651|005547464; 538cf9ae-c535-4612-b582-05b3c033bb0a",2026-09-07T13:44:02.583243+00:00,existing
54014e0e-dec2-426a-ac7d-82579d01b2ce,"https://quod.lib.umich.edu/c/clark1ic/x-012525574/39015091193774_01|https://quod.lib.umich.edu/cgi/i/image/api/search/clark1ic:012525574|oai:quod.lib.umich.edu:IC-CLARK1IC-X-012525574%5D39015091193774_01|http://name.umdl.umich.edu/IC-CLARK1IC-X-012525574%5D39015091193774_01|https://quod.lib.umich.edu/cgi/i/image/api/thumb/clark1ic/012525574/39015091193774_01/!250,250|https://quod.lib.umich.edu/cgi/i/image/api/manifest/clark1ic:012525574:39015091193774_01|012525574; 54014e0e-dec2-426a-ac7d-82579d01b2ce|oai:quod.lib.umich.edu:IC-CLARK1IC-X-012525574%5D39015091193774_02|http://name.umdl.umich.edu/IC-CLARK1IC-X-012525574%5D39015091193774_02|https://quod.lib.umich.edu/cgi/i/image/api/thumb/clark1ic/012525574/39015091193774_02/!250,250|https://quod.lib.umich.edu/cgi/i/image/api/manifest/clark1ic:012525574:39015091193774_02",2026-09-07T13:44:02.583305+00:00,existing
542505a4-e5e9-4363-b7f3-7bff9536c3fc,"https://quod.lib.umich.edu/c/clark1ic/x-000081077/39015091916513|https://quod.lib.umich.edu/cgi/i/image/api/search/clark1ic:000081077|oai:quod.lib.umich.edu:IC-CLARK1IC-X-000081077%5D39015091916513|http://name.umdl.umich.edu/IC-CLARK1IC-X-000081077%5D39015091916513|https://quod.lib.umich.edu/cgi/i/image/api/thumb/clark1ic/000081077/39015091916513/!250,250|https://quod.lib.umich.edu/cgi/i/image/api/manifest/clark1ic:000081077:39015091916513|000081077; 542505a4-e5e9-4363-b7f3-7bff9536c3fc",2026-09-07T13:44:02.583351+00:00,existing
542c17e7-1575-4240-8765-d808310bdb88,"https://quod.lib.umich.edu/c/clark1ic/x-002211201/39015091920622_01|https://quod.lib.umich.edu/cgi/i/image/api/search/clark1ic:002211201|oai:quod.lib.umich.edu:IC-CLARK1IC-X-002211201%5D39015091920622_01|http://name.umdl.umich.edu/IC-CLARK1IC-X-002211201%5D39015091920622_01|https://quod.lib.umich.edu/cgi/i/image/api/thumb/clark1ic/002211201/39015091920622_01/!250,250|https://quod.lib.umich.edu/cgi/i/image/api/manifest/clark1ic:002211201:39015091920622_01|002211201; 542c17e7-1575-4240-8765-d808310bdb88|oai:quod.lib.umich.edu:IC-CLARK1IC-X-002211201%5D39015091920622_02|http://name.umdl.umich.edu/IC-CLARK1IC-X-002211201%5D39015091920622_02|https://quod.lib.umich.edu/cgi/i/image/api/thumb/clark1ic/002211201/39015091920622_02/!250,250|https://quod.lib.umich.edu/cgi/i/image/api/manifest/clark1ic:002211201:39015091920622_02",2026-09-07T13:44:02.583417+00:00,existing
54551da0-d9f8-4a77-8679-0f5132b1cb4b,"https://quod.lib.umich.edu/c/clark1ic/x-001877682/39015091186331|https://quod.lib.umich.edu/cgi/i/image/api/search/clark1ic:001877682|oai:quod.lib.umich.edu:IC-CLARK1IC-X-001877682%5D39015091186331|http://name.umdl.umich.edu/IC-CLARK1IC-X-001877682%5D39015091186331|https://quod.lib.umich.edu/cgi/i/image/api/thumb/clark1ic/001877682/39015091186331/!250,250|https://quod.lib.umich.edu/cgi/i/image/api/manifest/clark1ic:001877682:39015091186331|001877682; 54551da0-d9f8-4a77-8679-0f5132b1cb4b",2026-09-07T13:44:02.583464+00:00,existing
548fd0a0-ef9f-428f-ab71-f957130c945c,"https://quod.lib.umich.edu/c/clark1ic/x-012527631/39015095390996|https://quod.lib.umich.edu/cgi/i/image/api/search/clark1ic:012527631|oai:quod.lib.umich.edu:IC-CLARK1IC-X-012527631%5D39015095390996|http://name.umdl.umich.edu/IC-CLARK1IC-X-012527631%5D39015095390996|https://quod.lib.umich.edu/cgi/i/image/api/thumb/clark1ic/012527631/39015095390996/!250,250|https://quod.lib.umich.edu/cgi/i/image/api/manifest/clark1ic:012527631:39015095390996|012527631; 548fd0a0-ef9f-428f-ab71-f957130c945c",2026-09-07T13:44:02.583510+00:00,existing
549d8383-bdaa-4603-a2cc-1df517b268fa,"https://quod.lib.umich.edu/c/clark1ic/x-004079008/39015091199615|https://quod.lib.umich.edu/cgi/i/image/api/search/clark1ic:004079008|oai:quod.lib.umich.edu:IC-CLARK1IC-X-004079008%5D39015091199615|http://name.umdl.umich.edu/IC-CLARK1IC-X-004079008%5D39015091199615|https://quod.lib.umich.edu/cgi/i/image/api/thumb/clark1ic/004079008/39015091199615/!250,250|https://quod.lib.umich.edu/cgi/i/image/api/manifest/clark1ic:004079008:39015091199615|004079008; 549d8383-bdaa-4603-a2cc-1df517b268fa",2026-09-07T13:44:02.583557+00:00,existing
54c9bbe7-b2fa-4aed-9de7-2cd872157a9a,"https://quod.lib.umich.edu/c/clark1ic/x-000080678/39015091880032|https://quod.lib.umich.edu/cgi/i/image/api/search/clark1ic:000080678|oai:quod.lib.umich.edu:IC-CLARK1IC-X-000080678%5D39015091880032|http://name.umdl.umich.edu/IC-CLARK1IC-X-000080678%5D39015091880032|https://quod.lib.umich.edu/cgi/i/image/api/thumb/clark1ic/000080678/39015091880032/!250,250|https://quod.lib.umich.edu/cgi/i/image/api/manifest/clark1ic:000080678:39015091880032|000080678; 54c9bbe7-b2fa-4aed-9de7-2cd872157a9a",2026-09-07T13:44:02.583602+00:00,existing
54d83a56-4c40-411e-bf44-fd84781223f0,"https://quod.lib.umich.edu/c/clark1ic/x-001291869/39015091899230|https://quod.lib.umich.edu/cgi/i/image/api/search/clark1ic:001291869|oai:quod.lib.umich.edu:IC-CLARK1IC-X-001291869%5D39015091899230|http://name.umdl.umich.edu/IC-CLARK1IC-X-001291869%5D39015091899230|https://quod.lib.umich.edu/cgi/i/image/api/thumb/clark1ic/001291869/39015091899230/!250,250|https://quod.lib.umich.edu/cgi/i/image/api/manifest/clark1ic:001291869:39015091899230|001291869; 54d83a56-4c40-411e-bf44-fd84781223f0",2026-09-07T13:44:02.583647+00:00,existing
55087db7-e813-4618-b553-ca9a2e7432fc,"https://quod.lib.umich.edu/c/clark1ic/x-003278734/39015091191711_01|https://quod.lib.umich.edu/cgi/i/image/api/search/clark1ic:003278734|oai:quod.lib.umich.edu:IC-CLARK1IC-X-003278734%5D39015091191711_01|http://name.umdl.umich.edu/IC-CLARK1IC-X-003278734%5D39015091191711_01|https://quod.lib.umich.edu/cgi/i/image/api/thumb/clark1ic/003278734/39015091191711_01/!250,250|https://quod.lib.umich.edu/cgi/i/image/api/manifest/clark1ic:003278734:39015091191711_01|003278734; 55087db7-e813-4618-b553-ca9a2e7432fc|oai:quod.lib.umich.edu:IC-CLARK1IC-X-003278734%5D39015091191711_02|http://name.umdl.umich.edu/IC-CLARK1IC-X-003278734%5D39015091191711_02|https://quod.lib.umich.edu/cgi/i/image/api/thumb/clark1ic/003278734/39015091191711_02/!250,250|https://quod.lib.umich.edu/cgi/i/image/api/manifest/clark1ic:003278734:39015091191711_02",2026-09-07T13:44:02.583713+00:00,existing
551553c5-d7fc-46fd-b2ba-ea037be2bb7d,"https://quod.lib.umich.edu/c/clark1ic/x-004182122/39015095390343|https://quod.lib.umich.edu/cgi/i/image/api/search/clark1ic:004182122|oai:quod.lib.umich.edu:IC-CLARK1IC-X-004182122%5D39015095390343|http://name.umdl.umich.edu/IC-CLARK1IC-X-004182122%5D39015095390343|https://quod.lib.umich.edu/cgi/i/image/api/thumb/clark1ic/004182122/39015095390343/!250,250|https://quod.lib.umich.edu/cgi/i/image/api/manifest/clark1ic:004182122:39015095390343|004182122; 551553c5-d7fc-46fd-b2ba-ea037be2bb7d",2026-09-07T13:44:02.583769+00:00,existing
5523aec5-bae0-4b1d-ad0c-39657be24fda,"https://quod.lib.umich.edu/c/clark1ic/x-003284875/39015091191604_01|https://quod.lib.umich.edu/cgi/i/image/api/search/clark1ic:003284875|oai:quod.lib.umich.edu:IC-CLARK1IC-X-003284875%5D39015091191604_01|http://name.umdl.umich.edu/IC-CLARK1IC-X-003284875%5D39015091191604_01|https://quod.lib.umich.edu/cgi/i/image/api/thumb/clark1ic/003284875/39015091191604_01/!250,250|https://quod.lib.umich.edu/cgi/i/image/api/manifest/clark1ic:003284875:39015091191604_01|003284875; 5523aec5-bae0-4b1d-ad0c-39657be24fda|oai:quod.lib.umich.edu:IC-CLARK1IC-X-003284875%5D39015091191604_02|http://name.umdl.umich.edu/IC-CLARK1IC-X-003284875%5D39015091191604_02|https://quod.lib.umich.edu/cgi/i/image/api/thumb/clark1ic/003284875/39015091191604_02/!250,250|https://quod.lib.umich.edu/cgi/i/image/api/manifest/clark1ic:003284875:39015091191604_02",2026-09-07T13:44:02.583832+00:00,existing
5544e954-910e-4635-8587-518cbe537336,"https://quod.lib.umich.edu/c/clark1ic/x-003283428/39015091195324|https://quod.lib.umich.edu/cgi/i/image/api/search/clark1ic:003283428|oai:quod.lib.umich.edu:IC-CLARK1IC-X-003283428%5D39015091195324|http://name.umdl.umich.edu/IC-CLARK1IC-X-003283428%5D39015091195324|https://quod.lib.umich.edu/cgi/i/image/api/thumb/clark1ic/003283428/39015091195324/!250,250|https://quod.lib.umich.edu/cgi/i/image/api/manifest/clark1ic:003283428:39015091195324|003283428; 5544e954-910e-4635-8587-518cbe537336",2026-09-07T13:44:02.583882+00:00,existing
55479623-44ca-4004-84fc-78908f7f32e5,"https://quod.lib.umich.edu/c/clark1ic/x-001543040/39015091888167_01|https://quod.lib.umich.edu/cgi/i/image/api/search/clark1ic:001543040|oai:quod.lib.umich.edu:IC-CLARK1IC-X-001543040%5D39015091888167_01|http://name.umdl.umich.edu/IC-CLARK1IC-X-001543040%5D39015091888167_01|https://quod.lib.umich.edu/cgi/i/image/api/thumb/clark1ic/001543040/39015091888167_01/!250,250|https://quod.lib.umich.edu/cgi/i/image/api/manifest/clark1ic:001543040:39015091888167_01|001543040; 55479623-44ca-4004-84fc-78908f7f32e5|oai:quod.lib.umich.edu:IC-CLARK1IC-X-001543040%5D39015091888167_02|http://name.umdl.umich.edu/IC-CLARK1IC-X-001543040%5D39015091888167_02|https://quod.lib.umich.edu/cgi/i/image/api/thumb/clark1ic/001543040/39015091888167_02/!250,250|https://quod.lib.umich.edu/cgi/i/image/api/manifest/clark1ic:001543040:39015091888167_02",2026-09-07T13:44:02.583949+00:00,existing
554b8a14-acd2-43ef-aa5a-eb87cae6f61b,"https://quod.lib.umich.edu/c/clark1ic/x-002514039/39015091196884|https://quod.lib.umich.edu/cgi/i/image/api/search/clark1ic:002514039|oai:quod.lib.umich.edu:IC-CLARK1IC-X-002514039%5D39015091196884|http://name.umdl.umich.edu/IC-CLARK1IC-X-002514039%5D39015091196884|https://quod.lib.umich.edu/cgi/i/image/api/thumb/clark1ic/002514039/39015091196884/!250,250|https://quod.lib.umich.edu/cgi/i/image/api/manifest/clark1ic:002514039:39015091196884|002514039; 554b8a14-acd2-43ef-aa5a-eb87cae6f61b",2026-09-07T13:44:02.583997+00:00,existing
55ab3dd6-e62b-4dde-be47-4bbcadf0841f,"https://quod.lib.umich.edu/c/clark1ic/x-003983125/39015091184740|https://quod.lib.umich.edu/cgi/i/image/api/search/clark1ic:003983125|oai:quod.lib.umich.edu:IC-CLARK1IC-X-003983125%5D39015091184740|http://name.umdl.umich.edu/IC-CLARK1IC-X-003983125%5D39015091184740|https://quod.lib.umich.edu/cgi/i/image/api/thumb/clark1ic/003983125/39015091184740/!250,250|https://quod.lib.umich.edu/cgi/i/image/api/manifest/clark1ic:003983125:39015091184740|003983125; 55ab3dd6-e62b-4dde-be47-4bbcadf0841f",2026-09-07T13:44:02.584043+00:00,existing
55cbc381-7a98-4dd0-8414-77d660774e06,"https://quod.lib.umich.edu/c/clark1ic/x-005136572/39015091184583|https://quod.lib.umich.edu/cgi/i/image/api/search/clark1ic:005136572|oai:quod.lib.umich.edu:IC-CLARK1IC-X-005136572%5D39015091184583|http://name.umdl.umich.edu/IC-CLARK1IC-X-005136572%5D39015091184583|https://quod.lib.umich.edu/cgi/i/image/api/thumb/clark1ic/005136572/39015091184583/!250,250|https://quod.lib.umich.edu/cgi/i/image/api/manifest/clark1ic:005136572:39015091184583|005136572; 55cbc381-7a98-4dd0-8414-77d660774e06",2026-09-07T13:44:02.584089+00:00,existing
563c29dd-83c3-4194-8800-3e5fea5628bc,"https://quod.lib.umich.edu/c/clark1ic/x-000081017/39015091880198|https://quod.lib.umich.edu/cgi/i/image/api/search/clark1ic:000081017|oai:quod.lib.umich.edu:IC-CLARK1IC-X-000081017%5D39015091880198|http://name.umdl.umich.edu/IC-CLARK1IC-X-000081017%5D39015091880198|https://quod.lib.umich.edu/cgi/i/image/api/thumb/clark1ic/000081017/39015091880198/!250,250|https://quod.lib.umich.edu/cgi/i/image/api/manifest/clark1ic:000081017:39015091880198|000081017; 563c29dd-83c3-4194-8800-3e5fea5628bc",2026-09-07T13:44:02.584134+00:00,existing
56598923-104b-4919-b069-5fa682ff47b4,"https://quod.lib.umich.edu/c/clark1ic/x-013503424/39015091197452|https://quod.lib.umich.edu/cgi/i/image/api/search/clark1ic:013503424|oai:quod.lib.umich.edu:IC-CLARK1IC-X-013503424%5D39015091197452|http://name.umdl.umich.edu/IC-CLARK1IC-X-013503424%5D39015091197452|https://quod.lib.umich.edu/cgi/i/image/api/thumb/clark1ic/013503424/39015091197452/!250,250|https://quod.lib.umich.edu/cgi/i/image/api/manifest/clark1ic:013503424:39015091197452|013503424; 56598923-104b-4919-b069-5fa682ff47b4",2026-09-07T13:44:02.584180+00:00,existing
5669d618-2ecd-4849-b241-aa747727a078,"https://quod.lib.umich.edu/c/clark1ic/x-000081045/39015091916521|https://quod.lib.umich.edu/cgi/i/image/api/search/clark1ic:000081045|oai:quod.lib.umich.edu:IC-CLARK1IC-X-000081045%5D39015091916521|http://name.umdl.umich.edu/IC-CLARK1IC-X-000081045%5D39015091916521|https://quod.lib.umich.edu/cgi/i/image/api/thumb/clark1ic/000081045/39015091916521/!250,250|https://quod.lib.umich.edu/cgi/i/image/api/manifest/clark1ic:000081045:39015091916521|000081045; 5669d618-2ecd-4849-b241-aa747727a078",2026-09-07T13:44:02.584226+00:00,existing
569e0db6-484c-4dee-bc0c-2bff4abe9c49,"https://quod.lib.umich.edu/c/clark1ic/x-013464910/39015091897341|https://quod.lib.umich.edu/cgi/i/image/api/search/clark1ic:013464910|oai:quod.lib.umich.edu:IC-CLARK1IC-X-013464910%5D39015091897341|http://name.umdl.umich.edu/IC-CLARK1IC-X-013464910%5D39015091897341|https://quod.lib.umich.edu/cgi/i/image/api/thumb/clark1ic/013464910/39015091897341/!250,250|https://quod.lib.umich.edu/cgi/i/image/api/manifest/clark1ic:013464910:39015091897341|013464910; 569e0db6-484c-4dee-bc0c-2bff4abe9c49",2026-09-07T13:44:02.584272+00:00,existing
56c239d0-2b79-473d-9316-29d7dd519e3e,"https://quod.lib.umich.edu/c/clark1ic/x-003109973/39015091921356_01|https://quod.lib.umich.edu/cgi/i/image/api/search/clark1ic:003109973|oai:quod.lib.umich.edu:IC-CLARK1IC-X-003109973%5D39015091921356_01|http://name.umdl.umich.edu/IC-CLARK1IC-X-003109973%5D39015091921356_01|https://quod.lib.umich.edu/cgi/i/image/api/thumb/clark1ic/003109973/39015091921356_01/!250,250|https://quod.lib.umich.edu/cgi/i/image/api/manifest/clark1ic:003109973:39015091921356_01|003109973; 56c239d0-2b79-473d-9316-29d7dd519e3e|oai:quod.lib.umich.edu:IC-CLARK1IC-X-003109973%5D39015091921356_02|http://name.umdl.umich.edu/IC-CLARK1IC-X-003109973%5D39015091921356_02|https://quod.lib.umich.edu/cgi/i/image/api/thumb/clark1ic/003109973/39015091921356_02/!250,250|https://quod.lib.umich.edu/cgi/i/image/api/manifest/clark1ic:003109973:39015091921356_02",2026-09-07T13:44:02.584335+00:00,existing
56c28887-4f21-47a2-92a0-9dc0738c5cdc,"https://quod.lib.umich.edu/c/clark1ic/x-009656453/39015091916588_01|https://quod.lib.umich.edu/cgi/i/image/api/search/clark1ic:009656453|oai:quod.lib.umich.edu:IC-CLARK1IC-X-009656453%5D39015091916588_01|http://name.umdl.umich.edu/IC-CLARK1IC-X-009656453%5D39015091916588_01|https://quod.lib.umich.edu/cgi/i/image/api/thumb/clark1ic/009656453/39015091916588_01/!250,250|https://quod.lib.umich.edu/cgi/i/image/api/manifest/clark1ic:009656453:39015091916588_01|009656453; 56c28887-4f21-47a2-92a0-9dc0738c5cdc|oai:quod.lib.umich.edu:IC-CLARK1IC-X-009656453%5D39015091916588_02|http://name.umdl.umich.edu/IC-CLARK1IC-X-009656453%5D39015091916588_02|https://quod.lib.umich.edu/cgi/i/image/api/thumb/clark1ic/009656453/39015091916588_02/!250,250|https://quod.lib.umich.edu/cgi/i/image/api/manifest/clark1ic:009656453:39015091916588_02",2026-09-07T13:44:02.584400+00:00,existing
56cac911-9c03-4fff-8ee3-e23e79733919,"https://quod.lib.umich.edu/c/clark1ic/x-000081023/39015091880065|https://quod.lib.umich.edu/cgi/i/image/api/search/clark1ic:000081023|oai:quod.lib.umich.edu:IC-CLARK1IC-X-000081023%5D39015091880065|http://name.umdl.umich.edu/IC-CLARK1IC-X-000081023%5D39015091880065|https://quod.lib.umich.edu/cgi/i/image/api/thumb/clark1ic/000081023/39015091880065/!250,250|https://quod.lib.umich.edu/cgi/i/image/api/manifest/clark1ic:000081023:39015091880065|000081023; 56cac911-9c03-4fff-8ee3-e23e79733919",2026-09-07T13:44:02.584446+00:00,existing
56dd80a1-deb4-4c0e-a824-6b36fb7d075a,"https://quod.lib.umich.edu/c/clark1ic/x-004204107/39015091191570_01|https://quod.lib.umich.edu/cgi/i/image/api/search/clark1ic:004204107|oai:quod.lib.umich.edu:IC-CLARK1IC-X-004204107%5D39015091191570_01|http://name.umdl.umich.edu/IC-CLARK1IC-X-004204107%5D39015091191570_01|https://quod.lib.umich.edu/cgi/i/image/api/thumb/clark1ic/004204107/39015091191570_01/!250,250|https://quod.lib.umich.edu/cgi/i/image/api/manifest/clark1ic:004204107:39015091191570_01|004204107; 56dd80a1-deb4-4c0e-a824-6b36fb7d075a|oai:quod.lib.umich.edu:IC-CLARK1IC-X-004204107%5D39015091191570_02|http://name.umdl.umich.edu/IC-CLARK1IC-X-004204107%5D39015091191570_02|https://quod.lib.umich.edu/cgi/i/image/api/thumb/clark1ic/004204107/39015091191570_02/!250,250|https://quod.lib.umich.edu/cgi/i/image/api/manifest/clark1ic:004204107:39015091191570_02",2026-09-07T13:44:02.584511+00:00,existing
5727b046-d706-4630-8c79-7a363f0f26fc,"https://quod.lib.umich.edu/c/clark1ic/x-000889699/39015091199110|https://quod.lib.umich.edu/cgi/i/image/api/search/clark1ic:000889699|oai:quod.lib.umich.edu:IC-CLARK1IC-X-000889699%5D39015091199110|http://name.umdl.umich.edu/IC-CLARK1IC-X-000889699%5D39015091199110|https://quod.lib.umich.edu/cgi/i/image/api/thumb/clark1ic/000889699/39015091199110/!250,250|https://quod.lib.umich.edu/cgi/i/image/api/manifest/clark1ic:000889699:39015091199110|000889699; 5727b046-d706-4630-8c79-7a363f0f26fc",2026-09-07T13:44:02.584560+00:00,existing
57bcf383-7389-4ded-be58-cce894829a0e,"https://quod.lib.umich.edu/c/clark1ic/x-011658825/39015091193253_01|https://quod.lib.umich.edu/cgi/i/image/api/search/clark1ic:011658825|oai:quod.lib.umich.edu:IC-CLARK1IC-X-011658825%5D39015091193253_01|http://name.umdl.umich.edu/IC-CLARK1IC-X-011658825%5D39015091193253_01|https://quod.lib.umich.edu/cgi/i/image/api/thumb/clark1ic/011658825/39015091193253_01/!250,250|https://quod.lib.umich.edu/cgi/i/image/api/manifest/clark1ic:011658825:39015091193253_01|011658825; 57bcf383-7389-4ded-be58-cce894829a0e|oai:quod.lib.umich.edu:IC-CLARK1IC-X-011658825%5D39015091193253_02|http://name.umdl.umich.edu/IC-CLARK1IC-X-011658825%5D39015091193253_02|https://quod.lib.umich.edu/cgi/i/image/api/thumb/clark1ic/011658825/39015091193253_02/!250,250|https://quod.lib.umich.edu/cgi/i/image/api/manifest/clark1ic:011658825:39015091193253_02",2026-09-07T13:44:02.584623+00:00,existing
57c48ea0-0186-4220-b905-98d9cc772668,"https://quod.lib.umich.edu/c/clark1ic/x-003287900/39015091887888|https://quod.lib.umich.edu/cgi/i/image/api/search/clark1ic:003287900|oai:quod.lib.umich.edu:IC-CLARK1IC-X-003287900%5D39015091887888|http://name.umdl.umich.edu/IC-CLARK1IC-X-003287900%5D39015091887888|https://quod.lib.umich.edu/cgi/i/image/api/thumb/clark1ic/003287900/39015091887888/!250,250|https://quod.lib.umich.edu/cgi/i/image/api/manifest/clark1ic:003287900:39015091887888|003287900; 57c48ea0-0186-4220-b905-98d9cc772668",2026-09-07T13:44:02.584670+00:00,existing
586e7f8f-841e-4b68-b853-18f151d6ee85,"https://quod.lib.umich.edu/c/clark1ic/x-003591165/39015095396357|https://quod.lib.umich.edu/cgi/i/image/api/search/clark1ic:003591165|oai:quod.lib.umich.edu:IC-CLARK1IC-X-003591165%5D39015095396357|http://name.umdl.umich.edu/IC-CLARK1IC-X-003591165%5D39015095396357|https://quod.lib.umich.edu/cgi/i/image/api/thumb/clark1ic/003591165/39015095396357/!250,250|https://quod.lib.umich.edu/cgi/i/image/api/manifest/clark1ic:003591165:39015095396357|003591165; 586e7f8f-841e-4b68-b853-18f151d6ee85",2026-09-07T13:44:02.584716+00:00,existing
5899dcee-a633-45b9-893c-c1489045b9bc,"https://quod.lib.umich.edu/c/clark1ic/x-003107156/39015091920267_01|https://quod.lib.umich.edu/cgi/i/image/api/search/clark1ic:003107156|oai:quod.lib.umich.edu:IC-CLARK1IC-X-003107156%5D39015091920267_01|http://name.umdl.umich.edu/IC-CLARK1IC-X-003107156%5D39015091920267_01|https://quod.lib.umich.edu/cgi/i/image/api/thumb/clark1ic/003107156/39015091920267_01/!250,250|https://quod.lib.umich.edu/cgi/i/image/api/manifest/clark1ic:003107156:39015091920267_01|003107156; 5899dcee-a633-45b9-893c-c1489045b9bc|oai:quod.lib.umich.edu:IC-CLARK1IC-X-003107156%5D39015091920267_02|http://name.umdl.umich.edu/IC-CLARK1IC-X-003107156%5D39015091920267_02|https://quod.lib.umich.edu/cgi/i/image/api/thumb/clark1ic/003107156/39015091920267_02/!250,250|https://quod.lib.umich.edu/cgi/i/image/api/manifest/clark1ic:003107156:39015091920267_02|oai:quod.lib.umich.edu:IC-CLARK1IC-X-003107156%5D39015091920267_03|http://name.umdl.umich.edu/IC-CLARK1IC-X-003107156%5D39015091920267_03|https://quod.lib.umich.edu/cgi/i/image/api/thumb/clark1ic/003107156/39015091920267_03/!250,250|https://quod.lib.umich.edu/cgi/i/image/api/manifest/clark1ic:003107156:39015091920267_03|oai:quod.lib.umich.edu:IC-CLARK1IC-X-003107156%5D39015091920267_04|http://name.umdl.umich.edu/IC-CLARK1IC-X-003107156%5D39015091920267_04|https://quod.lib.umich.edu/cgi/i/image/api/thumb/clark1ic/003107156/39015091920267_04/!250,250|https://quod.lib.umich.edu/cgi/i/image/api/manifest/clark1ic:003107156:39015091920267_04|oai:quod.lib.umich.edu:IC-CLARK1IC-X-003107156%5D39015091920267_05|http://name.umdl.umich.edu/IC-CLARK1IC-X-003107156%5D39015091920267_05|https://quod.lib.umich.edu/cgi/i/image/api/thumb/clark1ic/003107156/39015091920267_05/!250,250|https://quod.lib.umich.edu/cgi/i/image/api/manifest/clark1ic:003107156:39015091920267_05|oai:quod.lib.umich.edu:IC-CLARK1IC-X-003107156%5D39015091920267_06|http://name.umdl.umich.edu/IC-CLARK1IC-X-003107156%5D39015091920267_06|https://quod.lib.umich.edu/cgi/i/image/api/thumb/clark1ic/003107156/39015091920267_06/!250,250|https://quod.lib.umich.edu/cgi/i/image/api/manifest/clark1ic:003107156:39015091920267_06|oai:quod.lib.umich.edu:IC-CLARK1IC-X-003107156%5D39015091920267_07|http://name.umdl.umich.edu/IC-CLARK1IC-X-003107156%5D39015091920267_07|https://quod.lib.umich.edu/cgi/i/image/api/thumb/clark1ic/003107156/39015091920267_07/!250,250|https://quod.lib.umich.edu/cgi/i/image/api/manifest/clark1ic:003107156:39015091920267_07|oai:quod.lib.umich.edu:IC-CLARK1IC-X-003107156%5D39015091920267_08|http://name.umdl.umich.edu/IC-CLARK1IC-X-003107156%5D39015091920267_08|https://quod.lib.umich.edu/cgi/i/image/api/thumb/clark1ic/003107156/39015091920267_08/!250,250|https://quod.lib.umich.edu/cgi/i/image/api/manifest/clark1ic:003107156:39015091920267_08|oai:quod.lib.umich.edu:IC-CLARK1IC-X-003107156%5D39015091920267_09|http://name.umdl.umich.edu/IC-CLARK1IC-X-003107156%5D39015091920267_09|https://quod.lib.umich.edu/cgi/i/image/api/thumb/clark1ic/003107156/39015091920267_09/!250,250|https://quod.lib.umich.edu/cgi/i/image/api/manifest/clark1ic:003107156:39015091920267_09",2026-09-07T13:44:02.584909+00:00,existing
589b41a8-ffbf-4a82-b201-057d4013c6d0,"https://quod.lib.umich.edu/c/clark1ic/x-000081426/39015091196132|https://quod.lib.umich.edu/cgi/i/image/api/search/clark1ic:000081426|oai:quod.lib.umich.edu:IC-CLARK1IC-X-000081426%5D39015091196132|http://name.umdl.umich.edu/IC-CLARK1IC-X-000081426%5D39015091196132|https://quod.lib.umich.edu/cgi/i/image/api/thumb/clark1ic/000081426/39015091196132/!250,250|https://quod.lib.umich.edu/cgi/i/image/api/manifest/clark1ic:000081426:39015091196132|000081426; 589b41a8-ffbf-4a82-b201-057d4013c6d0",2026-09-07T13:44:02.584956+00:00,existing
58acc3a8-a0b4-4dbc-8682-589a832aa466,"https://quod.lib.umich.edu/c/clark1ic/x-003929827/39015091900962|https://quod.lib.umich.edu/cgi/i/image/api/search/clark1ic:003929827|oai:quod.lib.umich.edu:IC-CLARK1IC-X-003929827%5D39015091900962|http://name.umdl.umich.edu/IC-CLARK1IC-X-003929827%5D39015091900962|https://quod.lib.umich.edu/cgi/i/image/api/thumb/clark1ic/003929827/39015091900962/!250,250|https://quod.lib.umich.edu/cgi/i/image/api/manifest/clark1ic:003929827:39015091900962|003929827; 58acc3a8-a0b4-4dbc-8682-589a832aa466",2026-09-07T13:44:02.585002+00:00,existing
58b9e397-47f8-44d5-82a1-5c2b28503ac7,"https://quod.lib.umich.edu/c/clark1ic/x-012525617/39015091192339_01|https://quod.lib.umich.edu/cgi/i/image/api/search/clark1ic:012525617|oai:quod.lib.umich.edu:IC-CLARK1IC-X-012525617%5D39015091192339_01|http://name.umdl.umich.edu/IC-CLARK1IC-X-012525617%5D39015091192339_01|https://quod.lib.umich.edu/cgi/i/image/api/thumb/clark1ic/012525617/39015091192339_01/!250,250|https://quod.lib.umich.edu/cgi/i/image/api/manifest/clark1ic:012525617:39015091192339_01|012525617; 58b9e397-47f8-44d5-82a1-5c2b28503ac7|oai:quod.lib.umich.edu:IC-CLARK1IC-X-012525617%5D39015091192339_02|http://name.umdl.umich.edu/IC-CLARK1IC-X-012525617%5D39015091192339_02|https://quod.lib.umich.edu/cgi/i/image/api/thumb/clark1ic/012525617/39015091192339_02/!250,250|https://quod.lib.umich.edu/cgi/i/image/api/manifest/clark1ic:012525617:39015091192339_02",2026-09-07T13:44:02.585065+00:00,existing
591fd563-589c-44a3-b0db-b7b31aeb42eb,"https://quod.lib.umich.edu/c/clark1ic/x-013363585/39015091184781_01|https://quod.lib.umich.edu/cgi/i/image/api/search/clark1ic:013363585|oai:quod.lib.umich.edu:IC-CLARK1IC-X-013363585%5D39015091184781_01|http://name.umdl.umich.edu/IC-CLARK1IC-X-013363585%5D39015091184781_01|https://quod.lib.umich.edu/cgi/i/image/api/thumb/clark1ic/013363585/39015091184781_01/!250,250|https://quod.lib.umich.edu/cgi/i/image/api/manifest/clark1ic:013363585:39015091184781_01|013363585; 591fd563-589c-44a3-b0db-b7b31aeb42eb|oai:quod.lib.umich.edu:IC-CLARK1IC-X-013363585%5D39015091184781_02|http://name.umdl.umich.edu/IC-CLARK1IC-X-013363585%5D39015091184781_02|https://quod.lib.umich.edu/cgi/i/image/api/thumb/clark1ic/013363585/39015091184781_02/!250,250|https://quod.lib.umich.edu/cgi/i/image/api/manifest/clark1ic:013363585:39015091184781_02",2026-09-07T13:44:02.585132+00:00,existing
59310d7f-be9f-48f8-911b-b41815d27c0e,"https://quod.lib.umich.edu/c/clark1ic/x-003283889/39015091916240_01|https://quod.lib.umich.edu/cgi/i/image/api/search/clark1ic:003283889|oai:quod.lib.umich.edu:IC-CLARK1IC-X-003283889%5D39015091916240_01|http://name.umdl.umich.edu/IC-CLARK1IC-X-003283889%5D39015091916240_01|https://quod.lib.umich.edu/cgi/i/image/api/thumb/clark1ic/003283889/39015091916240_01/!250,250|https://quod.lib.umich.edu/cgi/i/image/api/manifest/clark1ic:003283889:39015091916240_01|003283889; 59310d7f-be9f-48f8-911b-b41815d27c0e|oai:quod.lib.umich.edu:IC-CLARK1IC-X-003283889%5D39015091916240_02|http://name.umdl.umich.edu/IC-CLARK1IC-X-003283889%5D39015091916240_02|https://quod.lib.umich.edu/cgi/i/image/api/thumb/clark1ic/003283889/39015091916240_02/!250,250|https://quod.lib.umich.edu/cgi/i/image/api/manifest/clark1ic:003283889:39015091916240_02",2026-09-07T13:44:02.585197+00:00,existing
59b42ba8-fc67-4782-aae9-5c0dfec20036,"https://quod.lib.umich.edu/c/clark1ic/x-003892870/39015091186174|https://quod.lib.umich.edu/cgi/i/image/api/search/clark1ic:003892870|oai:quod.lib.umich.edu:IC-CLARK1IC-X-003892870%5D39015091186174|http://name.umdl.umich.edu/IC-CLARK1IC-X-003892870%5D39015091186174|https://quod.lib.umich.edu/cgi/i/image/api/thumb/clark1ic/003892870/39015091186174/!250,250|https://quod.lib.umich.edu/cgi/i/image/api/manifest/clark1ic:003892870:39015091186174|003892870; 59b42ba8-fc67-4782-aae9-5c0dfec20036",2026-09-07T13:44:02.585253+00:00,existing
59ceebfb-8832-4f1b-9497-2ed99061a0c3,"https://quod.lib.umich.edu/c/clark1ic/x-004182176/39015095390491_01|https://quod.lib.umich.edu/cgi/i/image/api/search/clark1ic:004182176|oai:quod.lib.umich.edu:IC-CLARK1IC-X-004182176%5D39015095390491_01|http://name.umdl.umich.edu/IC-CLARK1IC-X-004182176%5D39015095390491_01|https://quod.lib.umich.edu/cgi/i/image/api/thumb/clark1ic/004182176/39015095390491_01/!250,250|https://quod.lib.umich.edu/cgi/i/image/api/manifest/clark1ic:004182176:39015095390491_01|004182176; 59ceebfb-8832-4f1b-9497-2ed99061a0c3|oai:quod.lib.umich.edu:IC-CLARK1IC-X-004182176%5D39015095390491_02|http://name.umdl.umich.edu/IC-CLARK1IC-X-004182176%5D39015095390491_02|https://quod.lib.umich.edu/cgi/i/image/api/thumb/clark1ic/004182176/39015095390491_02/!250,250|https://quod.lib.umich.edu/cgi/i/image/api/manifest/clark1ic:004182176:39015095390491_02",2026-09-07T13:44:02.585316+00:00,existing
5a03c710-bb55-4bac-a9c1-89162a9b26fa,"https://quod.lib.umich.edu/c/clark1ic/x-003286620/39015091916125_0001|https://quod.lib.umich.edu/cgi/i/image/api/search/clark1ic:003286620|oai:quod.lib.umich.edu:IC-CLARK1IC-X-003286620%5D39015091916125_0001|http://name.umdl.umich.edu/IC-CLARK1IC-X-003286620%5D39015091916125_0001|https://quod.lib.umich.edu/cgi/i/image/api/thumb/clark1ic/003286620/39015091916125_0001/!250,250|https://quod.lib.umich.edu/cgi/i/image/api/manifest/clark1ic:003286620:39015091916125_0001|003286620; 5a03c710-bb55-4bac-a9c1-89162a9b26fa",2026-09-07T13:44:02.585364+00:00,existing
5a6f40de-c9c0-452a-ace5-85b90632eb00,"https://quod.lib.umich.edu/c/clark1ic/x-013655505/39015091194954|https://quod.lib.umich.edu/cgi/i/image/api/search/clark1ic:013655505|oai:quod.lib.umich.edu:IC-CLARK1IC-X-013655505%5D39015091194954|http://name.umdl.umich.edu/IC-CLARK1IC-X-013655505%5D39015091194954|https://quod.lib.umich.edu/cgi/i/image/api/thumb/clark1ic/013655505/39015091194954/!250,250|https://quod.lib.umich.edu/cgi/i/image/api/manifest/clark1ic:013655505:39015091194954|013655505; 5a6f40de-c9c0-452a-ace5-85b90632eb00",2026-09-07T13:44:02.585414+00:00,existing
5ad11c79-0371-4ce8-9fea-b54256aa4a6a,"https://quod.lib.umich.edu/c/clark1ic/x-008563620/39015091903768|https://quod.lib.umich.edu/cgi/i/image/api/search/clark1ic:008563620|oai:quod.lib.umich.edu:IC-CLARK1IC-X-008563620%5D39015091903768|http://name.umdl.umich.edu/IC-CLARK1IC-X-008563620%5D39015091903768|https://quod.lib.umich.edu/cgi/i/image/api/thumb/clark1ic/008563620/39015091903768/!250,250|https://quod.lib.umich.edu/cgi/i/image/api/manifest/clark1ic:008563620:39015091903768|008563620; 5ad11c79-0371-4ce8-9fea-b54256aa4a6a",2026-09-07T13:44:02.585461+00:00,existing
5afef527-ec44-4a76-b9dc-ad73294e971a,"https://quod.lib.umich.edu/c/clark1ic/x-003281287/39015091193428|https://quod.lib.umich.edu/cgi/i/image/api/search/clark1ic:003281287|oai:quod.lib.umich.edu:IC-CLARK1IC-X-003281287%5D39015091193428|http://name.umdl.umich.edu/IC-CLARK1IC-X-003281287%5D39015091193428|https://quod.lib.umich.edu/cgi/i/image/api/thumb/clark1ic/003281287/39015091193428/!250,250|https://quod.lib.umich.edu/cgi/i/image/api/manifest/clark1ic:003281287:39015091193428|003281287; 5afef527-ec44-4a76-b9dc-ad73294e971a",2026-09-07T13:44:02.585507+00:00,existing
5b1a44c8-352a-4a76-bad4-f4bf43ceb77a,"https://quod.lib.umich.edu/c/clark1ic/x-012464733/39015095390582|https://quod.lib.umich.edu/cgi/i/image/api/search/clark1ic:012464733|oai:quod.lib.umich.edu:IC-CLARK1IC-X-012464733%5D39015095390582|http://name.umdl.umich.edu/IC-CLARK1IC-X-012464733%5D39015095390582|https://quod.lib.umich.edu/cgi/i/image/api/thumb/clark1ic/012464733/39015095390582/!250,250|https://quod.lib.umich.edu/cgi/i/image/api/manifest/clark1ic:012464733:39015095390582|012464733; 5b1a44c8-352a-4a76-bad4-f4bf43ceb77a",2026-09-07T13:44:02.585553+00:00,existing
5b4bca03-f0c2-4d5b-8611-3362e66a82db,"https://quod.lib.umich.edu/c/clark1ic/x-002570820/39015091879992|https://quod.lib.umich.edu/cgi/i/image/api/search/clark1ic:002570820|oai:quod.lib.umich.edu:IC-CLARK1IC-X-002570820%5D39015091879992|http://name.umdl.umich.edu/IC-CLARK1IC-X-002570820%5D39015091879992|https://quod.lib.umich.edu/cgi/i/image/api/thumb/clark1ic/002570820/39015091879992/!250,250|https://quod.lib.umich.edu/cgi/i/image/api/manifest/clark1ic:002570820:39015091879992|002570820; 5b4bca03-f0c2-4d5b-8611-3362e66a82db",2026-09-07T13:44:02.585600+00:00,existing
5b5a11e8-c4ef-4671-b8ed-ae217e056f07,"https://quod.lib.umich.edu/c/clark1ic/x-005401353/39015091195589|https://quod.lib.umich.edu/cgi/i/image/api/search/clark1ic:005401353|oai:quod.lib.umich.edu:IC-CLARK1IC-X-005401353%5D39015091195589|http://name.umdl.umich.edu/IC-CLARK1IC-X-005401353%5D39015091195589|https://quod.lib.umich.edu/cgi/i/image/api/thumb/clark1ic/005401353/39015091195589/!250,250|https://quod.lib.umich.edu/cgi/i/image/api/manifest/clark1ic:005401353:39015091195589|005401353; 5b5a11e8-c4ef-4671-b8ed-ae217e056f07",2026-09-07T13:44:02.585645+00:00,existing
5b5b2d65-f354-442d-858d-e49ba843c288,"https://quod.lib.umich.edu/c/clark1ic/x-004908344/39015091883499_0001|https://quod.lib.umich.edu/cgi/i/image/api/search/clark1ic:004908344|oai:quod.lib.umich.edu:IC-CLARK1IC-X-004908344%5D39015091883499_0001|http://name.umdl.umich.edu/IC-CLARK1IC-X-004908344%5D39015091883499_0001|https://quod.lib.umich.edu/cgi/i/image/api/thumb/clark1ic/004908344/39015091883499_0001/!250,250|https://quod.lib.umich.edu/cgi/i/image/api/manifest/clark1ic:004908344:39015091883499_0001|004908344; 5b5b2d65-f354-442d-858d-e49ba843c288",2026-09-07T13:44:02.585696+00:00,existing
5b761b4a-d900-470b-8bf6-f442c3c91614,"https://quod.lib.umich.edu/c/clark1ic/x-001552273/39015091897358|https://quod.lib.umich.edu/cgi/i/image/api/search/clark1ic:001552273|oai:quod.lib.umich.edu:IC-CLARK1IC-X-001552273%5D39015091897358|http://name.umdl.umich.edu/IC-CLARK1IC-X-001552273%5D39015091897358|https://quod.lib.umich.edu/cgi/i/image/api/thumb/clark1ic/001552273/39015091897358/!250,250|https://quod.lib.umich.edu/cgi/i/image/api/manifest/clark1ic:001552273:39015091897358|001552273; 5b761b4a-d900-470b-8bf6-f442c3c91614",2026-09-07T13:44:02.585742+00:00,existing
5c378809-6860-452b-9004-ab9856643ee9,"https://quod.lib.umich.edu/c/clark1ic/x-005416912/39015091186232|https://quod.lib.umich.edu/cgi/i/image/api/search/clark1ic:005416912|oai:quod.lib.umich.edu:IC-CLARK1IC-X-005416912%5D39015091186232|http://name.umdl.umich.edu/IC-CLARK1IC-X-005416912%5D39015091186232|https://quod.lib.umich.edu/cgi/i/image/api/thumb/clark1ic/005416912/39015091186232/!250,250|https://quod.lib.umich.edu/cgi/i/image/api/manifest/clark1ic:005416912:39015091186232|005416912; 5c378809-6860-452b-9004-ab9856643ee9",2026-09-07T13:44:02.585790+00:00,existing
5c3957b6-d8f6-440c-852e-6b67228ad323,"https://quod.lib.umich.edu/c/clark1ic/x-003281302/39015091191786_01|https://quod.lib.umich.edu/cgi/i/image/api/search/clark1ic:003281302|oai:quod.lib.umich.edu:IC-CLARK1IC-X-003281302%5D39015091191786_01|http://name.umdl.umich.edu/IC-CLARK1IC-X-003281302%5D39015091191786_01|https://quod.lib.umich.edu/cgi/i/image/api/thumb/clark1ic/003281302/39015091191786_01/!250,250|https://quod.lib.umich.edu/cgi/i/image/api/manifest/clark1ic:003281302:39015091191786_01|003281302; 5c3957b6-d8f6-440c-852e-6b67228ad323",2026-09-07T13:44:02.585836+00:00,existing
5cbbf9dc-b28b-4a0c-804f-4760635a065c,"https://quod.lib.umich.edu/c/clark1ic/x-008846605/39015091186919|https://quod.lib.umich.edu/cgi/i/image/api/search/clark1ic:008846605|oai:quod.lib.umich.edu:IC-CLARK1IC-X-008846605%5D39015091186919|http://name.umdl.umich.edu/IC-CLARK1IC-X-008846605%5D39015091186919|https://quod.lib.umich.edu/cgi/i/image/api/thumb/clark1ic/008846605/39015091186919/!250,250|https://quod.lib.umich.edu/cgi/i/image/api/manifest/clark1ic:008846605:39015091186919|008846605; 5cbbf9dc-b28b-4a0c-804f-4760635a065c",2026-09-07T13:44:02.585881+00:00,existing
5cca5907-8d41-495d-8622-38ba70f9d7e2,"https://quod.lib.umich.edu/c/clark1ic/x-012525846/39015091192966_01|https://quod.lib.umich.edu/cgi/i/image/api/search/clark1ic:012525846|oai:quod.lib.umich.edu:IC-CLARK1IC-X-012525846%5D39015091192966_01|http://name.umdl.umich.edu/IC-CLARK1IC-X-012525846%5D39015091192966_01|https://quod.lib.umich.edu/cgi/i/image/api/thumb/clark1ic/012525846/39015091192966_01/!250,250|https://quod.lib.umich.edu/cgi/i/image/api/manifest/clark1ic:012525846:39015091192966_01|012525846; 5cca5907-8d41-495d-8622-38ba70f9d7e2|oai:quod.lib.umich.edu:IC-CLARK1IC-X-012525846%5D39015091192966_02|http://name.umdl.umich.edu/IC-CLARK1IC-X-012525846%5D39015091192966_02|https://quod.lib.umich.edu/cgi/i/image/api/thumb/clark1ic/012525846/39015091192966_02/!250,250|https://quod.lib.umich.edu/cgi/i/image/api/manifest/clark1ic:012525846:39015091192966_02",2026-09-07T13:44:02.585943+00:00,existing
5cdc4e30-19e7-4dce-b1a8-3d3b9905adcc,"https://quod.lib.umich.edu/c/clark1ic/x-003929050/39015091884331|https://quod.lib.umich.edu/cgi/i/image/api/search/clark1ic:003929050|oai:quod.lib.umich.edu:IC-CLARK1IC-X-003929050%5D39015091884331|http://name.umdl.umich.edu/IC-CLARK1IC-X-003929050%5D39015091884331|https://quod.lib.umich.edu/cgi/i/image/api/thumb/clark1ic/003929050/39015091884331/!250,250|https://quod.lib.umich.edu/cgi/i/image/api/manifest/clark1ic:003929050:39015091884331|003929050; 5cdc4e30-19e7-4dce-b1a8-3d3b9905adcc",2026-09-07T13:44:02.586017+00:00,existing
5cef1ebc-b5e7-40ee-9e23-342bc9f3905b,"https://quod.lib.umich.edu/c/clark1ic/x-003287868/39015091910235|https://quod.lib.umich.edu/cgi/i/image/api/search/clark1ic:003287868|oai:quod.lib.umich.edu:IC-CLARK1IC-X-003287868%5D39015091910235|http://name.umdl.umich.edu/IC-CLARK1IC-X-003287868%5D39015091910235|https://quod.lib.umich.edu/cgi/i/image/api/thumb/clark1ic/003287868/39015091910235/!250,250|https://quod.lib.umich.edu/cgi/i/image/api/manifest/clark1ic:003287868:39015091910235|003287868; 5cef1ebc-b5e7-40ee-9e23-342bc9f3905b",2026-09-07T13:44:02.586066+00:00,existing
5d0f0202-218c-40e1-b5e5-5744ff87f8cd,"https://quod.lib.umich.edu/c/clark1ic/x-003820943/39015091183676|https://quod.lib.umich.edu/cgi/i/image/api/search/clark1ic:003820943|oai:quod.lib.umich.edu:IC-CLARK1IC-X-003820943%5D39015091183676|http://name.umdl.umich.edu/IC-CLARK1IC-X-003820943%5D39015091183676|https://quod.lib.umich.edu/cgi/i/image/api/thumb/clark1ic/003820943/39015091183676/!250,250|https://quod.lib.umich.edu/cgi/i/image/api/manifest/clark1ic:003820943:39015091183676|003820943; 5d0f0202-218c-40e1-b5e5-5744ff87f8cd|oai:quod.lib.umich.edu:IC-CLARK1IC-X-003820943%5D39015091196108|http://name.umdl.umich.edu/IC-CLARK1IC-X-003820943%5D39015091196108|https://quod.lib.umich.edu/cgi/i/image/api/thumb/clark1ic/003820943/39015091196108/!250,250|https://quod.lib.umich.edu/cgi/i/image/api/manifest/clark1ic:003820943:39015091196108",2026-09-07T13:44:02.586130+00:00,existing
5d2a220a-0e4c-4135-8ccc-77942ff00e8e,"https://quod.lib.umich.edu/c/clark1ic/x-000887766/39015091920176_01|https://quod.lib.umich.edu/cgi/i/image/api/search/clark1ic:000887766|oai:quod.lib.umich.edu:IC-CLARK1IC-X-000887766%5D39015091920176_01|http://name.umdl.umich.edu/IC-CLARK1IC-X-000887766%5D39015091920176_01|https://quod.lib.umich.edu/cgi/i/image/api/thumb/clark1ic/000887766/39015091920176_01/!250,250|https://quod.lib.umich.edu/cgi/i/image/api/manifest/clark1ic:000887766:39015091920176_01|000887766; 5d2a220a-0e4c-4135-8ccc-77942ff00e8e|oai:quod.lib.umich.edu:IC-CLARK1IC-X-000887766%5D39015091920176_02|http://name.umdl.umich.edu/IC-CLARK1IC-X-000887766%5D39015091920176_02|https://quod.lib.umich.edu/cgi/i/image/api/thumb/clark1ic/000887766/39015091920176_02/!250,250|https://quod.lib.umich.edu/cgi/i/image/api/manifest/clark1ic:000887766:39015091920176_02|oai:quod.lib.umich.edu:IC-CLARK1IC-X-000887766%5D39015091920176_03|http://name.umdl.umich.edu/IC-CLARK1IC-X-000887766%5D39015091920176_03|https://quod.lib.umich.edu/cgi/i/image/api/thumb/clark1ic/000887766/39015091920176_03/!250,250|https://quod.lib.umich.edu/cgi/i/image/api/manifest/clark1ic:000887766:39015091920176_03|oai:quod.lib.umich.edu:IC-CLARK1IC-X-000887766%5D39015091920176_04|http://name.umdl.umich.edu/IC-CLARK1IC-X-000887766%5D39015091920176_04|https://quod.lib.umich.edu/cgi/i/image/api/thumb/clark1ic/000887766/39015091920176_04/!250,250|https://quod.lib.umich.edu/cgi/i/image/api/manifest/clark1ic:000887766:39015091920176_04",2026-09-07T13:44:02.586237+00:00,existing
5d9fa8c4-175b-46fe-b452-0dfcc3927609,"https://quod.lib.umich.edu/c/clark1ic/x-003287892/39015091920754|https://quod.lib.umich.edu/cgi/i/image/api/search/clark1ic:003287892|oai:quod.lib.umich.edu:IC-CLARK1IC-X-003287892%5D39015091920754|http://name.umdl.umich.edu/IC-CLARK1IC-X-003287892%5D39015091920754|https://quod.lib.umich.edu/cgi/i/image/api/thumb/clark1ic/003287892/39015091920754/!250,250|https://quod.lib.umich.edu/cgi/i/image/api/manifest/clark1ic:003287892:39015091920754|003287892; 5d9fa8c4-175b-46fe-b452-0dfcc3927609",2026-09-07T13:44:02.586282+00:00,existing
5da06154-0cc0-49b1-9d9d-97941f196f2e,"https://quod.lib.umich.edu/c/clark1ic/x-003833794/39015091905300|https://quod.lib.umich.edu/cgi/i/image/api/search/clark1ic:003833794|oai:quod.lib.umich.edu:IC-CLARK1IC-X-003833794%5D39015091905300|http://name.umdl.umich.edu/IC-CLARK1IC-X-003833794%5D39015091905300|https://quod.lib.umich.edu/cgi/i/image/api/thumb/clark1ic/003833794/39015091905300/!250,250|https://quod.lib.umich.edu/cgi/i/image/api/manifest/clark1ic:003833794:39015091905300|003833794; 5da06154-0cc0-49b1-9d9d-97941f196f2e",2026-09-07T13:44:02.586328+00:00,existing
5da69612-3f2a-4047-b808-9dd2e387d3f9,"https://quod.lib.umich.edu/c/clark1ic/x-013681258/39015091883481_01|https://quod.lib.umich.edu/cgi/i/image/api/search/clark1ic:013681258|oai:quod.lib.umich.edu:IC-CLARK1IC-X-013681258%5D39015091883481_01|http://name.umdl.umich.edu/IC-CLARK1IC-X-013681258%5D39015091883481_01|https://quod.lib.umich.edu/cgi/i/image/api/thumb/clark1ic/013681258/39015091883481_01/!250,250|https://quod.lib.umich.edu/cgi/i/image/api/manifest/clark1ic:013681258:39015091883481_01|013681258; 5da69612-3f2a-4047-b808-9dd2e387d3f9|oai:quod.lib.umich.edu:IC-CLARK1IC-X-013681258%5D39015091883481_02|http://name.umdl.umich.edu/IC-CLARK1IC-X-013681258%5D39015091883481_02|https://quod.lib.umich.edu/cgi/i/image/api/thumb/clark1ic/013681258/39015091883481_02/!250,250|https://quod.lib.umich.edu/cgi/i/image/api/manifest/clark1ic:013681258:39015091883481_02",2026-09-07T13:44:02.586400+00:00,existing
5dc44634-2427-41f0-9f11-7f31e6b3eb14,https://quod.lib.umich.edu/c/clark1ic/x-000887357/39015091920614_01|https://quod.lib.umich.edu/cgi/i/image/api/search/clark1ic:000887357,2026-09-07T13:44:02.586425+00:00,existing
5ee2a74e-04ae-4d42-af08-1c039550f9d9,"https://quod.lib.umich.edu/c/clark1ic/x-003283297/39015091910136|https://quod.lib.umich.edu/cgi/i/image/api/search/clark1ic:003283297|oai:quod.lib.umich.edu:IC-CLARK1IC-X-003283297%5D39015091910136|http://name.umdl.umich.edu/IC-CLARK1IC-X-003283297%5D39015091910136|https://quod.lib.umich.edu/cgi/i/image/api/thumb/clark1ic/003283297/39015091910136/!250,250|https://quod.lib.umich.edu/cgi/i/image/api/manifest/clark1ic:003283297:39015091910136|003283297; 5ee2a74e-04ae-4d42-af08-1c039550f9d9",2026-09-07T13:44:02.586471+00:00,existing
5f33c271-4f09-4ff6-b1c4-bba09a72380a,"https://quod.lib.umich.edu/c/clark1ic/x-005094791/39015091880628|https://quod.lib.umich.edu/cgi/i/image/api/search/clark1ic:005094791|oai:quod.lib.umich.edu:IC-CLARK1IC-X-005094791%5D39015091880628|http://name.umdl.umich.edu/IC-CLARK1IC-X-005094791%5D39015091880628|https://quod.lib.umich.edu/cgi/i/image/api/thumb/clark1ic/005094791/39015091880628/!250,250|https://quod.lib.umich.edu/cgi/i/image/api/manifest/clark1ic:005094791:39015091880628|005094791; 5f33c271-4f09-4ff6-b1c4-bba09a72380a",2026-09-07T13:44:02.586516+00:00,existing
5f42efb0-edc9-439b-b90f-5499a25b248c,"https://quod.lib.umich.edu/c/clark1ic/x-012475264/39015095390749|https://quod.lib.umich.edu/cgi/i/image/api/search/clark1ic:012475264|oai:quod.lib.umich.edu:IC-CLARK1IC-X-012475264%5D39015095390749|http://name.umdl.umich.edu/IC-CLARK1IC-X-012475264%5D39015095390749|https://quod.lib.umich.edu/cgi/i/image/api/thumb/clark1ic/012475264/39015095390749/!250,250|https://quod.lib.umich.edu/cgi/i/image/api/manifest/clark1ic:012475264:39015095390749|012475264; 5f42efb0-edc9-439b-b90f-5499a25b248c",2026-09-07T13:44:02.586561+00:00,existing
5f567a79-c9aa-4e13-a64b-ded6c617181e,"https://quod.lib.umich.edu/c/clark1ic/x-003609981/39015091883515_01|https://quod.lib.umich.edu/cgi/i/image/api/search/clark1ic:003609981|oai:quod.lib.umich.edu:IC-CLARK1IC-X-003609981%5D39015091883515_01|http://name.umdl.umich.edu/IC-CLARK1IC-X-003609981%5D39015091883515_01|https://quod.lib.umich.edu/cgi/i/image/api/thumb/clark1ic/003609981/39015091883515_01/!250,250|https://quod.lib.umich.edu/cgi/i/image/api/manifest/clark1ic:003609981:39015091883515_01|003609981; 5f567a79-c9aa-4e13-a64b-ded6c617181e|oai:quod.lib.umich.edu:IC-CLARK1IC-X-003609981%5D39015091883515_02|http://name.umdl.umich.edu/IC-CLARK1IC-X-003609981%5D39015091883515_02|https://quod.lib.umich.edu/cgi/i/image/api/thumb/clark1ic/003609981/39015091883515_02/!250,250|https://quod.lib.umich.edu/cgi/i/image/api/manifest/clark1ic:003609981:39015091883515_02",2026-09-07T13:44:02.586624+00:00,existing
5f90b077-5e53-4d1b-a219-380581148fac,"https://quod.lib.umich.edu/c/clark1ic/x-008860028/39015095414515|https://quod.lib.umich.edu/cgi/i/image/api/search/clark1ic:008860028|oai:quod.lib.umich.edu:IC-CLARK1IC-X-008860028%5D39015095414515|http://name.umdl.umich.edu/IC-CLARK1IC-X-008860028%5D39015095414515|https://quod.lib.umich.edu/cgi/i/image/api/thumb/clark1ic/008860028/39015095414515/!250,250|https://quod.lib.umich.edu/cgi/i/image/api/manifest/clark1ic:008860028:39015095414515|008860028; 5f90b077-5e53-4d1b-a219-380581148fac",2026-09-07T13:44:02.586673+00:00,existing
5fcb3f01-2d9b-40ea-9306-fdf9e1953f4c,"https://quod.lib.umich.edu/c/clark1ic/x-006858587/39015091199631|https://quod.lib.umich.edu/cgi/i/image/api/search/clark1ic:006858587|oai:quod.lib.umich.edu:IC-CLARK1IC-X-006858587%5D39015091199631|http://name.umdl.umich.edu/IC-CLARK1IC-X-006858587%5D39015091199631|https://quod.lib.umich.edu/cgi/i/image/api/thumb/clark1ic/006858587/39015091199631/!250,250|https://quod.lib.umich.edu/cgi/i/image/api/manifest/clark1ic:006858587:39015091199631|006858587; 5fcb3f01-2d9b-40ea-9306-fdf9e1953f4c",2026-09-07T13:44:02.586720+00:00,existing
6024b29d-e343-431e-bed1-7dedc3d57320,"https://quod.lib.umich.edu/c/clark1ic/x-003289140/39015091910474|https://quod.lib.umich.edu/cgi/i/image/api/search/clark1ic:003289140|oai:quod.lib.umich.edu:IC-CLARK1IC-X-003289140%5D39015091910474|http://name.umdl.umich.edu/IC-CLARK1IC-X-003289140%5D39015091910474|https://quod.lib.umich.edu/cgi/i/image/api/thumb/clark1ic/003289140/39015091910474/!250,250|https://quod.lib.umich.edu/cgi/i/image/api/manifest/clark1ic:003289140:39015091910474|003289140; 6024b29d-e343-431e-bed1-7dedc3d57320",2026-09-07T13:44:02.586766+00:00,existing
606d5bb5-f665-499a-9413-630b36c6e34c,"https://quod.lib.umich.edu/c/clark1ic/x-003280043/39015095390574|https://quod.lib.umich.edu/cgi/i/image/api/search/clark1ic:003280043|oai:quod.lib.umich.edu:IC-CLARK1IC-X-003280043%5D39015095390418|http://name.umdl.umich.edu/IC-CLARK1IC-X-003280043%5D39015095390418|https://quod.lib.umich.edu/cgi/i/image/api/thumb/clark1ic/003280043/39015095390418/!250,250|https://quod.lib.umich.edu/cgi/i/image/api/manifest/clark1ic:003280043:39015095390418|003280043; 606d5bb5-f665-499a-9413-630b36c6e34c|oai:quod.lib.umich.edu:IC-CLARK1IC-X-003280043%5D39015095390574|http://name.umdl.umich.edu/IC-CLARK1IC-X-003280043%5D39015095390574|https://quod.lib.umich.edu/cgi/i/image/api/thumb/clark1ic/003280043/39015095390574/!250,250|https://quod.lib.umich.edu/cgi/i/image/api/manifest/clark1ic:003280043:39015095390574",2026-09-07T13:44:02.586829+00:00,existing
611d19b9-c380-4ea1-8a90-6816e335b95c,"https://quod.lib.umich.edu/c/clark1ic/x-003101173/39015091920291_01|https://quod.lib.umich.edu/cgi/i/image/api/search/clark1ic:003101173|oai:quod.lib.umich.edu:IC-CLARK1IC-X-003101173%5D39015091920291_01|http://name.umdl.umich.edu/IC-CLARK1IC-X-003101173%5D39015091920291_01|https://quod.lib.umich.edu/cgi/i/image/api/thumb/clark1ic/003101173/39015091920291_01/!250,250|https://quod.lib.umich.edu/cgi/i/image/api/manifest/clark1ic:003101173:39015091920291_01|003101173; 611d19b9-c380-4ea1-8a90-6816e335b95c|oai:quod.lib.umich.edu:IC-CLARK1IC-X-003101173%5D39015091920291_02|http://name.umdl.umich.edu/IC-CLARK1IC-X-003101173%5D39015091920291_02|https://quod.lib.umich.edu/cgi/i/image/api/thumb/clark1ic/003101173/39015091920291_02/!250,250|https://quod.lib.umich.edu/cgi/i/image/api/manifest/clark1ic:003101173:39015091920291_02|oai:quod.lib.umich.edu:IC-CLARK1IC-X-003101173%5D39015091920291_03|http://name.umdl.umich.edu/IC-CLARK1IC-X-003101173%5D39015091920291_03|https://quod.lib.umich.edu/cgi/i/image/api/thumb/clark1ic/003101173/39015091920291_03/!250,250|https://quod.lib.umich.edu/cgi/i/image/api/manifest/clark1ic:003101173:39015091920291_03|oai:quod.lib.umich.edu:IC-CLARK1IC-X-003101173%5D39015091920291_04|http://name.umdl.umich.edu/IC-CLARK1IC-X-003101173%5D39015091920291_04|https://quod.lib.umich.edu/cgi/i/image/api/thumb/clark1ic/003101173/39015091920291_04/!250,250|https://quod.lib.umich.edu/cgi/i/image/api/manifest/clark1ic:003101173:39015091920291_04|oai:quod.lib.umich.edu:IC-CLARK1IC-X-003101173%5D39015091920291_05|http://name.umdl.umich.edu/IC-CLARK1IC-X-003101173%5D39015091920291_05|https://quod.lib.umich.edu/cgi/i/image/api/thumb/clark1ic/003101173/39015091920291_05/!250,250|https://quod.lib.umich.edu/cgi/i/image/api/manifest/clark1ic:003101173:39015091920291_05",2026-09-07T13:44:02.586941+00:00,existing
614a0722-6f94-45de-944c-8fcae3c3ba04,"https://quod.lib.umich.edu/c/clark1ic/x-000862174/39015091903800|https://quod.lib.umich.edu/cgi/i/image/api/search/clark1ic:000862174|oai:quod.lib.umich.edu:IC-CLARK1IC-X-000862174%5D39015091903800|http://name.umdl.umich.edu/IC-CLARK1IC-X-000862174%5D39015091903800|https://quod.lib.umich.edu/cgi/i/image/api/thumb/clark1ic/000862174/39015091903800/!250,250|https://quod.lib.umich.edu/cgi/i/image/api/manifest/clark1ic:000862174:39015091903800|000862174; 614a0722-6f94-45de-944c-8fcae3c3ba04",2026-09-07T13:44:02.586988+00:00,existing
61751a54-ebb4-4ef2-a01c-78362d6a4f65,"https://quod.lib.umich.edu/c/clark1ic/x-000887331/39015091195241|https://quod.lib.umich.edu/cgi/i/image/api/search/clark1ic:000887331|oai:quod.lib.umich.edu:IC-CLARK1IC-X-000887331%5D39015091195241|http://name.umdl.umich.edu/IC-CLARK1IC-X-000887331%5D39015091195241|https://quod.lib.umich.edu/cgi/i/image/api/thumb/clark1ic/000887331/39015091195241/!250,250|https://quod.lib.umich.edu/cgi/i/image/api/manifest/clark1ic:000887331:39015091195241|000887331; 61751a54-ebb4-4ef2-a01c-78362d6a4f65",2026-09-07T13:44:02.587034+00:00,existing
6193efb7-9da7-4386-91c5-c771910ed25d,"https://quod.lib.umich.edu/c/clark1ic/x-010349265/39015091191745_01|https://quod.lib.umich.edu/cgi/i/image/api/search/clark1ic:010349265|oai:quod.lib.umich.edu:IC-CLARK1IC-X-010349265%5D39015091191745_01|http://name.umdl.umich.edu/IC-CLARK1IC-X-010349265%5D39015091191745_01|https://quod.lib.umich.edu/cgi/i/image/api/thumb/clark1ic/010349265/39015091191745_01/!250,250|https://quod.lib.umich.edu/cgi/i/image/api/manifest/clark1ic:010349265:39015091191745_01|010349265; 6193efb7-9da7-4386-91c5-c771910ed25d|oai:quod.lib.umich.edu:IC-CLARK1IC-X-010349265%5D39015091191745_02|http://name.umdl.umich.edu/IC-CLARK1IC-X-010349265%5D39015091191745_02|https://quod.lib.umich.edu/cgi/i/image/api/thumb/clark1ic/010349265/39015091191745_02/!250,250|https://quod.lib.umich.edu/cgi/i/image/api/manifest/clark1ic:010349265:39015091191745_02",2026-09-07T13:44:02.587097+00:00,existing
61aa9f6c-9a07-477b-802e-78befd5e28a1,"https://quod.lib.umich.edu/c/clark1ic/x-013494760/39015091198252|https://quod.lib.umich.edu/cgi/i/image/api/search/clark1ic:013494760|oai:quod.lib.umich.edu:IC-CLARK1IC-X-013494760%5D39015091198252|http://name.umdl.umich.edu/IC-CLARK1IC-X-013494760%5D39015091198252|https://quod.lib.umich.edu/cgi/i/image/api/thumb/clark1ic/013494760/39015091198252/!250,250|https://quod.lib.umich.edu/cgi/i/image/api/manifest/clark1ic:013494760:39015091198252|013494760; 61aa9f6c-9a07-477b-802e-78befd5e28a1",2026-09-07T13:44:02.587142+00:00,existing
61f82b88-2f3a-4ea4-8fbc-373819aac641,"https://quod.lib.umich.edu/c/clark1ic/x-000081690/39015091910425|https://quod.lib.umich.edu/cgi/i/image/api/search/clark1ic:000081690|oai:quod.lib.umich.edu:IC-CLARK1IC-X-000081690%5D39015091910425|http://name.umdl.umich.edu/IC-CLARK1IC-X-000081690%5D39015091910425|https://quod.lib.umich.edu/cgi/i/image/api/thumb/clark1ic/000081690/39015091910425/!250,250|https://quod.lib.umich.edu/cgi/i/image/api/manifest/clark1ic:000081690:39015091910425|000081690; 61f82b88-2f3a-4ea4-8fbc-373819aac641",2026-09-07T13:44:02.587186+00:00,existing
62360cb7-84e6-4105-9840-1b54560a9c2c,"https://quod.lib.umich.edu/c/clark1ic/x-003279617/39015091185762|https://quod.lib.umich.edu/cgi/i/image/api/search/clark1ic:003279617|oai:quod.lib.umich.edu:IC-CLARK1IC-X-003279617%5D39015091185762|http://name.umdl.umich.edu/IC-CLARK1IC-X-003279617%5D39015091185762|https://quod.lib.umich.edu/cgi/i/image/api/thumb/clark1ic/003279617/39015091185762/!250,250|https://quod.lib.umich.edu/cgi/i/image/api/manifest/clark1ic:003279617:39015091185762|003279617; 62360cb7-84e6-4105-9840-1b54560a9c2c",2026-09-07T13:44:02.587231+00:00,existing
62909ea6-3206-4c35-a4b9-9b688ef2a630,"https://quod.lib.umich.edu/c/clark1ic/x-011266018/39015091186851|https://quod.lib.umich.edu/cgi/i/image/api/search/clark1ic:011266018|oai:quod.lib.umich.edu:IC-CLARK1IC-X-011266018%5D39015091186851|http://name.umdl.umich.edu/IC-CLARK1IC-X-011266018%5D39015091186851|https://quod.lib.umich.edu/cgi/i/image/api/thumb/clark1ic/011266018/39015091186851/!250,250|https://quod.lib.umich.edu/cgi/i/image/api/manifest/clark1ic:011266018:39015091186851|011266018; 62909ea6-3206-4c35-a4b9-9b688ef2a630|oai:quod.lib.umich.edu:IC-CLARK1IC-X-011266018%5D39015091187016|http://name.umdl.umich.edu/IC-CLARK1IC-X-011266018%5D39015091187016|https://quod.lib.umich.edu/cgi/i/image/api/thumb/clark1ic/011266018/39015091187016/!250,250|https://quod.lib.umich.edu/cgi/i/image/api/manifest/clark1ic:011266018:39015091187016|oai:quod.lib.umich.edu:IC-CLARK1IC-X-011266018%5D39015091187024|http://name.umdl.umich.edu/IC-CLARK1IC-X-011266018%5D39015091187024|https://quod.lib.umich.edu/cgi/i/image/api/thumb/clark1ic/011266018/39015091187024/!250,250|https://quod.lib.umich.edu/cgi/i/image/api/manifest/clark1ic:011266018:39015091187024|oai:quod.lib.umich.edu:IC-CLARK1IC-X-011266018%5D39015091187032|http://name.umdl.umich.edu/IC-CLARK1IC-X-011266018%5D39015091187032|https://quod.lib.umich.edu/cgi/i/image/api/thumb/clark1ic/011266018/39015091187032/!250,250|https://quod.lib.umich.edu/cgi/i/image/api/manifest/clark1ic:011266018:39015091187032|oai:quod.lib.umich.edu:IC-CLARK1IC-X-011266018%5D39015091187040|http://name.umdl.umich.edu/IC-CLARK1IC-X-011266018%5D39015091187040|https://quod.lib.umich.edu/cgi/i/image/api/thumb/clark1ic/011266018/39015091187040/!250,250|https://quod.lib.umich.edu/cgi/i/image/api/manifest/clark1ic:011266018:39015091187040|oai:quod.lib.umich.edu:IC-CLARK1IC-X-011266018%5D39015091187057|http://name.umdl.umich.edu/IC-CLARK1IC-X-011266018%5D39015091187057|https://quod.lib.umich.edu/cgi/i/image/api/thumb/clark1ic/011266018/39015091187057/!250,250|https://quod.lib.umich.edu/cgi/i/image/api/manifest/clark1ic:011266018:39015091187057",2026-09-07T13:44:02.587358+00:00,existing
62f0aba1-b893-4210-87be-79f605f54974,"https://quod.lib.umich.edu/c/clark1ic/x-003282759/39015091914179|https://quod.lib.umich.edu/cgi/i/image/api/search/clark1ic:003282759|oai:quod.lib.umich.edu:IC-CLARK1IC-X-003282759%5D39015091914179|http://name.umdl.umich.edu/IC-CLARK1IC-X-003282759%5D39015091914179|https://quod.lib.umich.edu/cgi/i/image/api/thumb/clark1ic/003282759/39015091914179/!250,250|https://quod.lib.umich.edu/cgi/i/image/api/manifest/clark1ic:003282759:39015091914179|003282759; 62f0aba1-b893-4210-87be-79f605f54974",2026-09-07T13:44:02.587403+00:00,existing
63e26a54-646c-47e8-af02-8b9c10de8f49,"https://quod.lib.umich.edu/c/clark1ic/x-003579551/39015091192206_01|https://quod.lib.umich.edu/cgi/i/image/api/search/clark1ic:003579551|oai:quod.lib.umich.edu:IC-CLARK1IC-X-003579551%5D39015091192206_01|http://name.umdl.umich.edu/IC-CLARK1IC-X-003579551%5D39015091192206_01|https://quod.lib.umich.edu/cgi/i/image/api/thumb/clark1ic/003579551/39015091192206_01/!250,250|https://quod.lib.umich.edu/cgi/i/image/api/manifest/clark1ic:003579551:39015091192206_01|003579551; 63e26a54-646c-47e8-af02-8b9c10de8f49|oai:quod.lib.umich.edu:IC-CLARK1IC-X-003579551%5D39015091192206_02|http://name.umdl.umich.edu/IC-CLARK1IC-X-003579551%5D39015091192206_02|https://quod.lib.umich.edu/cgi/i/image/api/thumb/clark1ic/003579551/39015091192206_02/!250,250|https://quod.lib.umich.edu/cgi/i/image/api/manifest/clark1ic:003579551:39015091192206_02",2026-09-07T13:44:02.587468+00:00,existing
63e55ff3-b143-44a8-8847-5ceaddcd7adb,"https://quod.lib.umich.edu/c/clark1ic/x-003843154/39015091916356|https://quod.lib.umich.edu/cgi/i/image/api/search/clark1ic:003843154|oai:quod.lib.umich.edu:IC-CLARK1IC-X-003843154%5D39015091916356|http://name.umdl.umich.edu/IC-CLARK1IC-X-003843154%5D39015091916356|https://quod.lib.umich.edu/cgi/i/image/api/thumb/clark1ic/003843154/39015091916356/!250,250|https://quod.lib.umich.edu/cgi/i/image/api/manifest/clark1ic:003843154:39015091916356|003843154; 63e55ff3-b143-44a8-8847-5ceaddcd7adb",2026-09-07T13:44:02.587952+00:00,existing
63e6b432-b268-4e40-96cd-b5320b48a676,"https://quod.lib.umich.edu/c/clark1ic/x-000080869/39015091905797_01|https://quod.lib.umich.edu/cgi/i/image/api/search/clark1ic:000080869|oai:quod.lib.umich.edu:IC-CLARK1IC-X-000080869%5D39015091905797_01|http://name.umdl.umich.edu/IC-CLARK1IC-X-000080869%5D39015091905797_01|https://quod.lib.umich.edu/cgi/i/image/api/thumb/clark1ic/000080869/39015091905797_01/!250,250|https://quod.lib.umich.edu/cgi/i/image/api/manifest/clark1ic:000080869:39015091905797_01|000080869; 63e6b432-b268-4e40-96cd-b5320b48a676|oai:quod.lib.umich.edu:IC-CLARK1IC-X-000080869%5D39015091905797_02|http://name.umdl.umich.edu/IC-CLARK1IC-X-000080869%5D39015091905797_02|https://quod.lib.umich.edu/cgi/i/image/api/thumb/clark1ic/000080869/39015091905797_02/!250,250|https://quod.lib.umich.edu/cgi/i/image/api/manifest/clark1ic:000080869:39015091905797_02",2026-09-07T13:44:02.588049+00:00,existing
64149ef6-f1d0-48e7-8c81-ed413f5a9d43,"https://quod.lib.umich.edu/c/clark1ic/x-003279585/39015091197817_01|https://quod.lib.umich.edu/cgi/i/image/api/search/clark1ic:003279585|oai:quod.lib.umich.edu:IC-CLARK1IC-X-003279585%5D39015091197817_01|http://name.umdl.umich.edu/IC-CLARK1IC-X-003279585%5D39015091197817_01|https://quod.lib.umich.edu/cgi/i/image/api/thumb/clark1ic/003279585/39015091197817_01/!250,250|https://quod.lib.umich.edu/cgi/i/image/api/manifest/clark1ic:003279585:39015091197817_01|003279585; 64149ef6-f1d0-48e7-8c81-ed413f5a9d43|oai:quod.lib.umich.edu:IC-CLARK1IC-X-003279585%5D39015091197817_02|http://name.umdl.umich.edu/IC-CLARK1IC-X-003279585%5D39015091197817_02|https://quod.lib.umich.edu/cgi/i/image/api/thumb/clark1ic/003279585/39015091197817_02/!250,250|https://quod.lib.umich.edu/cgi/i/image/api/manifest/clark1ic:003279585:39015091197817_02",2026-09-07T13:44:02.588116+00:00,existing
6424cb17-c8da-48b3-944d-2f5ce8cbab14,"https://quod.lib.umich.edu/c/clark1ic/x-000887854/39015091883572_01|https://quod.lib.umich.edu/cgi/i/image/api/search/clark1ic:000887854|oai:quod.lib.umich.edu:IC-CLARK1IC-X-000887854%5D39015091883572_01|http://name.umdl.umich.edu/IC-CLARK1IC-X-000887854%5D39015091883572_01|https://quod.lib.umich.edu/cgi/i/image/api/thumb/clark1ic/000887854/39015091883572_01/!250,250|https://quod.lib.umich.edu/cgi/i/image/api/manifest/clark1ic:000887854:39015091883572_01|000887854; 6424cb17-c8da-48b3-944d-2f5ce8cbab14|oai:quod.lib.umich.edu:IC-CLARK1IC-X-000887854%5D39015091883572_02|http://name.umdl.umich.edu/IC-CLARK1IC-X-000887854%5D39015091883572_02|https://quod.lib.umich.edu/cgi/i/image/api/thumb/clark1ic/000887854/39015091883572_02/!250,250|https://quod.lib.umich.edu/cgi/i/image/api/manifest/clark1ic:000887854:39015091883572_02",2026-09-07T13:44:02.588183+00:00,existing
6455f08d-d823-4c8f-8dc9-8b2e451b494c,"https://quod.lib.umich.edu/c/clark1ic/x-000081599/39015091195175|https://quod.lib.umich.edu/cgi/i/image/api/search/clark1ic:000081599|oai:quod.lib.umich.edu:IC-CLARK1IC-X-000081599%5D39015091195175|http://name.umdl.umich.edu/IC-CLARK1IC-X-000081599%5D39015091195175|https://quod.lib.umich.edu/cgi/i/image/api/thumb/clark1ic/000081599/39015091195175/!250,250|https://quod.lib.umich.edu/cgi/i/image/api/manifest/clark1ic:000081599:39015091195175|000081599; 6455f08d-d823-4c8f-8dc9-8b2e451b494c",2026-09-07T13:44:02.588230+00:00,existing
649baa90-599f-4fc0-89c9-eb557c50a5e5,"https://quod.lib.umich.edu/c/clark1ic/x-013915415/39015091898836_0001|https://quod.lib.umich.edu/cgi/i/image/api/search/clark1ic:013915415|oai:quod.lib.umich.edu:IC-CLARK1IC-X-013915415%5D39015091898836_0001|http://name.umdl.umich.edu/IC-CLARK1IC-X-013915415%5D39015091898836_0001|https://quod.lib.umich.edu/cgi/i/image/api/thumb/clark1ic/013915415/39015091898836_0001/!250,250|https://quod.lib.umich.edu/cgi/i/image/api/manifest/clark1ic:013915415:39015091898836_0001|013915415; 649baa90-599f-4fc0-89c9-eb557c50a5e5",2026-09-07T13:44:02.588278+00:00,existing
64b4e587-91e4-4b62-acc6-11e34b001674,"https://quod.lib.umich.edu/c/clark1ic/x-006492042/39015091897192|https://quod.lib.umich.edu/cgi/i/image/api/search/clark1ic:006492042|oai:quod.lib.umich.edu:IC-CLARK1IC-X-006492042%5D39015091897192|http://name.umdl.umich.edu/IC-CLARK1IC-X-006492042%5D39015091897192|https://quod.lib.umich.edu/cgi/i/image/api/thumb/clark1ic/006492042/39015091897192/!250,250|https://quod.lib.umich.edu/cgi/i/image/api/manifest/clark1ic:006492042:39015091897192|006492042; 64b4e587-91e4-4b62-acc6-11e34b001674",2026-09-07T13:44:02.588326+00:00,existing
64bf0950-2ee7-4bee-967d-6a65b421ba42,"https://quod.lib.umich.edu/c/clark1ic/x-000887464/39015091195258|https://quod.lib.umich.edu/cgi/i/image/api/search/clark1ic:000887464|oai:quod.lib.umich.edu:IC-CLARK1IC-X-000887464%5D39015091195258|http://name.umdl.umich.edu/IC-CLARK1IC-X-000887464%5D39015091195258|https://quod.lib.umich.edu/cgi/i/image/api/thumb/clark1ic/000887464/39015091195258/!250,250|https://quod.lib.umich.edu/cgi/i/image/api/manifest/clark1ic:000887464:39015091195258|000887464; 64bf0950-2ee7-4bee-967d-6a65b421ba42|oai:quod.lib.umich.edu:IC-CLARK1IC-X-000887464%5D39015091195274|http://name.umdl.umich.edu/IC-CLARK1IC-X-000887464%5D39015091195274|https://quod.lib.umich.edu/cgi/i/image/api/thumb/clark1ic/000887464/39015091195274/!250,250|https://quod.lib.umich.edu/cgi/i/image/api/manifest/clark1ic:000887464:39015091195274|oai:quod.lib.umich.edu:IC-CLARK1IC-X-000887464%5D39015091195282|http://name.umdl.umich.edu/IC-CLARK1IC-X-000887464%5D39015091195282|https://quod.lib.umich.edu/cgi/i/image/api/thumb/clark1ic/000887464/39015091195282/!250,250|https://quod.lib.umich.edu/cgi/i/image/api/manifest/clark1ic:000887464:39015091195282",2026-09-07T13:44:02.588415+00:00,existing
6515d6a4-74e7-4595-888b-69ceb69aaf6d,"https://quod.lib.umich.edu/c/clark1ic/x-004256897/39015091192198_01|https://quod.lib.umich.edu/cgi/i/image/api/search/clark1ic:004256897|oai:quod.lib.umich.edu:IC-CLARK1IC-X-004256897%5D39015091192198_01|http://name.umdl.umich.edu/IC-CLARK1IC-X-004256897%5D39015091192198_01|https://quod.lib.umich.edu/cgi/i/image/api/thumb/clark1ic/004256897/39015091192198_01/!250,250|https://quod.lib.umich.edu/cgi/i/image/api/manifest/clark1ic:004256897:39015091192198_01|004256897; 6515d6a4-74e7-4595-888b-69ceb69aaf6d|oai:quod.lib.umich.edu:IC-CLARK1IC-X-004256897%5D39015091192198_02|http://name.umdl.umich.edu/IC-CLARK1IC-X-004256897%5D39015091192198_02|https://quod.lib.umich.edu/cgi/i/image/api/thumb/clark1ic/004256897/39015091192198_02/!250,250|https://quod.lib.umich.edu/cgi/i/image/api/manifest/clark1ic:004256897:39015091192198_02",2026-09-07T13:44:02.588481+00:00,existing
6525483d-e10f-4782-bc1a-0421ee2b246e,"https://quod.lib.umich.edu/c/clark1ic/x-003282723/39015091916539|https://quod.lib.umich.edu/cgi/i/image/api/search/clark1ic:003282723|oai:quod.lib.umich.edu:IC-CLARK1IC-X-003282723%5D39015091916539|http://name.umdl.umich.edu/IC-CLARK1IC-X-003282723%5D39015091916539|https://quod.lib.umich.edu/cgi/i/image/api/thumb/clark1ic/003282723/39015091916539/!250,250|https://quod.lib.umich.edu/cgi/i/image/api/manifest/clark1ic:003282723:39015091916539|003282723; 6525483d-e10f-4782-bc1a-0421ee2b246e",2026-09-07T13:44:02.588528+00:00,existing
652c24a8-650c-453b-8ea9-2de9e5f48478,"https://quod.lib.umich.edu/c/clark1ic/x-004205231/39015091191760_01|https://quod.lib.umich.edu/cgi/i/image/api/search/clark1ic:004205231|oai:quod.lib.umich.edu:IC-CLARK1IC-X-004205231%5D39015091191760_01|http://name.umdl.umich.edu/IC-CLARK1IC-X-004205231%5D39015091191760_01|https://quod.lib.umich.edu/cgi/i/image/api/thumb/clark1ic/004205231/39015091191760_01/!250,250|https://quod.lib.umich.edu/cgi/i/image/api/manifest/clark1ic:004205231:39015091191760_01|004205231; 652c24a8-650c-453b-8ea9-2de9e5f48478",2026-09-07T13:44:02.588573+00:00,existing
65453732-3723-4020-980f-b26471d26ec4,"https://quod.lib.umich.edu/c/clark1ic/x-008859996/39015091185788|https://quod.lib.umich.edu/cgi/i/image/api/search/clark1ic:008859996|oai:quod.lib.umich.edu:IC-CLARK1IC-X-008859996%5D39015091185788|http://name.umdl.umich.edu/IC-CLARK1IC-X-008859996%5D39015091185788|https://quod.lib.umich.edu/cgi/i/image/api/thumb/clark1ic/008859996/39015091185788/!250,250|https://quod.lib.umich.edu/cgi/i/image/api/manifest/clark1ic:008859996:39015091185788|008859996; 65453732-3723-4020-980f-b26471d26ec4",2026-09-07T13:44:02.588623+00:00,existing
657354db-3fe2-4062-898d-91ec27e2386d,"https://quod.lib.umich.edu/c/clark1ic/x-002606716/39015091880057|https://quod.lib.umich.edu/cgi/i/image/api/search/clark1ic:002606716|oai:quod.lib.umich.edu:IC-CLARK1IC-X-002606716%5D39015091880057|http://name.umdl.umich.edu/IC-CLARK1IC-X-002606716%5D39015091880057|https://quod.lib.umich.edu/cgi/i/image/api/thumb/clark1ic/002606716/39015091880057/!250,250|https://quod.lib.umich.edu/cgi/i/image/api/manifest/clark1ic:002606716:39015091880057|002606716; 657354db-3fe2-4062-898d-91ec27e2386d",2026-09-07T13:44:02.588671+00:00,existing
65b2f594-0f99-4466-b919-6a9dad033429,"https://quod.lib.umich.edu/c/clark1ic/x-000932355/39015091196868|https://quod.lib.umich.edu/cgi/i/image/api/search/clark1ic:000932355|oai:quod.lib.umich.edu:IC-CLARK1IC-X-000932355%5D39015091196868|http://name.umdl.umich.edu/IC-CLARK1IC-X-000932355%5D39015091196868|https://quod.lib.umich.edu/cgi/i/image/api/thumb/clark1ic/000932355/39015091196868/!250,250|https://quod.lib.umich.edu/cgi/i/image/api/manifest/clark1ic:000932355:39015091196868|000932355; 65b2f594-0f99-4466-b919-6a9dad033429",2026-09-07T13:44:02.588719+00:00,existing
65f76e4c-0527-45d1-99b3-1132cfcfbebf,"https://quod.lib.umich.edu/c/clark1ic/x-005133619/39015091916612|https://quod.lib.umich.edu/cgi/i/image/api/search/clark1ic:005133619|oai:quod.lib.umich.edu:IC-CLARK1IC-X-005133619%5D39015091916612|http://name.umdl.umich.edu/IC-CLARK1IC-X-005133619%5D39015091916612|https://quod.lib.umich.edu/cgi/i/image/api/thumb/clark1ic/005133619/39015091916612/!250,250|https://quod.lib.umich.edu/cgi/i/image/api/manifest/clark1ic:005133619:39015091916612|005133619; 65f76e4c-0527-45d1-99b3-1132cfcfbebf",2026-09-07T13:44:02.588766+00:00,existing
65fcdf30-e588-440a-a31c-bb639fae3ca6,"https://quod.lib.umich.edu/c/clark1ic/x-005560376/39015091195621_0001|https://quod.lib.umich.edu/cgi/i/image/api/search/clark1ic:005560376|oai:quod.lib.umich.edu:IC-CLARK1IC-X-005560376%5D39015091195621_0001|http://name.umdl.umich.edu/IC-CLARK1IC-X-005560376%5D39015091195621_0001|https://quod.lib.umich.edu/cgi/i/image/api/thumb/clark1ic/005560376/39015091195621_0001/!250,250|https://quod.lib.umich.edu/cgi/i/image/api/manifest/clark1ic:005560376:39015091195621_0001|005560376; 65fcdf30-e588-440a-a31c-bb639fae3ca6",2026-09-07T13:44:02.588849+00:00,existing
65fd63fd-f92b-4702-8d2c-fa6bec53d2b0,"https://quod.lib.umich.edu/c/clark1ic/x-013533164/39015091897267|https://quod.lib.umich.edu/cgi/i/image/api/search/clark1ic:013533164|oai:quod.lib.umich.edu:IC-CLARK1IC-X-013533164%5D39015091897267|http://name.umdl.umich.edu/IC-CLARK1IC-X-013533164%5D39015091897267|https://quod.lib.umich.edu/cgi/i/image/api/thumb/clark1ic/013533164/39015091897267/!250,250|https://quod.lib.umich.edu/cgi/i/image/api/manifest/clark1ic:013533164:39015091897267|013533164; 65fd63fd-f92b-4702-8d2c-fa6bec53d2b0",2026-09-07T13:44:02.588900+00:00,existing
666aab51-16c6-4075-bdba-3c5f1202e073,"https://quod.lib.umich.edu/c/clark1ic/x-012484412/39015095390806|https://quod.lib.umich.edu/cgi/i/image/api/search/clark1ic:012484412|oai:quod.lib.umich.edu:IC-CLARK1IC-X-012484412%5D39015095390806|http://name.umdl.umich.edu/IC-CLARK1IC-X-012484412%5D39015095390806|https://quod.lib.umich.edu/cgi/i/image/api/thumb/clark1ic/012484412/39015095390806/!250,250|https://quod.lib.umich.edu/cgi/i/image/api/manifest/clark1ic:012484412:39015095390806|012484412; 666aab51-16c6-4075-bdba-3c5f1202e073",2026-09-07T13:44:02.588946+00:00,existing
6687d144-daf9-4436-9034-1e57222af619,"https://quod.lib.umich.edu/c/clark1ic/x-003280054/39015091185945|https://quod.lib.umich.edu/cgi/i/image/api/search/clark1ic:003280054|oai:quod.lib.umich.edu:IC-CLARK1IC-X-003280054%5D39015091185945|http://name.umdl.umich.edu/IC-CLARK1IC-X-003280054%5D39015091185945|https://quod.lib.umich.edu/cgi/i/image/api/thumb/clark1ic/003280054/39015091185945/!250,250|https://quod.lib.umich.edu/cgi/i/image/api/manifest/clark1ic:003280054:39015091185945|003280054; 6687d144-daf9-4436-9034-1e57222af619",2026-09-07T13:44:02.588992+00:00,existing
668f5beb-b888-4f91-8924-55f40d66a3d1,"https://quod.lib.umich.edu/c/clark1ic/x-012536293/39015091191588_01|https://quod.lib.umich.edu/cgi/i/image/api/search/clark1ic:012536293|oai:quod.lib.umich.edu:IC-CLARK1IC-X-012536293%5D39015091191588_01|http://name.umdl.umich.edu/IC-CLARK1IC-X-012536293%5D39015091191588_01|https://quod.lib.umich.edu/cgi/i/image/api/thumb/clark1ic/012536293/39015091191588_01/!250,250|https://quod.lib.umich.edu/cgi/i/image/api/manifest/clark1ic:012536293:39015091191588_01|012536293; 668f5beb-b888-4f91-8924-55f40d66a3d1|oai:quod.lib.umich.edu:IC-CLARK1IC-X-012536293%5D39015091191588_02|http://name.umdl.umich.edu/IC-CLARK1IC-X-012536293%5D39015091191588_02|https://quod.lib.umich.edu/cgi/i/image/api/thumb/clark1ic/012536293/39015091191588_02/!250,250|https://quod.lib.umich.edu/cgi/i/image/api/manifest/clark1ic:012536293:39015091191588_02",2026-09-07T13:44:02.589058+00:00,existing
66d09d01-5ddc-49a9-b1c5-8e8177b1f2a3,"https://quod.lib.umich.edu/c/clark1ic/x-003284851/39015091916687|https://quod.lib.umich.edu/cgi/i/image/api/search/clark1ic:003284851|oai:quod.lib.umich.edu:IC-CLARK1IC-X-003284851%5D39015091916687|http://name.umdl.umich.edu/IC-CLARK1IC-X-003284851%5D39015091916687|https://quod.lib.umich.edu/cgi/i/image/api/thumb/clark1ic/003284851/39015091916687/!250,250|https://quod.lib.umich.edu/cgi/i/image/api/manifest/clark1ic:003284851:39015091916687|003284851; 66d09d01-5ddc-49a9-b1c5-8e8177b1f2a3",2026-09-07T13:44:02.589106+00:00,existing
66e50797-702e-42c3-86a5-d506ce522fda,"https://quod.lib.umich.edu/c/clark1ic/x-002479395/39015091881162|https://quod.lib.umich.edu/cgi/i/image/api/search/clark1ic:002479395|oai:quod.lib.umich.edu:IC-CLARK1IC-X-002479395%5D39015091881162|http://name.umdl.umich.edu/IC-CLARK1IC-X-002479395%5D39015091881162|https://quod.lib.umich.edu/cgi/i/image/api/thumb/clark1ic/002479395/39015091881162/!250,250|https://quod.lib.umich.edu/cgi/i/image/api/manifest/clark1ic:002479395:39015091881162|002479395; 66e50797-702e-42c3-86a5-d506ce522fda",2026-09-07T13:44:02.589154+00:00,existing
675e8414-d575-41e8-bd5e-d69b783ea052,"https://quod.lib.umich.edu/c/clark1ic/x-002881150/39015091910433|https://quod.lib.umich.edu/cgi/i/image/api/search/clark1ic:002881150|oai:quod.lib.umich.edu:IC-CLARK1IC-X-002881150%5D39015091910433|http://name.umdl.umich.edu/IC-CLARK1IC-X-002881150%5D39015091910433|https://quod.lib.umich.edu/cgi/i/image/api/thumb/clark1ic/002881150/39015091910433/!250,250|https://quod.lib.umich.edu/cgi/i/image/api/manifest/clark1ic:002881150:39015091910433|002881150; 675e8414-d575-41e8-bd5e-d69b783ea052",2026-09-07T13:44:02.589201+00:00,existing
677b4207-a92f-4b96-8d10-ae7a3691cf78,"https://quod.lib.umich.edu/c/clark1ic/x-000080680/39015091899354|https://quod.lib.umich.edu/cgi/i/image/api/search/clark1ic:000080680|oai:quod.lib.umich.edu:IC-CLARK1IC-X-000080680%5D39015091899354|http://name.umdl.umich.edu/IC-CLARK1IC-X-000080680%5D39015091899354|https://quod.lib.umich.edu/cgi/i/image/api/thumb/clark1ic/000080680/39015091899354/!250,250|https://quod.lib.umich.edu/cgi/i/image/api/manifest/clark1ic:000080680:39015091899354|000080680; 677b4207-a92f-4b96-8d10-ae7a3691cf78",2026-09-07T13:44:02.589247+00:00,existing
67952e6c-0569-4791-b0e9-b115808a1f7d,"https://quod.lib.umich.edu/c/clark1ic/x-004280138/39015091197759|https://quod.lib.umich.edu/cgi/i/image/api/search/clark1ic:004280138|oai:quod.lib.umich.edu:IC-CLARK1IC-X-004280138%5D39015091197759|http://name.umdl.umich.edu/IC-CLARK1IC-X-004280138%5D39015091197759|https://quod.lib.umich.edu/cgi/i/image/api/thumb/clark1ic/004280138/39015091197759/!250,250|https://quod.lib.umich.edu/cgi/i/image/api/manifest/clark1ic:004280138:39015091197759|004280138; 67952e6c-0569-4791-b0e9-b115808a1f7d",2026-09-07T13:44:02.589296+00:00,existing
6798cdd6-cf05-4e35-984d-98d460623f67,"https://quod.lib.umich.edu/c/clark1ic/x-002454233/39015091883465|https://quod.lib.umich.edu/cgi/i/image/api/search/clark1ic:002454233|oai:quod.lib.umich.edu:IC-CLARK1IC-X-002454233%5D39015091883465|http://name.umdl.umich.edu/IC-CLARK1IC-X-002454233%5D39015091883465|https://quod.lib.umich.edu/cgi/i/image/api/thumb/clark1ic/002454233/39015091883465/!250,250|https://quod.lib.umich.edu/cgi/i/image/api/manifest/clark1ic:002454233:39015091883465|002454233; 6798cdd6-cf05-4e35-984d-98d460623f67",2026-09-07T13:44:02.589379+00:00,existing
67e98ae2-65d8-4cd6-847f-391ffc4d734f,"https://quod.lib.umich.edu/c/clark1ic/x-008500642/39015091910730|https://quod.lib.umich.edu/cgi/i/image/api/search/clark1ic:008500642|oai:quod.lib.umich.edu:IC-CLARK1IC-X-008500642%5D39015091910730|http://name.umdl.umich.edu/IC-CLARK1IC-X-008500642%5D39015091910730|https://quod.lib.umich.edu/cgi/i/image/api/thumb/clark1ic/008500642/39015091910730/!250,250|https://quod.lib.umich.edu/cgi/i/image/api/manifest/clark1ic:008500642:39015091910730|008500642; 67e98ae2-65d8-4cd6-847f-391ffc4d734f",2026-09-07T13:44:02.589436+00:00,existing
6801f497-f8b9-410e-a726-7e7878c8de88,"https://quod.lib.umich.edu/c/clark1ic/x-003283612/39015095416510|https://quod.lib.umich.edu/cgi/i/image/api/search/clark1ic:003283612|oai:quod.lib.umich.edu:IC-CLARK1IC-X-003283612%5D39015095416510|http://name.umdl.umich.edu/IC-CLARK1IC-X-003283612%5D39015095416510|https://quod.lib.umich.edu/cgi/i/image/api/thumb/clark1ic/003283612/39015095416510/!250,250|https://quod.lib.umich.edu/cgi/i/image/api/manifest/clark1ic:003283612:39015095416510|003283612; 6801f497-f8b9-410e-a726-7e7878c8de88",2026-09-07T13:44:02.589514+00:00,existing
68087b87-4b97-4d35-b8a9-6475fe9f347c,"https://quod.lib.umich.edu/c/clark1ic/x-010348269/39015091192065_01|https://quod.lib.umich.edu/cgi/i/image/api/search/clark1ic:010348269|oai:quod.lib.umich.edu:IC-CLARK1IC-X-010348269%5D39015091192065_01|http://name.umdl.umich.edu/IC-CLARK1IC-X-010348269%5D39015091192065_01|https://quod.lib.umich.edu/cgi/i/image/api/thumb/clark1ic/010348269/39015091192065_01/!250,250|https://quod.lib.umich.edu/cgi/i/image/api/manifest/clark1ic:010348269:39015091192065_01|010348269; 68087b87-4b97-4d35-b8a9-6475fe9f347c|oai:quod.lib.umich.edu:IC-CLARK1IC-X-010348269%5D39015091192065_02|http://name.umdl.umich.edu/IC-CLARK1IC-X-010348269%5D39015091192065_02|https://quod.lib.umich.edu/cgi/i/image/api/thumb/clark1ic/010348269/39015091192065_02/!250,250|https://quod.lib.umich.edu/cgi/i/image/api/manifest/clark1ic:010348269:39015091192065_02",2026-09-07T13:44:02.589592+00:00,existing
680d43d8-eb9c-41dc-9bee-ee8f665f5b1f,"https://quod.lib.umich.edu/c/clark1ic/x-006814646/39015091916638|https://quod.lib.umich.edu/cgi/i/image/api/search/clark1ic:006814646|oai:quod.lib.umich.edu:IC-CLARK1IC-X-006814646%5D39015091916638|http://name.umdl.umich.edu/IC-CLARK1IC-X-006814646%5D39015091916638|https://quod.lib.umich.edu/cgi/i/image/api/thumb/clark1ic/006814646/39015091916638/!250,250|https://quod.lib.umich.edu/cgi/i/image/api/manifest/clark1ic:006814646:39015091916638|006814646; 680d43d8-eb9c-41dc-9bee-ee8f665f5b1f",2026-09-07T13:44:02.589652+00:00,existing
68133e4b-9690-4ccf-996c-70981da16061,"https://quod.lib.umich.edu/c/clark1ic/x-003111039/39015091921281_01|https://quod.lib.umich.edu/cgi/i/image/api/search/clark1ic:003111039|oai:quod.lib.umich.edu:IC-CLARK1IC-X-003111039%5D39015091921281_01|http://name.umdl.umich.edu/IC-CLARK1IC-X-003111039%5D39015091921281_01|https://quod.lib.umich.edu/cgi/i/image/api/thumb/clark1ic/003111039/39015091921281_01/!250,250|https://quod.lib.umich.edu/cgi/i/image/api/manifest/clark1ic:003111039:39015091921281_01|003111039; 68133e4b-9690-4ccf-996c-70981da16061|oai:quod.lib.umich.edu:IC-CLARK1IC-X-003111039%5D39015091921281_02|http://name.umdl.umich.edu/IC-CLARK1IC-X-003111039%5D39015091921281_02|https://quod.lib.umich.edu/cgi/i/image/api/thumb/clark1ic/003111039/39015091921281_02/!250,250|https://quod.lib.umich.edu/cgi/i/image/api/manifest/clark1ic:003111039:39015091921281_02|oai:quod.lib.umich.edu:IC-CLARK1IC-X-003111039%5D39015091921281_03|http://name.umdl.umich.edu/IC-CLARK1IC-X-003111039%5D39015091921281_03|https://quod.lib.umich.edu/cgi/i/image/api/thumb/clark1ic/003111039/39015091921281_03/!250,250|https://quod.lib.umich.edu/cgi/i/image/api/manifest/clark1ic:003111039:39015091921281_03|oai:quod.lib.umich.edu:IC-CLARK1IC-X-003111039%5D39015091921281_04|http://name.umdl.umich.edu/IC-CLARK1IC-X-003111039%5D39015091921281_04|https://quod.lib.umich.edu/cgi/i/image/api/thumb/clark1ic/003111039/39015091921281_04/!250,250|https://quod.lib.umich.edu/cgi/i/image/api/manifest/clark1ic:003111039:39015091921281_04|oai:quod.lib.umich.edu:IC-CLARK1IC-X-003111039%5D39015091921281_05|http://name.umdl.umich.edu/IC-CLARK1IC-X-003111039%5D39015091921281_05|https://quod.lib.umich.edu/cgi/i/image/api/thumb/clark1ic/003111039/39015091921281_05/!250,250|https://quod.lib.umich.edu/cgi/i/image/api/manifest/clark1ic:003111039:39015091921281_05",2026-09-07T13:44:02.589801+00:00,existing
68634fa4-d120-4827-a099-de83d2838cee,"https://quod.lib.umich.edu/c/clark1ic/x-000889505/39015091196801|https://quod.lib.umich.edu/cgi/i/image/api/search/clark1ic:000889505|oai:quod.lib.umich.edu:IC-CLARK1IC-X-000889505%5D39015091196801|http://name.umdl.umich.edu/IC-CLARK1IC-X-000889505%5D39015091196801|https://quod.lib.umich.edu/cgi/i/image/api/thumb/clark1ic/000889505/39015091196801/!250,250|https://quod.lib.umich.edu/cgi/i/image/api/manifest/clark1ic:000889505:39015091196801|000889505; 68634fa4-d120-4827-a099-de83d2838cee",2026-09-07T13:44:02.589854+00:00,existing
68906b95-1300-4071-917b-759698242749,"https://quod.lib.umich.edu/c/clark1ic/x-000862196/39015091903818_01|https://quod.lib.umich.edu/cgi/i/image/api/search/clark1ic:000862196|oai:quod.lib.umich.edu:IC-CLARK1IC-X-000862196%5D39015091903818_01|http://name.umdl.umich.edu/IC-CLARK1IC-X-000862196%5D39015091903818_01|https://quod.lib.umich.edu/cgi/i/image/api/thumb/clark1ic/000862196/39015091903818_01/!250,250|https://quod.lib.umich.edu/cgi/i/image/api/manifest/clark1ic:000862196:39015091903818_01|000862196; 68906b95-1300-4071-917b-759698242749|oai:quod.lib.umich.edu:IC-CLARK1IC-X-000862196%5D39015091903818_02|http://name.umdl.umich.edu/IC-CLARK1IC-X-000862196%5D39015091903818_02|https://quod.lib.umich.edu/cgi/i/image/api/thumb/clark1ic/000862196/39015091903818_02/!250,250|https://quod.lib.umich.edu/cgi/i/image/api/manifest/clark1ic:000862196:39015091903818_02",2026-09-07T13:44:02.589937+00:00,existing
68a943a6-e332-4e9e-b3dd-9cbc34453f34,"https://quod.lib.umich.edu/c/clark1ic/x-003279964/39015091916448_01|https://quod.lib.umich.edu/cgi/i/image/api/search/clark1ic:003279964|oai:quod.lib.umich.edu:IC-CLARK1IC-X-003279964%5D39015091916448_01|http://name.umdl.umich.edu/IC-CLARK1IC-X-003279964%5D39015091916448_01|https://quod.lib.umich.edu/cgi/i/image/api/thumb/clark1ic/003279964/39015091916448_01/!250,250|https://quod.lib.umich.edu/cgi/i/image/api/manifest/clark1ic:003279964:39015091916448_01|003279964; 68a943a6-e332-4e9e-b3dd-9cbc34453f34|oai:quod.lib.umich.edu:IC-CLARK1IC-X-003279964%5D39015091916448_02|http://name.umdl.umich.edu/IC-CLARK1IC-X-003279964%5D39015091916448_02|https://quod.lib.umich.edu/cgi/i/image/api/thumb/clark1ic/003279964/39015091916448_02/!250,250|https://quod.lib.umich.edu/cgi/i/image/api/manifest/clark1ic:003279964:39015091916448_02",2026-09-07T13:44:02.590010+00:00,existing
68c0a0be-6821-4478-9654-c0fc4a5f3a25,"https://quod.lib.umich.edu/c/clark1ic/x-003109825/39015091921158_01|https://quod.lib.umich.edu/cgi/i/image/api/search/clark1ic:003109825|oai:quod.lib.umich.edu:IC-CLARK1IC-X-003109825%5D39015091921158_01|http://name.umdl.umich.edu/IC-CLARK1IC-X-003109825%5D39015091921158_01|https://quod.lib.umich.edu/cgi/i/image/api/thumb/clark1ic/003109825/39015091921158_01/!250,250|https://quod.lib.umich.edu/cgi/i/image/api/manifest/clark1ic:003109825:39015091921158_01|003109825; 68c0a0be-6821-4478-9654-c0fc4a5f3a25|oai:quod.lib.umich.edu:IC-CLARK1IC-X-003109825%5D39015091921158_02|http://name.umdl.umich.edu/IC-CLARK1IC-X-003109825%5D39015091921158_02|https://quod.lib.umich.edu/cgi/i/image/api/thumb/clark1ic/003109825/39015091921158_02/!250,250|https://quod.lib.umich.edu/cgi/i/image/api/manifest/clark1ic:003109825:39015091921158_02|oai:quod.lib.umich.edu:IC-CLARK1IC-X-003109825%5D39015091921158_03|http://name.umdl.umich.edu/IC-CLARK1IC-X-003109825%5D39015091921158_03|https://quod.lib.umich.edu/cgi/i/image/api/thumb/clark1ic/003109825/39015091921158_03/!250,250|https://quod.lib.umich.edu/cgi/i/image/api/manifest/clark1ic:003109825:39015091921158_03",2026-09-07T13:44:02.590091+00:00,existing
68d032c8-4c70-4c52-8c31-d83aaece82e6,"https://quod.lib.umich.edu/c/clark1ic/x-010016200/39015091195571|https://quod.lib.umich.edu/cgi/i/image/api/search/clark1ic:010016200|oai:quod.lib.umich.edu:IC-CLARK1IC-X-010016200%5D39015091195571|http://name.umdl.umich.edu/IC-CLARK1IC-X-010016200%5D39015091195571|https://quod.lib.umich.edu/cgi/i/image/api/thumb/clark1ic/010016200/39015091195571/!250,250|https://quod.lib.umich.edu/cgi/i/image/api/manifest/clark1ic:010016200:39015091195571|010016200; 68d032c8-4c70-4c52-8c31-d83aaece82e6",2026-09-07T13:44:02.590139+00:00,existing
68f5c8f4-7f72-41b0-af07-72799b37d36c,"https://quod.lib.umich.edu/c/clark1ic/x-003289460/39015091196777|https://quod.lib.umich.edu/cgi/i/image/api/search/clark1ic:003289460|oai:quod.lib.umich.edu:IC-CLARK1IC-X-003289460%5D39015091196777|http://name.umdl.umich.edu/IC-CLARK1IC-X-003289460%5D39015091196777|https://quod.lib.umich.edu/cgi/i/image/api/thumb/clark1ic/003289460/39015091196777/!250,250|https://quod.lib.umich.edu/cgi/i/image/api/manifest/clark1ic:003289460:39015091196777|003289460; 68f5c8f4-7f72-41b0-af07-72799b37d36c",2026-09-07T13:44:02.590194+00:00,existing
69378872-035c-4010-9a59-67e54848b47c,"https://quod.lib.umich.edu/c/clark1ic/x-000932471/39015091921372_01|https://quod.lib.umich.edu/cgi/i/image/api/search/clark1ic:000932471|oai:quod.lib.umich.edu:IC-CLARK1IC-X-000932471%5D39015091920598_02|http://name.umdl.umich.edu/IC-CLARK1IC-X-000932471%5D39015091920598_02|https://quod.lib.umich.edu/cgi/i/image/api/thumb/clark1ic/000932471/39015091920598_02/!250,250|https://quod.lib.umich.edu/cgi/i/image/api/manifest/clark1ic:000932471:39015091920598_02|000932471; 69378872-035c-4010-9a59-67e54848b47c|oai:quod.lib.umich.edu:IC-CLARK1IC-X-000932471%5D39015091921372_01|http://name.umdl.umich.edu/IC-CLARK1IC-X-000932471%5D39015091921372_01|https://quod.lib.umich.edu/cgi/i/image/api/thumb/clark1ic/000932471/39015091921372_01/!250,250|https://quod.lib.umich.edu/cgi/i/image/api/manifest/clark1ic:000932471:39015091921372_01|oai:quod.lib.umich.edu:IC-CLARK1IC-X-000932471%5D39015091921372_02|http://name.umdl.umich.edu/IC-CLARK1IC-X-000932471%5D39015091921372_02|https://quod.lib.umich.edu/cgi/i/image/api/thumb/clark1ic/000932471/39015091921372_02/!250,250|https://quod.lib.umich.edu/cgi/i/image/api/manifest/clark1ic:000932471:39015091921372_02",2026-09-07T13:44:02.590276+00:00,existing
6967492e-00a7-4d54-bbfb-bba510b6c163,"https://quod.lib.umich.edu/c/clark1ic/x-007933378/39015091197114|https://quod.lib.umich.edu/cgi/i/image/api/search/clark1ic:007933378|oai:quod.lib.umich.edu:IC-CLARK1IC-X-007933378%5D39015091197114|http://name.umdl.umich.edu/IC-CLARK1IC-X-007933378%5D39015091197114|https://quod.lib.umich.edu/cgi/i/image/api/thumb/clark1ic/007933378/39015091197114/!250,250|https://quod.lib.umich.edu/cgi/i/image/api/manifest/clark1ic:007933378:39015091197114|007933378; 6967492e-00a7-4d54-bbfb-bba510b6c163",2026-09-07T13:44:02.590323+00:00,existing
69e3d99c-e8ed-490e-bbd4-768e4ee1f90b,"https://quod.lib.umich.edu/c/clark1ic/x-000077415/39015091195092|https://quod.lib.umich.edu/cgi/i/image/api/search/clark1ic:000077415|oai:quod.lib.umich.edu:IC-CLARK1IC-X-000077415%5D39015091195092|http://name.umdl.umich.edu/IC-CLARK1IC-X-000077415%5D39015091195092|https://quod.lib.umich.edu/cgi/i/image/api/thumb/clark1ic/000077415/39015091195092/!250,250|https://quod.lib.umich.edu/cgi/i/image/api/manifest/clark1ic:000077415:39015091195092|000077415; 69e3d99c-e8ed-490e-bbd4-768e4ee1f90b",2026-09-07T13:44:02.590370+00:00,existing
6a1c31c9-d82f-4314-82d6-0704157e5a4b,"https://quod.lib.umich.edu/c/clark1ic/x-013014050/39015095413020_01|https://quod.lib.umich.edu/cgi/i/image/api/search/clark1ic:013014050|oai:quod.lib.umich.edu:IC-CLARK1IC-X-013014050%5D39015095413020_01|http://name.umdl.umich.edu/IC-CLARK1IC-X-013014050%5D39015095413020_01|https://quod.lib.umich.edu/cgi/i/image/api/thumb/clark1ic/013014050/39015095413020_01/!250,250|https://quod.lib.umich.edu/cgi/i/image/api/manifest/clark1ic:013014050:39015095413020_01|013014050; 6a1c31c9-d82f-4314-82d6-0704157e5a4b|oai:quod.lib.umich.edu:IC-CLARK1IC-X-013014050%5D39015095413020_02|http://name.umdl.umich.edu/IC-CLARK1IC-X-013014050%5D39015095413020_02|https://quod.lib.umich.edu/cgi/i/image/api/thumb/clark1ic/013014050/39015095413020_02/!250,250|https://quod.lib.umich.edu/cgi/i/image/api/manifest/clark1ic:013014050:39015095413020_02",2026-09-07T13:44:02.590447+00:00,existing
6a901840-fd41-40fe-91d6-3b428363dc69,"https://quod.lib.umich.edu/c/clark1ic/x-010348286/39015091192016_01|https://quod.lib.umich.edu/cgi/i/image/api/search/clark1ic:010348286|oai:quod.lib.umich.edu:IC-CLARK1IC-X-010348286%5D39015091192016_01|http://name.umdl.umich.edu/IC-CLARK1IC-X-010348286%5D39015091192016_01|https://quod.lib.umich.edu/cgi/i/image/api/thumb/clark1ic/010348286/39015091192016_01/!250,250|https://quod.lib.umich.edu/cgi/i/image/api/manifest/clark1ic:010348286:39015091192016_01|010348286; 6a901840-fd41-40fe-91d6-3b428363dc69|oai:quod.lib.umich.edu:IC-CLARK1IC-X-010348286%5D39015091192016_02|http://name.umdl.umich.edu/IC-CLARK1IC-X-010348286%5D39015091192016_02|https://quod.lib.umich.edu/cgi/i/image/api/thumb/clark1ic/010348286/39015091192016_02/!250,250|https://quod.lib.umich.edu/cgi/i/image/api/manifest/clark1ic:010348286:39015091192016_02",2026-09-07T13:44:02.590513+00:00,existing
6a9428e0-a285-48c6-bc72-7a3ea247724d,"https://quod.lib.umich.edu/c/clark1ic/x-000887418/39015091198054_01|https://quod.lib.umich.edu/cgi/i/image/api/search/clark1ic:000887418|oai:quod.lib.umich.edu:IC-CLARK1IC-X-000887418%5D39015091198054_01|http://name.umdl.umich.edu/IC-CLARK1IC-X-000887418%5D39015091198054_01|https://quod.lib.umich.edu/cgi/i/image/api/thumb/clark1ic/000887418/39015091198054_01/!250,250|https://quod.lib.umich.edu/cgi/i/image/api/manifest/clark1ic:000887418:39015091198054_01|000887418; 6a9428e0-a285-48c6-bc72-7a3ea247724d|oai:quod.lib.umich.edu:IC-CLARK1IC-X-000887418%5D39015091198054_02|http://name.umdl.umich.edu/IC-CLARK1IC-X-000887418%5D39015091198054_02|https://quod.lib.umich.edu/cgi/i/image/api/thumb/clark1ic/000887418/39015091198054_02/!250,250|https://quod.lib.umich.edu/cgi/i/image/api/manifest/clark1ic:000887418:39015091198054_02",2026-09-07T13:44:02.590578+00:00,existing
6af7a7a2-3631-46fc-bf6f-4994d1640752,"https://quod.lib.umich.edu/c/clark1ic/x-013647654/39015091194970|https://quod.lib.umich.edu/cgi/i/image/api/search/clark1ic:013647654|oai:quod.lib.umich.edu:IC-CLARK1IC-X-013647654%5D39015091194970|http://name.umdl.umich.edu/IC-CLARK1IC-X-013647654%5D39015091194970|https://quod.lib.umich.edu/cgi/i/image/api/thumb/clark1ic/013647654/39015091194970/!250,250|https://quod.lib.umich.edu/cgi/i/image/api/manifest/clark1ic:013647654:39015091194970|013647654; 6af7a7a2-3631-46fc-bf6f-4994d1640752",2026-09-07T13:44:02.590626+00:00,existing
6b01b941-2b4c-4035-ad2c-e238c15eff10,"https://quod.lib.umich.edu/c/clark1ic/x-002457628/39015091193147_01|https://quod.lib.umich.edu/cgi/i/image/api/search/clark1ic:002457628|oai:quod.lib.umich.edu:IC-CLARK1IC-X-002457628%5D39015091193147_01|http://name.umdl.umich.edu/IC-CLARK1IC-X-002457628%5D39015091193147_01|https://quod.lib.umich.edu/cgi/i/image/api/thumb/clark1ic/002457628/39015091193147_01/!250,250|https://quod.lib.umich.edu/cgi/i/image/api/manifest/clark1ic:002457628:39015091193147_01|002457628; 6b01b941-2b4c-4035-ad2c-e238c15eff10|oai:quod.lib.umich.edu:IC-CLARK1IC-X-002457628%5D39015091193147_02|http://name.umdl.umich.edu/IC-CLARK1IC-X-002457628%5D39015091193147_02|https://quod.lib.umich.edu/cgi/i/image/api/thumb/clark1ic/002457628/39015091193147_02/!250,250|https://quod.lib.umich.edu/cgi/i/image/api/manifest/clark1ic:002457628:39015091193147_02",2026-09-07T13:44:02.590692+00:00,existing
6b2404bd-0c4c-4119-9e8b-9b1eb86d6800,"https://quod.lib.umich.edu/c/clark1ic/x-003286483/39015091196876|https://quod.lib.umich.edu/cgi/i/image/api/search/clark1ic:003286483|oai:quod.lib.umich.edu:IC-CLARK1IC-X-003286483%5D39015091196876|http://name.umdl.umich.edu/IC-CLARK1IC-X-003286483%5D39015091196876|https://quod.lib.umich.edu/cgi/i/image/api/thumb/clark1ic/003286483/39015091196876/!250,250|https://quod.lib.umich.edu/cgi/i/image/api/manifest/clark1ic:003286483:39015091196876|003286483; 6b2404bd-0c4c-4119-9e8b-9b1eb86d6800",2026-09-07T13:44:02.590741+00:00,existing
6b25b7d1-fbf9-478f-a22a-f3578f313f52,"https://quod.lib.umich.edu/c/clark1ic/x-000076641/39015091198492|https://quod.lib.umich.edu/cgi/i/image/api/search/clark1ic:000076641|oai:quod.lib.umich.edu:IC-CLARK1IC-X-000076641%5D39015091198492|http://name.umdl.umich.edu/IC-CLARK1IC-X-000076641%5D39015091198492|https://quod.lib.umich.edu/cgi/i/image/api/thumb/clark1ic/000076641/39015091198492/!250,250|https://quod.lib.umich.edu/cgi/i/image/api/manifest/clark1ic:000076641:39015091198492|000076641; 6b25b7d1-fbf9-478f-a22a-f3578f313f52",2026-09-07T13:44:02.590789+00:00,existing
6b9ae777-880f-443c-84fe-e72d6e1e7ffb,"https://quod.lib.umich.edu/c/clark1ic/x-003101174/39015091921679_01|https://quod.lib.umich.edu/cgi/i/image/api/search/clark1ic:003101174|oai:quod.lib.umich.edu:IC-CLARK1IC-X-003101174%5D39015091921679_01|http://name.umdl.umich.edu/IC-CLARK1IC-X-003101174%5D39015091921679_01|https://quod.lib.umich.edu/cgi/i/image/api/thumb/clark1ic/003101174/39015091921679_01/!250,250|https://quod.lib.umich.edu/cgi/i/image/api/manifest/clark1ic:003101174:39015091921679_01|003101174; 6b9ae777-880f-443c-84fe-e72d6e1e7ffb|oai:quod.lib.umich.edu:IC-CLARK1IC-X-003101174%5D39015091921679_02|http://name.umdl.umich.edu/IC-CLARK1IC-X-003101174%5D39015091921679_02|https://quod.lib.umich.edu/cgi/i/image/api/thumb/clark1ic/003101174/39015091921679_02/!250,250|https://quod.lib.umich.edu/cgi/i/image/api/manifest/clark1ic:003101174:39015091921679_02",2026-09-07T13:44:02.590854+00:00,existing
6bf7486e-2dc8-4093-aa8e-1b695f2172d1,"https://quod.lib.umich.edu/c/clark1ic/x-003282604/39015091197544|https://quod.lib.umich.edu/cgi/i/image/api/search/clark1ic:003282604|oai:quod.lib.umich.edu:IC-CLARK1IC-X-003282604%5D39015091197544|http://name.umdl.umich.edu/IC-CLARK1IC-X-003282604%5D39015091197544|https://quod.lib.umich.edu/cgi/i/image/api/thumb/clark1ic/003282604/39015091197544/!250,250|https://quod.lib.umich.edu/cgi/i/image/api/manifest/clark1ic:003282604:39015091197544|003282604; 6bf7486e-2dc8-4093-aa8e-1b695f2172d1",2026-09-07T13:44:02.591029+00:00,existing
6c4f0f73-1225-4c1f-9b78-f646162ef408,"https://quod.lib.umich.edu/c/clark1ic/x-003280917/39015091916133|https://quod.lib.umich.edu/cgi/i/image/api/search/clark1ic:003280917|oai:quod.lib.umich.edu:IC-CLARK1IC-X-003280917%5D39015091916133|http://name.umdl.umich.edu/IC-CLARK1IC-X-003280917%5D39015091916133|https://quod.lib.umich.edu/cgi/i/image/api/thumb/clark1ic/003280917/39015091916133/!250,250|https://quod.lib.umich.edu/cgi/i/image/api/manifest/clark1ic:003280917:39015091916133|003280917; 6c4f0f73-1225-4c1f-9b78-f646162ef408",2026-09-07T13:44:02.591143+00:00,existing
6c773239-9bbf-4b6a-b3b2-d2018197ba66,"https://quod.lib.umich.edu/c/clark1ic/x-012522321/39015095391192_01|https://quod.lib.umich.edu/cgi/i/image/api/search/clark1ic:012522321|oai:quod.lib.umich.edu:IC-CLARK1IC-X-012522321%5D39015095391192_01|http://name.umdl.umich.edu/IC-CLARK1IC-X-012522321%5D39015095391192_01|https://quod.lib.umich.edu/cgi/i/image/api/thumb/clark1ic/012522321/39015095391192_01/!250,250|https://quod.lib.umich.edu/cgi/i/image/api/manifest/clark1ic:012522321:39015095391192_01|012522321; 6c773239-9bbf-4b6a-b3b2-d2018197ba66|oai:quod.lib.umich.edu:IC-CLARK1IC-X-012522321%5D39015095391192_02|http://name.umdl.umich.edu/IC-CLARK1IC-X-012522321%5D39015095391192_02|https://quod.lib.umich.edu/cgi/i/image/api/thumb/clark1ic/012522321/39015095391192_02/!250,250|https://quod.lib.umich.edu/cgi/i/image/api/manifest/clark1ic:012522321:39015095391192_02|oai:quod.lib.umich.edu:IC-CLARK1IC-X-012522321%5D39015095391200_01|http://name.umdl.umich.edu/IC-CLARK1IC-X-012522321%5D39015095391200_01|https://quod.lib.umich.edu/cgi/i/image/api/thumb/clark1ic/012522321/39015095391200_01/!250,250|https://quod.lib.umich.edu/cgi/i/image/api/manifest/clark1ic:012522321:39015095391200_01|oai:quod.lib.umich.edu:IC-CLARK1IC-X-012522321%5D39015095391200_02|http://name.umdl.umich.edu/IC-CLARK1IC-X-012522321%5D39015095391200_02|https://quod.lib.umich.edu/cgi/i/image/api/thumb/clark1ic/012522321/39015095391200_02/!250,250|https://quod.lib.umich.edu/cgi/i/image/api/manifest/clark1ic:012522321:39015095391200_02",2026-09-07T13:44:02.591301+00:00,existing
6c8169ce-8fe6-432c-ac4e-23c982999513,"https://quod.lib.umich.edu/c/clark1ic/x-003281494/39015091915887|https://quod.lib.umich.edu/cgi/i/image/api/search/clark1ic:003281494|oai:quod.lib.umich.edu:IC-CLARK1IC-X-003281494%5D39015091915887|http://name.umdl.umich.edu/IC-CLARK1IC-X-003281494%5D39015091915887|https://quod.lib.umich.edu/cgi/i/image/api/thumb/clark1ic/003281494/39015091915887/!250,250|https://quod.lib.umich.edu/cgi/i/image/api/manifest/clark1ic:003281494:39015091915887|003281494; 6c8169ce-8fe6-432c-ac4e-23c982999513",2026-09-07T13:44:02.591486+00:00,existing
6daaafcc-dca3-4e1d-b1e3-bda4c6ffffd8,"https://quod.lib.umich.edu/c/clark1ic/x-000889508/39015091903677|https://quod.lib.umich.edu/cgi/i/image/api/search/clark1ic:000889508|oai:quod.lib.umich.edu:IC-CLARK1IC-X-000889508%5D39015091903677|http://name.umdl.umich.edu/IC-CLARK1IC-X-000889508%5D39015091903677|https://quod.lib.umich.edu/cgi/i/image/api/thumb/clark1ic/000889508/39015091903677/!250,250|https://quod.lib.umich.edu/cgi/i/image/api/manifest/clark1ic:000889508:39015091903677|000889508; 6daaafcc-dca3-4e1d-b1e3-bda4c6ffffd8",2026-09-07T13:44:02.591661+00:00,existing
6e21206c-c681-4ac6-b261-84f6f3ecd5e2,"https://quod.lib.umich.edu/c/clark1ic/x-005143913/39015091183528|https://quod.lib.umich.edu/cgi/i/image/api/search/clark1ic:005143913|oai:quod.lib.umich.edu:IC-CLARK1IC-X-005143913%5D39015091183528|http://name.umdl.umich.edu/IC-CLARK1IC-X-005143913%5D39015091183528|https://quod.lib.umich.edu/cgi/i/image/api/thumb/clark1ic/005143913/39015091183528/!250,250|https://quod.lib.umich.edu/cgi/i/image/api/manifest/clark1ic:005143913:39015091183528|005143913; 6e21206c-c681-4ac6-b261-84f6f3ecd5e2",2026-09-07T13:44:02.591901+00:00,existing
6e238992-730c-466c-85d2-d831bfd43936,"https://quod.lib.umich.edu/c/clark1ic/x-005666662/39015049959805|https://quod.lib.umich.edu/cgi/i/image/api/search/clark1ic:005666662|oai:quod.lib.umich.edu:IC-CLARK1IC-X-005666662%5D39015049959805|http://name.umdl.umich.edu/IC-CLARK1IC-X-005666662%5D39015049959805|https://quod.lib.umich.edu/cgi/i/image/api/thumb/clark1ic/005666662/39015049959805/!250,250|https://quod.lib.umich.edu/cgi/i/image/api/manifest/clark1ic:005666662:39015049959805|005666662; 6e238992-730c-466c-85d2-d831bfd43936",2026-09-07T13:44:02.591948+00:00,existing
6e3e12f1-2442-4426-9de1-14b67adc273a,"https://quod.lib.umich.edu/c/clark1ic/x-013662149/39015091881006|https://quod.lib.umich.edu/cgi/i/image/api/search/clark1ic:013662149|oai:quod.lib.umich.edu:IC-CLARK1IC-X-013662149%5D39015091881006|http://name.umdl.umich.edu/IC-CLARK1IC-X-013662149%5D39015091881006|https://quod.lib.umich.edu/cgi/i/image/api/thumb/clark1ic/013662149/39015091881006/!250,250|https://quod.lib.umich.edu/cgi/i/image/api/manifest/clark1ic:013662149:39015091881006|013662149; 6e3e12f1-2442-4426-9de1-14b67adc273a",2026-09-07T13:44:02.591987+00:00,existing
6e8945ec-15c0-44b5-a127-2544b8ab56c1,"https://quod.lib.umich.edu/c/clark1ic/x-003280000/39015091194798_01|https://quod.lib.umich.edu/cgi/i/image/api/search/clark1ic:003280000|oai:quod.lib.umich.edu:IC-CLARK1IC-X-003280000%5D39015091194798_01|http://name.umdl.umich.edu/IC-CLARK1IC-X-003280000%5D39015091194798_01|https://quod.lib.umich.edu/cgi/i/image/api/thumb/clark1ic/003280000/39015091194798_01/!250,250|https://quod.lib.umich.edu/cgi/i/image/api/manifest/clark1ic:003280000:39015091194798_01|003280000; 6e8945ec-15c0-44b5-a127-2544b8ab56c1|oai:quod.lib.umich.edu:IC-CLARK1IC-X-003280000%5D39015091194798_02|http://name.umdl.umich.edu/IC-CLARK1IC-X-003280000%5D39015091194798_02|https://quod.lib.umich.edu/cgi/i/image/api/thumb/clark1ic/003280000/39015091194798_02/!250,250|https://quod.lib.umich.edu/cgi/i/image/api/manifest/clark1ic:003280000:39015091194798_02",2026-09-07T13:44:02.592043+00:00,existing
6ef635af-b15e-4322-8256-30a0d82a8502,"https://quod.lib.umich.edu/c/clark1ic/x-007486836/39015091183635|https://quod.lib.umich.edu/cgi/i/image/api/search/clark1ic:007486836|oai:quod.lib.umich.edu:IC-CLARK1IC-X-007486836%5D39015091183635|http://name.umdl.umich.edu/IC-CLARK1IC-X-007486836%5D39015091183635|https://quod.lib.umich.edu/cgi/i/image/api/thumb/clark1ic/007486836/39015091183635/!250,250|https://quod.lib.umich.edu/cgi/i/image/api/manifest/clark1ic:007486836:39015091183635|007486836; 6ef635af-b15e-4322-8256-30a0d82a8502",2026-09-07T13:44:02.592080+00:00,existing
6f356135-34c0-4889-8d08-9a31a9eacdc7,"https://quod.lib.umich.edu/c/clark1ic/x-002457622/39015091920309_01|https://quod.lib.umich.edu/cgi/i/image/api/search/clark1ic:002457622|oai:quod.lib.umich.edu:IC-CLARK1IC-X-002457622%5D39015091920309_01|http://name.umdl.umich.edu/IC-CLARK1IC-X-002457622%5D39015091920309_01|https://quod.lib.umich.edu/cgi/i/image/api/thumb/clark1ic/002457622/39015091920309_01/!250,250|https://quod.lib.umich.edu/cgi/i/image/api/manifest/clark1ic:002457622:39015091920309_01|002457622; 6f356135-34c0-4889-8d08-9a31a9eacdc7|oai:quod.lib.umich.edu:IC-CLARK1IC-X-002457622%5D39015091920309_02|http://name.umdl.umich.edu/IC-CLARK1IC-X-002457622%5D39015091920309_02|https://quod.lib.umich.edu/cgi/i/image/api/thumb/clark1ic/002457622/39015091920309_02/!250,250|https://quod.lib.umich.edu/cgi/i/image/api/manifest/clark1ic:002457622:39015091920309_02",2026-09-07T13:44:02.592128+00:00,existing
6f8e6aa6-36b4-4a7a-82b7-e1f82da4853c,"https://quod.lib.umich.edu/c/clark1ic/x-005549861/39015091191505_01|https://quod.lib.umich.edu/cgi/i/image/api/search/clark1ic:005549861|oai:quod.lib.umich.edu:IC-CLARK1IC-X-005549861%5D39015091191505_01|http://name.umdl.umich.edu/IC-CLARK1IC-X-005549861%5D39015091191505_01|https://quod.lib.umich.edu/cgi/i/image/api/thumb/clark1ic/005549861/39015091191505_01/!250,250|https://quod.lib.umich.edu/cgi/i/image/api/manifest/clark1ic:005549861:39015091191505_01|005549861; 6f8e6aa6-36b4-4a7a-82b7-e1f82da4853c",2026-09-07T13:44:02.592163+00:00,existing
6ff5e553-a1c1-4ead-b6d7-7ca35e2bc2e1,"https://quod.lib.umich.edu/c/clark1ic/x-002603202/39015091879984|https://quod.lib.umich.edu/cgi/i/image/api/search/clark1ic:002603202|oai:quod.lib.umich.edu:IC-CLARK1IC-X-002603202%5D39015091879984|http://name.umdl.umich.edu/IC-CLARK1IC-X-002603202%5D39015091879984|https://quod.lib.umich.edu/cgi/i/image/api/thumb/clark1ic/002603202/39015091879984/!250,250|https://quod.lib.umich.edu/cgi/i/image/api/manifest/clark1ic:002603202:39015091879984|002603202; 6ff5e553-a1c1-4ead-b6d7-7ca35e2bc2e1",2026-09-07T13:44:02.592197+00:00,existing
7078c0a8-cdcb-4d76-b442-43ed2a1413e7,"https://quod.lib.umich.edu/c/clark1ic/x-012473300/39015095391093|https://quod.lib.umich.edu/cgi/i/image/api/search/clark1ic:012473300|oai:quod.lib.umich.edu:IC-CLARK1IC-X-012473300%5D39015095391093|http://name.umdl.umich.edu/IC-CLARK1IC-X-012473300%5D39015095391093|https://quod.lib.umich.edu/cgi/i/image/api/thumb/clark1ic/012473300/39015095391093/!250,250|https://quod.lib.umich.edu/cgi/i/image/api/manifest/clark1ic:012473300:39015095391093|012473300; 7078c0a8-cdcb-4d76-b442-43ed2a1413e7",2026-09-07T13:44:02.592231+00:00,existing
71347a1b-537c-4218-baed-615233503120,"https://quod.lib.umich.edu/c/clark1ic/x-003562669/39015049936795|https://quod.lib.umich.edu/cgi/i/image/api/search/clark1ic:003562669|oai:quod.lib.umich.edu:IC-CLARK1IC-X-003562669%5D39015049936795|http://name.umdl.umich.edu/IC-CLARK1IC-X-003562669%5D39015049936795|https://quod.lib.umich.edu/cgi/i/image/api/thumb/clark1ic/003562669/39015049936795/!250,250|https://quod.lib.umich.edu/cgi/i/image/api/manifest/clark1ic:003562669:39015049936795|003562669; 71347a1b-537c-4218-baed-615233503120",2026-09-07T13:44:02.592263+00:00,existing
71360b38-14c4-4604-88cc-96152ac3d16f,"https://quod.lib.umich.edu/c/clark1ic/x-002965440/39015091197882|https://quod.lib.umich.edu/cgi/i/image/api/search/clark1ic:002965440|oai:quod.lib.umich.edu:IC-CLARK1IC-X-002965440%5D39015091197882|http://name.umdl.umich.edu/IC-CLARK1IC-X-002965440%5D39015091197882|https://quod.lib.umich.edu/cgi/i/image/api/thumb/clark1ic/002965440/39015091197882/!250,250|https://quod.lib.umich.edu/cgi/i/image/api/manifest/clark1ic:002965440:39015091197882|002965440; 71360b38-14c4-4604-88cc-96152ac3d16f",2026-09-07T13:44:02.592296+00:00,existing
7197e10c-f80b-4691-b409-e05733c3f72c,"https://quod.lib.umich.edu/c/clark1ic/x-003438639/39015091193642|https://quod.lib.umich.edu/cgi/i/image/api/search/clark1ic:003438639|oai:quod.lib.umich.edu:IC-CLARK1IC-X-003438639%5D39015091193642|http://name.umdl.umich.edu/IC-CLARK1IC-X-003438639%5D39015091193642|https://quod.lib.umich.edu/cgi/i/image/api/thumb/clark1ic/003438639/39015091193642/!250,250|https://quod.lib.umich.edu/cgi/i/image/api/manifest/clark1ic:003438639:39015091193642|003438639; 7197e10c-f80b-4691-b409-e05733c3f72c",2026-09-07T13:44:02.592328+00:00,existing
71996d69-780a-4086-a202-877aef21c2b7,"https://quod.lib.umich.edu/c/clark1ic/x-003109972/39015091921364|https://quod.lib.umich.edu/cgi/i/image/api/search/clark1ic:003109972|oai:quod.lib.umich.edu:IC-CLARK1IC-X-003109972%5D39015091921364|http://name.umdl.umich.edu/IC-CLARK1IC-X-003109972%5D39015091921364|https://quod.lib.umich.edu/cgi/i/image/api/thumb/clark1ic/003109972/39015091921364/!250,250|https://quod.lib.umich.edu/cgi/i/image/api/manifest/clark1ic:003109972:39015091921364|003109972; 71996d69-780a-4086-a202-877aef21c2b7",2026-09-07T13:44:02.592361+00:00,existing
71b7577e-d114-4a73-9dbf-bf2f03734235,"https://quod.lib.umich.edu/c/clark1ic/x-000887611/39015091887920|https://quod.lib.umich.edu/cgi/i/image/api/search/clark1ic:000887611|oai:quod.lib.umich.edu:IC-CLARK1IC-X-000887611%5D39015091887920|http://name.umdl.umich.edu/IC-CLARK1IC-X-000887611%5D39015091887920|https://quod.lib.umich.edu/cgi/i/image/api/thumb/clark1ic/000887611/39015091887920/!250,250|https://quod.lib.umich.edu/cgi/i/image/api/manifest/clark1ic:000887611:39015091887920|000887611; 71b7577e-d114-4a73-9dbf-bf2f03734235",2026-09-07T13:44:02.592399+00:00,existing
71d4012f-5615-4f70-9257-9357316bfdaf,"https://quod.lib.umich.edu/c/clark1ic/x-003109971/39015091921455_01|https://quod.lib.umich.edu/cgi/i/image/api/search/clark1ic:003109971|oai:quod.lib.umich.edu:IC-CLARK1IC-X-003109971%5D39015091921455_01|http://name.umdl.umich.edu/IC-CLARK1IC-X-003109971%5D39015091921455_01|https://quod.lib.umich.edu/cgi/i/image/api/thumb/clark1ic/003109971/39015091921455_01/!250,250|https://quod.lib.umich.edu/cgi/i/image/api/manifest/clark1ic:003109971:39015091921455_01|003109971; 71d4012f-5615-4f70-9257-9357316bfdaf|oai:quod.lib.umich.edu:IC-CLARK1IC-X-003109971%5D39015091921455_02|http://name.umdl.umich.edu/IC-CLARK1IC-X-003109971%5D39015091921455_02|https://quod.lib.umich.edu/cgi/i/image/api/thumb/clark1ic/003109971/39015091921455_02/!250,250|https://quod.lib.umich.edu/cgi/i/image/api/manifest/clark1ic:003109971:39015091921455_02|oai:quod.lib.umich.edu:IC-CLARK1IC-X-003109971%5D39015091921455_03|http://name.umdl.umich.edu/IC-CLARK1IC-X-003109971%5D39015091921455_03|https://quod.lib.umich.edu/cgi/i/image/api/thumb/clark1ic/003109971/39015091921455_03/!250,250|https://quod.lib.umich.edu/cgi/i/image/api/manifest/clark1ic:003109971:39015091921455_03",2026-09-07T13:44:02.592461+00:00,existing
71ebd0a1-461d-40af-8a12-649413a57eb2,"https://quod.lib.umich.edu/c/clark1ic/x-003109974/39015091921612_01|https://quod.lib.umich.edu/cgi/i/image/api/search/clark1ic:003109974|oai:quod.lib.umich.edu:IC-CLARK1IC-X-003109974%5D39015091921612_01|http://name.umdl.umich.edu/IC-CLARK1IC-X-003109974%5D39015091921612_01|https://quod.lib.umich.edu/cgi/i/image/api/thumb/clark1ic/003109974/39015091921612_01/!250,250|https://quod.lib.umich.edu/cgi/i/image/api/manifest/clark1ic:003109974:39015091921612_01|003109974; 71ebd0a1-461d-40af-8a12-649413a57eb2|oai:quod.lib.umich.edu:IC-CLARK1IC-X-003109974%5D39015091921612_02|http://name.umdl.umich.edu/IC-CLARK1IC-X-003109974%5D39015091921612_02|https://quod.lib.umich.edu/cgi/i/image/api/thumb/clark1ic/003109974/39015091921612_02/!250,250|https://quod.lib.umich.edu/cgi/i/image/api/manifest/clark1ic:003109974:39015091921612_02|oai:quod.lib.umich.edu:IC-CLARK1IC-X-003109974%5D39015091921612_03|http://name.umdl.umich.edu/IC-CLARK1IC-X-003109974%5D39015091921612_03|https://quod.lib.umich.edu/cgi/i/image/api/thumb/clark1ic/003109974/39015091921612_03/!250,250|https://quod.lib.umich.edu/cgi/i/image/api/manifest/clark1ic:003109974:39015091921612_03",2026-09-07T13:44:02.592519+00:00,existing
7200ab5d-6145-49d1-9ac7-081e75ccdc75,"https://quod.lib.umich.edu/c/clark1ic/x-003557877/39015091880578|https://quod.lib.umich.edu/cgi/i/image/api/search/clark1ic:003557877|oai:quod.lib.umich.edu:IC-CLARK1IC-X-003557877%5D39015091880578|http://name.umdl.umich.edu/IC-CLARK1IC-X-003557877%5D39015091880578|https://quod.lib.umich.edu/cgi/i/image/api/thumb/clark1ic/003557877/39015091880578/!250,250|https://quod.lib.umich.edu/cgi/i/image/api/manifest/clark1ic:003557877:39015091880578|003557877; 7200ab5d-6145-49d1-9ac7-081e75ccdc75",2026-09-07T13:44:02.592555+00:00,existing
723c3d79-b378-4b41-8fdc-cf7bbaa371ec,"https://quod.lib.umich.edu/c/clark1ic/x-003277663/39015091194095_01|https://quod.lib.umich.edu/cgi/i/image/api/search/clark1ic:003277663|oai:quod.lib.umich.edu:IC-CLARK1IC-X-003277663%5D39015091194095_01|http://name.umdl.umich.edu/IC-CLARK1IC-X-003277663%5D39015091194095_01|https://quod.lib.umich.edu/cgi/i/image/api/thumb/clark1ic/003277663/39015091194095_01/!250,250|https://quod.lib.umich.edu/cgi/i/image/api/manifest/clark1ic:003277663:39015091194095_01|003277663; 723c3d79-b378-4b41-8fdc-cf7bbaa371ec|oai:quod.lib.umich.edu:IC-CLARK1IC-X-003277663%5D39015091194095_02|http://name.umdl.umich.edu/IC-CLARK1IC-X-003277663%5D39015091194095_02|https://quod.lib.umich.edu/cgi/i/image/api/thumb/clark1ic/003277663/39015091194095_02/!250,250|https://quod.lib.umich.edu/cgi/i/image/api/manifest/clark1ic:003277663:39015091194095_02",2026-09-07T13:44:02.592602+00:00,existing
72c10aab-458d-4f39-ac2a-238934993b64,"https://quod.lib.umich.edu/c/clark1ic/x-004204104/39015091191547_01|https://quod.lib.umich.edu/cgi/i/image/api/search/clark1ic:004204104|oai:quod.lib.umich.edu:IC-CLARK1IC-X-004204104%5D39015091191547_01|http://name.umdl.umich.edu/IC-CLARK1IC-X-004204104%5D39015091191547_01|https://quod.lib.umich.edu/cgi/i/image/api/thumb/clark1ic/004204104/39015091191547_01/!250,250|https://quod.lib.umich.edu/cgi/i/image/api/manifest/clark1ic:004204104:39015091191547_01|004204104; 72c10aab-458d-4f39-ac2a-238934993b64",2026-09-07T13:44:02.592636+00:00,existing
72c9e1f4-d38b-40e5-8e4a-f5f390ee6dfd,"https://quod.lib.umich.edu/c/clark1ic/x-012472609/39015091192586|https://quod.lib.umich.edu/cgi/i/image/api/search/clark1ic:012472609|oai:quod.lib.umich.edu:IC-CLARK1IC-X-012472609%5D39015091192586|http://name.umdl.umich.edu/IC-CLARK1IC-X-012472609%5D39015091192586|https://quod.lib.umich.edu/cgi/i/image/api/thumb/clark1ic/012472609/39015091192586/!250,250|https://quod.lib.umich.edu/cgi/i/image/api/manifest/clark1ic:012472609:39015091192586|012472609; 72c9e1f4-d38b-40e5-8e4a-f5f390ee6dfd",2026-09-07T13:44:02.592670+00:00,existing
730a987c-5a4d-4d9b-adc7-f49d71ad7da6,"https://quod.lib.umich.edu/c/clark1ic/x-003287495/39015091186976|https://quod.lib.umich.edu/cgi/i/image/api/search/clark1ic:003287495|oai:quod.lib.umich.edu:IC-CLARK1IC-X-003287495%5D39015091186976|http://name.umdl.umich.edu/IC-CLARK1IC-X-003287495%5D39015091186976|https://quod.lib.umich.edu/cgi/i/image/api/thumb/clark1ic/003287495/39015091186976/!250,250|https://quod.lib.umich.edu/cgi/i/image/api/manifest/clark1ic:003287495:39015091186976|003287495; 730a987c-5a4d-4d9b-adc7-f49d71ad7da6",2026-09-07T13:44:02.592706+00:00,existing
730e2282-d670-48be-ae3f-6fa25ba6b387,"https://quod.lib.umich.edu/c/clark1ic/x-013711639/39015091898935|https://quod.lib.umich.edu/cgi/i/image/api/search/clark1ic:013711639|oai:quod.lib.umich.edu:IC-CLARK1IC-X-013711639%5D39015091898935|http://name.umdl.umich.edu/IC-CLARK1IC-X-013711639%5D39015091898935|https://quod.lib.umich.edu/cgi/i/image/api/thumb/clark1ic/013711639/39015091898935/!250,250|https://quod.lib.umich.edu/cgi/i/image/api/manifest/clark1ic:013711639:39015091898935|013711639; 730e2282-d670-48be-ae3f-6fa25ba6b387",2026-09-07T13:44:02.592742+00:00,existing
730f4c93-b7f9-4312-8016-75117e536365,"https://quod.lib.umich.edu/c/clark1ic/x-013476986/39015091897051|https://quod.lib.umich.edu/cgi/i/image/api/search/clark1ic:013476986|oai:quod.lib.umich.edu:IC-CLARK1IC-X-013476986%5D39015091897051|http://name.umdl.umich.edu/IC-CLARK1IC-X-013476986%5D39015091897051|https://quod.lib.umich.edu/cgi/i/image/api/thumb/clark1ic/013476986/39015091897051/!250,250|https://quod.lib.umich.edu/cgi/i/image/api/manifest/clark1ic:013476986:39015091897051|013476986; 730f4c93-b7f9-4312-8016-75117e536365",2026-09-07T13:44:02.592776+00:00,existing
7315ad21-35aa-420d-9de6-24c177234327,"https://quod.lib.umich.edu/c/clark1ic/x-000932473/39015091921562_01|https://quod.lib.umich.edu/cgi/i/image/api/search/clark1ic:000932473|oai:quod.lib.umich.edu:IC-CLARK1IC-X-000932473%5D39015091921562_01|http://name.umdl.umich.edu/IC-CLARK1IC-X-000932473%5D39015091921562_01|https://quod.lib.umich.edu/cgi/i/image/api/thumb/clark1ic/000932473/39015091921562_01/!250,250|https://quod.lib.umich.edu/cgi/i/image/api/manifest/clark1ic:000932473:39015091921562_01|000932473; 7315ad21-35aa-420d-9de6-24c177234327|oai:quod.lib.umich.edu:IC-CLARK1IC-X-000932473%5D39015091921562_02|http://name.umdl.umich.edu/IC-CLARK1IC-X-000932473%5D39015091921562_02|https://quod.lib.umich.edu/cgi/i/image/api/thumb/clark1ic/000932473/39015091921562_02/!250,250|https://quod.lib.umich.edu/cgi/i/image/api/manifest/clark1ic:000932473:39015091921562_02|oai:quod.lib.umich.edu:IC-CLARK1IC-X-000932473%5D39015091921562_03|http://name.umdl.umich.edu/IC-CLARK1IC-X-000932473%5D39015091921562_03|https://quod.lib.umich.edu/cgi/i/image/api/thumb/clark1ic/000932473/39015091921562_03/!250,250|https://quod.lib.umich.edu/cgi/i/image/api/manifest/clark1ic:000932473:39015091921562_03",2026-09-07T13:44:02.592835+00:00,existing
74155453-95f0-48dc-b9db-3c1a1251f2e1,"https://quod.lib.umich.edu/c/clark1ic/x-002648507/39015091195290|https://quod.lib.umich.edu/cgi/i/image/api/search/clark1ic:002648507|oai:quod.lib.umich.edu:IC-CLARK1IC-X-002648507%5D39015091195290|http://name.umdl.umich.edu/IC-CLARK1IC-X-002648507%5D39015091195290|https://quod.lib.umich.edu/cgi/i/image/api/thumb/clark1ic/002648507/39015091195290/!250,250|https://quod.lib.umich.edu/cgi/i/image/api/manifest/clark1ic:002648507:39015091195290|002648507; 74155453-95f0-48dc-b9db-3c1a1251f2e1",2026-09-07T13:44:02.592868+00:00,existing
7431012a-4df6-46b8-8b76-7600d24aae03,"https://quod.lib.umich.edu/c/clark1ic/x-003287507/39015091196991|https://quod.lib.umich.edu/cgi/i/image/api/search/clark1ic:003287507|oai:quod.lib.umich.edu:IC-CLARK1IC-X-003287507%5D39015091196991|http://name.umdl.umich.edu/IC-CLARK1IC-X-003287507%5D39015091196991|https://quod.lib.umich.edu/cgi/i/image/api/thumb/clark1ic/003287507/39015091196991/!250,250|https://quod.lib.umich.edu/cgi/i/image/api/manifest/clark1ic:003287507:39015091196991|003287507; 7431012a-4df6-46b8-8b76-7600d24aae03",2026-09-07T13:44:02.592901+00:00,existing
745a9201-d7f6-414d-a78a-531c5bff458e,"https://quod.lib.umich.edu/c/clark1ic/x-003281656/39015091193766_01|https://quod.lib.umich.edu/cgi/i/image/api/search/clark1ic:003281656|oai:quod.lib.umich.edu:IC-CLARK1IC-X-003281656%5D39015091193766_01|http://name.umdl.umich.edu/IC-CLARK1IC-X-003281656%5D39015091193766_01|https://quod.lib.umich.edu/cgi/i/image/api/thumb/clark1ic/003281656/39015091193766_01/!250,250|https://quod.lib.umich.edu/cgi/i/image/api/manifest/clark1ic:003281656:39015091193766_01|003281656; 745a9201-d7f6-414d-a78a-531c5bff458e|oai:quod.lib.umich.edu:IC-CLARK1IC-X-003281656%5D39015091193766_02|http://name.umdl.umich.edu/IC-CLARK1IC-X-003281656%5D39015091193766_02|https://quod.lib.umich.edu/cgi/i/image/api/thumb/clark1ic/003281656/39015091193766_02/!250,250|https://quod.lib.umich.edu/cgi/i/image/api/manifest/clark1ic:003281656:39015091193766_02",2026-09-07T13:44:02.592947+00:00,existing
7479d082-aee2-412d-a1db-4c5006caa24e,"https://quod.lib.umich.edu/c/clark1ic/x-002567950/39015091195100|https://quod.lib.umich.edu/cgi/i/image/api/search/clark1ic:002567950|oai:quod.lib.umich.edu:IC-CLARK1IC-X-002567950%5D39015091195100|http://name.umdl.umich.edu/IC-CLARK1IC-X-002567950%5D39015091195100|https://quod.lib.umich.edu/cgi/i/image/api/thumb/clark1ic/002567950/39015091195100/!250,250|https://quod.lib.umich.edu/cgi/i/image/api/manifest/clark1ic:002567950:39015091195100|002567950; 7479d082-aee2-412d-a1db-4c5006caa24e",2026-09-07T13:44:02.592982+00:00,existing
748a15b7-e1b1-410e-96d7-805b6a7fa4f3,"https://quod.lib.umich.edu/c/clark1ic/x-003280677/39015091193485|https://quod.lib.umich.edu/cgi/i/image/api/search/clark1ic:003280677|oai:quod.lib.umich.edu:IC-CLARK1IC-X-003280677%5D39015091193485|http://name.umdl.umich.edu/IC-CLARK1IC-X-003280677%5D39015091193485|https://quod.lib.umich.edu/cgi/i/image/api/thumb/clark1ic/003280677/39015091193485/!250,250|https://quod.lib.umich.edu/cgi/i/image/api/manifest/clark1ic:003280677:39015091193485|003280677; 748a15b7-e1b1-410e-96d7-805b6a7fa4f3",2026-09-07T13:44:02.593015+00:00,existing
74bc43a2-2706-4049-bf02-6c5e82a0ac86,"https://quod.lib.umich.edu/c/clark1ic/x-011236526/39015091910441|https://quod.lib.umich.edu/cgi/i/image/api/search/clark1ic:011236526|oai:quod.lib.umich.edu:IC-CLARK1IC-X-011236526%5D39015091910441|http://name.umdl.umich.edu/IC-CLARK1IC-X-011236526%5D39015091910441|https://quod.lib.umich.edu/cgi/i/image/api/thumb/clark1ic/011236526/39015091910441/!250,250|https://quod.lib.umich.edu/cgi/i/image/api/manifest/clark1ic:011236526:39015091910441|011236526; 74bc43a2-2706-4049-bf02-6c5e82a0ac86",2026-09-07T13:44:02.593046+00:00,existing
7532af82-8eb6-44e1-9f97-32e2ca06571e,"https://quod.lib.umich.edu/c/clark1ic/x-013014110/39015091905318|https://quod.lib.umich.edu/cgi/i/image/api/search/clark1ic:013014110|oai:quod.lib.umich.edu:IC-CLARK1IC-X-013014110%5D39015091905318|http://name.umdl.umich.edu/IC-CLARK1IC-X-013014110%5D39015091905318|https://quod.lib.umich.edu/cgi/i/image/api/thumb/clark1ic/013014110/39015091905318/!250,250|https://quod.lib.umich.edu/cgi/i/image/api/manifest/clark1ic:013014110:39015091905318|013014110; 7532af82-8eb6-44e1-9f97-32e2ca06571e",2026-09-07T13:44:02.593080+00:00,existing
754717d8-8cc8-4134-93b1-762f071a9625,"https://quod.lib.umich.edu/c/clark1ic/x-009357087/39015091186877_01|https://quod.lib.umich.edu/cgi/i/image/api/search/clark1ic:009357087|oai:quod.lib.umich.edu:IC-CLARK1IC-X-009357087%5D39015091186877_01|http://name.umdl.umich.edu/IC-CLARK1IC-X-009357087%5D39015091186877_01|https://quod.lib.umich.edu/cgi/i/image/api/thumb/clark1ic/009357087/39015091186877_01/!250,250|https://quod.lib.umich.edu/cgi/i/image/api/manifest/clark1ic:009357087:39015091186877_01|009357087; 754717d8-8cc8-4134-93b1-762f071a9625|oai:quod.lib.umich.edu:IC-CLARK1IC-X-009357087%5D39015091186877_02|http://name.umdl.umich.edu/IC-CLARK1IC-X-009357087%5D39015091186877_02|https://quod.lib.umich.edu/cgi/i/image/api/thumb/clark1ic/009357087/39015091186877_02/!250,250|https://quod.lib.umich.edu/cgi/i/image/api/manifest/clark1ic:009357087:39015091186877_02",2026-09-07T13:44:02.593125+00:00,existing
75520280-9163-4140-a04a-9a8604449d7e,"https://quod.lib.umich.edu/c/clark1ic/x-010348251/39015091192107_01|https://quod.lib.umich.edu/cgi/i/image/api/search/clark1ic:010348251|oai:quod.lib.umich.edu:IC-CLARK1IC-X-010348251%5D39015091192107_01|http://name.umdl.umich.edu/IC-CLARK1IC-X-010348251%5D39015091192107_01|https://quod.lib.umich.edu/cgi/i/image/api/thumb/clark1ic/010348251/39015091192107_01/!250,250|https://quod.lib.umich.edu/cgi/i/image/api/manifest/clark1ic:010348251:39015091192107_01|010348251; 75520280-9163-4140-a04a-9a8604449d7e|oai:quod.lib.umich.edu:IC-CLARK1IC-X-010348251%5D39015091192107_02|http://name.umdl.umich.edu/IC-CLARK1IC-X-010348251%5D39015091192107_02|https://quod.lib.umich.edu/cgi/i/image/api/thumb/clark1ic/010348251/39015091192107_02/!250,250|https://quod.lib.umich.edu/cgi/i/image/api/manifest/clark1ic:010348251:39015091192107_02",2026-09-07T13:44:02.593171+00:00,existing
75a590e4-fd4e-4c8c-b33f-8686bbe7ee07,"https://quod.lib.umich.edu/c/clark1ic/x-003280264/39015091196843|https://quod.lib.umich.edu/cgi/i/image/api/search/clark1ic:003280264|oai:quod.lib.umich.edu:IC-CLARK1IC-X-003280264%5D39015091196843|http://name.umdl.umich.edu/IC-CLARK1IC-X-003280264%5D39015091196843|https://quod.lib.umich.edu/cgi/i/image/api/thumb/clark1ic/003280264/39015091196843/!250,250|https://quod.lib.umich.edu/cgi/i/image/api/manifest/clark1ic:003280264:39015091196843|003280264; 75a590e4-fd4e-4c8c-b33f-8686bbe7ee07",2026-09-07T13:44:02.593204+00:00,existing
7607de4a-836e-48a8-a034-0076a4bb1866,"https://quod.lib.umich.edu/c/clark1ic/x-004014358/39015091186133|https://quod.lib.umich.edu/cgi/i/image/api/search/clark1ic:004014358|oai:quod.lib.umich.edu:IC-CLARK1IC-X-004014358%5D39015091186133|http://name.umdl.umich.edu/IC-CLARK1IC-X-004014358%5D39015091186133|https://quod.lib.umich.edu/cgi/i/image/api/thumb/clark1ic/004014358/39015091186133/!250,250|https://quod.lib.umich.edu/cgi/i/image/api/manifest/clark1ic:004014358:39015091186133|004014358; 7607de4a-836e-48a8-a034-0076a4bb1866|oai:quod.lib.umich.edu:IC-CLARK1IC-X-004014358%5D39015091186141|http://name.umdl.umich.edu/IC-CLARK1IC-X-004014358%5D39015091186141|https://quod.lib.umich.edu/cgi/i/image/api/thumb/clark1ic/004014358/39015091186141/!250,250|https://quod.lib.umich.edu/cgi/i/image/api/manifest/clark1ic:004014358:39015091186141",2026-09-07T13:44:02.593248+00:00,existing
76ad2890-753e-46dd-843d-5b8506323a84,"https://quod.lib.umich.edu/c/clark1ic/x-003579509/39015091195035|https://quod.lib.umich.edu/cgi/i/image/api/search/clark1ic:003579509|oai:quod.lib.umich.edu:IC-CLARK1IC-X-003579509%5D39015091195035|http://name.umdl.umich.edu/IC-CLARK1IC-X-003579509%5D39015091195035|https://quod.lib.umich.edu/cgi/i/image/api/thumb/clark1ic/003579509/39015091195035/!250,250|https://quod.lib.umich.edu/cgi/i/image/api/manifest/clark1ic:003579509:39015091195035|003579509; 76ad2890-753e-46dd-843d-5b8506323a84",2026-09-07T13:44:02.593280+00:00,existing
76e125f3-c74d-48c7-8399-61182b54a550,"https://quod.lib.umich.edu/c/clark1ic/x-012465952/39015095433374|https://quod.lib.umich.edu/cgi/i/image/api/search/clark1ic:012465952|oai:quod.lib.umich.edu:IC-CLARK1IC-X-012465952%5D39015095390699_01|http://name.umdl.umich.edu/IC-CLARK1IC-X-012465952%5D39015095390699_01|https://quod.lib.umich.edu/cgi/i/image/api/thumb/clark1ic/012465952/39015095390699_01/!250,250|https://quod.lib.umich.edu/cgi/i/image/api/manifest/clark1ic:012465952:39015095390699_01|012465952; 76e125f3-c74d-48c7-8399-61182b54a550|oai:quod.lib.umich.edu:IC-CLARK1IC-X-012465952%5D39015095390699_02|http://name.umdl.umich.edu/IC-CLARK1IC-X-012465952%5D39015095390699_02|https://quod.lib.umich.edu/cgi/i/image/api/thumb/clark1ic/012465952/39015095390699_02/!250,250|https://quod.lib.umich.edu/cgi/i/image/api/manifest/clark1ic:012465952:39015095390699_02|oai:quod.lib.umich.edu:IC-CLARK1IC-X-012465952%5D39015095433374|http://name.umdl.umich.edu/IC-CLARK1IC-X-012465952%5D39015095433374|https://quod.lib.umich.edu/cgi/i/image/api/thumb/clark1ic/012465952/39015095433374/!250,250|https://quod.lib.umich.edu/cgi/i/image/api/manifest/clark1ic:012465952:39015095433374",2026-09-07T13:44:02.593337+00:00,existing
77280b4f-5d44-487c-bfd5-c55971fefb74,"https://quod.lib.umich.edu/c/clark1ic/x-004076023/39015091191612_01|https://quod.lib.umich.edu/cgi/i/image/api/search/clark1ic:004076023|oai:quod.lib.umich.edu:IC-CLARK1IC-X-004076023%5D39015091191612_01|http://name.umdl.umich.edu/IC-CLARK1IC-X-004076023%5D39015091191612_01|https://quod.lib.umich.edu/cgi/i/image/api/thumb/clark1ic/004076023/39015091191612_01/!250,250|https://quod.lib.umich.edu/cgi/i/image/api/manifest/clark1ic:004076023:39015091191612_01|004076023; 77280b4f-5d44-487c-bfd5-c55971fefb74",2026-09-07T13:44:02.593369+00:00,existing
777992ca-380d-4073-ba7b-9ef0ab12088a,"https://quod.lib.umich.edu/c/clark1ic/x-003126883/39015091887870|https://quod.lib.umich.edu/cgi/i/image/api/search/clark1ic:003126883|oai:quod.lib.umich.edu:IC-CLARK1IC-X-003126883%5D39015091887870|http://name.umdl.umich.edu/IC-CLARK1IC-X-003126883%5D39015091887870|https://quod.lib.umich.edu/cgi/i/image/api/thumb/clark1ic/003126883/39015091887870/!250,250|https://quod.lib.umich.edu/cgi/i/image/api/manifest/clark1ic:003126883:39015091887870|003126883; 777992ca-380d-4073-ba7b-9ef0ab12088a",2026-09-07T13:44:02.593400+00:00,existing
7782df05-572d-4937-ba45-1a429e80b4db,https://quod.lib.umich.edu/c/clark1ic/x-004076014/39015091194186_01|https://quod.lib.umich.edu/cgi/i/image/api/search/clark1ic:004076014,2026-09-07T13:44:02.593415+00:00,existing
77dafe5f-9c45-446e-90f1-45577f17d052,"https://quod.lib.umich.edu/c/clark1ic/x-002881929/39015091898992|https://quod.lib.umich.edu/cgi/i/image/api/search/clark1ic:002881929|oai:quod.lib.umich.edu:IC-CLARK1IC-X-002881929%5D39015091898992|http://name.umdl.umich.edu/IC-CLARK1IC-X-002881929%5D39015091898992|https://quod.lib.umich.edu/cgi/i/image/api/thumb/clark1ic/002881929/39015091898992/!250,250|https://quod.lib.umich.edu/cgi/i/image/api/manifest/clark1ic:002881929:39015091898992|002881929; 77dafe5f-9c45-446e-90f1-45577f17d052",2026-09-07T13:44:02.593446+00:00,existing
7839ad08-aef3-465c-9bfb-e7aeafdfba41,"https://quod.lib.umich.edu/c/clark1ic/x-004077745/39015091193832_01|https://quod.lib.umich.edu/cgi/i/image/api/search/clark1ic:004077745|oai:quod.lib.umich.edu:IC-CLARK1IC-X-004077745%5D39015091193832_01|http://name.umdl.umich.edu/IC-CLARK1IC-X-004077745%5D39015091193832_01|https://quod.lib.umich.edu/cgi/i/image/api/thumb/clark1ic/004077745/39015091193832_01/!250,250|https://quod.lib.umich.edu/cgi/i/image/api/manifest/clark1ic:004077745:39015091193832_01|004077745; 7839ad08-aef3-465c-9bfb-e7aeafdfba41|oai:quod.lib.umich.edu:IC-CLARK1IC-X-004077745%5D39015091193832_02|http://name.umdl.umich.edu/IC-CLARK1IC-X-004077745%5D39015091193832_02|https://quod.lib.umich.edu/cgi/i/image/api/thumb/clark1ic/004077745/39015091193832_02/!250,250|https://quod.lib.umich.edu/cgi/i/image/api/manifest/clark1ic:004077745:39015091193832_02",2026-09-07T13:44:02.593491+00:00,existing
787de715-2761-4d6b-b72d-098667111e55,"https://quod.lib.umich.edu/c/clark1ic/x-002568394/39015091186208|https://quod.lib.umich.edu/cgi/i/image/api/search/clark1ic:002568394|oai:quod.lib.umich.edu:IC-CLARK1IC-X-002568394%5D39015091186208|http://name.umdl.umich.edu/IC-CLARK1IC-X-002568394%5D39015091186208|https://quod.lib.umich.edu/cgi/i/image/api/thumb/clark1ic/002568394/39015091186208/!250,250|https://quod.lib.umich.edu/cgi/i/image/api/manifest/clark1ic:002568394:39015091186208|002568394; 787de715-2761-4d6b-b72d-098667111e55",2026-09-07T13:44:02.593523+00:00,existing
78bcac0c-cfde-4eb5-bf3d-ada22deeab08,"https://quod.lib.umich.edu/c/clark1ic/x-000082565/39015091899214|https://quod.lib.umich.edu/cgi/i/image/api/search/clark1ic:000082565|oai:quod.lib.umich.edu:IC-CLARK1IC-X-000082565%5D39015091899214|http://name.umdl.umich.edu/IC-CLARK1IC-X-000082565%5D39015091899214|https://quod.lib.umich.edu/cgi/i/image/api/thumb/clark1ic/000082565/39015091899214/!250,250|https://quod.lib.umich.edu/cgi/i/image/api/manifest/clark1ic:000082565:39015091899214|000082565; 78bcac0c-cfde-4eb5-bf3d-ada22deeab08",2026-09-07T13:44:02.593559+00:00,existing
790c594c-f91a-4642-b806-e4c6bd0f1313,"https://quod.lib.umich.edu/c/clark1ic/x-003784958/39015091898810_01|https://quod.lib.umich.edu/cgi/i/image/api/search/clark1ic:003784958|oai:quod.lib.umich.edu:IC-CLARK1IC-X-003784958%5D39015091898810_01|http://name.umdl.umich.edu/IC-CLARK1IC-X-003784958%5D39015091898810_01|https://quod.lib.umich.edu/cgi/i/image/api/thumb/clark1ic/003784958/39015091898810_01/!250,250|https://quod.lib.umich.edu/cgi/i/image/api/manifest/clark1ic:003784958:39015091898810_01|003784958; 790c594c-f91a-4642-b806-e4c6bd0f1313|oai:quod.lib.umich.edu:IC-CLARK1IC-X-003784958%5D39015091898810_02|http://name.umdl.umich.edu/IC-CLARK1IC-X-003784958%5D39015091898810_02|https://quod.lib.umich.edu/cgi/i/image/api/thumb/clark1ic/003784958/39015091898810_02/!250,250|https://quod.lib.umich.edu/cgi/i/image/api/manifest/clark1ic:003784958:39015091898810_02",2026-09-07T13:44:02.593602+00:00,existing
79bec57a-52b5-48a9-bc2c-59f5bc74db1b,"https://quod.lib.umich.edu/c/clark1ic/x-003549023/39015091186679_01|https://quod.lib.umich.edu/cgi/i/image/api/search/clark1ic:003549023|oai:quod.lib.umich.edu:IC-CLARK1IC-X-003549023%5D39015091186679_01|http://name.umdl.umich.edu/IC-CLARK1IC-X-003549023%5D39015091186679_01|https://quod.lib.umich.edu/cgi/i/image/api/thumb/clark1ic/003549023/39015091186679_01/!250,250|https://quod.lib.umich.edu/cgi/i/image/api/manifest/clark1ic:003549023:39015091186679_01|003549023; 79bec57a-52b5-48a9-bc2c-59f5bc74db1b|oai:quod.lib.umich.edu:IC-CLARK1IC-X-003549023%5D39015091186679_02|http://name.umdl.umich.edu/IC-CLARK1IC-X-003549023%5D39015091186679_02|https://quod.lib.umich.edu/cgi/i/image/api/thumb/clark1ic/003549023/39015091186679_02/!250,250|https://quod.lib.umich.edu/cgi/i/image/api/manifest/clark1ic:003549023:39015091186679_02",2026-09-07T13:44:02.593646+00:00,existing
7a381281-1dc9-4b88-b38f-39a95ca977c5,"https://quod.lib.umich.edu/c/clark1ic/x-004280140/39015091193717_01|https://quod.lib.umich.edu/cgi/i/image/api/search/clark1ic:004280140|oai:quod.lib.umich.edu:IC-CLARK1IC-X-004280140%5D39015091193717_01|http://name.umdl.umich.edu/IC-CLARK1IC-X-004280140%5D39015091193717_01|https://quod.lib.umich.edu/cgi/i/image/api/thumb/clark1ic/004280140/39015091193717_01/!250,250|https://quod.lib.umich.edu/cgi/i/image/api/manifest/clark1ic:004280140:39015091193717_01|004280140; 7a381281-1dc9-4b88-b38f-39a95ca977c5|oai:quod.lib.umich.edu:IC-CLARK1IC-X-004280140%5D39015091193717_02|http://name.umdl.umich.edu/IC-CLARK1IC-X-004280140%5D39015091193717_02|https://quod.lib.umich.edu/cgi/i/image/api/thumb/clark1ic/004280140/39015091193717_02/!250,250|https://quod.lib.umich.edu/cgi/i/image/api/manifest/clark1ic:004280140:39015091193717_02",2026-09-07T13:44:02.593690+00:00,existing
7a3bd194-1ea1-4917-bd2f-544528befa2c,"https://quod.lib.umich.edu/c/clark1ic/x-000887739/39015091921695_01|https://quod.lib.umich.edu/cgi/i/image/api/search/clark1ic:000887739|oai:quod.lib.umich.edu:IC-CLARK1IC-X-000887739%5D39015091921695_01|http://name.umdl.umich.edu/IC-CLARK1IC-X-000887739%5D39015091921695_01|https://quod.lib.umich.edu/cgi/i/image/api/thumb/clark1ic/000887739/39015091921695_01/!250,250|https://quod.lib.umich.edu/cgi/i/image/api/manifest/clark1ic:000887739:39015091921695_01|000887739; 7a3bd194-1ea1-4917-bd2f-544528befa2c|oai:quod.lib.umich.edu:IC-CLARK1IC-X-000887739%5D39015091921695_02|http://name.umdl.umich.edu/IC-CLARK1IC-X-000887739%5D39015091921695_02|https://quod.lib.umich.edu/cgi/i/image/api/thumb/clark1ic/000887739/39015091921695_02/!250,250|https://quod.lib.umich.edu/cgi/i/image/api/manifest/clark1ic:000887739:39015091921695_02",2026-09-07T13:44:02.593734+00:00,existing
7a65c80e-f194-4548-9fc7-fd9118e5147e,"https://quod.lib.umich.edu/c/clark1ic/x-007996703/39015091185960|https://quod.lib.umich.edu/cgi/i/image/api/search/clark1ic:007996703|oai:quod.lib.umich.edu:IC-CLARK1IC-X-007996703%5D39015091185960|http://name.umdl.umich.edu/IC-CLARK1IC-X-007996703%5D39015091185960|https://quod.lib.umich.edu/cgi/i/image/api/thumb/clark1ic/007996703/39015091185960/!250,250|https://quod.lib.umich.edu/cgi/i/image/api/manifest/clark1ic:007996703:39015091185960|007996703; 7a65c80e-f194-4548-9fc7-fd9118e5147e",2026-09-07T13:44:02.593764+00:00,existing
7a71b163-228f-4a7e-92bb-af500e25e1b7,"https://quod.lib.umich.edu/c/clark1ic/x-010599420/39015091197536|https://quod.lib.umich.edu/cgi/i/image/api/search/clark1ic:010599420|oai:quod.lib.umich.edu:IC-CLARK1IC-X-010599420%5D39015091197536|http://name.umdl.umich.edu/IC-CLARK1IC-X-010599420%5D39015091197536|https://quod.lib.umich.edu/cgi/i/image/api/thumb/clark1ic/010599420/39015091197536/!250,250|https://quod.lib.umich.edu/cgi/i/image/api/manifest/clark1ic:010599420:39015091197536|010599420; 7a71b163-228f-4a7e-92bb-af500e25e1b7",2026-09-07T13:44:02.593796+00:00,existing
7ad79275-218b-40f3-83c8-e54fd5d50f36,"https://quod.lib.umich.edu/c/clark1ic/x-012475311/39015095390962|https://quod.lib.umich.edu/cgi/i/image/api/search/clark1ic:012475311|oai:quod.lib.umich.edu:IC-CLARK1IC-X-012475311%5D39015095390962|http://name.umdl.umich.edu/IC-CLARK1IC-X-012475311%5D39015095390962|https://quod.lib.umich.edu/cgi/i/image/api/thumb/clark1ic/012475311/39015095390962/!250,250|https://quod.lib.umich.edu/cgi/i/image/api/manifest/clark1ic:012475311:39015095390962|012475311; 7ad79275-218b-40f3-83c8-e54fd5d50f36",2026-09-07T13:44:02.593827+00:00,existing
7af92ba3-d1b4-476c-88ce-35670ebe5614,"https://quod.lib.umich.edu/c/clark1ic/x-004077733/39015091192164_01|https://quod.lib.umich.edu/cgi/i/image/api/search/clark1ic:004077733|oai:quod.lib.umich.edu:IC-CLARK1IC-X-004077733%5D39015091192164_01|http://name.umdl.umich.edu/IC-CLARK1IC-X-004077733%5D39015091192164_01|https://quod.lib.umich.edu/cgi/i/image/api/thumb/clark1ic/004077733/39015091192164_01/!250,250|https://quod.lib.umich.edu/cgi/i/image/api/manifest/clark1ic:004077733:39015091192164_01|004077733; 7af92ba3-d1b4-476c-88ce-35670ebe5614|oai:quod.lib.umich.edu:IC-CLARK1IC-X-004077733%5D39015091192164_02|http://name.umdl.umich.edu/IC-CLARK1IC-X-004077733%5D39015091192164_02|https://quod.lib.umich.edu/cgi/i/image/api/thumb/clark1ic/004077733/39015091192164_02/!250,250|https://quod.lib.umich.edu/cgi/i/image/api/manifest/clark1ic:004077733:39015091192164_02",2026-09-07T13:44:02.593874+00:00,existing
7b05a921-0c70-40d2-8e0f-6349a7ef4f7d,"https://quod.lib.umich.edu/c/clark1ic/x-003284882/39015091915879|https://quod.lib.umich.edu/cgi/i/image/api/search/clark1ic:003284882|oai:quod.lib.umich.edu:IC-CLARK1IC-X-003284882%5D39015091915879|http://name.umdl.umich.edu/IC-CLARK1IC-X-003284882%5D39015091915879|https://quod.lib.umich.edu/cgi/i/image/api/thumb/clark1ic/003284882/39015091915879/!250,250|https://quod.lib.umich.edu/cgi/i/image/api/manifest/clark1ic:003284882:39015091915879|003284882; 7b05a921-0c70-40d2-8e0f-6349a7ef4f7d",2026-09-07T13:44:02.594040+00:00,existing
7b425b2d-b627-48f6-8612-11ecb394c274,"https://quod.lib.umich.edu/c/clark1ic/x-004074008/39015091191281_01|https://quod.lib.umich.edu/cgi/i/image/api/search/clark1ic:004074008|oai:quod.lib.umich.edu:IC-CLARK1IC-X-004074008%5D39015091191281_01|http://name.umdl.umich.edu/IC-CLARK1IC-X-004074008%5D39015091191281_01|https://quod.lib.umich.edu/cgi/i/image/api/thumb/clark1ic/004074008/39015091191281_01/!250,250|https://quod.lib.umich.edu/cgi/i/image/api/manifest/clark1ic:004074008:39015091191281_01|004074008; 7b425b2d-b627-48f6-8612-11ecb394c274|oai:quod.lib.umich.edu:IC-CLARK1IC-X-004074008%5D39015091191281_02|http://name.umdl.umich.edu/IC-CLARK1IC-X-004074008%5D39015091191281_02|https://quod.lib.umich.edu/cgi/i/image/api/thumb/clark1ic/004074008/39015091191281_02/!250,250|https://quod.lib.umich.edu/cgi/i/image/api/manifest/clark1ic:004074008:39015091191281_02",2026-09-07T13:44:02.594117+00:00,existing
7bd7a1c0-378c-49a8-8edf-c98b95ce282b,"https://quod.lib.umich.edu/c/clark1ic/x-000081052/39015091196462|https://quod.lib.umich.edu/cgi/i/image/api/search/clark1ic:000081052|oai:quod.lib.umich.edu:IC-CLARK1IC-X-000081052%5D39015091196462|http://name.umdl.umich.edu/IC-CLARK1IC-X-000081052%5D39015091196462|https://quod.lib.umich.edu/cgi/i/image/api/thumb/clark1ic/000081052/39015091196462/!250,250|https://quod.lib.umich.edu/cgi/i/image/api/manifest/clark1ic:000081052:39015091196462|000081052; 7bd7a1c0-378c-49a8-8edf-c98b95ce282b",2026-09-07T13:44:02.594161+00:00,existing
7be042b3-9556-4f68-ba7c-7d8674efded3,"https://quod.lib.umich.edu/c/clark1ic/x-000524468/39015091198187|https://quod.lib.umich.edu/cgi/i/image/api/search/clark1ic:000524468|oai:quod.lib.umich.edu:IC-CLARK1IC-X-000524468%5D39015091198187|http://name.umdl.umich.edu/IC-CLARK1IC-X-000524468%5D39015091198187|https://quod.lib.umich.edu/cgi/i/image/api/thumb/clark1ic/000524468/39015091198187/!250,250|https://quod.lib.umich.edu/cgi/i/image/api/manifest/clark1ic:000524468:39015091198187|000524468; 7be042b3-9556-4f68-ba7c-7d8674efded3|oai:quod.lib.umich.edu:IC-CLARK1IC-X-000524468%5D39015091198229|http://name.umdl.umich.edu/IC-CLARK1IC-X-000524468%5D39015091198229|https://quod.lib.umich.edu/cgi/i/image/api/thumb/clark1ic/000524468/39015091198229/!250,250|https://quod.lib.umich.edu/cgi/i/image/api/manifest/clark1ic:000524468:39015091198229|oai:quod.lib.umich.edu:IC-CLARK1IC-X-000524468%5D39015091198237|http://name.umdl.umich.edu/IC-CLARK1IC-X-000524468%5D39015091198237|https://quod.lib.umich.edu/cgi/i/image/api/thumb/clark1ic/000524468/39015091198237/!250,250|https://quod.lib.umich.edu/cgi/i/image/api/manifest/clark1ic:000524468:39015091198237|oai:quod.lib.umich.edu:IC-CLARK1IC-X-000524468%5D39015091198245|http://name.umdl.umich.edu/IC-CLARK1IC-X-000524468%5D39015091198245|https://quod.lib.umich.edu/cgi/i/image/api/thumb/clark1ic/000524468/39015091198245/!250,250|https://quod.lib.umich.edu/cgi/i/image/api/manifest/clark1ic:000524468:39015091198245",2026-09-07T13:44:02.594241+00:00,existing
7be13d3e-7110-4b32-a75f-eb24cec2ac60,"https://quod.lib.umich.edu/c/clark1ic/x-012512470/39015095391168_01|https://quod.lib.umich.edu/cgi/i/image/api/search/clark1ic:012512470|oai:quod.lib.umich.edu:IC-CLARK1IC-X-012512470%5D39015095391168_01|http://name.umdl.umich.edu/IC-CLARK1IC-X-012512470%5D39015095391168_01|https://quod.lib.umich.edu/cgi/i/image/api/thumb/clark1ic/012512470/39015095391168_01/!250,250|https://quod.lib.umich.edu/cgi/i/image/api/manifest/clark1ic:012512470:39015095391168_01|012512470; 7be13d3e-7110-4b32-a75f-eb24cec2ac60|oai:quod.lib.umich.edu:IC-CLARK1IC-X-012512470%5D39015095391168_02|http://name.umdl.umich.edu/IC-CLARK1IC-X-012512470%5D39015095391168_02|https://quod.lib.umich.edu/cgi/i/image/api/thumb/clark1ic/012512470/39015095391168_02/!250,250|https://quod.lib.umich.edu/cgi/i/image/api/manifest/clark1ic:012512470:39015095391168_02",2026-09-07T13:44:02.594297+00:00,existing
7c18a1fe-dfaa-425d-bec9-52a3b301dc1f,"https://quod.lib.umich.edu/c/clark1ic/x-006864330/39015091197841|https://quod.lib.umich.edu/cgi/i/image/api/search/clark1ic:006864330|oai:quod.lib.umich.edu:IC-CLARK1IC-X-006864330%5D39015091197841|http://name.umdl.umich.edu/IC-CLARK1IC-X-006864330%5D39015091197841|https://quod.lib.umich.edu/cgi/i/image/api/thumb/clark1ic/006864330/39015091197841/!250,250|https://quod.lib.umich.edu/cgi/i/image/api/manifest/clark1ic:006864330:39015091197841|006864330; 7c18a1fe-dfaa-425d-bec9-52a3b301dc1f",2026-09-07T13:44:02.594332+00:00,existing
7c227b75-b3b1-40c3-9d8e-77ce10014687,"https://quod.lib.umich.edu/c/clark1ic/x-012512436/39015091195415_01|https://quod.lib.umich.edu/cgi/i/image/api/search/clark1ic:012512436|oai:quod.lib.umich.edu:IC-CLARK1IC-X-012512436%5D39015091195415_01|http://name.umdl.umich.edu/IC-CLARK1IC-X-012512436%5D39015091195415_01|https://quod.lib.umich.edu/cgi/i/image/api/thumb/clark1ic/012512436/39015091195415_01/!250,250|https://quod.lib.umich.edu/cgi/i/image/api/manifest/clark1ic:012512436:39015091195415_01|012512436; 7c227b75-b3b1-40c3-9d8e-77ce10014687|oai:quod.lib.umich.edu:IC-CLARK1IC-X-012512436%5D39015091195415_02|http://name.umdl.umich.edu/IC-CLARK1IC-X-012512436%5D39015091195415_02|https://quod.lib.umich.edu/cgi/i/image/api/thumb/clark1ic/012512436/39015091195415_02/!250,250|https://quod.lib.umich.edu/cgi/i/image/api/manifest/clark1ic:012512436:39015091195415_02",2026-09-07T13:44:02.594384+00:00,existing
7c7ad98e-b502-4c11-b54c-22b57f648102,"https://quod.lib.umich.edu/c/clark1ic/x-003279840/39015091185903|https://quod.lib.umich.edu/cgi/i/image/api/search/clark1ic:003279840|oai:quod.lib.umich.edu:IC-CLARK1IC-X-003279840%5D39015091185903|http://name.umdl.umich.edu/IC-CLARK1IC-X-003279840%5D39015091185903|https://quod.lib.umich.edu/cgi/i/image/api/thumb/clark1ic/003279840/39015091185903/!250,250|https://quod.lib.umich.edu/cgi/i/image/api/manifest/clark1ic:003279840:39015091185903|003279840; 7c7ad98e-b502-4c11-b54c-22b57f648102",2026-09-07T13:44:02.594420+00:00,existing
7cb13645-0768-44f2-af09-2602f89f42ca,"https://quod.lib.umich.edu/c/clark1ic/x-005389334/39015091887862|https://quod.lib.umich.edu/cgi/i/image/api/search/clark1ic:005389334|oai:quod.lib.umich.edu:IC-CLARK1IC-X-005389334%5D39015091887862|http://name.umdl.umich.edu/IC-CLARK1IC-X-005389334%5D39015091887862|https://quod.lib.umich.edu/cgi/i/image/api/thumb/clark1ic/005389334/39015091887862/!250,250|https://quod.lib.umich.edu/cgi/i/image/api/manifest/clark1ic:005389334:39015091887862|005389334; 7cb13645-0768-44f2-af09-2602f89f42ca",2026-09-07T13:44:02.594454+00:00,existing
7cb9ba43-8d6c-4048-8f8a-02648d4e6f1f,"https://quod.lib.umich.edu/c/clark1ic/x-007297021/39015091920721|https://quod.lib.umich.edu/cgi/i/image/api/search/clark1ic:007297021|oai:quod.lib.umich.edu:IC-CLARK1IC-X-007297021%5D39015091920721|http://name.umdl.umich.edu/IC-CLARK1IC-X-007297021%5D39015091920721|https://quod.lib.umich.edu/cgi/i/image/api/thumb/clark1ic/007297021/39015091920721/!250,250|https://quod.lib.umich.edu/cgi/i/image/api/manifest/clark1ic:007297021:39015091920721|007297021; 7cb9ba43-8d6c-4048-8f8a-02648d4e6f1f",2026-09-07T13:44:02.594486+00:00,existing
7cf6b12b-430c-401d-987f-1ea8a874f07e,"https://quod.lib.umich.edu/c/clark1ic/x-005910935/39015060940254|https://quod.lib.umich.edu/cgi/i/image/api/search/clark1ic:005910935|oai:quod.lib.umich.edu:IC-CLARK1IC-X-005910935%5D39015060940254|http://name.umdl.umich.edu/IC-CLARK1IC-X-005910935%5D39015060940254|https://quod.lib.umich.edu/cgi/i/image/api/thumb/clark1ic/005910935/39015060940254/!250,250|https://quod.lib.umich.edu/cgi/i/image/api/manifest/clark1ic:005910935:39015060940254|005910935; 7cf6b12b-430c-401d-987f-1ea8a874f07e",2026-09-07T13:44:02.594519+00:00,existing
7d140720-349f-40c1-9c88-3664ae146c38,"https://quod.lib.umich.edu/c/clark1ic/x-002457627/39015091920580_01|https://quod.lib.umich.edu/cgi/i/image/api/search/clark1ic:002457627|oai:quod.lib.umich.edu:IC-CLARK1IC-X-002457627%5D39015091920580_01|http://name.umdl.umich.edu/IC-CLARK1IC-X-002457627%5D39015091920580_01|https://quod.lib.umich.edu/cgi/i/image/api/thumb/clark1ic/002457627/39015091920580_01/!250,250|https://quod.lib.umich.edu/cgi/i/image/api/manifest/clark1ic:002457627:39015091920580_01|002457627; 7d140720-349f-40c1-9c88-3664ae146c38|oai:quod.lib.umich.edu:IC-CLARK1IC-X-002457627%5D39015091920580_02|http://name.umdl.umich.edu/IC-CLARK1IC-X-002457627%5D39015091920580_02|https://quod.lib.umich.edu/cgi/i/image/api/thumb/clark1ic/002457627/39015091920580_02/!250,250|https://quod.lib.umich.edu/cgi/i/image/api/manifest/clark1ic:002457627:39015091920580_02",2026-09-07T13:44:02.594566+00:00,existing
7d2906c2-4825-4ada-81e7-28ae4046554f,"https://quod.lib.umich.edu/c/clark1ic/x-004263927/39015091911316|https://quod.lib.umich.edu/cgi/i/image/api/search/clark1ic:004263927|oai:quod.lib.umich.edu:IC-CLARK1IC-X-004263927%5D39015091911316|http://name.umdl.umich.edu/IC-CLARK1IC-X-004263927%5D39015091911316|https://quod.lib.umich.edu/cgi/i/image/api/thumb/clark1ic/004263927/39015091911316/!250,250|https://quod.lib.umich.edu/cgi/i/image/api/manifest/clark1ic:004263927:39015091911316|004263927; 7d2906c2-4825-4ada-81e7-28ae4046554f",2026-09-07T13:44:02.594605+00:00,existing
7d4460f4-6b2b-4374-b060-1dd765a4cfe8,"https://quod.lib.umich.edu/c/clark1ic/x-003595623/39015091196488|https://quod.lib.umich.edu/cgi/i/image/api/search/clark1ic:003595623|oai:quod.lib.umich.edu:IC-CLARK1IC-X-003595623%5D39015091196488|http://name.umdl.umich.edu/IC-CLARK1IC-X-003595623%5D39015091196488|https://quod.lib.umich.edu/cgi/i/image/api/thumb/clark1ic/003595623/39015091196488/!250,250|https://quod.lib.umich.edu/cgi/i/image/api/manifest/clark1ic:003595623:39015091196488|003595623; 7d4460f4-6b2b-4374-b060-1dd765a4cfe8",2026-09-07T13:44:02.594638+00:00,existing
7d5e9f0d-b8c1-43fe-bc6b-75aa1d4ecf94,"https://quod.lib.umich.edu/c/clark1ic/x-003285690/39015091883598_0001|https://quod.lib.umich.edu/cgi/i/image/api/search/clark1ic:003285690|oai:quod.lib.umich.edu:IC-CLARK1IC-X-003285690%5D39015091883598_0001|http://name.umdl.umich.edu/IC-CLARK1IC-X-003285690%5D39015091883598_0001|https://quod.lib.umich.edu/cgi/i/image/api/thumb/clark1ic/003285690/39015091883598_0001/!250,250|https://quod.lib.umich.edu/cgi/i/image/api/manifest/clark1ic:003285690:39015091883598_0001|003285690; 7d5e9f0d-b8c1-43fe-bc6b-75aa1d4ecf94",2026-09-07T13:44:02.594675+00:00,existing
7d6bfdf7-6851-4c99-83d9-f00d24ee7616,"https://quod.lib.umich.edu/c/clark1ic/x-003100438/39015091920606_01|https://quod.lib.umich.edu/cgi/i/image/api/search/clark1ic:003100438|oai:quod.lib.umich.edu:IC-CLARK1IC-X-003100438%5D39015091920606_01|http://name.umdl.umich.edu/IC-CLARK1IC-X-003100438%5D39015091920606_01|https://quod.lib.umich.edu/cgi/i/image/api/thumb/clark1ic/003100438/39015091920606_01/!250,250|https://quod.lib.umich.edu/cgi/i/image/api/manifest/clark1ic:003100438:39015091920606_01|003100438; 7d6bfdf7-6851-4c99-83d9-f00d24ee7616|oai:quod.lib.umich.edu:IC-CLARK1IC-X-003100438%5D39015091920606_02|http://name.umdl.umich.edu/IC-CLARK1IC-X-003100438%5D39015091920606_02|https://quod.lib.umich.edu/cgi/i/image/api/thumb/clark1ic/003100438/39015091920606_02/!250,250|https://quod.lib.umich.edu/cgi/i/image/api/manifest/clark1ic:003100438:39015091920606_02|oai:quod.lib.umich.edu:IC-CLARK1IC-X-003100438%5D39015091920606_03|http://name.umdl.umich.edu/IC-CLARK1IC-X-003100438%5D39015091920606_03|https://quod.lib.umich.edu/cgi/i/image/api/thumb/clark1ic/003100438/39015091920606_03/!250,250|https://quod.lib.umich.edu/cgi/i/image/api/manifest/clark1ic:003100438:39015091920606_03",2026-09-07T13:44:02.594740+00:00,existing
7d8d186e-8940-4dc4-9cbf-2ced871ffedf,"https://quod.lib.umich.edu/c/clark1ic/x-012538910/39015095390848|https://quod.lib.umich.edu/cgi/i/image/api/search/clark1ic:012538910|oai:quod.lib.umich.edu:IC-CLARK1IC-X-012538910%5D39015095390848|http://name.umdl.umich.edu/IC-CLARK1IC-X-012538910%5D39015095390848|https://quod.lib.umich.edu/cgi/i/image/api/thumb/clark1ic/012538910/39015095390848/!250,250|https://quod.lib.umich.edu/cgi/i/image/api/manifest/clark1ic:012538910:39015095390848|012538910; 7d8d186e-8940-4dc4-9cbf-2ced871ffedf",2026-09-07T13:44:02.594775+00:00,existing
7daa5e65-da0f-4217-ba97-5ae0fb399c07,"https://quod.lib.umich.edu/c/clark1ic/x-012523176/39015095391044|https://quod.lib.umich.edu/cgi/i/image/api/search/clark1ic:012523176|oai:quod.lib.umich.edu:IC-CLARK1IC-X-012523176%5D39015095391044|http://name.umdl.umich.edu/IC-CLARK1IC-X-012523176%5D39015095391044|https://quod.lib.umich.edu/cgi/i/image/api/thumb/clark1ic/012523176/39015095391044/!250,250|https://quod.lib.umich.edu/cgi/i/image/api/manifest/clark1ic:012523176:39015095391044|012523176; 7daa5e65-da0f-4217-ba97-5ae0fb399c07",2026-09-07T13:44:02.594814+00:00,existing
7db69327-f652-41d7-b37d-963567b97a8a,"https://quod.lib.umich.edu/c/clark1ic/x-003279314/39015091193626|https://quod.lib.umich.edu/cgi/i/image/api/search/clark1ic:003279314|oai:quod.lib.umich.edu:IC-CLARK1IC-X-003279314%5D39015091193626|http://name.umdl.umich.edu/IC-CLARK1IC-X-003279314%5D39015091193626|https://quod.lib.umich.edu/cgi/i/image/api/thumb/clark1ic/003279314/39015091193626/!250,250|https://quod.lib.umich.edu/cgi/i/image/api/manifest/clark1ic:003279314:39015091193626|003279314; 7db69327-f652-41d7-b37d-963567b97a8a",2026-09-07T13:44:02.594848+00:00,existing
7dc18443-98c3-4862-9119-484fbf6dcb9f,"https://quod.lib.umich.edu/c/clark1ic/x-003896311/39015091197163|https://quod.lib.umich.edu/cgi/i/image/api/search/clark1ic:003896311|oai:quod.lib.umich.edu:IC-CLARK1IC-X-003896311%5D39015091197163|http://name.umdl.umich.edu/IC-CLARK1IC-X-003896311%5D39015091197163|https://quod.lib.umich.edu/cgi/i/image/api/thumb/clark1ic/003896311/39015091197163/!250,250|https://quod.lib.umich.edu/cgi/i/image/api/manifest/clark1ic:003896311:39015091197163|003896311; 7dc18443-98c3-4862-9119-484fbf6dcb9f",2026-09-07T13:44:02.594882+00:00,existing
7e473de4-535a-49de-af07-63c064ec2df8,"https://quod.lib.umich.edu/c/clark1ic/x-000861707/39015091914443|https://quod.lib.umich.edu/cgi/i/image/api/search/clark1ic:000861707|oai:quod.lib.umich.edu:IC-CLARK1IC-X-000861707%5D39015091914443|http://name.umdl.umich.edu/IC-CLARK1IC-X-000861707%5D39015091914443|https://quod.lib.umich.edu/cgi/i/image/api/thumb/clark1ic/000861707/39015091914443/!250,250|https://quod.lib.umich.edu/cgi/i/image/api/manifest/clark1ic:000861707:39015091914443|000861707; 7e473de4-535a-49de-af07-63c064ec2df8",2026-09-07T13:44:02.594915+00:00,existing
7f216b96-570f-4e1b-a00e-c7491e353dc7,"https://quod.lib.umich.edu/c/clark1ic/x-000081764/39015091921976|https://quod.lib.umich.edu/cgi/i/image/api/search/clark1ic:000081764|oai:quod.lib.umich.edu:IC-CLARK1IC-X-000081764%5D39015091921976|http://name.umdl.umich.edu/IC-CLARK1IC-X-000081764%5D39015091921976|https://quod.lib.umich.edu/cgi/i/image/api/thumb/clark1ic/000081764/39015091921976/!250,250|https://quod.lib.umich.edu/cgi/i/image/api/manifest/clark1ic:000081764:39015091921976|000081764; 7f216b96-570f-4e1b-a00e-c7491e353dc7",2026-09-07T13:44:02.594949+00:00,existing
7f325f6a-0898-474d-90cf-1dde7d645c4d,"https://quod.lib.umich.edu/c/clark1ic/x-003193910/39015091880560|https://quod.lib.umich.edu/cgi/i/image/api/search/clark1ic:003193910|oai:quod.lib.umich.edu:IC-CLARK1IC-X-003193910%5D39015091880560|http://name.umdl.umich.edu/IC-CLARK1IC-X-003193910%5D39015091880560|https://quod.lib.umich.edu/cgi/i/image/api/thumb/clark1ic/003193910/39015091880560/!250,250|https://quod.lib.umich.edu/cgi/i/image/api/manifest/clark1ic:003193910:39015091880560|003193910; 7f325f6a-0898-474d-90cf-1dde7d645c4d",2026-09-07T13:44:02.594983+00:00,existing
7f4a02e4-55d6-496a-b610-6becd3c1b637,"https://quod.lib.umich.edu/c/clark1ic/x-000081176/39015091916547|https://quod.lib.umich.edu/cgi/i/image/api/search/clark1ic:000081176|oai:quod.lib.umich.edu:IC-CLARK1IC-X-000081176%5D39015091916547|http://name.umdl.umich.edu/IC-CLARK1IC-X-000081176%5D39015091916547|https://quod.lib.umich.edu/cgi/i/image/api/thumb/clark1ic/000081176/39015091916547/!250,250|https://quod.lib.umich.edu/cgi/i/image/api/manifest/clark1ic:000081176:39015091916547|000081176; 7f4a02e4-55d6-496a-b610-6becd3c1b637",2026-09-07T13:44:02.595122+00:00,existing
7f660796-5a9c-4999-9638-da393b1e2749,"https://quod.lib.umich.edu/c/clark1ic/x-004063430/39015091915945|https://quod.lib.umich.edu/cgi/i/image/api/search/clark1ic:004063430|oai:quod.lib.umich.edu:IC-CLARK1IC-X-004063430%5D39015091915945|http://name.umdl.umich.edu/IC-CLARK1IC-X-004063430%5D39015091915945|https://quod.lib.umich.edu/cgi/i/image/api/thumb/clark1ic/004063430/39015091915945/!250,250|https://quod.lib.umich.edu/cgi/i/image/api/manifest/clark1ic:004063430:39015091915945|004063430; 7f660796-5a9c-4999-9638-da393b1e2749",2026-09-07T13:44:02.595241+00:00,existing
7f7c9b17-476e-4c50-890c-acfb019a328d,"https://quod.lib.umich.edu/c/clark1ic/x-002747366/39015091200637|https://quod.lib.umich.edu/cgi/i/image/api/search/clark1ic:002747366|oai:quod.lib.umich.edu:IC-CLARK1IC-X-002747366%5D39015091200637|http://name.umdl.umich.edu/IC-CLARK1IC-X-002747366%5D39015091200637|https://quod.lib.umich.edu/cgi/i/image/api/thumb/clark1ic/002747366/39015091200637/!250,250|https://quod.lib.umich.edu/cgi/i/image/api/manifest/clark1ic:002747366:39015091200637|002747366; 7f7c9b17-476e-4c50-890c-acfb019a328d",2026-09-07T13:44:02.595327+00:00,existing
801b1bf9-3ffa-4558-83ae-8a0c784df17d,"https://quod.lib.umich.edu/c/clark1ic/x-003284955/39015091197130|https://quod.lib.umich.edu/cgi/i/image/api/search/clark1ic:003284955|oai:quod.lib.umich.edu:IC-CLARK1IC-X-003284955%5D39015091197130|http://name.umdl.umich.edu/IC-CLARK1IC-X-003284955%5D39015091197130|https://quod.lib.umich.edu/cgi/i/image/api/thumb/clark1ic/003284955/39015091197130/!250,250|https://quod.lib.umich.edu/cgi/i/image/api/manifest/clark1ic:003284955:39015091197130|003284955; 801b1bf9-3ffa-4558-83ae-8a0c784df17d",2026-09-07T13:44:02.595379+00:00,existing
80282f8e-9fcf-45dc-80ae-69746b1fc561,"https://quod.lib.umich.edu/c/clark1ic/x-003557878/39015091880602|https://quod.lib.umich.edu/cgi/i/image/api/search/clark1ic:003557878|oai:quod.lib.umich.edu:IC-CLARK1IC-X-003557878%5D39015091880602|http://name.umdl.umich.edu/IC-CLARK1IC-X-003557878%5D39015091880602|https://quod.lib.umich.edu/cgi/i/image/api/thumb/clark1ic/003557878/39015091880602/!250,250|https://quod.lib.umich.edu/cgi/i/image/api/manifest/clark1ic:003557878:39015091880602|003557878; 80282f8e-9fcf-45dc-80ae-69746b1fc561",2026-09-07T13:44:02.595429+00:00,existing
8065296b-3341-4171-a72e-dc5c114ffd38,"https://quod.lib.umich.edu/c/clark1ic/x-000861435/39015091911043|https://quod.lib.umich.edu/cgi/i/image/api/search/clark1ic:000861435|oai:quod.lib.umich.edu:IC-CLARK1IC-X-000861435%5D39015091911043|http://name.umdl.umich.edu/IC-CLARK1IC-X-000861435%5D39015091911043|https://quod.lib.umich.edu/cgi/i/image/api/thumb/clark1ic/000861435/39015091911043/!250,250|https://quod.lib.umich.edu/cgi/i/image/api/manifest/clark1ic:000861435:39015091911043|000861435; 8065296b-3341-4171-a72e-dc5c114ffd38",2026-09-07T13:44:02.595479+00:00,existing
80a40bf6-f57a-4ce0-b0e7-16689900c236,"https://quod.lib.umich.edu/c/clark1ic/x-005547752/39015091191927_01|https://quod.lib.umich.edu/cgi/i/image/api/search/clark1ic:005547752|oai:quod.lib.umich.edu:IC-CLARK1IC-X-005547752%5D39015091191927_01|http://name.umdl.umich.edu/IC-CLARK1IC-X-005547752%5D39015091191927_01|https://quod.lib.umich.edu/cgi/i/image/api/thumb/clark1ic/005547752/39015091191927_01/!250,250|https://quod.lib.umich.edu/cgi/i/image/api/manifest/clark1ic:005547752:39015091191927_01|005547752; 80a40bf6-f57a-4ce0-b0e7-16689900c236|oai:quod.lib.umich.edu:IC-CLARK1IC-X-005547752%5D39015091191927_02|http://name.umdl.umich.edu/IC-CLARK1IC-X-005547752%5D39015091191927_02|https://quod.lib.umich.edu/cgi/i/image/api/thumb/clark1ic/005547752/39015091191927_02/!250,250|https://quod.lib.umich.edu/cgi/i/image/api/manifest/clark1ic:005547752:39015091191927_02",2026-09-07T13:44:02.595551+00:00,existing
80f63e6b-9ee2-458e-8ca1-660e97a9b3f2,"https://quod.lib.umich.edu/c/clark1ic/x-003101175/39015091920135_01|https://quod.lib.umich.edu/cgi/i/image/api/search/clark1ic:003101175|oai:quod.lib.umich.edu:IC-CLARK1IC-X-003101175%5D39015091920135_01|http://name.umdl.umich.edu/IC-CLARK1IC-X-003101175%5D39015091920135_01|https://quod.lib.umich.edu/cgi/i/image/api/thumb/clark1ic/003101175/39015091920135_01/!250,250|https://quod.lib.umich.edu/cgi/i/image/api/manifest/clark1ic:003101175:39015091920135_01|003101175; 80f63e6b-9ee2-458e-8ca1-660e97a9b3f2|oai:quod.lib.umich.edu:IC-CLARK1IC-X-003101175%5D39015091920135_02|http://name.umdl.umich.edu/IC-CLARK1IC-X-003101175%5D39015091920135_02|https://quod.lib.umich.edu/cgi/i/image/api/thumb/clark1ic/003101175/39015091920135_02/!250,250|https://quod.lib.umich.edu/cgi/i/image/api/manifest/clark1ic:003101175:39015091920135_02|oai:quod.lib.umich.edu:IC-CLARK1IC-X-003101175%5D39015091920135_03|http://name.umdl.umich.edu/IC-CLARK1IC-X-003101175%5D39015091920135_03|https://quod.lib.umich.edu/cgi/i/image/api/thumb/clark1ic/003101175/39015091920135_03/!250,250|https://quod.lib.umich.edu/cgi/i/image/api/manifest/clark1ic:003101175:39015091920135_03",2026-09-07T13:44:02.595635+00:00,existing
810bac42-c89f-4384-9f71-d8ec4b7b0e3b,"https://quod.lib.umich.edu/c/clark1ic/x-003569709/39015091898497|https://quod.lib.umich.edu/cgi/i/image/api/search/clark1ic:003569709|oai:quod.lib.umich.edu:IC-CLARK1IC-X-003569709%5D39015091898497|http://name.umdl.umich.edu/IC-CLARK1IC-X-003569709%5D39015091898497|https://quod.lib.umich.edu/cgi/i/image/api/thumb/clark1ic/003569709/39015091898497/!250,250|https://quod.lib.umich.edu/cgi/i/image/api/manifest/clark1ic:003569709:39015091898497|003569709; 810bac42-c89f-4384-9f71-d8ec4b7b0e3b",2026-09-07T13:44:02.595685+00:00,existing
81297879-f462-4c03-a436-215deea054b9,"https://quod.lib.umich.edu/c/clark1ic/x-003834322/39015091916216|https://quod.lib.umich.edu/cgi/i/image/api/search/clark1ic:003834322|oai:quod.lib.umich.edu:IC-CLARK1IC-X-003834322%5D39015091916216|http://name.umdl.umich.edu/IC-CLARK1IC-X-003834322%5D39015091916216|https://quod.lib.umich.edu/cgi/i/image/api/thumb/clark1ic/003834322/39015091916216/!250,250|https://quod.lib.umich.edu/cgi/i/image/api/manifest/clark1ic:003834322:39015091916216|003834322; 81297879-f462-4c03-a436-215deea054b9",2026-09-07T13:44:02.595744+00:00,existing
81608dd1-88f6-4263-bd00-bce1b87f94d1,"https://quod.lib.umich.edu/c/clark1ic/x-002590405/39015091905409|https://quod.lib.umich.edu/cgi/i/image/api/search/clark1ic:002590405|oai:quod.lib.umich.edu:IC-CLARK1IC-X-002590405%5D39015091905409|http://name.umdl.umich.edu/IC-CLARK1IC-X-002590405%5D39015091905409|https://quod.lib.umich.edu/cgi/i/image/api/thumb/clark1ic/002590405/39015091905409/!250,250|https://quod.lib.umich.edu/cgi/i/image/api/manifest/clark1ic:002590405:39015091905409|002590405; 81608dd1-88f6-4263-bd00-bce1b87f94d1",2026-09-07T13:44:02.595793+00:00,existing
81807052-8960-44a1-923e-6b7d21a8e800,"https://quod.lib.umich.edu/c/clark1ic/x-012525117/39015095390871|https://quod.lib.umich.edu/cgi/i/image/api/search/clark1ic:012525117|oai:quod.lib.umich.edu:IC-CLARK1IC-X-012525117%5D39015095390871|http://name.umdl.umich.edu/IC-CLARK1IC-X-012525117%5D39015095390871|https://quod.lib.umich.edu/cgi/i/image/api/thumb/clark1ic/012525117/39015095390871/!250,250|https://quod.lib.umich.edu/cgi/i/image/api/manifest/clark1ic:012525117:39015095390871|012525117; 81807052-8960-44a1-923e-6b7d21a8e800",2026-09-07T13:44:02.595842+00:00,existing
819e3e11-f527-4b5b-b508-cffc6511ed3f,"https://quod.lib.umich.edu/c/clark1ic/x-003567496/39015091881097|https://quod.lib.umich.edu/cgi/i/image/api/search/clark1ic:003567496|oai:quod.lib.umich.edu:IC-CLARK1IC-X-003567496%5D39015091881097|http://name.umdl.umich.edu/IC-CLARK1IC-X-003567496%5D39015091881097|https://quod.lib.umich.edu/cgi/i/image/api/thumb/clark1ic/003567496/39015091881097/!250,250|https://quod.lib.umich.edu/cgi/i/image/api/manifest/clark1ic:003567496:39015091881097|003567496; 819e3e11-f527-4b5b-b508-cffc6511ed3f",2026-09-07T13:44:02.595889+00:00,existing
81fc173c-9c7a-457a-8414-cce8bd8e437a,"https://quod.lib.umich.edu/c/clark1ic/x-006845029/39015091186224|https://quod.lib.umich.edu/cgi/i/image/api/search/clark1ic:006845029|oai:quod.lib.umich.edu:IC-CLARK1IC-X-006845029%5D39015091186224|http://name.umdl.umich.edu/IC-CLARK1IC-X-006845029%5D39015091186224|https://quod.lib.umich.edu/cgi/i/image/api/thumb/clark1ic/006845029/39015091186224/!250,250|https://quod.lib.umich.edu/cgi/i/image/api/manifest/clark1ic:006845029:39015091186224|006845029; 81fc173c-9c7a-457a-8414-cce8bd8e437a",2026-09-07T13:44:02.595940+00:00,existing
821937ef-d9f9-4d3e-8891-228b918d2373,"https://quod.lib.umich.edu/c/clark1ic/x-001106242/39015091921646_01|https://quod.lib.umich.edu/cgi/i/image/api/search/clark1ic:001106242|oai:quod.lib.umich.edu:IC-CLARK1IC-X-001106242%5D39015091921646_01|http://name.umdl.umich.edu/IC-CLARK1IC-X-001106242%5D39015091921646_01|https://quod.lib.umich.edu/cgi/i/image/api/thumb/clark1ic/001106242/39015091921646_01/!250,250|https://quod.lib.umich.edu/cgi/i/image/api/manifest/clark1ic:001106242:39015091921646_01|001106242; 821937ef-d9f9-4d3e-8891-228b918d2373|oai:quod.lib.umich.edu:IC-CLARK1IC-X-001106242%5D39015091921646_02|http://name.umdl.umich.edu/IC-CLARK1IC-X-001106242%5D39015091921646_02|https://quod.lib.umich.edu/cgi/i/image/api/thumb/clark1ic/001106242/39015091921646_02/!250,250|https://quod.lib.umich.edu/cgi/i/image/api/manifest/clark1ic:001106242:39015091921646_02|oai:quod.lib.umich.edu:IC-CLARK1IC-X-001106242%5D39015091921646_03|http://name.umdl.umich.edu/IC-CLARK1IC-X-001106242%5D39015091921646_03|https://quod.lib.umich.edu/cgi/i/image/api/thumb/clark1ic/001106242/39015091921646_03/!250,250|https://quod.lib.umich.edu/cgi/i/image/api/manifest/clark1ic:001106242:39015091921646_03|oai:quod.lib.umich.edu:IC-CLARK1IC-X-001106242%5D39015091921646_04|http://name.umdl.umich.edu/IC-CLARK1IC-X-001106242%5D39015091921646_04|https://quod.lib.umich.edu/cgi/i/image/api/thumb/clark1ic/001106242/39015091921646_04/!250,250|https://quod.lib.umich.edu/cgi/i/image/api/manifest/clark1ic:001106242:39015091921646_04",2026-09-07T13:44:02.596043+00:00,existing
8230136e-5482-424f-8a98-42a5f036ec41,"https://quod.lib.umich.edu/c/clark1ic/x-004258498/39015091186638|https://quod.lib.umich.edu/cgi/i/image/api/search/clark1ic:004258498|oai:quod.lib.umich.edu:IC-CLARK1IC-X-004258498%5D39015091186638|http://name.umdl.umich.edu/IC-CLARK1IC-X-004258498%5D39015091186638|https://quod.lib.umich.edu/cgi/i/image/api/thumb/clark1ic/004258498/39015091186638/!250,250|https://quod.lib.umich.edu/cgi/i/image/api/manifest/clark1ic:004258498:39015091186638|004258498; 8230136e-5482-424f-8a98-42a5f036ec41",2026-09-07T13:44:02.596092+00:00,existing
826decfc-d44e-4153-b7fd-4cce21728d76,"https://quod.lib.umich.edu/c/clark1ic/x-010344028/39015091192099_01|https://quod.lib.umich.edu/cgi/i/image/api/search/clark1ic:010344028|oai:quod.lib.umich.edu:IC-CLARK1IC-X-010344028%5D39015091192099_01|http://name.umdl.umich.edu/IC-CLARK1IC-X-010344028%5D39015091192099_01|https://quod.lib.umich.edu/cgi/i/image/api/thumb/clark1ic/010344028/39015091192099_01/!250,250|https://quod.lib.umich.edu/cgi/i/image/api/manifest/clark1ic:010344028:39015091192099_01|010344028; 826decfc-d44e-4153-b7fd-4cce21728d76|oai:quod.lib.umich.edu:IC-CLARK1IC-X-010344028%5D39015091192099_02|http://name.umdl.umich.edu/IC-CLARK1IC-X-010344028%5D39015091192099_02|https://quod.lib.umich.edu/cgi/i/image/api/thumb/clark1ic/010344028/39015091192099_02/!250,250|https://quod.lib.umich.edu/cgi/i/image/api/manifest/clark1ic:010344028:39015091192099_02",2026-09-07T13:44:02.596160+00:00,existing
82c2a2fe-d162-4796-aacc-5697d48133a6,"https://quod.lib.umich.edu/c/clark1ic/x-001094494/39015091921257_01|https://quod.lib.umich.edu/cgi/i/image/api/search/clark1ic:001094494|oai:quod.lib.umich.edu:IC-CLARK1IC-X-001094494%5D39015091921257_01|http://name.umdl.umich.edu/IC-CLARK1IC-X-001094494%5D39015091921257_01|https://quod.lib.umich.edu/cgi/i/image/api/thumb/clark1ic/001094494/39015091921257_01/!250,250|https://quod.lib.umich.edu/cgi/i/image/api/manifest/clark1ic:001094494:39015091921257_01|001094494; 82c2a2fe-d162-4796-aacc-5697d48133a6|oai:quod.lib.umich.edu:IC-CLARK1IC-X-001094494%5D39015091921257_02|http://name.umdl.umich.edu/IC-CLARK1IC-X-001094494%5D39015091921257_02|https://quod.lib.umich.edu/cgi/i/image/api/thumb/clark1ic/001094494/39015091921257_02/!250,250|https://quod.lib.umich.edu/cgi/i/image/api/manifest/clark1ic:001094494:39015091921257_02|oai:quod.lib.umich.edu:IC-CLARK1IC-X-001094494%5D39015091921257_03|http://name.umdl.umich.edu/IC-CLARK1IC-X-001094494%5D39015091921257_03|https://quod.lib.umich.edu/cgi/i/image/api/thumb/clark1ic/001094494/39015091921257_03/!250,250|https://quod.lib.umich.edu/cgi/i/image/api/manifest/clark1ic:001094494:39015091921257_03|oai:quod.lib.umich.edu:IC-CLARK1IC-X-001094494%5D39015091921257_04|http://name.umdl.umich.edu/IC-CLARK1IC-X-001094494%5D39015091921257_04|https://quod.lib.umich.edu/cgi/i/image/api/thumb/clark1ic/001094494/39015091921257_04/!250,250|https://quod.lib.umich.edu/cgi/i/image/api/manifest/clark1ic:001094494:39015091921257_04",2026-09-07T13:44:02.596268+00:00,existing
82d72596-f519-4d23-b328-9c6afc47172f,"https://quod.lib.umich.edu/c/clark1ic/x-000080979/39015091880016|https://quod.lib.umich.edu/cgi/i/image/api/search/clark1ic:000080979|oai:quod.lib.umich.edu:IC-CLARK1IC-X-000080979%5D39015091880016|http://name.umdl.umich.edu/IC-CLARK1IC-X-000080979%5D39015091880016|https://quod.lib.umich.edu/cgi/i/image/api/thumb/clark1ic/000080979/39015091880016/!250,250|https://quod.lib.umich.edu/cgi/i/image/api/manifest/clark1ic:000080979:39015091880016|000080979; 82d72596-f519-4d23-b328-9c6afc47172f",2026-09-07T13:44:02.596317+00:00,existing
82dbde92-216c-42c9-a034-86ac614fb398,"https://quod.lib.umich.edu/c/clark1ic/x-007024660/39015091921273_01|https://quod.lib.umich.edu/cgi/i/image/api/search/clark1ic:007024660|oai:quod.lib.umich.edu:IC-CLARK1IC-X-007024660%5D39015091921273_01|http://name.umdl.umich.edu/IC-CLARK1IC-X-007024660%5D39015091921273_01|https://quod.lib.umich.edu/cgi/i/image/api/thumb/clark1ic/007024660/39015091921273_01/!250,250|https://quod.lib.umich.edu/cgi/i/image/api/manifest/clark1ic:007024660:39015091921273_01|007024660; 82dbde92-216c-42c9-a034-86ac614fb398|oai:quod.lib.umich.edu:IC-CLARK1IC-X-007024660%5D39015091921273_02|http://name.umdl.umich.edu/IC-CLARK1IC-X-007024660%5D39015091921273_02|https://quod.lib.umich.edu/cgi/i/image/api/thumb/clark1ic/007024660/39015091921273_02/!250,250|https://quod.lib.umich.edu/cgi/i/image/api/manifest/clark1ic:007024660:39015091921273_02",2026-09-07T13:44:02.596384+00:00,existing
83209dc5-38fe-4877-bf72-b6163657dad9,"https://quod.lib.umich.edu/c/clark1ic/x-003281304/39015091916596_01|https://quod.lib.umich.edu/cgi/i/image/api/search/clark1ic:003281304|oai:quod.lib.umich.edu:IC-CLARK1IC-X-003281304%5D39015091916596_01|http://name.umdl.umich.edu/IC-CLARK1IC-X-003281304%5D39015091916596_01|https://quod.lib.umich.edu/cgi/i/image/api/thumb/clark1ic/003281304/39015091916596_01/!250,250|https://quod.lib.umich.edu/cgi/i/image/api/manifest/clark1ic:003281304:39015091916596_01|003281304; 83209dc5-38fe-4877-bf72-b6163657dad9|oai:quod.lib.umich.edu:IC-CLARK1IC-X-003281304%5D39015091916596_02|http://name.umdl.umich.edu/IC-CLARK1IC-X-003281304%5D39015091916596_02|https://quod.lib.umich.edu/cgi/i/image/api/thumb/clark1ic/003281304/39015091916596_02/!250,250|https://quod.lib.umich.edu/cgi/i/image/api/manifest/clark1ic:003281304:39015091916596_02",2026-09-07T13:44:02.596458+00:00,existing
837953a0-def7-48fc-8afd-01b45a56631c,"https://quod.lib.umich.edu/c/clark1ic/x-002457626/39015091921380_01|https://quod.lib.umich.edu/cgi/i/image/api/search/clark1ic:002457626|oai:quod.lib.umich.edu:IC-CLARK1IC-X-002457626%5D39015091921380_01|http://name.umdl.umich.edu/IC-CLARK1IC-X-002457626%5D39015091921380_01|https://quod.lib.umich.edu/cgi/i/image/api/thumb/clark1ic/002457626/39015091921380_01/!250,250|https://quod.lib.umich.edu/cgi/i/image/api/manifest/clark1ic:002457626:39015091921380_01|002457626; 837953a0-def7-48fc-8afd-01b45a56631c|oai:quod.lib.umich.edu:IC-CLARK1IC-X-002457626%5D39015091921380_02|http://name.umdl.umich.edu/IC-CLARK1IC-X-002457626%5D39015091921380_02|https://quod.lib.umich.edu/cgi/i/image/api/thumb/clark1ic/002457626/39015091921380_02/!250,250|https://quod.lib.umich.edu/cgi/i/image/api/manifest/clark1ic:002457626:39015091921380_02|oai:quod.lib.umich.edu:IC-CLARK1IC-X-002457626%5D39015091921380_03|http://name.umdl.umich.edu/IC-CLARK1IC-X-002457626%5D39015091921380_03|https://quod.lib.umich.edu/cgi/i/image/api/thumb/clark1ic/002457626/39015091921380_03/!250,250|https://quod.lib.umich.edu/cgi/i/image/api/manifest/clark1ic:002457626:39015091921380_03",2026-09-07T13:44:02.596541+00:00,existing
83b2f9b1-bad2-46c2-ab57-e438c177cea5,"https://quod.lib.umich.edu/c/clark1ic/x-004077747/39015091192172_01|https://quod.lib.umich.edu/cgi/i/image/api/search/clark1ic:004077747|oai:quod.lib.umich.edu:IC-CLARK1IC-X-004077747%5D39015091192172_01|http://name.umdl.umich.edu/IC-CLARK1IC-X-004077747%5D39015091192172_01|https://quod.lib.umich.edu/cgi/i/image/api/thumb/clark1ic/004077747/39015091192172_01/!250,250|https://quod.lib.umich.edu/cgi/i/image/api/manifest/clark1ic:004077747:39015091192172_01|004077747; 83b2f9b1-bad2-46c2-ab57-e438c177cea5|oai:quod.lib.umich.edu:IC-CLARK1IC-X-004077747%5D39015091192172_02|http://name.umdl.umich.edu/IC-CLARK1IC-X-004077747%5D39015091192172_02|https://quod.lib.umich.edu/cgi/i/image/api/thumb/clark1ic/004077747/39015091192172_02/!250,250|https://quod.lib.umich.edu/cgi/i/image/api/manifest/clark1ic:004077747:39015091192172_02",2026-09-07T13:44:02.596608+00:00,existing
83bc9f5a-f215-458d-b19b-bfe6a2ec98b6,"https://quod.lib.umich.edu/c/clark1ic/x-000079201/39015091898257|https://quod.lib.umich.edu/cgi/i/image/api/search/clark1ic:000079201|oai:quod.lib.umich.edu:IC-CLARK1IC-X-000079201%5D39015091898257|http://name.umdl.umich.edu/IC-CLARK1IC-X-000079201%5D39015091898257|https://quod.lib.umich.edu/cgi/i/image/api/thumb/clark1ic/000079201/39015091898257/!250,250|https://quod.lib.umich.edu/cgi/i/image/api/manifest/clark1ic:000079201:39015091898257|000079201; 83bc9f5a-f215-458d-b19b-bfe6a2ec98b6",2026-09-07T13:44:02.596660+00:00,existing
8400b082-d303-42d6-b960-b441defd157c,"https://quod.lib.umich.edu/c/clark1ic/x-009749667/39015091880040|https://quod.lib.umich.edu/cgi/i/image/api/search/clark1ic:009749667|oai:quod.lib.umich.edu:IC-CLARK1IC-X-009749667%5D39015091880040|http://name.umdl.umich.edu/IC-CLARK1IC-X-009749667%5D39015091880040|https://quod.lib.umich.edu/cgi/i/image/api/thumb/clark1ic/009749667/39015091880040/!250,250|https://quod.lib.umich.edu/cgi/i/image/api/manifest/clark1ic:009749667:39015091880040|009749667; 8400b082-d303-42d6-b960-b441defd157c",2026-09-07T13:44:02.596707+00:00,existing
8400f70d-f2c5-4657-a51f-28c5d6649370,"https://quod.lib.umich.edu/c/clark1ic/x-009489456/39015091185804|https://quod.lib.umich.edu/cgi/i/image/api/search/clark1ic:009489456|oai:quod.lib.umich.edu:IC-CLARK1IC-X-009489456%5D39015091185804|http://name.umdl.umich.edu/IC-CLARK1IC-X-009489456%5D39015091185804|https://quod.lib.umich.edu/cgi/i/image/api/thumb/clark1ic/009489456/39015091185804/!250,250|https://quod.lib.umich.edu/cgi/i/image/api/manifest/clark1ic:009489456:39015091185804|009489456; 8400f70d-f2c5-4657-a51f-28c5d6649370",2026-09-07T13:44:02.596755+00:00,existing
841cb60b-9561-4eba-8e9d-09aa0bb29225,"https://quod.lib.umich.edu/c/clark1ic/x-003282856/39015049936886|https://quod.lib.umich.edu/cgi/i/image/api/search/clark1ic:003282856|oai:quod.lib.umich.edu:IC-CLARK1IC-X-003282856%5D39015049936886|http://name.umdl.umich.edu/IC-CLARK1IC-X-003282856%5D39015049936886|https://quod.lib.umich.edu/cgi/i/image/api/thumb/clark1ic/003282856/39015049936886/!250,250|https://quod.lib.umich.edu/cgi/i/image/api/manifest/clark1ic:003282856:39015049936886|003282856; 841cb60b-9561-4eba-8e9d-09aa0bb29225",2026-09-07T13:44:02.596801+00:00,existing
845fa2d2-807d-4636-8a71-19a6cc690ea0,"https://quod.lib.umich.edu/c/clark1ic/x-003281819/39015091193402|https://quod.lib.umich.edu/cgi/i/image/api/search/clark1ic:003281819|oai:quod.lib.umich.edu:IC-CLARK1IC-X-003281819%5D39015091193402|http://name.umdl.umich.edu/IC-CLARK1IC-X-003281819%5D39015091193402|https://quod.lib.umich.edu/cgi/i/image/api/thumb/clark1ic/003281819/39015091193402/!250,250|https://quod.lib.umich.edu/cgi/i/image/api/manifest/clark1ic:003281819:39015091193402|003281819; 845fa2d2-807d-4636-8a71-19a6cc690ea0",2026-09-07T13:44:02.596848+00:00,existing
84ac6b39-9b67-4746-9001-811fa7cf4787,"https://quod.lib.umich.edu/c/clark1ic/x-012525740/39015091192958_01|https://quod.lib.umich.edu/cgi/i/image/api/search/clark1ic:012525740|oai:quod.lib.umich.edu:IC-CLARK1IC-X-012525740%5D39015091192958_01|http://name.umdl.umich.edu/IC-CLARK1IC-X-012525740%5D39015091192958_01|https://quod.lib.umich.edu/cgi/i/image/api/thumb/clark1ic/012525740/39015091192958_01/!250,250|https://quod.lib.umich.edu/cgi/i/image/api/manifest/clark1ic:012525740:39015091192958_01|012525740; 84ac6b39-9b67-4746-9001-811fa7cf4787|oai:quod.lib.umich.edu:IC-CLARK1IC-X-012525740%5D39015091192958_02|http://name.umdl.umich.edu/IC-CLARK1IC-X-012525740%5D39015091192958_02|https://quod.lib.umich.edu/cgi/i/image/api/thumb/clark1ic/012525740/39015091192958_02/!250,250|https://quod.lib.umich.edu/cgi/i/image/api/manifest/clark1ic:012525740:39015091192958_02",2026-09-07T13:44:02.596917+00:00,existing
84e3daae-4f8c-4b95-ad55-561a9b660ee5,"https://quod.lib.umich.edu/c/clark1ic/x-003281761/39015091197072|https://quod.lib.umich.edu/cgi/i/image/api/search/clark1ic:003281761|oai:quod.lib.umich.edu:IC-CLARK1IC-X-003281761%5D39015091197072|http://name.umdl.umich.edu/IC-CLARK1IC-X-003281761%5D39015091197072|https://quod.lib.umich.edu/cgi/i/image/api/thumb/clark1ic/003281761/39015091197072/!250,250|https://quod.lib.umich.edu/cgi/i/image/api/manifest/clark1ic:003281761:39015091197072|003281761; 84e3daae-4f8c-4b95-ad55-561a9b660ee5",2026-09-07T13:44:02.596966+00:00,existing
8542d744-d4ee-4b80-aad6-2d44a0a193f0,"https://quod.lib.umich.edu/c/clark1ic/x-003279457/39015091903669|https://quod.lib.umich.edu/cgi/i/image/api/search/clark1ic:003279457|oai:quod.lib.umich.edu:IC-CLARK1IC-X-003279457%5D39015091903669|http://name.umdl.umich.edu/IC-CLARK1IC-X-003279457%5D39015091903669|https://quod.lib.umich.edu/cgi/i/image/api/thumb/clark1ic/003279457/39015091903669/!250,250|https://quod.lib.umich.edu/cgi/i/image/api/manifest/clark1ic:003279457:39015091903669|003279457; 8542d744-d4ee-4b80-aad6-2d44a0a193f0",2026-09-07T13:44:02.597021+00:00,existing
8588e9f1-a6a2-46d5-b960-8486fe40dc96,"https://quod.lib.umich.edu/c/clark1ic/x-003279703/39015091910458|https://quod.lib.umich.edu/cgi/i/image/api/search/clark1ic:003279703|oai:quod.lib.umich.edu:IC-CLARK1IC-X-003279703%5D39015091910458|http://name.umdl.umich.edu/IC-CLARK1IC-X-003279703%5D39015091910458|https://quod.lib.umich.edu/cgi/i/image/api/thumb/clark1ic/003279703/39015091910458/!250,250|https://quod.lib.umich.edu/cgi/i/image/api/manifest/clark1ic:003279703:39015091910458|003279703; 8588e9f1-a6a2-46d5-b960-8486fe40dc96|oai:quod.lib.umich.edu:IC-CLARK1IC-X-003279703%5D39015091910466|http://name.umdl.umich.edu/IC-CLARK1IC-X-003279703%5D39015091910466|https://quod.lib.umich.edu/cgi/i/image/api/thumb/clark1ic/003279703/39015091910466/!250,250|https://quod.lib.umich.edu/cgi/i/image/api/manifest/clark1ic:003279703:39015091910466",2026-09-07T13:44:02.597084+00:00,existing
85b61391-eaf1-4283-aad2-184329c067df,"https://quod.lib.umich.edu/c/clark1ic/x-002614399/39015091899255|https://quod.lib.umich.edu/cgi/i/image/api/search/clark1ic:002614399|oai:quod.lib.umich.edu:IC-CLARK1IC-X-002614399%5D39015091899255|http://name.umdl.umich.edu/IC-CLARK1IC-X-002614399%5D39015091899255|https://quod.lib.umich.edu/cgi/i/image/api/thumb/clark1ic/002614399/39015091899255/!250,250|https://quod.lib.umich.edu/cgi/i/image/api/manifest/clark1ic:002614399:39015091899255|002614399; 85b61391-eaf1-4283-aad2-184329c067df",2026-09-07T13:44:02.597132+00:00,existing
85cfbbb2-d25e-428d-b8ac-f4cf179eb705,"https://quod.lib.umich.edu/c/clark1ic/x-003287906/39015091195167|https://quod.lib.umich.edu/cgi/i/image/api/search/clark1ic:003287906|oai:quod.lib.umich.edu:IC-CLARK1IC-X-003287906%5D39015091195167|http://name.umdl.umich.edu/IC-CLARK1IC-X-003287906%5D39015091195167|https://quod.lib.umich.edu/cgi/i/image/api/thumb/clark1ic/003287906/39015091195167/!250,250|https://quod.lib.umich.edu/cgi/i/image/api/manifest/clark1ic:003287906:39015091195167|003287906; 85cfbbb2-d25e-428d-b8ac-f4cf179eb705",2026-09-07T13:44:02.597178+00:00,existing
85fa07f3-2a5c-45ad-876c-35f7d2913e45,"https://quod.lib.umich.edu/c/clark1ic/x-002479398/39015091881170|https://quod.lib.umich.edu/cgi/i/image/api/search/clark1ic:002479398|oai:quod.lib.umich.edu:IC-CLARK1IC-X-002479398%5D39015091881170|http://name.umdl.umich.edu/IC-CLARK1IC-X-002479398%5D39015091881170|https://quod.lib.umich.edu/cgi/i/image/api/thumb/clark1ic/002479398/39015091881170/!250,250|https://quod.lib.umich.edu/cgi/i/image/api/manifest/clark1ic:002479398:39015091881170|002479398; 85fa07f3-2a5c-45ad-876c-35f7d2913e45",2026-09-07T13:44:02.597224+00:00,existing
8672d75f-9a35-4935-8742-7e23004e02af,"https://quod.lib.umich.edu/c/clark1ic/x-007544607/39015091186547|https://quod.lib.umich.edu/cgi/i/image/api/search/clark1ic:007544607|oai:quod.lib.umich.edu:IC-CLARK1IC-X-007544607%5D39015091186547|http://name.umdl.umich.edu/IC-CLARK1IC-X-007544607%5D39015091186547|https://quod.lib.umich.edu/cgi/i/image/api/thumb/clark1ic/007544607/39015091186547/!250,250|https://quod.lib.umich.edu/cgi/i/image/api/manifest/clark1ic:007544607:39015091186547|007544607; 8672d75f-9a35-4935-8742-7e23004e02af",2026-09-07T13:44:02.597270+00:00,existing
8689bce2-88a5-4d7c-a9a5-4c0e48a7f5e7,"https://quod.lib.umich.edu/c/clark1ic/x-002881238/39015091910755|https://quod.lib.umich.edu/cgi/i/image/api/search/clark1ic:002881238|oai:quod.lib.umich.edu:IC-CLARK1IC-X-002881238%5D39015091910755|http://name.umdl.umich.edu/IC-CLARK1IC-X-002881238%5D39015091910755|https://quod.lib.umich.edu/cgi/i/image/api/thumb/clark1ic/002881238/39015091910755/!250,250|https://quod.lib.umich.edu/cgi/i/image/api/manifest/clark1ic:002881238:39015091910755|002881238; 8689bce2-88a5-4d7c-a9a5-4c0e48a7f5e7",2026-09-07T13:44:02.597316+00:00,existing
86c8fdb9-a361-4781-83b7-107d3c9151cb,"https://quod.lib.umich.edu/c/clark1ic/x-001291820/39015091886732|https://quod.lib.umich.edu/cgi/i/image/api/search/clark1ic:001291820|oai:quod.lib.umich.edu:IC-CLARK1IC-X-001291820%5D39015091886732|http://name.umdl.umich.edu/IC-CLARK1IC-X-001291820%5D39015091886732|https://quod.lib.umich.edu/cgi/i/image/api/thumb/clark1ic/001291820/39015091886732/!250,250|https://quod.lib.umich.edu/cgi/i/image/api/manifest/clark1ic:001291820:39015091886732|001291820; 86c8fdb9-a361-4781-83b7-107d3c9151cb",2026-09-07T13:44:02.602169+00:00,existing
86f8745a-a703-47d6-921f-7d48aa4dd4ce,"https://quod.lib.umich.edu/c/clark1ic/x-000081905/39015091905227|https://quod.lib.umich.edu/cgi/i/image/api/search/clark1ic:000081905|oai:quod.lib.umich.edu:IC-CLARK1IC-X-000081905%5D39015091905227|http://name.umdl.umich.edu/IC-CLARK1IC-X-000081905%5D39015091905227|https://quod.lib.umich.edu/cgi/i/image/api/thumb/clark1ic/000081905/39015091905227/!250,250|https://quod.lib.umich.edu/cgi/i/image/api/manifest/clark1ic:000081905:39015091905227|000081905; 86f8745a-a703-47d6-921f-7d48aa4dd4ce",2026-09-07T13:44:02.602249+00:00,existing
872b48af-20af-4db5-9b50-454ca81d82b8,"https://quod.lib.umich.edu/c/clark1ic/x-005824069/39015091897036|https://quod.lib.umich.edu/cgi/i/image/api/search/clark1ic:005824069|oai:quod.lib.umich.edu:IC-CLARK1IC-X-005824069%5D39015091897036|http://name.umdl.umich.edu/IC-CLARK1IC-X-005824069%5D39015091897036|https://quod.lib.umich.edu/cgi/i/image/api/thumb/clark1ic/005824069/39015091897036/!250,250|https://quod.lib.umich.edu/cgi/i/image/api/manifest/clark1ic:005824069:39015091897036|005824069; 872b48af-20af-4db5-9b50-454ca81d82b8|oai:quod.lib.umich.edu:IC-CLARK1IC-X-005824069%5D39015091897333|http://name.umdl.umich.edu/IC-CLARK1IC-X-005824069%5D39015091897333|https://quod.lib.umich.edu/cgi/i/image/api/thumb/clark1ic/005824069/39015091897333/!250,250|https://quod.lib.umich.edu/cgi/i/image/api/manifest/clark1ic:005824069:39015091897333",2026-09-07T13:44:02.602307+00:00,existing
872fe1e6-9adf-421a-a6b2-c2b63cfc4b1a,"https://quod.lib.umich.edu/c/clark1ic/x-010349064/39015091192081_01|https://quod.lib.umich.edu/cgi/i/image/api/search/clark1ic:010349064|oai:quod.lib.umich.edu:IC-CLARK1IC-X-010349064%5D39015091192081_01|http://name.umdl.umich.edu/IC-CLARK1IC-X-010349064%5D39015091192081_01|https://quod.lib.umich.edu/cgi/i/image/api/thumb/clark1ic/010349064/39015091192081_01/!250,250|https://quod.lib.umich.edu/cgi/i/image/api/manifest/clark1ic:010349064:39015091192081_01|010349064; 872fe1e6-9adf-421a-a6b2-c2b63cfc4b1a|oai:quod.lib.umich.edu:IC-CLARK1IC-X-010349064%5D39015091192081_02|http://name.umdl.umich.edu/IC-CLARK1IC-X-010349064%5D39015091192081_02|https://quod.lib.umich.edu/cgi/i/image/api/thumb/clark1ic/010349064/39015091192081_02/!250,250|https://quod.lib.umich.edu/cgi/i/image/api/manifest/clark1ic:010349064:39015091192081_02",2026-09-07T13:44:02.602358+00:00,existing
87993c25-c001-4aae-8eb9-128649f49513,"https://quod.lib.umich.edu/c/clark1ic/x-010349119/39015091191802_01|https://quod.lib.umich.edu/cgi/i/image/api/search/clark1ic:010349119|oai:quod.lib.umich.edu:IC-CLARK1IC-X-010349119%5D39015091191802_01|http://name.umdl.umich.edu/IC-CLARK1IC-X-010349119%5D39015091191802_01|https://quod.lib.umich.edu/cgi/i/image/api/thumb/clark1ic/010349119/39015091191802_01/!250,250|https://quod.lib.umich.edu/cgi/i/image/api/manifest/clark1ic:010349119:39015091191802_01|010349119; 87993c25-c001-4aae-8eb9-128649f49513|oai:quod.lib.umich.edu:IC-CLARK1IC-X-010349119%5D39015091191802_02|http://name.umdl.umich.edu/IC-CLARK1IC-X-010349119%5D39015091191802_02|https://quod.lib.umich.edu/cgi/i/image/api/thumb/clark1ic/010349119/39015091191802_02/!250,250|https://quod.lib.umich.edu/cgi/i/image/api/manifest/clark1ic:010349119:39015091191802_02",2026-09-07T13:44:02.602407+00:00,existing
879ce97a-9ab7-4b83-9e3b-951fed007c6a,"https://quod.lib.umich.edu/c/clark1ic/x-007814506/39015095416155|https://quod.lib.umich.edu/cgi/i/image/api/search/clark1ic:007814506|oai:quod.lib.umich.edu:IC-CLARK1IC-X-007814506%5D39015095416155|http://name.umdl.umich.edu/IC-CLARK1IC-X-007814506%5D39015095416155|https://quod.lib.umich.edu/cgi/i/image/api/thumb/clark1ic/007814506/39015095416155/!250,250|https://quod.lib.umich.edu/cgi/i/image/api/manifest/clark1ic:007814506:39015095416155|007814506; 879ce97a-9ab7-4b83-9e3b-951fed007c6a",2026-09-07T13:44:02.602446+00:00,existing
8864d32f-8198-486b-884b-e584df87bfbc,"https://quod.lib.umich.edu/c/clark1ic/x-003107155/39015091920259_01|https://quod.lib.umich.edu/cgi/i/image/api/search/clark1ic:003107155|oai:quod.lib.umich.edu:IC-CLARK1IC-X-003107155%5D39015091920259_01|http://name.umdl.umich.edu/IC-CLARK1IC-X-003107155%5D39015091920259_01|https://quod.lib.umich.edu/cgi/i/image/api/thumb/clark1ic/003107155/39015091920259_01/!250,250|https://quod.lib.umich.edu/cgi/i/image/api/manifest/clark1ic:003107155:39015091920259_01|003107155; 8864d32f-8198-486b-884b-e584df87bfbc|oai:quod.lib.umich.edu:IC-CLARK1IC-X-003107155%5D39015091920259_02|http://name.umdl.umich.edu/IC-CLARK1IC-X-003107155%5D39015091920259_02|https://quod.lib.umich.edu/cgi/i/image/api/thumb/clark1ic/003107155/39015091920259_02/!250,250|https://quod.lib.umich.edu/cgi/i/image/api/manifest/clark1ic:003107155:39015091920259_02|oai:quod.lib.umich.edu:IC-CLARK1IC-X-003107155%5D39015091920259_03|http://name.umdl.umich.edu/IC-CLARK1IC-X-003107155%5D39015091920259_03|https://quod.lib.umich.edu/cgi/i/image/api/thumb/clark1ic/003107155/39015091920259_03/!250,250|https://quod.lib.umich.edu/cgi/i/image/api/manifest/clark1ic:003107155:39015091920259_03|oai:quod.lib.umich.edu:IC-CLARK1IC-X-003107155%5D39015091920259_04|http://name.umdl.umich.edu/IC-CLARK1IC-X-003107155%5D39015091920259_04|https://quod.lib.umich.edu/cgi/i/image/api/thumb/clark1ic/003107155/39015091920259_04/!250,250|https://quod.lib.umich.edu/cgi/i/image/api/manifest/clark1ic:003107155:39015091920259_04|oai:quod.lib.umich.edu:IC-CLARK1IC-X-003107155%5D39015091920259_05|http://name.umdl.umich.edu/IC-CLARK1IC-X-003107155%5D39015091920259_05|https://quod.lib.umich.edu/cgi/i/image/api/thumb/clark1ic/003107155/39015091920259_05/!250,250|https://quod.lib.umich.edu/cgi/i/image/api/manifest/clark1ic:003107155:39015091920259_05|oai:quod.lib.umich.edu:IC-CLARK1IC-X-003107155%5D39015091920259_06|http://name.umdl.umich.edu/IC-CLARK1IC-X-003107155%5D39015091920259_06|https://quod.lib.umich.edu/cgi/i/image/api/thumb/clark1ic/003107155/39015091920259_06/!250,250|https://quod.lib.umich.edu/cgi/i/image/api/manifest/clark1ic:003107155:39015091920259_06|oai:quod.lib.umich.edu:IC-CLARK1IC-X-003107155%5D39015091920259_07|http://name.umdl.umich.edu/IC-CLARK1IC-X-003107155%5D39015091920259_07|https://quod.lib.umich.edu/cgi/i/image/api/thumb/clark1ic/003107155/39015091920259_07/!250,250|https://quod.lib.umich.edu/cgi/i/image/api/manifest/clark1ic:003107155:39015091920259_07",2026-09-07T13:44:02.602563+00:00,existing
8880dabc-8d61-4fed-806d-55fbd0a40610,"https://quod.lib.umich.edu/c/clark1ic/x-003280251/39015091881220|https://quod.lib.umich.edu/cgi/i/image/api/search/clark1ic:003280251|oai:quod.lib.umich.edu:IC-CLARK1IC-X-003280251%5D39015091881220|http://name.umdl.umich.edu/IC-CLARK1IC-X-003280251%5D39015091881220|https://quod.lib.umich.edu/cgi/i/image/api/thumb/clark1ic/003280251/39015091881220/!250,250|https://quod.lib.umich.edu/cgi/i/image/api/manifest/clark1ic:003280251:39015091881220|003280251; 8880dabc-8d61-4fed-806d-55fbd0a40610",2026-09-07T13:44:02.602597+00:00,existing
89326e9c-ba75-4fa6-bd7f-3dafec6db36d,"https://quod.lib.umich.edu/c/clark1ic/x-003279007/39015091887896|https://quod.lib.umich.edu/cgi/i/image/api/search/clark1ic:003279007|oai:quod.lib.umich.edu:IC-CLARK1IC-X-003279007%5D39015091887896|http://name.umdl.umich.edu/IC-CLARK1IC-X-003279007%5D39015091887896|https://quod.lib.umich.edu/cgi/i/image/api/thumb/clark1ic/003279007/39015091887896/!250,250|https://quod.lib.umich.edu/cgi/i/image/api/manifest/clark1ic:003279007:39015091887896|003279007; 89326e9c-ba75-4fa6-bd7f-3dafec6db36d",2026-09-07T13:44:02.602631+00:00,existing
89427170-a235-4125-972b-dc0f90af3e38,"https://quod.lib.umich.edu/c/clark1ic/x-009557218/39015091196959|https://quod.lib.umich.edu/cgi/i/image/api/search/clark1ic:009557218|oai:quod.lib.umich.edu:IC-CLARK1IC-X-009557218%5D39015091196959|http://name.umdl.umich.edu/IC-CLARK1IC-X-009557218%5D39015091196959|https://quod.lib.umich.edu/cgi/i/image/api/thumb/clark1ic/009557218/39015091196959/!250,250|https://quod.lib.umich.edu/cgi/i/image/api/manifest/clark1ic:009557218:39015091196959|009557218; 89427170-a235-4125-972b-dc0f90af3e38",2026-09-07T13:44:02.602664+00:00,existing
89b81309-8c1b-4b05-b363-0fb25c4b55c0,"https://quod.lib.umich.edu/c/clark1ic/x-003576529/39015091192289_01|https://quod.lib.umich.edu/cgi/i/image/api/search/clark1ic:003576529|oai:quod.lib.umich.edu:IC-CLARK1IC-X-003576529%5D39015091192289_01|http://name.umdl.umich.edu/IC-CLARK1IC-X-003576529%5D39015091192289_01|https://quod.lib.umich.edu/cgi/i/image/api/thumb/clark1ic/003576529/39015091192289_01/!250,250|https://quod.lib.umich.edu/cgi/i/image/api/manifest/clark1ic:003576529:39015091192289_01|003576529; 89b81309-8c1b-4b05-b363-0fb25c4b55c0|oai:quod.lib.umich.edu:IC-CLARK1IC-X-003576529%5D39015091192289_02|http://name.umdl.umich.edu/IC-CLARK1IC-X-003576529%5D39015091192289_02|https://quod.lib.umich.edu/cgi/i/image/api/thumb/clark1ic/003576529/39015091192289_02/!250,250|https://quod.lib.umich.edu/cgi/i/image/api/manifest/clark1ic:003576529:39015091192289_02",2026-09-07T13:44:02.602710+00:00,existing
89f261c2-1037-46c7-9f9c-9f09fcff1511,"https://quod.lib.umich.edu/c/clark1ic/x-012543835/39015091193790_01|https://quod.lib.umich.edu/cgi/i/image/api/search/clark1ic:012543835|oai:quod.lib.umich.edu:IC-CLARK1IC-X-012543835%5D39015091193790_01|http://name.umdl.umich.edu/IC-CLARK1IC-X-012543835%5D39015091193790_01|https://quod.lib.umich.edu/cgi/i/image/api/thumb/clark1ic/012543835/39015091193790_01/!250,250|https://quod.lib.umich.edu/cgi/i/image/api/manifest/clark1ic:012543835:39015091193790_01|012543835; 89f261c2-1037-46c7-9f9c-9f09fcff1511|oai:quod.lib.umich.edu:IC-CLARK1IC-X-012543835%5D39015091193790_02|http://name.umdl.umich.edu/IC-CLARK1IC-X-012543835%5D39015091193790_02|https://quod.lib.umich.edu/cgi/i/image/api/thumb/clark1ic/012543835/39015091193790_02/!250,250|https://quod.lib.umich.edu/cgi/i/image/api/manifest/clark1ic:012543835:39015091193790_02",2026-09-07T13:44:02.602755+00:00,existing
89f96054-a437-46b6-87a8-89721d628739,"https://quod.lib.umich.edu/c/clark1ic/x-002601304/39015091186836|https://quod.lib.umich.edu/cgi/i/image/api/search/clark1ic:002601304|oai:quod.lib.umich.edu:IC-CLARK1IC-X-002601304%5D39015091186836|http://name.umdl.umich.edu/IC-CLARK1IC-X-002601304%5D39015091186836|https://quod.lib.umich.edu/cgi/i/image/api/thumb/clark1ic/002601304/39015091186836/!250,250|https://quod.lib.umich.edu/cgi/i/image/api/manifest/clark1ic:002601304:39015091186836|002601304; 89f96054-a437-46b6-87a8-89721d628739",2026-09-07T13:44:02.602789+00:00,existing
8a641d72-e772-46d4-9df6-d7fa907553d7,"https://quod.lib.umich.edu/c/clark1ic/x-011348224/39015091200793_01|https://quod.lib.umich.edu/cgi/i/image/api/search/clark1ic:011348224|oai:quod.lib.umich.edu:IC-CLARK1IC-X-011348224%5D39015091200793_01|http://name.umdl.umich.edu/IC-CLARK1IC-X-011348224%5D39015091200793_01|https://quod.lib.umich.edu/cgi/i/image/api/thumb/clark1ic/011348224/39015091200793_01/!250,250|https://quod.lib.umich.edu/cgi/i/image/api/manifest/clark1ic:011348224:39015091200793_01|011348224; 8a641d72-e772-46d4-9df6-d7fa907553d7|oai:quod.lib.umich.edu:IC-CLARK1IC-X-011348224%5D39015091200793_02|http://name.umdl.umich.edu/IC-CLARK1IC-X-011348224%5D39015091200793_02|https://quod.lib.umich.edu/cgi/i/image/api/thumb/clark1ic/011348224/39015091200793_02/!250,250|https://quod.lib.umich.edu/cgi/i/image/api/manifest/clark1ic:011348224:39015091200793_02",2026-09-07T13:44:02.602835+00:00,existing
8a917034-9769-447d-8d12-e9e2d45105bd,"https://quod.lib.umich.edu/c/clark1ic/x-000889675/39015091194962|https://quod.lib.umich.edu/cgi/i/image/api/search/clark1ic:000889675|oai:quod.lib.umich.edu:IC-CLARK1IC-X-000889675%5D39015091194962|http://name.umdl.umich.edu/IC-CLARK1IC-X-000889675%5D39015091194962|https://quod.lib.umich.edu/cgi/i/image/api/thumb/clark1ic/000889675/39015091194962/!250,250|https://quod.lib.umich.edu/cgi/i/image/api/manifest/clark1ic:000889675:39015091194962|000889675; 8a917034-9769-447d-8d12-e9e2d45105bd",2026-09-07T13:44:02.602869+00:00,existing
8aa0983e-20c2-498e-826b-561e05875b2d,"https://quod.lib.umich.edu/c/clark1ic/x-003560934/39015091186646|https://quod.lib.umich.edu/cgi/i/image/api/search/clark1ic:003560934|oai:quod.lib.umich.edu:IC-CLARK1IC-X-003560934%5D39015091186646|http://name.umdl.umich.edu/IC-CLARK1IC-X-003560934%5D39015091186646|https://quod.lib.umich.edu/cgi/i/image/api/thumb/clark1ic/003560934/39015091186646/!250,250|https://quod.lib.umich.edu/cgi/i/image/api/manifest/clark1ic:003560934:39015091186646|003560934; 8aa0983e-20c2-498e-826b-561e05875b2d",2026-09-07T13:44:02.602901+00:00,existing
8ac9bd93-648c-48b2-a5e7-8fe9a6ba51be,"https://quod.lib.umich.edu/c/clark1ic/x-009662627/39015091195613|https://quod.lib.umich.edu/cgi/i/image/api/search/clark1ic:009662627|oai:quod.lib.umich.edu:IC-CLARK1IC-X-009662627%5D39015091195613|http://name.umdl.umich.edu/IC-CLARK1IC-X-009662627%5D39015091195613|https://quod.lib.umich.edu/cgi/i/image/api/thumb/clark1ic/009662627/39015091195613/!250,250|https://quod.lib.umich.edu/cgi/i/image/api/manifest/clark1ic:009662627:39015091195613|009662627; 8ac9bd93-648c-48b2-a5e7-8fe9a6ba51be",2026-09-07T13:44:02.602935+00:00,existing
8b8dd72f-7b06-437d-99fd-2ccaaea722e0,"https://quod.lib.umich.edu/c/clark1ic/x-010349201/39015091192396_01|https://quod.lib.umich.edu/cgi/i/image/api/search/clark1ic:010349201|oai:quod.lib.umich.edu:IC-CLARK1IC-X-010349201%5D39015091192396_01|http://name.umdl.umich.edu/IC-CLARK1IC-X-010349201%5D39015091192396_01|https://quod.lib.umich.edu/cgi/i/image/api/thumb/clark1ic/010349201/39015091192396_01/!250,250|https://quod.lib.umich.edu/cgi/i/image/api/manifest/clark1ic:010349201:39015091192396_01|010349201; 8b8dd72f-7b06-437d-99fd-2ccaaea722e0|oai:quod.lib.umich.edu:IC-CLARK1IC-X-010349201%5D39015091192396_02|http://name.umdl.umich.edu/IC-CLARK1IC-X-010349201%5D39015091192396_02|https://quod.lib.umich.edu/cgi/i/image/api/thumb/clark1ic/010349201/39015091192396_02/!250,250|https://quod.lib.umich.edu/cgi/i/image/api/manifest/clark1ic:010349201:39015091192396_02",2026-09-07T13:44:02.602989+00:00,existing
8b9bec8f-9bc7-4a87-91d7-40d147c39f6a,"https://quod.lib.umich.edu/c/clark1ic/x-012512400/39015095391143|https://quod.lib.umich.edu/cgi/i/image/api/search/clark1ic:012512400|oai:quod.lib.umich.edu:IC-CLARK1IC-X-012512400%5D39015095391143|http://name.umdl.umich.edu/IC-CLARK1IC-X-012512400%5D39015095391143|https://quod.lib.umich.edu/cgi/i/image/api/thumb/clark1ic/012512400/39015095391143/!250,250|https://quod.lib.umich.edu/cgi/i/image/api/manifest/clark1ic:012512400:39015095391143|012512400; 8b9bec8f-9bc7-4a87-91d7-40d147c39f6a",2026-09-07T13:44:02.603022+00:00,existing
8c38f922-27f5-49ed-ab00-afac131850dc,"https://quod.lib.umich.edu/c/clark1ic/x-013533037/39015091900970|https://quod.lib.umich.edu/cgi/i/image/api/search/clark1ic:013533037|oai:quod.lib.umich.edu:IC-CLARK1IC-X-013533037%5D39015091900970|http://name.umdl.umich.edu/IC-CLARK1IC-X-013533037%5D39015091900970|https://quod.lib.umich.edu/cgi/i/image/api/thumb/clark1ic/013533037/39015091900970/!250,250|https://quod.lib.umich.edu/cgi/i/image/api/manifest/clark1ic:013533037:39015091900970|013533037; 8c38f922-27f5-49ed-ab00-afac131850dc",2026-09-07T13:44:02.603054+00:00,existing
8c558071-ff26-42d9-aefd-70010a549823,"https://quod.lib.umich.edu/c/clark1ic/x-003285990/39015091185952|https://quod.lib.umich.edu/cgi/i/image/api/search/clark1ic:003285990|oai:quod.lib.umich.edu:IC-CLARK1IC-X-003285990%5D39015091185952|http://name.umdl.umich.edu/IC-CLARK1IC-X-003285990%5D39015091185952|https://quod.lib.umich.edu/cgi/i/image/api/thumb/clark1ic/003285990/39015091185952/!250,250|https://quod.lib.umich.edu/cgi/i/image/api/manifest/clark1ic:003285990:39015091185952|003285990; 8c558071-ff26-42d9-aefd-70010a549823",2026-09-07T13:44:02.603086+00:00,existing
8c8c9e23-709e-4e7b-ae9b-8e79d4c18db7,"https://quod.lib.umich.edu/c/clark1ic/x-003111040/39015091921596_01|https://quod.lib.umich.edu/cgi/i/image/api/search/clark1ic:003111040|oai:quod.lib.umich.edu:IC-CLARK1IC-X-003111040%5D39015091921596_01|http://name.umdl.umich.edu/IC-CLARK1IC-X-003111040%5D39015091921596_01|https://quod.lib.umich.edu/cgi/i/image/api/thumb/clark1ic/003111040/39015091921596_01/!250,250|https://quod.lib.umich.edu/cgi/i/image/api/manifest/clark1ic:003111040:39015091921596_01|003111040; 8c8c9e23-709e-4e7b-ae9b-8e79d4c18db7|oai:quod.lib.umich.edu:IC-CLARK1IC-X-003111040%5D39015091921596_02|http://name.umdl.umich.edu/IC-CLARK1IC-X-003111040%5D39015091921596_02|https://quod.lib.umich.edu/cgi/i/image/api/thumb/clark1ic/003111040/39015091921596_02/!250,250|https://quod.lib.umich.edu/cgi/i/image/api/manifest/clark1ic:003111040:39015091921596_02|oai:quod.lib.umich.edu:IC-CLARK1IC-X-003111040%5D39015091921596_03|http://name.umdl.umich.edu/IC-CLARK1IC-X-003111040%5D39015091921596_03|https://quod.lib.umich.edu/cgi/i/image/api/thumb/clark1ic/003111040/39015091921596_03/!250,250|https://quod.lib.umich.edu/cgi/i/image/api/manifest/clark1ic:003111040:39015091921596_03",2026-09-07T13:44:02.603145+00:00,existing
8cd4bc46-913b-46c4-8416-0b6ef6a6f737,"https://quod.lib.umich.edu/c/clark1ic/x-012485220/39015095390970|https://quod.lib.umich.edu/cgi/i/image/api/search/clark1ic:012485220|oai:quod.lib.umich.edu:IC-CLARK1IC-X-012485220%5D39015095390970|http://name.umdl.umich.edu/IC-CLARK1IC-X-012485220%5D39015095390970|https://quod.lib.umich.edu/cgi/i/image/api/thumb/clark1ic/012485220/39015095390970/!250,250|https://quod.lib.umich.edu/cgi/i/image/api/manifest/clark1ic:012485220:39015095390970|012485220; 8cd4bc46-913b-46c4-8416-0b6ef6a6f737",2026-09-07T13:44:02.603185+00:00,existing
8d13cf50-5050-4b3b-9494-8709989c0350,"https://quod.lib.umich.edu/c/clark1ic/x-003983124/39015091888738|https://quod.lib.umich.edu/cgi/i/image/api/search/clark1ic:003983124|oai:quod.lib.umich.edu:IC-CLARK1IC-X-003983124%5D39015091888738|http://name.umdl.umich.edu/IC-CLARK1IC-X-003983124%5D39015091888738|https://quod.lib.umich.edu/cgi/i/image/api/thumb/clark1ic/003983124/39015091888738/!250,250|https://quod.lib.umich.edu/cgi/i/image/api/manifest/clark1ic:003983124:39015091888738|003983124; 8d13cf50-5050-4b3b-9494-8709989c0350|oai:quod.lib.umich.edu:IC-CLARK1IC-X-003983124%5D39015091888746|http://name.umdl.umich.edu/IC-CLARK1IC-X-003983124%5D39015091888746|https://quod.lib.umich.edu/cgi/i/image/api/thumb/clark1ic/003983124/39015091888746/!250,250|https://quod.lib.umich.edu/cgi/i/image/api/manifest/clark1ic:003983124:39015091888746",2026-09-07T13:44:02.603244+00:00,existing
8d60ba67-ce3e-4d75-a5a1-ccabbc53a12e,"https://quod.lib.umich.edu/c/clark1ic/x-012523752/39015091191299_01|https://quod.lib.umich.edu/cgi/i/image/api/search/clark1ic:012523752|oai:quod.lib.umich.edu:IC-CLARK1IC-X-012523752%5D39015091191299_01|http://name.umdl.umich.edu/IC-CLARK1IC-X-012523752%5D39015091191299_01|https://quod.lib.umich.edu/cgi/i/image/api/thumb/clark1ic/012523752/39015091191299_01/!250,250|https://quod.lib.umich.edu/cgi/i/image/api/manifest/clark1ic:012523752:39015091191299_01|012523752; 8d60ba67-ce3e-4d75-a5a1-ccabbc53a12e|oai:quod.lib.umich.edu:IC-CLARK1IC-X-012523752%5D39015091191299_02|http://name.umdl.umich.edu/IC-CLARK1IC-X-012523752%5D39015091191299_02|https://quod.lib.umich.edu/cgi/i/image/api/thumb/clark1ic/012523752/39015091191299_02/!250,250|https://quod.lib.umich.edu/cgi/i/image/api/manifest/clark1ic:012523752:39015091191299_02",2026-09-07T13:44:02.603290+00:00,existing
8d6e6ebc-444b-4c21-864d-3f3c6563df7c,"https://quod.lib.umich.edu/c/clark1ic/x-002612737/39015091916091|https://quod.lib.umich.edu/cgi/i/image/api/search/clark1ic:002612737|oai:quod.lib.umich.edu:IC-CLARK1IC-X-002612737%5D39015091916091|http://name.umdl.umich.edu/IC-CLARK1IC-X-002612737%5D39015091916091|https://quod.lib.umich.edu/cgi/i/image/api/thumb/clark1ic/002612737/39015091916091/!250,250|https://quod.lib.umich.edu/cgi/i/image/api/manifest/clark1ic:002612737:39015091916091|002612737; 8d6e6ebc-444b-4c21-864d-3f3c6563df7c",2026-09-07T13:44:02.603323+00:00,existing
8db801bc-6bbd-4751-88ee-101c5f2d7ea8,"https://quod.lib.umich.edu/c/clark1ic/x-002877968/39015091903297|https://quod.lib.umich.edu/cgi/i/image/api/search/clark1ic:002877968|oai:quod.lib.umich.edu:IC-CLARK1IC-X-002877968%5D39015091903297|http://name.umdl.umich.edu/IC-CLARK1IC-X-002877968%5D39015091903297|https://quod.lib.umich.edu/cgi/i/image/api/thumb/clark1ic/002877968/39015091903297/!250,250|https://quod.lib.umich.edu/cgi/i/image/api/manifest/clark1ic:002877968:39015091903297|002877968; 8db801bc-6bbd-4751-88ee-101c5f2d7ea8",2026-09-07T13:44:02.603355+00:00,existing
8dcc2fbe-611b-478b-8997-c163ff4a70ac,"https://quod.lib.umich.edu/c/clark1ic/x-003101695/39015091921240|https://quod.lib.umich.edu/cgi/i/image/api/search/clark1ic:003101695|oai:quod.lib.umich.edu:IC-CLARK1IC-X-003101695%5D39015091921224_01|http://name.umdl.umich.edu/IC-CLARK1IC-X-003101695%5D39015091921224_01|https://quod.lib.umich.edu/cgi/i/image/api/thumb/clark1ic/003101695/39015091921224_01/!250,250|https://quod.lib.umich.edu/cgi/i/image/api/manifest/clark1ic:003101695:39015091921224_01|003101695; 8dcc2fbe-611b-478b-8997-c163ff4a70ac|oai:quod.lib.umich.edu:IC-CLARK1IC-X-003101695%5D39015091921224_02|http://name.umdl.umich.edu/IC-CLARK1IC-X-003101695%5D39015091921224_02|https://quod.lib.umich.edu/cgi/i/image/api/thumb/clark1ic/003101695/39015091921224_02/!250,250|https://quod.lib.umich.edu/cgi/i/image/api/manifest/clark1ic:003101695:39015091921224_02|oai:quod.lib.umich.edu:IC-CLARK1IC-X-003101695%5D39015091921224_03|http://name.umdl.umich.edu/IC-CLARK1IC-X-003101695%5D39015091921224_03|https://quod.lib.umich.edu/cgi/i/image/api/thumb/clark1ic/003101695/39015091921224_03/!250,250|https://quod.lib.umich.edu/cgi/i/image/api/manifest/clark1ic:003101695:39015091921224_03|oai:quod.lib.umich.edu:IC-CLARK1IC-X-003101695%5D39015091921240|http://name.umdl.umich.edu/IC-CLARK1IC-X-003101695%5D39015091921240|https://quod.lib.umich.edu/cgi/i/image/api/thumb/clark1ic/003101695/39015091921240/!250,250|https://quod.lib.umich.edu/cgi/i/image/api/manifest/clark1ic:003101695:39015091921240",2026-09-07T13:44:02.603427+00:00,existing
8dea53f3-dd38-476d-b701-c0f919c0be0a,"https://quod.lib.umich.edu/c/clark1ic/x-000079750/39015095416163|https://quod.lib.umich.edu/cgi/i/image/api/search/clark1ic:000079750|oai:quod.lib.umich.edu:IC-CLARK1IC-X-000079750%5D39015095416163|http://name.umdl.umich.edu/IC-CLARK1IC-X-000079750%5D39015095416163|https://quod.lib.umich.edu/cgi/i/image/api/thumb/clark1ic/000079750/39015095416163/!250,250|https://quod.lib.umich.edu/cgi/i/image/api/manifest/clark1ic:000079750:39015095416163|000079750; 8dea53f3-dd38-476d-b701-c0f919c0be0a",2026-09-07T13:44:02.603460+00:00,existing
8df0eb46-93fb-4cc3-8950-eb1158d7e202,"https://quod.lib.umich.edu/c/clark1ic/x-003288928/39015091191687_01|https://quod.lib.umich.edu/cgi/i/image/api/search/clark1ic:003288928|oai:quod.lib.umich.edu:IC-CLARK1IC-X-003288928%5D39015091191687_01|http://name.umdl.umich.edu/IC-CLARK1IC-X-003288928%5D39015091191687_01|https://quod.lib.umich.edu/cgi/i/image/api/thumb/clark1ic/003288928/39015091191687_01/!250,250|https://quod.lib.umich.edu/cgi/i/image/api/manifest/clark1ic:003288928:39015091191687_01|003288928; 8df0eb46-93fb-4cc3-8950-eb1158d7e202|oai:quod.lib.umich.edu:IC-CLARK1IC-X-003288928%5D39015091191687_02|http://name.umdl.umich.edu/IC-CLARK1IC-X-003288928%5D39015091191687_02|https://quod.lib.umich.edu/cgi/i/image/api/thumb/clark1ic/003288928/39015091191687_02/!250,250|https://quod.lib.umich.edu/cgi/i/image/api/manifest/clark1ic:003288928:39015091191687_02",2026-09-07T13:44:02.603507+00:00,existing
8e14c82a-5f93-4573-8a3e-e154f2cb7f32,"https://quod.lib.umich.edu/c/clark1ic/x-005103536/39015091186745|https://quod.lib.umich.edu/cgi/i/image/api/search/clark1ic:005103536|oai:quod.lib.umich.edu:IC-CLARK1IC-X-005103536%5D39015091186745|http://name.umdl.umich.edu/IC-CLARK1IC-X-005103536%5D39015091186745|https://quod.lib.umich.edu/cgi/i/image/api/thumb/clark1ic/005103536/39015091186745/!250,250|https://quod.lib.umich.edu/cgi/i/image/api/manifest/clark1ic:005103536:39015091186745|005103536; 8e14c82a-5f93-4573-8a3e-e154f2cb7f32",2026-09-07T13:44:02.603539+00:00,existing
8e4dab71-59b8-43d5-806e-4403f4711707,"https://quod.lib.umich.edu/c/clark1ic/x-003595012/39015091916505|https://quod.lib.umich.edu/cgi/i/image/api/search/clark1ic:003595012|oai:quod.lib.umich.edu:IC-CLARK1IC-X-003595012%5D39015091916505|http://name.umdl.umich.edu/IC-CLARK1IC-X-003595012%5D39015091916505|https://quod.lib.umich.edu/cgi/i/image/api/thumb/clark1ic/003595012/39015091916505/!250,250|https://quod.lib.umich.edu/cgi/i/image/api/manifest/clark1ic:003595012:39015091916505|003595012; 8e4dab71-59b8-43d5-806e-4403f4711707",2026-09-07T13:44:02.603573+00:00,existing
8eb55c73-1697-4fb1-8e81-ebf36f243429,"https://quod.lib.umich.edu/c/clark1ic/x-003286826/39015091186984|https://quod.lib.umich.edu/cgi/i/image/api/search/clark1ic:003286826|oai:quod.lib.umich.edu:IC-CLARK1IC-X-003286826%5D39015091186984|http://name.umdl.umich.edu/IC-CLARK1IC-X-003286826%5D39015091186984|https://quod.lib.umich.edu/cgi/i/image/api/thumb/clark1ic/003286826/39015091186984/!250,250|https://quod.lib.umich.edu/cgi/i/image/api/manifest/clark1ic:003286826:39015091186984|003286826; 8eb55c73-1697-4fb1-8e81-ebf36f243429",2026-09-07T13:44:02.603607+00:00,existing
8ebef698-91f8-4188-8039-7d897aa879e3,"https://quod.lib.umich.edu/c/clark1ic/x-013401686/39015091198294|https://quod.lib.umich.edu/cgi/i/image/api/search/clark1ic:013401686|oai:quod.lib.umich.edu:IC-CLARK1IC-X-013401686%5D39015091198294|http://name.umdl.umich.edu/IC-CLARK1IC-X-013401686%5D39015091198294|https://quod.lib.umich.edu/cgi/i/image/api/thumb/clark1ic/013401686/39015091198294/!250,250|https://quod.lib.umich.edu/cgi/i/image/api/manifest/clark1ic:013401686:39015091198294|013401686; 8ebef698-91f8-4188-8039-7d897aa879e3",2026-09-07T13:44:02.603639+00:00,existing
8ec941c8-cad0-4af0-aad9-723deb1247f6,"https://quod.lib.umich.edu/c/clark1ic/x-005656375/39015091195068|https://quod.lib.umich.edu/cgi/i/image/api/search/clark1ic:005656375|oai:quod.lib.umich.edu:IC-CLARK1IC-X-005656375%5D39015091195068|http://name.umdl.umich.edu/IC-CLARK1IC-X-005656375%5D39015091195068|https://quod.lib.umich.edu/cgi/i/image/api/thumb/clark1ic/005656375/39015091195068/!250,250|https://quod.lib.umich.edu/cgi/i/image/api/manifest/clark1ic:005656375:39015091195068|005656375; 8ec941c8-cad0-4af0-aad9-723deb1247f6",2026-09-07T13:44:02.603671+00:00,existing
8ecc6a8e-060b-412b-9ef2-e4f3023c8032,"https://quod.lib.umich.edu/c/clark1ic/x-009695929/39015091183502|https://quod.lib.umich.edu/cgi/i/image/api/search/clark1ic:009695929|oai:quod.lib.umich.edu:IC-CLARK1IC-X-009695929%5D39015091183502|http://name.umdl.umich.edu/IC-CLARK1IC-X-009695929%5D39015091183502|https://quod.lib.umich.edu/cgi/i/image/api/thumb/clark1ic/009695929/39015091183502/!250,250|https://quod.lib.umich.edu/cgi/i/image/api/manifest/clark1ic:009695929:39015091183502|009695929; 8ecc6a8e-060b-412b-9ef2-e4f3023c8032",2026-09-07T13:44:02.603703+00:00,existing
8f50e0f3-65b6-4e5e-8747-90aab925acf7,"https://quod.lib.umich.edu/c/clark1ic/x-003566121/39015095390566|https://quod.lib.umich.edu/cgi/i/image/api/search/clark1ic:003566121|oai:quod.lib.umich.edu:IC-CLARK1IC-X-003566121%5D39015095390566|http://name.umdl.umich.edu/IC-CLARK1IC-X-003566121%5D39015095390566|https://quod.lib.umich.edu/cgi/i/image/api/thumb/clark1ic/003566121/39015095390566/!250,250|https://quod.lib.umich.edu/cgi/i/image/api/manifest/clark1ic:003566121:39015095390566|003566121; 8f50e0f3-65b6-4e5e-8747-90aab925acf7",2026-09-07T13:44:02.603734+00:00,existing
9072e622-bd1f-434d-8022-923d291f578f,"https://quod.lib.umich.edu/c/clark1ic/x-003280960/39015091195423|https://quod.lib.umich.edu/cgi/i/image/api/search/clark1ic:003280960|oai:quod.lib.umich.edu:IC-CLARK1IC-X-003280960%5D39015091195423|http://name.umdl.umich.edu/IC-CLARK1IC-X-003280960%5D39015091195423|https://quod.lib.umich.edu/cgi/i/image/api/thumb/clark1ic/003280960/39015091195423/!250,250|https://quod.lib.umich.edu/cgi/i/image/api/manifest/clark1ic:003280960:39015091195423|003280960; 9072e622-bd1f-434d-8022-923d291f578f",2026-09-07T13:44:02.603767+00:00,existing
9139578d-7803-4f4f-9ed3-a62ab810a256,"https://quod.lib.umich.edu/c/clark1ic/x-003289100/39015091916158|https://quod.lib.umich.edu/cgi/i/image/api/search/clark1ic:003289100|oai:quod.lib.umich.edu:IC-CLARK1IC-X-003289100%5D39015091916158|http://name.umdl.umich.edu/IC-CLARK1IC-X-003289100%5D39015091916158|https://quod.lib.umich.edu/cgi/i/image/api/thumb/clark1ic/003289100/39015091916158/!250,250|https://quod.lib.umich.edu/cgi/i/image/api/manifest/clark1ic:003289100:39015091916158|003289100; 9139578d-7803-4f4f-9ed3-a62ab810a256",2026-09-07T13:44:02.603798+00:00,existing
91553e6e-8c58-4cdf-bdbc-5b1bfae976b5,"https://quod.lib.umich.edu/c/clark1ic/x-003281269/39015091191653_01|https://quod.lib.umich.edu/cgi/i/image/api/search/clark1ic:003281269|oai:quod.lib.umich.edu:IC-CLARK1IC-X-003281269%5D39015091191653_01|http://name.umdl.umich.edu/IC-CLARK1IC-X-003281269%5D39015091191653_01|https://quod.lib.umich.edu/cgi/i/image/api/thumb/clark1ic/003281269/39015091191653_01/!250,250|https://quod.lib.umich.edu/cgi/i/image/api/manifest/clark1ic:003281269:39015091191653_01|003281269; 91553e6e-8c58-4cdf-bdbc-5b1bfae976b5",2026-09-07T13:44:02.603830+00:00,existing
91746289-b4f3-479e-9019-de7f511f3bd6,"https://quod.lib.umich.edu/c/clark1ic/x-013698043/39015091910037_0001|https://quod.lib.umich.edu/cgi/i/image/api/search/clark1ic:013698043|oai:quod.lib.umich.edu:IC-CLARK1IC-X-013698043%5D39015091910037_0001|http://name.umdl.umich.edu/IC-CLARK1IC-X-013698043%5D39015091910037_0001|https://quod.lib.umich.edu/cgi/i/image/api/thumb/clark1ic/013698043/39015091910037_0001/!250,250|https://quod.lib.umich.edu/cgi/i/image/api/manifest/clark1ic:013698043:39015091910037_0001|013698043; 91746289-b4f3-479e-9019-de7f511f3bd6",2026-09-07T13:44:02.603862+00:00,existing
917bd79a-0dbe-4cc9-8d10-704c9c37a846,"https://quod.lib.umich.edu/c/clark1ic/x-006776509/39015091899313_01|https://quod.lib.umich.edu/cgi/i/image/api/search/clark1ic:006776509|oai:quod.lib.umich.edu:IC-CLARK1IC-X-006776509%5D39015091899313_01|http://name.umdl.umich.edu/IC-CLARK1IC-X-006776509%5D39015091899313_01|https://quod.lib.umich.edu/cgi/i/image/api/thumb/clark1ic/006776509/39015091899313_01/!250,250|https://quod.lib.umich.edu/cgi/i/image/api/manifest/clark1ic:006776509:39015091899313_01|006776509; 917bd79a-0dbe-4cc9-8d10-704c9c37a846|oai:quod.lib.umich.edu:IC-CLARK1IC-X-006776509%5D39015091899313_02|http://name.umdl.umich.edu/IC-CLARK1IC-X-006776509%5D39015091899313_02|https://quod.lib.umich.edu/cgi/i/image/api/thumb/clark1ic/006776509/39015091899313_02/!250,250|https://quod.lib.umich.edu/cgi/i/image/api/manifest/clark1ic:006776509:39015091899313_02",2026-09-07T13:44:02.603907+00:00,existing
919fbf03-8e00-4bb4-aa8a-41c87114c0e1,"https://quod.lib.umich.edu/c/clark1ic/x-012520282/39015091192313_01|https://quod.lib.umich.edu/cgi/i/image/api/search/clark1ic:012520282|oai:quod.lib.umich.edu:IC-CLARK1IC-X-012520282%5D39015091192313_01|http://name.umdl.umich.edu/IC-CLARK1IC-X-012520282%5D39015091192313_01|https://quod.lib.umich.edu/cgi/i/image/api/thumb/clark1ic/012520282/39015091192313_01/!250,250|https://quod.lib.umich.edu/cgi/i/image/api/manifest/clark1ic:012520282:39015091192313_01|012520282; 919fbf03-8e00-4bb4-aa8a-41c87114c0e1|oai:quod.lib.umich.edu:IC-CLARK1IC-X-012520282%5D39015091192313_02|http://name.umdl.umich.edu/IC-CLARK1IC-X-012520282%5D39015091192313_02|https://quod.lib.umich.edu/cgi/i/image/api/thumb/clark1ic/012520282/39015091192313_02/!250,250|https://quod.lib.umich.edu/cgi/i/image/api/manifest/clark1ic:012520282:39015091192313_02",2026-09-07T13:44:02.603952+00:00,existing
91aa101f-0bc8-4976-95aa-230aad53f43f,"https://quod.lib.umich.edu/c/clark1ic/x-002724542/39015091196231_01|https://quod.lib.umich.edu/cgi/i/image/api/search/clark1ic:002724542|oai:quod.lib.umich.edu:IC-CLARK1IC-X-002724542%5D39015091196231_01|http://name.umdl.umich.edu/IC-CLARK1IC-X-002724542%5D39015091196231_01|https://quod.lib.umich.edu/cgi/i/image/api/thumb/clark1ic/002724542/39015091196231_01/!250,250|https://quod.lib.umich.edu/cgi/i/image/api/manifest/clark1ic:002724542:39015091196231_01|002724542; 91aa101f-0bc8-4976-95aa-230aad53f43f|oai:quod.lib.umich.edu:IC-CLARK1IC-X-002724542%5D39015091196231_02|http://name.umdl.umich.edu/IC-CLARK1IC-X-002724542%5D39015091196231_02|https://quod.lib.umich.edu/cgi/i/image/api/thumb/clark1ic/002724542/39015091196231_02/!250,250|https://quod.lib.umich.edu/cgi/i/image/api/manifest/clark1ic:002724542:39015091196231_02",2026-09-07T13:44:02.603996+00:00,existing
92200365-e1d1-4db5-9e0e-0b99bf75e34b,"https://quod.lib.umich.edu/c/clark1ic/x-004990035/39015091184609|https://quod.lib.umich.edu/cgi/i/image/api/search/clark1ic:004990035|oai:quod.lib.umich.edu:IC-CLARK1IC-X-004990035%5D39015091184609|http://name.umdl.umich.edu/IC-CLARK1IC-X-004990035%5D39015091184609|https://quod.lib.umich.edu/cgi/i/image/api/thumb/clark1ic/004990035/39015091184609/!250,250|https://quod.lib.umich.edu/cgi/i/image/api/manifest/clark1ic:004990035:39015091184609|004990035; 92200365-e1d1-4db5-9e0e-0b99bf75e34b",2026-09-07T13:44:02.604028+00:00,existing
925ca217-f048-45b6-8009-8c735daf3e95,"https://quod.lib.umich.edu/c/clark1ic/x-000080982/39015091196363|https://quod.lib.umich.edu/cgi/i/image/api/search/clark1ic:000080982|oai:quod.lib.umich.edu:IC-CLARK1IC-X-000080982%5D39015091196363|http://name.umdl.umich.edu/IC-CLARK1IC-X-000080982%5D39015091196363|https://quod.lib.umich.edu/cgi/i/image/api/thumb/clark1ic/000080982/39015091196363/!250,250|https://quod.lib.umich.edu/cgi/i/image/api/manifest/clark1ic:000080982:39015091196363|000080982; 925ca217-f048-45b6-8009-8c735daf3e95",2026-09-07T13:44:02.604060+00:00,existing
927a01d9-8159-4b27-97d5-6b0202cae091,"https://quod.lib.umich.edu/c/clark1ic/x-004077729/39015091192487_01|https://quod.lib.umich.edu/cgi/i/image/api/search/clark1ic:004077729|oai:quod.lib.umich.edu:IC-CLARK1IC-X-004077729%5D39015091192487_01|http://name.umdl.umich.edu/IC-CLARK1IC-X-004077729%5D39015091192487_01|https://quod.lib.umich.edu/cgi/i/image/api/thumb/clark1ic/004077729/39015091192487_01/!250,250|https://quod.lib.umich.edu/cgi/i/image/api/manifest/clark1ic:004077729:39015091192487_01|004077729; 927a01d9-8159-4b27-97d5-6b0202cae091|oai:quod.lib.umich.edu:IC-CLARK1IC-X-004077729%5D39015091192487_02|http://name.umdl.umich.edu/IC-CLARK1IC-X-004077729%5D39015091192487_02|https://quod.lib.umich.edu/cgi/i/image/api/thumb/clark1ic/004077729/39015091192487_02/!250,250|https://quod.lib.umich.edu/cgi/i/image/api/manifest/clark1ic:004077729:39015091192487_02",2026-09-07T13:44:02.604105+00:00,existing
92f65443-0cdc-45cf-8419-68109344ce2b,"https://quod.lib.umich.edu/c/clark1ic/x-001718038/39015091899602_01|https://quod.lib.umich.edu/cgi/i/image/api/search/clark1ic:001718038|oai:quod.lib.umich.edu:IC-CLARK1IC-X-001718038%5D39015091899602_01|http://name.umdl.umich.edu/IC-CLARK1IC-X-001718038%5D39015091899602_01|https://quod.lib.umich.edu/cgi/i/image/api/thumb/clark1ic/001718038/39015091899602_01/!250,250|https://quod.lib.umich.edu/cgi/i/image/api/manifest/clark1ic:001718038:39015091899602_01|001718038; 92f65443-0cdc-45cf-8419-68109344ce2b|oai:quod.lib.umich.edu:IC-CLARK1IC-X-001718038%5D39015091899602_02|http://name.umdl.umich.edu/IC-CLARK1IC-X-001718038%5D39015091899602_02|https://quod.lib.umich.edu/cgi/i/image/api/thumb/clark1ic/001718038/39015091899602_02/!250,250|https://quod.lib.umich.edu/cgi/i/image/api/manifest/clark1ic:001718038:39015091899602_02",2026-09-07T13:44:02.604148+00:00,existing
936b6c1f-b578-41a7-8723-4da8caf18509,"https://quod.lib.umich.edu/c/clark1ic/x-003287659/39015091883580_0001|https://quod.lib.umich.edu/cgi/i/image/api/search/clark1ic:003287659|oai:quod.lib.umich.edu:IC-CLARK1IC-X-003287659%5D39015091883580_0001|http://name.umdl.umich.edu/IC-CLARK1IC-X-003287659%5D39015091883580_0001|https://quod.lib.umich.edu/cgi/i/image/api/thumb/clark1ic/003287659/39015091883580_0001/!250,250|https://quod.lib.umich.edu/cgi/i/image/api/manifest/clark1ic:003287659:39015091883580_0001|003287659; 936b6c1f-b578-41a7-8723-4da8caf18509",2026-09-07T13:44:02.604180+00:00,existing
94114273-4e2a-41b1-a650-abb1c35bf796,"https://quod.lib.umich.edu/c/clark1ic/x-003285011/39015091198104|https://quod.lib.umich.edu/cgi/i/image/api/search/clark1ic:003285011|oai:quod.lib.umich.edu:IC-CLARK1IC-X-003285011%5D39015091198104|http://name.umdl.umich.edu/IC-CLARK1IC-X-003285011%5D39015091198104|https://quod.lib.umich.edu/cgi/i/image/api/thumb/clark1ic/003285011/39015091198104/!250,250|https://quod.lib.umich.edu/cgi/i/image/api/manifest/clark1ic:003285011:39015091198104|003285011; 94114273-4e2a-41b1-a650-abb1c35bf796",2026-09-07T13:44:02.604212+00:00,existing
942c53a3-4daa-43eb-a36a-3617d5d872a3,"https://quod.lib.umich.edu/c/clark1ic/x-002569141/39015091897069|https://quod.lib.umich.edu/cgi/i/image/api/search/clark1ic:002569141|oai:quod.lib.umich.edu:IC-CLARK1IC-X-002569141%5D39015091897069|http://name.umdl.umich.edu/IC-CLARK1IC-X-002569141%5D39015091897069|https://quod.lib.umich.edu/cgi/i/image/api/thumb/clark1ic/002569141/39015091897069/!250,250|https://quod.lib.umich.edu/cgi/i/image/api/manifest/clark1ic:002569141:39015091897069|002569141; 942c53a3-4daa-43eb-a36a-3617d5d872a3",2026-09-07T13:44:02.604242+00:00,existing
947484dd-69de-4353-82c4-25499098396e,"https://quod.lib.umich.edu/c/clark1ic/x-010348275/39015091192297_01|https://quod.lib.umich.edu/cgi/i/image/api/search/clark1ic:010348275|oai:quod.lib.umich.edu:IC-CLARK1IC-X-010348275%5D39015091192297_01|http://name.umdl.umich.edu/IC-CLARK1IC-X-010348275%5D39015091192297_01|https://quod.lib.umich.edu/cgi/i/image/api/thumb/clark1ic/010348275/39015091192297_01/!250,250|https://quod.lib.umich.edu/cgi/i/image/api/manifest/clark1ic:010348275:39015091192297_01|010348275; 947484dd-69de-4353-82c4-25499098396e|oai:quod.lib.umich.edu:IC-CLARK1IC-X-010348275%5D39015091192297_02|http://name.umdl.umich.edu/IC-CLARK1IC-X-010348275%5D39015091192297_02|https://quod.lib.umich.edu/cgi/i/image/api/thumb/clark1ic/010348275/39015091192297_02/!250,250|https://quod.lib.umich.edu/cgi/i/image/api/manifest/clark1ic:010348275:39015091192297_02",2026-09-07T13:44:02.604286+00:00,existing
94e2f443-88be-4b4d-91d7-aaf634f441e3,"https://quod.lib.umich.edu/c/clark1ic/x-002966989/39015091910904|https://quod.lib.umich.edu/cgi/i/image/api/search/clark1ic:002966989|oai:quod.lib.umich.edu:IC-CLARK1IC-X-002966989%5D39015091910904|http://name.umdl.umich.edu/IC-CLARK1IC-X-002966989%5D39015091910904|https://quod.lib.umich.edu/cgi/i/image/api/thumb/clark1ic/002966989/39015091910904/!250,250|https://quod.lib.umich.edu/cgi/i/image/api/manifest/clark1ic:002966989:39015091910904|002966989; 94e2f443-88be-4b4d-91d7-aaf634f441e3",2026-09-07T13:44:02.604318+00:00,existing
94fcef12-5540-437b-a61a-4ddffc2e2104,"https://quod.lib.umich.edu/c/clark1ic/x-012244997/39015091904840|https://quod.lib.umich.edu/cgi/i/image/api/search/clark1ic:012244997|oai:quod.lib.umich.edu:IC-CLARK1IC-X-012244997%5D39015091904840|http://name.umdl.umich.edu/IC-CLARK1IC-X-012244997%5D39015091904840|https://quod.lib.umich.edu/cgi/i/image/api/thumb/clark1ic/012244997/39015091904840/!250,250|https://quod.lib.umich.edu/cgi/i/image/api/manifest/clark1ic:012244997:39015091904840|012244997; 94fcef12-5540-437b-a61a-4ddffc2e2104",2026-09-07T13:44:02.604349+00:00,existing
951e5939-5e06-4765-9738-a5793295001d,"https://quod.lib.umich.edu/c/clark1ic/x-004076022/39015091191331_01|https://quod.lib.umich.edu/cgi/i/image/api/search/clark1ic:004076022|oai:quod.lib.umich.edu:IC-CLARK1IC-X-004076022%5D39015091191331_01|http://name.umdl.umich.edu/IC-CLARK1IC-X-004076022%5D39015091191331_01|https://quod.lib.umich.edu/cgi/i/image/api/thumb/clark1ic/004076022/39015091191331_01/!250,250|https://quod.lib.umich.edu/cgi/i/image/api/manifest/clark1ic:004076022:39015091191331_01|004076022; 951e5939-5e06-4765-9738-a5793295001d",2026-09-07T13:44:02.604381+00:00,existing
95382981-6b3e-41ec-b7fe-dc873e548739,"https://quod.lib.umich.edu/c/clark1ic/x-012638391/39015091191349_01|https://quod.lib.umich.edu/cgi/i/image/api/search/clark1ic:012638391|oai:quod.lib.umich.edu:IC-CLARK1IC-X-012638391%5D39015091191349_01|http://name.umdl.umich.edu/IC-CLARK1IC-X-012638391%5D39015091191349_01|https://quod.lib.umich.edu/cgi/i/image/api/thumb/clark1ic/012638391/39015091191349_01/!250,250|https://quod.lib.umich.edu/cgi/i/image/api/manifest/clark1ic:012638391:39015091191349_01|012638391; 95382981-6b3e-41ec-b7fe-dc873e548739",2026-09-07T13:44:02.604412+00:00,existing
953b6706-0864-4677-84bf-0ceaad29431a,"https://quod.lib.umich.edu/c/clark1ic/x-004076019/39015091193733_01|https://quod.lib.umich.edu/cgi/i/image/api/search/clark1ic:004076019|oai:quod.lib.umich.edu:IC-CLARK1IC-X-004076019%5D39015091193733_01|http://name.umdl.umich.edu/IC-CLARK1IC-X-004076019%5D39015091193733_01|https://quod.lib.umich.edu/cgi/i/image/api/thumb/clark1ic/004076019/39015091193733_01/!250,250|https://quod.lib.umich.edu/cgi/i/image/api/manifest/clark1ic:004076019:39015091193733_01|004076019; 953b6706-0864-4677-84bf-0ceaad29431a|oai:quod.lib.umich.edu:IC-CLARK1IC-X-004076019%5D39015091193733_02|http://name.umdl.umich.edu/IC-CLARK1IC-X-004076019%5D39015091193733_02|https://quod.lib.umich.edu/cgi/i/image/api/thumb/clark1ic/004076019/39015091193733_02/!250,250|https://quod.lib.umich.edu/cgi/i/image/api/manifest/clark1ic:004076019:39015091193733_02",2026-09-07T13:44:02.604501+00:00,existing
953d521a-e8f7-4b0a-b9bd-4305a3795916,"https://quod.lib.umich.edu/c/clark1ic/x-013670570/39015091881303|https://quod.lib.umich.edu/cgi/i/image/api/search/clark1ic:013670570|oai:quod.lib.umich.edu:IC-CLARK1IC-X-013670570%5D39015091881303|http://name.umdl.umich.edu/IC-CLARK1IC-X-013670570%5D39015091881303|https://quod.lib.umich.edu/cgi/i/image/api/thumb/clark1ic/013670570/39015091881303/!250,250|https://quod.lib.umich.edu/cgi/i/image/api/manifest/clark1ic:013670570:39015091881303|013670570; 953d521a-e8f7-4b0a-b9bd-4305a3795916",2026-09-07T13:44:02.604573+00:00,existing
953e6161-08b0-4337-9a00-f361bdaf4c6e,"https://quod.lib.umich.edu/c/clark1ic/x-002457625/39015091920192_01|https://quod.lib.umich.edu/cgi/i/image/api/search/clark1ic:002457625|oai:quod.lib.umich.edu:IC-CLARK1IC-X-002457625%5D39015091920192_01|http://name.umdl.umich.edu/IC-CLARK1IC-X-002457625%5D39015091920192_01|https://quod.lib.umich.edu/cgi/i/image/api/thumb/clark1ic/002457625/39015091920192_01/!250,250|https://quod.lib.umich.edu/cgi/i/image/api/manifest/clark1ic:002457625:39015091920192_01|002457625; 953e6161-08b0-4337-9a00-f361bdaf4c6e|oai:quod.lib.umich.edu:IC-CLARK1IC-X-002457625%5D39015091920192_02|http://name.umdl.umich.edu/IC-CLARK1IC-X-002457625%5D39015091920192_02|https://quod.lib.umich.edu/cgi/i/image/api/thumb/clark1ic/002457625/39015091920192_02/!250,250|https://quod.lib.umich.edu/cgi/i/image/api/manifest/clark1ic:002457625:39015091920192_02|oai:quod.lib.umich.edu:IC-CLARK1IC-X-002457625%5D39015091920192_03|http://name.umdl.umich.edu/IC-CLARK1IC-X-002457625%5D39015091920192_03|https://quod.lib.umich.edu/cgi/i/image/api/thumb/clark1ic/002457625/39015091920192_03/!250,250|https://quod.lib.umich.edu/cgi/i/image/api/manifest/clark1ic:002457625:39015091920192_03",2026-09-07T13:44:02.604659+00:00,existing
956fed47-655f-4114-8517-bfb8befb6892,"https://quod.lib.umich.edu/c/clark1ic/x-012536134/39015091191232_01|https://quod.lib.umich.edu/cgi/i/image/api/search/clark1ic:012536134|oai:quod.lib.umich.edu:IC-CLARK1IC-X-012536134%5D39015091191232_01|http://name.umdl.umich.edu/IC-CLARK1IC-X-012536134%5D39015091191232_01|https://quod.lib.umich.edu/cgi/i/image/api/thumb/clark1ic/012536134/39015091191232_01/!250,250|https://quod.lib.umich.edu/cgi/i/image/api/manifest/clark1ic:012536134:39015091191232_01|012536134; 956fed47-655f-4114-8517-bfb8befb6892",2026-09-07T13:44:02.604707+00:00,existing
957d52b2-5cba-4596-8603-b62e8c77a98e,"https://quod.lib.umich.edu/c/clark1ic/x-000524460/39015049936670|https://quod.lib.umich.edu/cgi/i/image/api/search/clark1ic:000524460|oai:quod.lib.umich.edu:IC-CLARK1IC-X-000524460%5D39015049936670|http://name.umdl.umich.edu/IC-CLARK1IC-X-000524460%5D39015049936670|https://quod.lib.umich.edu/cgi/i/image/api/thumb/clark1ic/000524460/39015049936670/!250,250|https://quod.lib.umich.edu/cgi/i/image/api/manifest/clark1ic:000524460:39015049936670|000524460; 957d52b2-5cba-4596-8603-b62e8c77a98e",2026-09-07T13:44:02.604745+00:00,existing
959bd021-896d-446b-aff2-80aa1a66bf73,"https://quod.lib.umich.edu/c/clark1ic/x-012537731/39015095390590|https://quod.lib.umich.edu/cgi/i/image/api/search/clark1ic:012537731|oai:quod.lib.umich.edu:IC-CLARK1IC-X-012537731%5D39015095390590|http://name.umdl.umich.edu/IC-CLARK1IC-X-012537731%5D39015095390590|https://quod.lib.umich.edu/cgi/i/image/api/thumb/clark1ic/012537731/39015095390590/!250,250|https://quod.lib.umich.edu/cgi/i/image/api/manifest/clark1ic:012537731:39015095390590|012537731; 959bd021-896d-446b-aff2-80aa1a66bf73",2026-09-07T13:44:02.604788+00:00,existing
95a842a1-067f-403d-9bc2-9ab665f06f8d,"https://quod.lib.umich.edu/c/clark1ic/x-003279406/39015091186901|https://quod.lib.umich.edu/cgi/i/image/api/search/clark1ic:003279406|oai:quod.lib.umich.edu:IC-CLARK1IC-X-003279406%5D39015091186901|http://name.umdl.umich.edu/IC-CLARK1IC-X-003279406%5D39015091186901|https://quod.lib.umich.edu/cgi/i/image/api/thumb/clark1ic/003279406/39015091186901/!250,250|https://quod.lib.umich.edu/cgi/i/image/api/manifest/clark1ic:003279406:39015091186901|003279406; 95a842a1-067f-403d-9bc2-9ab665f06f8d",2026-09-07T13:44:02.604828+00:00,existing
95adc61d-e31d-423c-93b7-9bd199a2839d,"https://quod.lib.umich.edu/c/clark1ic/x-000524479/39015049936696|https://quod.lib.umich.edu/cgi/i/image/api/search/clark1ic:000524479|oai:quod.lib.umich.edu:IC-CLARK1IC-X-000524479%5D39015049936696|http://name.umdl.umich.edu/IC-CLARK1IC-X-000524479%5D39015049936696|https://quod.lib.umich.edu/cgi/i/image/api/thumb/clark1ic/000524479/39015049936696/!250,250|https://quod.lib.umich.edu/cgi/i/image/api/manifest/clark1ic:000524479:39015049936696|000524479; 95adc61d-e31d-423c-93b7-9bd199a2839d",2026-09-07T13:44:02.604865+00:00,existing
960099bc-1806-4e85-b445-e829e3017969,"https://quod.lib.umich.edu/c/clark1ic/x-003282762/39015091192214_01|https://quod.lib.umich.edu/cgi/i/image/api/search/clark1ic:003282762|oai:quod.lib.umich.edu:IC-CLARK1IC-X-003282762%5D39015091192214_01|http://name.umdl.umich.edu/IC-CLARK1IC-X-003282762%5D39015091192214_01|https://quod.lib.umich.edu/cgi/i/image/api/thumb/clark1ic/003282762/39015091192214_01/!250,250|https://quod.lib.umich.edu/cgi/i/image/api/manifest/clark1ic:003282762:39015091192214_01|003282762; 960099bc-1806-4e85-b445-e829e3017969|oai:quod.lib.umich.edu:IC-CLARK1IC-X-003282762%5D39015091192214_02|http://name.umdl.umich.edu/IC-CLARK1IC-X-003282762%5D39015091192214_02|https://quod.lib.umich.edu/cgi/i/image/api/thumb/clark1ic/003282762/39015091192214_02/!250,250|https://quod.lib.umich.edu/cgi/i/image/api/manifest/clark1ic:003282762:39015091192214_02",2026-09-07T13:44:02.604920+00:00,existing
960174b5-b962-44b2-b017-23634b70cd2f,"https://quod.lib.umich.edu/c/clark1ic/x-000887983/39015091887243_01|https://quod.lib.umich.edu/cgi/i/image/api/search/clark1ic:000887983|oai:quod.lib.umich.edu:IC-CLARK1IC-X-000887983%5D39015091887243_01|http://name.umdl.umich.edu/IC-CLARK1IC-X-000887983%5D39015091887243_01|https://quod.lib.umich.edu/cgi/i/image/api/thumb/clark1ic/000887983/39015091887243_01/!250,250|https://quod.lib.umich.edu/cgi/i/image/api/manifest/clark1ic:000887983:39015091887243_01|000887983; 960174b5-b962-44b2-b017-23634b70cd2f|oai:quod.lib.umich.edu:IC-CLARK1IC-X-000887983%5D39015091887243_02|http://name.umdl.umich.edu/IC-CLARK1IC-X-000887983%5D39015091887243_02|https://quod.lib.umich.edu/cgi/i/image/api/thumb/clark1ic/000887983/39015091887243_02/!250,250|https://quod.lib.umich.edu/cgi/i/image/api/manifest/clark1ic:000887983:39015091887243_02|oai:quod.lib.umich.edu:IC-CLARK1IC-X-000887983%5D39015091887243_03|http://name.umdl.umich.edu/IC-CLARK1IC-X-000887983%5D39015091887243_03|https://quod.lib.umich.edu/cgi/i/image/api/thumb/clark1ic/000887983/39015091887243_03/!250,250|https://quod.lib.umich.edu/cgi/i/image/api/manifest/clark1ic:000887983:39015091887243_03",2026-09-07T13:44:02.604987+00:00,existing
9642ab73-d1c7-45eb-b495-afac9c975d7d,"https://quod.lib.umich.edu/c/clark1ic/x-003600325/39015091194848_01|https://quod.lib.umich.edu/cgi/i/image/api/search/clark1ic:003600325|oai:quod.lib.umich.edu:IC-CLARK1IC-X-003600325%5D39015091194848_01|http://name.umdl.umich.edu/IC-CLARK1IC-X-003600325%5D39015091194848_01|https://quod.lib.umich.edu/cgi/i/image/api/thumb/clark1ic/003600325/39015091194848_01/!250,250|https://quod.lib.umich.edu/cgi/i/image/api/manifest/clark1ic:003600325:39015091194848_01|003600325; 9642ab73-d1c7-45eb-b495-afac9c975d7d",2026-09-07T13:44:02.605020+00:00,existing
96581785-8da2-4184-9866-00d10d247ceb,"https://quod.lib.umich.edu/c/clark1ic/x-003281396/39015091191950_01|https://quod.lib.umich.edu/cgi/i/image/api/search/clark1ic:003281396|oai:quod.lib.umich.edu:IC-CLARK1IC-X-003281396%5D39015091191950_01|http://name.umdl.umich.edu/IC-CLARK1IC-X-003281396%5D39015091191950_01|https://quod.lib.umich.edu/cgi/i/image/api/thumb/clark1ic/003281396/39015091191950_01/!250,250|https://quod.lib.umich.edu/cgi/i/image/api/manifest/clark1ic:003281396:39015091191950_01|003281396; 96581785-8da2-4184-9866-00d10d247ceb",2026-09-07T13:44:02.605054+00:00,existing
965bebcf-98c4-4d01-9edb-e3d33fa42899,"https://quod.lib.umich.edu/c/clark1ic/x-004074045/39015091193808_01|https://quod.lib.umich.edu/cgi/i/image/api/search/clark1ic:004074045|oai:quod.lib.umich.edu:IC-CLARK1IC-X-004074045%5D39015091193808_01|http://name.umdl.umich.edu/IC-CLARK1IC-X-004074045%5D39015091193808_01|https://quod.lib.umich.edu/cgi/i/image/api/thumb/clark1ic/004074045/39015091193808_01/!250,250|https://quod.lib.umich.edu/cgi/i/image/api/manifest/clark1ic:004074045:39015091193808_01|004074045; 965bebcf-98c4-4d01-9edb-e3d33fa42899|oai:quod.lib.umich.edu:IC-CLARK1IC-X-004074045%5D39015091193808_02|http://name.umdl.umich.edu/IC-CLARK1IC-X-004074045%5D39015091193808_02|https://quod.lib.umich.edu/cgi/i/image/api/thumb/clark1ic/004074045/39015091193808_02/!250,250|https://quod.lib.umich.edu/cgi/i/image/api/manifest/clark1ic:004074045:39015091193808_02",2026-09-07T13:44:02.605099+00:00,existing
96608267-602f-4ad2-bef8-b3cba021f49e,"https://quod.lib.umich.edu/c/clark1ic/x-001291818/39015091911001|https://quod.lib.umich.edu/cgi/i/image/api/search/clark1ic:001291818|oai:quod.lib.umich.edu:IC-CLARK1IC-X-001291818%5D39015091911001|http://name.umdl.umich.edu/IC-CLARK1IC-X-001291818%5D39015091911001|https://quod.lib.umich.edu/cgi/i/image/api/thumb/clark1ic/001291818/39015091911001/!250,250|https://quod.lib.umich.edu/cgi/i/image/api/manifest/clark1ic:001291818:39015091911001|001291818; 96608267-602f-4ad2-bef8-b3cba021f49e",2026-09-07T13:44:02.605132+00:00,existing
969bb605-6d9d-4ff8-84cf-d42925d7735c,"https://quod.lib.umich.edu/c/clark1ic/x-006492020/39015091897084|https://quod.lib.umich.edu/cgi/i/image/api/search/clark1ic:006492020|oai:quod.lib.umich.edu:IC-CLARK1IC-X-006492020%5D39015091897084|http://name.umdl.umich.edu/IC-CLARK1IC-X-006492020%5D39015091897084|https://quod.lib.umich.edu/cgi/i/image/api/thumb/clark1ic/006492020/39015091897084/!250,250|https://quod.lib.umich.edu/cgi/i/image/api/manifest/clark1ic:006492020:39015091897084|006492020; 969bb605-6d9d-4ff8-84cf-d42925d7735c",2026-09-07T13:44:02.605165+00:00,existing
96aa453d-6dfe-4aae-9a66-2ecf826d9a86,"https://quod.lib.umich.edu/c/clark1ic/x-004077739/39015091194194_01|https://quod.lib.umich.edu/cgi/i/image/api/search/clark1ic:004077739|oai:quod.lib.umich.edu:IC-CLARK1IC-X-004077739%5D39015091194194_01|http://name.umdl.umich.edu/IC-CLARK1IC-X-004077739%5D39015091194194_01|https://quod.lib.umich.edu/cgi/i/image/api/thumb/clark1ic/004077739/39015091194194_01/!250,250|https://quod.lib.umich.edu/cgi/i/image/api/manifest/clark1ic:004077739:39015091194194_01|004077739; 96aa453d-6dfe-4aae-9a66-2ecf826d9a86|oai:quod.lib.umich.edu:IC-CLARK1IC-X-004077739%5D39015091194194_02|http://name.umdl.umich.edu/IC-CLARK1IC-X-004077739%5D39015091194194_02|https://quod.lib.umich.edu/cgi/i/image/api/thumb/clark1ic/004077739/39015091194194_02/!250,250|https://quod.lib.umich.edu/cgi/i/image/api/manifest/clark1ic:004077739:39015091194194_02",2026-09-07T13:44:02.605209+00:00,existing
96b1f2fd-1e7f-48cd-b524-77a0de47d041,"https://quod.lib.umich.edu/c/clark1ic/x-004204102/39015091191562_01|https://quod.lib.umich.edu/cgi/i/image/api/search/clark1ic:004204102|oai:quod.lib.umich.edu:IC-CLARK1IC-X-004204102%5D39015091191562_01|http://name.umdl.umich.edu/IC-CLARK1IC-X-004204102%5D39015091191562_01|https://quod.lib.umich.edu/cgi/i/image/api/thumb/clark1ic/004204102/39015091191562_01/!250,250|https://quod.lib.umich.edu/cgi/i/image/api/manifest/clark1ic:004204102:39015091191562_01|004204102; 96b1f2fd-1e7f-48cd-b524-77a0de47d041|oai:quod.lib.umich.edu:IC-CLARK1IC-X-004204102%5D39015091191562_02|http://name.umdl.umich.edu/IC-CLARK1IC-X-004204102%5D39015091191562_02|https://quod.lib.umich.edu/cgi/i/image/api/thumb/clark1ic/004204102/39015091191562_02/!250,250|https://quod.lib.umich.edu/cgi/i/image/api/manifest/clark1ic:004204102:39015091191562_02",2026-09-07T13:44:02.605253+00:00,existing
96c99e2d-fb12-4649-b857-65d7ca5ea995,https://quod.lib.umich.edu/c/clark1ic/x-004154344/39015091193550|https://quod.lib.umich.edu/cgi/i/image/api/search/clark1ic:004154344,2026-09-07T13:44:02.605269+00:00,existing
96de79e6-9158-462e-8c96-ec9d6c846be0,"https://quod.lib.umich.edu/c/clark1ic/x-003279413/39015091910243|https://quod.lib.umich.edu/cgi/i/image/api/search/clark1ic:003279413|oai:quod.lib.umich.edu:IC-CLARK1IC-X-003279413%5D39015091910243|http://name.umdl.umich.edu/IC-CLARK1IC-X-003279413%5D39015091910243|https://quod.lib.umich.edu/cgi/i/image/api/thumb/clark1ic/003279413/39015091910243/!250,250|https://quod.lib.umich.edu/cgi/i/image/api/manifest/clark1ic:003279413:39015091910243|003279413; 96de79e6-9158-462e-8c96-ec9d6c846be0",2026-09-07T13:44:02.605301+00:00,existing
973cb9be-5a19-44d8-98bd-e97a15f2249d,"https://quod.lib.umich.edu/c/clark1ic/x-003285532/39015091900590|https://quod.lib.umich.edu/cgi/i/image/api/search/clark1ic:003285532|oai:quod.lib.umich.edu:IC-CLARK1IC-X-003285532%5D39015091900590|http://name.umdl.umich.edu/IC-CLARK1IC-X-003285532%5D39015091900590|https://quod.lib.umich.edu/cgi/i/image/api/thumb/clark1ic/003285532/39015091900590/!250,250|https://quod.lib.umich.edu/cgi/i/image/api/manifest/clark1ic:003285532:39015091900590|003285532; 973cb9be-5a19-44d8-98bd-e97a15f2249d",2026-09-07T13:44:02.605332+00:00,existing
978fe3af-e38e-4760-86a6-cebea3305f0f,"https://quod.lib.umich.edu/c/clark1ic/x-010591424/39015091186299|https://quod.lib.umich.edu/cgi/i/image/api/search/clark1ic:010591424|oai:quod.lib.umich.edu:IC-CLARK1IC-X-010591424%5D39015091186299|http://name.umdl.umich.edu/IC-CLARK1IC-X-010591424%5D39015091186299|https://quod.lib.umich.edu/cgi/i/image/api/thumb/clark1ic/010591424/39015091186299/!250,250|https://quod.lib.umich.edu/cgi/i/image/api/manifest/clark1ic:010591424:39015091186299|010591424; 978fe3af-e38e-4760-86a6-cebea3305f0f",2026-09-07T13:44:02.605364+00:00,existing
97ddb213-d863-4e3b-b71a-799a44ffce6f,"https://quod.lib.umich.edu/c/clark1ic/x-003282760/39015091197916_01|https://quod.lib.umich.edu/cgi/i/image/api/search/clark1ic:003282760|oai:quod.lib.umich.edu:IC-CLARK1IC-X-003282760%5D39015091197916_01|http://name.umdl.umich.edu/IC-CLARK1IC-X-003282760%5D39015091197916_01|https://quod.lib.umich.edu/cgi/i/image/api/thumb/clark1ic/003282760/39015091197916_01/!250,250|https://quod.lib.umich.edu/cgi/i/image/api/manifest/clark1ic:003282760:39015091197916_01|003282760; 97ddb213-d863-4e3b-b71a-799a44ffce6f",2026-09-07T13:44:02.605395+00:00,existing
984b9c69-f708-4f0b-8b66-6676bfa037a0,"https://quod.lib.umich.edu/c/clark1ic/x-010557988/39015091903867|https://quod.lib.umich.edu/cgi/i/image/api/search/clark1ic:010557988|oai:quod.lib.umich.edu:IC-CLARK1IC-X-010557988%5D39015091903867|http://name.umdl.umich.edu/IC-CLARK1IC-X-010557988%5D39015091903867|https://quod.lib.umich.edu/cgi/i/image/api/thumb/clark1ic/010557988/39015091903867/!250,250|https://quod.lib.umich.edu/cgi/i/image/api/manifest/clark1ic:010557988:39015091903867|010557988; 984b9c69-f708-4f0b-8b66-6676bfa037a0",2026-09-07T13:44:02.605426+00:00,existing
984dc10d-60f7-4c3e-9c68-0312b17b62c2,"https://quod.lib.umich.edu/c/clark1ic/x-012521835/39015091915143|https://quod.lib.umich.edu/cgi/i/image/api/search/clark1ic:012521835|oai:quod.lib.umich.edu:IC-CLARK1IC-X-012521835%5D39015091915143|http://name.umdl.umich.edu/IC-CLARK1IC-X-012521835%5D39015091915143|https://quod.lib.umich.edu/cgi/i/image/api/thumb/clark1ic/012521835/39015091915143/!250,250|https://quod.lib.umich.edu/cgi/i/image/api/manifest/clark1ic:012521835:39015091915143|012521835; 984dc10d-60f7-4c3e-9c68-0312b17b62c2",2026-09-07T13:44:02.605466+00:00,existing
986e6ff6-da00-4f9c-bce6-efaffcc0fc01,"https://quod.lib.umich.edu/c/clark1ic/x-000932318/39015091921489_01|https://quod.lib.umich.edu/cgi/i/image/api/search/clark1ic:000932318|oai:quod.lib.umich.edu:IC-CLARK1IC-X-000932318%5D39015091921489_01|http://name.umdl.umich.edu/IC-CLARK1IC-X-000932318%5D39015091921489_01|https://quod.lib.umich.edu/cgi/i/image/api/thumb/clark1ic/000932318/39015091921489_01/!250,250|https://quod.lib.umich.edu/cgi/i/image/api/manifest/clark1ic:000932318:39015091921489_01|000932318; 986e6ff6-da00-4f9c-bce6-efaffcc0fc01|oai:quod.lib.umich.edu:IC-CLARK1IC-X-000932318%5D39015091921489_02|http://name.umdl.umich.edu/IC-CLARK1IC-X-000932318%5D39015091921489_02|https://quod.lib.umich.edu/cgi/i/image/api/thumb/clark1ic/000932318/39015091921489_02/!250,250|https://quod.lib.umich.edu/cgi/i/image/api/manifest/clark1ic:000932318:39015091921489_02|oai:quod.lib.umich.edu:IC-CLARK1IC-X-000932318%5D39015091921489_03|http://name.umdl.umich.edu/IC-CLARK1IC-X-000932318%5D39015091921489_03|https://quod.lib.umich.edu/cgi/i/image/api/thumb/clark1ic/000932318/39015091921489_03/!250,250|https://quod.lib.umich.edu/cgi/i/image/api/manifest/clark1ic:000932318:39015091921489_03|oai:quod.lib.umich.edu:IC-CLARK1IC-X-000932318%5D39015091921489_04|http://name.umdl.umich.edu/IC-CLARK1IC-X-000932318%5D39015091921489_04|https://quod.lib.umich.edu/cgi/i/image/api/thumb/clark1ic/000932318/39015091921489_04/!250,250|https://quod.lib.umich.edu/cgi/i/image/api/manifest/clark1ic:000932318:39015091921489_04|oai:quod.lib.umich.edu:IC-CLARK1IC-X-000932318%5D39015091921489_05|http://name.umdl.umich.edu/IC-CLARK1IC-X-000932318%5D39015091921489_05|https://quod.lib.umich.edu/cgi/i/image/api/thumb/clark1ic/000932318/39015091921489_05/!250,250|https://quod.lib.umich.edu/cgi/i/image/api/manifest/clark1ic:000932318:39015091921489_05",2026-09-07T13:44:02.605553+00:00,existing
98913e27-e345-4850-b247-8abe67909b58,"https://quod.lib.umich.edu/c/clark1ic/x-002569129/39015095388545|https://quod.lib.umich.edu/cgi/i/image/api/search/clark1ic:002569129|oai:quod.lib.umich.edu:IC-CLARK1IC-X-002569129%5D39015095388545|http://name.umdl.umich.edu/IC-CLARK1IC-X-002569129%5D39015095388545|https://quod.lib.umich.edu/cgi/i/image/api/thumb/clark1ic/002569129/39015095388545/!250,250|https://quod.lib.umich.edu/cgi/i/image/api/manifest/clark1ic:002569129:39015095388545|002569129; 98913e27-e345-4850-b247-8abe67909b58",2026-09-07T13:44:02.605585+00:00,existing
989a31cd-3979-43d8-aa85-db6c0f5201ef,"https://quod.lib.umich.edu/c/clark1ic/x-005147653/39015091185820|https://quod.lib.umich.edu/cgi/i/image/api/search/clark1ic:005147653|oai:quod.lib.umich.edu:IC-CLARK1IC-X-005147653%5D39015091185820|http://name.umdl.umich.edu/IC-CLARK1IC-X-005147653%5D39015091185820|https://quod.lib.umich.edu/cgi/i/image/api/thumb/clark1ic/005147653/39015091185820/!250,250|https://quod.lib.umich.edu/cgi/i/image/api/manifest/clark1ic:005147653:39015091185820|005147653; 989a31cd-3979-43d8-aa85-db6c0f5201ef",2026-09-07T13:44:02.605617+00:00,existing
989c718f-f085-48bd-8fcb-ea94c3e520ae,"https://quod.lib.umich.edu/c/clark1ic/x-001291840/39015091899537|https://quod.lib.umich.edu/cgi/i/image/api/search/clark1ic:001291840|oai:quod.lib.umich.edu:IC-CLARK1IC-X-001291840%5D39015091899537|http://name.umdl.umich.edu/IC-CLARK1IC-X-001291840%5D39015091899537|https://quod.lib.umich.edu/cgi/i/image/api/thumb/clark1ic/001291840/39015091899537/!250,250|https://quod.lib.umich.edu/cgi/i/image/api/manifest/clark1ic:001291840:39015091899537|001291840; 989c718f-f085-48bd-8fcb-ea94c3e520ae",2026-09-07T13:44:02.605649+00:00,existing
98fcf05e-832d-438d-aa54-a1e43b8d99f4,"https://quod.lib.umich.edu/c/clark1ic/x-000081816/39015091898216|https://quod.lib.umich.edu/cgi/i/image/api/search/clark1ic:000081816|oai:quod.lib.umich.edu:IC-CLARK1IC-X-000081816%5D39015091898216|http://name.umdl.umich.edu/IC-CLARK1IC-X-000081816%5D39015091898216|https://quod.lib.umich.edu/cgi/i/image/api/thumb/clark1ic/000081816/39015091898216/!250,250|https://quod.lib.umich.edu/cgi/i/image/api/manifest/clark1ic:000081816:39015091898216|000081816; 98fcf05e-832d-438d-aa54-a1e43b8d99f4",2026-09-07T13:44:02.605680+00:00,existing
994ae10b-83bc-48c5-acc0-354a4af4f604,"https://quod.lib.umich.edu/c/clark1ic/x-000077725/39015095421924|https://quod.lib.umich.edu/cgi/i/image/api/search/clark1ic:000077725|oai:quod.lib.umich.edu:IC-CLARK1IC-X-000077725%5D39015095421924|http://name.umdl.umich.edu/IC-CLARK1IC-X-000077725%5D39015095421924|https://quod.lib.umich.edu/cgi/i/image/api/thumb/clark1ic/000077725/39015095421924/!250,250|https://quod.lib.umich.edu/cgi/i/image/api/manifest/clark1ic:000077725:39015095421924|000077725; 994ae10b-83bc-48c5-acc0-354a4af4f604",2026-09-07T13:44:02.605711+00:00,existing
998c612b-a95f-4f70-aac7-0ed021586c61,"https://quod.lib.umich.edu/c/clark1ic/x-003491305/39015091186695|https://quod.lib.umich.edu/cgi/i/image/api/search/clark1ic:003491305|oai:quod.lib.umich.edu:IC-CLARK1IC-X-003491305%5D39015091186695|http://name.umdl.umich.edu/IC-CLARK1IC-X-003491305%5D39015091186695|https://quod.lib.umich.edu/cgi/i/image/api/thumb/clark1ic/003491305/39015091186695/!250,250|https://quod.lib.umich.edu/cgi/i/image/api/manifest/clark1ic:003491305:39015091186695|003491305; 998c612b-a95f-4f70-aac7-0ed021586c61",2026-09-07T13:44:02.605741+00:00,existing
9a9c807c-5f81-4022-9c89-e255a4cf8cde,"https://quod.lib.umich.edu/c/clark1ic/x-003283741/39015095410620_0001|https://quod.lib.umich.edu/cgi/i/image/api/search/clark1ic:003283741|oai:quod.lib.umich.edu:IC-CLARK1IC-X-003283741%5D39015095410620_0001|http://name.umdl.umich.edu/IC-CLARK1IC-X-003283741%5D39015095410620_0001|https://quod.lib.umich.edu/cgi/i/image/api/thumb/clark1ic/003283741/39015095410620_0001/!250,250|https://quod.lib.umich.edu/cgi/i/image/api/manifest/clark1ic:003283741:39015095410620_0001|003283741; 9a9c807c-5f81-4022-9c89-e255a4cf8cde",2026-09-07T13:44:02.605772+00:00,existing
9aece35e-70bb-4053-8529-957acf3b728c,"https://quod.lib.umich.edu/c/clark1ic/x-000082224/39015091198526|https://quod.lib.umich.edu/cgi/i/image/api/search/clark1ic:000082224|oai:quod.lib.umich.edu:IC-CLARK1IC-X-000082224%5D39015091198526|http://name.umdl.umich.edu/IC-CLARK1IC-X-000082224%5D39015091198526|https://quod.lib.umich.edu/cgi/i/image/api/thumb/clark1ic/000082224/39015091198526/!250,250|https://quod.lib.umich.edu/cgi/i/image/api/manifest/clark1ic:000082224:39015091198526|000082224; 9aece35e-70bb-4053-8529-957acf3b728c|oai:quod.lib.umich.edu:IC-CLARK1IC-X-000082224%5D39015091198534|http://name.umdl.umich.edu/IC-CLARK1IC-X-000082224%5D39015091198534|https://quod.lib.umich.edu/cgi/i/image/api/thumb/clark1ic/000082224/39015091198534/!250,250|https://quod.lib.umich.edu/cgi/i/image/api/manifest/clark1ic:000082224:39015091198534",2026-09-07T13:44:02.605816+00:00,existing
9b48e1ee-e273-4d5f-aaff-c6f541447401,"https://quod.lib.umich.edu/c/clark1ic/x-004766554/39015091916497|https://quod.lib.umich.edu/cgi/i/image/api/search/clark1ic:004766554|oai:quod.lib.umich.edu:IC-CLARK1IC-X-004766554%5D39015091916497|http://name.umdl.umich.edu/IC-CLARK1IC-X-004766554%5D39015091916497|https://quod.lib.umich.edu/cgi/i/image/api/thumb/clark1ic/004766554/39015091916497/!250,250|https://quod.lib.umich.edu/cgi/i/image/api/manifest/clark1ic:004766554:39015091916497|004766554; 9b48e1ee-e273-4d5f-aaff-c6f541447401",2026-09-07T13:44:02.605849+00:00,existing
9b50925a-b10d-48b9-9433-482a376f63f5,"https://quod.lib.umich.edu/c/clark1ic/x-003282589/39015091197221|https://quod.lib.umich.edu/cgi/i/image/api/search/clark1ic:003282589|oai:quod.lib.umich.edu:IC-CLARK1IC-X-003282589%5D39015091197221|http://name.umdl.umich.edu/IC-CLARK1IC-X-003282589%5D39015091197221|https://quod.lib.umich.edu/cgi/i/image/api/thumb/clark1ic/003282589/39015091197221/!250,250|https://quod.lib.umich.edu/cgi/i/image/api/manifest/clark1ic:003282589:39015091197221|003282589; 9b50925a-b10d-48b9-9433-482a376f63f5",2026-09-07T13:44:02.605880+00:00,existing
9b7cf464-0f5d-4a72-b614-1b8fcd00fa53,"https://quod.lib.umich.edu/c/clark1ic/x-012464687/39015095390707|https://quod.lib.umich.edu/cgi/i/image/api/search/clark1ic:012464687|oai:quod.lib.umich.edu:IC-CLARK1IC-X-012464687%5D39015095390707|http://name.umdl.umich.edu/IC-CLARK1IC-X-012464687%5D39015095390707|https://quod.lib.umich.edu/cgi/i/image/api/thumb/clark1ic/012464687/39015095390707/!250,250|https://quod.lib.umich.edu/cgi/i/image/api/manifest/clark1ic:012464687:39015095390707|012464687; 9b7cf464-0f5d-4a72-b614-1b8fcd00fa53",2026-09-07T13:44:02.605911+00:00,existing
9b9603a7-e0b0-454a-b73d-4861201d72d4,"https://quod.lib.umich.edu/c/clark1ic/x-001293822/39015091896996|https://quod.lib.umich.edu/cgi/i/image/api/search/clark1ic:001293822|oai:quod.lib.umich.edu:IC-CLARK1IC-X-001293822%5D39015091896996|http://name.umdl.umich.edu/IC-CLARK1IC-X-001293822%5D39015091896996|https://quod.lib.umich.edu/cgi/i/image/api/thumb/clark1ic/001293822/39015091896996/!250,250|https://quod.lib.umich.edu/cgi/i/image/api/manifest/clark1ic:001293822:39015091896996|001293822; 9b9603a7-e0b0-454a-b73d-4861201d72d4",2026-09-07T13:44:02.605951+00:00,existing
9c05af35-7fe9-4cb4-a025-3ad33d72b523,"https://quod.lib.umich.edu/c/clark1ic/x-000081022/39015091899552|https://quod.lib.umich.edu/cgi/i/image/api/search/clark1ic:000081022|oai:quod.lib.umich.edu:IC-CLARK1IC-X-000081022%5D39015091899552|http://name.umdl.umich.edu/IC-CLARK1IC-X-000081022%5D39015091899552|https://quod.lib.umich.edu/cgi/i/image/api/thumb/clark1ic/000081022/39015091899552/!250,250|https://quod.lib.umich.edu/cgi/i/image/api/manifest/clark1ic:000081022:39015091899552|000081022; 9c05af35-7fe9-4cb4-a025-3ad33d72b523",2026-09-07T13:44:02.605988+00:00,existing
9c8b8cc8-6f44-45bb-8c27-2b62e38359d5,"https://quod.lib.umich.edu/c/clark1ic/x-002644260/39015091910318|https://quod.lib.umich.edu/cgi/i/image/api/search/clark1ic:002644260|oai:quod.lib.umich.edu:IC-CLARK1IC-X-002644260%5D39015091910318|http://name.umdl.umich.edu/IC-CLARK1IC-X-002644260%5D39015091910318|https://quod.lib.umich.edu/cgi/i/image/api/thumb/clark1ic/002644260/39015091910318/!250,250|https://quod.lib.umich.edu/cgi/i/image/api/manifest/clark1ic:002644260:39015091910318|002644260; 9c8b8cc8-6f44-45bb-8c27-2b62e38359d5",2026-09-07T13:44:02.606041+00:00,existing
9caba133-bfbe-4890-b566-d99684183cf0,"https://quod.lib.umich.edu/c/clark1ic/x-002647394/39015095399856|https://quod.lib.umich.edu/cgi/i/image/api/search/clark1ic:002647394|oai:quod.lib.umich.edu:IC-CLARK1IC-X-002647394%5D39015095399856|http://name.umdl.umich.edu/IC-CLARK1IC-X-002647394%5D39015095399856|https://quod.lib.umich.edu/cgi/i/image/api/thumb/clark1ic/002647394/39015095399856/!250,250|https://quod.lib.umich.edu/cgi/i/image/api/manifest/clark1ic:002647394:39015095399856|002647394; 9caba133-bfbe-4890-b566-d99684183cf0",2026-09-07T13:44:02.606122+00:00,existing
9ccf5f4b-1855-4359-80f3-bb09b2fe8908,"https://quod.lib.umich.edu/c/clark1ic/x-003930885/39015091898802|https://quod.lib.umich.edu/cgi/i/image/api/search/clark1ic:003930885|oai:quod.lib.umich.edu:IC-CLARK1IC-X-003930885%5D39015091898802|http://name.umdl.umich.edu/IC-CLARK1IC-X-003930885%5D39015091898802|https://quod.lib.umich.edu/cgi/i/image/api/thumb/clark1ic/003930885/39015091898802/!250,250|https://quod.lib.umich.edu/cgi/i/image/api/manifest/clark1ic:003930885:39015091898802|003930885; 9ccf5f4b-1855-4359-80f3-bb09b2fe8908",2026-09-07T13:44:02.606167+00:00,existing
9d0235c0-dc6f-4dc0-a8ef-21b45daa0d8e,"https://quod.lib.umich.edu/c/clark1ic/x-003879308/39015091186019|https://quod.lib.umich.edu/cgi/i/image/api/search/clark1ic:003879308|oai:quod.lib.umich.edu:IC-CLARK1IC-X-003879308%5D39015091186019|http://name.umdl.umich.edu/IC-CLARK1IC-X-003879308%5D39015091186019|https://quod.lib.umich.edu/cgi/i/image/api/thumb/clark1ic/003879308/39015091186019/!250,250|https://quod.lib.umich.edu/cgi/i/image/api/manifest/clark1ic:003879308:39015091186019|003879308; 9d0235c0-dc6f-4dc0-a8ef-21b45daa0d8e",2026-09-07T13:44:02.606250+00:00,existing
9d079d20-ed02-48a3-a7ea-8e687d35d949,"https://quod.lib.umich.edu/c/clark1ic/x-013681812/39015091905276|https://quod.lib.umich.edu/cgi/i/image/api/search/clark1ic:013681812|oai:quod.lib.umich.edu:IC-CLARK1IC-X-013681812%5D39015091905276|http://name.umdl.umich.edu/IC-CLARK1IC-X-013681812%5D39015091905276|https://quod.lib.umich.edu/cgi/i/image/api/thumb/clark1ic/013681812/39015091905276/!250,250|https://quod.lib.umich.edu/cgi/i/image/api/manifest/clark1ic:013681812:39015091905276|013681812; 9d079d20-ed02-48a3-a7ea-8e687d35d949",2026-09-07T13:44:02.606313+00:00,existing
9d471d94-3a28-4f16-b81f-c50d531143c2,"https://quod.lib.umich.edu/c/clark1ic/x-012535933/39015095390830|https://quod.lib.umich.edu/cgi/i/image/api/search/clark1ic:012535933|oai:quod.lib.umich.edu:IC-CLARK1IC-X-012535933%5D39015095390830|http://name.umdl.umich.edu/IC-CLARK1IC-X-012535933%5D39015095390830|https://quod.lib.umich.edu/cgi/i/image/api/thumb/clark1ic/012535933/39015095390830/!250,250|https://quod.lib.umich.edu/cgi/i/image/api/manifest/clark1ic:012535933:39015095390830|012535933; 9d471d94-3a28-4f16-b81f-c50d531143c2",2026-09-07T13:44:02.606361+00:00,existing
9d48e484-46e7-449f-a4b1-157407bbf239,"https://quod.lib.umich.edu/c/clark1ic/x-013655488/39015091194947|https://quod.lib.umich.edu/cgi/i/image/api/search/clark1ic:013655488|oai:quod.lib.umich.edu:IC-CLARK1IC-X-013655488%5D39015091194947|http://name.umdl.umich.edu/IC-CLARK1IC-X-013655488%5D39015091194947|https://quod.lib.umich.edu/cgi/i/image/api/thumb/clark1ic/013655488/39015091194947/!250,250|https://quod.lib.umich.edu/cgi/i/image/api/manifest/clark1ic:013655488:39015091194947|013655488; 9d48e484-46e7-449f-a4b1-157407bbf239",2026-09-07T13:44:02.606399+00:00,existing
9d97e01e-29f2-42dc-8bd5-61d6511795b5,"https://quod.lib.umich.edu/c/clark1ic/x-003287935/39015091903834|https://quod.lib.umich.edu/cgi/i/image/api/search/clark1ic:003287935|oai:quod.lib.umich.edu:IC-CLARK1IC-X-003287935%5D39015091903834|http://name.umdl.umich.edu/IC-CLARK1IC-X-003287935%5D39015091903834|https://quod.lib.umich.edu/cgi/i/image/api/thumb/clark1ic/003287935/39015091903834/!250,250|https://quod.lib.umich.edu/cgi/i/image/api/manifest/clark1ic:003287935:39015091903834|003287935; 9d97e01e-29f2-42dc-8bd5-61d6511795b5",2026-09-07T13:44:02.606439+00:00,existing
9de23c1e-0825-41d8-b7e2-5a12a6c54cab,"https://quod.lib.umich.edu/c/clark1ic/x-012218682/39015091192149_01|https://quod.lib.umich.edu/cgi/i/image/api/search/clark1ic:012218682|oai:quod.lib.umich.edu:IC-CLARK1IC-X-012218682%5D39015091192149_01|http://name.umdl.umich.edu/IC-CLARK1IC-X-012218682%5D39015091192149_01|https://quod.lib.umich.edu/cgi/i/image/api/thumb/clark1ic/012218682/39015091192149_01/!250,250|https://quod.lib.umich.edu/cgi/i/image/api/manifest/clark1ic:012218682:39015091192149_01|012218682; 9de23c1e-0825-41d8-b7e2-5a12a6c54cab",2026-09-07T13:44:02.606503+00:00,existing
9df9d081-08ed-4fd9-99be-3d1faf127f12,"https://quod.lib.umich.edu/c/clark1ic/x-004172308/39015091903933|https://quod.lib.umich.edu/cgi/i/image/api/search/clark1ic:004172308|oai:quod.lib.umich.edu:IC-CLARK1IC-X-004172308%5D39015091903933|http://name.umdl.umich.edu/IC-CLARK1IC-X-004172308%5D39015091903933|https://quod.lib.umich.edu/cgi/i/image/api/thumb/clark1ic/004172308/39015091903933/!250,250|https://quod.lib.umich.edu/cgi/i/image/api/manifest/clark1ic:004172308:39015091903933|004172308; 9df9d081-08ed-4fd9-99be-3d1faf127f12",2026-09-07T13:44:02.606546+00:00,existing
9dfe09c7-b3f9-4f01-9b35-0aa5a62ed961,"https://quod.lib.umich.edu/c/clark1ic/x-003279686/39015091905482|https://quod.lib.umich.edu/cgi/i/image/api/search/clark1ic:003279686|oai:quod.lib.umich.edu:IC-CLARK1IC-X-003279686%5D39015091905482|http://name.umdl.umich.edu/IC-CLARK1IC-X-003279686%5D39015091905482|https://quod.lib.umich.edu/cgi/i/image/api/thumb/clark1ic/003279686/39015091905482/!250,250|https://quod.lib.umich.edu/cgi/i/image/api/manifest/clark1ic:003279686:39015091905482|003279686; 9dfe09c7-b3f9-4f01-9b35-0aa5a62ed961",2026-09-07T13:44:02.606585+00:00,existing
9e0111b9-b6d8-4c31-a846-6c81aae201bd,"https://quod.lib.umich.edu/c/clark1ic/x-000932470/39015091920598_01|https://quod.lib.umich.edu/cgi/i/image/api/search/clark1ic:000932470|oai:quod.lib.umich.edu:IC-CLARK1IC-X-000932470%5D39015091920598_01|http://name.umdl.umich.edu/IC-CLARK1IC-X-000932470%5D39015091920598_01|https://quod.lib.umich.edu/cgi/i/image/api/thumb/clark1ic/000932470/39015091920598_01/!250,250|https://quod.lib.umich.edu/cgi/i/image/api/manifest/clark1ic:000932470:39015091920598_01|000932470; 9e0111b9-b6d8-4c31-a846-6c81aae201bd",2026-09-07T13:44:02.606634+00:00,existing
9e413f66-fbdd-416c-98c6-fcec30a837bf,"https://quod.lib.umich.edu/c/clark1ic/x-003282087/39015091193865_01|https://quod.lib.umich.edu/cgi/i/image/api/search/clark1ic:003282087|oai:quod.lib.umich.edu:IC-CLARK1IC-X-003282087%5D39015091193865_01|http://name.umdl.umich.edu/IC-CLARK1IC-X-003282087%5D39015091193865_01|https://quod.lib.umich.edu/cgi/i/image/api/thumb/clark1ic/003282087/39015091193865_01/!250,250|https://quod.lib.umich.edu/cgi/i/image/api/manifest/clark1ic:003282087:39015091193865_01|003282087; 9e413f66-fbdd-416c-98c6-fcec30a837bf|oai:quod.lib.umich.edu:IC-CLARK1IC-X-003282087%5D39015091193865_02|http://name.umdl.umich.edu/IC-CLARK1IC-X-003282087%5D39015091193865_02|https://quod.lib.umich.edu/cgi/i/image/api/thumb/clark1ic/003282087/39015091193865_02/!250,250|https://quod.lib.umich.edu/cgi/i/image/api/manifest/clark1ic:003282087:39015091193865_02",2026-09-07T13:44:02.606688+00:00,existing
9e7b0e69-4140-471d-b714-6da9bef08cff,"https://quod.lib.umich.edu/c/clark1ic/x-010699810/39015091186760|https://quod.lib.umich.edu/cgi/i/image/api/search/clark1ic:010699810|oai:quod.lib.umich.edu:IC-CLARK1IC-X-010699810%5D39015091186760|http://name.umdl.umich.edu/IC-CLARK1IC-X-010699810%5D39015091186760|https://quod.lib.umich.edu/cgi/i/image/api/thumb/clark1ic/010699810/39015091186760/!250,250|https://quod.lib.umich.edu/cgi/i/image/api/manifest/clark1ic:010699810:39015091186760|010699810; 9e7b0e69-4140-471d-b714-6da9bef08cff",2026-09-07T13:44:02.606720+00:00,existing
9e905670-4ec8-4263-ab8f-c58af91511c7,"https://quod.lib.umich.edu/c/clark1ic/x-003928321/39015091198211|https://quod.lib.umich.edu/cgi/i/image/api/search/clark1ic:003928321|oai:quod.lib.umich.edu:IC-CLARK1IC-X-003928321%5D39015091198211|http://name.umdl.umich.edu/IC-CLARK1IC-X-003928321%5D39015091198211|https://quod.lib.umich.edu/cgi/i/image/api/thumb/clark1ic/003928321/39015091198211/!250,250|https://quod.lib.umich.edu/cgi/i/image/api/manifest/clark1ic:003928321:39015091198211|003928321; 9e905670-4ec8-4263-ab8f-c58af91511c7",2026-09-07T13:44:02.606754+00:00,existing
9ec5f071-2ec3-4671-85ac-21c76b37912c,"https://quod.lib.umich.edu/c/clark1ic/x-013494634/39015091198302|https://quod.lib.umich.edu/cgi/i/image/api/search/clark1ic:013494634|oai:quod.lib.umich.edu:IC-CLARK1IC-X-013494634%5D39015091198302|http://name.umdl.umich.edu/IC-CLARK1IC-X-013494634%5D39015091198302|https://quod.lib.umich.edu/cgi/i/image/api/thumb/clark1ic/013494634/39015091198302/!250,250|https://quod.lib.umich.edu/cgi/i/image/api/manifest/clark1ic:013494634:39015091198302|013494634; 9ec5f071-2ec3-4671-85ac-21c76b37912c",2026-09-07T13:44:02.606786+00:00,existing
9ecc3898-30da-423e-9c92-24c42b9bf54a,"https://quod.lib.umich.edu/c/clark1ic/x-008500483/39015091197858|https://quod.lib.umich.edu/cgi/i/image/api/search/clark1ic:008500483|oai:quod.lib.umich.edu:IC-CLARK1IC-X-008500483%5D39015091197858|http://name.umdl.umich.edu/IC-CLARK1IC-X-008500483%5D39015091197858|https://quod.lib.umich.edu/cgi/i/image/api/thumb/clark1ic/008500483/39015091197858/!250,250|https://quod.lib.umich.edu/cgi/i/image/api/manifest/clark1ic:008500483:39015091197858|008500483; 9ecc3898-30da-423e-9c92-24c42b9bf54a",2026-09-07T13:44:02.606817+00:00,existing
9eccb622-8fe3-4f94-9a5c-e166585eb597,"https://quod.lib.umich.edu/c/clark1ic/x-003190210/39015091904360|https://quod.lib.umich.edu/cgi/i/image/api/search/clark1ic:003190210|oai:quod.lib.umich.edu:IC-CLARK1IC-X-003190210%5D39015091904360|http://name.umdl.umich.edu/IC-CLARK1IC-X-003190210%5D39015091904360|https://quod.lib.umich.edu/cgi/i/image/api/thumb/clark1ic/003190210/39015091904360/!250,250|https://quod.lib.umich.edu/cgi/i/image/api/manifest/clark1ic:003190210:39015091904360|003190210; 9eccb622-8fe3-4f94-9a5c-e166585eb597",2026-09-07T13:44:02.606849+00:00,existing
9ee14b58-d891-4844-a5fa-913383ac5cd2,"https://quod.lib.umich.edu/c/clark1ic/x-009356600/39015091903875|https://quod.lib.umich.edu/cgi/i/image/api/search/clark1ic:009356600|oai:quod.lib.umich.edu:IC-CLARK1IC-X-009356600%5D39015091903875|http://name.umdl.umich.edu/IC-CLARK1IC-X-009356600%5D39015091903875|https://quod.lib.umich.edu/cgi/i/image/api/thumb/clark1ic/009356600/39015091903875/!250,250|https://quod.lib.umich.edu/cgi/i/image/api/manifest/clark1ic:009356600:39015091903875|009356600; 9ee14b58-d891-4844-a5fa-913383ac5cd2|oai:quod.lib.umich.edu:IC-CLARK1IC-X-009356600%5D39015091903883|http://name.umdl.umich.edu/IC-CLARK1IC-X-009356600%5D39015091903883|https://quod.lib.umich.edu/cgi/i/image/api/thumb/clark1ic/009356600/39015091903883/!250,250|https://quod.lib.umich.edu/cgi/i/image/api/manifest/clark1ic:009356600:39015091903883|oai:quod.lib.umich.edu:IC-CLARK1IC-X-009356600%5D39015091903891|http://name.umdl.umich.edu/IC-CLARK1IC-X-009356600%5D39015091903891|https://quod.lib.umich.edu/cgi/i/image/api/thumb/clark1ic/009356600/39015091903891/!250,250|https://quod.lib.umich.edu/cgi/i/image/api/manifest/clark1ic:009356600:39015091903891|oai:quod.lib.umich.edu:IC-CLARK1IC-X-009356600%5D39015091903909|http://name.umdl.umich.edu/IC-CLARK1IC-X-009356600%5D39015091903909|https://quod.lib.umich.edu/cgi/i/image/api/thumb/clark1ic/009356600/39015091903909/!250,250|https://quod.lib.umich.edu/cgi/i/image/api/manifest/clark1ic:009356600:39015091903909|oai:quod.lib.umich.edu:IC-CLARK1IC-X-009356600%5D39015091903917|http://name.umdl.umich.edu/IC-CLARK1IC-X-009356600%5D39015091903917|https://quod.lib.umich.edu/cgi/i/image/api/thumb/clark1ic/009356600/39015091903917/!250,250|https://quod.lib.umich.edu/cgi/i/image/api/manifest/clark1ic:009356600:39015091903917",2026-09-07T13:44:02.606931+00:00,existing
9ef15d67-199a-415a-b5e7-c1d7e18cae8d,"https://quod.lib.umich.edu/c/clark1ic/x-003020531/39015091198336_01|https://quod.lib.umich.edu/cgi/i/image/api/search/clark1ic:003020531|oai:quod.lib.umich.edu:IC-CLARK1IC-X-003020531%5D39015091198336_01|http://name.umdl.umich.edu/IC-CLARK1IC-X-003020531%5D39015091198336_01|https://quod.lib.umich.edu/cgi/i/image/api/thumb/clark1ic/003020531/39015091198336_01/!250,250|https://quod.lib.umich.edu/cgi/i/image/api/manifest/clark1ic:003020531:39015091198336_01|003020531; 9ef15d67-199a-415a-b5e7-c1d7e18cae8d|oai:quod.lib.umich.edu:IC-CLARK1IC-X-003020531%5D39015091198336_02|http://name.umdl.umich.edu/IC-CLARK1IC-X-003020531%5D39015091198336_02|https://quod.lib.umich.edu/cgi/i/image/api/thumb/clark1ic/003020531/39015091198336_02/!250,250|https://quod.lib.umich.edu/cgi/i/image/api/manifest/clark1ic:003020531:39015091198336_02|oai:quod.lib.umich.edu:IC-CLARK1IC-X-003020531%5D39015091198336_03|http://name.umdl.umich.edu/IC-CLARK1IC-X-003020531%5D39015091198336_03|https://quod.lib.umich.edu/cgi/i/image/api/thumb/clark1ic/003020531/39015091198336_03/!250,250|https://quod.lib.umich.edu/cgi/i/image/api/manifest/clark1ic:003020531:39015091198336_03|oai:quod.lib.umich.edu:IC-CLARK1IC-X-003020531%5D39015091198336_04|http://name.umdl.umich.edu/IC-CLARK1IC-X-003020531%5D39015091198336_04|https://quod.lib.umich.edu/cgi/i/image/api/thumb/clark1ic/003020531/39015091198336_04/!250,250|https://quod.lib.umich.edu/cgi/i/image/api/manifest/clark1ic:003020531:39015091198336_04|oai:quod.lib.umich.edu:IC-CLARK1IC-X-003020531%5D39015091198336_05|http://name.umdl.umich.edu/IC-CLARK1IC-X-003020531%5D39015091198336_05|https://quod.lib.umich.edu/cgi/i/image/api/thumb/clark1ic/003020531/39015091198336_05/!250,250|https://quod.lib.umich.edu/cgi/i/image/api/manifest/clark1ic:003020531:39015091198336_05",2026-09-07T13:44:02.607013+00:00,existing
9f009650-d0d4-4d12-8a8e-be89ebff60c2,"https://quod.lib.umich.edu/c/clark1ic/x-008583960/39015091905136|https://quod.lib.umich.edu/cgi/i/image/api/search/clark1ic:008583960|oai:quod.lib.umich.edu:IC-CLARK1IC-X-008583960%5D39015091905136|http://name.umdl.umich.edu/IC-CLARK1IC-X-008583960%5D39015091905136|https://quod.lib.umich.edu/cgi/i/image/api/thumb/clark1ic/008583960/39015091905136/!250,250|https://quod.lib.umich.edu/cgi/i/image/api/manifest/clark1ic:008583960:39015091905136|008583960; 9f009650-d0d4-4d12-8a8e-be89ebff60c2",2026-09-07T13:44:02.607045+00:00,existing
9f5157b1-2da1-4c01-90d3-b88d6f7587c8,"https://quod.lib.umich.edu/c/clark1ic/x-004921541/39015091898430|https://quod.lib.umich.edu/cgi/i/image/api/search/clark1ic:004921541|oai:quod.lib.umich.edu:IC-CLARK1IC-X-004921541%5D39015091898430|http://name.umdl.umich.edu/IC-CLARK1IC-X-004921541%5D39015091898430|https://quod.lib.umich.edu/cgi/i/image/api/thumb/clark1ic/004921541/39015091898430/!250,250|https://quod.lib.umich.edu/cgi/i/image/api/manifest/clark1ic:004921541:39015091898430|004921541; 9f5157b1-2da1-4c01-90d3-b88d6f7587c8",2026-09-07T13:44:02.607075+00:00,existing
9fb9ca47-d355-46d7-996f-ecb4ca4de32e,"https://quod.lib.umich.edu/c/clark1ic/x-000861739/39015091911035|https://quod.lib.umich.edu/cgi/i/image/api/search/clark1ic:000861739|oai:quod.lib.umich.edu:IC-CLARK1IC-X-000861739%5D39015091911035|http://name.umdl.umich.edu/IC-CLARK1IC-X-000861739%5D39015091911035|https://quod.lib.umich.edu/cgi/i/image/api/thumb/clark1ic/000861739/39015091911035/!250,250|https://quod.lib.umich.edu/cgi/i/image/api/manifest/clark1ic:000861739:39015091911035|000861739; 9fb9ca47-d355-46d7-996f-ecb4ca4de32e",2026-09-07T13:44:02.607107+00:00,existing
9fdf7dc2-7af1-4b67-b7ff-f5727c55902e,"https://quod.lib.umich.edu/c/clark1ic/x-003287908/39015091910300|https://quod.lib.umich.edu/cgi/i/image/api/search/clark1ic:003287908|oai:quod.lib.umich.edu:IC-CLARK1IC-X-003287908%5D39015091910300|http://name.umdl.umich.edu/IC-CLARK1IC-X-003287908%5D39015091910300|https://quod.lib.umich.edu/cgi/i/image/api/thumb/clark1ic/003287908/39015091910300/!250,250|https://quod.lib.umich.edu/cgi/i/image/api/manifest/clark1ic:003287908:39015091910300|003287908; 9fdf7dc2-7af1-4b67-b7ff-f5727c55902e",2026-09-07T13:44:02.607137+00:00,existing
a037fd86-e4b5-4ed5-bd42-aefd5d43dcd0,"https://quod.lib.umich.edu/c/clark1ic/x-009613033/39015091195381|https://quod.lib.umich.edu/cgi/i/image/api/search/clark1ic:009613033|oai:quod.lib.umich.edu:IC-CLARK1IC-X-009613033%5D39015091195381|http://name.umdl.umich.edu/IC-CLARK1IC-X-009613033%5D39015091195381|https://quod.lib.umich.edu/cgi/i/image/api/thumb/clark1ic/009613033/39015091195381/!250,250|https://quod.lib.umich.edu/cgi/i/image/api/manifest/clark1ic:009613033:39015091195381|009613033; a037fd86-e4b5-4ed5-bd42-aefd5d43dcd0",2026-09-07T13:44:02.607167+00:00,existing
a0fedd25-debf-4552-9d80-af4717db7c59,"https://quod.lib.umich.edu/c/clark1ic/x-002869489/39015091915408_01|https://quod.lib.umich.edu/cgi/i/image/api/search/clark1ic:002869489|oai:quod.lib.umich.edu:IC-CLARK1IC-X-002869489%5D39015091915408_01|http://name.umdl.umich.edu/IC-CLARK1IC-X-002869489%5D39015091915408_01|https://quod.lib.umich.edu/cgi/i/image/api/thumb/clark1ic/002869489/39015091915408_01/!250,250|https://quod.lib.umich.edu/cgi/i/image/api/manifest/clark1ic:002869489:39015091915408_01|002869489; a0fedd25-debf-4552-9d80-af4717db7c59|oai:quod.lib.umich.edu:IC-CLARK1IC-X-002869489%5D39015091915408_02|http://name.umdl.umich.edu/IC-CLARK1IC-X-002869489%5D39015091915408_02|https://quod.lib.umich.edu/cgi/i/image/api/thumb/clark1ic/002869489/39015091915408_02/!250,250|https://quod.lib.umich.edu/cgi/i/image/api/manifest/clark1ic:002869489:39015091915408_02",2026-09-07T13:44:02.607212+00:00,existing
a19bae50-883c-4e2d-bfb5-5ad124aa6bc9,"https://quod.lib.umich.edu/c/clark1ic/x-000887366/39015091897911|https://quod.lib.umich.edu/cgi/i/image/api/search/clark1ic:000887366|oai:quod.lib.umich.edu:IC-CLARK1IC-X-000887366%5D39015091897911|http://name.umdl.umich.edu/IC-CLARK1IC-X-000887366%5D39015091897911|https://quod.lib.umich.edu/cgi/i/image/api/thumb/clark1ic/000887366/39015091897911/!250,250|https://quod.lib.umich.edu/cgi/i/image/api/manifest/clark1ic:000887366:39015091897911|000887366; a19bae50-883c-4e2d-bfb5-5ad124aa6bc9|oai:quod.lib.umich.edu:IC-CLARK1IC-X-000887366%5D39015091897929|http://name.umdl.umich.edu/IC-CLARK1IC-X-000887366%5D39015091897929|https://quod.lib.umich.edu/cgi/i/image/api/thumb/clark1ic/000887366/39015091897929/!250,250|https://quod.lib.umich.edu/cgi/i/image/api/manifest/clark1ic:000887366:39015091897929|oai:quod.lib.umich.edu:IC-CLARK1IC-X-000887366%5D39015091897937|http://name.umdl.umich.edu/IC-CLARK1IC-X-000887366%5D39015091897937|https://quod.lib.umich.edu/cgi/i/image/api/thumb/clark1ic/000887366/39015091897937/!250,250|https://quod.lib.umich.edu/cgi/i/image/api/manifest/clark1ic:000887366:39015091897937|oai:quod.lib.umich.edu:IC-CLARK1IC-X-000887366%5D39015091897945|http://name.umdl.umich.edu/IC-CLARK1IC-X-000887366%5D39015091897945|https://quod.lib.umich.edu/cgi/i/image/api/thumb/clark1ic/000887366/39015091897945/!250,250|https://quod.lib.umich.edu/cgi/i/image/api/manifest/clark1ic:000887366:39015091897945|oai:quod.lib.umich.edu:IC-CLARK1IC-X-000887366%5D39015091897952|http://name.umdl.umich.edu/IC-CLARK1IC-X-000887366%5D39015091897952|https://quod.lib.umich.edu/cgi/i/image/api/thumb/clark1ic/000887366/39015091897952/!250,250|https://quod.lib.umich.edu/cgi/i/image/api/manifest/clark1ic:000887366:39015091897952",2026-09-07T13:44:02.607293+00:00,existing
a1f3eb3d-fe86-4993-bda2-01bc16358691,"https://quod.lib.umich.edu/c/clark1ic/x-013401158/39015091196140|https://quod.lib.umich.edu/cgi/i/image/api/search/clark1ic:013401158|oai:quod.lib.umich.edu:IC-CLARK1IC-X-013401158%5D39015091196140|http://name.umdl.umich.edu/IC-CLARK1IC-X-013401158%5D39015091196140|https://quod.lib.umich.edu/cgi/i/image/api/thumb/clark1ic/013401158/39015091196140/!250,250|https://quod.lib.umich.edu/cgi/i/image/api/manifest/clark1ic:013401158:39015091196140|013401158; a1f3eb3d-fe86-4993-bda2-01bc16358691",2026-09-07T13:44:02.607324+00:00,existing
a1feb552-d1ad-48c7-9b36-aa59a82d61d9,"https://quod.lib.umich.edu/c/clark1ic/x-003928522/39015091198260|https://quod.lib.umich.edu/cgi/i/image/api/search/clark1ic:003928522|oai:quod.lib.umich.edu:IC-CLARK1IC-X-003928522%5D39015091198260|http://name.umdl.umich.edu/IC-CLARK1IC-X-003928522%5D39015091198260|https://quod.lib.umich.edu/cgi/i/image/api/thumb/clark1ic/003928522/39015091198260/!250,250|https://quod.lib.umich.edu/cgi/i/image/api/manifest/clark1ic:003928522:39015091198260|003928522; a1feb552-d1ad-48c7-9b36-aa59a82d61d9",2026-09-07T13:44:02.607355+00:00,existing
a222b3ef-8d0b-4d77-85b0-65bfc23b5369,"https://quod.lib.umich.edu/c/clark1ic/x-002955086/39015091196496|https://quod.lib.umich.edu/cgi/i/image/api/search/clark1ic:002955086|oai:quod.lib.umich.edu:IC-CLARK1IC-X-002955086%5D39015091196496|http://name.umdl.umich.edu/IC-CLARK1IC-X-002955086%5D39015091196496|https://quod.lib.umich.edu/cgi/i/image/api/thumb/clark1ic/002955086/39015091196496/!250,250|https://quod.lib.umich.edu/cgi/i/image/api/manifest/clark1ic:002955086:39015091196496|002955086; a222b3ef-8d0b-4d77-85b0-65bfc23b5369",2026-09-07T13:44:02.607385+00:00,existing
a25b43e6-85fb-450d-9a80-8c15206ced56,"https://quod.lib.umich.edu/c/clark1ic/x-004989505/39015095398890|https://quod.lib.umich.edu/cgi/i/image/api/search/clark1ic:004989505|oai:quod.lib.umich.edu:IC-CLARK1IC-X-004989505%5D39015095398890|http://name.umdl.umich.edu/IC-CLARK1IC-X-004989505%5D39015095398890|https://quod.lib.umich.edu/cgi/i/image/api/thumb/clark1ic/004989505/39015095398890/!250,250|https://quod.lib.umich.edu/cgi/i/image/api/manifest/clark1ic:004989505:39015095398890|004989505; a25b43e6-85fb-450d-9a80-8c15206ced56",2026-09-07T13:44:02.607415+00:00,existing
a2b70dba-5c8c-4f0d-8bbe-f2a0650196e3,"https://quod.lib.umich.edu/c/clark1ic/x-013516172/39015091197460_01|https://quod.lib.umich.edu/cgi/i/image/api/search/clark1ic:013516172|oai:quod.lib.umich.edu:IC-CLARK1IC-X-013516172%5D39015091197460_01|http://name.umdl.umich.edu/IC-CLARK1IC-X-013516172%5D39015091197460_01|https://quod.lib.umich.edu/cgi/i/image/api/thumb/clark1ic/013516172/39015091197460_01/!250,250|https://quod.lib.umich.edu/cgi/i/image/api/manifest/clark1ic:013516172:39015091197460_01|013516172; a2b70dba-5c8c-4f0d-8bbe-f2a0650196e3|oai:quod.lib.umich.edu:IC-CLARK1IC-X-013516172%5D39015091197460_02|http://name.umdl.umich.edu/IC-CLARK1IC-X-013516172%5D39015091197460_02|https://quod.lib.umich.edu/cgi/i/image/api/thumb/clark1ic/013516172/39015091197460_02/!250,250|https://quod.lib.umich.edu/cgi/i/image/api/manifest/clark1ic:013516172:39015091197460_02",2026-09-07T13:44:02.607460+00:00,existing
a2bd7a1c-481c-407a-9d8d-7c5cbac97fbc,"https://quod.lib.umich.edu/c/clark1ic/x-005431063/39015091919780_01|https://quod.lib.umich.edu/cgi/i/image/api/search/clark1ic:005431063|oai:quod.lib.umich.edu:IC-CLARK1IC-X-005431063%5D39015091919780_01|http://name.umdl.umich.edu/IC-CLARK1IC-X-005431063%5D39015091919780_01|https://quod.lib.umich.edu/cgi/i/image/api/thumb/clark1ic/005431063/39015091919780_01/!250,250|https://quod.lib.umich.edu/cgi/i/image/api/manifest/clark1ic:005431063:39015091919780_01|005431063; a2bd7a1c-481c-407a-9d8d-7c5cbac97fbc|oai:quod.lib.umich.edu:IC-CLARK1IC-X-005431063%5D39015091919780_02|http://name.umdl.umich.edu/IC-CLARK1IC-X-005431063%5D39015091919780_02|https://quod.lib.umich.edu/cgi/i/image/api/thumb/clark1ic/005431063/39015091919780_02/!250,250|https://quod.lib.umich.edu/cgi/i/image/api/manifest/clark1ic:005431063:39015091919780_02",2026-09-07T13:44:02.607507+00:00,existing
a39f11d5-f76c-4059-8a0e-13db0a9334f6,"https://quod.lib.umich.edu/c/clark1ic/x-003287790/39015091910979|https://quod.lib.umich.edu/cgi/i/image/api/search/clark1ic:003287790|oai:quod.lib.umich.edu:IC-CLARK1IC-X-003287790%5D39015091910979|http://name.umdl.umich.edu/IC-CLARK1IC-X-003287790%5D39015091910979|https://quod.lib.umich.edu/cgi/i/image/api/thumb/clark1ic/003287790/39015091910979/!250,250|https://quod.lib.umich.edu/cgi/i/image/api/manifest/clark1ic:003287790:39015091910979|003287790; a39f11d5-f76c-4059-8a0e-13db0a9334f6",2026-09-07T13:44:02.607538+00:00,existing
a3c50f0c-cbf3-4639-b595-27ed93d94752,"https://quod.lib.umich.edu/c/clark1ic/x-003284868/39015091194103_01|https://quod.lib.umich.edu/cgi/i/image/api/search/clark1ic:003284868|oai:quod.lib.umich.edu:IC-CLARK1IC-X-003284868%5D39015091194103_01|http://name.umdl.umich.edu/IC-CLARK1IC-X-003284868%5D39015091194103_01|https://quod.lib.umich.edu/cgi/i/image/api/thumb/clark1ic/003284868/39015091194103_01/!250,250|https://quod.lib.umich.edu/cgi/i/image/api/manifest/clark1ic:003284868:39015091194103_01|003284868; a3c50f0c-cbf3-4639-b595-27ed93d94752|oai:quod.lib.umich.edu:IC-CLARK1IC-X-003284868%5D39015091194103_02|http://name.umdl.umich.edu/IC-CLARK1IC-X-003284868%5D39015091194103_02|https://quod.lib.umich.edu/cgi/i/image/api/thumb/clark1ic/003284868/39015091194103_02/!250,250|https://quod.lib.umich.edu/cgi/i/image/api/manifest/clark1ic:003284868:39015091194103_02",2026-09-07T13:44:02.607582+00:00,existing
a3ecaadb-908d-40eb-958a-145e1c1eb66e,"https://quod.lib.umich.edu/c/clark1ic/x-012485202/39015091191851_01|https://quod.lib.umich.edu/cgi/i/image/api/search/clark1ic:012485202|oai:quod.lib.umich.edu:IC-CLARK1IC-X-012485202%5D39015091191851_01|http://name.umdl.umich.edu/IC-CLARK1IC-X-012485202%5D39015091191851_01|https://quod.lib.umich.edu/cgi/i/image/api/thumb/clark1ic/012485202/39015091191851_01/!250,250|https://quod.lib.umich.edu/cgi/i/image/api/manifest/clark1ic:012485202:39015091191851_01|012485202; a3ecaadb-908d-40eb-958a-145e1c1eb66e|oai:quod.lib.umich.edu:IC-CLARK1IC-X-012485202%5D39015091191851_02|http://name.umdl.umich.edu/IC-CLARK1IC-X-012485202%5D39015091191851_02|https://quod.lib.umich.edu/cgi/i/image/api/thumb/clark1ic/012485202/39015091191851_02/!250,250|https://quod.lib.umich.edu/cgi/i/image/api/manifest/clark1ic:012485202:39015091191851_02",2026-09-07T13:44:02.607628+00:00,existing
a40c112a-e108-4045-b4cb-869ac8b6969d,"https://quod.lib.umich.edu/c/clark1ic/x-004269067/39015091184716|https://quod.lib.umich.edu/cgi/i/image/api/search/clark1ic:004269067|oai:quod.lib.umich.edu:IC-CLARK1IC-X-004269067%5D39015091184716|http://name.umdl.umich.edu/IC-CLARK1IC-X-004269067%5D39015091184716|https://quod.lib.umich.edu/cgi/i/image/api/thumb/clark1ic/004269067/39015091184716/!250,250|https://quod.lib.umich.edu/cgi/i/image/api/manifest/clark1ic:004269067:39015091184716|004269067; a40c112a-e108-4045-b4cb-869ac8b6969d|oai:quod.lib.umich.edu:IC-CLARK1IC-X-004269067%5D39015091184724|http://name.umdl.umich.edu/IC-CLARK1IC-X-004269067%5D39015091184724|https://quod.lib.umich.edu/cgi/i/image/api/thumb/clark1ic/004269067/39015091184724/!250,250|https://quod.lib.umich.edu/cgi/i/image/api/manifest/clark1ic:004269067:39015091184724|oai:quod.lib.umich.edu:IC-CLARK1IC-X-004269067%5D39015091184732|http://name.umdl.umich.edu/IC-CLARK1IC-X-004269067%5D39015091184732|https://quod.lib.umich.edu/cgi/i/image/api/thumb/clark1ic/004269067/39015091184732/!250,250|https://quod.lib.umich.edu/cgi/i/image/api/manifest/clark1ic:004269067:39015091184732",2026-09-07T13:44:02.607684+00:00,existing
a47488d7-26be-4b1c-a4af-4383951e6991,"https://quod.lib.umich.edu/c/clark1ic/x-003286864/39015091197825|https://quod.lib.umich.edu/cgi/i/image/api/search/clark1ic:003286864|oai:quod.lib.umich.edu:IC-CLARK1IC-X-003286864%5D39015091192990|http://name.umdl.umich.edu/IC-CLARK1IC-X-003286864%5D39015091192990|https://quod.lib.umich.edu/cgi/i/image/api/thumb/clark1ic/003286864/39015091192990/!250,250|https://quod.lib.umich.edu/cgi/i/image/api/manifest/clark1ic:003286864:39015091192990|003286864; a47488d7-26be-4b1c-a4af-4383951e6991|oai:quod.lib.umich.edu:IC-CLARK1IC-X-003286864%5D39015091197825|http://name.umdl.umich.edu/IC-CLARK1IC-X-003286864%5D39015091197825|https://quod.lib.umich.edu/cgi/i/image/api/thumb/clark1ic/003286864/39015091197825/!250,250|https://quod.lib.umich.edu/cgi/i/image/api/manifest/clark1ic:003286864:39015091197825",2026-09-07T13:44:02.607727+00:00,existing
a486e64e-122b-4c6a-8e97-693a02ed5291,"https://quod.lib.umich.edu/c/clark1ic/x-000861734/39015091195266|https://quod.lib.umich.edu/cgi/i/image/api/search/clark1ic:000861734|oai:quod.lib.umich.edu:IC-CLARK1IC-X-000861734%5D39015091195266|http://name.umdl.umich.edu/IC-CLARK1IC-X-000861734%5D39015091195266|https://quod.lib.umich.edu/cgi/i/image/api/thumb/clark1ic/000861734/39015091195266/!250,250|https://quod.lib.umich.edu/cgi/i/image/api/manifest/clark1ic:000861734:39015091195266|000861734; a486e64e-122b-4c6a-8e97-693a02ed5291",2026-09-07T13:44:02.607758+00:00,existing
a48989bf-6092-49b9-bf4e-e92010763ccf,"https://quod.lib.umich.edu/c/clark1ic/x-003280958/39015091197080|https://quod.lib.umich.edu/cgi/i/image/api/search/clark1ic:003280958|oai:quod.lib.umich.edu:IC-CLARK1IC-X-003280958%5D39015091197080|http://name.umdl.umich.edu/IC-CLARK1IC-X-003280958%5D39015091197080|https://quod.lib.umich.edu/cgi/i/image/api/thumb/clark1ic/003280958/39015091197080/!250,250|https://quod.lib.umich.edu/cgi/i/image/api/manifest/clark1ic:003280958:39015091197080|003280958; a48989bf-6092-49b9-bf4e-e92010763ccf",2026-09-07T13:44:02.607789+00:00,existing
a4c808b7-3ab8-4f1e-b850-5bdedf441134,"https://quod.lib.umich.edu/c/clark1ic/x-000082214/39015091903784_01|https://quod.lib.umich.edu/cgi/i/image/api/search/clark1ic:000082214|oai:quod.lib.umich.edu:IC-CLARK1IC-X-000082214%5D39015091903784_01|http://name.umdl.umich.edu/IC-CLARK1IC-X-000082214%5D39015091903784_01|https://quod.lib.umich.edu/cgi/i/image/api/thumb/clark1ic/000082214/39015091903784_01/!250,250|https://quod.lib.umich.edu/cgi/i/image/api/manifest/clark1ic:000082214:39015091903784_01|000082214; a4c808b7-3ab8-4f1e-b850-5bdedf441134|oai:quod.lib.umich.edu:IC-CLARK1IC-X-000082214%5D39015091903784_02|http://name.umdl.umich.edu/IC-CLARK1IC-X-000082214%5D39015091903784_02|https://quod.lib.umich.edu/cgi/i/image/api/thumb/clark1ic/000082214/39015091903784_02/!250,250|https://quod.lib.umich.edu/cgi/i/image/api/manifest/clark1ic:000082214:39015091903784_02",2026-09-07T13:44:02.607842+00:00,existing
a63153a3-da79-4e6c-9628-b2b40b312377,"https://quod.lib.umich.edu/c/clark1ic/x-005041410/39015091184757|https://quod.lib.umich.edu/cgi/i/image/api/search/clark1ic:005041410|oai:quod.lib.umich.edu:IC-CLARK1IC-X-005041410%5D39015091184757|http://name.umdl.umich.edu/IC-CLARK1IC-X-005041410%5D39015091184757|https://quod.lib.umich.edu/cgi/i/image/api/thumb/clark1ic/005041410/39015091184757/!250,250|https://quod.lib.umich.edu/cgi/i/image/api/manifest/clark1ic:005041410:39015091184757|005041410; a63153a3-da79-4e6c-9628-b2b40b312377",2026-09-07T13:44:02.607878+00:00,existing
a682cc4d-f31e-4cee-85aa-78cfc214c0c0,"https://quod.lib.umich.edu/c/clark1ic/x-002211234/39015091184591|https://quod.lib.umich.edu/cgi/i/image/api/search/clark1ic:002211234|oai:quod.lib.umich.edu:IC-CLARK1IC-X-002211234%5D39015091184591|http://name.umdl.umich.edu/IC-CLARK1IC-X-002211234%5D39015091184591|https://quod.lib.umich.edu/cgi/i/image/api/thumb/clark1ic/002211234/39015091184591/!250,250|https://quod.lib.umich.edu/cgi/i/image/api/manifest/clark1ic:002211234:39015091184591|002211234; a682cc4d-f31e-4cee-85aa-78cfc214c0c0",2026-09-07T13:44:02.607913+00:00,existing
a6eb4ab6-1c64-4a1f-9f2b-39129b5fef96,"https://quod.lib.umich.edu/c/clark1ic/x-005427293/39015091897135|https://quod.lib.umich.edu/cgi/i/image/api/search/clark1ic:005427293|oai:quod.lib.umich.edu:IC-CLARK1IC-X-005427293%5D39015091897135|http://name.umdl.umich.edu/IC-CLARK1IC-X-005427293%5D39015091897135|https://quod.lib.umich.edu/cgi/i/image/api/thumb/clark1ic/005427293/39015091897135/!250,250|https://quod.lib.umich.edu/cgi/i/image/api/manifest/clark1ic:005427293:39015091897135|005427293; a6eb4ab6-1c64-4a1f-9f2b-39129b5fef96|oai:quod.lib.umich.edu:IC-CLARK1IC-X-005427293%5D39015091897283|http://name.umdl.umich.edu/IC-CLARK1IC-X-005427293%5D39015091897283|https://quod.lib.umich.edu/cgi/i/image/api/thumb/clark1ic/005427293/39015091897283/!250,250|https://quod.lib.umich.edu/cgi/i/image/api/manifest/clark1ic:005427293:39015091897283",2026-09-07T13:44:02.607956+00:00,existing
a71bdd40-43e3-49d1-8a1a-40e562605ad8,"https://quod.lib.umich.edu/c/clark1ic/x-002607372/39015095389113|https://quod.lib.umich.edu/cgi/i/image/api/search/clark1ic:002607372|oai:quod.lib.umich.edu:IC-CLARK1IC-X-002607372%5D39015095389113|http://name.umdl.umich.edu/IC-CLARK1IC-X-002607372%5D39015095389113|https://quod.lib.umich.edu/cgi/i/image/api/thumb/clark1ic/002607372/39015095389113/!250,250|https://quod.lib.umich.edu/cgi/i/image/api/manifest/clark1ic:002607372:39015095389113|002607372; a71bdd40-43e3-49d1-8a1a-40e562605ad8",2026-09-07T13:44:02.607988+00:00,existing
a730db5b-2a2d-46bd-8bf4-0d0b3c7bd2cc,"https://quod.lib.umich.edu/c/clark1ic/x-012612224/39015095390723|https://quod.lib.umich.edu/cgi/i/image/api/search/clark1ic:012612224|oai:quod.lib.umich.edu:IC-CLARK1IC-X-012612224%5D39015095390723|http://name.umdl.umich.edu/IC-CLARK1IC-X-012612224%5D39015095390723|https://quod.lib.umich.edu/cgi/i/image/api/thumb/clark1ic/012612224/39015095390723/!250,250|https://quod.lib.umich.edu/cgi/i/image/api/manifest/clark1ic:012612224:39015095390723|012612224; a730db5b-2a2d-46bd-8bf4-0d0b3c7bd2cc",2026-09-07T13:44:02.608022+00:00,existing
a77fad1d-9778-434e-bb6c-0ff696825686,"https://quod.lib.umich.edu/c/clark1ic/x-000076586/39015091888753_01|https://quod.lib.umich.edu/cgi/i/image/api/search/clark1ic:000076586|oai:quod.lib.umich.edu:IC-CLARK1IC-X-000076586%5D39015091888753_01|http://name.umdl.umich.edu/IC-CLARK1IC-X-000076586%5D39015091888753_01|https://quod.lib.umich.edu/cgi/i/image/api/thumb/clark1ic/000076586/39015091888753_01/!250,250|https://quod.lib.umich.edu/cgi/i/image/api/manifest/clark1ic:000076586:39015091888753_01|000076586; a77fad1d-9778-434e-bb6c-0ff696825686|oai:quod.lib.umich.edu:IC-CLARK1IC-X-000076586%5D39015091888753_01-2|http://name.umdl.umich.edu/IC-CLARK1IC-X-000076586%5D39015091888753_01-2|https://quod.lib.umich.edu/cgi/i/image/api/thumb/clark1ic/000076586/39015091888753_01-2/!250,250|https://quod.lib.umich.edu/cgi/i/image/api/manifest/clark1ic:000076586:39015091888753_01-2|oai:quod.lib.umich.edu:IC-CLARK1IC-X-000076586%5D39015091888753_02|http://name.umdl.umich.edu/IC-CLARK1IC-X-000076586%5D39015091888753_02|https://quod.lib.umich.edu/cgi/i/image/api/thumb/clark1ic/000076586/39015091888753_02/!250,250|https://quod.lib.umich.edu/cgi/i/image/api/manifest/clark1ic:000076586:39015091888753_02|oai:quod.lib.umich.edu:IC-CLARK1IC-X-000076586%5D39015091888753_02-2|http://name.umdl.umich.edu/IC-CLARK1IC-X-000076586%5D39015091888753_02-2|https://quod.lib.umich.edu/cgi/i/image/api/thumb/clark1ic/000076586/39015091888753_02-2/!250,250|https://quod.lib.umich.edu/cgi/i/image/api/manifest/clark1ic:000076586:39015091888753_02-2",2026-09-07T13:44:02.608091+00:00,existing
a7d6381d-9353-4cab-aeda-ef1c42dd2b86,"https://quod.lib.umich.edu/c/clark1ic/x-003288569/39015091199334|https://quod.lib.umich.edu/cgi/i/image/api/search/clark1ic:003288569|oai:quod.lib.umich.edu:IC-CLARK1IC-X-003288569%5D39015091199334|http://name.umdl.umich.edu/IC-CLARK1IC-X-003288569%5D39015091199334|https://quod.lib.umich.edu/cgi/i/image/api/thumb/clark1ic/003288569/39015091199334/!250,250|https://quod.lib.umich.edu/cgi/i/image/api/manifest/clark1ic:003288569:39015091199334|003288569; a7d6381d-9353-4cab-aeda-ef1c42dd2b86",2026-09-07T13:44:02.608122+00:00,existing
a8056fd5-9125-4844-a5d0-eca538d17e9a,"https://quod.lib.umich.edu/c/clark1ic/x-003287638/39015091883507|https://quod.lib.umich.edu/cgi/i/image/api/search/clark1ic:003287638|oai:quod.lib.umich.edu:IC-CLARK1IC-X-003287638%5D39015091883507|http://name.umdl.umich.edu/IC-CLARK1IC-X-003287638%5D39015091883507|https://quod.lib.umich.edu/cgi/i/image/api/thumb/clark1ic/003287638/39015091883507/!250,250|https://quod.lib.umich.edu/cgi/i/image/api/manifest/clark1ic:003287638:39015091883507|003287638; a8056fd5-9125-4844-a5d0-eca538d17e9a",2026-09-07T13:44:02.608155+00:00,existing
a8482106-9014-4f8a-ae9d-9e3c4c46c6f0,"https://quod.lib.umich.edu/c/clark1ic/x-010348283/39015091191703_01|https://quod.lib.umich.edu/cgi/i/image/api/search/clark1ic:010348283|oai:quod.lib.umich.edu:IC-CLARK1IC-X-010348283%5D39015091191703_01|http://name.umdl.umich.edu/IC-CLARK1IC-X-010348283%5D39015091191703_01|https://quod.lib.umich.edu/cgi/i/image/api/thumb/clark1ic/010348283/39015091191703_01/!250,250|https://quod.lib.umich.edu/cgi/i/image/api/manifest/clark1ic:010348283:39015091191703_01|010348283; a8482106-9014-4f8a-ae9d-9e3c4c46c6f0|oai:quod.lib.umich.edu:IC-CLARK1IC-X-010348283%5D39015091191703_02|http://name.umdl.umich.edu/IC-CLARK1IC-X-010348283%5D39015091191703_02|https://quod.lib.umich.edu/cgi/i/image/api/thumb/clark1ic/010348283/39015091191703_02/!250,250|https://quod.lib.umich.edu/cgi/i/image/api/manifest/clark1ic:010348283:39015091191703_02",2026-09-07T13:44:02.608198+00:00,existing
a8aa6fe2-40fd-438d-8023-836248635437,"https://quod.lib.umich.edu/c/clark1ic/x-009451529/39015091185846|https://quod.lib.umich.edu/cgi/i/image/api/search/clark1ic:009451529|oai:quod.lib.umich.edu:IC-CLARK1IC-X-009451529%5D39015091185846|http://name.umdl.umich.edu/IC-CLARK1IC-X-009451529%5D39015091185846|https://quod.lib.umich.edu/cgi/i/image/api/thumb/clark1ic/009451529/39015091185846/!250,250|https://quod.lib.umich.edu/cgi/i/image/api/manifest/clark1ic:009451529:39015091185846|009451529; a8aa6fe2-40fd-438d-8023-836248635437",2026-09-07T13:44:02.608228+00:00,existing
a8cdf192-692e-4913-b21b-ab9ba4cd0e16,"https://quod.lib.umich.edu/c/clark1ic/x-002697988/39015091920762_01|https://quod.lib.umich.edu/cgi/i/image/api/search/clark1ic:002697988|oai:quod.lib.umich.edu:IC-CLARK1IC-X-002697988%5D39015091920762_01|http://name.umdl.umich.edu/IC-CLARK1IC-X-002697988%5D39015091920762_01|https://quod.lib.umich.edu/cgi/i/image/api/thumb/clark1ic/002697988/39015091920762_01/!250,250|https://quod.lib.umich.edu/cgi/i/image/api/manifest/clark1ic:002697988:39015091920762_01|002697988; a8cdf192-692e-4913-b21b-ab9ba4cd0e16|oai:quod.lib.umich.edu:IC-CLARK1IC-X-002697988%5D39015091920762_02|http://name.umdl.umich.edu/IC-CLARK1IC-X-002697988%5D39015091920762_02|https://quod.lib.umich.edu/cgi/i/image/api/thumb/clark1ic/002697988/39015091920762_02/!250,250|https://quod.lib.umich.edu/cgi/i/image/api/manifest/clark1ic:002697988:39015091920762_02",2026-09-07T13:44:02.608272+00:00,existing
a956f53b-9626-46fc-ac33-2f649ebc304c,"https://quod.lib.umich.edu/c/clark1ic/x-010348258/39015091192404|https://quod.lib.umich.edu/cgi/i/image/api/search/clark1ic:010348258|oai:quod.lib.umich.edu:IC-CLARK1IC-X-010348258%5D39015091192404|http://name.umdl.umich.edu/IC-CLARK1IC-X-010348258%5D39015091192404|https://quod.lib.umich.edu/cgi/i/image/api/thumb/clark1ic/010348258/39015091192404/!250,250|https://quod.lib.umich.edu/cgi/i/image/api/manifest/clark1ic:010348258:39015091192404|010348258; a956f53b-9626-46fc-ac33-2f649ebc304c",2026-09-07T13:44:02.608304+00:00,existing
a962f404-7d14-4290-b66a-e7e544789d2f,"https://quod.lib.umich.edu/c/clark1ic/x-013681838/39015091905417|https://quod.lib.umich.edu/cgi/i/image/api/search/clark1ic:013681838|oai:quod.lib.umich.edu:IC-CLARK1IC-X-013681838%5D39015091905417|http://name.umdl.umich.edu/IC-CLARK1IC-X-013681838%5D39015091905417|https://quod.lib.umich.edu/cgi/i/image/api/thumb/clark1ic/013681838/39015091905417/!250,250|https://quod.lib.umich.edu/cgi/i/image/api/manifest/clark1ic:013681838:39015091905417|013681838; a962f404-7d14-4290-b66a-e7e544789d2f",2026-09-07T13:44:02.608334+00:00,existing
a9ad1d80-832b-48b7-bd57-8afc04155608,"https://quod.lib.umich.edu/c/clark1ic/x-010332224/39015091192370_01|https://quod.lib.umich.edu/cgi/i/image/api/search/clark1ic:010332224|oai:quod.lib.umich.edu:IC-CLARK1IC-X-010332224%5D39015091192370_01|http://name.umdl.umich.edu/IC-CLARK1IC-X-010332224%5D39015091192370_01|https://quod.lib.umich.edu/cgi/i/image/api/thumb/clark1ic/010332224/39015091192370_01/!250,250|https://quod.lib.umich.edu/cgi/i/image/api/manifest/clark1ic:010332224:39015091192370_01|010332224; a9ad1d80-832b-48b7-bd57-8afc04155608|oai:quod.lib.umich.edu:IC-CLARK1IC-X-010332224%5D39015091192370_02|http://name.umdl.umich.edu/IC-CLARK1IC-X-010332224%5D39015091192370_02|https://quod.lib.umich.edu/cgi/i/image/api/thumb/clark1ic/010332224/39015091192370_02/!250,250|https://quod.lib.umich.edu/cgi/i/image/api/manifest/clark1ic:010332224:39015091192370_02",2026-09-07T13:44:02.608379+00:00,existing
a9c9a4d6-9659-4770-8237-6b24b946a5ee,"https://quod.lib.umich.edu/c/clark1ic/x-000074544/39015095414580_0001|https://quod.lib.umich.edu/cgi/i/image/api/search/clark1ic:000074544|oai:quod.lib.umich.edu:IC-CLARK1IC-X-000074544%5D39015095414580_0001|http://name.umdl.umich.edu/IC-CLARK1IC-X-000074544%5D39015095414580_0001|https://quod.lib.umich.edu/cgi/i/image/api/thumb/clark1ic/000074544/39015095414580_0001/!250,250|https://quod.lib.umich.edu/cgi/i/image/api/manifest/clark1ic:000074544:39015095414580_0001|000074544; a9c9a4d6-9659-4770-8237-6b24b946a5ee",2026-09-07T13:44:02.608411+00:00,existing
a9f8f915-3e8a-4287-b323-1660d04cc6cb,"https://quod.lib.umich.edu/c/clark1ic/x-013533193/39015091896970|https://quod.lib.umich.edu/cgi/i/image/api/search/clark1ic:013533193|oai:quod.lib.umich.edu:IC-CLARK1IC-X-013533193%5D39015091896970|http://name.umdl.umich.edu/IC-CLARK1IC-X-013533193%5D39015091896970|https://quod.lib.umich.edu/cgi/i/image/api/thumb/clark1ic/013533193/39015091896970/!250,250|https://quod.lib.umich.edu/cgi/i/image/api/manifest/clark1ic:013533193:39015091896970|013533193; a9f8f915-3e8a-4287-b323-1660d04cc6cb",2026-09-07T13:44:02.608442+00:00,existing
a9fed376-a74d-4f18-be01-da6cd31c3b01,"https://quod.lib.umich.edu/c/clark1ic/x-003282332/39015091197189|https://quod.lib.umich.edu/cgi/i/image/api/search/clark1ic:003282332|oai:quod.lib.umich.edu:IC-CLARK1IC-X-003282332%5D39015091197189|http://name.umdl.umich.edu/IC-CLARK1IC-X-003282332%5D39015091197189|https://quod.lib.umich.edu/cgi/i/image/api/thumb/clark1ic/003282332/39015091197189/!250,250|https://quod.lib.umich.edu/cgi/i/image/api/manifest/clark1ic:003282332:39015091197189|003282332; a9fed376-a74d-4f18-be01-da6cd31c3b01",2026-09-07T13:44:02.608473+00:00,existing
aa17b9dd-96c9-45a6-8812-a3a59075713d,"https://quod.lib.umich.edu/c/clark1ic/x-012465033/39015095433366|https://quod.lib.umich.edu/cgi/i/image/api/search/clark1ic:012465033|oai:quod.lib.umich.edu:IC-CLARK1IC-X-012465033%5D39015095433366|http://name.umdl.umich.edu/IC-CLARK1IC-X-012465033%5D39015095433366|https://quod.lib.umich.edu/cgi/i/image/api/thumb/clark1ic/012465033/39015095433366/!250,250|https://quod.lib.umich.edu/cgi/i/image/api/manifest/clark1ic:012465033:39015095433366|012465033; aa17b9dd-96c9-45a6-8812-a3a59075713d",2026-09-07T13:44:02.608504+00:00,existing
aa1aee30-5e71-46ec-9811-84c713f8adc4,"https://quod.lib.umich.edu/c/clark1ic/x-000082181/39015101105321_01|https://quod.lib.umich.edu/cgi/i/image/api/search/clark1ic:000082181|oai:quod.lib.umich.edu:IC-CLARK1IC-X-000082181%5D39015101105321_01|http://name.umdl.umich.edu/IC-CLARK1IC-X-000082181%5D39015101105321_01|https://quod.lib.umich.edu/cgi/i/image/api/thumb/clark1ic/000082181/39015101105321_01/!250,250|https://quod.lib.umich.edu/cgi/i/image/api/manifest/clark1ic:000082181:39015101105321_01|000082181; aa1aee30-5e71-46ec-9811-84c713f8adc4",2026-09-07T13:44:02.608574+00:00,existing
aa1d11e3-97b4-4910-90e2-4be02327e821,"https://quod.lib.umich.edu/c/clark1ic/x-003102831/39015091921570_01|https://quod.lib.umich.edu/cgi/i/image/api/search/clark1ic:003102831|oai:quod.lib.umich.edu:IC-CLARK1IC-X-003102831%5D39015091921570_01|http://name.umdl.umich.edu/IC-CLARK1IC-X-003102831%5D39015091921570_01|https://quod.lib.umich.edu/cgi/i/image/api/thumb/clark1ic/003102831/39015091921570_01/!250,250|https://quod.lib.umich.edu/cgi/i/image/api/manifest/clark1ic:003102831:39015091921570_01|003102831; aa1d11e3-97b4-4910-90e2-4be02327e821|oai:quod.lib.umich.edu:IC-CLARK1IC-X-003102831%5D39015091921570_02|http://name.umdl.umich.edu/IC-CLARK1IC-X-003102831%5D39015091921570_02|https://quod.lib.umich.edu/cgi/i/image/api/thumb/clark1ic/003102831/39015091921570_02/!250,250|https://quod.lib.umich.edu/cgi/i/image/api/manifest/clark1ic:003102831:39015091921570_02|oai:quod.lib.umich.edu:IC-CLARK1IC-X-003102831%5D39015091921570_03|http://name.umdl.umich.edu/IC-CLARK1IC-X-003102831%5D39015091921570_03|https://quod.lib.umich.edu/cgi/i/image/api/thumb/clark1ic/003102831/39015091921570_03/!250,250|https://quod.lib.umich.edu/cgi/i/image/api/manifest/clark1ic:003102831:39015091921570_03|oai:quod.lib.umich.edu:IC-CLARK1IC-X-003102831%5D39015091921570_04|http://name.umdl.umich.edu/IC-CLARK1IC-X-003102831%5D39015091921570_04|https://quod.lib.umich.edu/cgi/i/image/api/thumb/clark1ic/003102831/39015091921570_04/!250,250|https://quod.lib.umich.edu/cgi/i/image/api/manifest/clark1ic:003102831:39015091921570_04",2026-09-07T13:44:02.608656+00:00,existing
aa38a981-80a3-4952-84c6-cec50891aeed,"https://quod.lib.umich.edu/c/clark1ic/x-002588716/39015091899420|https://quod.lib.umich.edu/cgi/i/image/api/search/clark1ic:002588716|oai:quod.lib.umich.edu:IC-CLARK1IC-X-002588716%5D39015091899420|http://name.umdl.umich.edu/IC-CLARK1IC-X-002588716%5D39015091899420|https://quod.lib.umich.edu/cgi/i/image/api/thumb/clark1ic/002588716/39015091899420/!250,250|https://quod.lib.umich.edu/cgi/i/image/api/manifest/clark1ic:002588716:39015091899420|002588716; aa38a981-80a3-4952-84c6-cec50891aeed",2026-09-07T13:44:02.608694+00:00,existing
aac663c0-c1f7-4afc-b04d-e630399d9b72,"https://quod.lib.umich.edu/c/clark1ic/x-002655304/39015091184708|https://quod.lib.umich.edu/cgi/i/image/api/search/clark1ic:002655304|oai:quod.lib.umich.edu:IC-CLARK1IC-X-002655304%5D39015091184708|http://name.umdl.umich.edu/IC-CLARK1IC-X-002655304%5D39015091184708|https://quod.lib.umich.edu/cgi/i/image/api/thumb/clark1ic/002655304/39015091184708/!250,250|https://quod.lib.umich.edu/cgi/i/image/api/manifest/clark1ic:002655304:39015091184708|002655304; aac663c0-c1f7-4afc-b04d-e630399d9b72",2026-09-07T13:44:02.608727+00:00,existing
aafc1bad-806d-431d-8148-4e3368354848,"https://quod.lib.umich.edu/c/clark1ic/x-000887429/39015091194079_01|https://quod.lib.umich.edu/cgi/i/image/api/search/clark1ic:000887429|oai:quod.lib.umich.edu:IC-CLARK1IC-X-000887429%5D39015091194079_01|http://name.umdl.umich.edu/IC-CLARK1IC-X-000887429%5D39015091194079_01|https://quod.lib.umich.edu/cgi/i/image/api/thumb/clark1ic/000887429/39015091194079_01/!250,250|https://quod.lib.umich.edu/cgi/i/image/api/manifest/clark1ic:000887429:39015091194079_01|000887429; aafc1bad-806d-431d-8148-4e3368354848|oai:quod.lib.umich.edu:IC-CLARK1IC-X-000887429%5D39015091194079_02|http://name.umdl.umich.edu/IC-CLARK1IC-X-000887429%5D39015091194079_02|https://quod.lib.umich.edu/cgi/i/image/api/thumb/clark1ic/000887429/39015091194079_02/!250,250|https://quod.lib.umich.edu/cgi/i/image/api/manifest/clark1ic:000887429:39015091194079_02",2026-09-07T13:44:02.608773+00:00,existing
ab0b3baa-bc24-4fe1-b3b4-3ce7dafb9fdc,"https://quod.lib.umich.edu/c/clark1ic/x-002880080/39015091904931|https://quod.lib.umich.edu/cgi/i/image/api/search/clark1ic:002880080|oai:quod.lib.umich.edu:IC-CLARK1IC-X-002880080%5D39015091904931|http://name.umdl.umich.edu/IC-CLARK1IC-X-002880080%5D39015091904931|https://quod.lib.umich.edu/cgi/i/image/api/thumb/clark1ic/002880080/39015091904931/!250,250|https://quod.lib.umich.edu/cgi/i/image/api/manifest/clark1ic:002880080:39015091904931|002880080; ab0b3baa-bc24-4fe1-b3b4-3ce7dafb9fdc",2026-09-07T13:44:02.608806+00:00,existing
ab539fd7-1f13-42d5-8576-b7edced10ea9,"https://quod.lib.umich.edu/c/clark1ic/x-004972740/39015091185978|https://quod.lib.umich.edu/cgi/i/image/api/search/clark1ic:004972740|oai:quod.lib.umich.edu:IC-CLARK1IC-X-004972740%5D39015091185978|http://name.umdl.umich.edu/IC-CLARK1IC-X-004972740%5D39015091185978|https://quod.lib.umich.edu/cgi/i/image/api/thumb/clark1ic/004972740/39015091185978/!250,250|https://quod.lib.umich.edu/cgi/i/image/api/manifest/clark1ic:004972740:39015091185978|004972740; ab539fd7-1f13-42d5-8576-b7edced10ea9",2026-09-07T13:44:02.608839+00:00,existing
ab59bb12-e411-427c-97b6-fa59cee6a37d,"https://quod.lib.umich.edu/c/clark1ic/x-004217655/39015091185994|https://quod.lib.umich.edu/cgi/i/image/api/search/clark1ic:004217655|oai:quod.lib.umich.edu:IC-CLARK1IC-X-004217655%5D39015091185994|http://name.umdl.umich.edu/IC-CLARK1IC-X-004217655%5D39015091185994|https://quod.lib.umich.edu/cgi/i/image/api/thumb/clark1ic/004217655/39015091185994/!250,250|https://quod.lib.umich.edu/cgi/i/image/api/manifest/clark1ic:004217655:39015091185994|004217655; ab59bb12-e411-427c-97b6-fa59cee6a37d",2026-09-07T13:44:02.608871+00:00,existing
ab6285b1-50a3-4552-85d1-cbfe684e734c,"https://quod.lib.umich.edu/c/clark1ic/x-000081819/39015091898299|https://quod.lib.umich.edu/cgi/i/image/api/search/clark1ic:000081819|oai:quod.lib.umich.edu:IC-CLARK1IC-X-000081819%5D39015091898299|http://name.umdl.umich.edu/IC-CLARK1IC-X-000081819%5D39015091898299|https://quod.lib.umich.edu/cgi/i/image/api/thumb/clark1ic/000081819/39015091898299/!250,250|https://quod.lib.umich.edu/cgi/i/image/api/manifest/clark1ic:000081819:39015091898299|000081819; ab6285b1-50a3-4552-85d1-cbfe684e734c",2026-09-07T13:44:02.608903+00:00,existing
ab98bb71-2695-41a1-893b-f681881f0cda,"https://quod.lib.umich.edu/c/clark1ic/x-012388730/39015091198344|https://quod.lib.umich.edu/cgi/i/image/api/search/clark1ic:012388730|oai:quod.lib.umich.edu:IC-CLARK1IC-X-012388730%5D39015091198344|http://name.umdl.umich.edu/IC-CLARK1IC-X-012388730%5D39015091198344|https://quod.lib.umich.edu/cgi/i/image/api/thumb/clark1ic/012388730/39015091198344/!250,250|https://quod.lib.umich.edu/cgi/i/image/api/manifest/clark1ic:012388730:39015091198344|012388730; ab98bb71-2695-41a1-893b-f681881f0cda",2026-09-07T13:44:02.608934+00:00,existing
abc098b3-6383-41ad-aae1-3626a4f7ba37,https://quod.lib.umich.edu/c/clark1ic/x-003281687/39015091186364|https://quod.lib.umich.edu/cgi/i/image/api/search/clark1ic:003281687,2026-09-07T13:44:02.608950+00:00,existing
ac19ac90-110e-4c3a-a5e9-7f7015ea68e0,"https://quod.lib.umich.edu/c/clark1ic/x-001293829/39015091900848|https://quod.lib.umich.edu/cgi/i/image/api/search/clark1ic:001293829|oai:quod.lib.umich.edu:IC-CLARK1IC-X-001293829%5D39015091900848|http://name.umdl.umich.edu/IC-CLARK1IC-X-001293829%5D39015091900848|https://quod.lib.umich.edu/cgi/i/image/api/thumb/clark1ic/001293829/39015091900848/!250,250|https://quod.lib.umich.edu/cgi/i/image/api/manifest/clark1ic:001293829:39015091900848|001293829; ac19ac90-110e-4c3a-a5e9-7f7015ea68e0",2026-09-07T13:44:02.608980+00:00,existing
ac1cbf1d-b202-427c-9ae6-a4b5ab22eb19,"https://quod.lib.umich.edu/c/clark1ic/x-012548206/39015091193857_01|https://quod.lib.umich.edu/cgi/i/image/api/search/clark1ic:012548206|oai:quod.lib.umich.edu:IC-CLARK1IC-X-012548206%5D39015091193857_01|http://name.umdl.umich.edu/IC-CLARK1IC-X-012548206%5D39015091193857_01|https://quod.lib.umich.edu/cgi/i/image/api/thumb/clark1ic/012548206/39015091193857_01/!250,250|https://quod.lib.umich.edu/cgi/i/image/api/manifest/clark1ic:012548206:39015091193857_01|012548206; ac1cbf1d-b202-427c-9ae6-a4b5ab22eb19|oai:quod.lib.umich.edu:IC-CLARK1IC-X-012548206%5D39015091193857_02|http://name.umdl.umich.edu/IC-CLARK1IC-X-012548206%5D39015091193857_02|https://quod.lib.umich.edu/cgi/i/image/api/thumb/clark1ic/012548206/39015091193857_02/!250,250|https://quod.lib.umich.edu/cgi/i/image/api/manifest/clark1ic:012548206:39015091193857_02",2026-09-07T13:44:02.609025+00:00,existing
ac7ed314-f86a-40fc-8ce6-effdbfa57216,"https://quod.lib.umich.edu/c/clark1ic/x-003282702/39015091916729|https://quod.lib.umich.edu/cgi/i/image/api/search/clark1ic:003282702|oai:quod.lib.umich.edu:IC-CLARK1IC-X-003282702%5D39015091916729|http://name.umdl.umich.edu/IC-CLARK1IC-X-003282702%5D39015091916729|https://quod.lib.umich.edu/cgi/i/image/api/thumb/clark1ic/003282702/39015091916729/!250,250|https://quod.lib.umich.edu/cgi/i/image/api/manifest/clark1ic:003282702:39015091916729|003282702; ac7ed314-f86a-40fc-8ce6-effdbfa57216",2026-09-07T13:44:02.609056+00:00,existing
ac92377f-7cac-4852-9259-db6dd2e38e58,"https://quod.lib.umich.edu/c/clark1ic/x-003881430/39015095399997_01|https://quod.lib.umich.edu/cgi/i/image/api/search/clark1ic:003881430|oai:quod.lib.umich.edu:IC-CLARK1IC-X-003881430%5D39015095399997_01|http://name.umdl.umich.edu/IC-CLARK1IC-X-003881430%5D39015095399997_01|https://quod.lib.umich.edu/cgi/i/image/api/thumb/clark1ic/003881430/39015095399997_01/!250,250|https://quod.lib.umich.edu/cgi/i/image/api/manifest/clark1ic:003881430:39015095399997_01|003881430; ac92377f-7cac-4852-9259-db6dd2e38e58",2026-09-07T13:44:02.609088+00:00,existing
ad879b7d-a815-458a-aa35-c2d718c1b9bf,"https://quod.lib.umich.edu/c/clark1ic/x-013711625/39015091898786|https://quod.lib.umich.edu/cgi/i/image/api/search/clark1ic:013711625|oai:quod.lib.umich.edu:IC-CLARK1IC-X-013711625%5D39015091898786|http://name.umdl.umich.edu/IC-CLARK1IC-X-013711625%5D39015091898786|https://quod.lib.umich.edu/cgi/i/image/api/thumb/clark1ic/013711625/39015091898786/!250,250|https://quod.lib.umich.edu/cgi/i/image/api/manifest/clark1ic:013711625:39015091898786|013711625; ad879b7d-a815-458a-aa35-c2d718c1b9bf",2026-09-07T13:44:02.609122+00:00,existing
ae23393c-a4b9-4191-8473-ec4eef4d453a,"https://quod.lib.umich.edu/c/clark1ic/x-002590480/39015091899438|https://quod.lib.umich.edu/cgi/i/image/api/search/clark1ic:002590480|oai:quod.lib.umich.edu:IC-CLARK1IC-X-002590480%5D39015091899438|http://name.umdl.umich.edu/IC-CLARK1IC-X-002590480%5D39015091899438|https://quod.lib.umich.edu/cgi/i/image/api/thumb/clark1ic/002590480/39015091899438/!250,250|https://quod.lib.umich.edu/cgi/i/image/api/manifest/clark1ic:002590480:39015091899438|002590480; ae23393c-a4b9-4191-8473-ec4eef4d453a",2026-09-07T13:44:02.609153+00:00,existing
ae3e0de0-241b-400a-8656-e7aff4535b84,"https://quod.lib.umich.edu/c/clark1ic/x-003883239/39015091197304|https://quod.lib.umich.edu/cgi/i/image/api/search/clark1ic:003883239|oai:quod.lib.umich.edu:IC-CLARK1IC-X-003883239%5D39015091197304|http://name.umdl.umich.edu/IC-CLARK1IC-X-003883239%5D39015091197304|https://quod.lib.umich.edu/cgi/i/image/api/thumb/clark1ic/003883239/39015091197304/!250,250|https://quod.lib.umich.edu/cgi/i/image/api/manifest/clark1ic:003883239:39015091197304|003883239; ae3e0de0-241b-400a-8656-e7aff4535b84",2026-09-07T13:44:02.609183+00:00,existing
ae58d95f-59fd-460b-a489-f5b65d7c31f1,"https://quod.lib.umich.edu/c/clark1ic/x-000887544/39015091911134|https://quod.lib.umich.edu/cgi/i/image/api/search/clark1ic:000887544|oai:quod.lib.umich.edu:IC-CLARK1IC-X-000887544%5D39015091911134|http://name.umdl.umich.edu/IC-CLARK1IC-X-000887544%5D39015091911134|https://quod.lib.umich.edu/cgi/i/image/api/thumb/clark1ic/000887544/39015091911134/!250,250|https://quod.lib.umich.edu/cgi/i/image/api/manifest/clark1ic:000887544:39015091911134|000887544; ae58d95f-59fd-460b-a489-f5b65d7c31f1|oai:quod.lib.umich.edu:IC-CLARK1IC-X-000887544%5D39015091911142|http://name.umdl.umich.edu/IC-CLARK1IC-X-000887544%5D39015091911142|https://quod.lib.umich.edu/cgi/i/image/api/thumb/clark1ic/000887544/39015091911142/!250,250|https://quod.lib.umich.edu/cgi/i/image/api/manifest/clark1ic:000887544:39015091911142",2026-09-07T13:44:02.609232+00:00,existing
ae6df7bb-1b95-418f-be01-9236ef118ae8,"https://quod.lib.umich.edu/c/clark1ic/x-000080980/39015091880073|https://quod.lib.umich.edu/cgi/i/image/api/search/clark1ic:000080980|oai:quod.lib.umich.edu:IC-CLARK1IC-X-000080980%5D39015091880073|http://name.umdl.umich.edu/IC-CLARK1IC-X-000080980%5D39015091880073|https://quod.lib.umich.edu/cgi/i/image/api/thumb/clark1ic/000080980/39015091880073/!250,250|https://quod.lib.umich.edu/cgi/i/image/api/manifest/clark1ic:000080980:39015091880073|000080980; ae6df7bb-1b95-418f-be01-9236ef118ae8",2026-09-07T13:44:02.609263+00:00,existing
ae937366-d374-4184-9ee5-e7deb5fbc5d2,"https://quod.lib.umich.edu/c/clark1ic/x-007996855/39015091197171_01|https://quod.lib.umich.edu/cgi/i/image/api/search/clark1ic:007996855|oai:quod.lib.umich.edu:IC-CLARK1IC-X-007996855%5D39015091197171_01|http://name.umdl.umich.edu/IC-CLARK1IC-X-007996855%5D39015091197171_01|https://quod.lib.umich.edu/cgi/i/image/api/thumb/clark1ic/007996855/39015091197171_01/!250,250|https://quod.lib.umich.edu/cgi/i/image/api/manifest/clark1ic:007996855:39015091197171_01|007996855; ae937366-d374-4184-9ee5-e7deb5fbc5d2|oai:quod.lib.umich.edu:IC-CLARK1IC-X-007996855%5D39015091197171_02|http://name.umdl.umich.edu/IC-CLARK1IC-X-007996855%5D39015091197171_02|https://quod.lib.umich.edu/cgi/i/image/api/thumb/clark1ic/007996855/39015091197171_02/!250,250|https://quod.lib.umich.edu/cgi/i/image/api/manifest/clark1ic:007996855:39015091197171_02",2026-09-07T13:44:02.609309+00:00,existing
aea40dbc-2e3e-4cca-8e35-a6691ded344b,"https://quod.lib.umich.edu/c/clark1ic/x-004204105/39015091191406_01|https://quod.lib.umich.edu/cgi/i/image/api/search/clark1ic:004204105|oai:quod.lib.umich.edu:IC-CLARK1IC-X-004204105%5D39015091191406_01|http://name.umdl.umich.edu/IC-CLARK1IC-X-004204105%5D39015091191406_01|https://quod.lib.umich.edu/cgi/i/image/api/thumb/clark1ic/004204105/39015091191406_01/!250,250|https://quod.lib.umich.edu/cgi/i/image/api/manifest/clark1ic:004204105:39015091191406_01|004204105; aea40dbc-2e3e-4cca-8e35-a6691ded344b|oai:quod.lib.umich.edu:IC-CLARK1IC-X-004204105%5D39015091191406_02|http://name.umdl.umich.edu/IC-CLARK1IC-X-004204105%5D39015091191406_02|https://quod.lib.umich.edu/cgi/i/image/api/thumb/clark1ic/004204105/39015091191406_02/!250,250|https://quod.lib.umich.edu/cgi/i/image/api/manifest/clark1ic:004204105:39015091191406_02",2026-09-07T13:44:02.609352+00:00,existing
af11c558-ad94-4fb9-8997-6e222a25bc45,"https://quod.lib.umich.edu/c/clark1ic/x-003287253/39015101105404_01|https://quod.lib.umich.edu/cgi/i/image/api/search/clark1ic:003287253|oai:quod.lib.umich.edu:IC-CLARK1IC-X-003287253%5D39015101105404_01|http://name.umdl.umich.edu/IC-CLARK1IC-X-003287253%5D39015101105404_01|https://quod.lib.umich.edu/cgi/i/image/api/thumb/clark1ic/003287253/39015101105404_01/!250,250|https://quod.lib.umich.edu/cgi/i/image/api/manifest/clark1ic:003287253:39015101105404_01|003287253; af11c558-ad94-4fb9-8997-6e222a25bc45|oai:quod.lib.umich.edu:IC-CLARK1IC-X-003287253%5D39015101105404_02|http://name.umdl.umich.edu/IC-CLARK1IC-X-003287253%5D39015101105404_02|https://quod.lib.umich.edu/cgi/i/image/api/thumb/clark1ic/003287253/39015101105404_02/!250,250|https://quod.lib.umich.edu/cgi/i/image/api/manifest/clark1ic:003287253:39015101105404_02",2026-09-07T13:44:02.609397+00:00,existing
af20bf57-ad84-4713-b60d-51b4dd06ec77,https://quod.lib.umich.edu/c/clark1ic/x-000887417/39015091921398_01|https://quod.lib.umich.edu/cgi/i/image/api/search/clark1ic:000887417,2026-09-07T13:44:02.609412+00:00,existing
af5ccaa2-6c86-47d6-9d42-d7aea2fd0974,"https://quod.lib.umich.edu/c/clark1ic/x-004074044/39015091197015|https://quod.lib.umich.edu/cgi/i/image/api/search/clark1ic:004074044|oai:quod.lib.umich.edu:IC-CLARK1IC-X-004074044%5D39015091197015|http://name.umdl.umich.edu/IC-CLARK1IC-X-004074044%5D39015091197015|https://quod.lib.umich.edu/cgi/i/image/api/thumb/clark1ic/004074044/39015091197015/!250,250|https://quod.lib.umich.edu/cgi/i/image/api/manifest/clark1ic:004074044:39015091197015|004074044; af5ccaa2-6c86-47d6-9d42-d7aea2fd0974",2026-09-07T13:44:02.609443+00:00,existing
af8a5d84-f265-490e-b4e7-4bd8cf7dc18d,"https://quod.lib.umich.edu/c/clark1ic/x-004218985/39015091192453_01|https://quod.lib.umich.edu/cgi/i/image/api/search/clark1ic:004218985|oai:quod.lib.umich.edu:IC-CLARK1IC-X-004218985%5D39015091192453_01|http://name.umdl.umich.edu/IC-CLARK1IC-X-004218985%5D39015091192453_01|https://quod.lib.umich.edu/cgi/i/image/api/thumb/clark1ic/004218985/39015091192453_01/!250,250|https://quod.lib.umich.edu/cgi/i/image/api/manifest/clark1ic:004218985:39015091192453_01|004218985; af8a5d84-f265-490e-b4e7-4bd8cf7dc18d",2026-09-07T13:44:02.609478+00:00,existing
afa04ff9-fcff-4915-8fb4-863d0314dfad,"https://quod.lib.umich.edu/c/clark1ic/x-003279913/39015091905425|https://quod.lib.umich.edu/cgi/i/image/api/search/clark1ic:003279913|oai:quod.lib.umich.edu:IC-CLARK1IC-X-003279913%5D39015091905425|http://name.umdl.umich.edu/IC-CLARK1IC-X-003279913%5D39015091905425|https://quod.lib.umich.edu/cgi/i/image/api/thumb/clark1ic/003279913/39015091905425/!250,250|https://quod.lib.umich.edu/cgi/i/image/api/manifest/clark1ic:003279913:39015091905425|003279913; afa04ff9-fcff-4915-8fb4-863d0314dfad",2026-09-07T13:44:02.609508+00:00,existing
afcbb8e5-7fd7-4290-a420-f2904122cc89,"https://quod.lib.umich.edu/c/clark1ic/x-000079604/39015091905748_01|https://quod.lib.umich.edu/cgi/i/image/api/search/clark1ic:000079604|oai:quod.lib.umich.edu:IC-CLARK1IC-X-000079604%5D39015091905748_01|http://name.umdl.umich.edu/IC-CLARK1IC-X-000079604%5D39015091905748_01|https://quod.lib.umich.edu/cgi/i/image/api/thumb/clark1ic/000079604/39015091905748_01/!250,250|https://quod.lib.umich.edu/cgi/i/image/api/manifest/clark1ic:000079604:39015091905748_01|000079604; afcbb8e5-7fd7-4290-a420-f2904122cc89|oai:quod.lib.umich.edu:IC-CLARK1IC-X-000079604%5D39015091905748_02|http://name.umdl.umich.edu/IC-CLARK1IC-X-000079604%5D39015091905748_02|https://quod.lib.umich.edu/cgi/i/image/api/thumb/clark1ic/000079604/39015091905748_02/!250,250|https://quod.lib.umich.edu/cgi/i/image/api/manifest/clark1ic:000079604:39015091905748_02|oai:quod.lib.umich.edu:IC-CLARK1IC-X-000079604%5D39015091905748_03|http://name.umdl.umich.edu/IC-CLARK1IC-X-000079604%5D39015091905748_03|https://quod.lib.umich.edu/cgi/i/image/api/thumb/clark1ic/000079604/39015091905748_03/!250,250|https://quod.lib.umich.edu/cgi/i/image/api/manifest/clark1ic:000079604:39015091905748_03|oai:quod.lib.umich.edu:IC-CLARK1IC-X-000079604%5D39015091905748_04|http://name.umdl.umich.edu/IC-CLARK1IC-X-000079604%5D39015091905748_04|https://quod.lib.umich.edu/cgi/i/image/api/thumb/clark1ic/000079604/39015091905748_04/!250,250|https://quod.lib.umich.edu/cgi/i/image/api/manifest/clark1ic:000079604:39015091905748_04|oai:quod.lib.umich.edu:IC-CLARK1IC-X-000079604%5D39015091905896_01|http://name.umdl.umich.edu/IC-CLARK1IC-X-000079604%5D39015091905896_01|https://quod.lib.umich.edu/cgi/i/image/api/thumb/clark1ic/000079604/39015091905896_01/!250,250|https://quod.lib.umich.edu/cgi/i/image/api/manifest/clark1ic:000079604:39015091905896_01|oai:quod.lib.umich.edu:IC-CLARK1IC-X-000079604%5D39015091905896_02|http://name.umdl.umich.edu/IC-CLARK1IC-X-000079604%5D39015091905896_02|https://quod.lib.umich.edu/cgi/i/image/api/thumb/clark1ic/000079604/39015091905896_02/!250,250|https://quod.lib.umich.edu/cgi/i/image/api/manifest/clark1ic:000079604:39015091905896_02|oai:quod.lib.umich.edu:IC-CLARK1IC-X-000079604%5D39015091905896_03|http://name.umdl.umich.edu/IC-CLARK1IC-X-000079604%5D39015091905896_03|https://quod.lib.umich.edu/cgi/i/image/api/thumb/clark1ic/000079604/39015091905896_03/!250,250|https://quod.lib.umich.edu/cgi/i/image/api/manifest/clark1ic:000079604:39015091905896_03|oai:quod.lib.umich.edu:IC-CLARK1IC-X-000079604%5D39015091905896_04|http://name.umdl.umich.edu/IC-CLARK1IC-X-000079604%5D39015091905896_04|https://quod.lib.umich.edu/cgi/i/image/api/thumb/clark1ic/000079604/39015091905896_04/!250,250|https://quod.lib.umich.edu/cgi/i/image/api/manifest/clark1ic:000079604:39015091905896_04",2026-09-07T13:44:02.609629+00:00,existing
b0106b62-940c-44a0-8671-a8559925a65b,"https://quod.lib.umich.edu/c/clark1ic/x-005027217/39015091186117|https://quod.lib.umich.edu/cgi/i/image/api/search/clark1ic:005027217|oai:quod.lib.umich.edu:IC-CLARK1IC-X-005027217%5D39015091186117|http://name.umdl.umich.edu/IC-CLARK1IC-X-005027217%5D39015091186117|https://quod.lib.umich.edu/cgi/i/image/api/thumb/clark1ic/005027217/39015091186117/!250,250|https://quod.lib.umich.edu/cgi/i/image/api/manifest/clark1ic:005027217:39015091186117|005027217; b0106b62-940c-44a0-8671-a8559925a65b",2026-09-07T13:44:02.609661+00:00,existing
b04e4836-810d-43a9-8f98-0118be0c3635,"https://quod.lib.umich.edu/c/clark1ic/x-002874418/39015091880982|https://quod.lib.umich.edu/cgi/i/image/api/search/clark1ic:002874418|oai:quod.lib.umich.edu:IC-CLARK1IC-X-002874418%5D39015091880982|http://name.umdl.umich.edu/IC-CLARK1IC-X-002874418%5D39015091880982|https://quod.lib.umich.edu/cgi/i/image/api/thumb/clark1ic/002874418/39015091880982/!250,250|https://quod.lib.umich.edu/cgi/i/image/api/manifest/clark1ic:002874418:39015091880982|002874418; b04e4836-810d-43a9-8f98-0118be0c3635",2026-09-07T13:44:02.609692+00:00,existing
b0898389-5773-4497-ab7e-f866ac87625e,"https://quod.lib.umich.edu/c/clark1ic/x-006857987/39015091197866|https://quod.lib.umich.edu/cgi/i/image/api/search/clark1ic:006857987|oai:quod.lib.umich.edu:IC-CLARK1IC-X-006857987%5D39015091197866|http://name.umdl.umich.edu/IC-CLARK1IC-X-006857987%5D39015091197866|https://quod.lib.umich.edu/cgi/i/image/api/thumb/clark1ic/006857987/39015091197866/!250,250|https://quod.lib.umich.edu/cgi/i/image/api/manifest/clark1ic:006857987:39015091197866|006857987; b0898389-5773-4497-ab7e-f866ac87625e",2026-09-07T13:44:02.609723+00:00,existing
b0d316f0-1f4b-4454-922d-d1067bc23290,"https://quod.lib.umich.edu/c/clark1ic/x-003280277/39015091898869|https://quod.lib.umich.edu/cgi/i/image/api/search/clark1ic:003280277|oai:quod.lib.umich.edu:IC-CLARK1IC-X-003280277%5D39015091898869|http://name.umdl.umich.edu/IC-CLARK1IC-X-003280277%5D39015091898869|https://quod.lib.umich.edu/cgi/i/image/api/thumb/clark1ic/003280277/39015091898869/!250,250|https://quod.lib.umich.edu/cgi/i/image/api/manifest/clark1ic:003280277:39015091898869|003280277; b0d316f0-1f4b-4454-922d-d1067bc23290|oai:quod.lib.umich.edu:IC-CLARK1IC-X-003280277%5D39015091898877|http://name.umdl.umich.edu/IC-CLARK1IC-X-003280277%5D39015091898877|https://quod.lib.umich.edu/cgi/i/image/api/thumb/clark1ic/003280277/39015091898877/!250,250|https://quod.lib.umich.edu/cgi/i/image/api/manifest/clark1ic:003280277:39015091898877|oai:quod.lib.umich.edu:IC-CLARK1IC-X-003280277%5D39015091899016|http://name.umdl.umich.edu/IC-CLARK1IC-X-003280277%5D39015091899016|https://quod.lib.umich.edu/cgi/i/image/api/thumb/clark1ic/003280277/39015091899016/!250,250|https://quod.lib.umich.edu/cgi/i/image/api/manifest/clark1ic:003280277:39015091899016",2026-09-07T13:44:02.609778+00:00,existing
b10de73a-238b-4f07-9769-10090a5c5724,"https://quod.lib.umich.edu/c/clark1ic/x-001291842/39015095388685|https://quod.lib.umich.edu/cgi/i/image/api/search/clark1ic:001291842|oai:quod.lib.umich.edu:IC-CLARK1IC-X-001291842%5D39015095388685|http://name.umdl.umich.edu/IC-CLARK1IC-X-001291842%5D39015095388685|https://quod.lib.umich.edu/cgi/i/image/api/thumb/clark1ic/001291842/39015095388685/!250,250|https://quod.lib.umich.edu/cgi/i/image/api/manifest/clark1ic:001291842:39015095388685|001291842; b10de73a-238b-4f07-9769-10090a5c5724",2026-09-07T13:44:02.609812+00:00,existing
b1166da2-cb86-4657-aa9f-ddf951dc2d11,"https://quod.lib.umich.edu/c/clark1ic/x-004068509/39015091186950|https://quod.lib.umich.edu/cgi/i/image/api/search/clark1ic:004068509|oai:quod.lib.umich.edu:IC-CLARK1IC-X-004068509%5D39015091186950|http://name.umdl.umich.edu/IC-CLARK1IC-X-004068509%5D39015091186950|https://quod.lib.umich.edu/cgi/i/image/api/thumb/clark1ic/004068509/39015091186950/!250,250|https://quod.lib.umich.edu/cgi/i/image/api/manifest/clark1ic:004068509:39015091186950|004068509; b1166da2-cb86-4657-aa9f-ddf951dc2d11",2026-09-07T13:44:02.609843+00:00,existing
b15a87e1-4797-4ed7-9586-cd7308269d21,"https://quod.lib.umich.edu/c/clark1ic/x-003285701/39015091883606_0001|https://quod.lib.umich.edu/cgi/i/image/api/search/clark1ic:003285701|oai:quod.lib.umich.edu:IC-CLARK1IC-X-003285701%5D39015091883606_0001|http://name.umdl.umich.edu/IC-CLARK1IC-X-003285701%5D39015091883606_0001|https://quod.lib.umich.edu/cgi/i/image/api/thumb/clark1ic/003285701/39015091883606_0001/!250,250|https://quod.lib.umich.edu/cgi/i/image/api/manifest/clark1ic:003285701:39015091883606_0001|003285701; b15a87e1-4797-4ed7-9586-cd7308269d21",2026-09-07T13:44:02.609879+00:00,existing
b15e1bd8-fc18-4d23-912e-f7328a08994b,"https://quod.lib.umich.edu/c/clark1ic/x-000078665/39015091903560|https://quod.lib.umich.edu/cgi/i/image/api/search/clark1ic:000078665|oai:quod.lib.umich.edu:IC-CLARK1IC-X-000078665%5D39015091903560|http://name.umdl.umich.edu/IC-CLARK1IC-X-000078665%5D39015091903560|https://quod.lib.umich.edu/cgi/i/image/api/thumb/clark1ic/000078665/39015091903560/!250,250|https://quod.lib.umich.edu/cgi/i/image/api/manifest/clark1ic:000078665:39015091903560|000078665; b15e1bd8-fc18-4d23-912e-f7328a08994b",2026-09-07T13:44:02.609909+00:00,existing
b1838e9b-918b-4ffe-8262-edc854541b2c,"https://quod.lib.umich.edu/c/clark1ic/x-003282470/39015091916620|https://quod.lib.umich.edu/cgi/i/image/api/search/clark1ic:003282470|oai:quod.lib.umich.edu:IC-CLARK1IC-X-003282470%5D39015091916620|http://name.umdl.umich.edu/IC-CLARK1IC-X-003282470%5D39015091916620|https://quod.lib.umich.edu/cgi/i/image/api/thumb/clark1ic/003282470/39015091916620/!250,250|https://quod.lib.umich.edu/cgi/i/image/api/manifest/clark1ic:003282470:39015091916620|003282470; b1838e9b-918b-4ffe-8262-edc854541b2c",2026-09-07T13:44:02.609939+00:00,existing
b1a44818-589f-4f51-bd84-9411bce654a6,"https://quod.lib.umich.edu/c/clark1ic/x-012542504/39015095390731|https://quod.lib.umich.edu/cgi/i/image/api/search/clark1ic:012542504|oai:quod.lib.umich.edu:IC-CLARK1IC-X-012542504%5D39015095390731|http://name.umdl.umich.edu/IC-CLARK1IC-X-012542504%5D39015095390731|https://quod.lib.umich.edu/cgi/i/image/api/thumb/clark1ic/012542504/39015095390731/!250,250|https://quod.lib.umich.edu/cgi/i/image/api/manifest/clark1ic:012542504:39015095390731|012542504; b1a44818-589f-4f51-bd84-9411bce654a6",2026-09-07T13:44:02.609969+00:00,existing
b1e256d2-8de0-43e1-95e4-029cfb3d46dc,"https://quod.lib.umich.edu/c/clark1ic/x-003285774/39015091905714|https://quod.lib.umich.edu/cgi/i/image/api/search/clark1ic:003285774|oai:quod.lib.umich.edu:IC-CLARK1IC-X-003285774%5D39015091905714|http://name.umdl.umich.edu/IC-CLARK1IC-X-003285774%5D39015091905714|https://quod.lib.umich.edu/cgi/i/image/api/thumb/clark1ic/003285774/39015091905714/!250,250|https://quod.lib.umich.edu/cgi/i/image/api/manifest/clark1ic:003285774:39015091905714|003285774; b1e256d2-8de0-43e1-95e4-029cfb3d46dc",2026-09-07T13:44:02.609999+00:00,existing
b1e9c2eb-d6bd-45e5-9831-235fff5e9558,"https://quod.lib.umich.edu/c/clark1ic/x-003281614/39015091192594|https://quod.lib.umich.edu/cgi/i/image/api/search/clark1ic:003281614|oai:quod.lib.umich.edu:IC-CLARK1IC-X-003281614%5D39015091192594|http://name.umdl.umich.edu/IC-CLARK1IC-X-003281614%5D39015091192594|https://quod.lib.umich.edu/cgi/i/image/api/thumb/clark1ic/003281614/39015091192594/!250,250|https://quod.lib.umich.edu/cgi/i/image/api/manifest/clark1ic:003281614:39015091192594|003281614; b1e9c2eb-d6bd-45e5-9831-235fff5e9558",2026-09-07T13:44:02.610030+00:00,existing
b203a749-3328-4519-900a-7a54c6750057,"https://quod.lib.umich.edu/c/clark1ic/x-002370263/39015091899289|https://quod.lib.umich.edu/cgi/i/image/api/search/clark1ic:002370263|oai:quod.lib.umich.edu:IC-CLARK1IC-X-002370263%5D39015091899289|http://name.umdl.umich.edu/IC-CLARK1IC-X-002370263%5D39015091899289|https://quod.lib.umich.edu/cgi/i/image/api/thumb/clark1ic/002370263/39015091899289/!250,250|https://quod.lib.umich.edu/cgi/i/image/api/manifest/clark1ic:002370263:39015091899289|002370263; b203a749-3328-4519-900a-7a54c6750057",2026-09-07T13:44:02.610059+00:00,existing
b20ca00c-e266-4c4a-bbb3-cbbfe07e5e29,"https://quod.lib.umich.edu/c/clark1ic/x-004914768/39015091888316|https://quod.lib.umich.edu/cgi/i/image/api/search/clark1ic:004914768|oai:quod.lib.umich.edu:IC-CLARK1IC-X-004914768%5D39015091888316|http://name.umdl.umich.edu/IC-CLARK1IC-X-004914768%5D39015091888316|https://quod.lib.umich.edu/cgi/i/image/api/thumb/clark1ic/004914768/39015091888316/!250,250|https://quod.lib.umich.edu/cgi/i/image/api/manifest/clark1ic:004914768:39015091888316|004914768; b20ca00c-e266-4c4a-bbb3-cbbfe07e5e29|oai:quod.lib.umich.edu:IC-CLARK1IC-X-004914768%5D39015091888324|http://name.umdl.umich.edu/IC-CLARK1IC-X-004914768%5D39015091888324|https://quod.lib.umich.edu/cgi/i/image/api/thumb/clark1ic/004914768/39015091888324/!250,250|https://quod.lib.umich.edu/cgi/i/image/api/manifest/clark1ic:004914768:39015091888324",2026-09-07T13:44:02.610104+00:00,existing
b29a7ab1-a6cb-4e33-bf18-594fc53e9b19,"https://quod.lib.umich.edu/c/clark1ic/x-003282471/39015091192131_01|https://quod.lib.umich.edu/cgi/i/image/api/search/clark1ic:003282471|oai:quod.lib.umich.edu:IC-CLARK1IC-X-003282471%5D39015091192131_01|http://name.umdl.umich.edu/IC-CLARK1IC-X-003282471%5D39015091192131_01|https://quod.lib.umich.edu/cgi/i/image/api/thumb/clark1ic/003282471/39015091192131_01/!250,250|https://quod.lib.umich.edu/cgi/i/image/api/manifest/clark1ic:003282471:39015091192131_01|003282471; b29a7ab1-a6cb-4e33-bf18-594fc53e9b19|oai:quod.lib.umich.edu:IC-CLARK1IC-X-003282471%5D39015091192131_02|http://name.umdl.umich.edu/IC-CLARK1IC-X-003282471%5D39015091192131_02|https://quod.lib.umich.edu/cgi/i/image/api/thumb/clark1ic/003282471/39015091192131_02/!250,250|https://quod.lib.umich.edu/cgi/i/image/api/manifest/clark1ic:003282471:39015091192131_02",2026-09-07T13:44:02.610147+00:00,existing
b2afdb03-5102-4f78-bf42-6a552d6db716,"https://quod.lib.umich.edu/c/clark1ic/x-004074047/39015091191158_01|https://quod.lib.umich.edu/cgi/i/image/api/search/clark1ic:004074047|oai:quod.lib.umich.edu:IC-CLARK1IC-X-004074047%5D39015091191158_01|http://name.umdl.umich.edu/IC-CLARK1IC-X-004074047%5D39015091191158_01|https://quod.lib.umich.edu/cgi/i/image/api/thumb/clark1ic/004074047/39015091191158_01/!250,250|https://quod.lib.umich.edu/cgi/i/image/api/manifest/clark1ic:004074047:39015091191158_01|004074047; b2afdb03-5102-4f78-bf42-6a552d6db716",2026-09-07T13:44:02.610178+00:00,existing
b2bda7b4-247c-4534-ad04-a0cd601b66ae,"https://quod.lib.umich.edu/c/clark1ic/x-013681039/39015091881329|https://quod.lib.umich.edu/cgi/i/image/api/search/clark1ic:013681039|oai:quod.lib.umich.edu:IC-CLARK1IC-X-013681039%5D39015091881329|http://name.umdl.umich.edu/IC-CLARK1IC-X-013681039%5D39015091881329|https://quod.lib.umich.edu/cgi/i/image/api/thumb/clark1ic/013681039/39015091881329/!250,250|https://quod.lib.umich.edu/cgi/i/image/api/manifest/clark1ic:013681039:39015091881329|013681039; b2bda7b4-247c-4534-ad04-a0cd601b66ae",2026-09-07T13:44:02.610208+00:00,existing
b2d2c091-d81d-4225-b8c1-46e8f9805369,"https://quod.lib.umich.edu/c/clark1ic/x-012525356/39015095391150_01|https://quod.lib.umich.edu/cgi/i/image/api/search/clark1ic:012525356|oai:quod.lib.umich.edu:IC-CLARK1IC-X-012525356%5D39015095391150_01|http://name.umdl.umich.edu/IC-CLARK1IC-X-012525356%5D39015095391150_01|https://quod.lib.umich.edu/cgi/i/image/api/thumb/clark1ic/012525356/39015095391150_01/!250,250|https://quod.lib.umich.edu/cgi/i/image/api/manifest/clark1ic:012525356:39015095391150_01|012525356; b2d2c091-d81d-4225-b8c1-46e8f9805369|oai:quod.lib.umich.edu:IC-CLARK1IC-X-012525356%5D39015095391150_02|http://name.umdl.umich.edu/IC-CLARK1IC-X-012525356%5D39015095391150_02|https://quod.lib.umich.edu/cgi/i/image/api/thumb/clark1ic/012525356/39015095391150_02/!250,250|https://quod.lib.umich.edu/cgi/i/image/api/manifest/clark1ic:012525356:39015095391150_02",2026-09-07T13:44:02.610267+00:00,existing
b2d57337-8f40-4980-a702-3b595cb64737,"https://quod.lib.umich.edu/c/clark1ic/x-004154345/39015091198500|https://quod.lib.umich.edu/cgi/i/image/api/search/clark1ic:004154345|oai:quod.lib.umich.edu:IC-CLARK1IC-X-004154345%5D39015091198500|http://name.umdl.umich.edu/IC-CLARK1IC-X-004154345%5D39015091198500|https://quod.lib.umich.edu/cgi/i/image/api/thumb/clark1ic/004154345/39015091198500/!250,250|https://quod.lib.umich.edu/cgi/i/image/api/manifest/clark1ic:004154345:39015091198500|004154345; b2d57337-8f40-4980-a702-3b595cb64737",2026-09-07T13:44:02.610307+00:00,existing
b2efc47f-70b9-4462-a6a4-86a49e43697e,"https://quod.lib.umich.edu/c/clark1ic/x-002701243/39015091897986|https://quod.lib.umich.edu/cgi/i/image/api/search/clark1ic:002701243|oai:quod.lib.umich.edu:IC-CLARK1IC-X-002701243%5D39015091897986|http://name.umdl.umich.edu/IC-CLARK1IC-X-002701243%5D39015091897986|https://quod.lib.umich.edu/cgi/i/image/api/thumb/clark1ic/002701243/39015091897986/!250,250|https://quod.lib.umich.edu/cgi/i/image/api/manifest/clark1ic:002701243:39015091897986|002701243; b2efc47f-70b9-4462-a6a4-86a49e43697e",2026-09-07T13:44:02.610337+00:00,existing
b339fb44-0e3b-45a5-bbb0-e4a7b9960632,"https://quod.lib.umich.edu/c/clark1ic/x-012485193/39015095391119|https://quod.lib.umich.edu/cgi/i/image/api/search/clark1ic:012485193|oai:quod.lib.umich.edu:IC-CLARK1IC-X-012485193%5D39015095391119|http://name.umdl.umich.edu/IC-CLARK1IC-X-012485193%5D39015095391119|https://quod.lib.umich.edu/cgi/i/image/api/thumb/clark1ic/012485193/39015095391119/!250,250|https://quod.lib.umich.edu/cgi/i/image/api/manifest/clark1ic:012485193:39015095391119|012485193; b339fb44-0e3b-45a5-bbb0-e4a7b9960632",2026-09-07T13:44:02.610367+00:00,existing
b3911043-f465-4a87-b909-f834a7f494c3,"https://quod.lib.umich.edu/c/clark1ic/x-012198555/39015091885841|https://quod.lib.umich.edu/cgi/i/image/api/search/clark1ic:012198555|oai:quod.lib.umich.edu:IC-CLARK1IC-X-012198555%5D39015091885841|http://name.umdl.umich.edu/IC-CLARK1IC-X-012198555%5D39015091885841|https://quod.lib.umich.edu/cgi/i/image/api/thumb/clark1ic/012198555/39015091885841/!250,250|https://quod.lib.umich.edu/cgi/i/image/api/manifest/clark1ic:012198555:39015091885841|012198555; b3911043-f465-4a87-b909-f834a7f494c3",2026-09-07T13:44:02.610397+00:00,existing
b3c19705-7eab-4e33-8980-15b7898f9f87,"https://quod.lib.umich.edu/c/clark1ic/x-012767662/39015091903842|https://quod.lib.umich.edu/cgi/i/image/api/search/clark1ic:012767662|oai:quod.lib.umich.edu:IC-CLARK1IC-X-012767662%5D39015091903842|http://name.umdl.umich.edu/IC-CLARK1IC-X-012767662%5D39015091903842|https://quod.lib.umich.edu/cgi/i/image/api/thumb/clark1ic/012767662/39015091903842/!250,250|https://quod.lib.umich.edu/cgi/i/image/api/manifest/clark1ic:012767662:39015091903842|012767662; b3c19705-7eab-4e33-8980-15b7898f9f87",2026-09-07T13:44:02.610427+00:00,existing
b3f90109-204c-4505-8399-c7e72fe6bed9,"https://quod.lib.umich.edu/c/clark1ic/x-004182345/39015049936779|https://quod.lib.umich.edu/cgi/i/image/api/search/clark1ic:004182345|oai:quod.lib.umich.edu:IC-CLARK1IC-X-004182345%5D39015049936779|http://name.umdl.umich.edu/IC-CLARK1IC-X-004182345%5D39015049936779|https://quod.lib.umich.edu/cgi/i/image/api/thumb/clark1ic/004182345/39015049936779/!250,250|https://quod.lib.umich.edu/cgi/i/image/api/manifest/clark1ic:004182345:39015049936779|004182345; b3f90109-204c-4505-8399-c7e72fe6bed9",2026-09-07T13:44:02.610459+00:00,existing
b41b54f5-db78-4501-b373-e9b451468841,"https://quod.lib.umich.edu/c/clark1ic/x-002742806/39015091897150|https://quod.lib.umich.edu/cgi/i/image/api/search/clark1ic:002742806|oai:quod.lib.umich.edu:IC-CLARK1IC-X-002742806%5D39015091897150|http://name.umdl.umich.edu/IC-CLARK1IC-X-002742806%5D39015091897150|https://quod.lib.umich.edu/cgi/i/image/api/thumb/clark1ic/002742806/39015091897150/!250,250|https://quod.lib.umich.edu/cgi/i/image/api/manifest/clark1ic:002742806:39015091897150|002742806; b41b54f5-db78-4501-b373-e9b451468841",2026-09-07T13:44:02.610489+00:00,existing
b41e4fd7-9403-4050-b2f2-54f2ca231024,"https://quod.lib.umich.edu/c/clark1ic/x-003023238/39015091194210|https://quod.lib.umich.edu/cgi/i/image/api/search/clark1ic:003023238|oai:quod.lib.umich.edu:IC-CLARK1IC-X-003023238%5D39015091194210|http://name.umdl.umich.edu/IC-CLARK1IC-X-003023238%5D39015091194210|https://quod.lib.umich.edu/cgi/i/image/api/thumb/clark1ic/003023238/39015091194210/!250,250|https://quod.lib.umich.edu/cgi/i/image/api/manifest/clark1ic:003023238:39015091194210|003023238; b41e4fd7-9403-4050-b2f2-54f2ca231024|oai:quod.lib.umich.edu:IC-CLARK1IC-X-003023238%5D39015091194228|http://name.umdl.umich.edu/IC-CLARK1IC-X-003023238%5D39015091194228|https://quod.lib.umich.edu/cgi/i/image/api/thumb/clark1ic/003023238/39015091194228/!250,250|https://quod.lib.umich.edu/cgi/i/image/api/manifest/clark1ic:003023238:39015091194228|oai:quod.lib.umich.edu:IC-CLARK1IC-X-003023238%5D39015091194238|http://name.umdl.umich.edu/IC-CLARK1IC-X-003023238%5D39015091194238|https://quod.lib.umich.edu/cgi/i/image/api/thumb/clark1ic/003023238/39015091194238/!250,250|https://quod.lib.umich.edu/cgi/i/image/api/manifest/clark1ic:003023238:39015091194238|oai:quod.lib.umich.edu:IC-CLARK1IC-X-003023238%5D39015091194244|http://name.umdl.umich.edu/IC-CLARK1IC-X-003023238%5D39015091194244|https://quod.lib.umich.edu/cgi/i/image/api/thumb/clark1ic/003023238/39015091194244/!250,250|https://quod.lib.umich.edu/cgi/i/image/api/manifest/clark1ic:003023238:39015091194244|oai:quod.lib.umich.edu:IC-CLARK1IC-X-003023238%5D39015091194251|http://name.umdl.umich.edu/IC-CLARK1IC-X-003023238%5D39015091194251|https://quod.lib.umich.edu/cgi/i/image/api/thumb/clark1ic/003023238/39015091194251/!250,250|https://quod.lib.umich.edu/cgi/i/image/api/manifest/clark1ic:003023238:39015091194251|oai:quod.lib.umich.edu:IC-CLARK1IC-X-003023238%5D39015091194269|http://name.umdl.umich.edu/IC-CLARK1IC-X-003023238%5D39015091194269|https://quod.lib.umich.edu/cgi/i/image/api/thumb/clark1ic/003023238/39015091194269/!250,250|https://quod.lib.umich.edu/cgi/i/image/api/manifest/clark1ic:003023238:39015091194269|oai:quod.lib.umich.edu:IC-CLARK1IC-X-003023238%5D39015091194277|http://name.umdl.umich.edu/IC-CLARK1IC-X-003023238%5D39015091194277|https://quod.lib.umich.edu/cgi/i/image/api/thumb/clark1ic/003023238/39015091194277/!250,250|https://quod.lib.umich.edu/cgi/i/image/api/manifest/clark1ic:003023238:39015091194277|oai:quod.lib.umich.edu:IC-CLARK1IC-X-003023238%5D39015091194285|http://name.umdl.umich.edu/IC-CLARK1IC-X-003023238%5D39015091194285|https://quod.lib.umich.edu/cgi/i/image/api/thumb/clark1ic/003023238/39015091194285/!250,250|https://quod.lib.umich.edu/cgi/i/image/api/manifest/clark1ic:003023238:39015091194285",2026-09-07T13:44:02.610607+00:00,existing
b44007f4-b5f2-4f05-b15f-0949c7c06e71,"https://quod.lib.umich.edu/c/clark1ic/x-005255307/39015091191448_01|https://quod.lib.umich.edu/cgi/i/image/api/search/clark1ic:005255307|oai:quod.lib.umich.edu:IC-CLARK1IC-X-005255307%5D39015091191448_01|http://name.umdl.umich.edu/IC-CLARK1IC-X-005255307%5D39015091191448_01|https://quod.lib.umich.edu/cgi/i/image/api/thumb/clark1ic/005255307/39015091191448_01/!250,250|https://quod.lib.umich.edu/cgi/i/image/api/manifest/clark1ic:005255307:39015091191448_01|005255307; b44007f4-b5f2-4f05-b15f-0949c7c06e71|oai:quod.lib.umich.edu:IC-CLARK1IC-X-005255307%5D39015091191448_02|http://name.umdl.umich.edu/IC-CLARK1IC-X-005255307%5D39015091191448_02|https://quod.lib.umich.edu/cgi/i/image/api/thumb/clark1ic/005255307/39015091191448_02/!250,250|https://quod.lib.umich.edu/cgi/i/image/api/manifest/clark1ic:005255307:39015091191448_02",2026-09-07T13:44:02.610653+00:00,existing
b47cebce-d5a3-40ec-82e1-5dd9294778a0,"https://quod.lib.umich.edu/c/clark1ic/x-004936042/39015091186323|https://quod.lib.umich.edu/cgi/i/image/api/search/clark1ic:004936042|oai:quod.lib.umich.edu:IC-CLARK1IC-X-004936042%5D39015091186323|http://name.umdl.umich.edu/IC-CLARK1IC-X-004936042%5D39015091186323|https://quod.lib.umich.edu/cgi/i/image/api/thumb/clark1ic/004936042/39015091186323/!250,250|https://quod.lib.umich.edu/cgi/i/image/api/manifest/clark1ic:004936042:39015091186323|004936042; b47cebce-d5a3-40ec-82e1-5dd9294778a0",2026-09-07T13:44:02.610685+00:00,existing
b485e47e-25f7-487c-9456-dfe75752b7cc,"https://quod.lib.umich.edu/c/clark1ic/x-003281322/39015091196322|https://quod.lib.umich.edu/cgi/i/image/api/search/clark1ic:003281322|oai:quod.lib.umich.edu:IC-CLARK1IC-X-003281322%5D39015091196322|http://name.umdl.umich.edu/IC-CLARK1IC-X-003281322%5D39015091196322|https://quod.lib.umich.edu/cgi/i/image/api/thumb/clark1ic/003281322/39015091196322/!250,250|https://quod.lib.umich.edu/cgi/i/image/api/manifest/clark1ic:003281322:39015091196322|003281322; b485e47e-25f7-487c-9456-dfe75752b7cc|oai:quod.lib.umich.edu:IC-CLARK1IC-X-003281322%5D39015091196330|http://name.umdl.umich.edu/IC-CLARK1IC-X-003281322%5D39015091196330|https://quod.lib.umich.edu/cgi/i/image/api/thumb/clark1ic/003281322/39015091196330/!250,250|https://quod.lib.umich.edu/cgi/i/image/api/manifest/clark1ic:003281322:39015091196330",2026-09-07T13:44:02.610727+00:00,existing
b4a8adff-f894-4f1e-89bc-0d89cef6dd1d,"https://quod.lib.umich.edu/c/clark1ic/x-006776371/39015091186349_01|https://quod.lib.umich.edu/cgi/i/image/api/search/clark1ic:006776371|oai:quod.lib.umich.edu:IC-CLARK1IC-X-006776371%5D39015091186349_01|http://name.umdl.umich.edu/IC-CLARK1IC-X-006776371%5D39015091186349_01|https://quod.lib.umich.edu/cgi/i/image/api/thumb/clark1ic/006776371/39015091186349_01/!250,250|https://quod.lib.umich.edu/cgi/i/image/api/manifest/clark1ic:006776371:39015091186349_01|006776371; b4a8adff-f894-4f1e-89bc-0d89cef6dd1d|oai:quod.lib.umich.edu:IC-CLARK1IC-X-006776371%5D39015091186349_02|http://name.umdl.umich.edu/IC-CLARK1IC-X-006776371%5D39015091186349_02|https://quod.lib.umich.edu/cgi/i/image/api/thumb/clark1ic/006776371/39015091186349_02/!250,250|https://quod.lib.umich.edu/cgi/i/image/api/manifest/clark1ic:006776371:39015091186349_02|oai:quod.lib.umich.edu:IC-CLARK1IC-X-006776371%5D39015091186349_03|http://name.umdl.umich.edu/IC-CLARK1IC-X-006776371%5D39015091186349_03|https://quod.lib.umich.edu/cgi/i/image/api/thumb/clark1ic/006776371/39015091186349_03/!250,250|https://quod.lib.umich.edu/cgi/i/image/api/manifest/clark1ic:006776371:39015091186349_03|oai:quod.lib.umich.edu:IC-CLARK1IC-X-006776371%5D39015091186349_04|http://name.umdl.umich.edu/IC-CLARK1IC-X-006776371%5D39015091186349_04|https://quod.lib.umich.edu/cgi/i/image/api/thumb/clark1ic/006776371/39015091186349_04/!250,250|https://quod.lib.umich.edu/cgi/i/image/api/manifest/clark1ic:006776371:39015091186349_04",2026-09-07T13:44:02.610799+00:00,existing
b4cde01f-0573-4439-8a2e-d93faa133927,"https://quod.lib.umich.edu/c/clark1ic/x-000080681/39015091905268|https://quod.lib.umich.edu/cgi/i/image/api/search/clark1ic:000080681|oai:quod.lib.umich.edu:IC-CLARK1IC-X-000080681%5D39015091905268|http://name.umdl.umich.edu/IC-CLARK1IC-X-000080681%5D39015091905268|https://quod.lib.umich.edu/cgi/i/image/api/thumb/clark1ic/000080681/39015091905268/!250,250|https://quod.lib.umich.edu/cgi/i/image/api/manifest/clark1ic:000080681:39015091905268|000080681; b4cde01f-0573-4439-8a2e-d93faa133927",2026-09-07T13:44:02.610830+00:00,existing
b4ee33e2-bd36-4483-93a9-d4206c3ed2ef,"https://quod.lib.umich.edu/c/clark1ic/x-003282207/39015091910375|https://quod.lib.umich.edu/cgi/i/image/api/search/clark1ic:003282207|oai:quod.lib.umich.edu:IC-CLARK1IC-X-003282207%5D39015091910375|http://name.umdl.umich.edu/IC-CLARK1IC-X-003282207%5D39015091910375|https://quod.lib.umich.edu/cgi/i/image/api/thumb/clark1ic/003282207/39015091910375/!250,250|https://quod.lib.umich.edu/cgi/i/image/api/manifest/clark1ic:003282207:39015091910375|003282207; b4ee33e2-bd36-4483-93a9-d4206c3ed2ef",2026-09-07T13:44:02.610861+00:00,existing
b520d561-a377-4d31-a334-13f6363b269f,"https://quod.lib.umich.edu/c/clark1ic/x-012535896/39015095390814|https://quod.lib.umich.edu/cgi/i/image/api/search/clark1ic:012535896|oai:quod.lib.umich.edu:IC-CLARK1IC-X-012535896%5D39015095390814|http://name.umdl.umich.edu/IC-CLARK1IC-X-012535896%5D39015095390814|https://quod.lib.umich.edu/cgi/i/image/api/thumb/clark1ic/012535896/39015095390814/!250,250|https://quod.lib.umich.edu/cgi/i/image/api/manifest/clark1ic:012535896:39015095390814|012535896; b520d561-a377-4d31-a334-13f6363b269f",2026-09-07T13:44:02.610891+00:00,existing
b528472c-4e5a-4475-955b-5e14a6596b93,"https://quod.lib.umich.edu/c/clark1ic/x-002644235/39015091197056|https://quod.lib.umich.edu/cgi/i/image/api/search/clark1ic:002644235|oai:quod.lib.umich.edu:IC-CLARK1IC-X-002644235%5D39015091197056|http://name.umdl.umich.edu/IC-CLARK1IC-X-002644235%5D39015091197056|https://quod.lib.umich.edu/cgi/i/image/api/thumb/clark1ic/002644235/39015091197056/!250,250|https://quod.lib.umich.edu/cgi/i/image/api/manifest/clark1ic:002644235:39015091197056|002644235; b528472c-4e5a-4475-955b-5e14a6596b93",2026-09-07T13:44:02.610922+00:00,existing
b5eceaff-470b-472a-ab77-b2abd4949047,"https://quod.lib.umich.edu/c/clark1ic/x-003284817/39015091195498_01|https://quod.lib.umich.edu/cgi/i/image/api/search/clark1ic:003284817|oai:quod.lib.umich.edu:IC-CLARK1IC-X-003284817%5D39015091195498_01|http://name.umdl.umich.edu/IC-CLARK1IC-X-003284817%5D39015091195498_01|https://quod.lib.umich.edu/cgi/i/image/api/thumb/clark1ic/003284817/39015091195498_01/!250,250|https://quod.lib.umich.edu/cgi/i/image/api/manifest/clark1ic:003284817:39015091195498_01|003284817; b5eceaff-470b-472a-ab77-b2abd4949047|oai:quod.lib.umich.edu:IC-CLARK1IC-X-003284817%5D39015091195647_01|http://name.umdl.umich.edu/IC-CLARK1IC-X-003284817%5D39015091195647_01|https://quod.lib.umich.edu/cgi/i/image/api/thumb/clark1ic/003284817/39015091195647_01/!250,250|https://quod.lib.umich.edu/cgi/i/image/api/manifest/clark1ic:003284817:39015091195647_01",2026-09-07T13:44:02.610965+00:00,existing
b5fa675c-de9f-44e5-8dc7-fdd28ed0605a,"https://quod.lib.umich.edu/c/clark1ic/x-000887735/39015091921125_01|https://quod.lib.umich.edu/cgi/i/image/api/search/clark1ic:000887735|oai:quod.lib.umich.edu:IC-CLARK1IC-X-000887735%5D39015091921125_01|http://name.umdl.umich.edu/IC-CLARK1IC-X-000887735%5D39015091921125_01|https://quod.lib.umich.edu/cgi/i/image/api/thumb/clark1ic/000887735/39015091921125_01/!250,250|https://quod.lib.umich.edu/cgi/i/image/api/manifest/clark1ic:000887735:39015091921125_01|000887735; b5fa675c-de9f-44e5-8dc7-fdd28ed0605a|oai:quod.lib.umich.edu:IC-CLARK1IC-X-000887735%5D39015091921125_02|http://name.umdl.umich.edu/IC-CLARK1IC-X-000887735%5D39015091921125_02|https://quod.lib.umich.edu/cgi/i/image/api/thumb/clark1ic/000887735/39015091921125_02/!250,250|https://quod.lib.umich.edu/cgi/i/image/api/manifest/clark1ic:000887735:39015091921125_02|oai:quod.lib.umich.edu:IC-CLARK1IC-X-000887735%5D39015091921125_03|http://name.umdl.umich.edu/IC-CLARK1IC-X-000887735%5D39015091921125_03|https://quod.lib.umich.edu/cgi/i/image/api/thumb/clark1ic/000887735/39015091921125_03/!250,250|https://quod.lib.umich.edu/cgi/i/image/api/manifest/clark1ic:000887735:39015091921125_03",2026-09-07T13:44:02.611021+00:00,existing
b61be2d6-0484-4321-8398-0b49ef53f2c1,"https://quod.lib.umich.edu/c/clark1ic/x-011349214/39015091186513|https://quod.lib.umich.edu/cgi/i/image/api/search/clark1ic:011349214|oai:quod.lib.umich.edu:IC-CLARK1IC-X-011349214%5D39015091186513|http://name.umdl.umich.edu/IC-CLARK1IC-X-011349214%5D39015091186513|https://quod.lib.umich.edu/cgi/i/image/api/thumb/clark1ic/011349214/39015091186513/!250,250|https://quod.lib.umich.edu/cgi/i/image/api/manifest/clark1ic:011349214:39015091186513|011349214; b61be2d6-0484-4321-8398-0b49ef53f2c1",2026-09-07T13:44:02.611052+00:00,existing
b65f2cfa-bb36-4000-abc1-9b4707180c82,"https://quod.lib.umich.edu/c/clark1ic/x-010690125/39015091898463|https://quod.lib.umich.edu/cgi/i/image/api/search/clark1ic:010690125|oai:quod.lib.umich.edu:IC-CLARK1IC-X-010690125%5D39015091898463|http://name.umdl.umich.edu/IC-CLARK1IC-X-010690125%5D39015091898463|https://quod.lib.umich.edu/cgi/i/image/api/thumb/clark1ic/010690125/39015091898463/!250,250|https://quod.lib.umich.edu/cgi/i/image/api/manifest/clark1ic:010690125:39015091898463|010690125; b65f2cfa-bb36-4000-abc1-9b4707180c82",2026-09-07T13:44:02.611083+00:00,existing
b694d5ca-7610-4c08-978f-3fd9c4517c36,"https://quod.lib.umich.edu/c/clark1ic/x-008846648/39015091186828|https://quod.lib.umich.edu/cgi/i/image/api/search/clark1ic:008846648|oai:quod.lib.umich.edu:IC-CLARK1IC-X-008846648%5D39015091186828|http://name.umdl.umich.edu/IC-CLARK1IC-X-008846648%5D39015091186828|https://quod.lib.umich.edu/cgi/i/image/api/thumb/clark1ic/008846648/39015091186828/!250,250|https://quod.lib.umich.edu/cgi/i/image/api/manifest/clark1ic:008846648:39015091186828|008846648; b694d5ca-7610-4c08-978f-3fd9c4517c36",2026-09-07T13:44:02.611115+00:00,existing
b6b6c6b3-8388-4d23-bace-b047658e6598,"https://quod.lib.umich.edu/c/clark1ic/x-000887730/39015091921331_01|https://quod.lib.umich.edu/cgi/i/image/api/search/clark1ic:000887730|oai:quod.lib.umich.edu:IC-CLARK1IC-X-000887730%5D39015091921331_01|http://name.umdl.umich.edu/IC-CLARK1IC-X-000887730%5D39015091921331_01|https://quod.lib.umich.edu/cgi/i/image/api/thumb/clark1ic/000887730/39015091921331_01/!250,250|https://quod.lib.umich.edu/cgi/i/image/api/manifest/clark1ic:000887730:39015091921331_01|000887730; b6b6c6b3-8388-4d23-bace-b047658e6598|oai:quod.lib.umich.edu:IC-CLARK1IC-X-000887730%5D39015091921331_02|http://name.umdl.umich.edu/IC-CLARK1IC-X-000887730%5D39015091921331_02|https://quod.lib.umich.edu/cgi/i/image/api/thumb/clark1ic/000887730/39015091921331_02/!250,250|https://quod.lib.umich.edu/cgi/i/image/api/manifest/clark1ic:000887730:39015091921331_02",2026-09-07T13:44:02.611159+00:00,existing
b6c315f2-0861-46fb-b21c-77c9f18b14c0,"https://quod.lib.umich.edu/c/clark1ic/x-001291793/39015091883622_01|https://quod.lib.umich.edu/cgi/i/image/api/search/clark1ic:001291793|oai:quod.lib.umich.edu:IC-CLARK1IC-X-001291793%5D39015091883622_01|http://name.umdl.umich.edu/IC-CLARK1IC-X-001291793%5D39015091883622_01|https://quod.lib.umich.edu/cgi/i/image/api/thumb/clark1ic/001291793/39015091883622_01/!250,250|https://quod.lib.umich.edu/cgi/i/image/api/manifest/clark1ic:001291793:39015091883622_01|001291793; b6c315f2-0861-46fb-b21c-77c9f18b14c0|oai:quod.lib.umich.edu:IC-CLARK1IC-X-001291793%5D39015091883622_02|http://name.umdl.umich.edu/IC-CLARK1IC-X-001291793%5D39015091883622_02|https://quod.lib.umich.edu/cgi/i/image/api/thumb/clark1ic/001291793/39015091883622_02/!250,250|https://quod.lib.umich.edu/cgi/i/image/api/manifest/clark1ic:001291793:39015091883622_02",2026-09-07T13:44:02.611204+00:00,existing
b72eb661-6f57-400f-a5f3-17523e0b740a,"https://quod.lib.umich.edu/c/clark1ic/x-012519443/39015095391028_01|https://quod.lib.umich.edu/cgi/i/image/api/search/clark1ic:012519443|oai:quod.lib.umich.edu:IC-CLARK1IC-X-012519443%5D39015095391028_01|http://name.umdl.umich.edu/IC-CLARK1IC-X-012519443%5D39015095391028_01|https://quod.lib.umich.edu/cgi/i/image/api/thumb/clark1ic/012519443/39015095391028_01/!250,250|https://quod.lib.umich.edu/cgi/i/image/api/manifest/clark1ic:012519443:39015095391028_01|012519443; b72eb661-6f57-400f-a5f3-17523e0b740a|oai:quod.lib.umich.edu:IC-CLARK1IC-X-012519443%5D39015095391028_02|http://name.umdl.umich.edu/IC-CLARK1IC-X-012519443%5D39015095391028_02|https://quod.lib.umich.edu/cgi/i/image/api/thumb/clark1ic/012519443/39015095391028_02/!250,250|https://quod.lib.umich.edu/cgi/i/image/api/manifest/clark1ic:012519443:39015095391028_02",2026-09-07T13:44:02.611255+00:00,existing
b772ce7d-55a4-4885-9188-fc59a2ae6de2,"https://quod.lib.umich.edu/c/clark1ic/x-000074519/39015091184575|https://quod.lib.umich.edu/cgi/i/image/api/search/clark1ic:000074519|oai:quod.lib.umich.edu:IC-CLARK1IC-X-000074519%5D39015091184575|http://name.umdl.umich.edu/IC-CLARK1IC-X-000074519%5D39015091184575|https://quod.lib.umich.edu/cgi/i/image/api/thumb/clark1ic/000074519/39015091184575/!250,250|https://quod.lib.umich.edu/cgi/i/image/api/manifest/clark1ic:000074519:39015091184575|000074519; b772ce7d-55a4-4885-9188-fc59a2ae6de2",2026-09-07T13:44:02.611286+00:00,existing
b7a0a09c-0c2c-43ec-8b13-c321b4d9b529,"https://quod.lib.umich.edu/c/clark1ic/x-002874361/39015091881063|https://quod.lib.umich.edu/cgi/i/image/api/search/clark1ic:002874361|oai:quod.lib.umich.edu:IC-CLARK1IC-X-002874361%5D39015091881063|http://name.umdl.umich.edu/IC-CLARK1IC-X-002874361%5D39015091881063|https://quod.lib.umich.edu/cgi/i/image/api/thumb/clark1ic/002874361/39015091881063/!250,250|https://quod.lib.umich.edu/cgi/i/image/api/manifest/clark1ic:002874361:39015091881063|002874361; b7a0a09c-0c2c-43ec-8b13-c321b4d9b529",2026-09-07T13:44:02.611317+00:00,existing
b7c7292c-9386-4101-b1b7-d31ca9473cdf,"https://quod.lib.umich.edu/c/clark1ic/x-004015753/39015091196579_01|https://quod.lib.umich.edu/cgi/i/image/api/search/clark1ic:004015753|oai:quod.lib.umich.edu:IC-CLARK1IC-X-004015753%5D39015091196579_01|http://name.umdl.umich.edu/IC-CLARK1IC-X-004015753%5D39015091196579_01|https://quod.lib.umich.edu/cgi/i/image/api/thumb/clark1ic/004015753/39015091196579_01/!250,250|https://quod.lib.umich.edu/cgi/i/image/api/manifest/clark1ic:004015753:39015091196579_01|004015753; b7c7292c-9386-4101-b1b7-d31ca9473cdf|oai:quod.lib.umich.edu:IC-CLARK1IC-X-004015753%5D39015091196579_02|http://name.umdl.umich.edu/IC-CLARK1IC-X-004015753%5D39015091196579_02|https://quod.lib.umich.edu/cgi/i/image/api/thumb/clark1ic/004015753/39015091196579_02/!250,250|https://quod.lib.umich.edu/cgi/i/image/api/manifest/clark1ic:004015753:39015091196579_02",2026-09-07T13:44:02.611368+00:00,existing
b7f5176e-8821-4027-9483-10e10b2d96d1,"https://quod.lib.umich.edu/c/clark1ic/x-003279950/39015091192925|https://quod.lib.umich.edu/cgi/i/image/api/search/clark1ic:003279950|oai:quod.lib.umich.edu:IC-CLARK1IC-X-003279950%5D39015091192925|http://name.umdl.umich.edu/IC-CLARK1IC-X-003279950%5D39015091192925|https://quod.lib.umich.edu/cgi/i/image/api/thumb/clark1ic/003279950/39015091192925/!250,250|https://quod.lib.umich.edu/cgi/i/image/api/manifest/clark1ic:003279950:39015091192925|003279950; b7f5176e-8821-4027-9483-10e10b2d96d1",2026-09-07T13:44:02.611405+00:00,existing
b820bc56-d28e-4515-82f0-3882f1d60002,"https://quod.lib.umich.edu/c/clark1ic/x-003063750/39015091897218|https://quod.lib.umich.edu/cgi/i/image/api/search/clark1ic:003063750|oai:quod.lib.umich.edu:IC-CLARK1IC-X-003063750%5D39015091897077|http://name.umdl.umich.edu/IC-CLARK1IC-X-003063750%5D39015091897077|https://quod.lib.umich.edu/cgi/i/image/api/thumb/clark1ic/003063750/39015091897077/!250,250|https://quod.lib.umich.edu/cgi/i/image/api/manifest/clark1ic:003063750:39015091897077|003063750; b820bc56-d28e-4515-82f0-3882f1d60002|oai:quod.lib.umich.edu:IC-CLARK1IC-X-003063750%5D39015091897085|http://name.umdl.umich.edu/IC-CLARK1IC-X-003063750%5D39015091897085|https://quod.lib.umich.edu/cgi/i/image/api/thumb/clark1ic/003063750/39015091897085/!250,250|https://quod.lib.umich.edu/cgi/i/image/api/manifest/clark1ic:003063750:39015091897085|oai:quod.lib.umich.edu:IC-CLARK1IC-X-003063750%5D39015091897093|http://name.umdl.umich.edu/IC-CLARK1IC-X-003063750%5D39015091897093|https://quod.lib.umich.edu/cgi/i/image/api/thumb/clark1ic/003063750/39015091897093/!250,250|https://quod.lib.umich.edu/cgi/i/image/api/manifest/clark1ic:003063750:39015091897093|oai:quod.lib.umich.edu:IC-CLARK1IC-X-003063750%5D39015091897218|http://name.umdl.umich.edu/IC-CLARK1IC-X-003063750%5D39015091897218|https://quod.lib.umich.edu/cgi/i/image/api/thumb/clark1ic/003063750/39015091897218/!250,250|https://quod.lib.umich.edu/cgi/i/image/api/manifest/clark1ic:003063750:39015091897218|oai:quod.lib.umich.edu:IC-CLARK1IC-X-003063750%5D39015091897226|http://name.umdl.umich.edu/IC-CLARK1IC-X-003063750%5D39015091897226|https://quod.lib.umich.edu/cgi/i/image/api/thumb/clark1ic/003063750/39015091897226/!250,250|https://quod.lib.umich.edu/cgi/i/image/api/manifest/clark1ic:003063750:39015091897226|oai:quod.lib.umich.edu:IC-CLARK1IC-X-003063750%5D39015091897234|http://name.umdl.umich.edu/IC-CLARK1IC-X-003063750%5D39015091897234|https://quod.lib.umich.edu/cgi/i/image/api/thumb/clark1ic/003063750/39015091897234/!250,250|https://quod.lib.umich.edu/cgi/i/image/api/manifest/clark1ic:003063750:39015091897234|oai:quod.lib.umich.edu:IC-CLARK1IC-X-003063750%5D39015091897242|http://name.umdl.umich.edu/IC-CLARK1IC-X-003063750%5D39015091897242|https://quod.lib.umich.edu/cgi/i/image/api/thumb/clark1ic/003063750/39015091897242/!250,250|https://quod.lib.umich.edu/cgi/i/image/api/manifest/clark1ic:003063750:39015091897242|oai:quod.lib.umich.edu:IC-CLARK1IC-X-003063750%5D39015091897366|http://name.umdl.umich.edu/IC-CLARK1IC-X-003063750%5D39015091897366|https://quod.lib.umich.edu/cgi/i/image/api/thumb/clark1ic/003063750/39015091897366/!250,250|https://quod.lib.umich.edu/cgi/i/image/api/manifest/clark1ic:003063750:39015091897366|oai:quod.lib.umich.edu:IC-CLARK1IC-X-003063750%5D39015091897374|http://name.umdl.umich.edu/IC-CLARK1IC-X-003063750%5D39015091897374|https://quod.lib.umich.edu/cgi/i/image/api/thumb/clark1ic/003063750/39015091897374/!250,250|https://quod.lib.umich.edu/cgi/i/image/api/manifest/clark1ic:003063750:39015091897374|oai:quod.lib.umich.edu:IC-CLARK1IC-X-003063750%5D39015091897382|http://name.umdl.umich.edu/IC-CLARK1IC-X-003063750%5D39015091897382|https://quod.lib.umich.edu/cgi/i/image/api/thumb/clark1ic/003063750/39015091897382/!250,250|https://quod.lib.umich.edu/cgi/i/image/api/manifest/clark1ic:003063750:39015091897382|oai:quod.lib.umich.edu:IC-CLARK1IC-X-003063750%5D39015091897390|http://name.umdl.umich.edu/IC-CLARK1IC-X-003063750%5D39015091897390|https://quod.lib.umich.edu/cgi/i/image/api/thumb/clark1ic/003063750/39015091897390/!250,250|https://quod.lib.umich.edu/cgi/i/image/api/manifest/clark1ic:003063750:39015091897390|oai:quod.lib.umich.edu:IC-CLARK1IC-X-003063750%5D39015095388503|http://name.umdl.umich.edu/IC-CLARK1IC-X-003063750%5D39015095388503|https://quod.lib.umich.edu/cgi/i/image/api/thumb/clark1ic/003063750/39015095388503/!250,250|https://quod.lib.umich.edu/cgi/i/image/api/manifest/clark1ic:003063750:39015095388503|oai:quod.lib.umich.edu:IC-CLARK1IC-X-003063750%5D39015095388511|http://name.umdl.umich.edu/IC-CLARK1IC-X-003063750%5D39015095388511|https://quod.lib.umich.edu/cgi/i/image/api/thumb/clark1ic/003063750/39015095388511/!250,250|https://quod.lib.umich.edu/cgi/i/image/api/manifest/clark1ic:003063750:39015095388511|oai:quod.lib.umich.edu:IC-CLARK1IC-X-003063750%5D39015095388651|http://name.umdl.umich.edu/IC-CLARK1IC-X-003063750%5D39015095388651|https://quod.lib.umich.edu/cgi/i/image/api/thumb/clark1ic/003063750/39015095388651/!250,250|https://quod.lib.umich.edu/cgi/i/image/api/manifest/clark1ic:003063750:39015095388651|oai:quod.lib.umich.edu:IC-CLARK1IC-X-003063750%5D39015095388800|http://name.umdl.umich.edu/IC-CLARK1IC-X-003063750%5D39015095388800|https://quod.lib.umich.edu/cgi/i/image/api/thumb/clark1ic/003063750/39015095388800/!250,250|https://quod.lib.umich.edu/cgi/i/image/api/manifest/clark1ic:003063750:39015095388800",2026-09-07T13:44:02.611613+00:00,existing
b9000b7b-7f0f-4a61-baeb-c3e0709bb4b9,"https://quod.lib.umich.edu/c/clark1ic/x-003886052/39015091193741_01|https://quod.lib.umich.edu/cgi/i/image/api/search/clark1ic:003886052|oai:quod.lib.umich.edu:IC-CLARK1IC-X-003886052%5D39015091193741_01|http://name.umdl.umich.edu/IC-CLARK1IC-X-003886052%5D39015091193741_01|https://quod.lib.umich.edu/cgi/i/image/api/thumb/clark1ic/003886052/39015091193741_01/!250,250|https://quod.lib.umich.edu/cgi/i/image/api/manifest/clark1ic:003886052:39015091193741_01|003886052; b9000b7b-7f0f-4a61-baeb-c3e0709bb4b9|oai:quod.lib.umich.edu:IC-CLARK1IC-X-003886052%5D39015091193741_02|http://name.umdl.umich.edu/IC-CLARK1IC-X-003886052%5D39015091193741_02|https://quod.lib.umich.edu/cgi/i/image/api/thumb/clark1ic/003886052/39015091193741_02/!250,250|https://quod.lib.umich.edu/cgi/i/image/api/manifest/clark1ic:003886052:39015091193741_02",2026-09-07T13:44:02.611659+00:00,existing
b981cd98-5c5e-413c-8d51-f3ee6d9b3785,"https://quod.lib.umich.edu/c/clark1ic/x-003284601/39015091195373|https://quod.lib.umich.edu/cgi/i/image/api/search/clark1ic:003284601|oai:quod.lib.umich.edu:IC-CLARK1IC-X-003284601%5D39015091195373|http://name.umdl.umich.edu/IC-CLARK1IC-X-003284601%5D39015091195373|https://quod.lib.umich.edu/cgi/i/image/api/thumb/clark1ic/003284601/39015091195373/!250,250|https://quod.lib.umich.edu/cgi/i/image/api/manifest/clark1ic:003284601:39015091195373|003284601; b981cd98-5c5e-413c-8d51-f3ee6d9b3785",2026-09-07T13:44:02.611692+00:00,existing
b9d9abd1-5f7b-46cb-bc23-62c942b2a861,"https://quod.lib.umich.edu/c/clark1ic/x-003279076/39015091195639_01|https://quod.lib.umich.edu/cgi/i/image/api/search/clark1ic:003279076|oai:quod.lib.umich.edu:IC-CLARK1IC-X-003279076%5D39015091195639_01|http://name.umdl.umich.edu/IC-CLARK1IC-X-003279076%5D39015091195639_01|https://quod.lib.umich.edu/cgi/i/image/api/thumb/clark1ic/003279076/39015091195639_01/!250,250|https://quod.lib.umich.edu/cgi/i/image/api/manifest/clark1ic:003279076:39015091195639_01|003279076; b9d9abd1-5f7b-46cb-bc23-62c942b2a861",2026-09-07T13:44:02.611723+00:00,existing
bb0972e1-47e9-4cf9-9d1f-9ae28d94a6a9,"https://quod.lib.umich.edu/c/clark1ic/x-003284952/39015091197627|https://quod.lib.umich.edu/cgi/i/image/api/search/clark1ic:003284952|oai:quod.lib.umich.edu:IC-CLARK1IC-X-003284952%5D39015091197627|http://name.umdl.umich.edu/IC-CLARK1IC-X-003284952%5D39015091197627|https://quod.lib.umich.edu/cgi/i/image/api/thumb/clark1ic/003284952/39015091197627/!250,250|https://quod.lib.umich.edu/cgi/i/image/api/manifest/clark1ic:003284952:39015091197627|003284952; bb0972e1-47e9-4cf9-9d1f-9ae28d94a6a9",2026-09-07T13:44:02.611754+00:00,existing
bb5d62ca-7ddf-4c30-ba91-bac2b64e517f,"https://quod.lib.umich.edu/c/clark1ic/x-013538301/39015091897168|https://quod.lib.umich.edu/cgi/i/image/api/search/clark1ic:013538301|oai:quod.lib.umich.edu:IC-CLARK1IC-X-013538301%5D39015091897168|http://name.umdl.umich.edu/IC-CLARK1IC-X-013538301%5D39015091897168|https://quod.lib.umich.edu/cgi/i/image/api/thumb/clark1ic/013538301/39015091897168/!250,250|https://quod.lib.umich.edu/cgi/i/image/api/manifest/clark1ic:013538301:39015091897168|013538301; bb5d62ca-7ddf-4c30-ba91-bac2b64e517f",2026-09-07T13:44:02.611786+00:00,existing
bb97fa6a-d4e0-4201-94f6-4e754286567c,"https://quod.lib.umich.edu/c/clark1ic/x-000079623/39015091905284|https://quod.lib.umich.edu/cgi/i/image/api/search/clark1ic:000079623|oai:quod.lib.umich.edu:IC-CLARK1IC-X-000079623%5D39015091905284|http://name.umdl.umich.edu/IC-CLARK1IC-X-000079623%5D39015091905284|https://quod.lib.umich.edu/cgi/i/image/api/thumb/clark1ic/000079623/39015091905284/!250,250|https://quod.lib.umich.edu/cgi/i/image/api/manifest/clark1ic:000079623:39015091905284|000079623; bb97fa6a-d4e0-4201-94f6-4e754286567c",2026-09-07T13:44:02.611817+00:00,existing
bbd0f71c-7384-4df6-b336-5c2d78ba9612,"https://quod.lib.umich.edu/c/clark1ic/x-004962279/39015091905128|https://quod.lib.umich.edu/cgi/i/image/api/search/clark1ic:004962279|oai:quod.lib.umich.edu:IC-CLARK1IC-X-004962279%5D39015091905128|http://name.umdl.umich.edu/IC-CLARK1IC-X-004962279%5D39015091905128|https://quod.lib.umich.edu/cgi/i/image/api/thumb/clark1ic/004962279/39015091905128/!250,250|https://quod.lib.umich.edu/cgi/i/image/api/manifest/clark1ic:004962279:39015091905128|004962279; bbd0f71c-7384-4df6-b336-5c2d78ba9612",2026-09-07T13:44:02.611848+00:00,existing
bcfd07db-9d60-4d79-9077-e60a1893a0c4,"https://quod.lib.umich.edu/c/clark1ic/x-002645002/39015091200801|https://quod.lib.umich.edu/cgi/i/image/api/search/clark1ic:002645002|oai:quod.lib.umich.edu:IC-CLARK1IC-X-002645002%5D39015091200801|http://name.umdl.umich.edu/IC-CLARK1IC-X-002645002%5D39015091200801|https://quod.lib.umich.edu/cgi/i/image/api/thumb/clark1ic/002645002/39015091200801/!250,250|https://quod.lib.umich.edu/cgi/i/image/api/manifest/clark1ic:002645002:39015091200801|002645002; bcfd07db-9d60-4d79-9077-e60a1893a0c4",2026-09-07T13:44:02.611878+00:00,existing
bd0a29cb-1182-4e06-b85c-8347bccecc9c,"https://quod.lib.umich.edu/c/clark1ic/x-000861437/39015091195704|https://quod.lib.umich.edu/cgi/i/image/api/search/clark1ic:000861437|oai:quod.lib.umich.edu:IC-CLARK1IC-X-000861437%5D39015091195704|http://name.umdl.umich.edu/IC-CLARK1IC-X-000861437%5D39015091195704|https://quod.lib.umich.edu/cgi/i/image/api/thumb/clark1ic/000861437/39015091195704/!250,250|https://quod.lib.umich.edu/cgi/i/image/api/manifest/clark1ic:000861437:39015091195704|000861437; bd0a29cb-1182-4e06-b85c-8347bccecc9c",2026-09-07T13:44:02.611910+00:00,existing
bd36e680-ce09-4b8a-987d-5fa484074d56,"https://quod.lib.umich.edu/c/clark1ic/x-003883886/39015060935825|https://quod.lib.umich.edu/cgi/i/image/api/search/clark1ic:003883886|oai:quod.lib.umich.edu:IC-CLARK1IC-X-003883886%5D39015060935825|http://name.umdl.umich.edu/IC-CLARK1IC-X-003883886%5D39015060935825|https://quod.lib.umich.edu/cgi/i/image/api/thumb/clark1ic/003883886/39015060935825/!250,250|https://quod.lib.umich.edu/cgi/i/image/api/manifest/clark1ic:003883886:39015060935825|003883886; bd36e680-ce09-4b8a-987d-5fa484074d56",2026-09-07T13:44:02.611941+00:00,existing
bde8eabc-e807-457d-8501-3e7274088033,"https://quod.lib.umich.edu/c/clark1ic/x-000952290/39015095422096|https://quod.lib.umich.edu/cgi/i/image/api/search/clark1ic:000952290|oai:quod.lib.umich.edu:IC-CLARK1IC-X-000952290%5D39015095422096|http://name.umdl.umich.edu/IC-CLARK1IC-X-000952290%5D39015095422096|https://quod.lib.umich.edu/cgi/i/image/api/thumb/clark1ic/000952290/39015095422096/!250,250|https://quod.lib.umich.edu/cgi/i/image/api/manifest/clark1ic:000952290:39015095422096|000952290; bde8eabc-e807-457d-8501-3e7274088033",2026-09-07T13:44:02.611971+00:00,existing
bdf4b2ee-80fd-42ad-b826-c165863bdd4e,"https://quod.lib.umich.edu/c/clark1ic/x-002907526/39015091186067|https://quod.lib.umich.edu/cgi/i/image/api/search/clark1ic:002907526|oai:quod.lib.umich.edu:IC-CLARK1IC-X-002907526%5D39015091186067|http://name.umdl.umich.edu/IC-CLARK1IC-X-002907526%5D39015091186067|https://quod.lib.umich.edu/cgi/i/image/api/thumb/clark1ic/002907526/39015091186067/!250,250|https://quod.lib.umich.edu/cgi/i/image/api/manifest/clark1ic:002907526:39015091186067|002907526; bdf4b2ee-80fd-42ad-b826-c165863bdd4e|oai:quod.lib.umich.edu:IC-CLARK1IC-X-002907526%5D39015091186075|http://name.umdl.umich.edu/IC-CLARK1IC-X-002907526%5D39015091186075|https://quod.lib.umich.edu/cgi/i/image/api/thumb/clark1ic/002907526/39015091186075/!250,250|https://quod.lib.umich.edu/cgi/i/image/api/manifest/clark1ic:002907526:39015091186075|oai:quod.lib.umich.edu:IC-CLARK1IC-X-002907526%5D39015091186083|http://name.umdl.umich.edu/IC-CLARK1IC-X-002907526%5D39015091186083|https://quod.lib.umich.edu/cgi/i/image/api/thumb/clark1ic/002907526/39015091186083/!250,250|https://quod.lib.umich.edu/cgi/i/image/api/manifest/clark1ic:002907526:39015091186083|oai:quod.lib.umich.edu:IC-CLARK1IC-X-002907526%5D39015091186091|http://name.umdl.umich.edu/IC-CLARK1IC-X-002907526%5D39015091186091|https://quod.lib.umich.edu/cgi/i/image/api/thumb/clark1ic/002907526/39015091186091/!250,250|https://quod.lib.umich.edu/cgi/i/image/api/manifest/clark1ic:002907526:39015091186091",2026-09-07T13:44:02.612038+00:00,existing
bdf8958d-a410-4937-9545-779786f5c999,"https://quod.lib.umich.edu/c/clark1ic/x-004060251/39015091916695_01|https://quod.lib.umich.edu/cgi/i/image/api/search/clark1ic:004060251|oai:quod.lib.umich.edu:IC-CLARK1IC-X-004060251%5D39015091916695_01|http://name.umdl.umich.edu/IC-CLARK1IC-X-004060251%5D39015091916695_01|https://quod.lib.umich.edu/cgi/i/image/api/thumb/clark1ic/004060251/39015091916695_01/!250,250|https://quod.lib.umich.edu/cgi/i/image/api/manifest/clark1ic:004060251:39015091916695_01|004060251; bdf8958d-a410-4937-9545-779786f5c999|oai:quod.lib.umich.edu:IC-CLARK1IC-X-004060251%5D39015091916695_02|http://name.umdl.umich.edu/IC-CLARK1IC-X-004060251%5D39015091916695_02|https://quod.lib.umich.edu/cgi/i/image/api/thumb/clark1ic/004060251/39015091916695_02/!250,250|https://quod.lib.umich.edu/cgi/i/image/api/manifest/clark1ic:004060251:39015091916695_02",2026-09-07T13:44:02.612082+00:00,existing
be5b3ac7-5dc8-4e8d-8757-1404eb019aa2,"https://quod.lib.umich.edu/c/clark1ic/x-000861982/39015091196967|https://quod.lib.umich.edu/cgi/i/image/api/search/clark1ic:000861982|oai:quod.lib.umich.edu:IC-CLARK1IC-X-000861982%5D39015091196967|http://name.umdl.umich.edu/IC-CLARK1IC-X-000861982%5D39015091196967|https://quod.lib.umich.edu/cgi/i/image/api/thumb/clark1ic/000861982/39015091196967/!250,250|https://quod.lib.umich.edu/cgi/i/image/api/manifest/clark1ic:000861982:39015091196967|000861982; be5b3ac7-5dc8-4e8d-8757-1404eb019aa2|oai:quod.lib.umich.edu:IC-CLARK1IC-X-000861982%5D39015091196975|http://name.umdl.umich.edu/IC-CLARK1IC-X-000861982%5D39015091196975|https://quod.lib.umich.edu/cgi/i/image/api/thumb/clark1ic/000861982/39015091196975/!250,250|https://quod.lib.umich.edu/cgi/i/image/api/manifest/clark1ic:000861982:39015091196975",2026-09-07T13:44:02.612125+00:00,existing
bee8fbe3-e3d9-4f5a-8539-fbb2fa824a80,"https://quod.lib.umich.edu/c/clark1ic/x-005879630/39015049959839|https://quod.lib.umich.edu/cgi/i/image/api/search/clark1ic:005879630|oai:quod.lib.umich.edu:IC-CLARK1IC-X-005879630%5D39015049959839|http://name.umdl.umich.edu/IC-CLARK1IC-X-005879630%5D39015049959839|https://quod.lib.umich.edu/cgi/i/image/api/thumb/clark1ic/005879630/39015049959839/!250,250|https://quod.lib.umich.edu/cgi/i/image/api/manifest/clark1ic:005879630:39015049959839|005879630; bee8fbe3-e3d9-4f5a-8539-fbb2fa824a80",2026-09-07T13:44:02.612157+00:00,existing
befb25e9-1e60-451a-9b25-901cb51e04b3,"https://quod.lib.umich.edu/c/clark1ic/x-002601354/39015091186810|https://quod.lib.umich.edu/cgi/i/image/api/search/clark1ic:002601354|oai:quod.lib.umich.edu:IC-CLARK1IC-X-002601354%5D39015091186810|http://name.umdl.umich.edu/IC-CLARK1IC-X-002601354%5D39015091186810|https://quod.lib.umich.edu/cgi/i/image/api/thumb/clark1ic/002601354/39015091186810/!250,250|https://quod.lib.umich.edu/cgi/i/image/api/manifest/clark1ic:002601354:39015091186810|002601354; befb25e9-1e60-451a-9b25-901cb51e04b3",2026-09-07T13:44:02.612187+00:00,existing
bf0e245c-759c-4063-9261-a376fda2d5d5,"https://quod.lib.umich.edu/c/clark1ic/x-000887341/39015091921620_01|https://quod.lib.umich.edu/cgi/i/image/api/search/clark1ic:000887341|oai:quod.lib.umich.edu:IC-CLARK1IC-X-000887341%5D39015091921620_01|http://name.umdl.umich.edu/IC-CLARK1IC-X-000887341%5D39015091921620_01|https://quod.lib.umich.edu/cgi/i/image/api/thumb/clark1ic/000887341/39015091921620_01/!250,250|https://quod.lib.umich.edu/cgi/i/image/api/manifest/clark1ic:000887341:39015091921620_01|000887341; bf0e245c-759c-4063-9261-a376fda2d5d5|oai:quod.lib.umich.edu:IC-CLARK1IC-X-000887341%5D39015091921620_02|http://name.umdl.umich.edu/IC-CLARK1IC-X-000887341%5D39015091921620_02|https://quod.lib.umich.edu/cgi/i/image/api/thumb/clark1ic/000887341/39015091921620_02/!250,250|https://quod.lib.umich.edu/cgi/i/image/api/manifest/clark1ic:000887341:39015091921620_02|oai:quod.lib.umich.edu:IC-CLARK1IC-X-000887341%5D39015091921620_03|http://name.umdl.umich.edu/IC-CLARK1IC-X-000887341%5D39015091921620_03|https://quod.lib.umich.edu/cgi/i/image/api/thumb/clark1ic/000887341/39015091921620_03/!250,250|https://quod.lib.umich.edu/cgi/i/image/api/manifest/clark1ic:000887341:39015091921620_03|oai:quod.lib.umich.edu:IC-CLARK1IC-X-000887341%5D39015091921620_04|http://name.umdl.umich.edu/IC-CLARK1IC-X-000887341%5D39015091921620_04|https://quod.lib.umich.edu/cgi/i/image/api/thumb/clark1ic/000887341/39015091921620_04/!250,250|https://quod.lib.umich.edu/cgi/i/image/api/manifest/clark1ic:000887341:39015091921620_04",2026-09-07T13:44:02.612258+00:00,existing
bf270053-83b7-4331-bc3f-0550e0eb6cbc,"https://quod.lib.umich.edu/c/clark1ic/x-008458875/39015091904253|https://quod.lib.umich.edu/cgi/i/image/api/search/clark1ic:008458875|oai:quod.lib.umich.edu:IC-CLARK1IC-X-008458875%5D39015091904253|http://name.umdl.umich.edu/IC-CLARK1IC-X-008458875%5D39015091904253|https://quod.lib.umich.edu/cgi/i/image/api/thumb/clark1ic/008458875/39015091904253/!250,250|https://quod.lib.umich.edu/cgi/i/image/api/manifest/clark1ic:008458875:39015091904253|008458875; bf270053-83b7-4331-bc3f-0550e0eb6cbc|oai:quod.lib.umich.edu:IC-CLARK1IC-X-008458875%5D39015091904261|http://name.umdl.umich.edu/IC-CLARK1IC-X-008458875%5D39015091904261|https://quod.lib.umich.edu/cgi/i/image/api/thumb/clark1ic/008458875/39015091904261/!250,250|https://quod.lib.umich.edu/cgi/i/image/api/manifest/clark1ic:008458875:39015091904261|oai:quod.lib.umich.edu:IC-CLARK1IC-X-008458875%5D39015091904279|http://name.umdl.umich.edu/IC-CLARK1IC-X-008458875%5D39015091904279|https://quod.lib.umich.edu/cgi/i/image/api/thumb/clark1ic/008458875/39015091904279/!250,250|https://quod.lib.umich.edu/cgi/i/image/api/manifest/clark1ic:008458875:39015091904279|oai:quod.lib.umich.edu:IC-CLARK1IC-X-008458875%5D39015091904287|http://name.umdl.umich.edu/IC-CLARK1IC-X-008458875%5D39015091904287|https://quod.lib.umich.edu/cgi/i/image/api/thumb/clark1ic/008458875/39015091904287/!250,250|https://quod.lib.umich.edu/cgi/i/image/api/manifest/clark1ic:008458875:39015091904287|oai:quod.lib.umich.edu:IC-CLARK1IC-X-008458875%5D39015091904295|http://name.umdl.umich.edu/IC-CLARK1IC-X-008458875%5D39015091904295|https://quod.lib.umich.edu/cgi/i/image/api/thumb/clark1ic/008458875/39015091904295/!250,250|https://quod.lib.umich.edu/cgi/i/image/api/manifest/clark1ic:008458875:39015091904295|oai:quod.lib.umich.edu:IC-CLARK1IC-X-008458875%5D39015091904402|http://name.umdl.umich.edu/IC-CLARK1IC-X-008458875%5D39015091904402|https://quod.lib.umich.edu/cgi/i/image/api/thumb/clark1ic/008458875/39015091904402/!250,250|https://quod.lib.umich.edu/cgi/i/image/api/manifest/clark1ic:008458875:39015091904402|oai:quod.lib.umich.edu:IC-CLARK1IC-X-008458875%5D39015091904410|http://name.umdl.umich.edu/IC-CLARK1IC-X-008458875%5D39015091904410|https://quod.lib.umich.edu/cgi/i/image/api/thumb/clark1ic/008458875/39015091904410/!250,250|https://quod.lib.umich.edu/cgi/i/image/api/manifest/clark1ic:008458875:39015091904410|oai:quod.lib.umich.edu:IC-CLARK1IC-X-008458875%5D39015091904428|http://name.umdl.umich.edu/IC-CLARK1IC-X-008458875%5D39015091904428|https://quod.lib.umich.edu/cgi/i/image/api/thumb/clark1ic/008458875/39015091904428/!250,250|https://quod.lib.umich.edu/cgi/i/image/api/manifest/clark1ic:008458875:39015091904428|oai:quod.lib.umich.edu:IC-CLARK1IC-X-008458875%5D39015091904436|http://name.umdl.umich.edu/IC-CLARK1IC-X-008458875%5D39015091904436|https://quod.lib.umich.edu/cgi/i/image/api/thumb/clark1ic/008458875/39015091904436/!250,250|https://quod.lib.umich.edu/cgi/i/image/api/manifest/clark1ic:008458875:39015091904436|oai:quod.lib.umich.edu:IC-CLARK1IC-X-008458875%5D39015091904444|http://name.umdl.umich.edu/IC-CLARK1IC-X-008458875%5D39015091904444|https://quod.lib.umich.edu/cgi/i/image/api/thumb/clark1ic/008458875/39015091904444/!250,250|https://quod.lib.umich.edu/cgi/i/image/api/manifest/clark1ic:008458875:39015091904444|oai:quod.lib.umich.edu:IC-CLARK1IC-X-008458875%5D39015091904550|http://name.umdl.umich.edu/IC-CLARK1IC-X-008458875%5D39015091904550|https://quod.lib.umich.edu/cgi/i/image/api/thumb/clark1ic/008458875/39015091904550/!250,250|https://quod.lib.umich.edu/cgi/i/image/api/manifest/clark1ic:008458875:39015091904550|oai:quod.lib.umich.edu:IC-CLARK1IC-X-008458875%5D39015091904568|http://name.umdl.umich.edu/IC-CLARK1IC-X-008458875%5D39015091904568|https://quod.lib.umich.edu/cgi/i/image/api/thumb/clark1ic/008458875/39015091904568/!250,250|https://quod.lib.umich.edu/cgi/i/image/api/manifest/clark1ic:008458875:39015091904568|oai:quod.lib.umich.edu:IC-CLARK1IC-X-008458875%5D39015091904576|http://name.umdl.umich.edu/IC-CLARK1IC-X-008458875%5D39015091904576|https://quod.lib.umich.edu/cgi/i/image/api/thumb/clark1ic/008458875/39015091904576/!250,250|https://quod.lib.umich.edu/cgi/i/image/api/manifest/clark1ic:008458875:39015091904576|oai:quod.lib.umich.edu:IC-CLARK1IC-X-008458875%5D39015091904584|http://name.umdl.umich.edu/IC-CLARK1IC-X-008458875%5D39015091904584|https://quod.lib.umich.edu/cgi/i/image/api/thumb/clark1ic/008458875/39015091904584/!250,250|https://quod.lib.umich.edu/cgi/i/image/api/manifest/clark1ic:008458875:39015091904584|oai:quod.lib.umich.edu:IC-CLARK1IC-X-008458875%5D39015091904592|http://name.umdl.umich.edu/IC-CLARK1IC-X-008458875%5D39015091904592|https://quod.lib.umich.edu/cgi/i/image/api/thumb/clark1ic/008458875/39015091904592/!250,250|https://quod.lib.umich.edu/cgi/i/image/api/manifest/clark1ic:008458875:39015091904592|oai:quod.lib.umich.edu:IC-CLARK1IC-X-008458875%5D39015091914104|http://name.umdl.umich.edu/IC-CLARK1IC-X-008458875%5D39015091914104|https://quod.lib.umich.edu/cgi/i/image/api/thumb/clark1ic/008458875/39015091914104/!250,250|https://quod.lib.umich.edu/cgi/i/image/api/manifest/clark1ic:008458875:39015091914104|oai:quod.lib.umich.edu:IC-CLARK1IC-X-008458875%5D39015091914112|http://name.umdl.umich.edu/IC-CLARK1IC-X-008458875%5D39015091914112|https://quod.lib.umich.edu/cgi/i/image/api/thumb/clark1ic/008458875/39015091914112/!250,250|https://quod.lib.umich.edu/cgi/i/image/api/manifest/clark1ic:008458875:39015091914112|oai:quod.lib.umich.edu:IC-CLARK1IC-X-008458875%5D39015091914120|http://name.umdl.umich.edu/IC-CLARK1IC-X-008458875%5D39015091914120|https://quod.lib.umich.edu/cgi/i/image/api/thumb/clark1ic/008458875/39015091914120/!250,250|https://quod.lib.umich.edu/cgi/i/image/api/manifest/clark1ic:008458875:39015091914120|oai:quod.lib.umich.edu:IC-CLARK1IC-X-008458875%5D39015091914245|http://name.umdl.umich.edu/IC-CLARK1IC-X-008458875%5D39015091914245|https://quod.lib.umich.edu/cgi/i/image/api/thumb/clark1ic/008458875/39015091914245/!250,250|https://quod.lib.umich.edu/cgi/i/image/api/manifest/clark1ic:008458875:39015091914245|oai:quod.lib.umich.edu:IC-CLARK1IC-X-008458875%5D39015091914252|http://name.umdl.umich.edu/IC-CLARK1IC-X-008458875%5D39015091914252|https://quod.lib.umich.edu/cgi/i/image/api/thumb/clark1ic/008458875/39015091914252/!250,250|https://quod.lib.umich.edu/cgi/i/image/api/manifest/clark1ic:008458875:39015091914252|oai:quod.lib.umich.edu:IC-CLARK1IC-X-008458875%5D39015091914260|http://name.umdl.umich.edu/IC-CLARK1IC-X-008458875%5D39015091914260|https://quod.lib.umich.edu/cgi/i/image/api/thumb/clark1ic/008458875/39015091914260/!250,250|https://quod.lib.umich.edu/cgi/i/image/api/manifest/clark1ic:008458875:39015091914260|oai:quod.lib.umich.edu:IC-CLARK1IC-X-008458875%5D39015091914393|http://name.umdl.umich.edu/IC-CLARK1IC-X-008458875%5D39015091914393|https://quod.lib.umich.edu/cgi/i/image/api/thumb/clark1ic/008458875/39015091914393/!250,250|https://quod.lib.umich.edu/cgi/i/image/api/manifest/clark1ic:008458875:39015091914393|oai:quod.lib.umich.edu:IC-CLARK1IC-X-008458875%5D39015091914401|http://name.umdl.umich.edu/IC-CLARK1IC-X-008458875%5D39015091914401|https://quod.lib.umich.edu/cgi/i/image/api/thumb/clark1ic/008458875/39015091914401/!250,250|https://quod.lib.umich.edu/cgi/i/image/api/manifest/clark1ic:008458875:39015091914401|oai:quod.lib.umich.edu:IC-CLARK1IC-X-008458875%5D39015091914419|http://name.umdl.umich.edu/IC-CLARK1IC-X-008458875%5D39015091914419|https://quod.lib.umich.edu/cgi/i/image/api/thumb/clark1ic/008458875/39015091914419/!250,250|https://quod.lib.umich.edu/cgi/i/image/api/manifest/clark1ic:008458875:39015091914419",2026-09-07T13:44:02.612667+00:00,existing
bf6c81da-93c1-4e5f-820c-6bf6a1d74ee3,"https://quod.lib.umich.edu/c/clark1ic/x-004258493/39015091186562|https://quod.lib.umich.edu/cgi/i/image/api/search/clark1ic:004258493|oai:quod.lib.umich.edu:IC-CLARK1IC-X-004258493%5D39015091186562|http://name.umdl.umich.edu/IC-CLARK1IC-X-004258493%5D39015091186562|https://quod.lib.umich.edu/cgi/i/image/api/thumb/clark1ic/004258493/39015091186562/!250,250|https://quod.lib.umich.edu/cgi/i/image/api/manifest/clark1ic:004258493:39015091186562|004258493; bf6c81da-93c1-4e5f-820c-6bf6a1d74ee3",2026-09-07T13:44:02.612725+00:00,existing
bf84bc30-043e-4a92-a038-9c47a2976455,"https://quod.lib.umich.edu/c/clark1ic/x-001082911/39015049932208|https://quod.lib.umich.edu/cgi/i/image/api/search/clark1ic:001082911|oai:quod.lib.umich.edu:IC-CLARK1IC-X-001082911%5D39015049932208|http://name.umdl.umich.edu/IC-CLARK1IC-X-001082911%5D39015049932208|https://quod.lib.umich.edu/cgi/i/image/api/thumb/clark1ic/001082911/39015049932208/!250,250|https://quod.lib.umich.edu/cgi/i/image/api/manifest/clark1ic:001082911:39015049932208|001082911; bf84bc30-043e-4a92-a038-9c47a2976455",2026-09-07T13:44:02.612764+00:00,existing
c03938ed-0c45-4bed-9b01-d4b7f54d9063,"https://quod.lib.umich.edu/c/clark1ic/x-001291824/39015091911027|https://quod.lib.umich.edu/cgi/i/image/api/search/clark1ic:001291824|oai:quod.lib.umich.edu:IC-CLARK1IC-X-001291824%5D39015091911027|http://name.umdl.umich.edu/IC-CLARK1IC-X-001291824%5D39015091911027|https://quod.lib.umich.edu/cgi/i/image/api/thumb/clark1ic/001291824/39015091911027/!250,250|https://quod.lib.umich.edu/cgi/i/image/api/manifest/clark1ic:001291824:39015091911027|001291824; c03938ed-0c45-4bed-9b01-d4b7f54d9063",2026-09-07T13:44:02.612807+00:00,existing
c09c6c43-69ce-457d-9b5a-a92fefa28ba7,"https://quod.lib.umich.edu/c/clark1ic/x-012522076/39015095390897|https://quod.lib.umich.edu/cgi/i/image/api/search/clark1ic:012522076|oai:quod.lib.umich.edu:IC-CLARK1IC-X-012522076%5D39015095390897|http://name.umdl.umich.edu/IC-CLARK1IC-X-012522076%5D39015095390897|https://quod.lib.umich.edu/cgi/i/image/api/thumb/clark1ic/012522076/39015095390897/!250,250|https://quod.lib.umich.edu/cgi/i/image/api/manifest/clark1ic:012522076:39015095390897|012522076; c09c6c43-69ce-457d-9b5a-a92fefa28ba7",2026-09-07T13:44:02.612861+00:00,existing
c0b81609-f233-4004-a5de-6e86ebdace1e,"https://quod.lib.umich.edu/c/clark1ic/x-005025786/39015091897044_01|https://quod.lib.umich.edu/cgi/i/image/api/search/clark1ic:005025786|oai:quod.lib.umich.edu:IC-CLARK1IC-X-005025786%5D39015091897044_01|http://name.umdl.umich.edu/IC-CLARK1IC-X-005025786%5D39015091897044_01|https://quod.lib.umich.edu/cgi/i/image/api/thumb/clark1ic/005025786/39015091897044_01/!250,250|https://quod.lib.umich.edu/cgi/i/image/api/manifest/clark1ic:005025786:39015091897044_01|005025786; c0b81609-f233-4004-a5de-6e86ebdace1e|oai:quod.lib.umich.edu:IC-CLARK1IC-X-005025786%5D39015091897044_02|http://name.umdl.umich.edu/IC-CLARK1IC-X-005025786%5D39015091897044_02|https://quod.lib.umich.edu/cgi/i/image/api/thumb/clark1ic/005025786/39015091897044_02/!250,250|https://quod.lib.umich.edu/cgi/i/image/api/manifest/clark1ic:005025786:39015091897044_02",2026-09-07T13:44:02.612911+00:00,existing
c0c472f8-ca9e-4408-873c-ca48b1c3b2ff,"https://quod.lib.umich.edu/c/clark1ic/x-012519487/39015095391176|https://quod.lib.umich.edu/cgi/i/image/api/search/clark1ic:012519487|oai:quod.lib.umich.edu:IC-CLARK1IC-X-012519487%5D39015095391176|http://name.umdl.umich.edu/IC-CLARK1IC-X-012519487%5D39015095391176|https://quod.lib.umich.edu/cgi/i/image/api/thumb/clark1ic/012519487/39015095391176/!250,250|https://quod.lib.umich.edu/cgi/i/image/api/manifest/clark1ic:012519487:39015095391176|012519487; c0c472f8-ca9e-4408-873c-ca48b1c3b2ff",2026-09-07T13:44:02.612947+00:00,existing
c1499d6e-cf51-4cc1-ad51-dc4800a96a2d,"https://quod.lib.umich.edu/c/clark1ic/x-003281699/39015091193576|https://quod.lib.umich.edu/cgi/i/image/api/search/clark1ic:003281699|oai:quod.lib.umich.edu:IC-CLARK1IC-X-003281699%5D39015091193576|http://name.umdl.umich.edu/IC-CLARK1IC-X-003281699%5D39015091193576|https://quod.lib.umich.edu/cgi/i/image/api/thumb/clark1ic/003281699/39015091193576/!250,250|https://quod.lib.umich.edu/cgi/i/image/api/manifest/clark1ic:003281699:39015091193576|003281699; c1499d6e-cf51-4cc1-ad51-dc4800a96a2d",2026-09-07T13:44:02.612981+00:00,existing
c1c76490-111a-4aa4-a130-7487c757ed2b,"https://quod.lib.umich.edu/c/clark1ic/x-003277693/39015091195803|https://quod.lib.umich.edu/cgi/i/image/api/search/clark1ic:003277693|oai:quod.lib.umich.edu:IC-CLARK1IC-X-003277693%5D39015091195803|http://name.umdl.umich.edu/IC-CLARK1IC-X-003277693%5D39015091195803|https://quod.lib.umich.edu/cgi/i/image/api/thumb/clark1ic/003277693/39015091195803/!250,250|https://quod.lib.umich.edu/cgi/i/image/api/manifest/clark1ic:003277693:39015091195803|003277693; c1c76490-111a-4aa4-a130-7487c757ed2b",2026-09-07T13:44:02.613022+00:00,existing
c1f20e3d-dd13-4a63-b39f-0f3d3975fe08,"https://quod.lib.umich.edu/c/clark1ic/x-000081174/39015091915705|https://quod.lib.umich.edu/cgi/i/image/api/search/clark1ic:000081174|oai:quod.lib.umich.edu:IC-CLARK1IC-X-000081174%5D39015091915705|http://name.umdl.umich.edu/IC-CLARK1IC-X-000081174%5D39015091915705|https://quod.lib.umich.edu/cgi/i/image/api/thumb/clark1ic/000081174/39015091915705/!250,250|https://quod.lib.umich.edu/cgi/i/image/api/manifest/clark1ic:000081174:39015091915705|000081174; c1f20e3d-dd13-4a63-b39f-0f3d3975fe08",2026-09-07T13:44:02.613055+00:00,existing
c24e42d2-8aa4-44ea-8ff6-7804548589fe,"https://quod.lib.umich.edu/c/clark1ic/x-000887416/39015091921307_01|https://quod.lib.umich.edu/cgi/i/image/api/search/clark1ic:000887416|oai:quod.lib.umich.edu:IC-CLARK1IC-X-000887416%5D39015091921307_01|http://name.umdl.umich.edu/IC-CLARK1IC-X-000887416%5D39015091921307_01|https://quod.lib.umich.edu/cgi/i/image/api/thumb/clark1ic/000887416/39015091921307_01/!250,250|https://quod.lib.umich.edu/cgi/i/image/api/manifest/clark1ic:000887416:39015091921307_01|000887416; c24e42d2-8aa4-44ea-8ff6-7804548589fe|oai:quod.lib.umich.edu:IC-CLARK1IC-X-000887416%5D39015091921307_02|http://name.umdl.umich.edu/IC-CLARK1IC-X-000887416%5D39015091921307_02|https://quod.lib.umich.edu/cgi/i/image/api/thumb/clark1ic/000887416/39015091921307_02/!250,250|https://quod.lib.umich.edu/cgi/i/image/api/manifest/clark1ic:000887416:39015091921307_02|oai:quod.lib.umich.edu:IC-CLARK1IC-X-000887416%5D39015091921307_03|http://name.umdl.umich.edu/IC-CLARK1IC-X-000887416%5D39015091921307_03|https://quod.lib.umich.edu/cgi/i/image/api/thumb/clark1ic/000887416/39015091921307_03/!250,250|https://quod.lib.umich.edu/cgi/i/image/api/manifest/clark1ic:000887416:39015091921307_03",2026-09-07T13:44:02.613121+00:00,existing
c25fcd8f-7e93-4cd8-8dd0-23aecb429a3d,"https://quod.lib.umich.edu/c/clark1ic/x-003111044/39015091921208_01|https://quod.lib.umich.edu/cgi/i/image/api/search/clark1ic:003111044|oai:quod.lib.umich.edu:IC-CLARK1IC-X-003111044%5D39015091921208_01|http://name.umdl.umich.edu/IC-CLARK1IC-X-003111044%5D39015091921208_01|https://quod.lib.umich.edu/cgi/i/image/api/thumb/clark1ic/003111044/39015091921208_01/!250,250|https://quod.lib.umich.edu/cgi/i/image/api/manifest/clark1ic:003111044:39015091921208_01|003111044; c25fcd8f-7e93-4cd8-8dd0-23aecb429a3d|oai:quod.lib.umich.edu:IC-CLARK1IC-X-003111044%5D39015091921208_02|http://name.umdl.umich.edu/IC-CLARK1IC-X-003111044%5D39015091921208_02|https://quod.lib.umich.edu/cgi/i/image/api/thumb/clark1ic/003111044/39015091921208_02/!250,250|https://quod.lib.umich.edu/cgi/i/image/api/manifest/clark1ic:003111044:39015091921208_02",2026-09-07T13:44:02.613168+00:00,existing
c26b095c-ac47-4088-94c9-54c4e137c299,"https://quod.lib.umich.edu/c/clark1ic/x-003569710/39015091195126|https://quod.lib.umich.edu/cgi/i/image/api/search/clark1ic:003569710|oai:quod.lib.umich.edu:IC-CLARK1IC-X-003569710%5D39015091195126|http://name.umdl.umich.edu/IC-CLARK1IC-X-003569710%5D39015091195126|https://quod.lib.umich.edu/cgi/i/image/api/thumb/clark1ic/003569710/39015091195126/!250,250|https://quod.lib.umich.edu/cgi/i/image/api/manifest/clark1ic:003569710:39015091195126|003569710; c26b095c-ac47-4088-94c9-54c4e137c299",2026-09-07T13:44:02.613200+00:00,existing
c27182e9-bef6-473f-aa0f-ce6751679ecf,"https://quod.lib.umich.edu/c/clark1ic/x-002906043/39015091880164_01|https://quod.lib.umich.edu/cgi/i/image/api/search/clark1ic:002906043|oai:quod.lib.umich.edu:IC-CLARK1IC-X-002906043%5D39015091880164_01|http://name.umdl.umich.edu/IC-CLARK1IC-X-002906043%5D39015091880164_01|https://quod.lib.umich.edu/cgi/i/image/api/thumb/clark1ic/002906043/39015091880164_01/!250,250|https://quod.lib.umich.edu/cgi/i/image/api/manifest/clark1ic:002906043:39015091880164_01|002906043; c27182e9-bef6-473f-aa0f-ce6751679ecf|oai:quod.lib.umich.edu:IC-CLARK1IC-X-002906043%5D39015091880164_02|http://name.umdl.umich.edu/IC-CLARK1IC-X-002906043%5D39015091880164_02|https://quod.lib.umich.edu/cgi/i/image/api/thumb/clark1ic/002906043/39015091880164_02/!250,250|https://quod.lib.umich.edu/cgi/i/image/api/manifest/clark1ic:002906043:39015091880164_02",2026-09-07T13:44:02.613245+00:00,existing
c273c305-bed7-4f15-ba0e-260fd31a14d4,"https://quod.lib.umich.edu/c/clark1ic/x-003281305/39015091916604_01|https://quod.lib.umich.edu/cgi/i/image/api/search/clark1ic:003281305|oai:quod.lib.umich.edu:IC-CLARK1IC-X-003281305%5D39015091916604_01|http://name.umdl.umich.edu/IC-CLARK1IC-X-003281305%5D39015091916604_01|https://quod.lib.umich.edu/cgi/i/image/api/thumb/clark1ic/003281305/39015091916604_01/!250,250|https://quod.lib.umich.edu/cgi/i/image/api/manifest/clark1ic:003281305:39015091916604_01|003281305; c273c305-bed7-4f15-ba0e-260fd31a14d4|oai:quod.lib.umich.edu:IC-CLARK1IC-X-003281305%5D39015091916604_02|http://name.umdl.umich.edu/IC-CLARK1IC-X-003281305%5D39015091916604_02|https://quod.lib.umich.edu/cgi/i/image/api/thumb/clark1ic/003281305/39015091916604_02/!250,250|https://quod.lib.umich.edu/cgi/i/image/api/manifest/clark1ic:003281305:39015091916604_02",2026-09-07T13:44:02.613304+00:00,existing
c282eada-32e8-4df9-a669-1e8ee7353aca,"https://quod.lib.umich.edu/c/clark1ic/x-009557301/39015091900996|https://quod.lib.umich.edu/cgi/i/image/api/search/clark1ic:009557301|oai:quod.lib.umich.edu:IC-CLARK1IC-X-009557301%5D39015091900996|http://name.umdl.umich.edu/IC-CLARK1IC-X-009557301%5D39015091900996|https://quod.lib.umich.edu/cgi/i/image/api/thumb/clark1ic/009557301/39015091900996/!250,250|https://quod.lib.umich.edu/cgi/i/image/api/manifest/clark1ic:009557301:39015091900996|009557301; c282eada-32e8-4df9-a669-1e8ee7353aca",2026-09-07T13:44:02.613349+00:00,existing
c2debae1-5496-410f-a6b7-7627b278a57c,"https://quod.lib.umich.edu/c/clark1ic/x-003281289/39015091196595_01|https://quod.lib.umich.edu/cgi/i/image/api/search/clark1ic:003281289|oai:quod.lib.umich.edu:IC-CLARK1IC-X-003281289%5D39015091196595_01|http://name.umdl.umich.edu/IC-CLARK1IC-X-003281289%5D39015091196595_01|https://quod.lib.umich.edu/cgi/i/image/api/thumb/clark1ic/003281289/39015091196595_01/!250,250|https://quod.lib.umich.edu/cgi/i/image/api/manifest/clark1ic:003281289:39015091196595_01|003281289; c2debae1-5496-410f-a6b7-7627b278a57c|oai:quod.lib.umich.edu:IC-CLARK1IC-X-003281289%5D39015091196595_02|http://name.umdl.umich.edu/IC-CLARK1IC-X-003281289%5D39015091196595_02|https://quod.lib.umich.edu/cgi/i/image/api/thumb/clark1ic/003281289/39015091196595_02/!250,250|https://quod.lib.umich.edu/cgi/i/image/api/manifest/clark1ic:003281289:39015091196595_02",2026-09-07T13:44:02.613394+00:00,existing
c2e37a94-bdfb-4ac2-8fce-cb07dbee1763,"https://quod.lib.umich.edu/c/clark1ic/x-003284685/39015091193519|https://quod.lib.umich.edu/cgi/i/image/api/search/clark1ic:003284685|oai:quod.lib.umich.edu:IC-CLARK1IC-X-003284685%5D39015091193519|http://name.umdl.umich.edu/IC-CLARK1IC-X-003284685%5D39015091193519|https://quod.lib.umich.edu/cgi/i/image/api/thumb/clark1ic/003284685/39015091193519/!250,250|https://quod.lib.umich.edu/cgi/i/image/api/manifest/clark1ic:003284685:39015091193519|003284685; c2e37a94-bdfb-4ac2-8fce-cb07dbee1763",2026-09-07T13:44:02.613426+00:00,existing
c2f68376-c731-45ac-bbd3-33914d786570,"https://quod.lib.umich.edu/c/clark1ic/x-003286894/39015091194889|https://quod.lib.umich.edu/cgi/i/image/api/search/clark1ic:003286894|oai:quod.lib.umich.edu:IC-CLARK1IC-X-003286894%5D39015091194889|http://name.umdl.umich.edu/IC-CLARK1IC-X-003286894%5D39015091194889|https://quod.lib.umich.edu/cgi/i/image/api/thumb/clark1ic/003286894/39015091194889/!250,250|https://quod.lib.umich.edu/cgi/i/image/api/manifest/clark1ic:003286894:39015091194889|003286894; c2f68376-c731-45ac-bbd3-33914d786570",2026-09-07T13:44:02.613458+00:00,existing
c30393ba-a2de-4deb-9371-3bdb04413a89,"https://quod.lib.umich.edu/c/clark1ic/x-000932408/39015091185861|https://quod.lib.umich.edu/cgi/i/image/api/search/clark1ic:000932408|oai:quod.lib.umich.edu:IC-CLARK1IC-X-000932408%5D39015091185861|http://name.umdl.umich.edu/IC-CLARK1IC-X-000932408%5D39015091185861|https://quod.lib.umich.edu/cgi/i/image/api/thumb/clark1ic/000932408/39015091185861/!250,250|https://quod.lib.umich.edu/cgi/i/image/api/manifest/clark1ic:000932408:39015091185861|000932408; c30393ba-a2de-4deb-9371-3bdb04413a89",2026-09-07T13:44:02.613490+00:00,existing
c3223c90-d553-4972-8881-ae3bad7ec688,"https://quod.lib.umich.edu/c/clark1ic/x-004204106/39015091191620_01|https://quod.lib.umich.edu/cgi/i/image/api/search/clark1ic:004204106|oai:quod.lib.umich.edu:IC-CLARK1IC-X-004204106%5D39015091191620_01|http://name.umdl.umich.edu/IC-CLARK1IC-X-004204106%5D39015091191620_01|https://quod.lib.umich.edu/cgi/i/image/api/thumb/clark1ic/004204106/39015091191620_01/!250,250|https://quod.lib.umich.edu/cgi/i/image/api/manifest/clark1ic:004204106:39015091191620_01|004204106; c3223c90-d553-4972-8881-ae3bad7ec688|oai:quod.lib.umich.edu:IC-CLARK1IC-X-004204106%5D39015091191620_02|http://name.umdl.umich.edu/IC-CLARK1IC-X-004204106%5D39015091191620_02|https://quod.lib.umich.edu/cgi/i/image/api/thumb/clark1ic/004204106/39015091191620_02/!250,250|https://quod.lib.umich.edu/cgi/i/image/api/manifest/clark1ic:004204106:39015091191620_02",2026-09-07T13:44:02.613536+00:00,existing
c356bc28-5c59-46b0-88c6-59a3d574fa57,"https://quod.lib.umich.edu/c/clark1ic/x-002890970/39015091192735|https://quod.lib.umich.edu/cgi/i/image/api/search/clark1ic:002890970|oai:quod.lib.umich.edu:IC-CLARK1IC-X-002890970%5D39015091192735|http://name.umdl.umich.edu/IC-CLARK1IC-X-002890970%5D39015091192735|https://quod.lib.umich.edu/cgi/i/image/api/thumb/clark1ic/002890970/39015091192735/!250,250|https://quod.lib.umich.edu/cgi/i/image/api/manifest/clark1ic:002890970:39015091192735|002890970; c356bc28-5c59-46b0-88c6-59a3d574fa57",2026-09-07T13:44:02.613568+00:00,existing
c37408e4-dd36-49ff-ac56-20dbadaae08f,"https://quod.lib.umich.edu/c/clark1ic/x-000081938/39015091880180|https://quod.lib.umich.edu/cgi/i/image/api/search/clark1ic:000081938|oai:quod.lib.umich.edu:IC-CLARK1IC-X-000081938%5D39015091880180|http://name.umdl.umich.edu/IC-CLARK1IC-X-000081938%5D39015091880180|https://quod.lib.umich.edu/cgi/i/image/api/thumb/clark1ic/000081938/39015091880180/!250,250|https://quod.lib.umich.edu/cgi/i/image/api/manifest/clark1ic:000081938:39015091880180|000081938; c37408e4-dd36-49ff-ac56-20dbadaae08f",2026-09-07T13:44:02.613599+00:00,existing
c3838a8c-e7b5-4289-a474-91a855066f2f,"https://quod.lib.umich.edu/c/clark1ic/x-000889504/39015091195332|https://quod.lib.umich.edu/cgi/i/image/api/search/clark1ic:000889504|oai:quod.lib.umich.edu:IC-CLARK1IC-X-000889504%5D39015091195332|http://name.umdl.umich.edu/IC-CLARK1IC-X-000889504%5D39015091195332|https://quod.lib.umich.edu/cgi/i/image/api/thumb/clark1ic/000889504/39015091195332/!250,250|https://quod.lib.umich.edu/cgi/i/image/api/manifest/clark1ic:000889504:39015091195332|000889504; c3838a8c-e7b5-4289-a474-91a855066f2f",2026-09-07T13:44:02.613631+00:00,existing
c3daaeec-993b-4c32-a12c-c77ec7327df6,"https://quod.lib.umich.edu/c/clark1ic/x-000887415/39015091920218|https://quod.lib.umich.edu/cgi/i/image/api/search/clark1ic:000887415|oai:quod.lib.umich.edu:IC-CLARK1IC-X-000887415%5D39015091920218|http://name.umdl.umich.edu/IC-CLARK1IC-X-000887415%5D39015091920218|https://quod.lib.umich.edu/cgi/i/image/api/thumb/clark1ic/000887415/39015091920218/!250,250|https://quod.lib.umich.edu/cgi/i/image/api/manifest/clark1ic:000887415:39015091920218|000887415; c3daaeec-993b-4c32-a12c-c77ec7327df6",2026-09-07T13:44:02.613662+00:00,existing
c3e7bf4a-400c-4ad3-9c60-182cf3205a5a,"https://quod.lib.umich.edu/c/clark1ic/x-004074004/39015091191554_01|https://quod.lib.umich.edu/cgi/i/image/api/search/clark1ic:004074004|oai:quod.lib.umich.edu:IC-CLARK1IC-X-004074004%5D39015091191554_01|http://name.umdl.umich.edu/IC-CLARK1IC-X-004074004%5D39015091191554_01|https://quod.lib.umich.edu/cgi/i/image/api/thumb/clark1ic/004074004/39015091191554_01/!250,250|https://quod.lib.umich.edu/cgi/i/image/api/manifest/clark1ic:004074004:39015091191554_01|004074004; c3e7bf4a-400c-4ad3-9c60-182cf3205a5a",2026-09-07T13:44:02.613693+00:00,existing
c3eda859-4645-4e32-b73f-9692538db903,"https://quod.lib.umich.edu/c/clark1ic/x-003594111/39015095422211|https://quod.lib.umich.edu/cgi/i/image/api/search/clark1ic:003594111|oai:quod.lib.umich.edu:IC-CLARK1IC-X-003594111%5D39015095422211|http://name.umdl.umich.edu/IC-CLARK1IC-X-003594111%5D39015095422211|https://quod.lib.umich.edu/cgi/i/image/api/thumb/clark1ic/003594111/39015095422211/!250,250|https://quod.lib.umich.edu/cgi/i/image/api/manifest/clark1ic:003594111:39015095422211|003594111; c3eda859-4645-4e32-b73f-9692538db903",2026-09-07T13:44:02.613724+00:00,existing
c42c07ec-8dcf-4c5d-b3a3-38a76477cec6,"https://quod.lib.umich.edu/c/clark1ic/x-000887657/39015091921505_01|https://quod.lib.umich.edu/cgi/i/image/api/search/clark1ic:000887657|oai:quod.lib.umich.edu:IC-CLARK1IC-X-000887657%5D39015091921505_01|http://name.umdl.umich.edu/IC-CLARK1IC-X-000887657%5D39015091921505_01|https://quod.lib.umich.edu/cgi/i/image/api/thumb/clark1ic/000887657/39015091921505_01/!250,250|https://quod.lib.umich.edu/cgi/i/image/api/manifest/clark1ic:000887657:39015091921505_01|000887657; c42c07ec-8dcf-4c5d-b3a3-38a76477cec6|oai:quod.lib.umich.edu:IC-CLARK1IC-X-000887657%5D39015091921505_02|http://name.umdl.umich.edu/IC-CLARK1IC-X-000887657%5D39015091921505_02|https://quod.lib.umich.edu/cgi/i/image/api/thumb/clark1ic/000887657/39015091921505_02/!250,250|https://quod.lib.umich.edu/cgi/i/image/api/manifest/clark1ic:000887657:39015091921505_02",2026-09-07T13:44:02.613770+00:00,existing
c43b3e4f-a2d4-4aec-90b1-3cbedd6772d4,"https://quod.lib.umich.edu/c/clark1ic/x-001291841/39015091899545|https://quod.lib.umich.edu/cgi/i/image/api/search/clark1ic:001291841|oai:quod.lib.umich.edu:IC-CLARK1IC-X-001291841%5D39015091899545|http://name.umdl.umich.edu/IC-CLARK1IC-X-001291841%5D39015091899545|https://quod.lib.umich.edu/cgi/i/image/api/thumb/clark1ic/001291841/39015091899545/!250,250|https://quod.lib.umich.edu/cgi/i/image/api/manifest/clark1ic:001291841:39015091899545|001291841; c43b3e4f-a2d4-4aec-90b1-3cbedd6772d4",2026-09-07T13:44:02.613801+00:00,existing
c4f6ec4a-ad29-473d-af94-4314c6a04f53,"https://quod.lib.umich.edu/c/clark1ic/x-003879416/39015091185796|https://quod.lib.umich.edu/cgi/i/image/api/search/clark1ic:003879416|oai:quod.lib.umich.edu:IC-CLARK1IC-X-003879416%5D39015091185796|http://name.umdl.umich.edu/IC-CLARK1IC-X-003879416%5D39015091185796|https://quod.lib.umich.edu/cgi/i/image/api/thumb/clark1ic/003879416/39015091185796/!250,250|https://quod.lib.umich.edu/cgi/i/image/api/manifest/clark1ic:003879416:39015091185796|003879416; c4f6ec4a-ad29-473d-af94-4314c6a04f53",2026-09-07T13:44:02.613833+00:00,existing
c51ce268-d2da-4baf-ae91-9dee5877cb4d,"https://quod.lib.umich.edu/c/clark1ic/x-003876637/39015091194988|https://quod.lib.umich.edu/cgi/i/image/api/search/clark1ic:003876637|oai:quod.lib.umich.edu:IC-CLARK1IC-X-003876637%5D39015091194988|http://name.umdl.umich.edu/IC-CLARK1IC-X-003876637%5D39015091194988|https://quod.lib.umich.edu/cgi/i/image/api/thumb/clark1ic/003876637/39015091194988/!250,250|https://quod.lib.umich.edu/cgi/i/image/api/manifest/clark1ic:003876637:39015091194988|003876637; c51ce268-d2da-4baf-ae91-9dee5877cb4d",2026-09-07T13:44:02.613863+00:00,existing
c5700d8b-9f2c-46ab-aaa7-ea47449400d8,"https://quod.lib.umich.edu/c/clark1ic/x-009357064/39015091186604_01|https://quod.lib.umich.edu/cgi/i/image/api/search/clark1ic:009357064|oai:quod.lib.umich.edu:IC-CLARK1IC-X-009357064%5D39015091186604_01|http://name.umdl.umich.edu/IC-CLARK1IC-X-009357064%5D39015091186604_01|https://quod.lib.umich.edu/cgi/i/image/api/thumb/clark1ic/009357064/39015091186604_01/!250,250|https://quod.lib.umich.edu/cgi/i/image/api/manifest/clark1ic:009357064:39015091186604_01|009357064; c5700d8b-9f2c-46ab-aaa7-ea47449400d8|oai:quod.lib.umich.edu:IC-CLARK1IC-X-009357064%5D39015091186604_02|http://name.umdl.umich.edu/IC-CLARK1IC-X-009357064%5D39015091186604_02|https://quod.lib.umich.edu/cgi/i/image/api/thumb/clark1ic/009357064/39015091186604_02/!250,250|https://quod.lib.umich.edu/cgi/i/image/api/manifest/clark1ic:009357064:39015091186604_02",2026-09-07T13:44:02.613906+00:00,existing
c593ac33-119c-491b-8bf7-59e99e269fb3,"https://quod.lib.umich.edu/c/clark1ic/x-004978843/39015091184815|https://quod.lib.umich.edu/cgi/i/image/api/search/clark1ic:004978843|oai:quod.lib.umich.edu:IC-CLARK1IC-X-004978843%5D39015091184815|http://name.umdl.umich.edu/IC-CLARK1IC-X-004978843%5D39015091184815|https://quod.lib.umich.edu/cgi/i/image/api/thumb/clark1ic/004978843/39015091184815/!250,250|https://quod.lib.umich.edu/cgi/i/image/api/manifest/clark1ic:004978843:39015091184815|004978843; c593ac33-119c-491b-8bf7-59e99e269fb3",2026-09-07T13:44:02.613937+00:00,existing
c5b43fd8-0030-4089-80df-b692e6bda8b2,"https://quod.lib.umich.edu/c/clark1ic/x-003287211/39015091920739|https://quod.lib.umich.edu/cgi/i/image/api/search/clark1ic:003287211|oai:quod.lib.umich.edu:IC-CLARK1IC-X-003287211%5D39015091920739|http://name.umdl.umich.edu/IC-CLARK1IC-X-003287211%5D39015091920739|https://quod.lib.umich.edu/cgi/i/image/api/thumb/clark1ic/003287211/39015091920739/!250,250|https://quod.lib.umich.edu/cgi/i/image/api/manifest/clark1ic:003287211:39015091920739|003287211; c5b43fd8-0030-4089-80df-b692e6bda8b2",2026-09-07T13:44:02.613968+00:00,existing
c5b9687b-a56b-48f6-9182-c5b69b97a52a,"https://quod.lib.umich.edu/c/clark1ic/x-009674505/39015091914294|https://quod.lib.umich.edu/cgi/i/image/api/search/clark1ic:009674505|oai:quod.lib.umich.edu:IC-CLARK1IC-X-009674505%5D39015091914294|http://name.umdl.umich.edu/IC-CLARK1IC-X-009674505%5D39015091914294|https://quod.lib.umich.edu/cgi/i/image/api/thumb/clark1ic/009674505/39015091914294/!250,250|https://quod.lib.umich.edu/cgi/i/image/api/manifest/clark1ic:009674505:39015091914294|009674505; c5b9687b-a56b-48f6-9182-c5b69b97a52a",2026-09-07T13:44:02.613999+00:00,existing
c612bec8-035a-4481-9bbf-af7a3b29446c,"https://quod.lib.umich.edu/c/clark1ic/x-003288047/39015091903941|https://quod.lib.umich.edu/cgi/i/image/api/search/clark1ic:003288047|oai:quod.lib.umich.edu:IC-CLARK1IC-X-003288047%5D39015091903941|http://name.umdl.umich.edu/IC-CLARK1IC-X-003288047%5D39015091903941|https://quod.lib.umich.edu/cgi/i/image/api/thumb/clark1ic/003288047/39015091903941/!250,250|https://quod.lib.umich.edu/cgi/i/image/api/manifest/clark1ic:003288047:39015091903941|003288047; c612bec8-035a-4481-9bbf-af7a3b29446c",2026-09-07T13:44:02.614032+00:00,existing
c6735279-d7df-48af-a3f1-2537f70713b5,"https://quod.lib.umich.edu/c/clark1ic/x-005112384/39015091186273|https://quod.lib.umich.edu/cgi/i/image/api/search/clark1ic:005112384|oai:quod.lib.umich.edu:IC-CLARK1IC-X-005112384%5D39015091186273|http://name.umdl.umich.edu/IC-CLARK1IC-X-005112384%5D39015091186273|https://quod.lib.umich.edu/cgi/i/image/api/thumb/clark1ic/005112384/39015091186273/!250,250|https://quod.lib.umich.edu/cgi/i/image/api/manifest/clark1ic:005112384:39015091186273|005112384; c6735279-d7df-48af-a3f1-2537f70713b5",2026-09-07T13:44:02.614062+00:00,existing
c6a4ddf4-eac1-4237-89a9-07192b1f0a3c,"https://quod.lib.umich.edu/c/clark1ic/x-003289432/39015095411339|https://quod.lib.umich.edu/cgi/i/image/api/search/clark1ic:003289432|oai:quod.lib.umich.edu:IC-CLARK1IC-X-003289432%5D39015095411339|http://name.umdl.umich.edu/IC-CLARK1IC-X-003289432%5D39015095411339|https://quod.lib.umich.edu/cgi/i/image/api/thumb/clark1ic/003289432/39015095411339/!250,250|https://quod.lib.umich.edu/cgi/i/image/api/manifest/clark1ic:003289432:39015095411339|003289432; c6a4ddf4-eac1-4237-89a9-07192b1f0a3c",2026-09-07T13:44:02.614101+00:00,existing
c6f44b88-c6e6-4379-ba90-3ce4a9a9167d,"https://quod.lib.umich.edu/c/clark1ic/x-003152810/39015091193568|https://quod.lib.umich.edu/cgi/i/image/api/search/clark1ic:003152810|oai:quod.lib.umich.edu:IC-CLARK1IC-X-003152810%5D39015091193568|http://name.umdl.umich.edu/IC-CLARK1IC-X-003152810%5D39015091193568|https://quod.lib.umich.edu/cgi/i/image/api/thumb/clark1ic/003152810/39015091193568/!250,250|https://quod.lib.umich.edu/cgi/i/image/api/manifest/clark1ic:003152810:39015091193568|003152810; c6f44b88-c6e6-4379-ba90-3ce4a9a9167d",2026-09-07T13:44:02.614134+00:00,existing
c78e0bca-dc5c-4a85-96a6-dd8e6c455626,"https://quod.lib.umich.edu/c/clark1ic/x-000080388/39015091195118|https://quod.lib.umich.edu/cgi/i/image/api/search/clark1ic:000080388|oai:quod.lib.umich.edu:IC-CLARK1IC-X-000080388%5D39015091195118|http://name.umdl.umich.edu/IC-CLARK1IC-X-000080388%5D39015091195118|https://quod.lib.umich.edu/cgi/i/image/api/thumb/clark1ic/000080388/39015091195118/!250,250|https://quod.lib.umich.edu/cgi/i/image/api/manifest/clark1ic:000080388:39015091195118|000080388; c78e0bca-dc5c-4a85-96a6-dd8e6c455626",2026-09-07T13:44:02.614182+00:00,existing
c7a35f2a-2d47-4f6d-9ace-f584cf1b845d,"https://quod.lib.umich.edu/c/clark1ic/x-003929910/39015091900814|https://quod.lib.umich.edu/cgi/i/image/api/search/clark1ic:003929910|oai:quod.lib.umich.edu:IC-CLARK1IC-X-003929910%5D39015091900814|http://name.umdl.umich.edu/IC-CLARK1IC-X-003929910%5D39015091900814|https://quod.lib.umich.edu/cgi/i/image/api/thumb/clark1ic/003929910/39015091900814/!250,250|https://quod.lib.umich.edu/cgi/i/image/api/manifest/clark1ic:003929910:39015091900814|003929910; c7a35f2a-2d47-4f6d-9ace-f584cf1b845d",2026-09-07T13:44:02.614216+00:00,existing
c7b024e3-612c-4a8e-8745-4b510b683b5f,"https://quod.lib.umich.edu/c/clark1ic/x-003285302/39015095416965_01|https://quod.lib.umich.edu/cgi/i/image/api/search/clark1ic:003285302|oai:quod.lib.umich.edu:IC-CLARK1IC-X-003285302%5D39015095416965_01|http://name.umdl.umich.edu/IC-CLARK1IC-X-003285302%5D39015095416965_01|https://quod.lib.umich.edu/cgi/i/image/api/thumb/clark1ic/003285302/39015095416965_01/!250,250|https://quod.lib.umich.edu/cgi/i/image/api/manifest/clark1ic:003285302:39015095416965_01|003285302; c7b024e3-612c-4a8e-8745-4b510b683b5f|oai:quod.lib.umich.edu:IC-CLARK1IC-X-003285302%5D39015095416973_01|http://name.umdl.umich.edu/IC-CLARK1IC-X-003285302%5D39015095416973_01|https://quod.lib.umich.edu/cgi/i/image/api/thumb/clark1ic/003285302/39015095416973_01/!250,250|https://quod.lib.umich.edu/cgi/i/image/api/manifest/clark1ic:003285302:39015095416973_01",2026-09-07T13:44:02.614270+00:00,existing
c7bd6779-6b06-42e1-8389-8472ededcf79,"https://quod.lib.umich.edu/c/clark1ic/x-004014312/39015091194855|https://quod.lib.umich.edu/cgi/i/image/api/search/clark1ic:004014312|oai:quod.lib.umich.edu:IC-CLARK1IC-X-004014312%5D39015091194855|http://name.umdl.umich.edu/IC-CLARK1IC-X-004014312%5D39015091194855|https://quod.lib.umich.edu/cgi/i/image/api/thumb/clark1ic/004014312/39015091194855/!250,250|https://quod.lib.umich.edu/cgi/i/image/api/manifest/clark1ic:004014312:39015091194855|004014312; c7bd6779-6b06-42e1-8389-8472ededcf79",2026-09-07T13:44:02.614303+00:00,existing
c7e0cf34-dea8-4611-b8b1-b923217bcafe,"https://quod.lib.umich.edu/c/clark1ic/x-003161627/39015095416130_0001|https://quod.lib.umich.edu/cgi/i/image/api/search/clark1ic:003161627|oai:quod.lib.umich.edu:IC-CLARK1IC-X-003161627%5D39015095416130_0001|http://name.umdl.umich.edu/IC-CLARK1IC-X-003161627%5D39015095416130_0001|https://quod.lib.umich.edu/cgi/i/image/api/thumb/clark1ic/003161627/39015095416130_0001/!250,250|https://quod.lib.umich.edu/cgi/i/image/api/manifest/clark1ic:003161627:39015095416130_0001|003161627; c7e0cf34-dea8-4611-b8b1-b923217bcafe",2026-09-07T13:44:02.614335+00:00,existing
c8b46b52-0846-4abb-ba56-b484064f84ac,"https://quod.lib.umich.edu/c/clark1ic/x-010356232/39015091191992_01|https://quod.lib.umich.edu/cgi/i/image/api/search/clark1ic:010356232|oai:quod.lib.umich.edu:IC-CLARK1IC-X-010356232%5D39015091191992_01|http://name.umdl.umich.edu/IC-CLARK1IC-X-010356232%5D39015091191992_01|https://quod.lib.umich.edu/cgi/i/image/api/thumb/clark1ic/010356232/39015091191992_01/!250,250|https://quod.lib.umich.edu/cgi/i/image/api/manifest/clark1ic:010356232:39015091191992_01|010356232; c8b46b52-0846-4abb-ba56-b484064f84ac|oai:quod.lib.umich.edu:IC-CLARK1IC-X-010356232%5D39015091191992_02|http://name.umdl.umich.edu/IC-CLARK1IC-X-010356232%5D39015091191992_02|https://quod.lib.umich.edu/cgi/i/image/api/thumb/clark1ic/010356232/39015091191992_02/!250,250|https://quod.lib.umich.edu/cgi/i/image/api/manifest/clark1ic:010356232:39015091191992_02",2026-09-07T13:44:02.614380+00:00,existing
c90c1985-7330-4836-a893-5521419d8bc1,"https://quod.lib.umich.edu/c/clark1ic/x-000082472/39015091184849|https://quod.lib.umich.edu/cgi/i/image/api/search/clark1ic:000082472|oai:quod.lib.umich.edu:IC-CLARK1IC-X-000082472%5D39015091184849|http://name.umdl.umich.edu/IC-CLARK1IC-X-000082472%5D39015091184849|https://quod.lib.umich.edu/cgi/i/image/api/thumb/clark1ic/000082472/39015091184849/!250,250|https://quod.lib.umich.edu/cgi/i/image/api/manifest/clark1ic:000082472:39015091184849|000082472; c90c1985-7330-4836-a893-5521419d8bc1",2026-09-07T13:44:02.614411+00:00,existing
c910453c-4838-4ef8-a120-b5849a17561a,"https://quod.lib.umich.edu/c/clark1ic/x-003281308/39015091195936|https://quod.lib.umich.edu/cgi/i/image/api/search/clark1ic:003281308|oai:quod.lib.umich.edu:IC-CLARK1IC-X-003281308%5D39015091195936|http://name.umdl.umich.edu/IC-CLARK1IC-X-003281308%5D39015091195936|https://quod.lib.umich.edu/cgi/i/image/api/thumb/clark1ic/003281308/39015091195936/!250,250|https://quod.lib.umich.edu/cgi/i/image/api/manifest/clark1ic:003281308:39015091195936|003281308; c910453c-4838-4ef8-a120-b5849a17561a",2026-09-07T13:44:02.614441+00:00,existing
c93bff71-a43b-43d4-bfef-273f0528df99,"https://quod.lib.umich.edu/c/clark1ic/x-003280918/39015091916109|https://quod.lib.umich.edu/cgi/i/image/api/search/clark1ic:003280918|oai:quod.lib.umich.edu:IC-CLARK1IC-X-003280918%5D39015091916109|http://name.umdl.umich.edu/IC-CLARK1IC-X-003280918%5D39015091916109|https://quod.lib.umich.edu/cgi/i/image/api/thumb/clark1ic/003280918/39015091916109/!250,250|https://quod.lib.umich.edu/cgi/i/image/api/manifest/clark1ic:003280918:39015091916109|003280918; c93bff71-a43b-43d4-bfef-273f0528df99",2026-09-07T13:44:02.614471+00:00,existing
c9538b74-c930-40da-8f09-9637fb6023c4,"https://quod.lib.umich.edu/c/clark1ic/x-013442849/39015091184617|https://quod.lib.umich.edu/cgi/i/image/api/search/clark1ic:013442849|oai:quod.lib.umich.edu:IC-CLARK1IC-X-013442849%5D39015091184617|http://name.umdl.umich.edu/IC-CLARK1IC-X-013442849%5D39015091184617|https://quod.lib.umich.edu/cgi/i/image/api/thumb/clark1ic/013442849/39015091184617/!250,250|https://quod.lib.umich.edu/cgi/i/image/api/manifest/clark1ic:013442849:39015091184617|013442849; c9538b74-c930-40da-8f09-9637fb6023c4",2026-09-07T13:44:02.614502+00:00,existing
c9fc596e-1bb8-4d01-a879-2bd53c7b26a0,"https://quod.lib.umich.edu/c/clark1ic/x-003282026/39015091916653|https://quod.lib.umich.edu/cgi/i/image/api/search/clark1ic:003282026|oai:quod.lib.umich.edu:IC-CLARK1IC-X-003282026%5D39015091916653|http://name.umdl.umich.edu/IC-CLARK1IC-X-003282026%5D39015091916653|https://quod.lib.umich.edu/cgi/i/image/api/thumb/clark1ic/003282026/39015091916653/!250,250|https://quod.lib.umich.edu/cgi/i/image/api/manifest/clark1ic:003282026:39015091916653|003282026; c9fc596e-1bb8-4d01-a879-2bd53c7b26a0|oai:quod.lib.umich.edu:IC-CLARK1IC-X-003282026%5D39015091916661|http://name.umdl.umich.edu/IC-CLARK1IC-X-003282026%5D39015091916661|https://quod.lib.umich.edu/cgi/i/image/api/thumb/clark1ic/003282026/39015091916661/!250,250|https://quod.lib.umich.edu/cgi/i/image/api/manifest/clark1ic:003282026:39015091916661|oai:quod.lib.umich.edu:IC-CLARK1IC-X-003282026%5D39015091916679|http://name.umdl.umich.edu/IC-CLARK1IC-X-003282026%5D39015091916679|https://quod.lib.umich.edu/cgi/i/image/api/thumb/clark1ic/003282026/39015091916679/!250,250|https://quod.lib.umich.edu/cgi/i/image/api/manifest/clark1ic:003282026:39015091916679",2026-09-07T13:44:02.614559+00:00,existing
c9ff09a2-a67e-4361-a288-8f907f9c46cd,"https://quod.lib.umich.edu/c/clark1ic/x-003277678/39015091195787|https://quod.lib.umich.edu/cgi/i/image/api/search/clark1ic:003277678|oai:quod.lib.umich.edu:IC-CLARK1IC-X-003277678%5D39015091195787|http://name.umdl.umich.edu/IC-CLARK1IC-X-003277678%5D39015091195787|https://quod.lib.umich.edu/cgi/i/image/api/thumb/clark1ic/003277678/39015091195787/!250,250|https://quod.lib.umich.edu/cgi/i/image/api/manifest/clark1ic:003277678:39015091195787|003277678; c9ff09a2-a67e-4361-a288-8f907f9c46cd",2026-09-07T13:44:02.614590+00:00,existing
ca38e709-1593-4372-abf4-cd57da3616e4,"https://quod.lib.umich.edu/c/clark1ic/x-003068097/39015091199094|https://quod.lib.umich.edu/cgi/i/image/api/search/clark1ic:003068097|oai:quod.lib.umich.edu:IC-CLARK1IC-X-003068097%5D39015091199094|http://name.umdl.umich.edu/IC-CLARK1IC-X-003068097%5D39015091199094|https://quod.lib.umich.edu/cgi/i/image/api/thumb/clark1ic/003068097/39015091199094/!250,250|https://quod.lib.umich.edu/cgi/i/image/api/manifest/clark1ic:003068097:39015091199094|003068097; ca38e709-1593-4372-abf4-cd57da3616e4",2026-09-07T13:44:02.614623+00:00,existing
ca5d1cc9-c662-40e8-a39d-eec63dd29ef5,"https://quod.lib.umich.edu/c/clark1ic/x-002879869/39015091198484|https://quod.lib.umich.edu/cgi/i/image/api/search/clark1ic:002879869|oai:quod.lib.umich.edu:IC-CLARK1IC-X-002879869%5D39015091198484|http://name.umdl.umich.edu/IC-CLARK1IC-X-002879869%5D39015091198484|https://quod.lib.umich.edu/cgi/i/image/api/thumb/clark1ic/002879869/39015091198484/!250,250|https://quod.lib.umich.edu/cgi/i/image/api/manifest/clark1ic:002879869:39015091198484|002879869; ca5d1cc9-c662-40e8-a39d-eec63dd29ef5",2026-09-07T13:44:02.614654+00:00,existing
cab9b992-720c-491f-a5b1-68924a381683,"https://quod.lib.umich.edu/c/clark1ic/x-005760356/39015091186026|https://quod.lib.umich.edu/cgi/i/image/api/search/clark1ic:005760356|oai:quod.lib.umich.edu:IC-CLARK1IC-X-005760356%5D39015091186026|http://name.umdl.umich.edu/IC-CLARK1IC-X-005760356%5D39015091186026|https://quod.lib.umich.edu/cgi/i/image/api/thumb/clark1ic/005760356/39015091186026/!250,250|https://quod.lib.umich.edu/cgi/i/image/api/manifest/clark1ic:005760356:39015091186026|005760356; cab9b992-720c-491f-a5b1-68924a381683",2026-09-07T13:44:02.614684+00:00,existing
cae01d9d-12d4-4c83-b991-ced46313b361,"https://quod.lib.umich.edu/c/clark1ic/x-002564188/39015091911167|https://quod.lib.umich.edu/cgi/i/image/api/search/clark1ic:002564188|oai:quod.lib.umich.edu:IC-CLARK1IC-X-002564188%5D39015091911167|http://name.umdl.umich.edu/IC-CLARK1IC-X-002564188%5D39015091911167|https://quod.lib.umich.edu/cgi/i/image/api/thumb/clark1ic/002564188/39015091911167/!250,250|https://quod.lib.umich.edu/cgi/i/image/api/manifest/clark1ic:002564188:39015091911167|002564188; cae01d9d-12d4-4c83-b991-ced46313b361",2026-09-07T13:44:02.614714+00:00,existing
cb6a4ae5-c81c-41f1-997d-d742f56f5f6a,"https://quod.lib.umich.edu/c/clark1ic/x-010348284/39015091191737_01|https://quod.lib.umich.edu/cgi/i/image/api/search/clark1ic:010348284|oai:quod.lib.umich.edu:IC-CLARK1IC-X-010348284%5D39015091191737_01|http://name.umdl.umich.edu/IC-CLARK1IC-X-010348284%5D39015091191737_01|https://quod.lib.umich.edu/cgi/i/image/api/thumb/clark1ic/010348284/39015091191737_01/!250,250|https://quod.lib.umich.edu/cgi/i/image/api/manifest/clark1ic:010348284:39015091191737_01|010348284; cb6a4ae5-c81c-41f1-997d-d742f56f5f6a|oai:quod.lib.umich.edu:IC-CLARK1IC-X-010348284%5D39015091191737_02|http://name.umdl.umich.edu/IC-CLARK1IC-X-010348284%5D39015091191737_02|https://quod.lib.umich.edu/cgi/i/image/api/thumb/clark1ic/010348284/39015091191737_02/!250,250|https://quod.lib.umich.edu/cgi/i/image/api/manifest/clark1ic:010348284:39015091191737_02",2026-09-07T13:44:02.614758+00:00,existing
cb6ff51c-c78a-4ce2-b09d-734915eebdbc,"https://quod.lib.umich.edu/c/clark1ic/x-003557875/39015091880594|https://quod.lib.umich.edu/cgi/i/image/api/search/clark1ic:003557875|oai:quod.lib.umich.edu:IC-CLARK1IC-X-003557875%5D39015091880594|http://name.umdl.umich.edu/IC-CLARK1IC-X-003557875%5D39015091880594|https://quod.lib.umich.edu/cgi/i/image/api/thumb/clark1ic/003557875/39015091880594/!250,250|https://quod.lib.umich.edu/cgi/i/image/api/manifest/clark1ic:003557875:39015091880594|003557875; cb6ff51c-c78a-4ce2-b09d-734915eebdbc",2026-09-07T13:44:02.614791+00:00,existing
cbe45e1f-d11d-4352-ac09-da2997f8244b,"https://quod.lib.umich.edu/c/clark1ic/x-000081883/39015091897853_01|https://quod.lib.umich.edu/cgi/i/image/api/search/clark1ic:000081883|oai:quod.lib.umich.edu:IC-CLARK1IC-X-000081883%5D39015091897853_01|http://name.umdl.umich.edu/IC-CLARK1IC-X-000081883%5D39015091897853_01|https://quod.lib.umich.edu/cgi/i/image/api/thumb/clark1ic/000081883/39015091897853_01/!250,250|https://quod.lib.umich.edu/cgi/i/image/api/manifest/clark1ic:000081883:39015091897853_01|000081883; cbe45e1f-d11d-4352-ac09-da2997f8244b|oai:quod.lib.umich.edu:IC-CLARK1IC-X-000081883%5D39015091897853_02|http://name.umdl.umich.edu/IC-CLARK1IC-X-000081883%5D39015091897853_02|https://quod.lib.umich.edu/cgi/i/image/api/thumb/clark1ic/000081883/39015091897853_02/!250,250|https://quod.lib.umich.edu/cgi/i/image/api/manifest/clark1ic:000081883:39015091897853_02|oai:quod.lib.umich.edu:IC-CLARK1IC-X-000081883%5D39015091897861|http://name.umdl.umich.edu/IC-CLARK1IC-X-000081883%5D39015091897861|https://quod.lib.umich.edu/cgi/i/image/api/thumb/clark1ic/000081883/39015091897861/!250,250|https://quod.lib.umich.edu/cgi/i/image/api/manifest/clark1ic:000081883:39015091897861",2026-09-07T13:44:02.614848+00:00,existing
ccd287ee-6286-48e9-b0ce-d0f5a298602e,"https://quod.lib.umich.edu/c/clark1ic/x-010349190/39015091192255_01|https://quod.lib.umich.edu/cgi/i/image/api/search/clark1ic:010349190|oai:quod.lib.umich.edu:IC-CLARK1IC-X-010349190%5D39015091192255_01|http://name.umdl.umich.edu/IC-CLARK1IC-X-010349190%5D39015091192255_01|https://quod.lib.umich.edu/cgi/i/image/api/thumb/clark1ic/010349190/39015091192255_01/!250,250|https://quod.lib.umich.edu/cgi/i/image/api/manifest/clark1ic:010349190:39015091192255_01|010349190; ccd287ee-6286-48e9-b0ce-d0f5a298602e|oai:quod.lib.umich.edu:IC-CLARK1IC-X-010349190%5D39015091192255_02|http://name.umdl.umich.edu/IC-CLARK1IC-X-010349190%5D39015091192255_02|https://quod.lib.umich.edu/cgi/i/image/api/thumb/clark1ic/010349190/39015091192255_02/!250,250|https://quod.lib.umich.edu/cgi/i/image/api/manifest/clark1ic:010349190:39015091192255_02",2026-09-07T13:44:02.614892+00:00,existing
ccf52c79-0717-4a37-a0a9-a44ce55595eb,https://quod.lib.umich.edu/c/clark1ic/x-004076025/39015091191216_01|https://quod.lib.umich.edu/cgi/i/image/api/search/clark1ic:004076025,2026-09-07T13:44:02.614907+00:00,existing
cd016711-c18f-4f72-afd7-46d3405ed43f,"https://quod.lib.umich.edu/c/clark1ic/x-008393059/39015091916430|https://quod.lib.umich.edu/cgi/i/image/api/search/clark1ic:008393059|oai:quod.lib.umich.edu:IC-CLARK1IC-X-008393059%5D39015091916430|http://name.umdl.umich.edu/IC-CLARK1IC-X-008393059%5D39015091916430|https://quod.lib.umich.edu/cgi/i/image/api/thumb/clark1ic/008393059/39015091916430/!250,250|https://quod.lib.umich.edu/cgi/i/image/api/manifest/clark1ic:008393059:39015091916430|008393059; cd016711-c18f-4f72-afd7-46d3405ed43f",2026-09-07T13:44:02.614938+00:00,existing
cd0c01f2-2983-4942-a6c2-b2678bf317ed,"https://quod.lib.umich.edu/c/clark1ic/x-004728297/39015091198195|https://quod.lib.umich.edu/cgi/i/image/api/search/clark1ic:004728297|oai:quod.lib.umich.edu:IC-CLARK1IC-X-004728297%5D39015091198195|http://name.umdl.umich.edu/IC-CLARK1IC-X-004728297%5D39015091198195|https://quod.lib.umich.edu/cgi/i/image/api/thumb/clark1ic/004728297/39015091198195/!250,250|https://quod.lib.umich.edu/cgi/i/image/api/manifest/clark1ic:004728297:39015091198195|004728297; cd0c01f2-2983-4942-a6c2-b2678bf317ed|oai:quod.lib.umich.edu:IC-CLARK1IC-X-004728297%5D39015091198203|http://name.umdl.umich.edu/IC-CLARK1IC-X-004728297%5D39015091198203|https://quod.lib.umich.edu/cgi/i/image/api/thumb/clark1ic/004728297/39015091198203/!250,250|https://quod.lib.umich.edu/cgi/i/image/api/manifest/clark1ic:004728297:39015091198203",2026-09-07T13:44:02.614981+00:00,existing
cd8c0f69-43b9-4038-834f-eb775796a06f,"https://quod.lib.umich.edu/c/clark1ic/x-004728211/39015049939666_01|https://quod.lib.umich.edu/cgi/i/image/api/search/clark1ic:004728211|oai:quod.lib.umich.edu:IC-CLARK1IC-X-004728211%5D39015049939666_01|http://name.umdl.umich.edu/IC-CLARK1IC-X-004728211%5D39015049939666_01|https://quod.lib.umich.edu/cgi/i/image/api/thumb/clark1ic/004728211/39015049939666_01/!250,250|https://quod.lib.umich.edu/cgi/i/image/api/manifest/clark1ic:004728211:39015049939666_01|004728211; cd8c0f69-43b9-4038-834f-eb775796a06f|oai:quod.lib.umich.edu:IC-CLARK1IC-X-004728211%5D39015049939666_02|http://name.umdl.umich.edu/IC-CLARK1IC-X-004728211%5D39015049939666_02|https://quod.lib.umich.edu/cgi/i/image/api/thumb/clark1ic/004728211/39015049939666_02/!250,250|https://quod.lib.umich.edu/cgi/i/image/api/manifest/clark1ic:004728211:39015049939666_02",2026-09-07T13:44:02.615025+00:00,existing
cd99b011-099f-42e1-82be-c8619ab1c7fb,"https://quod.lib.umich.edu/c/clark1ic/x-007024362/39015091910219|https://quod.lib.umich.edu/cgi/i/image/api/search/clark1ic:007024362|oai:quod.lib.umich.edu:IC-CLARK1IC-X-007024362%5D39015091910219|http://name.umdl.umich.edu/IC-CLARK1IC-X-007024362%5D39015091910219|https://quod.lib.umich.edu/cgi/i/image/api/thumb/clark1ic/007024362/39015091910219/!250,250|https://quod.lib.umich.edu/cgi/i/image/api/manifest/clark1ic:007024362:39015091910219|007024362; cd99b011-099f-42e1-82be-c8619ab1c7fb|oai:quod.lib.umich.edu:IC-CLARK1IC-X-007024362%5D39015091910227|http://name.umdl.umich.edu/IC-CLARK1IC-X-007024362%5D39015091910227|https://quod.lib.umich.edu/cgi/i/image/api/thumb/clark1ic/007024362/39015091910227/!250,250|https://quod.lib.umich.edu/cgi/i/image/api/manifest/clark1ic:007024362:39015091910227",2026-09-07T13:44:02.615070+00:00,existing
cd9e569e-c6e2-4662-bc0e-c679356a98e5,"https://quod.lib.umich.edu/c/clark1ic/x-004259592/39015091191166_01|https://quod.lib.umich.edu/cgi/i/image/api/search/clark1ic:004259592|oai:quod.lib.umich.edu:IC-CLARK1IC-X-004259592%5D39015091191166_01|http://name.umdl.umich.edu/IC-CLARK1IC-X-004259592%5D39015091191166_01|https://quod.lib.umich.edu/cgi/i/image/api/thumb/clark1ic/004259592/39015091191166_01/!250,250|https://quod.lib.umich.edu/cgi/i/image/api/manifest/clark1ic:004259592:39015091191166_01|004259592; cd9e569e-c6e2-4662-bc0e-c679356a98e5",2026-09-07T13:44:02.615101+00:00,existing
cda7ded8-2865-4498-886a-ec63e310ccf3,https://quod.lib.umich.edu/c/clark1ic/x-010348362/39015091191893_01|https://quod.lib.umich.edu/cgi/i/image/api/search/clark1ic:010348362,2026-09-07T13:44:02.615116+00:00,existing
cdc3bd83-eea6-4dc4-b7ab-3194900f535f,"https://quod.lib.umich.edu/c/clark1ic/x-012523804/39015091191398_01|https://quod.lib.umich.edu/cgi/i/image/api/search/clark1ic:012523804|oai:quod.lib.umich.edu:IC-CLARK1IC-X-012523804%5D39015091191398_01|http://name.umdl.umich.edu/IC-CLARK1IC-X-012523804%5D39015091191398_01|https://quod.lib.umich.edu/cgi/i/image/api/thumb/clark1ic/012523804/39015091191398_01/!250,250|https://quod.lib.umich.edu/cgi/i/image/api/manifest/clark1ic:012523804:39015091191398_01|012523804; cdc3bd83-eea6-4dc4-b7ab-3194900f535f|oai:quod.lib.umich.edu:IC-CLARK1IC-X-012523804%5D39015091191398_02|http://name.umdl.umich.edu/IC-CLARK1IC-X-012523804%5D39015091191398_02|https://quod.lib.umich.edu/cgi/i/image/api/thumb/clark1ic/012523804/39015091191398_02/!250,250|https://quod.lib.umich.edu/cgi/i/image/api/manifest/clark1ic:012523804:39015091191398_02",2026-09-07T13:44:02.615161+00:00,existing
cdde7b3b-c18b-4ddb-ba57-e40af8f1e805,"https://quod.lib.umich.edu/c/clark1ic/x-001293820/39015095388834|https://quod.lib.umich.edu/cgi/i/image/api/search/clark1ic:001293820|oai:quod.lib.umich.edu:IC-CLARK1IC-X-001293820%5D39015095388834|http://name.umdl.umich.edu/IC-CLARK1IC-X-001293820%5D39015095388834|https://quod.lib.umich.edu/cgi/i/image/api/thumb/clark1ic/001293820/39015095388834/!250,250|https://quod.lib.umich.edu/cgi/i/image/api/manifest/clark1ic:001293820:39015095388834|001293820; cdde7b3b-c18b-4ddb-ba57-e40af8f1e805",2026-09-07T13:44:02.615193+00:00,existing
ce0c51f6-7055-476f-9627-fa95be6019aa,"https://quod.lib.umich.edu/c/clark1ic/x-003188153/39015049936647|https://quod.lib.umich.edu/cgi/i/image/api/search/clark1ic:003188153|oai:quod.lib.umich.edu:IC-CLARK1IC-X-003188153%5D39015049936647|http://name.umdl.umich.edu/IC-CLARK1IC-X-003188153%5D39015049936647|https://quod.lib.umich.edu/cgi/i/image/api/thumb/clark1ic/003188153/39015049936647/!250,250|https://quod.lib.umich.edu/cgi/i/image/api/manifest/clark1ic:003188153:39015049936647|003188153; ce0c51f6-7055-476f-9627-fa95be6019aa",2026-09-07T13:44:02.615229+00:00,existing
ced868c7-92db-4060-9b2c-03aa8b0ae807,"https://quod.lib.umich.edu/c/clark1ic/x-003102807/39015091183551|https://quod.lib.umich.edu/cgi/i/image/api/search/clark1ic:003102807|oai:quod.lib.umich.edu:IC-CLARK1IC-X-003102807%5D39015091183551|http://name.umdl.umich.edu/IC-CLARK1IC-X-003102807%5D39015091183551|https://quod.lib.umich.edu/cgi/i/image/api/thumb/clark1ic/003102807/39015091183551/!250,250|https://quod.lib.umich.edu/cgi/i/image/api/manifest/clark1ic:003102807:39015091183551|003102807; ced868c7-92db-4060-9b2c-03aa8b0ae807",2026-09-07T13:44:02.615262+00:00,existing
cf02b259-fa66-4909-ba22-d34ab0d23c61,"https://quod.lib.umich.edu/c/clark1ic/x-003288137/39015091914427|https://quod.lib.umich.edu/cgi/i/image/api/search/clark1ic:003288137|oai:quod.lib.umich.edu:IC-CLARK1IC-X-003288137%5D39015091914427|http://name.umdl.umich.edu/IC-CLARK1IC-X-003288137%5D39015091914427|https://quod.lib.umich.edu/cgi/i/image/api/thumb/clark1ic/003288137/39015091914427/!250,250|https://quod.lib.umich.edu/cgi/i/image/api/manifest/clark1ic:003288137:39015091914427|003288137; cf02b259-fa66-4909-ba22-d34ab0d23c61",2026-09-07T13:44:02.615297+00:00,existing
cf0aad24-c644-4334-bbfa-e8797a35438d,"https://quod.lib.umich.edu/c/clark1ic/x-001291870/39015091899396_01|https://quod.lib.umich.edu/cgi/i/image/api/search/clark1ic:001291870|oai:quod.lib.umich.edu:IC-CLARK1IC-X-001291870%5D39015091899396_01|http://name.umdl.umich.edu/IC-CLARK1IC-X-001291870%5D39015091899396_01|https://quod.lib.umich.edu/cgi/i/image/api/thumb/clark1ic/001291870/39015091899396_01/!250,250|https://quod.lib.umich.edu/cgi/i/image/api/manifest/clark1ic:001291870:39015091899396_01|001291870; cf0aad24-c644-4334-bbfa-e8797a35438d|oai:quod.lib.umich.edu:IC-CLARK1IC-X-001291870%5D39015091899396_02|http://name.umdl.umich.edu/IC-CLARK1IC-X-001291870%5D39015091899396_02|https://quod.lib.umich.edu/cgi/i/image/api/thumb/clark1ic/001291870/39015091899396_02/!250,250|https://quod.lib.umich.edu/cgi/i/image/api/manifest/clark1ic:001291870:39015091899396_02",2026-09-07T13:44:02.615340+00:00,existing
cf3d9909-9312-4631-99ed-ea828c6ffe7e,"https://quod.lib.umich.edu/c/clark1ic/x-012525588/39015091192479_01|https://quod.lib.umich.edu/cgi/i/image/api/search/clark1ic:012525588|oai:quod.lib.umich.edu:IC-CLARK1IC-X-012525588%5D39015091192479_01|http://name.umdl.umich.edu/IC-CLARK1IC-X-012525588%5D39015091192479_01|https://quod.lib.umich.edu/cgi/i/image/api/thumb/clark1ic/012525588/39015091192479_01/!250,250|https://quod.lib.umich.edu/cgi/i/image/api/manifest/clark1ic:012525588:39015091192479_01|012525588; cf3d9909-9312-4631-99ed-ea828c6ffe7e|oai:quod.lib.umich.edu:IC-CLARK1IC-X-012525588%5D39015091192479_02|http://name.umdl.umich.edu/IC-CLARK1IC-X-012525588%5D39015091192479_02|https://quod.lib.umich.edu/cgi/i/image/api/thumb/clark1ic/012525588/39015091192479_02/!250,250|https://quod.lib.umich.edu/cgi/i/image/api/manifest/clark1ic:012525588:39015091192479_02",2026-09-07T13:44:02.615390+00:00,existing
cf433f65-400e-4eda-871a-7def3e1a22be,"https://quod.lib.umich.edu/c/clark1ic/x-000887582/39015091921653_01|https://quod.lib.umich.edu/cgi/i/image/api/search/clark1ic:000887582|oai:quod.lib.umich.edu:IC-CLARK1IC-X-000887582%5D39015091921653_01|http://name.umdl.umich.edu/IC-CLARK1IC-X-000887582%5D39015091921653_01|https://quod.lib.umich.edu/cgi/i/image/api/thumb/clark1ic/000887582/39015091921653_01/!250,250|https://quod.lib.umich.edu/cgi/i/image/api/manifest/clark1ic:000887582:39015091921653_01|000887582; cf433f65-400e-4eda-871a-7def3e1a22be|oai:quod.lib.umich.edu:IC-CLARK1IC-X-000887582%5D39015091921653_02|http://name.umdl.umich.edu/IC-CLARK1IC-X-000887582%5D39015091921653_02|https://quod.lib.umich.edu/cgi/i/image/api/thumb/clark1ic/000887582/39015091921653_02/!250,250|https://quod.lib.umich.edu/cgi/i/image/api/manifest/clark1ic:000887582:39015091921653_02|oai:quod.lib.umich.edu:IC-CLARK1IC-X-000887582%5D39015091921653_03|http://name.umdl.umich.edu/IC-CLARK1IC-X-000887582%5D39015091921653_03|https://quod.lib.umich.edu/cgi/i/image/api/thumb/clark1ic/000887582/39015091921653_03/!250,250|https://quod.lib.umich.edu/cgi/i/image/api/manifest/clark1ic:000887582:39015091921653_03",2026-09-07T13:44:02.615451+00:00,existing
cfb96666-3a09-4db6-9a9a-24036415a252,"https://quod.lib.umich.edu/c/clark1ic/x-003142772/39015091921422_01|https://quod.lib.umich.edu/cgi/i/image/api/search/clark1ic:003142772|oai:quod.lib.umich.edu:IC-CLARK1IC-X-003142772%5D39015091921422_01|http://name.umdl.umich.edu/IC-CLARK1IC-X-003142772%5D39015091921422_01|https://quod.lib.umich.edu/cgi/i/image/api/thumb/clark1ic/003142772/39015091921422_01/!250,250|https://quod.lib.umich.edu/cgi/i/image/api/manifest/clark1ic:003142772:39015091921422_01|003142772; cfb96666-3a09-4db6-9a9a-24036415a252|oai:quod.lib.umich.edu:IC-CLARK1IC-X-003142772%5D39015091921422_02|http://name.umdl.umich.edu/IC-CLARK1IC-X-003142772%5D39015091921422_02|https://quod.lib.umich.edu/cgi/i/image/api/thumb/clark1ic/003142772/39015091921422_02/!250,250|https://quod.lib.umich.edu/cgi/i/image/api/manifest/clark1ic:003142772:39015091921422_02|oai:quod.lib.umich.edu:IC-CLARK1IC-X-003142772%5D39015091921422_03|http://name.umdl.umich.edu/IC-CLARK1IC-X-003142772%5D39015091921422_03|https://quod.lib.umich.edu/cgi/i/image/api/thumb/clark1ic/003142772/39015091921422_03/!250,250|https://quod.lib.umich.edu/cgi/i/image/api/manifest/clark1ic:003142772:39015091921422_03|oai:quod.lib.umich.edu:IC-CLARK1IC-X-003142772%5D39015091921422_04|http://name.umdl.umich.edu/IC-CLARK1IC-X-003142772%5D39015091921422_04|https://quod.lib.umich.edu/cgi/i/image/api/thumb/clark1ic/003142772/39015091921422_04/!250,250|https://quod.lib.umich.edu/cgi/i/image/api/manifest/clark1ic:003142772:39015091921422_04|oai:quod.lib.umich.edu:IC-CLARK1IC-X-003142772%5D39015091921422_05|http://name.umdl.umich.edu/IC-CLARK1IC-X-003142772%5D39015091921422_05|https://quod.lib.umich.edu/cgi/i/image/api/thumb/clark1ic/003142772/39015091921422_05/!250,250|https://quod.lib.umich.edu/cgi/i/image/api/manifest/clark1ic:003142772:39015091921422_05",2026-09-07T13:44:02.615544+00:00,existing
cfd9d93a-d0d7-4639-9859-6caf4cb871b9,"https://quod.lib.umich.edu/c/clark1ic/x-002881152/39015091887003_01|https://quod.lib.umich.edu/cgi/i/image/api/search/clark1ic:002881152|oai:quod.lib.umich.edu:IC-CLARK1IC-X-002881152%5D39015091887003_01|http://name.umdl.umich.edu/IC-CLARK1IC-X-002881152%5D39015091887003_01|https://quod.lib.umich.edu/cgi/i/image/api/thumb/clark1ic/002881152/39015091887003_01/!250,250|https://quod.lib.umich.edu/cgi/i/image/api/manifest/clark1ic:002881152:39015091887003_01|002881152; cfd9d93a-d0d7-4639-9859-6caf4cb871b9|oai:quod.lib.umich.edu:IC-CLARK1IC-X-002881152%5D39015091887003_02|http://name.umdl.umich.edu/IC-CLARK1IC-X-002881152%5D39015091887003_02|https://quod.lib.umich.edu/cgi/i/image/api/thumb/clark1ic/002881152/39015091887003_02/!250,250|https://quod.lib.umich.edu/cgi/i/image/api/manifest/clark1ic:002881152:39015091887003_02",2026-09-07T13:44:02.615593+00:00,existing
d02ef830-7d72-4ec8-804e-1ff4b2f595ac,"https://quod.lib.umich.edu/c/clark1ic/x-003539044/39015091192461_01|https://quod.lib.umich.edu/cgi/i/image/api/search/clark1ic:003539044|oai:quod.lib.umich.edu:IC-CLARK1IC-X-003539044%5D39015091192461_01|http://name.umdl.umich.edu/IC-CLARK1IC-X-003539044%5D39015091192461_01|https://quod.lib.umich.edu/cgi/i/image/api/thumb/clark1ic/003539044/39015091192461_01/!250,250|https://quod.lib.umich.edu/cgi/i/image/api/manifest/clark1ic:003539044:39015091192461_01|003539044; d02ef830-7d72-4ec8-804e-1ff4b2f595ac",2026-09-07T13:44:02.615627+00:00,existing
d0b08401-4b5e-4011-9cd7-e8fb59266f87,"https://quod.lib.umich.edu/c/clark1ic/x-003286687/39015091883531|https://quod.lib.umich.edu/cgi/i/image/api/search/clark1ic:003286687|oai:quod.lib.umich.edu:IC-CLARK1IC-X-003286687%5D39015091883531|http://name.umdl.umich.edu/IC-CLARK1IC-X-003286687%5D39015091883531|https://quod.lib.umich.edu/cgi/i/image/api/thumb/clark1ic/003286687/39015091883531/!250,250|https://quod.lib.umich.edu/cgi/i/image/api/manifest/clark1ic:003286687:39015091883531|003286687; d0b08401-4b5e-4011-9cd7-e8fb59266f87",2026-09-07T13:44:02.615670+00:00,existing
d17ae0f0-21df-4da1-b24d-179fa295b562,"https://quod.lib.umich.edu/c/clark1ic/x-003287778/39015091887854|https://quod.lib.umich.edu/cgi/i/image/api/search/clark1ic:003287778|oai:quod.lib.umich.edu:IC-CLARK1IC-X-003287778%5D39015091887854|http://name.umdl.umich.edu/IC-CLARK1IC-X-003287778%5D39015091887854|https://quod.lib.umich.edu/cgi/i/image/api/thumb/clark1ic/003287778/39015091887854/!250,250|https://quod.lib.umich.edu/cgi/i/image/api/manifest/clark1ic:003287778:39015091887854|003287778; d17ae0f0-21df-4da1-b24d-179fa295b562",2026-09-07T13:44:02.615712+00:00,existing
d1970c2d-e255-4ea8-9d85-263654f749d8,"https://quod.lib.umich.edu/c/clark1ic/x-010348414/39015091191679_01|https://quod.lib.umich.edu/cgi/i/image/api/search/clark1ic:010348414|oai:quod.lib.umich.edu:IC-CLARK1IC-X-010348414%5D39015091191679_01|http://name.umdl.umich.edu/IC-CLARK1IC-X-010348414%5D39015091191679_01|https://quod.lib.umich.edu/cgi/i/image/api/thumb/clark1ic/010348414/39015091191679_01/!250,250|https://quod.lib.umich.edu/cgi/i/image/api/manifest/clark1ic:010348414:39015091191679_01|010348414; d1970c2d-e255-4ea8-9d85-263654f749d8|oai:quod.lib.umich.edu:IC-CLARK1IC-X-010348414%5D39015091191679_02|http://name.umdl.umich.edu/IC-CLARK1IC-X-010348414%5D39015091191679_02|https://quod.lib.umich.edu/cgi/i/image/api/thumb/clark1ic/010348414/39015091191679_02/!250,250|https://quod.lib.umich.edu/cgi/i/image/api/manifest/clark1ic:010348414:39015091191679_02",2026-09-07T13:44:02.615765+00:00,existing
d2449483-765a-44fc-93f2-12b4b974890c,"https://quod.lib.umich.edu/c/clark1ic/x-003285240/39015091883549|https://quod.lib.umich.edu/cgi/i/image/api/search/clark1ic:003285240|oai:quod.lib.umich.edu:IC-CLARK1IC-X-003285240%5D39015091883549|http://name.umdl.umich.edu/IC-CLARK1IC-X-003285240%5D39015091883549|https://quod.lib.umich.edu/cgi/i/image/api/thumb/clark1ic/003285240/39015091883549/!250,250|https://quod.lib.umich.edu/cgi/i/image/api/manifest/clark1ic:003285240:39015091883549|003285240; d2449483-765a-44fc-93f2-12b4b974890c",2026-09-07T13:44:02.615801+00:00,existing
d260722a-2ace-4143-99fb-f53029e21397,"https://quod.lib.umich.edu/c/clark1ic/x-001552267/39015091897309|https://quod.lib.umich.edu/cgi/i/image/api/search/clark1ic:001552267|oai:quod.lib.umich.edu:IC-CLARK1IC-X-001552267%5D39015091897309|http://name.umdl.umich.edu/IC-CLARK1IC-X-001552267%5D39015091897309|https://quod.lib.umich.edu/cgi/i/image/api/thumb/clark1ic/001552267/39015091897309/!250,250|https://quod.lib.umich.edu/cgi/i/image/api/manifest/clark1ic:001552267:39015091897309|001552267; d260722a-2ace-4143-99fb-f53029e21397",2026-09-07T13:44:02.615832+00:00,existing
d2cd7f62-fa44-4e91-9dba-eaf2a0b97572,"https://quod.lib.umich.edu/c/clark1ic/x-013711646/39015091898794|https://quod.lib.umich.edu/cgi/i/image/api/search/clark1ic:013711646|oai:quod.lib.umich.edu:IC-CLARK1IC-X-013711646%5D39015091898794|http://name.umdl.umich.edu/IC-CLARK1IC-X-013711646%5D39015091898794|https://quod.lib.umich.edu/cgi/i/image/api/thumb/clark1ic/013711646/39015091898794/!250,250|https://quod.lib.umich.edu/cgi/i/image/api/manifest/clark1ic:013711646:39015091898794|013711646; d2cd7f62-fa44-4e91-9dba-eaf2a0b97572",2026-09-07T13:44:02.615863+00:00,existing
d2d15fec-66b4-4896-bee8-b063d388d481,"https://quod.lib.umich.edu/c/clark1ic/x-012525283/39015095391010|https://quod.lib.umich.edu/cgi/i/image/api/search/clark1ic:012525283|oai:quod.lib.umich.edu:IC-CLARK1IC-X-012525283%5D39015095391010|http://name.umdl.umich.edu/IC-CLARK1IC-X-012525283%5D39015095391010|https://quod.lib.umich.edu/cgi/i/image/api/thumb/clark1ic/012525283/39015095391010/!250,250|https://quod.lib.umich.edu/cgi/i/image/api/manifest/clark1ic:012525283:39015095391010|012525283; d2d15fec-66b4-4896-bee8-b063d388d481",2026-09-07T13:44:02.615893+00:00,existing
d2f89f62-0f7b-4dd5-9bbe-2d4e410eed83,"https://quod.lib.umich.edu/c/clark1ic/x-009449625/39015091186554|https://quod.lib.umich.edu/cgi/i/image/api/search/clark1ic:009449625|oai:quod.lib.umich.edu:IC-CLARK1IC-X-009449625%5D39015091186554|http://name.umdl.umich.edu/IC-CLARK1IC-X-009449625%5D39015091186554|https://quod.lib.umich.edu/cgi/i/image/api/thumb/clark1ic/009449625/39015091186554/!250,250|https://quod.lib.umich.edu/cgi/i/image/api/manifest/clark1ic:009449625:39015091186554|009449625; d2f89f62-0f7b-4dd5-9bbe-2d4e410eed83",2026-09-07T13:44:02.615924+00:00,existing
d32cfc53-7365-4e8c-8cda-2984b6a4ee94,"https://quod.lib.umich.edu/c/clark1ic/x-004914970/39015091888266|https://quod.lib.umich.edu/cgi/i/image/api/search/clark1ic:004914970|oai:quod.lib.umich.edu:IC-CLARK1IC-X-004914970%5D39015091888266|http://name.umdl.umich.edu/IC-CLARK1IC-X-004914970%5D39015091888266|https://quod.lib.umich.edu/cgi/i/image/api/thumb/clark1ic/004914970/39015091888266/!250,250|https://quod.lib.umich.edu/cgi/i/image/api/manifest/clark1ic:004914970:39015091888266|004914970; d32cfc53-7365-4e8c-8cda-2984b6a4ee94|oai:quod.lib.umich.edu:IC-CLARK1IC-X-004914970%5D39015091888274|http://name.umdl.umich.edu/IC-CLARK1IC-X-004914970%5D39015091888274|https://quod.lib.umich.edu/cgi/i/image/api/thumb/clark1ic/004914970/39015091888274/!250,250|https://quod.lib.umich.edu/cgi/i/image/api/manifest/clark1ic:004914970:39015091888274|oai:quod.lib.umich.edu:IC-CLARK1IC-X-004914970%5D39015091888282|http://name.umdl.umich.edu/IC-CLARK1IC-X-004914970%5D39015091888282|https://quod.lib.umich.edu/cgi/i/image/api/thumb/clark1ic/004914970/39015091888282/!250,250|https://quod.lib.umich.edu/cgi/i/image/api/manifest/clark1ic:004914970:39015091888282|oai:quod.lib.umich.edu:IC-CLARK1IC-X-004914970%5D39015091888290|http://name.umdl.umich.edu/IC-CLARK1IC-X-004914970%5D39015091888290|https://quod.lib.umich.edu/cgi/i/image/api/thumb/clark1ic/004914970/39015091888290/!250,250|https://quod.lib.umich.edu/cgi/i/image/api/manifest/clark1ic:004914970:39015091888290",2026-09-07T13:44:02.615991+00:00,existing
d332fc1f-8d22-4563-b129-6749a25a4ff8,"https://quod.lib.umich.edu/c/clark1ic/x-012523589/39015091193881_01|https://quod.lib.umich.edu/cgi/i/image/api/search/clark1ic:012523589|oai:quod.lib.umich.edu:IC-CLARK1IC-X-012523589%5D39015091193881_01|http://name.umdl.umich.edu/IC-CLARK1IC-X-012523589%5D39015091193881_01|https://quod.lib.umich.edu/cgi/i/image/api/thumb/clark1ic/012523589/39015091193881_01/!250,250|https://quod.lib.umich.edu/cgi/i/image/api/manifest/clark1ic:012523589:39015091193881_01|012523589; d332fc1f-8d22-4563-b129-6749a25a4ff8|oai:quod.lib.umich.edu:IC-CLARK1IC-X-012523589%5D39015091193881_02|http://name.umdl.umich.edu/IC-CLARK1IC-X-012523589%5D39015091193881_02|https://quod.lib.umich.edu/cgi/i/image/api/thumb/clark1ic/012523589/39015091193881_02/!250,250|https://quod.lib.umich.edu/cgi/i/image/api/manifest/clark1ic:012523589:39015091193881_02",2026-09-07T13:44:02.616042+00:00,existing
d33c5267-3839-41fb-8a90-79f5081ddebf,"https://quod.lib.umich.edu/c/clark1ic/x-010328793/39015091911092|https://quod.lib.umich.edu/cgi/i/image/api/search/clark1ic:010328793|oai:quod.lib.umich.edu:IC-CLARK1IC-X-010328793%5D39015091911092|http://name.umdl.umich.edu/IC-CLARK1IC-X-010328793%5D39015091911092|https://quod.lib.umich.edu/cgi/i/image/api/thumb/clark1ic/010328793/39015091911092/!250,250|https://quod.lib.umich.edu/cgi/i/image/api/manifest/clark1ic:010328793:39015091911092|010328793; d33c5267-3839-41fb-8a90-79f5081ddebf",2026-09-07T13:44:02.616077+00:00,existing
d3644c4e-9dbd-45fb-874e-f6d350a2333e,"https://quod.lib.umich.edu/c/clark1ic/x-000075281/39015049936746|https://quod.lib.umich.edu/cgi/i/image/api/search/clark1ic:000075281|oai:quod.lib.umich.edu:IC-CLARK1IC-X-000075281%5D39015049936746|http://name.umdl.umich.edu/IC-CLARK1IC-X-000075281%5D39015049936746|https://quod.lib.umich.edu/cgi/i/image/api/thumb/clark1ic/000075281/39015049936746/!250,250|https://quod.lib.umich.edu/cgi/i/image/api/manifest/clark1ic:000075281:39015049936746|000075281; d3644c4e-9dbd-45fb-874e-f6d350a2333e|oai:quod.lib.umich.edu:IC-CLARK1IC-X-000075281%5D39015049936761|http://name.umdl.umich.edu/IC-CLARK1IC-X-000075281%5D39015049936761|https://quod.lib.umich.edu/cgi/i/image/api/thumb/clark1ic/000075281/39015049936761/!250,250|https://quod.lib.umich.edu/cgi/i/image/api/manifest/clark1ic:000075281:39015049936761",2026-09-07T13:44:02.616119+00:00,existing
d37f90d6-10ca-41a9-ad54-fc74a3ea4df0,"https://quod.lib.umich.edu/c/clark1ic/x-009835015/39015091195662|https://quod.lib.umich.edu/cgi/i/image/api/search/clark1ic:009835015|oai:quod.lib.umich.edu:IC-CLARK1IC-X-009835015%5D39015091195662|http://name.umdl.umich.edu/IC-CLARK1IC-X-009835015%5D39015091195662|https://quod.lib.umich.edu/cgi/i/image/api/thumb/clark1ic/009835015/39015091195662/!250,250|https://quod.lib.umich.edu/cgi/i/image/api/manifest/clark1ic:009835015:39015091195662|009835015; d37f90d6-10ca-41a9-ad54-fc74a3ea4df0|oai:quod.lib.umich.edu:IC-CLARK1IC-X-009835015%5D39015091195944|http://name.umdl.umich.edu/IC-CLARK1IC-X-009835015%5D39015091195944|https://quod.lib.umich.edu/cgi/i/image/api/thumb/clark1ic/009835015/39015091195944/!250,250|https://quod.lib.umich.edu/cgi/i/image/api/manifest/clark1ic:009835015:39015091195944",2026-09-07T13:44:02.616162+00:00,existing
d38ae31f-b400-4fa4-aea8-3a95135244e2,"https://quod.lib.umich.edu/c/clark1ic/x-003284878/39015091191836_01|https://quod.lib.umich.edu/cgi/i/image/api/search/clark1ic:003284878|oai:quod.lib.umich.edu:IC-CLARK1IC-X-003284878%5D39015091191836_01|http://name.umdl.umich.edu/IC-CLARK1IC-X-003284878%5D39015091191836_01|https://quod.lib.umich.edu/cgi/i/image/api/thumb/clark1ic/003284878/39015091191836_01/!250,250|https://quod.lib.umich.edu/cgi/i/image/api/manifest/clark1ic:003284878:39015091191836_01|003284878; d38ae31f-b400-4fa4-aea8-3a95135244e2|oai:quod.lib.umich.edu:IC-CLARK1IC-X-003284878%5D39015091191836_02|http://name.umdl.umich.edu/IC-CLARK1IC-X-003284878%5D39015091191836_02|https://quod.lib.umich.edu/cgi/i/image/api/thumb/clark1ic/003284878/39015091191836_02/!250,250|https://quod.lib.umich.edu/cgi/i/image/api/manifest/clark1ic:003284878:39015091191836_02",2026-09-07T13:44:02.616205+00:00,existing
d405b32e-9e6a-4c75-8045-ebf2a8a8ce9c,"https://quod.lib.umich.edu/c/clark1ic/x-003284858/39015091186018|https://quod.lib.umich.edu/cgi/i/image/api/search/clark1ic:003284858|oai:quod.lib.umich.edu:IC-CLARK1IC-X-003284858%5D39015091186018|http://name.umdl.umich.edu/IC-CLARK1IC-X-003284858%5D39015091186018|https://quod.lib.umich.edu/cgi/i/image/api/thumb/clark1ic/003284858/39015091186018/!250,250|https://quod.lib.umich.edu/cgi/i/image/api/manifest/clark1ic:003284858:39015091186018|003284858; d405b32e-9e6a-4c75-8045-ebf2a8a8ce9c",2026-09-07T13:44:02.616237+00:00,existing
d44e7042-5dcf-47a1-b87d-afbd4b82d2da,"https://quod.lib.umich.edu/c/clark1ic/x-003279469/39015091192156_01|https://quod.lib.umich.edu/cgi/i/image/api/search/clark1ic:003279469|oai:quod.lib.umich.edu:IC-CLARK1IC-X-003279469%5D39015091192156_01|http://name.umdl.umich.edu/IC-CLARK1IC-X-003279469%5D39015091192156_01|https://quod.lib.umich.edu/cgi/i/image/api/thumb/clark1ic/003279469/39015091192156_01/!250,250|https://quod.lib.umich.edu/cgi/i/image/api/manifest/clark1ic:003279469:39015091192156_01|003279469; d44e7042-5dcf-47a1-b87d-afbd4b82d2da",2026-09-07T13:44:02.616267+00:00,existing
d48e4633-54db-4616-b77e-08604623dc01,"https://quod.lib.umich.edu/c/clark1ic/x-003281588/39015091191174_01|https://quod.lib.umich.edu/cgi/i/image/api/search/clark1ic:003281588|oai:quod.lib.umich.edu:IC-CLARK1IC-X-003281588%5D39015091191174_01|http://name.umdl.umich.edu/IC-CLARK1IC-X-003281588%5D39015091191174_01|https://quod.lib.umich.edu/cgi/i/image/api/thumb/clark1ic/003281588/39015091191174_01/!250,250|https://quod.lib.umich.edu/cgi/i/image/api/manifest/clark1ic:003281588:39015091191174_01|003281588; d48e4633-54db-4616-b77e-08604623dc01",2026-09-07T13:44:02.616298+00:00,existing
d4a1527b-f692-4a83-af9f-38b87e6a21d0,"https://quod.lib.umich.edu/c/clark1ic/x-003281427/39015091196512|https://quod.lib.umich.edu/cgi/i/image/api/search/clark1ic:003281427|oai:quod.lib.umich.edu:IC-CLARK1IC-X-003281427%5D39015091196512|http://name.umdl.umich.edu/IC-CLARK1IC-X-003281427%5D39015091196512|https://quod.lib.umich.edu/cgi/i/image/api/thumb/clark1ic/003281427/39015091196512/!250,250|https://quod.lib.umich.edu/cgi/i/image/api/manifest/clark1ic:003281427:39015091196512|003281427; d4a1527b-f692-4a83-af9f-38b87e6a21d0",2026-09-07T13:44:02.616328+00:00,existing
d516b839-1952-425b-8d87-3644c1042dd4,"https://quod.lib.umich.edu/c/clark1ic/x-003440177/39015091192495_01|https://quod.lib.umich.edu/cgi/i/image/api/search/clark1ic:003440177|oai:quod.lib.umich.edu:IC-CLARK1IC-X-003440177%5D39015091192495_01|http://name.umdl.umich.edu/IC-CLARK1IC-X-003440177%5D39015091192495_01|https://quod.lib.umich.edu/cgi/i/image/api/thumb/clark1ic/003440177/39015091192495_01/!250,250|https://quod.lib.umich.edu/cgi/i/image/api/manifest/clark1ic:003440177:39015091192495_01|003440177; d516b839-1952-425b-8d87-3644c1042dd4|oai:quod.lib.umich.edu:IC-CLARK1IC-X-003440177%5D39015091192495_02|http://name.umdl.umich.edu/IC-CLARK1IC-X-003440177%5D39015091192495_02|https://quod.lib.umich.edu/cgi/i/image/api/thumb/clark1ic/003440177/39015091192495_02/!250,250|https://quod.lib.umich.edu/cgi/i/image/api/manifest/clark1ic:003440177:39015091192495_02",2026-09-07T13:44:02.616371+00:00,existing
d5221d78-e27c-4344-80f8-06ae77eca3cf,"https://quod.lib.umich.edu/c/clark1ic/x-005247144/39015095421411_0001|https://quod.lib.umich.edu/cgi/i/image/api/search/clark1ic:005247144|oai:quod.lib.umich.edu:IC-CLARK1IC-X-005247144%5D39015095421411_0001|http://name.umdl.umich.edu/IC-CLARK1IC-X-005247144%5D39015095421411_0001|https://quod.lib.umich.edu/cgi/i/image/api/thumb/clark1ic/005247144/39015095421411_0001/!250,250|https://quod.lib.umich.edu/cgi/i/image/api/manifest/clark1ic:005247144:39015095421411_0001|005247144; d5221d78-e27c-4344-80f8-06ae77eca3cf",2026-09-07T13:44:02.616402+00:00,existing
d5b1b144-8edb-4a85-9e8f-1c694ef96c63,"https://quod.lib.umich.edu/c/clark1ic/x-004259593/39015091191380_01|https://quod.lib.umich.edu/cgi/i/image/api/search/clark1ic:004259593|oai:quod.lib.umich.edu:IC-CLARK1IC-X-004259593%5D39015091191380_01|http://name.umdl.umich.edu/IC-CLARK1IC-X-004259593%5D39015091191380_01|https://quod.lib.umich.edu/cgi/i/image/api/thumb/clark1ic/004259593/39015091191380_01/!250,250|https://quod.lib.umich.edu/cgi/i/image/api/manifest/clark1ic:004259593:39015091191380_01|004259593; d5b1b144-8edb-4a85-9e8f-1c694ef96c63",2026-09-07T13:44:02.616432+00:00,existing
d5b6d0c1-571d-4305-a3fc-4f3d3a9ab3cf,"https://quod.lib.umich.edu/c/clark1ic/x-002569136/39015095388818|https://quod.lib.umich.edu/cgi/i/image/api/search/clark1ic:002569136|oai:quod.lib.umich.edu:IC-CLARK1IC-X-002569136%5D39015095388818|http://name.umdl.umich.edu/IC-CLARK1IC-X-002569136%5D39015095388818|https://quod.lib.umich.edu/cgi/i/image/api/thumb/clark1ic/002569136/39015095388818/!250,250|https://quod.lib.umich.edu/cgi/i/image/api/manifest/clark1ic:002569136:39015095388818|002569136; d5b6d0c1-571d-4305-a3fc-4f3d3a9ab3cf",2026-09-07T13:44:02.616463+00:00,existing
d5dc6086-f6c6-4a94-a53a-8bf014b8f5d5,"https://quod.lib.umich.edu/c/clark1ic/x-002564770/39015091887250_01|https://quod.lib.umich.edu/cgi/i/image/api/search/clark1ic:002564770|oai:quod.lib.umich.edu:IC-CLARK1IC-X-002564770%5D39015091887250_01|http://name.umdl.umich.edu/IC-CLARK1IC-X-002564770%5D39015091887250_01|https://quod.lib.umich.edu/cgi/i/image/api/thumb/clark1ic/002564770/39015091887250_01/!250,250|https://quod.lib.umich.edu/cgi/i/image/api/manifest/clark1ic:002564770:39015091887250_01|002564770; d5dc6086-f6c6-4a94-a53a-8bf014b8f5d5|oai:quod.lib.umich.edu:IC-CLARK1IC-X-002564770%5D39015091887250_02|http://name.umdl.umich.edu/IC-CLARK1IC-X-002564770%5D39015091887250_02|https://quod.lib.umich.edu/cgi/i/image/api/thumb/clark1ic/002564770/39015091887250_02/!250,250|https://quod.lib.umich.edu/cgi/i/image/api/manifest/clark1ic:002564770:39015091887250_02",2026-09-07T13:44:02.616506+00:00,existing
d61c3fd0-95df-4d3e-9c00-f79bd07f7b02,"https://quod.lib.umich.edu/c/clark1ic/x-012543647/39015095390426|https://quod.lib.umich.edu/cgi/i/image/api/search/clark1ic:012543647|oai:quod.lib.umich.edu:IC-CLARK1IC-X-012543647%5D39015095390426|http://name.umdl.umich.edu/IC-CLARK1IC-X-012543647%5D39015095390426|https://quod.lib.umich.edu/cgi/i/image/api/thumb/clark1ic/012543647/39015095390426/!250,250|https://quod.lib.umich.edu/cgi/i/image/api/manifest/clark1ic:012543647:39015095390426|012543647; d61c3fd0-95df-4d3e-9c00-f79bd07f7b02",2026-09-07T13:44:02.616537+00:00,existing
d6422793-ff31-4ca4-a42b-720657e0e8c1,"https://quod.lib.umich.edu/c/clark1ic/x-007933934/39015091191919_01|https://quod.lib.umich.edu/cgi/i/image/api/search/clark1ic:007933934|oai:quod.lib.umich.edu:IC-CLARK1IC-X-007933934%5D39015091191919_01|http://name.umdl.umich.edu/IC-CLARK1IC-X-007933934%5D39015091191919_01|https://quod.lib.umich.edu/cgi/i/image/api/thumb/clark1ic/007933934/39015091191919_01/!250,250|https://quod.lib.umich.edu/cgi/i/image/api/manifest/clark1ic:007933934:39015091191919_01|007933934; d6422793-ff31-4ca4-a42b-720657e0e8c1",2026-09-07T13:44:02.616568+00:00,existing
d66234ab-db95-4cf2-af81-9840b41e5854,"https://quod.lib.umich.edu/c/clark1ic/x-005090802/39015091916315|https://quod.lib.umich.edu/cgi/i/image/api/search/clark1ic:005090802|oai:quod.lib.umich.edu:IC-CLARK1IC-X-005090802%5D39015091916315|http://name.umdl.umich.edu/IC-CLARK1IC-X-005090802%5D39015091916315|https://quod.lib.umich.edu/cgi/i/image/api/thumb/clark1ic/005090802/39015091916315/!250,250|https://quod.lib.umich.edu/cgi/i/image/api/manifest/clark1ic:005090802:39015091916315|005090802; d66234ab-db95-4cf2-af81-9840b41e5854",2026-09-07T13:44:02.616598+00:00,existing
d6684a2a-f3e1-4492-8b5d-b399bf4f6553,"https://quod.lib.umich.edu/c/clark1ic/x-003287878/39015091887508|https://quod.lib.umich.edu/cgi/i/image/api/search/clark1ic:003287878|oai:quod.lib.umich.edu:IC-CLARK1IC-X-003287878%5D39015091887508|http://name.umdl.umich.edu/IC-CLARK1IC-X-003287878%5D39015091887508|https://quod.lib.umich.edu/cgi/i/image/api/thumb/clark1ic/003287878/39015091887508/!250,250|https://quod.lib.umich.edu/cgi/i/image/api/manifest/clark1ic:003287878:39015091887508|003287878; d6684a2a-f3e1-4492-8b5d-b399bf4f6553",2026-09-07T13:44:02.616628+00:00,existing
d6c8525c-a0be-4925-8760-7e8db16e8763,"https://quod.lib.umich.edu/c/clark1ic/x-000906072/39015091920200_01|https://quod.lib.umich.edu/cgi/i/image/api/search/clark1ic:000906072|oai:quod.lib.umich.edu:IC-CLARK1IC-X-000906072%5D39015091920200_01|http://name.umdl.umich.edu/IC-CLARK1IC-X-000906072%5D39015091920200_01|https://quod.lib.umich.edu/cgi/i/image/api/thumb/clark1ic/000906072/39015091920200_01/!250,250|https://quod.lib.umich.edu/cgi/i/image/api/manifest/clark1ic:000906072:39015091920200_01|000906072; d6c8525c-a0be-4925-8760-7e8db16e8763|oai:quod.lib.umich.edu:IC-CLARK1IC-X-000906072%5D39015091920200_02|http://name.umdl.umich.edu/IC-CLARK1IC-X-000906072%5D39015091920200_02|https://quod.lib.umich.edu/cgi/i/image/api/thumb/clark1ic/000906072/39015091920200_02/!250,250|https://quod.lib.umich.edu/cgi/i/image/api/manifest/clark1ic:000906072:39015091920200_02|oai:quod.lib.umich.edu:IC-CLARK1IC-X-000906072%5D39015091920200_03|http://name.umdl.umich.edu/IC-CLARK1IC-X-000906072%5D39015091920200_03|https://quod.lib.umich.edu/cgi/i/image/api/thumb/clark1ic/000906072/39015091920200_03/!250,250|https://quod.lib.umich.edu/cgi/i/image/api/manifest/clark1ic:000906072:39015091920200_03",2026-09-07T13:44:02.616684+00:00,existing
d6d0ce69-8b08-4eaa-8448-4df8b70afefb,"https://quod.lib.umich.edu/c/clark1ic/x-003283618/39015095401694|https://quod.lib.umich.edu/cgi/i/image/api/search/clark1ic:003283618|oai:quod.lib.umich.edu:IC-CLARK1IC-X-003283618%5D39015095401694|http://name.umdl.umich.edu/IC-CLARK1IC-X-003283618%5D39015095401694|https://quod.lib.umich.edu/cgi/i/image/api/thumb/clark1ic/003283618/39015095401694/!250,250|https://quod.lib.umich.edu/cgi/i/image/api/manifest/clark1ic:003283618:39015095401694|003283618; d6d0ce69-8b08-4eaa-8448-4df8b70afefb",2026-09-07T13:44:02.616714+00:00,existing
d6e223ea-aed8-4edd-b711-54b7e6e4c894,"https://quod.lib.umich.edu/c/clark1ic/x-003280601/39015091910128|https://quod.lib.umich.edu/cgi/i/image/api/search/clark1ic:003280601|oai:quod.lib.umich.edu:IC-CLARK1IC-X-003280601%5D39015091910128|http://name.umdl.umich.edu/IC-CLARK1IC-X-003280601%5D39015091910128|https://quod.lib.umich.edu/cgi/i/image/api/thumb/clark1ic/003280601/39015091910128/!250,250|https://quod.lib.umich.edu/cgi/i/image/api/manifest/clark1ic:003280601:39015091910128|003280601; d6e223ea-aed8-4edd-b711-54b7e6e4c894",2026-09-07T13:44:02.616745+00:00,existing
d6e4e672-51c0-4708-961f-10fa2eb6014f,"https://quod.lib.umich.edu/c/clark1ic/x-002881891/39015091880966|https://quod.lib.umich.edu/cgi/i/image/api/search/clark1ic:002881891|oai:quod.lib.umich.edu:IC-CLARK1IC-X-002881891%5D39015091880966|http://name.umdl.umich.edu/IC-CLARK1IC-X-002881891%5D39015091880966|https://quod.lib.umich.edu/cgi/i/image/api/thumb/clark1ic/002881891/39015091880966/!250,250|https://quod.lib.umich.edu/cgi/i/image/api/manifest/clark1ic:002881891:39015091880966|002881891; d6e4e672-51c0-4708-961f-10fa2eb6014f",2026-09-07T13:44:02.616776+00:00,existing
d746819c-4823-448a-ae6d-da9508902e3f,"https://quod.lib.umich.edu/c/clark1ic/x-003280930/39015091186307|https://quod.lib.umich.edu/cgi/i/image/api/search/clark1ic:003280930|oai:quod.lib.umich.edu:IC-CLARK1IC-X-003280930%5D39015091186307|http://name.umdl.umich.edu/IC-CLARK1IC-X-003280930%5D39015091186307|https://quod.lib.umich.edu/cgi/i/image/api/thumb/clark1ic/003280930/39015091186307/!250,250|https://quod.lib.umich.edu/cgi/i/image/api/manifest/clark1ic:003280930:39015091186307|003280930; d746819c-4823-448a-ae6d-da9508902e3f",2026-09-07T13:44:02.616806+00:00,existing
d7e10658-5d4d-477a-98c2-db8b8dbfec13,"https://quod.lib.umich.edu/c/clark1ic/x-003929012/39015091196223_01|https://quod.lib.umich.edu/cgi/i/image/api/search/clark1ic:003929012|oai:quod.lib.umich.edu:IC-CLARK1IC-X-003929012%5D39015091196223_01|http://name.umdl.umich.edu/IC-CLARK1IC-X-003929012%5D39015091196223_01|https://quod.lib.umich.edu/cgi/i/image/api/thumb/clark1ic/003929012/39015091196223_01/!250,250|https://quod.lib.umich.edu/cgi/i/image/api/manifest/clark1ic:003929012:39015091196223_01|003929012; d7e10658-5d4d-477a-98c2-db8b8dbfec13|oai:quod.lib.umich.edu:IC-CLARK1IC-X-003929012%5D39015091196223_02|http://name.umdl.umich.edu/IC-CLARK1IC-X-003929012%5D39015091196223_02|https://quod.lib.umich.edu/cgi/i/image/api/thumb/clark1ic/003929012/39015091196223_02/!250,250|https://quod.lib.umich.edu/cgi/i/image/api/manifest/clark1ic:003929012:39015091196223_02|oai:quod.lib.umich.edu:IC-CLARK1IC-X-003929012%5D39015091196223_03|http://name.umdl.umich.edu/IC-CLARK1IC-X-003929012%5D39015091196223_03|https://quod.lib.umich.edu/cgi/i/image/api/thumb/clark1ic/003929012/39015091196223_03/!250,250|https://quod.lib.umich.edu/cgi/i/image/api/manifest/clark1ic:003929012:39015091196223_03|oai:quod.lib.umich.edu:IC-CLARK1IC-X-003929012%5D39015091196223_04|http://name.umdl.umich.edu/IC-CLARK1IC-X-003929012%5D39015091196223_04|https://quod.lib.umich.edu/cgi/i/image/api/thumb/clark1ic/003929012/39015091196223_04/!250,250|https://quod.lib.umich.edu/cgi/i/image/api/manifest/clark1ic:003929012:39015091196223_04",2026-09-07T13:44:02.616877+00:00,existing
d8158799-e0d7-4338-b01f-b386f460b93c,"https://quod.lib.umich.edu/c/clark1ic/x-011349270/39015091186521|https://quod.lib.umich.edu/cgi/i/image/api/search/clark1ic:011349270|oai:quod.lib.umich.edu:IC-CLARK1IC-X-011349270%5D39015091186521|http://name.umdl.umich.edu/IC-CLARK1IC-X-011349270%5D39015091186521|https://quod.lib.umich.edu/cgi/i/image/api/thumb/clark1ic/011349270/39015091186521/!250,250|https://quod.lib.umich.edu/cgi/i/image/api/manifest/clark1ic:011349270:39015091186521|011349270; d8158799-e0d7-4338-b01f-b386f460b93c",2026-09-07T13:44:02.616909+00:00,existing
d8976e21-7d9c-4c67-b8b9-262e9bd5199f,"https://quod.lib.umich.edu/c/clark1ic/x-012459981/39015095390681|https://quod.lib.umich.edu/cgi/i/image/api/search/clark1ic:012459981|oai:quod.lib.umich.edu:IC-CLARK1IC-X-012459981%5D39015095390681|http://name.umdl.umich.edu/IC-CLARK1IC-X-012459981%5D39015095390681|https://quod.lib.umich.edu/cgi/i/image/api/thumb/clark1ic/012459981/39015095390681/!250,250|https://quod.lib.umich.edu/cgi/i/image/api/manifest/clark1ic:012459981:39015095390681|012459981; d8976e21-7d9c-4c67-b8b9-262e9bd5199f",2026-09-07T13:44:02.616939+00:00,existing
d8e79d54-60f2-42dd-a8f5-22261b4f37f9,"https://quod.lib.umich.edu/c/clark1ic/x-010941803/39015091881204|https://quod.lib.umich.edu/cgi/i/image/api/search/clark1ic:010941803|oai:quod.lib.umich.edu:IC-CLARK1IC-X-010941803%5D39015091881204|http://name.umdl.umich.edu/IC-CLARK1IC-X-010941803%5D39015091881204|https://quod.lib.umich.edu/cgi/i/image/api/thumb/clark1ic/010941803/39015091881204/!250,250|https://quod.lib.umich.edu/cgi/i/image/api/manifest/clark1ic:010941803:39015091881204|010941803; d8e79d54-60f2-42dd-a8f5-22261b4f37f9",2026-09-07T13:44:02.616972+00:00,existing
da3c4dcc-8ec7-49d6-a435-4ddb83f8a34c,"https://quod.lib.umich.edu/c/clark1ic/x-010348293/39015091191646_01|https://quod.lib.umich.edu/cgi/i/image/api/search/clark1ic:010348293|oai:quod.lib.umich.edu:IC-CLARK1IC-X-010348293%5D39015091191646_01|http://name.umdl.umich.edu/IC-CLARK1IC-X-010348293%5D39015091191646_01|https://quod.lib.umich.edu/cgi/i/image/api/thumb/clark1ic/010348293/39015091191646_01/!250,250|https://quod.lib.umich.edu/cgi/i/image/api/manifest/clark1ic:010348293:39015091191646_01|010348293; da3c4dcc-8ec7-49d6-a435-4ddb83f8a34c|oai:quod.lib.umich.edu:IC-CLARK1IC-X-010348293%5D39015091191646_02|http://name.umdl.umich.edu/IC-CLARK1IC-X-010348293%5D39015091191646_02|https://quod.lib.umich.edu/cgi/i/image/api/thumb/clark1ic/010348293/39015091191646_02/!250,250|https://quod.lib.umich.edu/cgi/i/image/api/manifest/clark1ic:010348293:39015091191646_02",2026-09-07T13:44:02.617017+00:00,existing
da3d1c3d-ef84-4525-9e26-3d76b5764fb6,"https://quod.lib.umich.edu/c/clark1ic/x-005401346/39015091195597|https://quod.lib.umich.edu/cgi/i/image/api/search/clark1ic:005401346|oai:quod.lib.umich.edu:IC-CLARK1IC-X-005401346%5D39015091195597|http://name.umdl.umich.edu/IC-CLARK1IC-X-005401346%5D39015091195597|https://quod.lib.umich.edu/cgi/i/image/api/thumb/clark1ic/005401346/39015091195597/!250,250|https://quod.lib.umich.edu/cgi/i/image/api/manifest/clark1ic:005401346:39015091195597|005401346; da3d1c3d-ef84-4525-9e26-3d76b5764fb6",2026-09-07T13:44:02.617048+00:00,existing
da782d67-a44d-4628-92db-68baf551dd39,"https://quod.lib.umich.edu/c/clark1ic/x-013529149/39015091197478_01|https://quod.lib.umich.edu/cgi/i/image/api/search/clark1ic:013529149|oai:quod.lib.umich.edu:IC-CLARK1IC-X-013529149%5D39015091197478_01|http://name.umdl.umich.edu/IC-CLARK1IC-X-013529149%5D39015091197478_01|https://quod.lib.umich.edu/cgi/i/image/api/thumb/clark1ic/013529149/39015091197478_01/!250,250|https://quod.lib.umich.edu/cgi/i/image/api/manifest/clark1ic:013529149:39015091197478_01|013529149; da782d67-a44d-4628-92db-68baf551dd39|oai:quod.lib.umich.edu:IC-CLARK1IC-X-013529149%5D39015091197478_02|http://name.umdl.umich.edu/IC-CLARK1IC-X-013529149%5D39015091197478_02|https://quod.lib.umich.edu/cgi/i/image/api/thumb/clark1ic/013529149/39015091197478_02/!250,250|https://quod.lib.umich.edu/cgi/i/image/api/manifest/clark1ic:013529149:39015091197478_02",2026-09-07T13:44:02.617094+00:00,existing
da8b8bb1-7f59-4c9e-97b5-65f131c08454,"https://quod.lib.umich.edu/c/clark1ic/x-012523628/39015091193113_01|https://quod.lib.umich.edu/cgi/i/image/api/search/clark1ic:012523628|oai:quod.lib.umich.edu:IC-CLARK1IC-X-012523628%5D39015091193113_01|http://name.umdl.umich.edu/IC-CLARK1IC-X-012523628%5D39015091193113_01|https://quod.lib.umich.edu/cgi/i/image/api/thumb/clark1ic/012523628/39015091193113_01/!250,250|https://quod.lib.umich.edu/cgi/i/image/api/manifest/clark1ic:012523628:39015091193113_01|012523628; da8b8bb1-7f59-4c9e-97b5-65f131c08454|oai:quod.lib.umich.edu:IC-CLARK1IC-X-012523628%5D39015091193113_02|http://name.umdl.umich.edu/IC-CLARK1IC-X-012523628%5D39015091193113_02|https://quod.lib.umich.edu/cgi/i/image/api/thumb/clark1ic/012523628/39015091193113_02/!250,250|https://quod.lib.umich.edu/cgi/i/image/api/manifest/clark1ic:012523628:39015091193113_02",2026-09-07T13:44:02.617137+00:00,existing
dad0b617-bceb-4937-9735-832bb76ddd1c,"https://quod.lib.umich.edu/c/clark1ic/x-005842590/39015049960324_01|https://quod.lib.umich.edu/cgi/i/image/api/search/clark1ic:005842590|oai:quod.lib.umich.edu:IC-CLARK1IC-X-005842590%5D39015049960324_01|http://name.umdl.umich.edu/IC-CLARK1IC-X-005842590%5D39015049960324_01|https://quod.lib.umich.edu/cgi/i/image/api/thumb/clark1ic/005842590/39015049960324_01/!250,250|https://quod.lib.umich.edu/cgi/i/image/api/manifest/clark1ic:005842590:39015049960324_01|005842590; dad0b617-bceb-4937-9735-832bb76ddd1c|oai:quod.lib.umich.edu:IC-CLARK1IC-X-005842590%5D39015049960324_02|http://name.umdl.umich.edu/IC-CLARK1IC-X-005842590%5D39015049960324_02|https://quod.lib.umich.edu/cgi/i/image/api/thumb/clark1ic/005842590/39015049960324_02/!250,250|https://quod.lib.umich.edu/cgi/i/image/api/manifest/clark1ic:005842590:39015049960324_02",2026-09-07T13:44:02.617180+00:00,existing
db3202ec-fb76-4299-8a23-4de959f17487,"https://quod.lib.umich.edu/c/clark1ic/x-004168768/39015091883556_01|https://quod.lib.umich.edu/cgi/i/image/api/search/clark1ic:004168768|oai:quod.lib.umich.edu:IC-CLARK1IC-X-004168768%5D39015091883556_01|http://name.umdl.umich.edu/IC-CLARK1IC-X-004168768%5D39015091883556_01|https://quod.lib.umich.edu/cgi/i/image/api/thumb/clark1ic/004168768/39015091883556_01/!250,250|https://quod.lib.umich.edu/cgi/i/image/api/manifest/clark1ic:004168768:39015091883556_01|004168768; db3202ec-fb76-4299-8a23-4de959f17487",2026-09-07T13:44:02.617210+00:00,existing
db61ca05-2155-4661-91c5-256e394129d1,"https://quod.lib.umich.edu/c/clark1ic/x-003279636/39015091904071_01|https://quod.lib.umich.edu/cgi/i/image/api/search/clark1ic:003279636|oai:quod.lib.umich.edu:IC-CLARK1IC-X-003279636%5D39015091904071_01|http://name.umdl.umich.edu/IC-CLARK1IC-X-003279636%5D39015091904071_01|https://quod.lib.umich.edu/cgi/i/image/api/thumb/clark1ic/003279636/39015091904071_01/!250,250|https://quod.lib.umich.edu/cgi/i/image/api/manifest/clark1ic:003279636:39015091904071_01|003279636; db61ca05-2155-4661-91c5-256e394129d1|oai:quod.lib.umich.edu:IC-CLARK1IC-X-003279636%5D39015091904071_02|http://name.umdl.umich.edu/IC-CLARK1IC-X-003279636%5D39015091904071_02|https://quod.lib.umich.edu/cgi/i/image/api/thumb/clark1ic/003279636/39015091904071_02/!250,250|https://quod.lib.umich.edu/cgi/i/image/api/manifest/clark1ic:003279636:39015091904071_02|oai:quod.lib.umich.edu:IC-CLARK1IC-X-003279636%5D39015091904089_01|http://name.umdl.umich.edu/IC-CLARK1IC-X-003279636%5D39015091904089_01|https://quod.lib.umich.edu/cgi/i/image/api/thumb/clark1ic/003279636/39015091904089_01/!250,250|https://quod.lib.umich.edu/cgi/i/image/api/manifest/clark1ic:003279636:39015091904089_01|oai:quod.lib.umich.edu:IC-CLARK1IC-X-003279636%5D39015091904089_02|http://name.umdl.umich.edu/IC-CLARK1IC-X-003279636%5D39015091904089_02|https://quod.lib.umich.edu/cgi/i/image/api/thumb/clark1ic/003279636/39015091904089_02/!250,250|https://quod.lib.umich.edu/cgi/i/image/api/manifest/clark1ic:003279636:39015091904089_02",2026-09-07T13:44:02.617290+00:00,existing
db8b948c-78f2-4104-a4b1-707238a8d5d3,"https://quod.lib.umich.edu/c/clark1ic/x-003282681/39015091186398|https://quod.lib.umich.edu/cgi/i/image/api/search/clark1ic:003282681|oai:quod.lib.umich.edu:IC-CLARK1IC-X-003282681%5D39015091186398|http://name.umdl.umich.edu/IC-CLARK1IC-X-003282681%5D39015091186398|https://quod.lib.umich.edu/cgi/i/image/api/thumb/clark1ic/003282681/39015091186398/!250,250|https://quod.lib.umich.edu/cgi/i/image/api/manifest/clark1ic:003282681:39015091186398|003282681; db8b948c-78f2-4104-a4b1-707238a8d5d3",2026-09-07T13:44:02.617322+00:00,existing
db91722f-eec4-4593-ae26-7691af9ee083,"https://quod.lib.umich.edu/c/clark1ic/x-001533839/39015091904717_01|https://quod.lib.umich.edu/cgi/i/image/api/search/clark1ic:001533839|oai:quod.lib.umich.edu:IC-CLARK1IC-X-001533839%5D39015091904717_01|http://name.umdl.umich.edu/IC-CLARK1IC-X-001533839%5D39015091904717_01|https://quod.lib.umich.edu/cgi/i/image/api/thumb/clark1ic/001533839/39015091904717_01/!250,250|https://quod.lib.umich.edu/cgi/i/image/api/manifest/clark1ic:001533839:39015091904717_01|001533839; db91722f-eec4-4593-ae26-7691af9ee083|oai:quod.lib.umich.edu:IC-CLARK1IC-X-001533839%5D39015091904717_02|http://name.umdl.umich.edu/IC-CLARK1IC-X-001533839%5D39015091904717_02|https://quod.lib.umich.edu/cgi/i/image/api/thumb/clark1ic/001533839/39015091904717_02/!250,250|https://quod.lib.umich.edu/cgi/i/image/api/manifest/clark1ic:001533839:39015091904717_02",2026-09-07T13:44:02.617367+00:00,existing
db9e863a-0622-4d3c-ac5d-0c6646de2767,"https://quod.lib.umich.edu/c/clark1ic/x-004078062/39015091191513_01|https://quod.lib.umich.edu/cgi/i/image/api/search/clark1ic:004078062|oai:quod.lib.umich.edu:IC-CLARK1IC-X-004078062%5D39015091191513_01|http://name.umdl.umich.edu/IC-CLARK1IC-X-004078062%5D39015091191513_01|https://quod.lib.umich.edu/cgi/i/image/api/thumb/clark1ic/004078062/39015091191513_01/!250,250|https://quod.lib.umich.edu/cgi/i/image/api/manifest/clark1ic:004078062:39015091191513_01|004078062; db9e863a-0622-4d3c-ac5d-0c6646de2767|oai:quod.lib.umich.edu:IC-CLARK1IC-X-004078062%5D39015091191513_02|http://name.umdl.umich.edu/IC-CLARK1IC-X-004078062%5D39015091191513_02|https://quod.lib.umich.edu/cgi/i/image/api/thumb/clark1ic/004078062/39015091191513_02/!250,250|https://quod.lib.umich.edu/cgi/i/image/api/manifest/clark1ic:004078062:39015091191513_02",2026-09-07T13:44:02.617410+00:00,existing
dbe3f516-afb1-432c-89a0-cc1207bfcee1,"https://quod.lib.umich.edu/c/clark1ic/x-003282751/39015091910912|https://quod.lib.umich.edu/cgi/i/image/api/search/clark1ic:003282751|oai:quod.lib.umich.edu:IC-CLARK1IC-X-003282751%5D39015091910912|http://name.umdl.umich.edu/IC-CLARK1IC-X-003282751%5D39015091910912|https://quod.lib.umich.edu/cgi/i/image/api/thumb/clark1ic/003282751/39015091910912/!250,250|https://quod.lib.umich.edu/cgi/i/image/api/manifest/clark1ic:003282751:39015091910912|003282751; dbe3f516-afb1-432c-89a0-cc1207bfcee1",2026-09-07T13:44:02.617441+00:00,existing
dc56d68f-f0d9-4afd-be95-89e3048f1199,"https://quod.lib.umich.edu/c/clark1ic/x-003277710/39015091195027|https://quod.lib.umich.edu/cgi/i/image/api/search/clark1ic:003277710|oai:quod.lib.umich.edu:IC-CLARK1IC-X-003277710%5D39015091195027|http://name.umdl.umich.edu/IC-CLARK1IC-X-003277710%5D39015091195027|https://quod.lib.umich.edu/cgi/i/image/api/thumb/clark1ic/003277710/39015091195027/!250,250|https://quod.lib.umich.edu/cgi/i/image/api/manifest/clark1ic:003277710:39015091195027|003277710; dc56d68f-f0d9-4afd-be95-89e3048f1199",2026-09-07T13:44:02.617471+00:00,existing
dc970abb-b158-4db6-b368-32af8b6dcef5,"https://quod.lib.umich.edu/c/clark1ic/x-003284856/39015091195472_01|https://quod.lib.umich.edu/cgi/i/image/api/search/clark1ic:003284856|oai:quod.lib.umich.edu:IC-CLARK1IC-X-003284856%5D39015091195472_01|http://name.umdl.umich.edu/IC-CLARK1IC-X-003284856%5D39015091195472_01|https://quod.lib.umich.edu/cgi/i/image/api/thumb/clark1ic/003284856/39015091195472_01/!250,250|https://quod.lib.umich.edu/cgi/i/image/api/manifest/clark1ic:003284856:39015091195472_01|003284856; dc970abb-b158-4db6-b368-32af8b6dcef5|oai:quod.lib.umich.edu:IC-CLARK1IC-X-003284856%5D39015091195480_01|http://name.umdl.umich.edu/IC-CLARK1IC-X-003284856%5D39015091195480_01|https://quod.lib.umich.edu/cgi/i/image/api/thumb/clark1ic/003284856/39015091195480_01/!250,250|https://quod.lib.umich.edu/cgi/i/image/api/manifest/clark1ic:003284856:39015091195480_01|oai:quod.lib.umich.edu:IC-CLARK1IC-X-003284856%5D39015091195506_01|http://name.umdl.umich.edu/IC-CLARK1IC-X-003284856%5D39015091195506_01|https://quod.lib.umich.edu/cgi/i/image/api/thumb/clark1ic/003284856/39015091195506_01/!250,250|https://quod.lib.umich.edu/cgi/i/image/api/manifest/clark1ic:003284856:39015091195506_01",2026-09-07T13:44:02.617527+00:00,existing
dca1c2c4-bcbe-46f3-bac7-7c763191ed5c,"https://quod.lib.umich.edu/c/clark1ic/x-008393038/39015091920747|https://quod.lib.umich.edu/cgi/i/image/api/search/clark1ic:008393038|oai:quod.lib.umich.edu:IC-CLARK1IC-X-008393038%5D39015091920747|http://name.umdl.umich.edu/IC-CLARK1IC-X-008393038%5D39015091920747|https://quod.lib.umich.edu/cgi/i/image/api/thumb/clark1ic/008393038/39015091920747/!250,250|https://quod.lib.umich.edu/cgi/i/image/api/manifest/clark1ic:008393038:39015091920747|008393038; dca1c2c4-bcbe-46f3-bac7-7c763191ed5c",2026-09-07T13:44:02.617559+00:00,existing
dcc37489-26a0-43d1-8ede-daf5a5b43e93,"https://quod.lib.umich.edu/c/clark1ic/x-003282617/39015091195159_0001|https://quod.lib.umich.edu/cgi/i/image/api/search/clark1ic:003282617|oai:quod.lib.umich.edu:IC-CLARK1IC-X-003282617%5D39015091195159_0001|http://name.umdl.umich.edu/IC-CLARK1IC-X-003282617%5D39015091195159_0001|https://quod.lib.umich.edu/cgi/i/image/api/thumb/clark1ic/003282617/39015091195159_0001/!250,250|https://quod.lib.umich.edu/cgi/i/image/api/manifest/clark1ic:003282617:39015091195159_0001|003282617; dcc37489-26a0-43d1-8ede-daf5a5b43e93",2026-09-07T13:44:02.617590+00:00,existing
dcd54660-aec4-4b34-9804-186f51c07912,"https://quod.lib.umich.edu/c/clark1ic/x-004077737/39015091192974_01|https://quod.lib.umich.edu/cgi/i/image/api/search/clark1ic:004077737|oai:quod.lib.umich.edu:IC-CLARK1IC-X-004077737%5D39015091192974_01|http://name.umdl.umich.edu/IC-CLARK1IC-X-004077737%5D39015091192974_01|https://quod.lib.umich.edu/cgi/i/image/api/thumb/clark1ic/004077737/39015091192974_01/!250,250|https://quod.lib.umich.edu/cgi/i/image/api/manifest/clark1ic:004077737:39015091192974_01|004077737; dcd54660-aec4-4b34-9804-186f51c07912|oai:quod.lib.umich.edu:IC-CLARK1IC-X-004077737%5D39015091192974_02|http://name.umdl.umich.edu/IC-CLARK1IC-X-004077737%5D39015091192974_02|https://quod.lib.umich.edu/cgi/i/image/api/thumb/clark1ic/004077737/39015091192974_02/!250,250|https://quod.lib.umich.edu/cgi/i/image/api/manifest/clark1ic:004077737:39015091192974_02",2026-09-07T13:44:02.617633+00:00,existing
dd1673d9-b5da-4337-835f-188a80881e23,"https://quod.lib.umich.edu/c/clark1ic/x-001268723/39015091183536|https://quod.lib.umich.edu/cgi/i/image/api/search/clark1ic:001268723|oai:quod.lib.umich.edu:IC-CLARK1IC-X-001268723%5D39015091183536|http://name.umdl.umich.edu/IC-CLARK1IC-X-001268723%5D39015091183536|https://quod.lib.umich.edu/cgi/i/image/api/thumb/clark1ic/001268723/39015091183536/!250,250|https://quod.lib.umich.edu/cgi/i/image/api/manifest/clark1ic:001268723:39015091183536|001268723; dd1673d9-b5da-4337-835f-188a80881e23",2026-09-07T13:44:02.617664+00:00,existing
dd1a85e0-dcf6-48f1-bbfb-63dc2f3c244f,"https://quod.lib.umich.edu/c/clark1ic/x-002877812/39015091195191|https://quod.lib.umich.edu/cgi/i/image/api/search/clark1ic:002877812|oai:quod.lib.umich.edu:IC-CLARK1IC-X-002877812%5D39015091195191|http://name.umdl.umich.edu/IC-CLARK1IC-X-002877812%5D39015091195191|https://quod.lib.umich.edu/cgi/i/image/api/thumb/clark1ic/002877812/39015091195191/!250,250|https://quod.lib.umich.edu/cgi/i/image/api/manifest/clark1ic:002877812:39015091195191|002877812; dd1a85e0-dcf6-48f1-bbfb-63dc2f3c244f",2026-09-07T13:44:02.617694+00:00,existing
dd57b6ce-85de-4907-9d8e-e221f677f992,"https://quod.lib.umich.edu/c/clark1ic/x-008781196/39015091197320|https://quod.lib.umich.edu/cgi/i/image/api/search/clark1ic:008781196|oai:quod.lib.umich.edu:IC-CLARK1IC-X-008781196%5D39015091197320|http://name.umdl.umich.edu/IC-CLARK1IC-X-008781196%5D39015091197320|https://quod.lib.umich.edu/cgi/i/image/api/thumb/clark1ic/008781196/39015091197320/!250,250|https://quod.lib.umich.edu/cgi/i/image/api/manifest/clark1ic:008781196:39015091197320|008781196; dd57b6ce-85de-4907-9d8e-e221f677f992",2026-09-07T13:44:02.617724+00:00,existing
de21294e-7fa3-4cf0-95f6-6addce370297,"https://quod.lib.umich.edu/c/clark1ic/x-003781032/39015091197429|https://quod.lib.umich.edu/cgi/i/image/api/search/clark1ic:003781032|oai:quod.lib.umich.edu:IC-CLARK1IC-X-003781032%5D39015091197429|http://name.umdl.umich.edu/IC-CLARK1IC-X-003781032%5D39015091197429|https://quod.lib.umich.edu/cgi/i/image/api/thumb/clark1ic/003781032/39015091197429/!250,250|https://quod.lib.umich.edu/cgi/i/image/api/manifest/clark1ic:003781032:39015091197429|003781032; de21294e-7fa3-4cf0-95f6-6addce370297|oai:quod.lib.umich.edu:IC-CLARK1IC-X-003781032%5D39015091197437|http://name.umdl.umich.edu/IC-CLARK1IC-X-003781032%5D39015091197437|https://quod.lib.umich.edu/cgi/i/image/api/thumb/clark1ic/003781032/39015091197437/!250,250|https://quod.lib.umich.edu/cgi/i/image/api/manifest/clark1ic:003781032:39015091197437",2026-09-07T13:44:02.617766+00:00,existing
de42b411-5561-4aad-99d3-49a21d2f2790,"https://quod.lib.umich.edu/c/clark1ic/x-002904773/39015091899446|https://quod.lib.umich.edu/cgi/i/image/api/search/clark1ic:002904773|oai:quod.lib.umich.edu:IC-CLARK1IC-X-002904773%5D39015091899446|http://name.umdl.umich.edu/IC-CLARK1IC-X-002904773%5D39015091899446|https://quod.lib.umich.edu/cgi/i/image/api/thumb/clark1ic/002904773/39015091899446/!250,250|https://quod.lib.umich.edu/cgi/i/image/api/manifest/clark1ic:002904773:39015091899446|002904773; de42b411-5561-4aad-99d3-49a21d2f2790",2026-09-07T13:44:02.617797+00:00,existing
debac0d4-b555-49a3-8df3-600dd5befaf5,"https://quod.lib.umich.edu/c/clark1ic/x-003282597/39015091193600|https://quod.lib.umich.edu/cgi/i/image/api/search/clark1ic:003282597|oai:quod.lib.umich.edu:IC-CLARK1IC-X-003282597%5D39015091193600|http://name.umdl.umich.edu/IC-CLARK1IC-X-003282597%5D39015091193600|https://quod.lib.umich.edu/cgi/i/image/api/thumb/clark1ic/003282597/39015091193600/!250,250|https://quod.lib.umich.edu/cgi/i/image/api/manifest/clark1ic:003282597:39015091193600|003282597; debac0d4-b555-49a3-8df3-600dd5befaf5",2026-09-07T13:44:02.617827+00:00,existing
dedee0d6-1310-4619-9354-dbdd52089348,"https://quod.lib.umich.edu/c/clark1ic/x-002904305/39015091881014|https://quod.lib.umich.edu/cgi/i/image/api/search/clark1ic:002904305|oai:quod.lib.umich.edu:IC-CLARK1IC-X-002904305%5D39015091881014|http://name.umdl.umich.edu/IC-CLARK1IC-X-002904305%5D39015091881014|https://quod.lib.umich.edu/cgi/i/image/api/thumb/clark1ic/002904305/39015091881014/!250,250|https://quod.lib.umich.edu/cgi/i/image/api/manifest/clark1ic:002904305:39015091881014|002904305; dedee0d6-1310-4619-9354-dbdd52089348",2026-09-07T13:44:02.617858+00:00,existing
deed002a-b87c-4fd0-9533-f8bfeb32cfc4,"https://quod.lib.umich.edu/c/clark1ic/x-003282423/39015091915937|https://quod.lib.umich.edu/cgi/i/image/api/search/clark1ic:003282423|oai:quod.lib.umich.edu:IC-CLARK1IC-X-003282423%5D39015091915937|http://name.umdl.umich.edu/IC-CLARK1IC-X-003282423%5D39015091915937|https://quod.lib.umich.edu/cgi/i/image/api/thumb/clark1ic/003282423/39015091915937/!250,250|https://quod.lib.umich.edu/cgi/i/image/api/manifest/clark1ic:003282423:39015091915937|003282423; deed002a-b87c-4fd0-9533-f8bfeb32cfc4",2026-09-07T13:44:02.617887+00:00,existing
deff6f22-4d9f-4d03-9a07-9b546241d41e,"https://quod.lib.umich.edu/c/clark1ic/x-009237175/39015091911100|https://quod.lib.umich.edu/cgi/i/image/api/search/clark1ic:009237175|oai:quod.lib.umich.edu:IC-CLARK1IC-X-009237175%5D39015091911100|http://name.umdl.umich.edu/IC-CLARK1IC-X-009237175%5D39015091911100|https://quod.lib.umich.edu/cgi/i/image/api/thumb/clark1ic/009237175/39015091911100/!250,250|https://quod.lib.umich.edu/cgi/i/image/api/manifest/clark1ic:009237175:39015091911100|009237175; deff6f22-4d9f-4d03-9a07-9b546241d41e",2026-09-07T13:44:02.617917+00:00,existing
df011263-725c-4aed-907e-4660aa2d8bc7,"https://quod.lib.umich.edu/c/clark1ic/x-000889523/39015095388693|https://quod.lib.umich.edu/cgi/i/image/api/search/clark1ic:000889523|oai:quod.lib.umich.edu:IC-CLARK1IC-X-000889523%5D39015095388693|http://name.umdl.umich.edu/IC-CLARK1IC-X-000889523%5D39015095388693|https://quod.lib.umich.edu/cgi/i/image/api/thumb/clark1ic/000889523/39015095388693/!250,250|https://quod.lib.umich.edu/cgi/i/image/api/manifest/clark1ic:000889523:39015095388693|000889523; df011263-725c-4aed-907e-4660aa2d8bc7",2026-09-07T13:44:02.617954+00:00,existing
df9b3beb-a39a-4455-b461-6c10d3840522,"https://quod.lib.umich.edu/c/clark1ic/x-003928939/39015095398957|https://quod.lib.umich.edu/cgi/i/image/api/search/clark1ic:003928939|oai:quod.lib.umich.edu:IC-CLARK1IC-X-003928939%5D39015095398957|http://name.umdl.umich.edu/IC-CLARK1IC-X-003928939%5D39015095398957|https://quod.lib.umich.edu/cgi/i/image/api/thumb/clark1ic/003928939/39015095398957/!250,250|https://quod.lib.umich.edu/cgi/i/image/api/manifest/clark1ic:003928939:39015095398957|003928939; df9b3beb-a39a-4455-b461-6c10d3840522",2026-09-07T13:44:02.617985+00:00,existing
dfe6f6bd-de61-4654-9ad7-2648d4f5b29e,"https://quod.lib.umich.edu/c/clark1ic/x-003566120/39015091196827|https://quod.lib.umich.edu/cgi/i/image/api/search/clark1ic:003566120|oai:quod.lib.umich.edu:IC-CLARK1IC-X-003566120%5D39015091196827|http://name.umdl.umich.edu/IC-CLARK1IC-X-003566120%5D39015091196827|https://quod.lib.umich.edu/cgi/i/image/api/thumb/clark1ic/003566120/39015091196827/!250,250|https://quod.lib.umich.edu/cgi/i/image/api/manifest/clark1ic:003566120:39015091196827|003566120; dfe6f6bd-de61-4654-9ad7-2648d4f5b29e",2026-09-07T13:44:02.618021+00:00,existing
dfeee793-a5e0-488d-8b46-1284b0f8677a,"https://quod.lib.umich.edu/c/clark1ic/x-005259307/39015091910268|https://quod.lib.umich.edu/cgi/i/image/api/search/clark1ic:005259307|oai:quod.lib.umich.edu:IC-CLARK1IC-X-005259307%5D39015091910268|http://name.umdl.umich.edu/IC-CLARK1IC-X-005259307%5D39015091910268|https://quod.lib.umich.edu/cgi/i/image/api/thumb/clark1ic/005259307/39015091910268/!250,250|https://quod.lib.umich.edu/cgi/i/image/api/manifest/clark1ic:005259307:39015091910268|005259307; dfeee793-a5e0-488d-8b46-1284b0f8677a",2026-09-07T13:44:02.618052+00:00,existing
e03dff2c-2708-45d2-8c15-a923acd27424,"https://quod.lib.umich.edu/c/clark1ic/x-000082055/39015091880172_01|https://quod.lib.umich.edu/cgi/i/image/api/search/clark1ic:000082055|oai:quod.lib.umich.edu:IC-CLARK1IC-X-000082055%5D39015091880172_01|http://name.umdl.umich.edu/IC-CLARK1IC-X-000082055%5D39015091880172_01|https://quod.lib.umich.edu/cgi/i/image/api/thumb/clark1ic/000082055/39015091880172_01/!250,250|https://quod.lib.umich.edu/cgi/i/image/api/manifest/clark1ic:000082055:39015091880172_01|000082055; e03dff2c-2708-45d2-8c15-a923acd27424|oai:quod.lib.umich.edu:IC-CLARK1IC-X-000082055%5D39015091880172_02|http://name.umdl.umich.edu/IC-CLARK1IC-X-000082055%5D39015091880172_02|https://quod.lib.umich.edu/cgi/i/image/api/thumb/clark1ic/000082055/39015091880172_02/!250,250|https://quod.lib.umich.edu/cgi/i/image/api/manifest/clark1ic:000082055:39015091880172_02",2026-09-07T13:44:02.618095+00:00,existing
e04a9082-4be6-4e01-b167-92df71c6a164,"https://quod.lib.umich.edu/c/clark1ic/x-000080675/39015091880008|https://quod.lib.umich.edu/cgi/i/image/api/search/clark1ic:000080675|oai:quod.lib.umich.edu:IC-CLARK1IC-X-000080675%5D39015091880008|http://name.umdl.umich.edu/IC-CLARK1IC-X-000080675%5D39015091880008|https://quod.lib.umich.edu/cgi/i/image/api/thumb/clark1ic/000080675/39015091880008/!250,250|https://quod.lib.umich.edu/cgi/i/image/api/manifest/clark1ic:000080675:39015091880008|000080675; e04a9082-4be6-4e01-b167-92df71c6a164",2026-09-07T13:44:02.618125+00:00,existing
e086daee-8784-478c-9ca3-4ee59e8bd320,"https://quod.lib.umich.edu/c/clark1ic/x-004938616/39015091197809|https://quod.lib.umich.edu/cgi/i/image/api/search/clark1ic:004938616|oai:quod.lib.umich.edu:IC-CLARK1IC-X-004938616%5D39015091197809|http://name.umdl.umich.edu/IC-CLARK1IC-X-004938616%5D39015091197809|https://quod.lib.umich.edu/cgi/i/image/api/thumb/clark1ic/004938616/39015091197809/!250,250|https://quod.lib.umich.edu/cgi/i/image/api/manifest/clark1ic:004938616:39015091197809|004938616; e086daee-8784-478c-9ca3-4ee59e8bd320",2026-09-07T13:44:02.618156+00:00,existing
e0a20167-34f2-496a-a3db-819b2c86ff89,"https://quod.lib.umich.edu/c/clark1ic/x-007934301/39015091191182_01|https://quod.lib.umich.edu/cgi/i/image/api/search/clark1ic:007934301|oai:quod.lib.umich.edu:IC-CLARK1IC-X-007934301%5D39015091191182_01|http://name.umdl.umich.edu/IC-CLARK1IC-X-007934301%5D39015091191182_01|https://quod.lib.umich.edu/cgi/i/image/api/thumb/clark1ic/007934301/39015091191182_01/!250,250|https://quod.lib.umich.edu/cgi/i/image/api/manifest/clark1ic:007934301:39015091191182_01|007934301; e0a20167-34f2-496a-a3db-819b2c86ff89",2026-09-07T13:44:02.618186+00:00,existing
e0dc1301-1fed-45fc-91f8-cb7cb98d7d55,"https://quod.lib.umich.edu/c/clark1ic/x-010349105/39015091191729_01|https://quod.lib.umich.edu/cgi/i/image/api/search/clark1ic:010349105|oai:quod.lib.umich.edu:IC-CLARK1IC-X-010349105%5D39015091191729_01|http://name.umdl.umich.edu/IC-CLARK1IC-X-010349105%5D39015091191729_01|https://quod.lib.umich.edu/cgi/i/image/api/thumb/clark1ic/010349105/39015091191729_01/!250,250|https://quod.lib.umich.edu/cgi/i/image/api/manifest/clark1ic:010349105:39015091191729_01|010349105; e0dc1301-1fed-45fc-91f8-cb7cb98d7d55|oai:quod.lib.umich.edu:IC-CLARK1IC-X-010349105%5D39015091191729_02|http://name.umdl.umich.edu/IC-CLARK1IC-X-010349105%5D39015091191729_02|https://quod.lib.umich.edu/cgi/i/image/api/thumb/clark1ic/010349105/39015091191729_02/!250,250|https://quod.lib.umich.edu/cgi/i/image/api/manifest/clark1ic:010349105:39015091191729_02",2026-09-07T13:44:02.618230+00:00,existing
e11cfdb6-34c5-459c-9bf7-abbe885bb9ed,"https://quod.lib.umich.edu/c/clark1ic/x-003284953/39015091197718|https://quod.lib.umich.edu/cgi/i/image/api/search/clark1ic:003284953|oai:quod.lib.umich.edu:IC-CLARK1IC-X-003284953%5D39015091197718|http://name.umdl.umich.edu/IC-CLARK1IC-X-003284953%5D39015091197718|https://quod.lib.umich.edu/cgi/i/image/api/thumb/clark1ic/003284953/39015091197718/!250,250|https://quod.lib.umich.edu/cgi/i/image/api/manifest/clark1ic:003284953:39015091197718|003284953; e11cfdb6-34c5-459c-9bf7-abbe885bb9ed",2026-09-07T13:44:02.618261+00:00,existing
e15bedd6-587a-4049-b89b-5ecf7c34a2de,"https://quod.lib.umich.edu/c/clark1ic/x-003284807/39015091194111_01|https://quod.lib.umich.edu/cgi/i/image/api/search/clark1ic:003284807|oai:quod.lib.umich.edu:IC-CLARK1IC-X-003284807%5D39015091194111_01|http://name.umdl.umich.edu/IC-CLARK1IC-X-003284807%5D39015091194111_01|https://quod.lib.umich.edu/cgi/i/image/api/thumb/clark1ic/003284807/39015091194111_01/!250,250|https://quod.lib.umich.edu/cgi/i/image/api/manifest/clark1ic:003284807:39015091194111_01|003284807; e15bedd6-587a-4049-b89b-5ecf7c34a2de|oai:quod.lib.umich.edu:IC-CLARK1IC-X-003284807%5D39015091194111_02|http://name.umdl.umich.edu/IC-CLARK1IC-X-003284807%5D39015091194111_02|https://quod.lib.umich.edu/cgi/i/image/api/thumb/clark1ic/003284807/39015091194111_02/!250,250|https://quod.lib.umich.edu/cgi/i/image/api/manifest/clark1ic:003284807:39015091194111_02",2026-09-07T13:44:02.618305+00:00,existing
e18e3e44-8de7-486e-b4ba-5e7fa0d48a39,"https://quod.lib.umich.edu/c/clark1ic/x-003931628/39015091900681|https://quod.lib.umich.edu/cgi/i/image/api/search/clark1ic:003931628|oai:quod.lib.umich.edu:IC-CLARK1IC-X-003931628%5D39015091900681|http://name.umdl.umich.edu/IC-CLARK1IC-X-003931628%5D39015091900681|https://quod.lib.umich.edu/cgi/i/image/api/thumb/clark1ic/003931628/39015091900681/!250,250|https://quod.lib.umich.edu/cgi/i/image/api/manifest/clark1ic:003931628:39015091900681|003931628; e18e3e44-8de7-486e-b4ba-5e7fa0d48a39",2026-09-07T13:44:02.618338+00:00,existing
e1f722e5-95b8-4c95-9300-c8729280c443,"https://quod.lib.umich.edu/c/clark1ic/x-002620480/39015095391127|https://quod.lib.umich.edu/cgi/i/image/api/search/clark1ic:002620480|oai:quod.lib.umich.edu:IC-CLARK1IC-X-002620480%5D39015095391127|http://name.umdl.umich.edu/IC-CLARK1IC-X-002620480%5D39015095391127|https://quod.lib.umich.edu/cgi/i/image/api/thumb/clark1ic/002620480/39015095391127/!250,250|https://quod.lib.umich.edu/cgi/i/image/api/manifest/clark1ic:002620480:39015095391127|002620480; e1f722e5-95b8-4c95-9300-c8729280c443",2026-09-07T13:44:02.618371+00:00,existing
e216f701-5c9b-4bfd-8fe6-e695af574e2a,"https://quod.lib.umich.edu/c/clark1ic/x-007933206/39015091194202_01|https://quod.lib.umich.edu/cgi/i/image/api/search/clark1ic:007933206|oai:quod.lib.umich.edu:IC-CLARK1IC-X-007933206%5D39015091194202_01|http://name.umdl.umich.edu/IC-CLARK1IC-X-007933206%5D39015091194202_01|https://quod.lib.umich.edu/cgi/i/image/api/thumb/clark1ic/007933206/39015091194202_01/!250,250|https://quod.lib.umich.edu/cgi/i/image/api/manifest/clark1ic:007933206:39015091194202_01|007933206; e216f701-5c9b-4bfd-8fe6-e695af574e2a|oai:quod.lib.umich.edu:IC-CLARK1IC-X-007933206%5D39015091194202_02|http://name.umdl.umich.edu/IC-CLARK1IC-X-007933206%5D39015091194202_02|https://quod.lib.umich.edu/cgi/i/image/api/thumb/clark1ic/007933206/39015091194202_02/!250,250|https://quod.lib.umich.edu/cgi/i/image/api/manifest/clark1ic:007933206:39015091194202_02",2026-09-07T13:44:02.618419+00:00,existing
e21e9c56-743b-47be-989c-1266bfbd7bf3,"https://quod.lib.umich.edu/c/clark1ic/x-005411691/39015091197445|https://quod.lib.umich.edu/cgi/i/image/api/search/clark1ic:005411691|oai:quod.lib.umich.edu:IC-CLARK1IC-X-005411691%5D39015091197445|http://name.umdl.umich.edu/IC-CLARK1IC-X-005411691%5D39015091197445|https://quod.lib.umich.edu/cgi/i/image/api/thumb/clark1ic/005411691/39015091197445/!250,250|https://quod.lib.umich.edu/cgi/i/image/api/manifest/clark1ic:005411691:39015091197445|005411691; e21e9c56-743b-47be-989c-1266bfbd7bf3",2026-09-07T13:44:02.618454+00:00,existing
e2704509-2f4a-4755-a983-2a7e6dca9b8b,"https://quod.lib.umich.edu/c/clark1ic/x-003281169/39015091193923_01|https://quod.lib.umich.edu/cgi/i/image/api/search/clark1ic:003281169|oai:quod.lib.umich.edu:IC-CLARK1IC-X-003281169%5D39015091193923_01|http://name.umdl.umich.edu/IC-CLARK1IC-X-003281169%5D39015091193923_01|https://quod.lib.umich.edu/cgi/i/image/api/thumb/clark1ic/003281169/39015091193923_01/!250,250|https://quod.lib.umich.edu/cgi/i/image/api/manifest/clark1ic:003281169:39015091193923_01|003281169; e2704509-2f4a-4755-a983-2a7e6dca9b8b|oai:quod.lib.umich.edu:IC-CLARK1IC-X-003281169%5D39015091193923_02|http://name.umdl.umich.edu/IC-CLARK1IC-X-003281169%5D39015091193923_02|https://quod.lib.umich.edu/cgi/i/image/api/thumb/clark1ic/003281169/39015091193923_02/!250,250|https://quod.lib.umich.edu/cgi/i/image/api/manifest/clark1ic:003281169:39015091193923_02",2026-09-07T13:44:02.618497+00:00,existing
e2a7df72-a2d3-495f-9554-0d0296ace2a8,"https://quod.lib.umich.edu/c/clark1ic/x-003282763/39015091191257_01|https://quod.lib.umich.edu/cgi/i/image/api/search/clark1ic:003282763|oai:quod.lib.umich.edu:IC-CLARK1IC-X-003282763%5D39015091191257_01|http://name.umdl.umich.edu/IC-CLARK1IC-X-003282763%5D39015091191257_01|https://quod.lib.umich.edu/cgi/i/image/api/thumb/clark1ic/003282763/39015091191257_01/!250,250|https://quod.lib.umich.edu/cgi/i/image/api/manifest/clark1ic:003282763:39015091191257_01|003282763; e2a7df72-a2d3-495f-9554-0d0296ace2a8|oai:quod.lib.umich.edu:IC-CLARK1IC-X-003282763%5D39015091191257_02|http://name.umdl.umich.edu/IC-CLARK1IC-X-003282763%5D39015091191257_02|https://quod.lib.umich.edu/cgi/i/image/api/thumb/clark1ic/003282763/39015091191257_02/!250,250|https://quod.lib.umich.edu/cgi/i/image/api/manifest/clark1ic:003282763:39015091191257_02",2026-09-07T13:44:02.618576+00:00,existing
e2d5f1e9-da48-4855-a1af-64be71b3f6ec,"https://quod.lib.umich.edu/c/clark1ic/x-009544997/39015091881246|https://quod.lib.umich.edu/cgi/i/image/api/search/clark1ic:009544997|oai:quod.lib.umich.edu:IC-CLARK1IC-X-009544997%5D39015091881246|http://name.umdl.umich.edu/IC-CLARK1IC-X-009544997%5D39015091881246|https://quod.lib.umich.edu/cgi/i/image/api/thumb/clark1ic/009544997/39015091881246/!250,250|https://quod.lib.umich.edu/cgi/i/image/api/manifest/clark1ic:009544997:39015091881246|009544997; e2d5f1e9-da48-4855-a1af-64be71b3f6ec",2026-09-07T13:44:02.618633+00:00,existing
e324341a-1cf8-4790-996c-5668dd5dbf83,"https://quod.lib.umich.edu/c/clark1ic/x-003160170/39015091196470|https://quod.lib.umich.edu/cgi/i/image/api/search/clark1ic:003160170|oai:quod.lib.umich.edu:IC-CLARK1IC-X-003160170%5D39015091196470|http://name.umdl.umich.edu/IC-CLARK1IC-X-003160170%5D39015091196470|https://quod.lib.umich.edu/cgi/i/image/api/thumb/clark1ic/003160170/39015091196470/!250,250|https://quod.lib.umich.edu/cgi/i/image/api/manifest/clark1ic:003160170:39015091196470|003160170; e324341a-1cf8-4790-996c-5668dd5dbf83",2026-09-07T13:44:02.618670+00:00,existing
e35d73ef-c88a-46d6-8360-396679e2c100,"https://quod.lib.umich.edu/c/clark1ic/x-007296939/39015091195399_01|https://quod.lib.umich.edu/cgi/i/image/api/search/clark1ic:007296939|oai:quod.lib.umich.edu:IC-CLARK1IC-X-007296939%5D39015091195399_01|http://name.umdl.umich.edu/IC-CLARK1IC-X-007296939%5D39015091195399_01|https://quod.lib.umich.edu/cgi/i/image/api/thumb/clark1ic/007296939/39015091195399_01/!250,250|https://quod.lib.umich.edu/cgi/i/image/api/manifest/clark1ic:007296939:39015091195399_01|007296939; e35d73ef-c88a-46d6-8360-396679e2c100|oai:quod.lib.umich.edu:IC-CLARK1IC-X-007296939%5D39015091195399_02|http://name.umdl.umich.edu/IC-CLARK1IC-X-007296939%5D39015091195399_02|https://quod.lib.umich.edu/cgi/i/image/api/thumb/clark1ic/007296939/39015091195399_02/!250,250|https://quod.lib.umich.edu/cgi/i/image/api/manifest/clark1ic:007296939:39015091195399_02",2026-09-07T13:44:02.618720+00:00,existing
e38905ff-cc78-4c78-a9e7-3f2c8a90fb2c,"https://quod.lib.umich.edu/c/clark1ic/x-001293833/39015095388537|https://quod.lib.umich.edu/cgi/i/image/api/search/clark1ic:001293833|oai:quod.lib.umich.edu:IC-CLARK1IC-X-001293833%5D39015095388537|http://name.umdl.umich.edu/IC-CLARK1IC-X-001293833%5D39015095388537|https://quod.lib.umich.edu/cgi/i/image/api/thumb/clark1ic/001293833/39015095388537/!250,250|https://quod.lib.umich.edu/cgi/i/image/api/manifest/clark1ic:001293833:39015095388537|001293833; e38905ff-cc78-4c78-a9e7-3f2c8a90fb2c",2026-09-07T13:44:02.618755+00:00,existing
e3b18484-3617-406b-8fdc-6dc48c631dc5,"https://quod.lib.umich.edu/c/clark1ic/x-010348370/39015091192388_01|https://quod.lib.umich.edu/cgi/i/image/api/search/clark1ic:010348370|oai:quod.lib.umich.edu:IC-CLARK1IC-X-010348370%5D39015091192388_01|http://name.umdl.umich.edu/IC-CLARK1IC-X-010348370%5D39015091192388_01|https://quod.lib.umich.edu/cgi/i/image/api/thumb/clark1ic/010348370/39015091192388_01/!250,250|https://quod.lib.umich.edu/cgi/i/image/api/manifest/clark1ic:010348370:39015091192388_01|010348370; e3b18484-3617-406b-8fdc-6dc48c631dc5|oai:quod.lib.umich.edu:IC-CLARK1IC-X-010348370%5D39015091192388_02|http://name.umdl.umich.edu/IC-CLARK1IC-X-010348370%5D39015091192388_02|https://quod.lib.umich.edu/cgi/i/image/api/thumb/clark1ic/010348370/39015091192388_02/!250,250|https://quod.lib.umich.edu/cgi/i/image/api/manifest/clark1ic:010348370:39015091192388_02",2026-09-07T13:44:02.618802+00:00,existing
e402603d-f592-4d89-a9a7-75b16d39c4e6,"https://quod.lib.umich.edu/c/clark1ic/x-000082223/39015095417120|https://quod.lib.umich.edu/cgi/i/image/api/search/clark1ic:000082223|oai:quod.lib.umich.edu:IC-CLARK1IC-X-000082223%5D39015095417120|http://name.umdl.umich.edu/IC-CLARK1IC-X-000082223%5D39015095417120|https://quod.lib.umich.edu/cgi/i/image/api/thumb/clark1ic/000082223/39015095417120/!250,250|https://quod.lib.umich.edu/cgi/i/image/api/manifest/clark1ic:000082223:39015095417120|000082223; e402603d-f592-4d89-a9a7-75b16d39c4e6",2026-09-07T13:44:02.618836+00:00,existing
e416a481-874b-4b13-9eb9-b76372a6cf1c,"https://quod.lib.umich.edu/c/clark1ic/x-012536209/39015091193824_01|https://quod.lib.umich.edu/cgi/i/image/api/search/clark1ic:012536209|oai:quod.lib.umich.edu:IC-CLARK1IC-X-012536209%5D39015091193824_01|http://name.umdl.umich.edu/IC-CLARK1IC-X-012536209%5D39015091193824_01|https://quod.lib.umich.edu/cgi/i/image/api/thumb/clark1ic/012536209/39015091193824_01/!250,250|https://quod.lib.umich.edu/cgi/i/image/api/manifest/clark1ic:012536209:39015091193824_01|012536209; e416a481-874b-4b13-9eb9-b76372a6cf1c|oai:quod.lib.umich.edu:IC-CLARK1IC-X-012536209%5D39015091193824_02|http://name.umdl.umich.edu/IC-CLARK1IC-X-012536209%5D39015091193824_02|https://quod.lib.umich.edu/cgi/i/image/api/thumb/clark1ic/012536209/39015091193824_02/!250,250|https://quod.lib.umich.edu/cgi/i/image/api/manifest/clark1ic:012536209:39015091193824_02",2026-09-07T13:44:02.618883+00:00,existing
e42a8080-67bf-4501-a130-69c20d1cd3b1,"https://quod.lib.umich.edu/c/clark1ic/x-005276144/39015091197338|https://quod.lib.umich.edu/cgi/i/image/api/search/clark1ic:005276144|oai:quod.lib.umich.edu:IC-CLARK1IC-X-005276144%5D39015091197338|http://name.umdl.umich.edu/IC-CLARK1IC-X-005276144%5D39015091197338|https://quod.lib.umich.edu/cgi/i/image/api/thumb/clark1ic/005276144/39015091197338/!250,250|https://quod.lib.umich.edu/cgi/i/image/api/manifest/clark1ic:005276144:39015091197338|005276144; e42a8080-67bf-4501-a130-69c20d1cd3b1",2026-09-07T13:44:02.618917+00:00,existing
e48acabf-0e00-4961-a059-79b2706d08c2,"https://quod.lib.umich.edu/c/clark1ic/x-003285431/39015091199375|https://quod.lib.umich.edu/cgi/i/image/api/search/clark1ic:003285431|oai:quod.lib.umich.edu:IC-CLARK1IC-X-003285431%5D39015091199375|http://name.umdl.umich.edu/IC-CLARK1IC-X-003285431%5D39015091199375|https://quod.lib.umich.edu/cgi/i/image/api/thumb/clark1ic/003285431/39015091199375/!250,250|https://quod.lib.umich.edu/cgi/i/image/api/manifest/clark1ic:003285431:39015091199375|003285431; e48acabf-0e00-4961-a059-79b2706d08c2",2026-09-07T13:44:02.618951+00:00,existing
e4b3a96b-7505-4805-aabd-ead770eb50e9,"https://quod.lib.umich.edu/c/clark1ic/x-012639761/39015091191463_01|https://quod.lib.umich.edu/cgi/i/image/api/search/clark1ic:012639761|oai:quod.lib.umich.edu:IC-CLARK1IC-X-012639761%5D39015091191463_01|http://name.umdl.umich.edu/IC-CLARK1IC-X-012639761%5D39015091191463_01|https://quod.lib.umich.edu/cgi/i/image/api/thumb/clark1ic/012639761/39015091191463_01/!250,250|https://quod.lib.umich.edu/cgi/i/image/api/manifest/clark1ic:012639761:39015091191463_01|012639761; e4b3a96b-7505-4805-aabd-ead770eb50e9|oai:quod.lib.umich.edu:IC-CLARK1IC-X-012639761%5D39015091191463_02|http://name.umdl.umich.edu/IC-CLARK1IC-X-012639761%5D39015091191463_02|https://quod.lib.umich.edu/cgi/i/image/api/thumb/clark1ic/012639761/39015091191463_02/!250,250|https://quod.lib.umich.edu/cgi/i/image/api/manifest/clark1ic:012639761:39015091191463_02",2026-09-07T13:44:02.618997+00:00,existing
e4f966d4-5886-4adb-a6a6-5b49d1eab648,"https://quod.lib.umich.edu/c/clark1ic/x-003501158/39015095417153|https://quod.lib.umich.edu/cgi/i/image/api/search/clark1ic:003501158|oai:quod.lib.umich.edu:IC-CLARK1IC-X-003501158%5D39015095417153|http://name.umdl.umich.edu/IC-CLARK1IC-X-003501158%5D39015095417153|https://quod.lib.umich.edu/cgi/i/image/api/thumb/clark1ic/003501158/39015095417153/!250,250|https://quod.lib.umich.edu/cgi/i/image/api/manifest/clark1ic:003501158:39015095417153|003501158; e4f966d4-5886-4adb-a6a6-5b49d1eab648",2026-09-07T13:44:02.619031+00:00,existing
e54379c0-66da-4bb5-b166-161c4706659a,"https://quod.lib.umich.edu/c/clark1ic/x-000932467/39015091920549_01|https://quod.lib.umich.edu/cgi/i/image/api/search/clark1ic:000932467|oai:quod.lib.umich.edu:IC-CLARK1IC-X-000932467%5D39015091920549_01|http://name.umdl.umich.edu/IC-CLARK1IC-X-000932467%5D39015091920549_01|https://quod.lib.umich.edu/cgi/i/image/api/thumb/clark1ic/000932467/39015091920549_01/!250,250|https://quod.lib.umich.edu/cgi/i/image/api/manifest/clark1ic:000932467:39015091920549_01|000932467; e54379c0-66da-4bb5-b166-161c4706659a|oai:quod.lib.umich.edu:IC-CLARK1IC-X-000932467%5D39015091920549_02|http://name.umdl.umich.edu/IC-CLARK1IC-X-000932467%5D39015091920549_02|https://quod.lib.umich.edu/cgi/i/image/api/thumb/clark1ic/000932467/39015091920549_02/!250,250|https://quod.lib.umich.edu/cgi/i/image/api/manifest/clark1ic:000932467:39015091920549_02|oai:quod.lib.umich.edu:IC-CLARK1IC-X-000932467%5D39015091920549_03|http://name.umdl.umich.edu/IC-CLARK1IC-X-000932467%5D39015091920549_03|https://quod.lib.umich.edu/cgi/i/image/api/thumb/clark1ic/000932467/39015091920549_03/!250,250|https://quod.lib.umich.edu/cgi/i/image/api/manifest/clark1ic:000932467:39015091920549_03|oai:quod.lib.umich.edu:IC-CLARK1IC-X-000932467%5D39015091920549_04|http://name.umdl.umich.edu/IC-CLARK1IC-X-000932467%5D39015091920549_04|https://quod.lib.umich.edu/cgi/i/image/api/thumb/clark1ic/000932467/39015091920549_04/!250,250|https://quod.lib.umich.edu/cgi/i/image/api/manifest/clark1ic:000932467:39015091920549_04",2026-09-07T13:44:02.619105+00:00,existing
e54a3317-8393-4e6e-8596-755681ad6dd6,"https://quod.lib.umich.edu/c/clark1ic/x-003289029/39015091199235|https://quod.lib.umich.edu/cgi/i/image/api/search/clark1ic:003289029|oai:quod.lib.umich.edu:IC-CLARK1IC-X-003289029%5D39015091199235|http://name.umdl.umich.edu/IC-CLARK1IC-X-003289029%5D39015091199235|https://quod.lib.umich.edu/cgi/i/image/api/thumb/clark1ic/003289029/39015091199235/!250,250|https://quod.lib.umich.edu/cgi/i/image/api/manifest/clark1ic:003289029:39015091199235|003289029; e54a3317-8393-4e6e-8596-755681ad6dd6",2026-09-07T13:44:02.619138+00:00,existing
e5939a35-6819-4b57-a72a-8d126f7a6d87,"https://quod.lib.umich.edu/c/clark1ic/x-004204103/39015091192602_01|https://quod.lib.umich.edu/cgi/i/image/api/search/clark1ic:004204103|oai:quod.lib.umich.edu:IC-CLARK1IC-X-004204103%5D39015091192602_01|http://name.umdl.umich.edu/IC-CLARK1IC-X-004204103%5D39015091192602_01|https://quod.lib.umich.edu/cgi/i/image/api/thumb/clark1ic/004204103/39015091192602_01/!250,250|https://quod.lib.umich.edu/cgi/i/image/api/manifest/clark1ic:004204103:39015091192602_01|004204103; e5939a35-6819-4b57-a72a-8d126f7a6d87",2026-09-07T13:44:02.619172+00:00,existing
e5d98078-02ea-4ec7-bd3f-039d0bafb475,"https://quod.lib.umich.edu/c/clark1ic/x-011349206/39015091186539|https://quod.lib.umich.edu/cgi/i/image/api/search/clark1ic:011349206|oai:quod.lib.umich.edu:IC-CLARK1IC-X-011349206%5D39015091186539|http://name.umdl.umich.edu/IC-CLARK1IC-X-011349206%5D39015091186539|https://quod.lib.umich.edu/cgi/i/image/api/thumb/clark1ic/011349206/39015091186539/!250,250|https://quod.lib.umich.edu/cgi/i/image/api/manifest/clark1ic:011349206:39015091186539|011349206; e5d98078-02ea-4ec7-bd3f-039d0bafb475",2026-09-07T13:44:02.619205+00:00,existing
e5fbdb77-200b-412e-8dd0-1692767f4adf,https://quod.lib.umich.edu/c/clark1ic/x-000887578/39015091921521_01|https://quod.lib.umich.edu/cgi/i/image/api/search/clark1ic:000887578,2026-09-07T13:44:02.619221+00:00,existing
e60c2e19-19d9-4f47-a8de-e611ee618518,"https://quod.lib.umich.edu/c/clark1ic/x-004154354/39015091185929|https://quod.lib.umich.edu/cgi/i/image/api/search/clark1ic:004154354|oai:quod.lib.umich.edu:IC-CLARK1IC-X-004154354%5D39015091185929|http://name.umdl.umich.edu/IC-CLARK1IC-X-004154354%5D39015091185929|https://quod.lib.umich.edu/cgi/i/image/api/thumb/clark1ic/004154354/39015091185929/!250,250|https://quod.lib.umich.edu/cgi/i/image/api/manifest/clark1ic:004154354:39015091185929|004154354; e60c2e19-19d9-4f47-a8de-e611ee618518",2026-09-07T13:44:02.619252+00:00,existing
e610480a-f444-4a58-a772-95967ffc1e78,"https://quod.lib.umich.edu/c/clark1ic/x-013538278/39015091897010|https://quod.lib.umich.edu/cgi/i/image/api/search/clark1ic:013538278|oai:quod.lib.umich.edu:IC-CLARK1IC-X-013538278%5D39015091897010|http://name.umdl.umich.edu/IC-CLARK1IC-X-013538278%5D39015091897010|https://quod.lib.umich.edu/cgi/i/image/api/thumb/clark1ic/013538278/39015091897010/!250,250|https://quod.lib.umich.edu/cgi/i/image/api/manifest/clark1ic:013538278:39015091897010|013538278; e610480a-f444-4a58-a772-95967ffc1e78",2026-09-07T13:44:02.619285+00:00,existing
e66c9259-036d-477d-b056-38ee62750a64,"https://quod.lib.umich.edu/c/clark1ic/x-009904499/39015095390855|https://quod.lib.umich.edu/cgi/i/image/api/search/clark1ic:009904499|oai:quod.lib.umich.edu:IC-CLARK1IC-X-009904499%5D39015095390855|http://name.umdl.umich.edu/IC-CLARK1IC-X-009904499%5D39015095390855|https://quod.lib.umich.edu/cgi/i/image/api/thumb/clark1ic/009904499/39015095390855/!250,250|https://quod.lib.umich.edu/cgi/i/image/api/manifest/clark1ic:009904499:39015095390855|009904499; e66c9259-036d-477d-b056-38ee62750a64",2026-09-07T13:44:02.619317+00:00,existing
e6b7f4e3-0334-45e5-a3a3-bcc249edb3a2,"https://quod.lib.umich.edu/c/clark1ic/x-003281701/39015091183643|https://quod.lib.umich.edu/cgi/i/image/api/search/clark1ic:003281701|oai:quod.lib.umich.edu:IC-CLARK1IC-X-003281701%5D39015091183643|http://name.umdl.umich.edu/IC-CLARK1IC-X-003281701%5D39015091183643|https://quod.lib.umich.edu/cgi/i/image/api/thumb/clark1ic/003281701/39015091183643/!250,250|https://quod.lib.umich.edu/cgi/i/image/api/manifest/clark1ic:003281701:39015091183643|003281701; e6b7f4e3-0334-45e5-a3a3-bcc249edb3a2",2026-09-07T13:44:02.619349+00:00,existing
e6c04c3a-8eae-4823-93f7-78f3e9e09aca,"https://quod.lib.umich.edu/c/clark1ic/x-012537718/39015095391101|https://quod.lib.umich.edu/cgi/i/image/api/search/clark1ic:012537718|oai:quod.lib.umich.edu:IC-CLARK1IC-X-012537718%5D39015095391101|http://name.umdl.umich.edu/IC-CLARK1IC-X-012537718%5D39015095391101|https://quod.lib.umich.edu/cgi/i/image/api/thumb/clark1ic/012537718/39015095391101/!250,250|https://quod.lib.umich.edu/cgi/i/image/api/manifest/clark1ic:012537718:39015095391101|012537718; e6c04c3a-8eae-4823-93f7-78f3e9e09aca",2026-09-07T13:44:02.619381+00:00,existing
e717ff30-2806-491d-9c10-8d12456afeb6,"https://quod.lib.umich.edu/c/clark1ic/x-004075422/39015091193840_01|https://quod.lib.umich.edu/cgi/i/image/api/search/clark1ic:004075422|oai:quod.lib.umich.edu:IC-CLARK1IC-X-004075422%5D39015091193840_01|http://name.umdl.umich.edu/IC-CLARK1IC-X-004075422%5D39015091193840_01|https://quod.lib.umich.edu/cgi/i/image/api/thumb/clark1ic/004075422/39015091193840_01/!250,250|https://quod.lib.umich.edu/cgi/i/image/api/manifest/clark1ic:004075422:39015091193840_01|004075422; e717ff30-2806-491d-9c10-8d12456afeb6|oai:quod.lib.umich.edu:IC-CLARK1IC-X-004075422%5D39015091193840_02|http://name.umdl.umich.edu/IC-CLARK1IC-X-004075422%5D39015091193840_02|https://quod.lib.umich.edu/cgi/i/image/api/thumb/clark1ic/004075422/39015091193840_02/!250,250|https://quod.lib.umich.edu/cgi/i/image/api/manifest/clark1ic:004075422:39015091193840_02",2026-09-07T13:44:02.619433+00:00,existing
e71f4fdd-4f5d-4670-bcc2-f2894eac2fa3,"https://quod.lib.umich.edu/c/clark1ic/x-010563905/39015091880511|https://quod.lib.umich.edu/cgi/i/image/api/search/clark1ic:010563905|oai:quod.lib.umich.edu:IC-CLARK1IC-X-010563905%5D39015091880511|http://name.umdl.umich.edu/IC-CLARK1IC-X-010563905%5D39015091880511|https://quod.lib.umich.edu/cgi/i/image/api/thumb/clark1ic/010563905/39015091880511/!250,250|https://quod.lib.umich.edu/cgi/i/image/api/manifest/clark1ic:010563905:39015091880511|010563905; e71f4fdd-4f5d-4670-bcc2-f2894eac2fa3",2026-09-07T13:44:02.619473+00:00,existing
e72865d5-e39e-4b52-bc16-f3fb902feea9,"https://quod.lib.umich.edu/c/clark1ic/x-003287385/39015091186588|https://quod.lib.umich.edu/cgi/i/image/api/search/clark1ic:003287385|oai:quod.lib.umich.edu:IC-CLARK1IC-X-003287385%5D39015091186588|http://name.umdl.umich.edu/IC-CLARK1IC-X-003287385%5D39015091186588|https://quod.lib.umich.edu/cgi/i/image/api/thumb/clark1ic/003287385/39015091186588/!250,250|https://quod.lib.umich.edu/cgi/i/image/api/manifest/clark1ic:003287385:39015091186588|003287385; e72865d5-e39e-4b52-bc16-f3fb902feea9",2026-09-07T13:44:02.619505+00:00,existing
e78c7401-dd3e-4684-8fa2-da2a59735163,"https://quod.lib.umich.edu/c/clark1ic/x-003285794/39015091910763|https://quod.lib.umich.edu/cgi/i/image/api/search/clark1ic:003285794|oai:quod.lib.umich.edu:IC-CLARK1IC-X-003285794%5D39015091910763|http://name.umdl.umich.edu/IC-CLARK1IC-X-003285794%5D39015091910763|https://quod.lib.umich.edu/cgi/i/image/api/thumb/clark1ic/003285794/39015091910763/!250,250|https://quod.lib.umich.edu/cgi/i/image/api/manifest/clark1ic:003285794:39015091910763|003285794; e78c7401-dd3e-4684-8fa2-da2a59735163",2026-09-07T13:44:02.619538+00:00,existing
e7929170-88d8-4fcd-bfaf-29b77897d672,"https://quod.lib.umich.edu/c/clark1ic/x-008459398/39015091195308|https://quod.lib.umich.edu/cgi/i/image/api/search/clark1ic:008459398|oai:quod.lib.umich.edu:IC-CLARK1IC-X-008459398%5D39015091195308|http://name.umdl.umich.edu/IC-CLARK1IC-X-008459398%5D39015091195308|https://quod.lib.umich.edu/cgi/i/image/api/thumb/clark1ic/008459398/39015091195308/!250,250|https://quod.lib.umich.edu/cgi/i/image/api/manifest/clark1ic:008459398:39015091195308|008459398; e7929170-88d8-4fcd-bfaf-29b77897d672",2026-09-07T13:44:02.619575+00:00,existing
e7da0e2b-78e6-4aa6-8ac0-4ac2f55be009,"https://quod.lib.umich.edu/c/clark1ic/x-002720536/39015091196983|https://quod.lib.umich.edu/cgi/i/image/api/search/clark1ic:002720536|oai:quod.lib.umich.edu:IC-CLARK1IC-X-002720536%5D39015091196983|http://name.umdl.umich.edu/IC-CLARK1IC-X-002720536%5D39015091196983|https://quod.lib.umich.edu/cgi/i/image/api/thumb/clark1ic/002720536/39015091196983/!250,250|https://quod.lib.umich.edu/cgi/i/image/api/manifest/clark1ic:002720536:39015091196983|002720536; e7da0e2b-78e6-4aa6-8ac0-4ac2f55be009",2026-09-07T13:44:02.619613+00:00,existing
e8412999-b556-4064-821e-ed3fa8a96410,"https://quod.lib.umich.edu/c/clark1ic/x-003278700/39015091186216|https://quod.lib.umich.edu/cgi/i/image/api/search/clark1ic:003278700|oai:quod.lib.umich.edu:IC-CLARK1IC-X-003278700%5D39015091186216|http://name.umdl.umich.edu/IC-CLARK1IC-X-003278700%5D39015091186216|https://quod.lib.umich.edu/cgi/i/image/api/thumb/clark1ic/003278700/39015091186216/!250,250|https://quod.lib.umich.edu/cgi/i/image/api/manifest/clark1ic:003278700:39015091186216|003278700; e8412999-b556-4064-821e-ed3fa8a96410",2026-09-07T13:44:02.619651+00:00,existing
e86ff6da-a9cc-41c4-9771-a7767b071dda,"https://quod.lib.umich.edu/c/clark1ic/x-003282283/39015091194137_01|https://quod.lib.umich.edu/cgi/i/image/api/search/clark1ic:003282283|oai:quod.lib.umich.edu:IC-CLARK1IC-X-003282283%5D39015091194137_01|http://name.umdl.umich.edu/IC-CLARK1IC-X-003282283%5D39015091194137_01|https://quod.lib.umich.edu/cgi/i/image/api/thumb/clark1ic/003282283/39015091194137_01/!250,250|https://quod.lib.umich.edu/cgi/i/image/api/manifest/clark1ic:003282283:39015091194137_01|003282283; e86ff6da-a9cc-41c4-9771-a7767b071dda|oai:quod.lib.umich.edu:IC-CLARK1IC-X-003282283%5D39015091194137_02|http://name.umdl.umich.edu/IC-CLARK1IC-X-003282283%5D39015091194137_02|https://quod.lib.umich.edu/cgi/i/image/api/thumb/clark1ic/003282283/39015091194137_02/!250,250|https://quod.lib.umich.edu/cgi/i/image/api/manifest/clark1ic:003282283:39015091194137_02",2026-09-07T13:44:02.619699+00:00,existing
e8c3955d-4861-4f6a-88c7-d3936229d491,"https://quod.lib.umich.edu/c/clark1ic/x-003283813/39015091184831|https://quod.lib.umich.edu/cgi/i/image/api/search/clark1ic:003283813|oai:quod.lib.umich.edu:IC-CLARK1IC-X-003283813%5D39015091184831|http://name.umdl.umich.edu/IC-CLARK1IC-X-003283813%5D39015091184831|https://quod.lib.umich.edu/cgi/i/image/api/thumb/clark1ic/003283813/39015091184831/!250,250|https://quod.lib.umich.edu/cgi/i/image/api/manifest/clark1ic:003283813:39015091184831|003283813; e8c3955d-4861-4f6a-88c7-d3936229d491",2026-09-07T13:44:02.619733+00:00,existing
e8d50a40-7756-4b55-9abf-65fa05d9c809,"https://quod.lib.umich.edu/c/clark1ic/x-004077742/39015091193725_01|https://quod.lib.umich.edu/cgi/i/image/api/search/clark1ic:004077742|oai:quod.lib.umich.edu:IC-CLARK1IC-X-004077742%5D39015091193725_01|http://name.umdl.umich.edu/IC-CLARK1IC-X-004077742%5D39015091193725_01|https://quod.lib.umich.edu/cgi/i/image/api/thumb/clark1ic/004077742/39015091193725_01/!250,250|https://quod.lib.umich.edu/cgi/i/image/api/manifest/clark1ic:004077742:39015091193725_01|004077742; e8d50a40-7756-4b55-9abf-65fa05d9c809|oai:quod.lib.umich.edu:IC-CLARK1IC-X-004077742%5D39015091193725_02|http://name.umdl.umich.edu/IC-CLARK1IC-X-004077742%5D39015091193725_02|https://quod.lib.umich.edu/cgi/i/image/api/thumb/clark1ic/004077742/39015091193725_02/!250,250|https://quod.lib.umich.edu/cgi/i/image/api/manifest/clark1ic:004077742:39015091193725_02",2026-09-07T13:44:02.619780+00:00,existing
e8fbcd94-fdeb-4ec5-8c32-2060ee178f78,"https://quod.lib.umich.edu/c/clark1ic/x-000082568/39015091911084|https://quod.lib.umich.edu/cgi/i/image/api/search/clark1ic:000082568|oai:quod.lib.umich.edu:IC-CLARK1IC-X-000082568%5D39015091911084|http://name.umdl.umich.edu/IC-CLARK1IC-X-000082568%5D39015091911084|https://quod.lib.umich.edu/cgi/i/image/api/thumb/clark1ic/000082568/39015091911084/!250,250|https://quod.lib.umich.edu/cgi/i/image/api/manifest/clark1ic:000082568:39015091911084|000082568; e8fbcd94-fdeb-4ec5-8c32-2060ee178f78",2026-09-07T13:44:02.619814+00:00,existing
e92db961-c452-4fba-8335-f5bb771792e8,"https://quod.lib.umich.edu/c/clark1ic/x-009851395/39015091915895|https://quod.lib.umich.edu/cgi/i/image/api/search/clark1ic:009851395|oai:quod.lib.umich.edu:IC-CLARK1IC-X-009851395%5D39015091915895|http://name.umdl.umich.edu/IC-CLARK1IC-X-009851395%5D39015091915895|https://quod.lib.umich.edu/cgi/i/image/api/thumb/clark1ic/009851395/39015091915895/!250,250|https://quod.lib.umich.edu/cgi/i/image/api/manifest/clark1ic:009851395:39015091915895|009851395; e92db961-c452-4fba-8335-f5bb771792e8|oai:quod.lib.umich.edu:IC-CLARK1IC-X-009851395%5D39015091915903|http://name.umdl.umich.edu/IC-CLARK1IC-X-009851395%5D39015091915903|https://quod.lib.umich.edu/cgi/i/image/api/thumb/clark1ic/009851395/39015091915903/!250,250|https://quod.lib.umich.edu/cgi/i/image/api/manifest/clark1ic:009851395:39015091915903",2026-09-07T13:44:02.619860+00:00,existing
e933965f-ccc9-48ff-a063-30c32ae928aa,"https://quod.lib.umich.edu/c/clark1ic/x-001293831/39015091897143|https://quod.lib.umich.edu/cgi/i/image/api/search/clark1ic:001293831|oai:quod.lib.umich.edu:IC-CLARK1IC-X-001293831%5D39015091897143|http://name.umdl.umich.edu/IC-CLARK1IC-X-001293831%5D39015091897143|https://quod.lib.umich.edu/cgi/i/image/api/thumb/clark1ic/001293831/39015091897143/!250,250|https://quod.lib.umich.edu/cgi/i/image/api/manifest/clark1ic:001293831:39015091897143|001293831; e933965f-ccc9-48ff-a063-30c32ae928aa",2026-09-07T13:44:02.619899+00:00,existing
e95504dc-10fb-49bf-a80e-651be166181b,https://quod.lib.umich.edu/c/clark1ic/x-010348621/39015091192248_01|https://quod.lib.umich.edu/cgi/i/image/api/search/clark1ic:010348621,2026-09-07T13:44:02.619917+00:00,existing
e9a9ca35-fec4-4802-bf51-b6d0fbd740b6,"https://quod.lib.umich.edu/c/clark1ic/x-002550360/39015091916307|https://quod.lib.umich.edu/cgi/i/image/api/search/clark1ic:002550360|oai:quod.lib.umich.edu:IC-CLARK1IC-X-002550360%5D39015091916307|http://name.umdl.umich.edu/IC-CLARK1IC-X-002550360%5D39015091916307|https://quod.lib.umich.edu/cgi/i/image/api/thumb/clark1ic/002550360/39015091916307/!250,250|https://quod.lib.umich.edu/cgi/i/image/api/manifest/clark1ic:002550360:39015091916307|002550360; e9a9ca35-fec4-4802-bf51-b6d0fbd740b6",2026-09-07T13:44:02.619956+00:00,existing
e9b2c66a-c9ce-44c2-b3b2-6eb247635ef6,"https://quod.lib.umich.edu/c/clark1ic/x-005584461/39015091910920|https://quod.lib.umich.edu/cgi/i/image/api/search/clark1ic:005584461|oai:quod.lib.umich.edu:IC-CLARK1IC-X-005584461%5D39015091910920|http://name.umdl.umich.edu/IC-CLARK1IC-X-005584461%5D39015091910920|https://quod.lib.umich.edu/cgi/i/image/api/thumb/clark1ic/005584461/39015091910920/!250,250|https://quod.lib.umich.edu/cgi/i/image/api/manifest/clark1ic:005584461:39015091910920|005584461; e9b2c66a-c9ce-44c2-b3b2-6eb247635ef6|oai:quod.lib.umich.edu:IC-CLARK1IC-X-005584461%5D39015091910938|http://name.umdl.umich.edu/IC-CLARK1IC-X-005584461%5D39015091910938|https://quod.lib.umich.edu/cgi/i/image/api/thumb/clark1ic/005584461/39015091910938/!250,250|https://quod.lib.umich.edu/cgi/i/image/api/manifest/clark1ic:005584461:39015091910938|oai:quod.lib.umich.edu:IC-CLARK1IC-X-005584461%5D39015091910946|http://name.umdl.umich.edu/IC-CLARK1IC-X-005584461%5D39015091910946|https://quod.lib.umich.edu/cgi/i/image/api/thumb/clark1ic/005584461/39015091910946/!250,250|https://quod.lib.umich.edu/cgi/i/image/api/manifest/clark1ic:005584461:39015091910946",2026-09-07T13:44:02.620015+00:00,existing
e9b44ef2-5e6d-4a93-bf1a-fe09d67625f1,"https://quod.lib.umich.edu/c/clark1ic/x-003063776/39015095417138|https://quod.lib.umich.edu/cgi/i/image/api/search/clark1ic:003063776|oai:quod.lib.umich.edu:IC-CLARK1IC-X-003063776%5D39015095417138|http://name.umdl.umich.edu/IC-CLARK1IC-X-003063776%5D39015095417138|https://quod.lib.umich.edu/cgi/i/image/api/thumb/clark1ic/003063776/39015095417138/!250,250|https://quod.lib.umich.edu/cgi/i/image/api/manifest/clark1ic:003063776:39015095417138|003063776; e9b44ef2-5e6d-4a93-bf1a-fe09d67625f1",2026-09-07T13:44:02.620048+00:00,existing
e9dd7d6a-f2bd-4587-83b1-315be1770972,"https://quod.lib.umich.edu/c/clark1ic/x-003281415/39015091916554|https://quod.lib.umich.edu/cgi/i/image/api/search/clark1ic:003281415|oai:quod.lib.umich.edu:IC-CLARK1IC-X-003281415%5D39015091916554|http://name.umdl.umich.edu/IC-CLARK1IC-X-003281415%5D39015091916554|https://quod.lib.umich.edu/cgi/i/image/api/thumb/clark1ic/003281415/39015091916554/!250,250|https://quod.lib.umich.edu/cgi/i/image/api/manifest/clark1ic:003281415:39015091916554|003281415; e9dd7d6a-f2bd-4587-83b1-315be1770972",2026-09-07T13:44:02.620080+00:00,existing
e9e555bf-522b-4ac3-9b1b-88b86a096355,"https://quod.lib.umich.edu/c/clark1ic/x-003878564/39015091197346|https://quod.lib.umich.edu/cgi/i/image/api/search/clark1ic:003878564|oai:quod.lib.umich.edu:IC-CLARK1IC-X-003878564%5D39015091197346|http://name.umdl.umich.edu/IC-CLARK1IC-X-003878564%5D39015091197346|https://quod.lib.umich.edu/cgi/i/image/api/thumb/clark1ic/003878564/39015091197346/!250,250|https://quod.lib.umich.edu/cgi/i/image/api/manifest/clark1ic:003878564:39015091197346|003878564; e9e555bf-522b-4ac3-9b1b-88b86a096355",2026-09-07T13:44:02.620113+00:00,existing
eacef6c9-3b5a-41e0-83ee-098d84947ad9,"https://quod.lib.umich.edu/c/clark1ic/x-003608693/39015095414390_01|https://quod.lib.umich.edu/cgi/i/image/api/search/clark1ic:003608693|oai:quod.lib.umich.edu:IC-CLARK1IC-X-003608693%5D39015095414390_01|http://name.umdl.umich.edu/IC-CLARK1IC-X-003608693%5D39015095414390_01|https://quod.lib.umich.edu/cgi/i/image/api/thumb/clark1ic/003608693/39015095414390_01/!250,250|https://quod.lib.umich.edu/cgi/i/image/api/manifest/clark1ic:003608693:39015095414390_01|003608693; eacef6c9-3b5a-41e0-83ee-098d84947ad9",2026-09-07T13:44:02.620146+00:00,existing
eaf95aa2-749a-46d2-bc60-a4ae0ef041e3,"https://quod.lib.umich.edu/c/clark1ic/x-000861733/39015091910045_01|https://quod.lib.umich.edu/cgi/i/image/api/search/clark1ic:000861733|oai:quod.lib.umich.edu:IC-CLARK1IC-X-000861733%5D39015091910045_01|http://name.umdl.umich.edu/IC-CLARK1IC-X-000861733%5D39015091910045_01|https://quod.lib.umich.edu/cgi/i/image/api/thumb/clark1ic/000861733/39015091910045_01/!250,250|https://quod.lib.umich.edu/cgi/i/image/api/manifest/clark1ic:000861733:39015091910045_01|000861733; eaf95aa2-749a-46d2-bc60-a4ae0ef041e3|oai:quod.lib.umich.edu:IC-CLARK1IC-X-000861733%5D39015091910045_02|http://name.umdl.umich.edu/IC-CLARK1IC-X-000861733%5D39015091910045_02|https://quod.lib.umich.edu/cgi/i/image/api/thumb/clark1ic/000861733/39015091910045_02/!250,250|https://quod.lib.umich.edu/cgi/i/image/api/manifest/clark1ic:000861733:39015091910045_02|oai:quod.lib.umich.edu:IC-CLARK1IC-X-000861733%5D39015091910052_01|http://name.umdl.umich.edu/IC-CLARK1IC-X-000861733%5D39015091910052_01|https://quod.lib.umich.edu/cgi/i/image/api/thumb/clark1ic/000861733/39015091910052_01/!250,250|https://quod.lib.umich.edu/cgi/i/image/api/manifest/clark1ic:000861733:39015091910052_01|oai:quod.lib.umich.edu:IC-CLARK1IC-X-000861733%5D39015091910052_02|http://name.umdl.umich.edu/IC-CLARK1IC-X-000861733%5D39015091910052_02|https://quod.lib.umich.edu/cgi/i/image/api/thumb/clark1ic/000861733/39015091910052_02/!250,250|https://quod.lib.umich.edu/cgi/i/image/api/manifest/clark1ic:000861733:39015091910052_02|oai:quod.lib.umich.edu:IC-CLARK1IC-X-000861733%5D39015091910060_01|http://name.umdl.umich.edu/IC-CLARK1IC-X-000861733%5D39015091910060_01|https://quod.lib.umich.edu/cgi/i/image/api/thumb/clark1ic/000861733/39015091910060_01/!250,250|https://quod.lib.umich.edu/cgi/i/image/api/manifest/clark1ic:000861733:39015091910060_01|oai:quod.lib.umich.edu:IC-CLARK1IC-X-000861733%5D39015091910060_02|http://name.umdl.umich.edu/IC-CLARK1IC-X-000861733%5D39015091910060_02|https://quod.lib.umich.edu/cgi/i/image/api/thumb/clark1ic/000861733/39015091910060_02/!250,250|https://quod.lib.umich.edu/cgi/i/image/api/manifest/clark1ic:000861733:39015091910060_02|oai:quod.lib.umich.edu:IC-CLARK1IC-X-000861733%5D39015091910078_01|http://name.umdl.umich.edu/IC-CLARK1IC-X-000861733%5D39015091910078_01|https://quod.lib.umich.edu/cgi/i/image/api/thumb/clark1ic/000861733/39015091910078_01/!250,250|https://quod.lib.umich.edu/cgi/i/image/api/manifest/clark1ic:000861733:39015091910078_01|oai:quod.lib.umich.edu:IC-CLARK1IC-X-000861733%5D39015091910078_02|http://name.umdl.umich.edu/IC-CLARK1IC-X-000861733%5D39015091910078_02|https://quod.lib.umich.edu/cgi/i/image/api/thumb/clark1ic/000861733/39015091910078_02/!250,250|https://quod.lib.umich.edu/cgi/i/image/api/manifest/clark1ic:000861733:39015091910078_02",2026-09-07T13:44:02.620270+00:00,existing
eafbb9f2-27be-4007-b227-d2f323c9b87b,"https://quod.lib.umich.edu/c/clark1ic/x-003284865/39015091191638_01|https://quod.lib.umich.edu/cgi/i/image/api/search/clark1ic:003284865|oai:quod.lib.umich.edu:IC-CLARK1IC-X-003284865%5D39015091191638_01|http://name.umdl.umich.edu/IC-CLARK1IC-X-003284865%5D39015091191638_01|https://quod.lib.umich.edu/cgi/i/image/api/thumb/clark1ic/003284865/39015091191638_01/!250,250|https://quod.lib.umich.edu/cgi/i/image/api/manifest/clark1ic:003284865:39015091191638_01|003284865; eafbb9f2-27be-4007-b227-d2f323c9b87b",2026-09-07T13:44:02.620304+00:00,existing
eb49b392-72fc-41c8-a696-04055d87d92e,"https://quod.lib.umich.edu/c/clark1ic/x-013463095/39015091184799_01|https://quod.lib.umich.edu/cgi/i/image/api/search/clark1ic:013463095|oai:quod.lib.umich.edu:IC-CLARK1IC-X-013463095%5D39015091184799_01|http://name.umdl.umich.edu/IC-CLARK1IC-X-013463095%5D39015091184799_01|https://quod.lib.umich.edu/cgi/i/image/api/thumb/clark1ic/013463095/39015091184799_01/!250,250|https://quod.lib.umich.edu/cgi/i/image/api/manifest/clark1ic:013463095:39015091184799_01|013463095; eb49b392-72fc-41c8-a696-04055d87d92e",2026-09-07T13:44:02.620335+00:00,existing
eb5e6ae8-0d84-4e95-991c-ab476886cc57,"https://quod.lib.umich.edu/c/clark1ic/x-003561356/39015091193980|https://quod.lib.umich.edu/cgi/i/image/api/search/clark1ic:003561356|oai:quod.lib.umich.edu:IC-CLARK1IC-X-003561356%5D39015091193980|http://name.umdl.umich.edu/IC-CLARK1IC-X-003561356%5D39015091193980|https://quod.lib.umich.edu/cgi/i/image/api/thumb/clark1ic/003561356/39015091193980/!250,250|https://quod.lib.umich.edu/cgi/i/image/api/manifest/clark1ic:003561356:39015091193980|003561356; eb5e6ae8-0d84-4e95-991c-ab476886cc57|oai:quod.lib.umich.edu:IC-CLARK1IC-X-003561356%5D39015091193998|http://name.umdl.umich.edu/IC-CLARK1IC-X-003561356%5D39015091193998|https://quod.lib.umich.edu/cgi/i/image/api/thumb/clark1ic/003561356/39015091193998/!250,250|https://quod.lib.umich.edu/cgi/i/image/api/manifest/clark1ic:003561356:39015091193998",2026-09-07T13:44:02.620380+00:00,existing
ec3588d4-bb0b-477e-9366-7765627bf49f,"https://quod.lib.umich.edu/c/clark1ic/x-003287914/39015091910391|https://quod.lib.umich.edu/cgi/i/image/api/search/clark1ic:003287914|oai:quod.lib.umich.edu:IC-CLARK1IC-X-003287914%5D39015091910391|http://name.umdl.umich.edu/IC-CLARK1IC-X-003287914%5D39015091910391|https://quod.lib.umich.edu/cgi/i/image/api/thumb/clark1ic/003287914/39015091910391/!250,250|https://quod.lib.umich.edu/cgi/i/image/api/manifest/clark1ic:003287914:39015091910391|003287914; ec3588d4-bb0b-477e-9366-7765627bf49f",2026-09-07T13:44:02.620413+00:00,existing
ec3e347f-2d21-4bbe-9e54-99856a724111,"https://quod.lib.umich.edu/c/clark1ic/x-011349235/39015091186240|https://quod.lib.umich.edu/cgi/i/image/api/search/clark1ic:011349235|oai:quod.lib.umich.edu:IC-CLARK1IC-X-011349235%5D39015091186240|http://name.umdl.umich.edu/IC-CLARK1IC-X-011349235%5D39015091186240|https://quod.lib.umich.edu/cgi/i/image/api/thumb/clark1ic/011349235/39015091186240/!250,250|https://quod.lib.umich.edu/cgi/i/image/api/manifest/clark1ic:011349235:39015091186240|011349235; ec3e347f-2d21-4bbe-9e54-99856a724111",2026-09-07T13:44:02.620444+00:00,existing
ecf09765-a59b-42af-8bb4-06a339013081,"https://quod.lib.umich.edu/c/clark1ic/x-004166794/39015091916083|https://quod.lib.umich.edu/cgi/i/image/api/search/clark1ic:004166794|oai:quod.lib.umich.edu:IC-CLARK1IC-X-004166794%5D39015091916083|http://name.umdl.umich.edu/IC-CLARK1IC-X-004166794%5D39015091916083|https://quod.lib.umich.edu/cgi/i/image/api/thumb/clark1ic/004166794/39015091916083/!250,250|https://quod.lib.umich.edu/cgi/i/image/api/manifest/clark1ic:004166794:39015091916083|004166794; ecf09765-a59b-42af-8bb4-06a339013081",2026-09-07T13:44:02.620475+00:00,existing
ecf18c39-1333-4e2b-8887-816a31699f75,"https://quod.lib.umich.edu/c/clark1ic/x-003281597/39015091197239|https://quod.lib.umich.edu/cgi/i/image/api/search/clark1ic:003281597|oai:quod.lib.umich.edu:IC-CLARK1IC-X-003281597%5D39015091197239|http://name.umdl.umich.edu/IC-CLARK1IC-X-003281597%5D39015091197239|https://quod.lib.umich.edu/cgi/i/image/api/thumb/clark1ic/003281597/39015091197239/!250,250|https://quod.lib.umich.edu/cgi/i/image/api/manifest/clark1ic:003281597:39015091197239|003281597; ecf18c39-1333-4e2b-8887-816a31699f75",2026-09-07T13:44:02.620530+00:00,existing
ed5356c4-4b81-4e91-b8bc-44ac471f265e,"https://quod.lib.umich.edu/c/clark1ic/x-003538733/39015091898984_01|https://quod.lib.umich.edu/cgi/i/image/api/search/clark1ic:003538733|oai:quod.lib.umich.edu:IC-CLARK1IC-X-003538733%5D39015091898984_01|http://name.umdl.umich.edu/IC-CLARK1IC-X-003538733%5D39015091898984_01|https://quod.lib.umich.edu/cgi/i/image/api/thumb/clark1ic/003538733/39015091898984_01/!250,250|https://quod.lib.umich.edu/cgi/i/image/api/manifest/clark1ic:003538733:39015091898984_01|003538733; ed5356c4-4b81-4e91-b8bc-44ac471f265e|oai:quod.lib.umich.edu:IC-CLARK1IC-X-003538733%5D39015091898984_02|http://name.umdl.umich.edu/IC-CLARK1IC-X-003538733%5D39015091898984_02|https://quod.lib.umich.edu/cgi/i/image/api/thumb/clark1ic/003538733/39015091898984_02/!250,250|https://quod.lib.umich.edu/cgi/i/image/api/manifest/clark1ic:003538733:39015091898984_02|oai:quod.lib.umich.edu:IC-CLARK1IC-X-003538733%5D39015091898984_03|http://name.umdl.umich.edu/IC-CLARK1IC-X-003538733%5D39015091898984_03|https://quod.lib.umich.edu/cgi/i/image/api/thumb/clark1ic/003538733/39015091898984_03/!250,250|https://quod.lib.umich.edu/cgi/i/image/api/manifest/clark1ic:003538733:39015091898984_03|oai:quod.lib.umich.edu:IC-CLARK1IC-X-003538733%5D39015091898984_04|http://name.umdl.umich.edu/IC-CLARK1IC-X-003538733%5D39015091898984_04|https://quod.lib.umich.edu/cgi/i/image/api/thumb/clark1ic/003538733/39015091898984_04/!250,250|https://quod.lib.umich.edu/cgi/i/image/api/manifest/clark1ic:003538733:39015091898984_04",2026-09-07T13:44:02.620621+00:00,existing
edbba6c3-ba98-4245-b5af-e6a3354a42d2,"https://quod.lib.umich.edu/c/clark1ic/x-018273316/39015091910771|https://quod.lib.umich.edu/cgi/i/image/api/search/clark1ic:018273316|oai:quod.lib.umich.edu:IC-CLARK1IC-X-018273316%5D39015091910771|http://name.umdl.umich.edu/IC-CLARK1IC-X-018273316%5D39015091910771|https://quod.lib.umich.edu/cgi/i/image/api/thumb/clark1ic/018273316/39015091910771/!250,250|https://quod.lib.umich.edu/cgi/i/image/api/manifest/clark1ic:018273316:39015091910771|018273316; edbba6c3-ba98-4245-b5af-e6a3354a42d2",2026-09-07T13:44:02.620662+00:00,existing
ee3aaab3-62df-4008-a369-d87e62875ac2,"https://quod.lib.umich.edu/c/clark1ic/x-005375932/39015095388644|https://quod.lib.umich.edu/cgi/i/image/api/search/clark1ic:005375932|oai:quod.lib.umich.edu:IC-CLARK1IC-X-005375932%5D39015095388644|http://name.umdl.umich.edu/IC-CLARK1IC-X-005375932%5D39015095388644|https://quod.lib.umich.edu/cgi/i/image/api/thumb/clark1ic/005375932/39015095388644/!250,250|https://quod.lib.umich.edu/cgi/i/image/api/manifest/clark1ic:005375932:39015095388644|005375932; ee3aaab3-62df-4008-a369-d87e62875ac2",2026-09-07T13:44:02.620700+00:00,existing
ee400c0f-d4a2-4f93-946a-e596a9ddbfdf,"https://quod.lib.umich.edu/c/clark1ic/x-003287189/39015091200140|https://quod.lib.umich.edu/cgi/i/image/api/search/clark1ic:003287189|oai:quod.lib.umich.edu:IC-CLARK1IC-X-003287189%5D39015091200140|http://name.umdl.umich.edu/IC-CLARK1IC-X-003287189%5D39015091200140|https://quod.lib.umich.edu/cgi/i/image/api/thumb/clark1ic/003287189/39015091200140/!250,250|https://quod.lib.umich.edu/cgi/i/image/api/manifest/clark1ic:003287189:39015091200140|003287189; ee400c0f-d4a2-4f93-946a-e596a9ddbfdf",2026-09-07T13:44:02.620733+00:00,existing
ee54edcd-4b27-4d72-b85c-64b652a7fa89,"https://quod.lib.umich.edu/c/clark1ic/x-003284688/39015091196538|https://quod.lib.umich.edu/cgi/i/image/api/search/clark1ic:003284688|oai:quod.lib.umich.edu:IC-CLARK1IC-X-003284688%5D39015091196538|http://name.umdl.umich.edu/IC-CLARK1IC-X-003284688%5D39015091196538|https://quod.lib.umich.edu/cgi/i/image/api/thumb/clark1ic/003284688/39015091196538/!250,250|https://quod.lib.umich.edu/cgi/i/image/api/manifest/clark1ic:003284688:39015091196538|003284688; ee54edcd-4b27-4d72-b85c-64b652a7fa89",2026-09-07T13:44:02.620766+00:00,existing
ee57cf6c-37be-4c6a-ba1e-4b7dc9b9b856,"https://quod.lib.umich.edu/c/clark1ic/x-005144027/39015091197023|https://quod.lib.umich.edu/cgi/i/image/api/search/clark1ic:005144027|oai:quod.lib.umich.edu:IC-CLARK1IC-X-005144027%5D39015091197023|http://name.umdl.umich.edu/IC-CLARK1IC-X-005144027%5D39015091197023|https://quod.lib.umich.edu/cgi/i/image/api/thumb/clark1ic/005144027/39015091197023/!250,250|https://quod.lib.umich.edu/cgi/i/image/api/manifest/clark1ic:005144027:39015091197023|005144027; ee57cf6c-37be-4c6a-ba1e-4b7dc9b9b856",2026-09-07T13:44:02.620798+00:00,existing
ee75edbf-0afa-4976-8673-46a350933220,"https://quod.lib.umich.edu/c/clark1ic/x-003103530/39015095389105|https://quod.lib.umich.edu/cgi/i/image/api/search/clark1ic:003103530|oai:quod.lib.umich.edu:IC-CLARK1IC-X-003103530%5D39015095389105|http://name.umdl.umich.edu/IC-CLARK1IC-X-003103530%5D39015095389105|https://quod.lib.umich.edu/cgi/i/image/api/thumb/clark1ic/003103530/39015095389105/!250,250|https://quod.lib.umich.edu/cgi/i/image/api/manifest/clark1ic:003103530:39015095389105|003103530; ee75edbf-0afa-4976-8673-46a350933220",2026-09-07T13:44:02.620831+00:00,existing
ef460441-9bed-4039-a823-0cdee63d2acf,"https://quod.lib.umich.edu/c/clark1ic/x-009674503/39015095421932|https://quod.lib.umich.edu/cgi/i/image/api/search/clark1ic:009674503|oai:quod.lib.umich.edu:IC-CLARK1IC-X-009674503%5D39015095421932|http://name.umdl.umich.edu/IC-CLARK1IC-X-009674503%5D39015095421932|https://quod.lib.umich.edu/cgi/i/image/api/thumb/clark1ic/009674503/39015095421932/!250,250|https://quod.lib.umich.edu/cgi/i/image/api/manifest/clark1ic:009674503:39015095421932|009674503; ef460441-9bed-4039-a823-0cdee63d2acf",2026-09-07T13:44:02.620865+00:00,existing
ef669b53-2097-4783-a029-c7c20576712c,"https://quod.lib.umich.edu/c/clark1ic/x-000946923/39015091904139|https://quod.lib.umich.edu/cgi/i/image/api/search/clark1ic:000946923|oai:quod.lib.umich.edu:IC-CLARK1IC-X-000946923%5D39015091904139|http://name.umdl.umich.edu/IC-CLARK1IC-X-000946923%5D39015091904139|https://quod.lib.umich.edu/cgi/i/image/api/thumb/clark1ic/000946923/39015091904139/!250,250|https://quod.lib.umich.edu/cgi/i/image/api/manifest/clark1ic:000946923:39015091904139|000946923; ef669b53-2097-4783-a029-c7c20576712c",2026-09-07T13:44:02.620898+00:00,existing
ef940b35-ffe2-4d28-8c21-be5b39519b2f,"https://quod.lib.umich.edu/c/clark1ic/x-008501380/39015091910748|https://quod.lib.umich.edu/cgi/i/image/api/search/clark1ic:008501380|oai:quod.lib.umich.edu:IC-CLARK1IC-X-008501380%5D39015091910748|http://name.umdl.umich.edu/IC-CLARK1IC-X-008501380%5D39015091910748|https://quod.lib.umich.edu/cgi/i/image/api/thumb/clark1ic/008501380/39015091910748/!250,250|https://quod.lib.umich.edu/cgi/i/image/api/manifest/clark1ic:008501380:39015091910748|008501380; ef940b35-ffe2-4d28-8c21-be5b39519b2f",2026-09-07T13:44:02.620935+00:00,existing
efa3e0f6-f93a-4202-9ecf-a259e706d269,"https://quod.lib.umich.edu/c/clark1ic/x-003281261/39015091195654|https://quod.lib.umich.edu/cgi/i/image/api/search/clark1ic:003281261|oai:quod.lib.umich.edu:IC-CLARK1IC-X-003281261%5D39015091195654|http://name.umdl.umich.edu/IC-CLARK1IC-X-003281261%5D39015091195654|https://quod.lib.umich.edu/cgi/i/image/api/thumb/clark1ic/003281261/39015091195654/!250,250|https://quod.lib.umich.edu/cgi/i/image/api/manifest/clark1ic:003281261:39015091195654|003281261; efa3e0f6-f93a-4202-9ecf-a259e706d269",2026-09-07T13:44:02.620968+00:00,existing
eff17801-5f6f-40e7-8b2e-4a867d4c8588,"https://quod.lib.umich.edu/c/clark1ic/x-002878028/39015091898166|https://quod.lib.umich.edu/cgi/i/image/api/search/clark1ic:002878028|oai:quod.lib.umich.edu:IC-CLARK1IC-X-002878028%5D39015091898166|http://name.umdl.umich.edu/IC-CLARK1IC-X-002878028%5D39015091898166|https://quod.lib.umich.edu/cgi/i/image/api/thumb/clark1ic/002878028/39015091898166/!250,250|https://quod.lib.umich.edu/cgi/i/image/api/manifest/clark1ic:002878028:39015091898166|002878028; eff17801-5f6f-40e7-8b2e-4a867d4c8588",2026-09-07T13:44:02.621002+00:00,existing
f09730a0-3ffd-4c4b-a88d-412b2265d270,"https://quod.lib.umich.edu/c/clark1ic/x-003284876/39015091192123_01|https://quod.lib.umich.edu/cgi/i/image/api/search/clark1ic:003284876|oai:quod.lib.umich.edu:IC-CLARK1IC-X-003284876%5D39015091192123_01|http://name.umdl.umich.edu/IC-CLARK1IC-X-003284876%5D39015091192123_01|https://quod.lib.umich.edu/cgi/i/image/api/thumb/clark1ic/003284876/39015091192123_01/!250,250|https://quod.lib.umich.edu/cgi/i/image/api/manifest/clark1ic:003284876:39015091192123_01|003284876; f09730a0-3ffd-4c4b-a88d-412b2265d270|oai:quod.lib.umich.edu:IC-CLARK1IC-X-003284876%5D39015091192123_02|http://name.umdl.umich.edu/IC-CLARK1IC-X-003284876%5D39015091192123_02|https://quod.lib.umich.edu/cgi/i/image/api/thumb/clark1ic/003284876/39015091192123_02/!250,250|https://quod.lib.umich.edu/cgi/i/image/api/manifest/clark1ic:003284876:39015091192123_02",2026-09-07T13:44:02.621048+00:00,existing
f0d137b9-8481-4482-af50-ec0ee80f899f,"https://quod.lib.umich.edu/c/clark1ic/x-001272145/39015091198476|https://quod.lib.umich.edu/cgi/i/image/api/search/clark1ic:001272145|oai:quod.lib.umich.edu:IC-CLARK1IC-X-001272145%5D39015091198476|http://name.umdl.umich.edu/IC-CLARK1IC-X-001272145%5D39015091198476|https://quod.lib.umich.edu/cgi/i/image/api/thumb/clark1ic/001272145/39015091198476/!250,250|https://quod.lib.umich.edu/cgi/i/image/api/manifest/clark1ic:001272145:39015091198476|001272145; f0d137b9-8481-4482-af50-ec0ee80f899f",2026-09-07T13:44:02.621080+00:00,existing
f1718eec-f87d-4868-a211-8058e4dac6c0,"https://quod.lib.umich.edu/c/clark1ic/x-004131229/39015091197890|https://quod.lib.umich.edu/cgi/i/image/api/search/clark1ic:004131229|oai:quod.lib.umich.edu:IC-CLARK1IC-X-004131229%5D39015091197890|http://name.umdl.umich.edu/IC-CLARK1IC-X-004131229%5D39015091197890|https://quod.lib.umich.edu/cgi/i/image/api/thumb/clark1ic/004131229/39015091197890/!250,250|https://quod.lib.umich.edu/cgi/i/image/api/manifest/clark1ic:004131229:39015091197890|004131229; f1718eec-f87d-4868-a211-8058e4dac6c0",2026-09-07T13:44:02.621111+00:00,existing
f1a807df-fb36-42d3-a6a6-fb5089106150,"https://quod.lib.umich.edu/c/clark1ic/x-013670634/39015091197270|https://quod.lib.umich.edu/cgi/i/image/api/search/clark1ic:013670634|oai:quod.lib.umich.edu:IC-CLARK1IC-X-013670634%5D39015091197148|http://name.umdl.umich.edu/IC-CLARK1IC-X-013670634%5D39015091197148|https://quod.lib.umich.edu/cgi/i/image/api/thumb/clark1ic/013670634/39015091197148/!250,250|https://quod.lib.umich.edu/cgi/i/image/api/manifest/clark1ic:013670634:39015091197148|013670634; f1a807df-fb36-42d3-a6a6-fb5089106150|oai:quod.lib.umich.edu:IC-CLARK1IC-X-013670634%5D39015091197270|http://name.umdl.umich.edu/IC-CLARK1IC-X-013670634%5D39015091197270|https://quod.lib.umich.edu/cgi/i/image/api/thumb/clark1ic/013670634/39015091197270/!250,250|https://quod.lib.umich.edu/cgi/i/image/api/manifest/clark1ic:013670634:39015091197270",2026-09-07T13:44:02.621156+00:00,existing
f1d5957e-f8fa-48cf-9b3f-da4d90a7e246,"https://quod.lib.umich.edu/c/clark1ic/x-000862081/39015091905474|https://quod.lib.umich.edu/cgi/i/image/api/search/clark1ic:000862081|oai:quod.lib.umich.edu:IC-CLARK1IC-X-000862081%5D39015091905474|http://name.umdl.umich.edu/IC-CLARK1IC-X-000862081%5D39015091905474|https://quod.lib.umich.edu/cgi/i/image/api/thumb/clark1ic/000862081/39015091905474/!250,250|https://quod.lib.umich.edu/cgi/i/image/api/manifest/clark1ic:000862081:39015091905474|000862081; f1d5957e-f8fa-48cf-9b3f-da4d90a7e246",2026-09-07T13:44:02.621189+00:00,existing
f2085572-c851-417a-9a47-eafdcd76901e,"https://quod.lib.umich.edu/c/clark1ic/x-003053316/39015091904493|https://quod.lib.umich.edu/cgi/i/image/api/search/clark1ic:003053316|oai:quod.lib.umich.edu:IC-CLARK1IC-X-003053316%5D39015091904493|http://name.umdl.umich.edu/IC-CLARK1IC-X-003053316%5D39015091904493|https://quod.lib.umich.edu/cgi/i/image/api/thumb/clark1ic/003053316/39015091904493/!250,250|https://quod.lib.umich.edu/cgi/i/image/api/manifest/clark1ic:003053316:39015091904493|003053316; f2085572-c851-417a-9a47-eafdcd76901e",2026-09-07T13:44:02.621220+00:00,existing
f269ad2c-4a4f-4cc8-b065-02ccd671ab55,"https://quod.lib.umich.edu/c/clark1ic/x-002647395/39015095399849|https://quod.lib.umich.edu/cgi/i/image/api/search/clark1ic:002647395|oai:quod.lib.umich.edu:IC-CLARK1IC-X-002647395%5D39015095399849|http://name.umdl.umich.edu/IC-CLARK1IC-X-002647395%5D39015095399849|https://quod.lib.umich.edu/cgi/i/image/api/thumb/clark1ic/002647395/39015095399849/!250,250|https://quod.lib.umich.edu/cgi/i/image/api/manifest/clark1ic:002647395:39015095399849|002647395; f269ad2c-4a4f-4cc8-b065-02ccd671ab55",2026-09-07T13:44:02.621252+00:00,existing
f29f8894-abc2-4868-a307-c7c582459582,"https://quod.lib.umich.edu/c/clark1ic/x-010348172/39015091191885_01|https://quod.lib.umich.edu/cgi/i/image/api/search/clark1ic:010348172|oai:quod.lib.umich.edu:IC-CLARK1IC-X-010348172%5D39015091191885_01|http://name.umdl.umich.edu/IC-CLARK1IC-X-010348172%5D39015091191885_01|https://quod.lib.umich.edu/cgi/i/image/api/thumb/clark1ic/010348172/39015091191885_01/!250,250|https://quod.lib.umich.edu/cgi/i/image/api/manifest/clark1ic:010348172:39015091191885_01|010348172; f29f8894-abc2-4868-a307-c7c582459582|oai:quod.lib.umich.edu:IC-CLARK1IC-X-010348172%5D39015091191885_02|http://name.umdl.umich.edu/IC-CLARK1IC-X-010348172%5D39015091191885_02|https://quod.lib.umich.edu/cgi/i/image/api/thumb/clark1ic/010348172/39015091191885_02/!250,250|https://quod.lib.umich.edu/cgi/i/image/api/manifest/clark1ic:010348172:39015091191885_02",2026-09-07T13:44:02.621296+00:00,existing
f2ed8dc9-8334-4d08-b2d4-5c6c2beaaa19,"https://quod.lib.umich.edu/c/clark1ic/x-003284891/39015091197833|https://quod.lib.umich.edu/cgi/i/image/api/search/clark1ic:003284891|oai:quod.lib.umich.edu:IC-CLARK1IC-X-003284891%5D39015091197833|http://name.umdl.umich.edu/IC-CLARK1IC-X-003284891%5D39015091197833|https://quod.lib.umich.edu/cgi/i/image/api/thumb/clark1ic/003284891/39015091197833/!250,250|https://quod.lib.umich.edu/cgi/i/image/api/manifest/clark1ic:003284891:39015091197833|003284891; f2ed8dc9-8334-4d08-b2d4-5c6c2beaaa19",2026-09-07T13:44:02.621336+00:00,existing
f3026568-e29d-4640-8ccb-21438a499ffd,"https://quod.lib.umich.edu/c/clark1ic/x-012525673/39015091191224_01|https://quod.lib.umich.edu/cgi/i/image/api/search/clark1ic:012525673|oai:quod.lib.umich.edu:IC-CLARK1IC-X-012525673%5D39015091191224_01|http://name.umdl.umich.edu/IC-CLARK1IC-X-012525673%5D39015091191224_01|https://quod.lib.umich.edu/cgi/i/image/api/thumb/clark1ic/012525673/39015091191224_01/!250,250|https://quod.lib.umich.edu/cgi/i/image/api/manifest/clark1ic:012525673:39015091191224_01|012525673; f3026568-e29d-4640-8ccb-21438a499ffd",2026-09-07T13:44:02.621373+00:00,existing
f34d64b4-9853-4b46-bef2-f301a594e369,"https://quod.lib.umich.edu/c/clark1ic/x-004077743/39015091191901_01|https://quod.lib.umich.edu/cgi/i/image/api/search/clark1ic:004077743|oai:quod.lib.umich.edu:IC-CLARK1IC-X-004077743%5D39015091191901_01|http://name.umdl.umich.edu/IC-CLARK1IC-X-004077743%5D39015091191901_01|https://quod.lib.umich.edu/cgi/i/image/api/thumb/clark1ic/004077743/39015091191901_01/!250,250|https://quod.lib.umich.edu/cgi/i/image/api/manifest/clark1ic:004077743:39015091191901_01|004077743; f34d64b4-9853-4b46-bef2-f301a594e369",2026-09-07T13:44:02.621404+00:00,existing
f38e5bc4-0d67-46b1-92d0-42bba3fc3b50,"https://quod.lib.umich.edu/c/clark1ic/x-010348458/39015091192024_01|https://quod.lib.umich.edu/cgi/i/image/api/search/clark1ic:010348458|oai:quod.lib.umich.edu:IC-CLARK1IC-X-010348458%5D39015091192024_01|http://name.umdl.umich.edu/IC-CLARK1IC-X-010348458%5D39015091192024_01|https://quod.lib.umich.edu/cgi/i/image/api/thumb/clark1ic/010348458/39015091192024_01/!250,250|https://quod.lib.umich.edu/cgi/i/image/api/manifest/clark1ic:010348458:39015091192024_01|010348458; f38e5bc4-0d67-46b1-92d0-42bba3fc3b50|oai:quod.lib.umich.edu:IC-CLARK1IC-X-010348458%5D39015091192024_02|http://name.umdl.umich.edu/IC-CLARK1IC-X-010348458%5D39015091192024_02|https://quod.lib.umich.edu/cgi/i/image/api/thumb/clark1ic/010348458/39015091192024_02/!250,250|https://quod.lib.umich.edu/cgi/i/image/api/manifest/clark1ic:010348458:39015091192024_02",2026-09-07T13:44:02.621447+00:00,existing
f395de7b-7a57-47b3-8613-9e603650fbaa,"https://quod.lib.umich.edu/c/clark1ic/x-000081797/39015091898307|https://quod.lib.umich.edu/cgi/i/image/api/search/clark1ic:000081797|oai:quod.lib.umich.edu:IC-CLARK1IC-X-000081797%5D39015091898307|http://name.umdl.umich.edu/IC-CLARK1IC-X-000081797%5D39015091898307|https://quod.lib.umich.edu/cgi/i/image/api/thumb/clark1ic/000081797/39015091898307/!250,250|https://quod.lib.umich.edu/cgi/i/image/api/manifest/clark1ic:000081797:39015091898307|000081797; f395de7b-7a57-47b3-8613-9e603650fbaa",2026-09-07T13:44:02.621479+00:00,existing
f3b0de31-4cb9-4ce9-bdd1-a5b7d88fc335,"https://quod.lib.umich.edu/c/clark1ic/x-003284863/39015091194129_01|https://quod.lib.umich.edu/cgi/i/image/api/search/clark1ic:003284863|oai:quod.lib.umich.edu:IC-CLARK1IC-X-003284863%5D39015091194129_01|http://name.umdl.umich.edu/IC-CLARK1IC-X-003284863%5D39015091194129_01|https://quod.lib.umich.edu/cgi/i/image/api/thumb/clark1ic/003284863/39015091194129_01/!250,250|https://quod.lib.umich.edu/cgi/i/image/api/manifest/clark1ic:003284863:39015091194129_01|003284863; f3b0de31-4cb9-4ce9-bdd1-a5b7d88fc335|oai:quod.lib.umich.edu:IC-CLARK1IC-X-003284863%5D39015091194129_02|http://name.umdl.umich.edu/IC-CLARK1IC-X-003284863%5D39015091194129_02|https://quod.lib.umich.edu/cgi/i/image/api/thumb/clark1ic/003284863/39015091194129_02/!250,250|https://quod.lib.umich.edu/cgi/i/image/api/manifest/clark1ic:003284863:39015091194129_02",2026-09-07T13:44:02.621521+00:00,existing
f3e77edc-0a29-4a85-8ab9-f5ee9ef95310,"https://quod.lib.umich.edu/c/clark1ic/x-003575846/39015091197973|https://quod.lib.umich.edu/cgi/i/image/api/search/clark1ic:003575846|oai:quod.lib.umich.edu:IC-CLARK1IC-X-003575846%5D39015091197973|http://name.umdl.umich.edu/IC-CLARK1IC-X-003575846%5D39015091197973|https://quod.lib.umich.edu/cgi/i/image/api/thumb/clark1ic/003575846/39015091197973/!250,250|https://quod.lib.umich.edu/cgi/i/image/api/manifest/clark1ic:003575846:39015091197973|003575846; f3e77edc-0a29-4a85-8ab9-f5ee9ef95310|oai:quod.lib.umich.edu:IC-CLARK1IC-X-003575846%5D39015091197981|http://name.umdl.umich.edu/IC-CLARK1IC-X-003575846%5D39015091197981|https://quod.lib.umich.edu/cgi/i/image/api/thumb/clark1ic/003575846/39015091197981/!250,250|https://quod.lib.umich.edu/cgi/i/image/api/manifest/clark1ic:003575846:39015091197981|oai:quod.lib.umich.edu:IC-CLARK1IC-X-003575846%5D39015091197999|http://name.umdl.umich.edu/IC-CLARK1IC-X-003575846%5D39015091197999|https://quod.lib.umich.edu/cgi/i/image/api/thumb/clark1ic/003575846/39015091197999/!250,250|https://quod.lib.umich.edu/cgi/i/image/api/manifest/clark1ic:003575846:39015091197999|oai:quod.lib.umich.edu:IC-CLARK1IC-X-003575846%5D39015091198005|http://name.umdl.umich.edu/IC-CLARK1IC-X-003575846%5D39015091198005|https://quod.lib.umich.edu/cgi/i/image/api/thumb/clark1ic/003575846/39015091198005/!250,250|https://quod.lib.umich.edu/cgi/i/image/api/manifest/clark1ic:003575846:39015091198005",2026-09-07T13:44:02.621590+00:00,existing
f3f61ac5-574b-4ee5-9b47-740d4e1d1cff,"https://quod.lib.umich.edu/c/clark1ic/x-003104659/39015095388966|https://quod.lib.umich.edu/cgi/i/image/api/search/clark1ic:003104659|oai:quod.lib.umich.edu:IC-CLARK1IC-X-003104659%5D39015095388966|http://name.umdl.umich.edu/IC-CLARK1IC-X-003104659%5D39015095388966|https://quod.lib.umich.edu/cgi/i/image/api/thumb/clark1ic/003104659/39015095388966/!250,250|https://quod.lib.umich.edu/cgi/i/image/api/manifest/clark1ic:003104659:39015095388966|003104659; f3f61ac5-574b-4ee5-9b47-740d4e1d1cff",2026-09-07T13:44:02.621620+00:00,existing
f40565eb-e391-4c98-9296-dc9af0572a23,"https://quod.lib.umich.edu/c/clark1ic/x-010348406/39015091191844_01|https://quod.lib.umich.edu/cgi/i/image/api/search/clark1ic:010348406|oai:quod.lib.umich.edu:IC-CLARK1IC-X-010348406%5D39015091191844_01|http://name.umdl.umich.edu/IC-CLARK1IC-X-010348406%5D39015091191844_01|https://quod.lib.umich.edu/cgi/i/image/api/thumb/clark1ic/010348406/39015091191844_01/!250,250|https://quod.lib.umich.edu/cgi/i/image/api/manifest/clark1ic:010348406:39015091191844_01|010348406; f40565eb-e391-4c98-9296-dc9af0572a23|oai:quod.lib.umich.edu:IC-CLARK1IC-X-010348406%5D39015091191844_02|http://name.umdl.umich.edu/IC-CLARK1IC-X-010348406%5D39015091191844_02|https://quod.lib.umich.edu/cgi/i/image/api/thumb/clark1ic/010348406/39015091191844_02/!250,250|https://quod.lib.umich.edu/cgi/i/image/api/manifest/clark1ic:010348406:39015091191844_02",2026-09-07T13:44:02.621664+00:00,existing
f432b604-0c62-4e09-b8c9-fd77cc79690d,"https://quod.lib.umich.edu/c/clark1ic/x-005286202/39015060933671|https://quod.lib.umich.edu/cgi/i/image/api/search/clark1ic:005286202|oai:quod.lib.umich.edu:IC-CLARK1IC-X-005286202%5D39015060933671|http://name.umdl.umich.edu/IC-CLARK1IC-X-005286202%5D39015060933671|https://quod.lib.umich.edu/cgi/i/image/api/thumb/clark1ic/005286202/39015060933671/!250,250|https://quod.lib.umich.edu/cgi/i/image/api/manifest/clark1ic:005286202:39015060933671|005286202; f432b604-0c62-4e09-b8c9-fd77cc79690d",2026-09-07T13:44:02.621694+00:00,existing
f43c9fd3-94c5-44a4-800a-e1b1675fdf8c,"https://quod.lib.umich.edu/c/clark1ic/x-003563768/39015091191968_01|https://quod.lib.umich.edu/cgi/i/image/api/search/clark1ic:003563768|oai:quod.lib.umich.edu:IC-CLARK1IC-X-003563768%5D39015091191968_01|http://name.umdl.umich.edu/IC-CLARK1IC-X-003563768%5D39015091191968_01|https://quod.lib.umich.edu/cgi/i/image/api/thumb/clark1ic/003563768/39015091191968_01/!250,250|https://quod.lib.umich.edu/cgi/i/image/api/manifest/clark1ic:003563768:39015091191968_01|003563768; f43c9fd3-94c5-44a4-800a-e1b1675fdf8c|oai:quod.lib.umich.edu:IC-CLARK1IC-X-003563768%5D39015091191968_02|http://name.umdl.umich.edu/IC-CLARK1IC-X-003563768%5D39015091191968_02|https://quod.lib.umich.edu/cgi/i/image/api/thumb/clark1ic/003563768/39015091191968_02/!250,250|https://quod.lib.umich.edu/cgi/i/image/api/manifest/clark1ic:003563768:39015091191968_02",2026-09-07T13:44:02.621737+00:00,existing
f4f9b38a-b754-4006-9ca6-35607bbc4d37,"https://quod.lib.umich.edu/c/clark1ic/x-000081663/39015091186729|https://quod.lib.umich.edu/cgi/i/image/api/search/clark1ic:000081663|oai:quod.lib.umich.edu:IC-CLARK1IC-X-000081663%5D39015091186729|http://name.umdl.umich.edu/IC-CLARK1IC-X-000081663%5D39015091186729|https://quod.lib.umich.edu/cgi/i/image/api/thumb/clark1ic/000081663/39015091186729/!250,250|https://quod.lib.umich.edu/cgi/i/image/api/manifest/clark1ic:000081663:39015091186729|000081663; f4f9b38a-b754-4006-9ca6-35607bbc4d37",2026-09-07T13:44:02.621768+00:00,existing
f516fef6-4174-4521-b847-cae7de4b86d7,"https://quod.lib.umich.edu/c/clark1ic/x-013538258/39015091897275|https://quod.lib.umich.edu/cgi/i/image/api/search/clark1ic:013538258|oai:quod.lib.umich.edu:IC-CLARK1IC-X-013538258%5D39015091897275|http://name.umdl.umich.edu/IC-CLARK1IC-X-013538258%5D39015091897275|https://quod.lib.umich.edu/cgi/i/image/api/thumb/clark1ic/013538258/39015091897275/!250,250|https://quod.lib.umich.edu/cgi/i/image/api/manifest/clark1ic:013538258:39015091897275|013538258; f516fef6-4174-4521-b847-cae7de4b86d7",2026-09-07T13:44:02.621799+00:00,existing
f5b454cf-3f73-40db-a476-fb013675a0ad,"https://quod.lib.umich.edu/c/clark1ic/x-003112810/39015091910276|https://quod.lib.umich.edu/cgi/i/image/api/search/clark1ic:003112810|oai:quod.lib.umich.edu:IC-CLARK1IC-X-003112810%5D39015091910276|http://name.umdl.umich.edu/IC-CLARK1IC-X-003112810%5D39015091910276|https://quod.lib.umich.edu/cgi/i/image/api/thumb/clark1ic/003112810/39015091910276/!250,250|https://quod.lib.umich.edu/cgi/i/image/api/manifest/clark1ic:003112810:39015091910276|003112810; f5b454cf-3f73-40db-a476-fb013675a0ad",2026-09-07T13:44:02.621829+00:00,existing
f5ecad92-625b-42ed-8a34-b1e8f6136df3,"https://quod.lib.umich.edu/c/clark1ic/x-004154347/39015091199656|https://quod.lib.umich.edu/cgi/i/image/api/search/clark1ic:004154347|oai:quod.lib.umich.edu:IC-CLARK1IC-X-004154347%5D39015091199656|http://name.umdl.umich.edu/IC-CLARK1IC-X-004154347%5D39015091199656|https://quod.lib.umich.edu/cgi/i/image/api/thumb/clark1ic/004154347/39015091199656/!250,250|https://quod.lib.umich.edu/cgi/i/image/api/manifest/clark1ic:004154347:39015091199656|004154347; f5ecad92-625b-42ed-8a34-b1e8f6136df3",2026-09-07T13:44:02.621859+00:00,existing
f61e9da3-0324-48b9-8c7a-e2bbbfd5dc17,"https://quod.lib.umich.edu/c/clark1ic/x-005549315/39015091191273_01|https://quod.lib.umich.edu/cgi/i/image/api/search/clark1ic:005549315|oai:quod.lib.umich.edu:IC-CLARK1IC-X-005549315%5D39015091191273_01|http://name.umdl.umich.edu/IC-CLARK1IC-X-005549315%5D39015091191273_01|https://quod.lib.umich.edu/cgi/i/image/api/thumb/clark1ic/005549315/39015091191273_01/!250,250|https://quod.lib.umich.edu/cgi/i/image/api/manifest/clark1ic:005549315:39015091191273_01|005549315; f61e9da3-0324-48b9-8c7a-e2bbbfd5dc17|oai:quod.lib.umich.edu:IC-CLARK1IC-X-005549315%5D39015091191273_02|http://name.umdl.umich.edu/IC-CLARK1IC-X-005549315%5D39015091191273_02|https://quod.lib.umich.edu/cgi/i/image/api/thumb/clark1ic/005549315/39015091191273_02/!250,250|https://quod.lib.umich.edu/cgi/i/image/api/manifest/clark1ic:005549315:39015091191273_02",2026-09-07T13:44:02.621902+00:00,existing
f62532c1-a7c3-430d-bbc5-c9b4d01ef41e,"https://quod.lib.umich.edu/c/clark1ic/x-013681066/39015091881337|https://quod.lib.umich.edu/cgi/i/image/api/search/clark1ic:013681066|oai:quod.lib.umich.edu:IC-CLARK1IC-X-013681066%5D39015091881337|http://name.umdl.umich.edu/IC-CLARK1IC-X-013681066%5D39015091881337|https://quod.lib.umich.edu/cgi/i/image/api/thumb/clark1ic/013681066/39015091881337/!250,250|https://quod.lib.umich.edu/cgi/i/image/api/manifest/clark1ic:013681066:39015091881337|013681066; f62532c1-a7c3-430d-bbc5-c9b4d01ef41e",2026-09-07T13:44:02.621932+00:00,existing
f637e22e-520b-4174-833b-5c6843895034,"https://quod.lib.umich.edu/c/clark1ic/x-004935817/39015091915911|https://quod.lib.umich.edu/cgi/i/image/api/search/clark1ic:004935817|oai:quod.lib.umich.edu:IC-CLARK1IC-X-004935817%5D39015091915911|http://name.umdl.umich.edu/IC-CLARK1IC-X-004935817%5D39015091915911|https://quod.lib.umich.edu/cgi/i/image/api/thumb/clark1ic/004935817/39015091915911/!250,250|https://quod.lib.umich.edu/cgi/i/image/api/manifest/clark1ic:004935817:39015091915911|004935817; f637e22e-520b-4174-833b-5c6843895034",2026-09-07T13:44:02.621962+00:00,existing
f643dce3-ceda-4c9d-84bd-9563aa8391df,"https://quod.lib.umich.edu/c/clark1ic/x-011348737/39015091881543_01|https://quod.lib.umich.edu/cgi/i/image/api/search/clark1ic:011348737|oai:quod.lib.umich.edu:IC-CLARK1IC-X-011348737%5D39015091881543_01|http://name.umdl.umich.edu/IC-CLARK1IC-X-011348737%5D39015091881543_01|https://quod.lib.umich.edu/cgi/i/image/api/thumb/clark1ic/011348737/39015091881543_01/!250,250|https://quod.lib.umich.edu/cgi/i/image/api/manifest/clark1ic:011348737:39015091881543_01|011348737; f643dce3-ceda-4c9d-84bd-9563aa8391df|oai:quod.lib.umich.edu:IC-CLARK1IC-X-011348737%5D39015091881543_02|http://name.umdl.umich.edu/IC-CLARK1IC-X-011348737%5D39015091881543_02|https://quod.lib.umich.edu/cgi/i/image/api/thumb/clark1ic/011348737/39015091881543_02/!250,250|https://quod.lib.umich.edu/cgi/i/image/api/manifest/clark1ic:011348737:39015091881543_02|oai:quod.lib.umich.edu:IC-CLARK1IC-X-011348737%5D39015091881543_03|http://name.umdl.umich.edu/IC-CLARK1IC-X-011348737%5D39015091881543_03|https://quod.lib.umich.edu/cgi/i/image/api/thumb/clark1ic/011348737/39015091881543_03/!250,250|https://quod.lib.umich.edu/cgi/i/image/api/manifest/clark1ic:011348737:39015091881543_03|oai:quod.lib.umich.edu:IC-CLARK1IC-X-011348737%5D39015091881543_04|http://name.umdl.umich.edu/IC-CLARK1IC-X-011348737%5D39015091881543_04|https://quod.lib.umich.edu/cgi/i/image/api/thumb/clark1ic/011348737/39015091881543_04/!250,250|https://quod.lib.umich.edu/cgi/i/image/api/manifest/clark1ic:011348737:39015091881543_04",2026-09-07T13:44:02.622039+00:00,existing
f64697e7-2753-48c5-a7f7-9715e4561f9a,"https://quod.lib.umich.edu/c/clark1ic/x-000887428/39015091194087_01|https://quod.lib.umich.edu/cgi/i/image/api/search/clark1ic:000887428|oai:quod.lib.umich.edu:IC-CLARK1IC-X-000887428%5D39015091194087_01|http://name.umdl.umich.edu/IC-CLARK1IC-X-000887428%5D39015091194087_01|https://quod.lib.umich.edu/cgi/i/image/api/thumb/clark1ic/000887428/39015091194087_01/!250,250|https://quod.lib.umich.edu/cgi/i/image/api/manifest/clark1ic:000887428:39015091194087_01|000887428; f64697e7-2753-48c5-a7f7-9715e4561f9a|oai:quod.lib.umich.edu:IC-CLARK1IC-X-000887428%5D39015091194087_02|http://name.umdl.umich.edu/IC-CLARK1IC-X-000887428%5D39015091194087_02|https://quod.lib.umich.edu/cgi/i/image/api/thumb/clark1ic/000887428/39015091194087_02/!250,250|https://quod.lib.umich.edu/cgi/i/image/api/manifest/clark1ic:000887428:39015091194087_02",2026-09-07T13:44:02.622086+00:00,existing
f6c34e34-fdf5-49c4-ad70-cbf194d6292d,"https://quod.lib.umich.edu/c/clark1ic/x-003288808/39015091887946|https://quod.lib.umich.edu/cgi/i/image/api/search/clark1ic:003288808|oai:quod.lib.umich.edu:IC-CLARK1IC-X-003288808%5D39015091887946|http://name.umdl.umich.edu/IC-CLARK1IC-X-003288808%5D39015091887946|https://quod.lib.umich.edu/cgi/i/image/api/thumb/clark1ic/003288808/39015091887946/!250,250|https://quod.lib.umich.edu/cgi/i/image/api/manifest/clark1ic:003288808:39015091887946|003288808; f6c34e34-fdf5-49c4-ad70-cbf194d6292d",2026-09-07T13:44:02.622118+00:00,existing
f7253b7e-1131-4a56-950e-814f211e5a2d,"https://quod.lib.umich.edu/c/clark1ic/x-002904788/39015091880545_01|https://quod.lib.umich.edu/cgi/i/image/api/search/clark1ic:002904788|oai:quod.lib.umich.edu:IC-CLARK1IC-X-002904788%5D39015091880545_01|http://name.umdl.umich.edu/IC-CLARK1IC-X-002904788%5D39015091880545_01|https://quod.lib.umich.edu/cgi/i/image/api/thumb/clark1ic/002904788/39015091880545_01/!250,250|https://quod.lib.umich.edu/cgi/i/image/api/manifest/clark1ic:002904788:39015091880545_01|002904788; f7253b7e-1131-4a56-950e-814f211e5a2d|oai:quod.lib.umich.edu:IC-CLARK1IC-X-002904788%5D39015091880545_02|http://name.umdl.umich.edu/IC-CLARK1IC-X-002904788%5D39015091880545_02|https://quod.lib.umich.edu/cgi/i/image/api/thumb/clark1ic/002904788/39015091880545_02/!250,250|https://quod.lib.umich.edu/cgi/i/image/api/manifest/clark1ic:002904788:39015091880545_02|oai:quod.lib.umich.edu:IC-CLARK1IC-X-002904788%5D39015091880552_01|http://name.umdl.umich.edu/IC-CLARK1IC-X-002904788%5D39015091880552_01|https://quod.lib.umich.edu/cgi/i/image/api/thumb/clark1ic/002904788/39015091880552_01/!250,250|https://quod.lib.umich.edu/cgi/i/image/api/manifest/clark1ic:002904788:39015091880552_01|oai:quod.lib.umich.edu:IC-CLARK1IC-X-002904788%5D39015091880552_02|http://name.umdl.umich.edu/IC-CLARK1IC-X-002904788%5D39015091880552_02|https://quod.lib.umich.edu/cgi/i/image/api/thumb/clark1ic/002904788/39015091880552_02/!250,250|https://quod.lib.umich.edu/cgi/i/image/api/manifest/clark1ic:002904788:39015091880552_02",2026-09-07T13:44:02.622186+00:00,existing
f732521d-4268-4307-be25-fa7d7069c55c,"https://quod.lib.umich.edu/c/clark1ic/x-003879373/39015091185812|https://quod.lib.umich.edu/cgi/i/image/api/search/clark1ic:003879373|oai:quod.lib.umich.edu:IC-CLARK1IC-X-003879373%5D39015091185812|http://name.umdl.umich.edu/IC-CLARK1IC-X-003879373%5D39015091185812|https://quod.lib.umich.edu/cgi/i/image/api/thumb/clark1ic/003879373/39015091185812/!250,250|https://quod.lib.umich.edu/cgi/i/image/api/manifest/clark1ic:003879373:39015091185812|003879373; f732521d-4268-4307-be25-fa7d7069c55c",2026-09-07T13:44:02.622217+00:00,existing
f73fb0de-05d8-41dc-a11a-31508b58cbe2,"https://quod.lib.umich.edu/c/clark1ic/x-003281438/39015091193493|https://quod.lib.umich.edu/cgi/i/image/api/search/clark1ic:003281438|oai:quod.lib.umich.edu:IC-CLARK1IC-X-003281438%5D39015091193493|http://name.umdl.umich.edu/IC-CLARK1IC-X-003281438%5D39015091193493|https://quod.lib.umich.edu/cgi/i/image/api/thumb/clark1ic/003281438/39015091193493/!250,250|https://quod.lib.umich.edu/cgi/i/image/api/manifest/clark1ic:003281438:39015091193493|003281438; f73fb0de-05d8-41dc-a11a-31508b58cbe2",2026-09-07T13:44:02.622248+00:00,existing
f767c119-2ea0-4bb3-9f94-bf91a4b339e8,"https://quod.lib.umich.edu/c/clark1ic/x-003108985/39015091920242_01|https://quod.lib.umich.edu/cgi/i/image/api/search/clark1ic:003108985|oai:quod.lib.umich.edu:IC-CLARK1IC-X-003108985%5D39015091920242_01|http://name.umdl.umich.edu/IC-CLARK1IC-X-003108985%5D39015091920242_01|https://quod.lib.umich.edu/cgi/i/image/api/thumb/clark1ic/003108985/39015091920242_01/!250,250|https://quod.lib.umich.edu/cgi/i/image/api/manifest/clark1ic:003108985:39015091920242_01|003108985; f767c119-2ea0-4bb3-9f94-bf91a4b339e8|oai:quod.lib.umich.edu:IC-CLARK1IC-X-003108985%5D39015091920242_02|http://name.umdl.umich.edu/IC-CLARK1IC-X-003108985%5D39015091920242_02|https://quod.lib.umich.edu/cgi/i/image/api/thumb/clark1ic/003108985/39015091920242_02/!250,250|https://quod.lib.umich.edu/cgi/i/image/api/manifest/clark1ic:003108985:39015091920242_02|oai:quod.lib.umich.edu:IC-CLARK1IC-X-003108985%5D39015091920242_03|http://name.umdl.umich.edu/IC-CLARK1IC-X-003108985%5D39015091920242_03|https://quod.lib.umich.edu/cgi/i/image/api/thumb/clark1ic/003108985/39015091920242_03/!250,250|https://quod.lib.umich.edu/cgi/i/image/api/manifest/clark1ic:003108985:39015091920242_03|oai:quod.lib.umich.edu:IC-CLARK1IC-X-003108985%5D39015091920242_04|http://name.umdl.umich.edu/IC-CLARK1IC-X-003108985%5D39015091920242_04|https://quod.lib.umich.edu/cgi/i/image/api/thumb/clark1ic/003108985/39015091920242_04/!250,250|https://quod.lib.umich.edu/cgi/i/image/api/manifest/clark1ic:003108985:39015091920242_04|oai:quod.lib.umich.edu:IC-CLARK1IC-X-003108985%5D39015091920242_05|http://name.umdl.umich.edu/IC-CLARK1IC-X-003108985%5D39015091920242_05|https://quod.lib.umich.edu/cgi/i/image/api/thumb/clark1ic/003108985/39015091920242_05/!250,250|https://quod.lib.umich.edu/cgi/i/image/api/manifest/clark1ic:003108985:39015091920242_05|oai:quod.lib.umich.edu:IC-CLARK1IC-X-003108985%5D39015091920242_06|http://name.umdl.umich.edu/IC-CLARK1IC-X-003108985%5D39015091920242_06|https://quod.lib.umich.edu/cgi/i/image/api/thumb/clark1ic/003108985/39015091920242_06/!250,250|https://quod.lib.umich.edu/cgi/i/image/api/manifest/clark1ic:003108985:39015091920242_06|oai:quod.lib.umich.edu:IC-CLARK1IC-X-003108985%5D39015091920242_07|http://name.umdl.umich.edu/IC-CLARK1IC-X-003108985%5D39015091920242_07|https://quod.lib.umich.edu/cgi/i/image/api/thumb/clark1ic/003108985/39015091920242_07/!250,250|https://quod.lib.umich.edu/cgi/i/image/api/manifest/clark1ic:003108985:39015091920242_07|oai:quod.lib.umich.edu:IC-CLARK1IC-X-003108985%5D39015091920242_08|http://name.umdl.umich.edu/IC-CLARK1IC-X-003108985%5D39015091920242_08|https://quod.lib.umich.edu/cgi/i/image/api/thumb/clark1ic/003108985/39015091920242_08/!250,250|https://quod.lib.umich.edu/cgi/i/image/api/manifest/clark1ic:003108985:39015091920242_08",2026-09-07T13:44:02.622369+00:00,existing
f7cbac85-114d-405b-9545-45d149b2243e,"https://quod.lib.umich.edu/c/clark1ic/x-000862100/39015091905722|https://quod.lib.umich.edu/cgi/i/image/api/search/clark1ic:000862100|oai:quod.lib.umich.edu:IC-CLARK1IC-X-000862100%5D39015091905722|http://name.umdl.umich.edu/IC-CLARK1IC-X-000862100%5D39015091905722|https://quod.lib.umich.edu/cgi/i/image/api/thumb/clark1ic/000862100/39015091905722/!250,250|https://quod.lib.umich.edu/cgi/i/image/api/manifest/clark1ic:000862100:39015091905722|000862100; f7cbac85-114d-405b-9545-45d149b2243e",2026-09-07T13:44:02.622402+00:00,existing
f7dad71e-99c8-4fbe-9aa2-75d8faf31e8a,"https://quod.lib.umich.edu/c/clark1ic/x-000081524/39015091887284|https://quod.lib.umich.edu/cgi/i/image/api/search/clark1ic:000081524|oai:quod.lib.umich.edu:IC-CLARK1IC-X-000081524%5D39015091887284|http://name.umdl.umich.edu/IC-CLARK1IC-X-000081524%5D39015091887284|https://quod.lib.umich.edu/cgi/i/image/api/thumb/clark1ic/000081524/39015091887284/!250,250|https://quod.lib.umich.edu/cgi/i/image/api/manifest/clark1ic:000081524:39015091887284|000081524; f7dad71e-99c8-4fbe-9aa2-75d8faf31e8a",2026-09-07T13:44:02.622432+00:00,existing
f7dbc58b-dc33-410f-b771-0b81a20b9d76,"https://quod.lib.umich.edu/c/clark1ic/x-003287671/39015091887912|https://quod.lib.umich.edu/cgi/i/image/api/search/clark1ic:003287671|oai:quod.lib.umich.edu:IC-CLARK1IC-X-003287671%5D39015091887912|http://name.umdl.umich.edu/IC-CLARK1IC-X-003287671%5D39015091887912|https://quod.lib.umich.edu/cgi/i/image/api/thumb/clark1ic/003287671/39015091887912/!250,250|https://quod.lib.umich.edu/cgi/i/image/api/manifest/clark1ic:003287671:39015091887912|003287671; f7dbc58b-dc33-410f-b771-0b81a20b9d76",2026-09-07T13:44:02.622463+00:00,existing
f8639056-d0ff-4af9-bb18-cffcd7855b99,"https://quod.lib.umich.edu/c/clark1ic/x-011192720/39015091200629|https://quod.lib.umich.edu/cgi/i/image/api/search/clark1ic:011192720|oai:quod.lib.umich.edu:IC-CLARK1IC-X-011192720%5D39015091200629|http://name.umdl.umich.edu/IC-CLARK1IC-X-011192720%5D39015091200629|https://quod.lib.umich.edu/cgi/i/image/api/thumb/clark1ic/011192720/39015091200629/!250,250|https://quod.lib.umich.edu/cgi/i/image/api/manifest/clark1ic:011192720:39015091200629|011192720; f8639056-d0ff-4af9-bb18-cffcd7855b99",2026-09-07T13:44:02.622494+00:00,existing
f8bb1874-17a8-4a6c-896a-2cf16e240483,"https://quod.lib.umich.edu/c/clark1ic/x-012845729/39015095390541|https://quod.lib.umich.edu/cgi/i/image/api/search/clark1ic:012845729|oai:quod.lib.umich.edu:IC-CLARK1IC-X-012845729%5D39015095390541|http://name.umdl.umich.edu/IC-CLARK1IC-X-012845729%5D39015095390541|https://quod.lib.umich.edu/cgi/i/image/api/thumb/clark1ic/012845729/39015095390541/!250,250|https://quod.lib.umich.edu/cgi/i/image/api/manifest/clark1ic:012845729:39015095390541|012845729; f8bb1874-17a8-4a6c-896a-2cf16e240483",2026-09-07T13:44:02.622525+00:00,existing
f8c4dff3-aa26-47f1-b424-19a2c38f737a,"https://quod.lib.umich.edu/c/clark1ic/x-004205228/39015091191315_01|https://quod.lib.umich.edu/cgi/i/image/api/search/clark1ic:004205228|oai:quod.lib.umich.edu:IC-CLARK1IC-X-004205228%5D39015091191315_01|http://name.umdl.umich.edu/IC-CLARK1IC-X-004205228%5D39015091191315_01|https://quod.lib.umich.edu/cgi/i/image/api/thumb/clark1ic/004205228/39015091191315_01/!250,250|https://quod.lib.umich.edu/cgi/i/image/api/manifest/clark1ic:004205228:39015091191315_01|004205228; f8c4dff3-aa26-47f1-b424-19a2c38f737a",2026-09-07T13:44:02.622558+00:00,existing
f9842af4-cdd3-45af-b158-f4632e316a7f,"https://quod.lib.umich.edu/c/clark1ic/x-000524478/39015049936688|https://quod.lib.umich.edu/cgi/i/image/api/search/clark1ic:000524478|oai:quod.lib.umich.edu:IC-CLARK1IC-X-000524478%5D39015049936688|http://name.umdl.umich.edu/IC-CLARK1IC-X-000524478%5D39015049936688|https://quod.lib.umich.edu/cgi/i/image/api/thumb/clark1ic/000524478/39015049936688/!250,250|https://quod.lib.umich.edu/cgi/i/image/api/manifest/clark1ic:000524478:39015049936688|000524478; f9842af4-cdd3-45af-b158-f4632e316a7f",2026-09-07T13:44:02.622610+00:00,existing
f9af603d-16fb-4727-bfa2-7ddc907e9ac8,"https://quod.lib.umich.edu/c/clark1ic/x-005415668/39015091197874|https://quod.lib.umich.edu/cgi/i/image/api/search/clark1ic:005415668|oai:quod.lib.umich.edu:IC-CLARK1IC-X-005415668%5D39015091197874|http://name.umdl.umich.edu/IC-CLARK1IC-X-005415668%5D39015091197874|https://quod.lib.umich.edu/cgi/i/image/api/thumb/clark1ic/005415668/39015091197874/!250,250|https://quod.lib.umich.edu/cgi/i/image/api/manifest/clark1ic:005415668:39015091197874|005415668; f9af603d-16fb-4727-bfa2-7ddc907e9ac8",2026-09-07T13:44:02.622644+00:00,existing
f9de771a-b39c-4d74-8e16-6fe744e2d844,"https://quod.lib.umich.edu/c/clark1ic/x-000902230/39015091921604_01|https://quod.lib.umich.edu/cgi/i/image/api/search/clark1ic:000902230|oai:quod.lib.umich.edu:IC-CLARK1IC-X-000902230%5D39015091921604_01|http://name.umdl.umich.edu/IC-CLARK1IC-X-000902230%5D39015091921604_01|https://quod.lib.umich.edu/cgi/i/image/api/thumb/clark1ic/000902230/39015091921604_01/!250,250|https://quod.lib.umich.edu/cgi/i/image/api/manifest/clark1ic:000902230:39015091921604_01|000902230; f9de771a-b39c-4d74-8e16-6fe744e2d844|oai:quod.lib.umich.edu:IC-CLARK1IC-X-000902230%5D39015091921604_02|http://name.umdl.umich.edu/IC-CLARK1IC-X-000902230%5D39015091921604_02|https://quod.lib.umich.edu/cgi/i/image/api/thumb/clark1ic/000902230/39015091921604_02/!250,250|https://quod.lib.umich.edu/cgi/i/image/api/manifest/clark1ic:000902230:39015091921604_02|oai:quod.lib.umich.edu:IC-CLARK1IC-X-000902230%5D39015091921604_03|http://name.umdl.umich.edu/IC-CLARK1IC-X-000902230%5D39015091921604_03|https://quod.lib.umich.edu/cgi/i/image/api/thumb/clark1ic/000902230/39015091921604_03/!250,250|https://quod.lib.umich.edu/cgi/i/image/api/manifest/clark1ic:000902230:39015091921604_03",2026-09-07T13:44:02.622700+00:00,existing
f9eb8493-32ab-4ede-8330-9286846eee0d,"https://quod.lib.umich.edu/c/clark1ic/x-002371876/39015091197205|https://quod.lib.umich.edu/cgi/i/image/api/search/clark1ic:002371876|oai:quod.lib.umich.edu:IC-CLARK1IC-X-002371876%5D39015091197205|http://name.umdl.umich.edu/IC-CLARK1IC-X-002371876%5D39015091197205|https://quod.lib.umich.edu/cgi/i/image/api/thumb/clark1ic/002371876/39015091197205/!250,250|https://quod.lib.umich.edu/cgi/i/image/api/manifest/clark1ic:002371876:39015091197205|002371876; f9eb8493-32ab-4ede-8330-9286846eee0d",2026-09-07T13:44:02.622732+00:00,existing
fa2253a4-67ce-4662-8034-5c0a739bf256,"https://quod.lib.umich.edu/c/clark1ic/x-000081428/39015091196116|https://quod.lib.umich.edu/cgi/i/image/api/search/clark1ic:000081428|oai:quod.lib.umich.edu:IC-CLARK1IC-X-000081428%5D39015091196116|http://name.umdl.umich.edu/IC-CLARK1IC-X-000081428%5D39015091196116|https://quod.lib.umich.edu/cgi/i/image/api/thumb/clark1ic/000081428/39015091196116/!250,250|https://quod.lib.umich.edu/cgi/i/image/api/manifest/clark1ic:000081428:39015091196116|000081428; fa2253a4-67ce-4662-8034-5c0a739bf256",2026-09-07T13:44:02.622762+00:00,existing
fa57ec1c-41a8-4de6-80d5-9a3bb6d69111,"https://quod.lib.umich.edu/c/clark1ic/x-002460148/39015091921554_01|https://quod.lib.umich.edu/cgi/i/image/api/search/clark1ic:002460148|oai:quod.lib.umich.edu:IC-CLARK1IC-X-002460148%5D39015091921554_01|http://name.umdl.umich.edu/IC-CLARK1IC-X-002460148%5D39015091921554_01|https://quod.lib.umich.edu/cgi/i/image/api/thumb/clark1ic/002460148/39015091921554_01/!250,250|https://quod.lib.umich.edu/cgi/i/image/api/manifest/clark1ic:002460148:39015091921554_01|002460148; fa57ec1c-41a8-4de6-80d5-9a3bb6d69111|oai:quod.lib.umich.edu:IC-CLARK1IC-X-002460148%5D39015091921554_02|http://name.umdl.umich.edu/IC-CLARK1IC-X-002460148%5D39015091921554_02|https://quod.lib.umich.edu/cgi/i/image/api/thumb/clark1ic/002460148/39015091921554_02/!250,250|https://quod.lib.umich.edu/cgi/i/image/api/manifest/clark1ic:002460148:39015091921554_02|oai:quod.lib.umich.edu:IC-CLARK1IC-X-002460148%5D39015091921554_03|http://name.umdl.umich.edu/IC-CLARK1IC-X-002460148%5D39015091921554_03|https://quod.lib.umich.edu/cgi/i/image/api/thumb/clark1ic/002460148/39015091921554_03/!250,250|https://quod.lib.umich.edu/cgi/i/image/api/manifest/clark1ic:002460148:39015091921554_03",2026-09-07T13:44:02.622819+00:00,existing
fa59a564-0235-47d3-9c08-b011cbf2bdd6,"https://quod.lib.umich.edu/c/clark1ic/x-003123965/39015091198278|https://quod.lib.umich.edu/cgi/i/image/api/search/clark1ic:003123965|oai:quod.lib.umich.edu:IC-CLARK1IC-X-003123965%5D39015091198278|http://name.umdl.umich.edu/IC-CLARK1IC-X-003123965%5D39015091198278|https://quod.lib.umich.edu/cgi/i/image/api/thumb/clark1ic/003123965/39015091198278/!250,250|https://quod.lib.umich.edu/cgi/i/image/api/manifest/clark1ic:003123965:39015091198278|003123965; fa59a564-0235-47d3-9c08-b011cbf2bdd6",2026-09-07T13:44:02.622850+00:00,existing
fa9e06f8-c35c-48be-ab36-24dfa50539ba,"https://quod.lib.umich.edu/c/clark1ic/x-003279588/39015091905607_0001|https://quod.lib.umich.edu/cgi/i/image/api/search/clark1ic:003279588|oai:quod.lib.umich.edu:IC-CLARK1IC-X-003279588%5D39015091905607_0001|http://name.umdl.umich.edu/IC-CLARK1IC-X-003279588%5D39015091905607_0001|https://quod.lib.umich.edu/cgi/i/image/api/thumb/clark1ic/003279588/39015091905607_0001/!250,250|https://quod.lib.umich.edu/cgi/i/image/api/manifest/clark1ic:003279588:39015091905607_0001|003279588; fa9e06f8-c35c-48be-ab36-24dfa50539ba",2026-09-07T13:44:02.622882+00:00,existing
facb37fc-90ca-43d0-b39f-417ce88a9920,"https://quod.lib.umich.edu/c/clark1ic/x-000887734/39015091920531_01|https://quod.lib.umich.edu/cgi/i/image/api/search/clark1ic:000887734|oai:quod.lib.umich.edu:IC-CLARK1IC-X-000887734%5D39015091920531_01|http://name.umdl.umich.edu/IC-CLARK1IC-X-000887734%5D39015091920531_01|https://quod.lib.umich.edu/cgi/i/image/api/thumb/clark1ic/000887734/39015091920531_01/!250,250|https://quod.lib.umich.edu/cgi/i/image/api/manifest/clark1ic:000887734:39015091920531_01|000887734; facb37fc-90ca-43d0-b39f-417ce88a9920|oai:quod.lib.umich.edu:IC-CLARK1IC-X-000887734%5D39015091920531_02|http://name.umdl.umich.edu/IC-CLARK1IC-X-000887734%5D39015091920531_02|https://quod.lib.umich.edu/cgi/i/image/api/thumb/clark1ic/000887734/39015091920531_02/!250,250|https://quod.lib.umich.edu/cgi/i/image/api/manifest/clark1ic:000887734:39015091920531_02",2026-09-07T13:44:02.622925+00:00,existing
fad09ac2-1bcb-4b81-98ca-9e9476e00bda,"https://quod.lib.umich.edu/c/clark1ic/x-003281260/39015091186612|https://quod.lib.umich.edu/cgi/i/image/api/search/clark1ic:003281260|oai:quod.lib.umich.edu:IC-CLARK1IC-X-003281260%5D39015091186612|http://name.umdl.umich.edu/IC-CLARK1IC-X-003281260%5D39015091186612|https://quod.lib.umich.edu/cgi/i/image/api/thumb/clark1ic/003281260/39015091186612/!250,250|https://quod.lib.umich.edu/cgi/i/image/api/manifest/clark1ic:003281260:39015091186612|003281260; fad09ac2-1bcb-4b81-98ca-9e9476e00bda",2026-09-07T13:44:02.622956+00:00,existing
fb071419-a884-4a05-a799-04db0e55e855,"https://quod.lib.umich.edu/c/clark1ic/x-003281434/39015091193501|https://quod.lib.umich.edu/cgi/i/image/api/search/clark1ic:003281434|oai:quod.lib.umich.edu:IC-CLARK1IC-X-003281434%5D39015091193501|http://name.umdl.umich.edu/IC-CLARK1IC-X-003281434%5D39015091193501|https://quod.lib.umich.edu/cgi/i/image/api/thumb/clark1ic/003281434/39015091193501/!250,250|https://quod.lib.umich.edu/cgi/i/image/api/manifest/clark1ic:003281434:39015091193501|003281434; fb071419-a884-4a05-a799-04db0e55e855",2026-09-07T13:44:02.622986+00:00,existing
fb5f7239-e47d-496c-812a-0ba41a1600f4,"https://quod.lib.umich.edu/c/clark1ic/x-003931121/39015091897325_01|https://quod.lib.umich.edu/cgi/i/image/api/search/clark1ic:003931121|oai:quod.lib.umich.edu:IC-CLARK1IC-X-003931121%5D39015091897325_01|http://name.umdl.umich.edu/IC-CLARK1IC-X-003931121%5D39015091897325_01|https://quod.lib.umich.edu/cgi/i/image/api/thumb/clark1ic/003931121/39015091897325_01/!250,250|https://quod.lib.umich.edu/cgi/i/image/api/manifest/clark1ic:003931121:39015091897325_01|003931121; fb5f7239-e47d-496c-812a-0ba41a1600f4|oai:quod.lib.umich.edu:IC-CLARK1IC-X-003931121%5D39015091897325_02|http://name.umdl.umich.edu/IC-CLARK1IC-X-003931121%5D39015091897325_02|https://quod.lib.umich.edu/cgi/i/image/api/thumb/clark1ic/003931121/39015091897325_02/!250,250|https://quod.lib.umich.edu/cgi/i/image/api/manifest/clark1ic:003931121:39015091897325_02|oai:quod.lib.umich.edu:IC-CLARK1IC-X-003931121%5D39015095415355_01|http://name.umdl.umich.edu/IC-CLARK1IC-X-003931121%5D39015095415355_01|https://quod.lib.umich.edu/cgi/i/image/api/thumb/clark1ic/003931121/39015095415355_01/!250,250|https://quod.lib.umich.edu/cgi/i/image/api/manifest/clark1ic:003931121:39015095415355_01|oai:quod.lib.umich.edu:IC-CLARK1IC-X-003931121%5D39015095415355_02|http://name.umdl.umich.edu/IC-CLARK1IC-X-003931121%5D39015095415355_02|https://quod.lib.umich.edu/cgi/i/image/api/thumb/clark1ic/003931121/39015095415355_02/!250,250|https://quod.lib.umich.edu/cgi/i/image/api/manifest/clark1ic:003931121:39015095415355_02",2026-09-07T13:44:02.623054+00:00,existing
fb77dd5a-cf29-403e-a68d-c52fe6366046,"https://quod.lib.umich.edu/c/clark1ic/x-000932313/39015091195209|https://quod.lib.umich.edu/cgi/i/image/api/search/clark1ic:000932313|oai:quod.lib.umich.edu:IC-CLARK1IC-X-000932313%5D39015091195209|http://name.umdl.umich.edu/IC-CLARK1IC-X-000932313%5D39015091195209|https://quod.lib.umich.edu/cgi/i/image/api/thumb/clark1ic/000932313/39015091195209/!250,250|https://quod.lib.umich.edu/cgi/i/image/api/manifest/clark1ic:000932313:39015091195209|000932313; fb77dd5a-cf29-403e-a68d-c52fe6366046",2026-09-07T13:44:02.623086+00:00,existing
fc850bda-fafe-45a0-aede-76ae3fcdf284,"https://quod.lib.umich.edu/c/clark1ic/x-010348641/39015091192222_01|https://quod.lib.umich.edu/cgi/i/image/api/search/clark1ic:010348641|oai:quod.lib.umich.edu:IC-CLARK1IC-X-010348641%5D39015091192222_01|http://name.umdl.umich.edu/IC-CLARK1IC-X-010348641%5D39015091192222_01|https://quod.lib.umich.edu/cgi/i/image/api/thumb/clark1ic/010348641/39015091192222_01/!250,250|https://quod.lib.umich.edu/cgi/i/image/api/manifest/clark1ic:010348641:39015091192222_01|010348641; fc850bda-fafe-45a0-aede-76ae3fcdf284|oai:quod.lib.umich.edu:IC-CLARK1IC-X-010348641%5D39015091192222_02|http://name.umdl.umich.edu/IC-CLARK1IC-X-010348641%5D39015091192222_02|https://quod.lib.umich.edu/cgi/i/image/api/thumb/clark1ic/010348641/39015091192222_02/!250,250|https://quod.lib.umich.edu/cgi/i/image/api/manifest/clark1ic:010348641:39015091192222_02",2026-09-07T13:44:02.623129+00:00,existing
fcab7766-7cca-4c6a-9b90-74c04f3d0130,"https://quod.lib.umich.edu/c/clark1ic/x-003011281/39015091185879|https://quod.lib.umich.edu/cgi/i/image/api/search/clark1ic:003011281|oai:quod.lib.umich.edu:IC-CLARK1IC-X-003017571%5D39015091185879|http://name.umdl.umich.edu/IC-CLARK1IC-X-003017571%5D39015091185879|https://quod.lib.umich.edu/cgi/i/image/api/thumb/clark1ic/003017571/39015091185879/!250,250|https://quod.lib.umich.edu/cgi/i/image/api/manifest/clark1ic:003017571:39015091185879|003017571; fcab7766-7cca-4c6a-9b90-74c04f3d0130|oai:quod.lib.umich.edu:IC-CLARK1IC-X-003017571%5D39015091185887|http://name.umdl.umich.edu/IC-CLARK1IC-X-003017571%5D39015091185887|https://quod.lib.umich.edu/cgi/i/image/api/thumb/clark1ic/003017571/39015091185887/!250,250|https://quod.lib.umich.edu/cgi/i/image/api/manifest/clark1ic:003017571:39015091185887|oai:quod.lib.umich.edu:IC-CLARK1IC-X-003017571%5D39015091185895|http://name.umdl.umich.edu/IC-CLARK1IC-X-003017571%5D39015091185895|https://quod.lib.umich.edu/cgi/i/image/api/thumb/clark1ic/003017571/39015091185895/!250,250|https://quod.lib.umich.edu/cgi/i/image/api/manifest/clark1ic:003017571:39015091185895|oai:quod.lib.umich.edu:IC-CLARK1IC-X-003017571%5D39015091185986|http://name.umdl.umich.edu/IC-CLARK1IC-X-003017571%5D39015091185986|https://quod.lib.umich.edu/cgi/i/image/api/thumb/clark1ic/003017571/39015091185986/!250,250|https://quod.lib.umich.edu/cgi/i/image/api/manifest/clark1ic:003017571:39015091185986",2026-09-07T13:44:02.623197+00:00,existing
fd0894e6-76b1-4c6e-a327-c8e5411d7dea,"https://quod.lib.umich.edu/c/clark1ic/x-004078070/39015091191356_01|https://quod.lib.umich.edu/cgi/i/image/api/search/clark1ic:004078070|oai:quod.lib.umich.edu:IC-CLARK1IC-X-004078070%5D39015091191356_01|http://name.umdl.umich.edu/IC-CLARK1IC-X-004078070%5D39015091191356_01|https://quod.lib.umich.edu/cgi/i/image/api/thumb/clark1ic/004078070/39015091191356_01/!250,250|https://quod.lib.umich.edu/cgi/i/image/api/manifest/clark1ic:004078070:39015091191356_01|004078070; fd0894e6-76b1-4c6e-a327-c8e5411d7dea|oai:quod.lib.umich.edu:IC-CLARK1IC-X-004078070%5D39015091191356_02|http://name.umdl.umich.edu/IC-CLARK1IC-X-004078070%5D39015091191356_02|https://quod.lib.umich.edu/cgi/i/image/api/thumb/clark1ic/004078070/39015091191356_02/!250,250|https://quod.lib.umich.edu/cgi/i/image/api/manifest/clark1ic:004078070:39015091191356_02",2026-09-07T13:44:02.623241+00:00,existing
fd61fd87-7c0c-40fb-b0df-ddf4def34b4d,"https://quod.lib.umich.edu/c/clark1ic/x-003283294/39015091905888|https://quod.lib.umich.edu/cgi/i/image/api/search/clark1ic:003283294|oai:quod.lib.umich.edu:IC-CLARK1IC-X-003283294%5D39015091905888|http://name.umdl.umich.edu/IC-CLARK1IC-X-003283294%5D39015091905888|https://quod.lib.umich.edu/cgi/i/image/api/thumb/clark1ic/003283294/39015091905888/!250,250|https://quod.lib.umich.edu/cgi/i/image/api/manifest/clark1ic:003283294:39015091905888|003283294; fd61fd87-7c0c-40fb-b0df-ddf4def34b4d",2026-09-07T13:44:02.623271+00:00,existing
fd9872bc-1a4d-4240-bc6b-13ab3fc584f2,"https://quod.lib.umich.edu/c/clark1ic/x-010381708/39015060935981_01|https://quod.lib.umich.edu/cgi/i/image/api/search/clark1ic:010381708|oai:quod.lib.umich.edu:IC-CLARK1IC-X-010381708%5D39015060935981_01|http://name.umdl.umich.edu/IC-CLARK1IC-X-010381708%5D39015060935981_01|https://quod.lib.umich.edu/cgi/i/image/api/thumb/clark1ic/010381708/39015060935981_01/!250,250|https://quod.lib.umich.edu/cgi/i/image/api/manifest/clark1ic:010381708:39015060935981_01|010381708; fd9872bc-1a4d-4240-bc6b-13ab3fc584f2|oai:quod.lib.umich.edu:IC-CLARK1IC-X-010381708%5D39015060935981_02|http://name.umdl.umich.edu/IC-CLARK1IC-X-010381708%5D39015060935981_02|https://quod.lib.umich.edu/cgi/i/image/api/thumb/clark1ic/010381708/39015060935981_02/!250,250|https://quod.lib.umich.edu/cgi/i/image/api/manifest/clark1ic:010381708:39015060935981_02",2026-09-07T13:44:02.623313+00:00,existing
fdb4bcd0-cdec-451e-83a4-14751d3beff1,"https://quod.lib.umich.edu/c/clark1ic/x-004054000/39015091186380|https://quod.lib.umich.edu/cgi/i/image/api/search/clark1ic:004054000|oai:quod.lib.umich.edu:IC-CLARK1IC-X-004054000%5D39015091186380|http://name.umdl.umich.edu/IC-CLARK1IC-X-004054000%5D39015091186380|https://quod.lib.umich.edu/cgi/i/image/api/thumb/clark1ic/004054000/39015091186380/!250,250|https://quod.lib.umich.edu/cgi/i/image/api/manifest/clark1ic:004054000:39015091186380|004054000; fdb4bcd0-cdec-451e-83a4-14751d3beff1",2026-09-07T13:44:02.623344+00:00,existing
fdd7be52-a557-4ea9-aa90-0c56d1fe0c54,"https://quod.lib.umich.edu/c/clark1ic/x-012520447/39015036518838_01|https://quod.lib.umich.edu/cgi/i/image/api/search/clark1ic:012520447|oai:quod.lib.umich.edu:IC-CLARK1IC-X-012520447%5D39015036518838_01|http://name.umdl.umich.edu/IC-CLARK1IC-X-012520447%5D39015036518838_01|https://quod.lib.umich.edu/cgi/i/image/api/thumb/clark1ic/012520447/39015036518838_01/!250,250|https://quod.lib.umich.edu/cgi/i/image/api/manifest/clark1ic:012520447:39015036518838_01|012520447; fdd7be52-a557-4ea9-aa90-0c56d1fe0c54|oai:quod.lib.umich.edu:IC-CLARK1IC-X-012520447%5D39015036518838_02|http://name.umdl.umich.edu/IC-CLARK1IC-X-012520447%5D39015036518838_02|https://quod.lib.umich.edu/cgi/i/image/api/thumb/clark1ic/012520447/39015036518838_02/!250,250|https://quod.lib.umich.edu/cgi/i/image/api/manifest/clark1ic:012520447:39015036518838_02",2026-09-07T13:44:02.623388+00:00,existing
fe98ab39-cec9-402e-b7b7-c3a22337fa21,"https://quod.lib.umich.edu/c/clark1ic/x-003281653/39015091197908|https://quod.lib.umich.edu/cgi/i/image/api/search/clark1ic:003281653|oai:quod.lib.umich.edu:IC-CLARK1IC-X-003281653%5D39015091197908|http://name.umdl.umich.edu/IC-CLARK1IC-X-003281653%5D39015091197908|https://quod.lib.umich.edu/cgi/i/image/api/thumb/clark1ic/003281653/39015091197908/!250,250|https://quod.lib.umich.edu/cgi/i/image/api/manifest/clark1ic:003281653:39015091197908|003281653; fe98ab39-cec9-402e-b7b7-c3a22337fa21",2026-09-07T13:44:02.623418+00:00,existing
fe9da789-ff05-40b3-a84e-e99938f3596f,"https://quod.lib.umich.edu/c/clark1ic/x-003286623/39015091197155|https://quod.lib.umich.edu/cgi/i/image/api/search/clark1ic:003286623|oai:quod.lib.umich.edu:IC-CLARK1IC-X-003286623%5D39015091197155|http://name.umdl.umich.edu/IC-CLARK1IC-X-003286623%5D39015091197155|https://quod.lib.umich.edu/cgi/i/image/api/thumb/clark1ic/003286623/39015091197155/!250,250|https://quod.lib.umich.edu/cgi/i/image/api/manifest/clark1ic:003286623:39015091197155|003286623; fe9da789-ff05-40b3-a84e-e99938f3596f",2026-09-07T13:44:02.623454+00:00,existing
feca7f43-6d13-4f9e-a08b-f4975053877f,"https://quod.lib.umich.edu/c/clark1ic/x-000081873/39015095417112_01|https://quod.lib.umich.edu/cgi/i/image/api/search/clark1ic:000081873|oai:quod.lib.umich.edu:IC-CLARK1IC-X-000081873%5D39015095417112_01|http://name.umdl.umich.edu/IC-CLARK1IC-X-000081873%5D39015095417112_01|https://quod.lib.umich.edu/cgi/i/image/api/thumb/clark1ic/000081873/39015095417112_01/!250,250|https://quod.lib.umich.edu/cgi/i/image/api/manifest/clark1ic:000081873:39015095417112_01|000081873; feca7f43-6d13-4f9e-a08b-f4975053877f|oai:quod.lib.umich.edu:IC-CLARK1IC-X-000081873%5D39015095417112_02|http://name.umdl.umich.edu/IC-CLARK1IC-X-000081873%5D39015095417112_02|https://quod.lib.umich.edu/cgi/i/image/api/thumb/clark1ic/000081873/39015095417112_02/!250,250|https://quod.lib.umich.edu/cgi/i/image/api/manifest/clark1ic:000081873:39015095417112_02",2026-09-07T13:44:02.623502+00:00,existing
ff844649-101b-4065-90ac-8ce207ec4815,"https://quod.lib.umich.edu/c/clark1ic/x-004082320/39015091186182|https://quod.lib.umich.edu/cgi/i/image/api/search/clark1ic:004082320|oai:quod.lib.umich.edu:IC-CLARK1IC-X-004082320%5D39015091186182|http://name.umdl.umich.edu/IC-CLARK1IC-X-004082320%5D39015091186182|https://quod.lib.umich.edu/cgi/i/image/api/thumb/clark1ic/004082320/39015091186182/!250,250|https://quod.lib.umich.edu/cgi/i/image/api/manifest/clark1ic:004082320:39015091186182|004082320; ff844649-101b-4065-90ac-8ce207ec4815",2026-09-07T13:44:02.623536+00:00,existing
ffaa46f1-4a59-4f28-bba8-f320864652a6,"https://quod.lib.umich.edu/c/clark1ic/x-003538359/39015091881287|https://quod.lib.umich.edu/cgi/i/image/api/search/clark1ic:003538359|oai:quod.lib.umich.edu:IC-CLARK1IC-X-003538359%5D39015091881287|http://name.umdl.umich.edu/IC-CLARK1IC-X-003538359%5D39015091881287|https://quod.lib.umich.edu/cgi/i/image/api/thumb/clark1ic/003538359/39015091881287/!250,250|https://quod.lib.umich.edu/cgi/i/image/api/manifest/clark1ic:003538359:39015091881287|003538359; ffaa46f1-4a59-4f28-bba8-f320864652a6|oai:quod.lib.umich.edu:IC-CLARK1IC-X-003538359%5D39015091881493|http://name.umdl.umich.edu/IC-CLARK1IC-X-003538359%5D39015091881493|https://quod.lib.umich.edu/cgi/i/image/api/thumb/clark1ic/003538359/39015091881493/!250,250|https://quod.lib.umich.edu/cgi/i/image/api/manifest/clark1ic:003538359:39015091881493",2026-09-07T13:44:02.623581+00:00,existing
ffb59d5f-a243-4de8-9909-6d980a25b936,"https://quod.lib.umich.edu/c/clark1ic/x-012452480/39015091192420_01|https://quod.lib.umich.edu/cgi/i/image/api/search/clark1ic:012452480|oai:quod.lib.umich.edu:IC-CLARK1IC-X-012452480%5D39015091192420_01|http://name.umdl.umich.edu/IC-CLARK1IC-X-012452480%5D39015091192420_01|https://quod.lib.umich.edu/cgi/i/image/api/thumb/clark1ic/012452480/39015091192420_01/!250,250|https://quod.lib.umich.edu/cgi/i/image/api/manifest/clark1ic:012452480:39015091192420_01|012452480; ffb59d5f-a243-4de8-9909-6d980a25b936|oai:quod.lib.umich.edu:IC-CLARK1IC-X-012452480%5D39015091192420_02|http://name.umdl.umich.edu/IC-CLARK1IC-X-012452480%5D39015091192420_02|https://quod.lib.umich.edu/cgi/i/image/api/thumb/clark1ic/012452480/39015091192420_02/!250,250|https://quod.lib.umich.edu/cgi/i/image/api/manifest/clark1ic:012452480:39015091192420_02",2026-09-07T13:44:02.623629+00:00,existing
um_c9P198TdXKpv,"oai:quod.lib.umich.edu:IC-CLARK1IC-X-010699814%5D39015091186786|http://name.umdl.umich.edu/IC-CLARK1IC-X-010699814%5D39015091186786|https://quod.lib.umich.edu/cgi/i/image/api/thumb/clark1ic/010699814/39015091186786/!250,250|https://quod.lib.umich.edu/cgi/i/image/api/manifest/clark1ic:010699814:39015091186786|010699814; 14c5b621-656e-44f6-b0b4-001d8fe56ce6",2026-09-07T13:44:03.455652+00:00,nanoid
um_8Wm9TlF2GRiS,"oai:quod.lib.umich.edu:IC-CLARK1IC-X-010699823%5D39015095408723|http://name.umdl.umich.edu/IC-CLARK1IC-X-010699823%5D39015095408723|https://quod.lib.umich.edu/cgi/i/image/api/thumb/clark1ic/010699823/39015095408723/!250,250|https://quod.lib.umich.edu/cgi/i/image/api/manifest/clark1ic:010699823:39015095408723|010699823; 9fe06b77-b7dc-4c64-bb46-12cc398e9822",2026-09-07T13:44:03.455652+00:00,nanoid
um_Y6pRpcQ8n8gX,"oai:quod.lib.umich.edu:IC-CLARK1IC-X-012224755%5D39015095409614|http://name.umdl.umich.edu/IC-CLARK1IC-X-012224755%5D39015095409614|https://quod.lib.umich.edu/cgi/i/image/api/thumb/clark1ic/012224755/39015095409614/!250,250|https://quod.lib.umich.edu/cgi/i/image/api/manifest/clark1ic:012224755:39015095409614|012224755; 8d261e1d-cef6-437d-a039-4354823ce374",2026-09-07T13:44:03.455652+00:00,nanoid
um_U7UAwvZAbCwT,"oai:quod.lib.umich.edu:IC-CLARK1IC-X-012683379%5D39015091889678|http://name.umdl.umich.edu/IC-CLARK1IC-X-012683379%5D39015091889678|https://quod.lib.umich.edu/cgi/i/image/api/thumb/clark1ic/012683379/39015091889678/!250,250|https://quod.lib.umich.edu/cgi/i/image/api/manifest/clark1ic:012683379:39015091889678|012683379; 6d6f59e4-81b0-400c-9621-2e6329898fbe",2026-09-07T13:44:03.455652+00:00,nanoid
um_kxhjdnkD9end,"oai:quod.lib.umich.edu:IC-CLARK1IC-X-012683413%5D39015091889736|http://name.umdl.umich.edu/IC-CLARK1IC-X-012683413%5D39015091889736|https://quod.lib.umich.edu/cgi/i/image/api/thumb/clark1ic/012683413/39015091889736/!250,250|https://quod.lib.umich.edu/cgi/i/image/api/manifest/clark1ic:012683413:39015091889736|012683413; 432862fa-4421-4bc7-b741-dd45f0438845",2026-09-07T13:44:03.455652+00:00,nanoid
um_bwhyQpQk04Q0,"oai:quod.lib.umich.edu:IC-CLARK1IC-X-013395736%5D39015060935957|http://name.umdl.umich.edu/IC-CLARK1IC-X-013395736%5D39015060935957|https://quod.lib.umich.edu/cgi/i/image/api/thumb/clark1ic/013395736/39015060935957/!250,250|https://quod.lib.umich.edu/cgi/i/image/api/manifest/clark1ic:013395736:39015060935957|013395736; 3dceb80c-247f-450e-a0d4-36bdcb848dad",2026-09-07T13:44:03.455652+00:00,nanoid
um_rj2X0Gsq9dZF,"oai:quod.lib.umich.edu:IC-CLARK1IC-X-013848050%5D39015091198310|http://name.umdl.umich.edu/IC-CLARK1IC-X-013848050%5D39015091198310|https://quod.lib.umich.edu/cgi/i/image/api/thumb/clark1ic/013848050/39015091198310/!250,250|https://quod.lib.umich.edu/cgi/i/image/api/manifest/clark1ic:013848050:39015091198310|013848050; fc2f5630-3534-4775-87b6-5293dba01231",2026-09-07T13:44:03.455652+00:00,nanoid
um_L0G12JEfbGmQ,"oai:quod.lib.umich.edu:IC-CLARK1IC-X-018621382%5D39015095410133_01|http://name.umdl.umich.edu/IC-CLARK1IC-X-018621382%5D39015095410133_01|https://quod.lib.umich.edu/cgi/i/image/api/thumb/clark1ic/018621382/39015095410133_01/!250,250|https://quod.lib.umich.edu/cgi/i/image/api/manifest/clark1ic:018621382:39015095410133_01|018621382; c8253661-30ed-4db1-b169-cae199561b33|oai:quod.lib.umich.edu:IC-CLARK1IC-X-018621382%5D39015095410133_02|http://name.umdl.umich.edu/IC-CLARK1IC-X-018621382%5D39015095410133_02|https://quod.lib.umich.edu/cgi/i/image/api/thumb/clark1ic/018621382/39015095410133_02/!250,250|https://quod.lib.umich.edu/cgi/i/image/api/manifest/clark1ic:018621382:39015095410133_02",2026-09-07T13:44:03.455652+00:00,nanoid
um_rE0h3wWw9S66,"oai:quod.lib.umich.edu:IC-CLARK1IC-X-018621388%5D39015095410117|http://name.umdl.umich.edu/IC-CLARK1IC-X-018621388%5D39015095410117|https://quod.lib.umich.edu/cgi/i/image/api/thumb/clark1ic/018621388/39015095410117/!250,250|https://quod.lib.umich.edu/cgi/i/image/api/manifest/clark1ic:018621388:39015095410117|018621388; 429b840d-4d4d-40ec-a5f5-393cdffec3c6",2026-09-07T13:44:03.455652+00:00,nanoid
um_88WtAuwFzF74,"oai:quod.lib.umich.edu:IC-CLARK1IC-X-018621908%5D39015095410158_01|http://name.umdl.umich.edu/IC-CLARK1IC-X-018621908%5D39015095410158_01|https://quod.lib.umich.edu/cgi/i/image/api/thumb/clark1ic/018621908/39015095410158_01/!250,250|https://quod.lib.umich.edu/cgi/i/image/api/manifest/clark1ic:018621908:39015095410158_01|018621908; 597313b9-e4e3-4014-8328-2f00dcb4c3e9|oai:quod.lib.umich.edu:IC-CLARK1IC-X-018621908%5D39015095410158_02|http://name.umdl.umich.edu/IC-CLARK1IC-X-018621908%5D39015095410158_02|https://quod.lib.umich.edu/cgi/i/image/api/thumb/clark1ic/018621908/39015095410158_02/!250,250|https://quod.lib.umich.edu/cgi/i/image/api/manifest/clark1ic:018621908:39015095410158_02",2026-09-07T13:44:03.455652+00:00,nanoid
um_e5IOKZqhe0gB,"oai:quod.lib.umich.edu:IC-CLARK1IC-X-018624708%5D39015095410232|http://name.umdl.umich.edu/IC-CLARK1IC-X-018624708%5D39015095410232|https://quod.lib.umich.edu/cgi/i/image/api/thumb/clark1ic/018624708/39015095410232/!250,250|https://quod.lib.umich.edu/cgi/i/image/api/manifest/clark1ic:018624708:39015095410232|018624708; 66d79c55-6442-4591-a162-283063c85752",2026-09-07T13:44:03.455652+00:00,nanoid
um_7VHtbrUwwSrQ,"oai:quod.lib.umich.edu:IC-CLARK1IC-X-002371859%5D39015095408590|http://name.umdl.umich.edu/IC-CLARK1IC-X-002371859%5D39015095408590|https://quod.lib.umich.edu/cgi/i/image/api/thumb/clark1ic/002371859/39015095408590/!250,250|https://quod.lib.umich.edu/cgi/i/image/api/manifest/clark1ic:002371859:39015095408590|002371859; 43cf2bec-935d-4f0d-8d89-a86a7c0caf05",2026-09-07T13:44:03.455652+00:00,nanoid
um_ZeRkDFfAZmo3,"oai:quod.lib.umich.edu:IC-CLARK1IC-X-002578362%5D39015095409242|http://name.umdl.umich.edu/IC-CLARK1IC-X-002578362%5D39015095409242|https://quod.lib.umich.edu/cgi/i/image/api/thumb/clark1ic/002578362/39015095409242/!250,250|https://quod.lib.umich.edu/cgi/i/image/api/manifest/clark1ic:002578362:39015095409242|002578362; a4acc39b-66ce-4339-b08e-58e54d2eb023",2026-09-07T13:44:03.455652+00:00,nanoid
um_1RaH4YkaPPip,"oai:quod.lib.umich.edu:IC-CLARK1IC-X-002601317%5D39015091186794|http://name.umdl.umich.edu/IC-CLARK1IC-X-002601317%5D39015091186794|https://quod.lib.umich.edu/cgi/i/image/api/thumb/clark1ic/002601317/39015091186794/!250,250|https://quod.lib.umich.edu/cgi/i/image/api/manifest/clark1ic:002601317:39015091186794|002601317; df4aed02-c28a-4585-b350-13ecf19bb794",2026-09-07T13:44:03.455652+00:00,nanoid
um_VEW3KYuQU1x9,"oai:quod.lib.umich.edu:IC-CLARK1IC-X-003054615%5D39015095410372_01|http://name.umdl.umich.edu/IC-CLARK1IC-X-003054615%5D39015095410372_01|https://quod.lib.umich.edu/cgi/i/image/api/thumb/clark1ic/003054615/39015095410372_01/!250,250|https://quod.lib.umich.edu/cgi/i/image/api/manifest/clark1ic:003054615:39015095410372_01|003054615; 62a6c410-6d31-425a-94ee-7fb05c339723|oai:quod.lib.umich.edu:IC-CLARK1IC-X-003054615%5D39015095410372_02|http://name.umdl.umich.edu/IC-CLARK1IC-X-003054615%5D39015095410372_02|https://quod.lib.umich.edu/cgi/i/image/api/thumb/clark1ic/003054615/39015095410372_02/!250,250|https://quod.lib.umich.edu/cgi/i/image/api/manifest/clark1ic:003054615:39015095410372_02",2026-09-07T13:44:03.455652+00:00,nanoid
um_xs0E96bnNKZB,"oai:quod.lib.umich.edu:IC-CLARK1IC-X-003190919%5D39015091200231|http://name.umdl.umich.edu/IC-CLARK1IC-X-003190919%5D39015091200231|https://quod.lib.umich.edu/cgi/i/image/api/thumb/clark1ic/003190919/39015091200231/!250,250|https://quod.lib.umich.edu/cgi/i/image/api/manifest/clark1ic:003190919:39015091200231|003190919; fd538ae6-f47d-45bd-bce7-77d0785f74ab",2026-09-07T13:44:03.455652+00:00,nanoid
um_xaa5LnXcQLph,"oai:quod.lib.umich.edu:IC-CLARK1IC-X-003277876%5D39015095409994|http://name.umdl.umich.edu/IC-CLARK1IC-X-003277876%5D39015095409994|https://quod.lib.umich.edu/cgi/i/image/api/thumb/clark1ic/003277876/39015095409994/!250,250|https://quod.lib.umich.edu/cgi/i/image/api/manifest/clark1ic:003277876:39015095409994|003277876; f8dd28e0-2d4a-4e6e-bdf3-06afc894c0fa",2026-09-07T13:44:03.455652+00:00,nanoid
um_Gs4et9PzOOtV,"oai:quod.lib.umich.edu:IC-CLARK1IC-X-003279731%5D39015095410356|http://name.umdl.umich.edu/IC-CLARK1IC-X-003279731%5D39015095410356|https://quod.lib.umich.edu/cgi/i/image/api/thumb/clark1ic/003279731/39015095410356/!250,250|https://quod.lib.umich.edu/cgi/i/image/api/manifest/clark1ic:003279731:39015095410356|003279731; a7044b10-45cc-4ef8-9bfa-91d2e5a2b095",2026-09-07T13:44:03.455652+00:00,nanoid
um_umA6AsyKTgFh,"oai:quod.lib.umich.edu:IC-CLARK1IC-X-003280465%5D39015095408368|http://name.umdl.umich.edu/IC-CLARK1IC-X-003280465%5D39015095408368|https://quod.lib.umich.edu/cgi/i/image/api/thumb/clark1ic/003280465/39015095408368/!250,250|https://quod.lib.umich.edu/cgi/i/image/api/manifest/clark1ic:003280465:39015095408368|003280465; bcab00a5-9a48-40a3-b746-1b3c9606bc99",2026-09-07T13:44:03.455652+00:00,nanoid
um_yTbC4sJk5hSK,"oai:quod.lib.umich.edu:IC-CLARK1IC-X-003281075%5D39015095409226|http://name.umdl.umich.edu/IC-CLARK1IC-X-003281075%5D39015095409226|https://quod.lib.umich.edu/cgi/i/image/api/thumb/clark1ic/003281075/39015095409226/!250,250|https://quod.lib.umich.edu/cgi/i/image/api/manifest/clark1ic:003281075:39015095409226|003281075; e1cc9950-f1aa-4c8c-96db-172484120967",2026-09-07T13:44:03.455652+00:00,nanoid
um_7vLOpgj0O13y,"oai:quod.lib.umich.edu:IC-CLARK1IC-X-003281185%5D39015095408749|http://name.umdl.umich.edu/IC-CLARK1IC-X-003281185%5D39015095408749|https://quod.lib.umich.edu/cgi/i/image/api/thumb/clark1ic/003281185/39015095408749/!250,250|https://quod.lib.umich.edu/cgi/i/image/api/manifest/clark1ic:003281185:39015095408749|003281185; 1c82565f-cbfd-48fa-9f91-24bd011e3ef2",2026-09-07T13:44:03.455652+00:00,nanoid
um_c8JKF62WDg0d,"oai:quod.lib.umich.edu:IC-CLARK1IC-X-003281187%5D39015095408731|http://name.umdl.umich.edu/IC-CLARK1IC-X-003281187%5D39015095408731|https://quod.lib.umich.edu/cgi/i/image/api/thumb/clark1ic/003281187/39015095408731/!250,250|https://quod.lib.umich.edu/cgi/i/image/api/manifest/clark1ic:003281187:39015095408731|003281187; ff3b993f-31fa-46fc-a4ab-d81482bcbb97",2026-09-07T13:44:03.455652+00:00,nanoid
um_rQ3DoRVwBIAB,"oai:quod.lib.umich.edu:IC-CLARK1IC-X-003281188%5D39015095410398|http://name.umdl.umich.edu/IC-CLARK1IC-X-003281188%5D39015095410398|https://quod.lib.umich.edu/cgi/i/image/api/thumb/clark1ic/003281188/39015095410398/!250,250|https://quod.lib.umich.edu/cgi/i/image/api/manifest/clark1ic:003281188:39015095410398|003281188; fdc0ee3c-c6da-4b64-b69c-4c60fb38541e",2026-09-07T13:44:03.455652+00:00,nanoid
um_Lhv9cHbDAl2q,"oai:quod.lib.umich.edu:IC-CLARK1IC-X-003281200%5D39015095410315|http://name.umdl.umich.edu/IC-CLARK1IC-X-003281200%5D39015095410315|https://quod.lib.umich.edu/cgi/i/image/api/thumb/clark1ic/003281200/39015095410315/!250,250|https://quod.lib.umich.edu/cgi/i/image/api/manifest/clark1ic:003281200:39015095410315|003281200; 78f0563a-af56-49ed-8a94-519da470c5d1",2026-09-07T13:44:03.455652+00:00,nanoid
um_12ck6TjczDr9,"oai:quod.lib.umich.edu:IC-CLARK1IC-X-003281208%5D39015095410307|http://name.umdl.umich.edu/IC-CLARK1IC-X-003281208%5D39015095410307|https://quod.lib.umich.edu/cgi/i/image/api/thumb/clark1ic/003281208/39015095410307/!250,250|https://quod.lib.umich.edu/cgi/i/image/api/manifest/clark1ic:003281208:39015095410307|003281208; 81fa6265-cea9-47d6-a7fa-15a7779d1be6",2026-09-07T13:44:03.455652+00:00,nanoid
um_9ZwBZuJrDsmd,"oai:quod.lib.umich.edu:IC-CLARK1IC-X-003281210%5D39015095410380|http://name.umdl.umich.edu/IC-CLARK1IC-X-003281210%5D39015095410380|https://quod.lib.umich.edu/cgi/i/image/api/thumb/clark1ic/003281210/39015095410380/!250,250|https://quod.lib.umich.edu/cgi/i/image/api/manifest/clark1ic:003281210:39015095410380|003281210; f47ad3a3-69d5-4bd8-b482-6c1499187c7e",2026-09-07T13:44:03.455652+00:00,nanoid
um_b8DFQetZHkjD,"oai:quod.lib.umich.edu:IC-CLARK1IC-X-003281324%5D39015091192511_01|http://name.umdl.umich.edu/IC-CLARK1IC-X-003281324%5D39015091192511_01|https://quod.lib.umich.edu/cgi/i/image/api/thumb/clark1ic/003281324/39015091192511_01/!250,250|https://quod.lib.umich.edu/cgi/i/image/api/manifest/clark1ic:003281324:39015091192511_01|003281324; ae4d0f64-8683-4e32-a737-d84b200f1e0b|oai:quod.lib.umich.edu:IC-CLARK1IC-X-003281324%5D39015091192511_02|http://name.umdl.umich.edu/IC-CLARK1IC-X-003281324%5D39015091192511_02|https://quod.lib.umich.edu/cgi/i/image/api/thumb/clark1ic/003281324/39015091192511_02/!250,250|https://quod.lib.umich.edu/cgi/i/image/api/manifest/clark1ic:003281324:39015091192511_02",2026-09-07T13:44:03.455652+00:00,nanoid
um_ULMWswJh6OkT,"oai:quod.lib.umich.edu:IC-CLARK1IC-X-003281468%5D39015095410687|http://name.umdl.umich.edu/IC-CLARK1IC-X-003281468%5D39015095410687|https://quod.lib.umich.edu/cgi/i/image/api/thumb/clark1ic/003281468/39015095410687/!250,250|https://quod.lib.umich.edu/cgi/i/image/api/manifest/clark1ic:003281468:39015095410687|003281468; 977af194-1b9d-4f11-adc1-834759161d80",2026-09-07T13:44:03.455652+00:00,nanoid
um_QChCEsiH1BWz,"oai:quod.lib.umich.edu:IC-CLARK1IC-X-003281685%5D39015095410760|http://name.umdl.umich.edu/IC-CLARK1IC-X-003281685%5D39015095410760|https://quod.lib.umich.edu/cgi/i/image/api/thumb/clark1ic/003281685/39015095410760/!250,250|https://quod.lib.umich.edu/cgi/i/image/api/manifest/clark1ic:003281685:39015095410760|003281685; 4387f826-cab4-418c-98e6-ae977e8b30e1",2026-09-07T13:44:03.455652+00:00,nanoid
um_KnpAM4bkjTEN,"oai:quod.lib.umich.edu:IC-CLARK1IC-X-003281825%5D39015095410570|http://name.umdl.umich.edu/IC-CLARK1IC-X-003281825%5D39015095410570|https://quod.lib.umich.edu/cgi/i/image/api/thumb/clark1ic/003281825/39015095410570/!250,250|https://quod.lib.umich.edu/cgi/i/image/api/manifest/clark1ic:003281825:39015095410570|003281825; 1b1bb03a-412b-413e-a6ea-ef2ec1372902",2026-09-07T13:44:03.455652+00:00,nanoid
um_ciD2ubQZGRuU,"oai:quod.lib.umich.edu:IC-CLARK1IC-X-003281826%5D39015095410281|http://name.umdl.umich.edu/IC-CLARK1IC-X-003281826%5D39015095410281|https://quod.lib.umich.edu/cgi/i/image/api/thumb/clark1ic/003281826/39015095410281/!250,250|https://quod.lib.umich.edu/cgi/i/image/api/manifest/clark1ic:003281826:39015095410281|003281826; 624cd3aa-0991-4643-9546-fa5538c2eae7",2026-09-07T13:44:03.455652+00:00,nanoid
um_kMmLE454UwbY,"oai:quod.lib.umich.edu:IC-CLARK1IC-X-003281881%5D39015095409192_0001|http://name.umdl.umich.edu/IC-CLARK1IC-X-003281881%5D39015095409192_0001|https://quod.lib.umich.edu/cgi/i/image/api/thumb/clark1ic/003281881/39015095409192_0001/!250,250|https://quod.lib.umich.edu/cgi/i/image/api/manifest/clark1ic:003281881:39015095409192_0001|003281881; d2e9a05b-021b-488b-8420-8945cc80c78c",2026-09-07T13:44:03.455652+00:00,nanoid
um_QjymvKN5WvWr,"oai:quod.lib.umich.edu:IC-CLARK1IC-X-003282115%5D39015095409283|http://name.umdl.umich.edu/IC-CLARK1IC-X-003282115%5D39015095409283|https://quod.lib.umich.edu/cgi/i/image/api/thumb/clark1ic/003282115/39015095409283/!250,250|https://quod.lib.umich.edu/cgi/i/image/api/manifest/clark1ic:003282115:39015095409283|003282115; 2e5ff9c8-d79e-455e-a7b9-f070fe83fb01",2026-09-07T13:44:03.455652+00:00,nanoid
um_uceZKr6L59JU,"oai:quod.lib.umich.edu:IC-CLARK1IC-X-003282296%5D39015095410448|http://name.umdl.umich.edu/IC-CLARK1IC-X-003282296%5D39015095410448|https://quod.lib.umich.edu/cgi/i/image/api/thumb/clark1ic/003282296/39015095410448/!250,250|https://quod.lib.umich.edu/cgi/i/image/api/manifest/clark1ic:003282296:39015095410448|003282296; 64d7c442-35d0-4da3-bad9-7cbff7068659",2026-09-07T13:44:03.455652+00:00,nanoid
um_TRFEDA9QeEcv,"oai:quod.lib.umich.edu:IC-CLARK1IC-X-003282383%5D39015095408285|http://name.umdl.umich.edu/IC-CLARK1IC-X-003282383%5D39015095408285|https://quod.lib.umich.edu/cgi/i/image/api/thumb/clark1ic/003282383/39015095408285/!250,250|https://quod.lib.umich.edu/cgi/i/image/api/manifest/clark1ic:003282383:39015095408285|003282383; 137e61a6-1683-46d0-b8a9-25e573ae4022",2026-09-07T13:44:03.455652+00:00,nanoid
um_6W11Kd1IYyWQ,"oai:quod.lib.umich.edu:IC-CLARK1IC-X-003282488%5D39015095408301|http://name.umdl.umich.edu/IC-CLARK1IC-X-003282488%5D39015095408301|https://quod.lib.umich.edu/cgi/i/image/api/thumb/clark1ic/003282488/39015095408301/!250,250|https://quod.lib.umich.edu/cgi/i/image/api/manifest/clark1ic:003282488:39015095408301|003282488; 25e7ebcb-64d0-443e-ab58-5156787a389e",2026-09-07T13:44:03.455652+00:00,nanoid
um_Se17c5OBboJm,"oai:quod.lib.umich.edu:IC-CLARK1IC-X-003282630%5D39015095410240|http://name.umdl.umich.edu/IC-CLARK1IC-X-003282630%5D39015095410240|https://quod.lib.umich.edu/cgi/i/image/api/thumb/clark1ic/003282630/39015095410240/!250,250|https://quod.lib.umich.edu/cgi/i/image/api/manifest/clark1ic:003282630:39015095410240|003282630; cd507d7e-70ee-422a-bf76-07fa5ac83e67",2026-09-07T13:44:03.455652+00:00,nanoid
um_ih94g3OTj3sD,"oai:quod.lib.umich.edu:IC-CLARK1IC-X-003282632%5D39015095410174|http://name.umdl.umich.edu/IC-CLARK1IC-X-003282632%5D39015095410174|https://quod.lib.umich.edu/cgi/i/image/api/thumb/clark1ic/003282632/39015095410174/!250,250|https://quod.lib.umich.edu/cgi/i/image/api/manifest/clark1ic:003282632:39015095410174|003282632; 6112c154-ab86-45e8-a1c3-451280f833dd",2026-09-07T13:44:03.455652+00:00,nanoid
um_v1qHP9NlDFV8,"oai:quod.lib.umich.edu:IC-CLARK1IC-X-003282634%5D39015095410182|http://name.umdl.umich.edu/IC-CLARK1IC-X-003282634%5D39015095410182|https://quod.lib.umich.edu/cgi/i/image/api/thumb/clark1ic/003282634/39015095410182/!250,250|https://quod.lib.umich.edu/cgi/i/image/api/manifest/clark1ic:003282634:39015095410182|003282634; dd833fd2-1524-4bfa-aa9d-644a00b5fcb8",2026-09-07T13:44:03.455652+00:00,nanoid
um_S8tYYiipMVNE,"oai:quod.lib.umich.edu:IC-CLARK1IC-X-003282635%5D39015095410349|http://name.umdl.umich.edu/IC-CLARK1IC-X-003282635%5D39015095410349|https://quod.lib.umich.edu/cgi/i/image/api/thumb/clark1ic/003282635/39015095410349/!250,250|https://quod.lib.umich.edu/cgi/i/image/api/manifest/clark1ic:003282635:39015095410349|003282635; bb9dc620-63fc-41e5-9b27-0621dfcea518",2026-09-07T13:44:03.455652+00:00,nanoid
um_4LmnxzrBqYfQ,"oai:quod.lib.umich.edu:IC-CLARK1IC-X-003282638%5D39015095410505|http://name.umdl.umich.edu/IC-CLARK1IC-X-003282638%5D39015095410505|https://quod.lib.umich.edu/cgi/i/image/api/thumb/clark1ic/003282638/39015095410505/!250,250|https://quod.lib.umich.edu/cgi/i/image/api/manifest/clark1ic:003282638:39015095410505|003282638; 73d33b71-4a3c-4325-a29c-a89d4121941d",2026-09-07T13:44:03.455652+00:00,nanoid
um_soQ5vAJ4QhdD,"oai:quod.lib.umich.edu:IC-CLARK1IC-X-003282653%5D39015095410430|http://name.umdl.umich.edu/IC-CLARK1IC-X-003282653%5D39015095410430|https://quod.lib.umich.edu/cgi/i/image/api/thumb/clark1ic/003282653/39015095410430/!250,250|https://quod.lib.umich.edu/cgi/i/image/api/manifest/clark1ic:003282653:39015095410430|003282653; 408780b8-52a9-4b62-8805-8107706c1921",2026-09-07T13:44:03.455652+00:00,nanoid
um_0bkR5EnjWKFD,"oai:quod.lib.umich.edu:IC-CLARK1IC-X-003282668%5D39015095410489|http://name.umdl.umich.edu/IC-CLARK1IC-X-003282668%5D39015095410489|https://quod.lib.umich.edu/cgi/i/image/api/thumb/clark1ic/003282668/39015095410489/!250,250|https://quod.lib.umich.edu/cgi/i/image/api/manifest/clark1ic:003282668:39015095410489|003282668; 9a1ab8d2-cd7f-4983-a207-e200d0834da5",2026-09-07T13:44:03.455652+00:00,nanoid
um_tIU9wTKnW8K0,"oai:quod.lib.umich.edu:IC-CLARK1IC-X-003282670%5D39015095410299|http://name.umdl.umich.edu/IC-CLARK1IC-X-003282670%5D39015095410299|https://quod.lib.umich.edu/cgi/i/image/api/thumb/clark1ic/003282670/39015095410299/!250,250|https://quod.lib.umich.edu/cgi/i/image/api/manifest/clark1ic:003282670:39015095410299|003282670; c7f4d9ac-0735-46a8-bede-834396786231",2026-09-07T13:44:03.455652+00:00,nanoid
um_b6Qb0QcObUw1,"oai:quod.lib.umich.edu:IC-CLARK1IC-X-003282673%5D39015095410497|http://name.umdl.umich.edu/IC-CLARK1IC-X-003282673%5D39015095410497|https://quod.lib.umich.edu/cgi/i/image/api/thumb/clark1ic/003282673/39015095410497/!250,250|https://quod.lib.umich.edu/cgi/i/image/api/manifest/clark1ic:003282673:39015095410497|003282673; cfdf2525-2064-4893-b849-de260779a8a8",2026-09-07T13:44:03.455652+00:00,nanoid
um_MGkMyqZRsGo2,"oai:quod.lib.umich.edu:IC-CLARK1IC-X-003282683%5D39015095410331|http://name.umdl.umich.edu/IC-CLARK1IC-X-003282683%5D39015095410331|https://quod.lib.umich.edu/cgi/i/image/api/thumb/clark1ic/003282683/39015095410331/!250,250|https://quod.lib.umich.edu/cgi/i/image/api/manifest/clark1ic:003282683:39015095410331|003282683; f55b2f54-4a69-48db-82b9-3ee0ef121707",2026-09-07T13:44:03.455652+00:00,nanoid
um_VhN37lNGAJMd,"oai:quod.lib.umich.edu:IC-CLARK1IC-X-003282685%5D39015095410166|http://name.umdl.umich.edu/IC-CLARK1IC-X-003282685%5D39015095410166|https://quod.lib.umich.edu/cgi/i/image/api/thumb/clark1ic/003282685/39015095410166/!250,250|https://quod.lib.umich.edu/cgi/i/image/api/manifest/clark1ic:003282685:39015095410166|003282685; 7f33180e-f6a6-43af-aeff-711bf75a9337",2026-09-07T13:44:03.455652+00:00,nanoid
um_tu69YpEVqgcq,"oai:quod.lib.umich.edu:IC-CLARK1IC-X-003282686%5D39015095410422|http://name.umdl.umich.edu/IC-CLARK1IC-X-003282686%5D39015095410422|https://quod.lib.umich.edu/cgi/i/image/api/thumb/clark1ic/003282686/39015095410422/!250,250|https://quod.lib.umich.edu/cgi/i/image/api/manifest/clark1ic:003282686:39015095410422|003282686; 8f109a95-4089-40a0-addd-47be17268b88",2026-09-07T13:44:03.455652+00:00,nanoid
um_jsCTrYaA09vr,"oai:quod.lib.umich.edu:IC-CLARK1IC-X-003282688%5D39015095410224|http://name.umdl.umich.edu/IC-CLARK1IC-X-003282688%5D39015095410224|https://quod.lib.umich.edu/cgi/i/image/api/thumb/clark1ic/003282688/39015095410224/!250,250|https://quod.lib.umich.edu/cgi/i/image/api/manifest/clark1ic:003282688:39015095410224|003282688; 9452c831-804d-4631-a364-bfda413a143e",2026-09-07T13:44:03.455652+00:00,nanoid
um_sZj4huivUUcd,"oai:quod.lib.umich.edu:IC-CLARK1IC-X-003282689%5D39015095410190|http://name.umdl.umich.edu/IC-CLARK1IC-X-003282689%5D39015095410190|https://quod.lib.umich.edu/cgi/i/image/api/thumb/clark1ic/003282689/39015095410190/!250,250|https://quod.lib.umich.edu/cgi/i/image/api/manifest/clark1ic:003282689:39015095410190|003282689; b02287fe-5e72-4bb1-a841-37af9bd3cfb6",2026-09-07T13:44:03.455652+00:00,nanoid
um_C0EynQni8p4i,"oai:quod.lib.umich.edu:IC-CLARK1IC-X-003282692%5D39015095410711|http://name.umdl.umich.edu/IC-CLARK1IC-X-003282692%5D39015095410711|https://quod.lib.umich.edu/cgi/i/image/api/thumb/clark1ic/003282692/39015095410711/!250,250|https://quod.lib.umich.edu/cgi/i/image/api/manifest/clark1ic:003282692:39015095410711|003282692; 6c9c095f-3913-486e-896c-296e269c0e71",2026-09-07T13:44:03.455652+00:00,nanoid
um_NEG7UeukvRRl,"oai:quod.lib.umich.edu:IC-CLARK1IC-X-003282696%5D39015095410216|http://name.umdl.umich.edu/IC-CLARK1IC-X-003282696%5D39015095410216|https://quod.lib.umich.edu/cgi/i/image/api/thumb/clark1ic/003282696/39015095410216/!250,250|https://quod.lib.umich.edu/cgi/i/image/api/manifest/clark1ic:003282696:39015095410216|003282696; 81e4e6b9-f223-4184-917e-820a3388aca1",2026-09-07T13:44:03.455652+00:00,nanoid
um_5pRrNytZMKn7,"oai:quod.lib.umich.edu:IC-CLARK1IC-X-003282700%5D39015095410406|http://name.umdl.umich.edu/IC-CLARK1IC-X-003282700%5D39015095410406|https://quod.lib.umich.edu/cgi/i/image/api/thumb/clark1ic/003282700/39015095410406/!250,250|https://quod.lib.umich.edu/cgi/i/image/api/manifest/clark1ic:003282700:39015095410406|003282700; b0623861-ef58-4e59-8871-94a48d4ed56a",2026-09-07T13:44:03.455652+00:00,nanoid
um_UL7ZX7RTf16H,"oai:quod.lib.umich.edu:IC-CLARK1IC-X-003282707%5D39015095410471|http://name.umdl.umich.edu/IC-CLARK1IC-X-003282707%5D39015095410471|https://quod.lib.umich.edu/cgi/i/image/api/thumb/clark1ic/003282707/39015095410471/!250,250|https://quod.lib.umich.edu/cgi/i/image/api/manifest/clark1ic:003282707:39015095410471|003282707; 9bcd4a8d-b6b6-4e2b-8307-10ebd42897a3",2026-09-07T13:44:03.455652+00:00,nanoid
um_QWPFBq04C4wt,"oai:quod.lib.umich.edu:IC-CLARK1IC-X-003282709%5D39015095410695|http://name.umdl.umich.edu/IC-CLARK1IC-X-003282709%5D39015095410695|https://quod.lib.umich.edu/cgi/i/image/api/thumb/clark1ic/003282709/39015095410695/!250,250|https://quod.lib.umich.edu/cgi/i/image/api/manifest/clark1ic:003282709:39015095410695|003282709; 101d4430-6417-4ec0-9979-8ce2a44db36a",2026-09-07T13:44:03.455652+00:00,nanoid
um_iYKXvlJ3qOqh,"oai:quod.lib.umich.edu:IC-CLARK1IC-X-003282714%5D39015095410455|http://name.umdl.umich.edu/IC-CLARK1IC-X-003282714%5D39015095410455|https://quod.lib.umich.edu/cgi/i/image/api/thumb/clark1ic/003282714/39015095410455/!250,250|https://quod.lib.umich.edu/cgi/i/image/api/manifest/clark1ic:003282714:39015095410455|003282714; 4087d5d9-879e-4fbb-b7cf-5a794bbd3511",2026-09-07T13:44:03.455652+00:00,nanoid
um_HcgHNaDi5frD,"oai:quod.lib.umich.edu:IC-CLARK1IC-X-003282716%5D39015095410364|http://name.umdl.umich.edu/IC-CLARK1IC-X-003282716%5D39015095410364|https://quod.lib.umich.edu/cgi/i/image/api/thumb/clark1ic/003282716/39015095410364/!250,250|https://quod.lib.umich.edu/cgi/i/image/api/manifest/clark1ic:003282716:39015095410364|003282716; f6a5acec-5c10-4b32-9f58-10dfbbcade0a",2026-09-07T13:44:03.455652+00:00,nanoid
um_pdndU8K4hLGh,"oai:quod.lib.umich.edu:IC-CLARK1IC-X-003282722%5D39015095410729|http://name.umdl.umich.edu/IC-CLARK1IC-X-003282722%5D39015095410729|https://quod.lib.umich.edu/cgi/i/image/api/thumb/clark1ic/003282722/39015095410729/!250,250|https://quod.lib.umich.edu/cgi/i/image/api/manifest/clark1ic:003282722:39015095410729|003282722; 71312dc0-7f46-4c13-a78e-9eb08ca763bd",2026-09-07T13:44:03.455652+00:00,nanoid
um_oQmaKBUf8E7K,"oai:quod.lib.umich.edu:IC-CLARK1IC-X-003284686%5D39015095410109_01|http://name.umdl.umich.edu/IC-CLARK1IC-X-003284686%5D39015095410109_01|https://quod.lib.umich.edu/cgi/i/image/api/thumb/clark1ic/003284686/39015095410109_01/!250,250|https://quod.lib.umich.edu/cgi/i/image/api/manifest/clark1ic:003284686:39015095410109_01|003284686; 4dc7c1d1-e50d-4b9c-b1d8-9979fa4e4703|oai:quod.lib.umich.edu:IC-CLARK1IC-X-003284686%5D39015095410109_02|http://name.umdl.umich.edu/IC-CLARK1IC-X-003284686%5D39015095410109_02|https://quod.lib.umich.edu/cgi/i/image/api/thumb/clark1ic/003284686/39015095410109_02/!250,250|https://quod.lib.umich.edu/cgi/i/image/api/manifest/clark1ic:003284686:39015095410109_02",2026-09-07T13:44:03.455652+00:00,nanoid
um_ODWUAX63VrEK,"oai:quod.lib.umich.edu:IC-CLARK1IC-X-003284687%5D39015095410034|http://name.umdl.umich.edu/IC-CLARK1IC-X-003284687%5D39015095410034|https://quod.lib.umich.edu/cgi/i/image/api/thumb/clark1ic/003284687/39015095410034/!250,250|https://quod.lib.umich.edu/cgi/i/image/api/manifest/clark1ic:003284687:39015095410034|003284687; f01c7343-0e20-451b-aa97-11c898e6678e",2026-09-07T13:44:03.455652+00:00,nanoid
um_vGCBeIW3s4OA,"oai:quod.lib.umich.edu:IC-CLARK1IC-X-003284690%5D39015095410141_01|http://name.umdl.umich.edu/IC-CLARK1IC-X-003284690%5D39015095410141_01|https://quod.lib.umich.edu/cgi/i/image/api/thumb/clark1ic/003284690/39015095410141_01/!250,250|https://quod.lib.umich.edu/cgi/i/image/api/manifest/clark1ic:003284690:39015095410141_01|003284690; bd9576be-dfc0-404a-aa77-362be8a89002|oai:quod.lib.umich.edu:IC-CLARK1IC-X-003284690%5D39015095410141_02|http://name.umdl.umich.edu/IC-CLARK1IC-X-003284690%5D39015095410141_02|https://quod.lib.umich.edu/cgi/i/image/api/thumb/clark1ic/003284690/39015095410141_02/!250,250|https://quod.lib.umich.edu/cgi/i/image/api/manifest/clark1ic:003284690:39015095410141_02",2026-09-07T13:44:03.455652+00:00,nanoid
um_c9GsBrHsn82a,"oai:quod.lib.umich.edu:IC-CLARK1IC-X-003284696%5D39015095410125_01|http://name.umdl.umich.edu/IC-CLARK1IC-X-003284696%5D39015095410125_01|https://quod.lib.umich.edu/cgi/i/image/api/thumb/clark1ic/003284696/39015095410125_01/!250,250|https://quod.lib.umich.edu/cgi/i/image/api/manifest/clark1ic:003284696:39015095410125_01|003284696; db15b260-53c4-407b-a439-fd98fbd85b4e|oai:quod.lib.umich.edu:IC-CLARK1IC-X-003284696%5D39015095410125_02|http://name.umdl.umich.edu/IC-CLARK1IC-X-003284696%5D39015095410125_02|https://quod.lib.umich.edu/cgi/i/image/api/thumb/clark1ic/003284696/39015095410125_02/!250,250|https://quod.lib.umich.edu/cgi/i/image/api/manifest/clark1ic:003284696:39015095410125_02",2026-09-07T13:44:03.455652+00:00,nanoid
um_36nsurGmMWJC,"oai:quod.lib.umich.edu:IC-CLARK1IC-X-003284885%5D39015095410562|http://name.umdl.umich.edu/IC-CLARK1IC-X-003284885%5D39015095410562|https://quod.lib.umich.edu/cgi/i/image/api/thumb/clark1ic/003284885/39015095410562/!250,250|https://quod.lib.umich.edu/cgi/i/image/api/manifest/clark1ic:003284885:39015095410562|003284885; e3e5c285-e87c-407c-aa3a-9c7397adf49e",2026-09-07T13:44:03.455652+00:00,nanoid
um_pOqcfmWG4D8n,"oai:quod.lib.umich.edu:IC-CLARK1IC-X-003284940%5D39015095409275|http://name.umdl.umich.edu/IC-CLARK1IC-X-003284940%5D39015095409275|https://quod.lib.umich.edu/cgi/i/image/api/thumb/clark1ic/003284940/39015095409275/!250,250|https://quod.lib.umich.edu/cgi/i/image/api/manifest/clark1ic:003284940:39015095409275|003284940; d981e98a-2f1a-4678-bef6-72c103d84a44",2026-09-07T13:44:03.455652+00:00,nanoid
um_5Gb3UE1x37EP,"oai:quod.lib.umich.edu:IC-CLARK1IC-X-003285134%5D39015095409986|http://name.umdl.umich.edu/IC-CLARK1IC-X-003285134%5D39015095409986|https://quod.lib.umich.edu/cgi/i/image/api/thumb/clark1ic/003285134/39015095409986/!250,250|https://quod.lib.umich.edu/cgi/i/image/api/manifest/clark1ic:003285134:39015095409986|003285134; 8eeb56c3-cf0a-40be-9f87-c25527c957b3",2026-09-07T13:44:03.455652+00:00,nanoid
um_Zlxyvx4YRJT2,"oai:quod.lib.umich.edu:IC-CLARK1IC-X-003285829%5D39015095408293|http://name.umdl.umich.edu/IC-CLARK1IC-X-003285829%5D39015095408293|https://quod.lib.umich.edu/cgi/i/image/api/thumb/clark1ic/003285829/39015095408293/!250,250|https://quod.lib.umich.edu/cgi/i/image/api/manifest/clark1ic:003285829:39015095408293|003285829; 80c39eec-d145-4952-a9a6-6cb86a91cc50",2026-09-07T13:44:03.455652+00:00,nanoid
um_G80BSHLky7w0,"oai:quod.lib.umich.edu:IC-CLARK1IC-X-003285830%5D39015095408269|http://name.umdl.umich.edu/IC-CLARK1IC-X-003285830%5D39015095408269|https://quod.lib.umich.edu/cgi/i/image/api/thumb/clark1ic/003285830/39015095408269/!250,250|https://quod.lib.umich.edu/cgi/i/image/api/manifest/clark1ic:003285830:39015095408269|003285830; 2f41a5bc-0deb-4357-8a94-2c8aae24a02d",2026-09-07T13:44:03.455652+00:00,nanoid
um_XX10sYScXTbV,"oai:quod.lib.umich.edu:IC-CLARK1IC-X-003287498%5D39015091186935|http://name.umdl.umich.edu/IC-CLARK1IC-X-003287498%5D39015091186935|https://quod.lib.umich.edu/cgi/i/image/api/thumb/clark1ic/003287498/39015091186935/!250,250|https://quod.lib.umich.edu/cgi/i/image/api/manifest/clark1ic:003287498:39015091186935|003287498; 6024a0e7-a52d-4677-92ff-aa245de78d79",2026-09-07T13:44:03.455652+00:00,nanoid
um_MtJj9J4qrixP,"oai:quod.lib.umich.edu:IC-CLARK1IC-X-003288383%5D39015095408350|http://name.umdl.umich.edu/IC-CLARK1IC-X-003288383%5D39015095408350|https://quod.lib.umich.edu/cgi/i/image/api/thumb/clark1ic/003288383/39015095408350/!250,250|https://quod.lib.umich.edu/cgi/i/image/api/manifest/clark1ic:003288383:39015095408350|003288383; 393f7a3a-ba76-41dd-9132-b00b3fbc06a6",2026-09-07T13:44:03.455652+00:00,nanoid
um_hBPZAqSz10zu,"oai:quod.lib.umich.edu:IC-CLARK1IC-X-003288387%5D39015095408384|http://name.umdl.umich.edu/IC-CLARK1IC-X-003288387%5D39015095408384|https://quod.lib.umich.edu/cgi/i/image/api/thumb/clark1ic/003288387/39015095408384/!250,250|https://quod.lib.umich.edu/cgi/i/image/api/manifest/clark1ic:003288387:39015095408384|003288387; 9b161837-d559-4f28-b246-7638fbfb11d4",2026-09-07T13:44:03.455652+00:00,nanoid
um_l9iKYKPONitu,"oai:quod.lib.umich.edu:IC-CLARK1IC-X-003288691%5D39015095409259|http://name.umdl.umich.edu/IC-CLARK1IC-X-003288691%5D39015095409259|https://quod.lib.umich.edu/cgi/i/image/api/thumb/clark1ic/003288691/39015095409259/!250,250|https://quod.lib.umich.edu/cgi/i/image/api/manifest/clark1ic:003288691:39015095409259|003288691; 7916b2ea-e77e-4602-b598-e4073c5dda86",2026-09-07T13:44:03.455652+00:00,nanoid
um_JLSwZnHWV9L8,"oai:quod.lib.umich.edu:IC-CLARK1IC-X-003874715%5D39015095406743|http://name.umdl.umich.edu/IC-CLARK1IC-X-003874715%5D39015095406743|https://quod.lib.umich.edu/cgi/i/image/api/thumb/clark1ic/003874715/39015095406743/!250,250|https://quod.lib.umich.edu/cgi/i/image/api/manifest/clark1ic:003874715:39015095406743|003874715; cb694d85-351a-4030-93e7-b2189e69ada1",2026-09-07T13:44:03.455652+00:00,nanoid
um_dt7lQR01UqVt,"oai:quod.lib.umich.edu:IC-CLARK1IC-X-003928316%5D39015091184633|http://name.umdl.umich.edu/IC-CLARK1IC-X-003928316%5D39015091184633|https://quod.lib.umich.edu/cgi/i/image/api/thumb/clark1ic/003928316/39015091184633/!250,250|https://quod.lib.umich.edu/cgi/i/image/api/manifest/clark1ic:003928316:39015091184633|003928316; d88cbf07-82e3-4e90-8a5b-776f5853d10a",2026-09-07T13:44:03.455652+00:00,nanoid
um_aterMTXMMV7L,"oai:quod.lib.umich.edu:IC-CLARK1IC-X-004054002%5D39015095410547|http://name.umdl.umich.edu/IC-CLARK1IC-X-004054002%5D39015095410547|https://quod.lib.umich.edu/cgi/i/image/api/thumb/clark1ic/004054002/39015095410547/!250,250|https://quod.lib.umich.edu/cgi/i/image/api/manifest/clark1ic:004054002:39015095410547|004054002; 6be0104b-9f8d-4e12-adce-b6ac6b665497",2026-09-07T13:44:03.455652+00:00,nanoid
um_KiBQawophlh4,"oai:quod.lib.umich.edu:IC-CLARK1IC-X-004054006%5D39015095410778|http://name.umdl.umich.edu/IC-CLARK1IC-X-004054006%5D39015095410778|https://quod.lib.umich.edu/cgi/i/image/api/thumb/clark1ic/004054006/39015095410778/!250,250|https://quod.lib.umich.edu/cgi/i/image/api/manifest/clark1ic:004054006:39015095410778|004054006; b3a5413a-94c2-47cd-ac80-3050772e76a9",2026-09-07T13:44:03.455652+00:00,nanoid
um_RWWvID0NE5wk,"oai:quod.lib.umich.edu:IC-CLARK1IC-X-004068521%5D39015095408343|http://name.umdl.umich.edu/IC-CLARK1IC-X-004068521%5D39015095408343|https://quod.lib.umich.edu/cgi/i/image/api/thumb/clark1ic/004068521/39015095408343/!250,250|https://quod.lib.umich.edu/cgi/i/image/api/manifest/clark1ic:004068521:39015095408343|004068521; bfe89b06-5803-4188-9331-42700930dbc5",2026-09-07T13:44:03.455652+00:00,nanoid
um_nWBulprbpkW4,"oai:quod.lib.umich.edu:IC-CLARK1IC-X-004075411%5D39015095409267|http://name.umdl.umich.edu/IC-CLARK1IC-X-004075411%5D39015095409267|https://quod.lib.umich.edu/cgi/i/image/api/thumb/clark1ic/004075411/39015095409267/!250,250|https://quod.lib.umich.edu/cgi/i/image/api/manifest/clark1ic:004075411:39015095409267|004075411; 67827276-3149-4898-aea4-d452bde73bcb",2026-09-07T13:44:03.455652+00:00,nanoid
um_y6TJBr5wiz4P,"oai:quod.lib.umich.edu:IC-CLARK1IC-X-004130576%5D39015095410018|http://name.umdl.umich.edu/IC-CLARK1IC-X-004130576%5D39015095410018|https://quod.lib.umich.edu/cgi/i/image/api/thumb/clark1ic/004130576/39015095410018/!250,250|https://quod.lib.umich.edu/cgi/i/image/api/manifest/clark1ic:004130576:39015095410018|004130576; e9e2fd96-92c1-4ac6-806d-39803b63138f",2026-09-07T13:44:03.455652+00:00,nanoid
um_MzZ6wGWbbqpy,"oai:quod.lib.umich.edu:IC-CLARK1IC-X-004131177%5D39015095409960|http://name.umdl.umich.edu/IC-CLARK1IC-X-004131177%5D39015095409960|https://quod.lib.umich.edu/cgi/i/image/api/thumb/clark1ic/004131177/39015095409960/!250,250|https://quod.lib.umich.edu/cgi/i/image/api/manifest/clark1ic:004131177:39015095409960|004131177; 96a4e36a-4373-4c35-9a1a-d675a173910d",2026-09-07T13:44:03.455652+00:00,nanoid
um_go1yCrx7P8m2,"oai:quod.lib.umich.edu:IC-CLARK1IC-X-004131238%5D39015095410521|http://name.umdl.umich.edu/IC-CLARK1IC-X-004131238%5D39015095410521|https://quod.lib.umich.edu/cgi/i/image/api/thumb/clark1ic/004131238/39015095410521/!250,250|https://quod.lib.umich.edu/cgi/i/image/api/manifest/clark1ic:004131238:39015095410521|004131238; f01c00a7-3bcd-49bc-9d0f-a5a66ae0bd6e",2026-09-07T13:44:03.455652+00:00,nanoid
um_6ZDelClMlxEG,"oai:quod.lib.umich.edu:IC-CLARK1IC-X-004154360%5D39015095410554|http://name.umdl.umich.edu/IC-CLARK1IC-X-004154360%5D39015095410554|https://quod.lib.umich.edu/cgi/i/image/api/thumb/clark1ic/004154360/39015095410554/!250,250|https://quod.lib.umich.edu/cgi/i/image/api/manifest/clark1ic:004154360:39015095410554|004154360; 2b02e819-d4fc-4d3e-83bf-392176630476",2026-09-07T13:44:03.455652+00:00,nanoid
um_pJvzU9DSqauS,"oai:quod.lib.umich.edu:IC-CLARK1IC-X-004166799%5D39015095410265|http://name.umdl.umich.edu/IC-CLARK1IC-X-004166799%5D39015095410265|https://quod.lib.umich.edu/cgi/i/image/api/thumb/clark1ic/004166799/39015095410265/!250,250|https://quod.lib.umich.edu/cgi/i/image/api/manifest/clark1ic:004166799:39015095410265|004166799; ff8b931a-21e8-4137-926c-26c8046bc1bc",2026-09-07T13:44:03.455652+00:00,nanoid
um_66Iue3yqXRdm,"oai:quod.lib.umich.edu:IC-CLARK1IC-X-004168771%5D39015095408244|http://name.umdl.umich.edu/IC-CLARK1IC-X-004168771%5D39015095408244|https://quod.lib.umich.edu/cgi/i/image/api/thumb/clark1ic/004168771/39015095408244/!250,250|https://quod.lib.umich.edu/cgi/i/image/api/manifest/clark1ic:004168771:39015095408244|004168771; 5524bb29-f2cc-4c11-b2d6-7e50904462a9|oai:quod.lib.umich.edu:IC-CLARK1IC-X-004168771%5D39015095408251|http://name.umdl.umich.edu/IC-CLARK1IC-X-004168771%5D39015095408251|https://quod.lib.umich.edu/cgi/i/image/api/thumb/clark1ic/004168771/39015095408251/!250,250|https://quod.lib.umich.edu/cgi/i/image/api/manifest/clark1ic:004168771:39015095408251",2026-09-07T13:44:03.455652+00:00,nanoid
um_L8MLyTSlr4Em,"oai:quod.lib.umich.edu:IC-CLARK1IC-X-004171114%5D39015095410273|http://name.umdl.umich.edu/IC-CLARK1IC-X-004171114%5D39015095410273|https://quod.lib.umich.edu/cgi/i/image/api/thumb/clark1ic/004171114/39015095410273/!250,250|https://quod.lib.umich.edu/cgi/i/image/api/manifest/clark1ic:004171114:39015095410273|004171114; a713cee9-86f0-4897-852d-da23b38b9c41",2026-09-07T13:44:03.455652+00:00,nanoid
um_HA4cyj9uzDWh,"oai:quod.lib.umich.edu:IC-CLARK1IC-X-004217652%5D39015095408335|http://name.umdl.umich.edu/IC-CLARK1IC-X-004217652%5D39015095408335|https://quod.lib.umich.edu/cgi/i/image/api/thumb/clark1ic/004217652/39015095408335/!250,250|https://quod.lib.umich.edu/cgi/i/image/api/manifest/clark1ic:004217652:39015095408335|004217652; a699abfa-d0a2-486f-ba15-84a063853fab",2026-09-07T13:44:03.455652+00:00,nanoid
um_5oy3CEzOeBf0,"oai:quod.lib.umich.edu:IC-CLARK1IC-X-004261910%5D39015095410083|http://name.umdl.umich.edu/IC-CLARK1IC-X-004261910%5D39015095410083|https://quod.lib.umich.edu/cgi/i/image/api/thumb/clark1ic/004261910/39015095410083/!250,250|https://quod.lib.umich.edu/cgi/i/image/api/manifest/clark1ic:004261910:39015095410083|004261910; fd9fc4b9-3796-413a-94a8-7e38e065d1f2",2026-09-07T13:44:03.455652+00:00,nanoid
um_OzB6fPQDrD8t,"oai:quod.lib.umich.edu:IC-CLARK1IC-X-004261942%5D39015095410075|http://name.umdl.umich.edu/IC-CLARK1IC-X-004261942%5D39015095410075|https://quod.lib.umich.edu/cgi/i/image/api/thumb/clark1ic/004261942/39015095410075/!250,250|https://quod.lib.umich.edu/cgi/i/image/api/manifest/clark1ic:004261942:39015095410075|004261942; 81bdc107-15b2-43da-b709-976293490f84",2026-09-07T13:44:03.455652+00:00,nanoid
um_oFvrNTNe2hEq,"oai:quod.lib.umich.edu:IC-CLARK1IC-X-004277490%5D39015095408319|http://name.umdl.umich.edu/IC-CLARK1IC-X-004277490%5D39015095408319|https://quod.lib.umich.edu/cgi/i/image/api/thumb/clark1ic/004277490/39015095408319/!250,250|https://quod.lib.umich.edu/cgi/i/image/api/manifest/clark1ic:004277490:39015095408319|004277490; ee2bc19d-d0bf-4ec1-9354-fd45a2437e5d",2026-09-07T13:44:03.455652+00:00,nanoid
um_mJeTfryXE34z,"oai:quod.lib.umich.edu:IC-CLARK1IC-X-004277491%5D39015095408327_01|http://name.umdl.umich.edu/IC-CLARK1IC-X-004277491%5D39015095408327_01|https://quod.lib.umich.edu/cgi/i/image/api/thumb/clark1ic/004277491/39015095408327_01/!250,250|https://quod.lib.umich.edu/cgi/i/image/api/manifest/clark1ic:004277491:39015095408327_01|004277491; 10a84a6d-e717-42ff-a1c5-4d7a33802a44|oai:quod.lib.umich.edu:IC-CLARK1IC-X-004277491%5D39015095408327_02|http://name.umdl.umich.edu/IC-CLARK1IC-X-004277491%5D39015095408327_02|https://quod.lib.umich.edu/cgi/i/image/api/thumb/clark1ic/004277491/39015095408327_02/!250,250|https://quod.lib.umich.edu/cgi/i/image/api/manifest/clark1ic:004277491:39015095408327_02",2026-09-07T13:44:03.455652+00:00,nanoid
um_EsL3HjAVPi1A,"oai:quod.lib.umich.edu:IC-CLARK1IC-X-004287183%5D39015095410026|http://name.umdl.umich.edu/IC-CLARK1IC-X-004287183%5D39015095410026|https://quod.lib.umich.edu/cgi/i/image/api/thumb/clark1ic/004287183/39015095410026/!250,250|https://quod.lib.umich.edu/cgi/i/image/api/manifest/clark1ic:004287183:39015095410026|004287183; 925f4fe4-6ccb-4eb9-91bb-3e52b3f72fdb",2026-09-07T13:44:03.455652+00:00,nanoid
um_kGIU6vrZiUBN,"oai:quod.lib.umich.edu:IC-CLARK1IC-X-004293505%5D39015095410323|http://name.umdl.umich.edu/IC-CLARK1IC-X-004293505%5D39015095410323|https://quod.lib.umich.edu/cgi/i/image/api/thumb/clark1ic/004293505/39015095410323/!250,250|https://quod.lib.umich.edu/cgi/i/image/api/manifest/clark1ic:004293505:39015095410323|004293505; 45b4df92-49c5-47dd-bfd0-9d5e5347b7eb",2026-09-07T13:44:03.455652+00:00,nanoid
um_jP3XfDQ3iWxF,"oai:quod.lib.umich.edu:IC-CLARK1IC-X-000074256%5D39015091200223|http://name.umdl.umich.edu/IC-CLARK1IC-X-000074256%5D39015091200223|https://quod.lib.umich.edu/cgi/i/image/api/thumb/clark1ic/000074256/39015091200223/!250,250|https://quod.lib.umich.edu/cgi/i/image/api/manifest/clark1ic:000074256:39015091200223|000074256; 28e9a7e8-b04c-474d-8a5f-c139923726ac",2026-09-07T13:44:03.455652+00:00,nanoid
um_2xPJ59srWHSj,"oai:quod.lib.umich.edu:IC-CLARK1IC-X-007543435%5D39015091190168|http://name.umdl.umich.edu/IC-CLARK1IC-X-007543435%5D39015091190168|https://quod.lib.umich.edu/cgi/i/image/api/thumb/clark1ic/007543435/39015091190168/!250,250|https://quod.lib.umich.edu/cgi/i/image/api/manifest/clark1ic:007543435:39015091190168|007543435; 75595307-c8ea-4ea0-a99c-ad29b92d1b3e",2026-09-07T13:44:03.455652+00:00,nanoid
um_q2isBeth2Uaa,"oai:quod.lib.umich.edu:IC-CLARK1IC-X-000077455%5D39015095409168|http://name.umdl.umich.edu/IC-CLARK1IC-X-000077455%5D39015095409168|https://quod.lib.umich.edu/cgi/i/image/api/thumb/clark1ic/000077455/39015095409168/!250,250|https://quod.lib.umich.edu/cgi/i/image/api/manifest/clark1ic:000077455:39015095409168|000077455; 5517e9d8-e114-4408-be3a-f01c9499f5d6",2026-09-07T13:44:03.455652+00:00,nanoid
um_3r4IHSfHkqeZ,"oai:quod.lib.umich.edu:IC-CLARK1IC-X-000081001%5D39015095408582|http://name.umdl.umich.edu/IC-CLARK1IC-X-000081001%5D39015095408582|https://quod.lib.umich.edu/cgi/i/image/api/thumb/clark1ic/000081001/39015095408582/!250,250|https://quod.lib.umich.edu/cgi/i/image/api/manifest/clark1ic:000081001:39015095408582|000081001; 355aa474-a240-4c23-9bd0-fc91c3ab89cd",2026-09-07T13:44:03.455652+00:00,nanoid
um_cpQPVRF7jQNA,"oai:quod.lib.umich.edu:IC-CLARK1IC-X-000081070%5D39015095408574|http://name.umdl.umich.edu/IC-CLARK1IC-X-000081070%5D39015095408574|https://quod.lib.umich.edu/cgi/i/image/api/thumb/clark1ic/000081070/39015095408574/!250,250|https://quod.lib.umich.edu/cgi/i/image/api/manifest/clark1ic:000081070:39015095408574|000081070; e152d16e-0c11-4d34-86d8-60ac07c52001",2026-09-07T13:44:03.455652+00:00,nanoid
um_4Wp7NbUmG0oI,"oai:quod.lib.umich.edu:IC-CLARK1IC-X-000081080%5D39015095408277|http://name.umdl.umich.edu/IC-CLARK1IC-X-000081080%5D39015095408277|https://quod.lib.umich.edu/cgi/i/image/api/thumb/clark1ic/000081080/39015095408277/!250,250|https://quod.lib.umich.edu/cgi/i/image/api/manifest/clark1ic:000081080:39015095408277|000081080; 14be10c4-6cfb-4e8b-9ebd-739e29a9e168",2026-09-07T13:44:03.455652+00:00,nanoid
um_9UqJmp54QKBC,"oai:quod.lib.umich.edu:IC-CLARK1IC-X-000081612%5D39015095408376|http://name.umdl.umich.edu/IC-CLARK1IC-X-000081612%5D39015095408376|https://quod.lib.umich.edu/cgi/i/image/api/thumb/clark1ic/000081612/39015095408376/!250,250|https://quod.lib.umich.edu/cgi/i/image/api/manifest/clark1ic:000081612:39015095408376|000081612; 6351ba8d-5c4a-4064-92aa-7893774ff46e",2026-09-07T13:44:03.455652+00:00,nanoid
um_4mEmD4KMGMJ6,"oai:quod.lib.umich.edu:IC-CLARK1IC-X-008846666%5D39015091186778_01|http://name.umdl.umich.edu/IC-CLARK1IC-X-008846666%5D39015091186778_01|https://quod.lib.umich.edu/cgi/i/image/api/thumb/clark1ic/008846666/39015091186778_01/!250,250|https://quod.lib.umich.edu/cgi/i/image/api/manifest/clark1ic:008846666:39015091186778_01|008846666; 990f5ba7-adb4-442a-a90e-c55a6c637a22|oai:quod.lib.umich.edu:IC-CLARK1IC-X-008846666%5D39015091186778_02|http://name.umdl.umich.edu/IC-CLARK1IC-X-008846666%5D39015091186778_02|https://quod.lib.umich.edu/cgi/i/image/api/thumb/clark1ic/008846666/39015091186778_02/!250,250|https://quod.lib.umich.edu/cgi/i/image/api/manifest/clark1ic:008846666:39015091186778_02",2026-09-07T13:44:03.455652+00:00,nanoid
um_oV7NSmB3ees5,"oai:quod.lib.umich.edu:IC-CLARK1IC-X-990042935070106381%5D39015101108937_01|http://name.umdl.umich.edu/IC-CLARK1IC-X-990042935070106381%5D39015101108937_01|https://quod.lib.umich.edu/cgi/i/image/api/thumb/clark1ic/990042935070106381/39015101108937_01/!250,250|https://quod.lib.umich.edu/cgi/i/image/api/manifest/clark1ic:990042935070106381:39015101108937_01|990042935070106381|oai:quod.lib.umich.edu:IC-CLARK1IC-X-990042935070106381%5D39015101108937_02|http://name.umdl.umich.edu/IC-CLARK1IC-X-990042935070106381%5D39015101108937_02|https://quod.lib.umich.edu/cgi/i/image/api/thumb/clark1ic/990042935070106381/39015101108937_02/!250,250|https://quod.lib.umich.edu/cgi/i/image/api/manifest/clark1ic:990042935070106381:39015101108937_02",2026-09-07T13:44:03.455652+00:00,nanoid
um_GRmX2Axad1zr,"oai:quod.lib.umich.edu:IC-CLARK1IC-X-990129777400106381%5D39015101112285_01|http://name.umdl.umich.edu/IC-CLARK1IC-X-990129777400106381%5D39015101112285_01|https://quod.lib.umich.edu/cgi/i/image/api/thumb/clark1ic/990129777400106381/39015101112285_01/!250,250|https://quod.lib.umich.edu/cgi/i/image/api/manifest/clark1ic:990129777400106381:39015101112285_01|990129777400106381|oai:quod.lib.umich.edu:IC-CLARK1IC-X-990129777400106381%5D39015101112285_02|http://name.umdl.umich.edu/IC-CLARK1IC-X-990129777400106381%5D39015101112285_02|https://quod.lib.umich.edu/cgi/i/image/api/thumb/clark1ic/990129777400106381/39015101112285_02/!250,250|https://quod.lib.umich.edu/cgi/i/image/api/manifest/clark1ic:990129777400106381:39015101112285_02",2026-09-07T13:44:03.455652+00:00,nanoid
um_O2kQSM9K7YQ2,"oai:quod.lib.umich.edu:IC-CLARK1IC-X-99188056000306381%5D39015101109232_01|http://name.umdl.umich.edu/IC-CLARK1IC-X-99188056000306381%5D39015101109232_01|https://quod.lib.umich.edu/cgi/i/image/api/thumb/clark1ic/99188056000306381/39015101109232_01/!250,250|https://quod.lib.umich.edu/cgi/i/image/api/manifest/clark1ic:99188056000306381:39015101109232_01|99188056000306381|oai:quod.lib.umich.edu:IC-CLARK1IC-X-99188056000306381%5D39015101109232_02|http://name.umdl.umich.edu/IC-CLARK1IC-X-99188056000306381%5D39015101109232_02|https://quod.lib.umich.edu/cgi/i/image/api/thumb/clark1ic/99188056000306381/39015101109232_02/!250,250|https://quod.lib.umich.edu/cgi/i/image/api/manifest/clark1ic:99188056000306381:39015101109232_02",2026-09-07T13:44:03.455652+00:00,nanoid
um_ASa10XCN6tGC,"oai:quod.lib.umich.edu:IC-CLARK1IC-X-99189019299506381%5D39015101108986_01|http://name.umdl.umich.edu/IC-CLARK1IC-X-99189019299506381%5D39015101108986_01|https://quod.lib.umich.edu/cgi/i/image/api/thumb/clark1ic/99189019299506381/39015101108986_01/!250,250|https://quod.lib.umich.edu/cgi/i/image/api/manifest/clark1ic:99189019299506381:39015101108986_01|99189019299506381|oai:quod.lib.umich.edu:IC-CLARK1IC-X-99189019299506381%5D39015101108986_02|http://name.umdl.umich.edu/IC-CLARK1IC-X-99189019299506381%5D39015101108986_02|https://quod.lib.umich.edu/cgi/i/image/api/thumb/clark1ic/99189019299506381/39015101108986_02/!250,250|https://quod.lib.umich.edu/cgi/i/image/api/manifest/clark1ic:99189019299506381:39015101108986_02",2026-09-07T13:44:03.455652+00:00,nanoid
um_ja6MKWyI3Rjp,"oai:quod.lib.umich.edu:IC-CLARK1IC-X-99189033494406381%5D39015101109646_01|http://name.umdl.umich.edu/IC-CLARK1IC-X-99189033494406381%5D39015101109646_01|https://quod.lib.umich.edu/cgi/i/image/api/thumb/clark1ic/99189033494406381/39015101109646_01/!250,250|https://quod.lib.umich.edu/cgi/i/image/api/manifest/clark1ic:99189033494406381:39015101109646_01|99189033494406381|oai:quod.lib.umich.edu:IC-CLARK1IC-X-99189033494406381%5D39015101109646_02|http://name.umdl.umich.edu/IC-CLARK1IC-X-99189033494406381%5D39015101109646_02|https://quod.lib.umich.edu/cgi/i/image/api/thumb/clark1ic/99189033494406381/39015101109646_02/!250,250|https://quod.lib.umich.edu/cgi/i/image/api/manifest/clark1ic:99189033494406381:39015101109646_02",2026-09-07T13:44:03.455652+00:00,nanoid
um_F0geoGjB84Pd,"oai:quod.lib.umich.edu:IC-CLARK1IC-X-99189048807606381%5D39015101109133_01|http://name.umdl.umich.edu/IC-CLARK1IC-X-99189048807606381%5D39015101109133_01|https://quod.lib.umich.edu/cgi/i/image/api/thumb/clark1ic/99189048807606381/39015101109133_01/!250,250|https://quod.lib.umich.edu/cgi/i/image/api/manifest/clark1ic:99189048807606381:39015101109133_01|99189048807606381|oai:quod.lib.umich.edu:IC-CLARK1IC-X-99189048807606381%5D39015101109133_02|http://name.umdl.umich.edu/IC-CLARK1IC-X-99189048807606381%5D39015101109133_02|https://quod.lib.umich.edu/cgi/i/image/api/thumb/clark1ic/99189048807606381/39015101109133_02/!250,250|https://quod.lib.umich.edu/cgi/i/image/api/manifest/clark1ic:99189048807606381:39015101109133_02",2026-09-07T13:44:03.455652+00:00,nanoid
um_aqKrJ4Wgc8r6,"oai:quod.lib.umich.edu:IC-CLARK1IC-X-99189048808606381%5D39015101109141_01|http://name.umdl.umich.edu/IC-CLARK1IC-X-99189048808606381%5D39015101109141_01|https://quod.lib.umich.edu/cgi/i/image/api/thumb/clark1ic/99189048808606381/39015101109141_01/!250,250|https://quod.lib.umich.edu/cgi/i/image/api/manifest/clark1ic:99189048808606381:39015101109141_01|99189048808606381|oai:quod.lib.umich.edu:IC-CLARK1IC-X-99189048808606381%5D39015101109141_02|http://name.umdl.umich.edu/IC-CLARK1IC-X-99189048808606381%5D39015101109141_02|https://quod.lib.umich.edu/cgi/i/image/api/thumb/clark1ic/99189048808606381/39015101109141_02/!250,250|https://quod.lib.umich.edu/cgi/i/image/api/manifest/clark1ic:99189048808606381:39015101109141_02",2026-09-07T13:44:03.455652+00:00,nanoid
um_ydMMK8uLs0Rk,"oai:quod.lib.umich.edu:IC-CLARK1IC-X-99189049419806381%5D39015101109125_01|http://name.umdl.umich.edu/IC-CLARK1IC-X-99189049419806381%5D39015101109125_01|https://quod.lib.umich.edu/cgi/i/image/api/thumb/clark1ic/99189049419806381/39015101109125_01/!250,250|https://quod.lib.umich.edu/cgi/i/image/api/manifest/clark1ic:99189049419806381:39015101109125_01|99189049419806381|oai:quod.lib.umich.edu:IC-CLARK1IC-X-99189049419806381%5D39015101109125_02|http://name.umdl.umich.edu/IC-CLARK1IC-X-99189049419806381%5D39015101109125_02|https://quod.lib.umich.edu/cgi/i/image/api/thumb/clark1ic/99189049419806381/39015101109125_02/!250,250|https://quod.lib.umich.edu/cgi/i/image/api/manifest/clark1ic:99189049419806381:39015101109125_02",2026-09-07T13:44:03.455652+00:00,nanoid
um_XEJRSQ1h7TFB,"oai:quod.lib.umich.edu:IC-CLARK1IC-X-99189050602906381%5D39015101110172_01|http://name.umdl.umich.edu/IC-CLARK1IC-X-99189050602906381%5D39015101110172_01|https://quod.lib.umich.edu/cgi/i/image/api/thumb/clark1ic/99189050602906381/39015101110172_01/!250,250|https://quod.lib.umich.edu/cgi/i/image/api/manifest/clark1ic:99189050602906381:39015101110172_01|99189050602906381|oai:quod.lib.umich.edu:IC-CLARK1IC-X-99189050602906381%5D39015101110172_02|http://name.umdl.umich.edu/IC-CLARK1IC-X-99189050602906381%5D39015101110172_02|https://quod.lib.umich.edu/cgi/i/image/api/thumb/clark1ic/99189050602906381/39015101110172_02/!250,250|https://quod.lib.umich.edu/cgi/i/image/api/manifest/clark1ic:99189050602906381:39015101110172_02",2026-09-07T13:44:03.455652+00:00,nanoid
um_I5QFRTi1V7OM,"oai:quod.lib.umich.edu:IC-CLARK1IC-X-99189050603506381%5D39015101110164_01|http://name.umdl.umich.edu/IC-CLARK1IC-X-99189050603506381%5D39015101110164_01|https://quod.lib.umich.edu/cgi/i/image/api/thumb/clark1ic/99189050603506381/39015101110164_01/!250,250|https://quod.lib.umich.edu/cgi/i/image/api/manifest/clark1ic:99189050603506381:39015101110164_01|99189050603506381|oai:quod.lib.umich.edu:IC-CLARK1IC-X-99189050603506381%5D39015101110164_02|http://name.umdl.umich.edu/IC-CLARK1IC-X-99189050603506381%5D39015101110164_02|https://quod.lib.umich.edu/cgi/i/image/api/thumb/clark1ic/99189050603506381/39015101110164_02/!250,250|https://quod.lib.umich.edu/cgi/i/image/api/manifest/clark1ic:99189050603506381:39015101110164_02",2026-09-07T13:44:03.455652+00:00,nanoid
um_dzUjXgUHV7QV,"oai:quod.lib.umich.edu:IC-CLARK1IC-X-99189050609906381%5D39015101109109_01|http://name.umdl.umich.edu/IC-CLARK1IC-X-99189050609906381%5D39015101109109_01|https://quod.lib.umich.edu/cgi/i/image/api/thumb/clark1ic/99189050609906381/39015101109109_01/!250,250|https://quod.lib.umich.edu/cgi/i/image/api/manifest/clark1ic:99189050609906381:39015101109109_01|99189050609906381|oai:quod.lib.umich.edu:IC-CLARK1IC-X-99189050609906381%5D39015101109109_02|http://name.umdl.umich.edu/IC-CLARK1IC-X-99189050609906381%5D39015101109109_02|https://quod.lib.umich.edu/cgi/i/image/api/thumb/clark1ic/99189050609906381/39015101109109_02/!250,250|https://quod.lib.umich.edu/cgi/i/image/api/manifest/clark1ic:99189050609906381:39015101109109_02",2026-09-07T13:44:03.455652+00:00,nanoid
um_qo6J85RzQsat,"oai:quod.lib.umich.edu:IC-CLARK1IC-X-99189050610006381%5D39015101109257_01|http://name.umdl.umich.edu/IC-CLARK1IC-X-99189050610006381%5D39015101109257_01|https://quod.lib.umich.edu/cgi/i/image/api/thumb/clark1ic/99189050610006381/39015101109257_01/!250,250|https://quod.lib.umich.edu/cgi/i/image/api/manifest/clark1ic:99189050610006381:39015101109257_01|99189050610006381|oai:quod.lib.umich.edu:IC-CLARK1IC-X-99189050610006381%5D39015101109257_02|http://name.umdl.umich.edu/IC-CLARK1IC-X-99189050610006381%5D39015101109257_02|https://quod.lib.umich.edu/cgi/i/image/api/thumb/clark1ic/99189050610006381/39015101109257_02/!250,250|https://quod.lib.umich.edu/cgi/i/image/api/manifest/clark1ic:99189050610006381:39015101109257_02",2026-09-07T13:44:03.455652+00:00,nanoid
um_qHgZfs3EJR0W,"oai:quod.lib.umich.edu:IC-CLARK1IC-X-99189052603206381%5D39015101108945_01|http://name.umdl.umich.edu/IC-CLARK1IC-X-99189052603206381%5D39015101108945_01|https://quod.lib.umich.edu/cgi/i/image/api/thumb/clark1ic/99189052603206381/39015101108945_01/!250,250|https://quod.lib.umich.edu/cgi/i/image/api/manifest/clark1ic:99189052603206381:39015101108945_01|99189052603206381|oai:quod.lib.umich.edu:IC-CLARK1IC-X-99189052603206381%5D39015101108945_02|http://name.umdl.umich.edu/IC-CLARK1IC-X-99189052603206381%5D39015101108945_02|https://quod.lib.umich.edu/cgi/i/image/api/thumb/clark1ic/99189052603206381/39015101108945_02/!250,250|https://quod.lib.umich.edu/cgi/i/image/api/manifest/clark1ic:99189052603206381:39015101108945_02|oai:quod.lib.umich.edu:IC-CLARK1IC-X-99189052603206381%5D39015101108952_01|http://name.umdl.umich.edu/IC-CLARK1IC-X-99189052603206381%5D39015101108952_01|https://quod.lib.umich.edu/cgi/i/image/api/thumb/clark1ic/99189052603206381/39015101108952_01/!250,250|https://quod.lib.umich.edu/cgi/i/image/api/manifest/clark1ic:99189052603206381:39015101108952_01|oai:quod.lib.umich.edu:IC-CLARK1IC-X-99189052603206381%5D39015101108952_02|http://name.umdl.umich.edu/IC-CLARK1IC-X-99189052603206381%5D39015101108952_02|https://quod.lib.umich.edu/cgi/i/image/api/thumb/clark1ic/99189052603206381/39015101108952_02/!250,250|https://quod.lib.umich.edu/cgi/i/image/api/manifest/clark1ic:99189052603206381:39015101108952_02",2026-09-07T13:44:03.455652+00:00,nanoid
um_P1z1GTiUlfzs,"oai:quod.lib.umich.edu:IC-CLARK1IC-X-99189052603506381%5D39015101110040_01|http://name.umdl.umich.edu/IC-CLARK1IC-X-99189052603506381%5D39015101110040_01|https://quod.lib.umich.edu/cgi/i/image/api/thumb/clark1ic/99189052603506381/39015101110040_01/!250,250|https://quod.lib.umich.edu/cgi/i/image/api/manifest/clark1ic:99189052603506381:39015101110040_01|99189052603506381|oai:quod.lib.umich.edu:IC-CLARK1IC-X-99189052603506381%5D39015101110040_02|http://name.umdl.umich.edu/IC-CLARK1IC-X-99189052603506381%5D39015101110040_02|https://quod.lib.umich.edu/cgi/i/image/api/thumb/clark1ic/99189052603506381/39015101110040_02/!250,250|https://quod.lib.umich.edu/cgi/i/image/api/manifest/clark1ic:99189052603506381:39015101110040_02",2026-09-07T13:44:03.455652+00:00,nanoid
um_ARoeMTo5Wjz5,"oai:quod.lib.umich.edu:IC-CLARK1IC-X-99189052603806381%5D39015101110032_01|http://name.umdl.umich.edu/IC-CLARK1IC-X-99189052603806381%5D39015101110032_01|https://quod.lib.umich.edu/cgi/i/image/api/thumb/clark1ic/99189052603806381/39015101110032_01/!250,250|https://quod.lib.umich.edu/cgi/i/image/api/manifest/clark1ic:99189052603806381:39015101110032_01|99189052603806381|oai:quod.lib.umich.edu:IC-CLARK1IC-X-99189052603806381%5D39015101110032_02|http://name.umdl.umich.edu/IC-CLARK1IC-X-99189052603806381%5D39015101110032_02|https://quod.lib.umich.edu/cgi/i/image/api/thumb/clark1ic/99189052603806381/39015101110032_02/!250,250|https://quod.lib.umich.edu/cgi/i/image/api/manifest/clark1ic:99189052603806381:39015101110032_02",2026-09-07T13:44:03.455652+00:00,nanoid
um_CUxSgPy3vBdC,"oai:quod.lib.umich.edu:IC-CLARK1IC-X-99189052604406381%5D39015101110024_01|http://name.umdl.umich.edu/IC-CLARK1IC-X-99189052604406381%5D39015101110024_01|https://quod.lib.umich.edu/cgi/i/image/api/thumb/clark1ic/99189052604406381/39015101110024_01/!250,250|https://quod.lib.umich.edu/cgi/i/image/api/manifest/clark1ic:99189052604406381:39015101110024_01|99189052604406381|oai:quod.lib.umich.edu:IC-CLARK1IC-X-99189052604406381%5D39015101110024_02|http://name.umdl.umich.edu/IC-CLARK1IC-X-99189052604406381%5D39015101110024_02|https://quod.lib.umich.edu/cgi/i/image/api/thumb/clark1ic/99189052604406381/39015101110024_02/!250,250|https://quod.lib.umich.edu/cgi/i/image/api/manifest/clark1ic:99189052604406381:39015101110024_02",2026-09-07T13:44:03.455652+00:00,nanoid
um_4eMwzW0wqbGh,"oai:quod.lib.umich.edu:IC-CLARK1IC-X-99189052605606381%5D39015101110198_01|http://name.umdl.umich.edu/IC-CLARK1IC-X-99189052605606381%5D39015101110198_01|https://quod.lib.umich.edu/cgi/i/image/api/thumb/clark1ic/99189052605606381/39015101110198_01/!250,250|https://quod.lib.umich.edu/cgi/i/image/api/manifest/clark1ic:99189052605606381:39015101110198_01|99189052605606381|oai:quod.lib.umich.edu:IC-CLARK1IC-X-99189052605606381%5D39015101110198_02|http://name.umdl.umich.edu/IC-CLARK1IC-X-99189052605606381%5D39015101110198_02|https://quod.lib.umich.edu/cgi/i/image/api/thumb/clark1ic/99189052605606381/39015101110198_02/!250,250|https://quod.lib.umich.edu/cgi/i/image/api/manifest/clark1ic:99189052605606381:39015101110198_02",2026-09-07T13:44:03.455652+00:00,nanoid
um_TCdIhIQD18Ri,"oai:quod.lib.umich.edu:IC-CLARK1IC-X-99189059622606381%5D39015101109224_01|http://name.umdl.umich.edu/IC-CLARK1IC-X-99189059622606381%5D39015101109224_01|https://quod.lib.umich.edu/cgi/i/image/api/thumb/clark1ic/99189059622606381/39015101109224_01/!250,250|https://quod.lib.umich.edu/cgi/i/image/api/manifest/clark1ic:99189059622606381:39015101109224_01|99189059622606381|oai:quod.lib.umich.edu:IC-CLARK1IC-X-99189059622606381%5D39015101109224_02|http://name.umdl.umich.edu/IC-CLARK1IC-X-99189059622606381%5D39015101109224_02|https://quod.lib.umich.edu/cgi/i/image/api/thumb/clark1ic/99189059622606381/39015101109224_02/!250,250|https://quod.lib.umich.edu/cgi/i/image/api/manifest/clark1ic:99189059622606381:39015101109224_02",2026-09-07T13:44:03.455652+00:00,nanoid
um_hCztpS8cNUYg,"oai:quod.lib.umich.edu:IC-CLARK1IC-X-99189095330906381%5D39015101110685_01|http://name.umdl.umich.edu/IC-CLARK1IC-X-99189095330906381%5D39015101110685_01|https://quod.lib.umich.edu/cgi/i/image/api/thumb/clark1ic/99189095330906381/39015101110685_01/!250,250|https://quod.lib.umich.edu/cgi/i/image/api/manifest/clark1ic:99189095330906381:39015101110685_01|99189095330906381|oai:quod.lib.umich.edu:IC-CLARK1IC-X-99189095330906381%5D39015101110685_02|http://name.umdl.umich.edu/IC-CLARK1IC-X-99189095330906381%5D39015101110685_02|https://quod.lib.umich.edu/cgi/i/image/api/thumb/clark1ic/99189095330906381/39015101110685_02/!250,250|https://quod.lib.umich.edu/cgi/i/image/api/manifest/clark1ic:99189095330906381:39015101110685_02",2026-09-07T13:44:03.455652+00:00,nanoid
um_ygh3i6PYSS8r,"oai:quod.lib.umich.edu:IC-CLARK1IC-X-99189095331106381%5D39015101110677_01|http://name.umdl.umich.edu/IC-CLARK1IC-X-99189095331106381%5D39015101110677_01|https://quod.lib.umich.edu/cgi/i/image/api/thumb/clark1ic/99189095331106381/39015101110677_01/!250,250|https://quod.lib.umich.edu/cgi/i/image/api/manifest/clark1ic:99189095331106381:39015101110677_01|99189095331106381|oai:quod.lib.umich.edu:IC-CLARK1IC-X-99189095331106381%5D39015101110677_02|http://name.umdl.umich.edu/IC-CLARK1IC-X-99189095331106381%5D39015101110677_02|https://quod.lib.umich.edu/cgi/i/image/api/thumb/clark1ic/99189095331106381/39015101110677_02/!250,250|https://quod.lib.umich.edu/cgi/i/image/api/manifest/clark1ic:99189095331106381:39015101110677_02",2026-09-07T13:44:03.455652+00:00,nanoid
um_atXJ0fcAOvxG,"oai:quod.lib.umich.edu:IC-CLARK1IC-X-99189095331506381%5D39015101110669_01|http://name.umdl.umich.edu/IC-CLARK1IC-X-99189095331506381%5D39015101110669_01|https://quod.lib.umich.edu/cgi/i/image/api/thumb/clark1ic/99189095331506381/39015101110669_01/!250,250|https://quod.lib.umich.edu/cgi/i/image/api/manifest/clark1ic:99189095331506381:39015101110669_01|99189095331506381|oai:quod.lib.umich.edu:IC-CLARK1IC-X-99189095331506381%5D39015101110669_02|http://name.umdl.umich.edu/IC-CLARK1IC-X-99189095331506381%5D39015101110669_02|https://quod.lib.umich.edu/cgi/i/image/api/thumb/clark1ic/99189095331506381/39015101110669_02/!250,250|https://quod.lib.umich.edu/cgi/i/image/api/manifest/clark1ic:99189095331506381:39015101110669_02",2026-09-07T13:44:03.455652+00:00,nanoid
um_ThsMJf6HxLEy,"oai:quod.lib.umich.edu:IC-CLARK1IC-X-99189095332806381%5D39015101110651_01|http://name.umdl.umich.edu/IC-CLARK1IC-X-99189095332806381%5D39015101110651_01|https://quod.lib.umich.edu/cgi/i/image/api/thumb/clark1ic/99189095332806381/39015101110651_01/!250,250|https://quod.lib.umich.edu/cgi/i/image/api/manifest/clark1ic:99189095332806381:39015101110651_01|99189095332806381|oai:quod.lib.umich.edu:IC-CLARK1IC-X-99189095332806381%5D39015101110651_02|http://name.umdl.umich.edu/IC-CLARK1IC-X-99189095332806381%5D39015101110651_02|https://quod.lib.umich.edu/cgi/i/image/api/thumb/clark1ic/99189095332806381/39015101110651_02/!250,250|https://quod.lib.umich.edu/cgi/i/image/api/manifest/clark1ic:99189095332806381:39015101110651_02",2026-09-07T13:44:03.455652+00:00,nanoid
um_6Pa9J1C6eVEk,"oai:quod.lib.umich.edu:IC-CLARK1IC-X-99189096233106381%5D39015101110719_01|http://name.umdl.umich.edu/IC-CLARK1IC-X-99189096233106381%5D39015101110719_01|https://quod.lib.umich.edu/cgi/i/image/api/thumb/clark1ic/99189096233106381/39015101110719_01/!250,250|https://quod.lib.umich.edu/cgi/i/image/api/manifest/clark1ic:99189096233106381:39015101110719_01|99189096233106381|oai:quod.lib.umich.edu:IC-CLARK1IC-X-99189096233106381%5D39015101110719_02|http://name.umdl.umich.edu/IC-CLARK1IC-X-99189096233106381%5D39015101110719_02|https://quod.lib.umich.edu/cgi/i/image/api/thumb/clark1ic/99189096233106381/39015101110719_02/!250,250|https://quod.lib.umich.edu/cgi/i/image/api/manifest/clark1ic:99189096233106381:39015101110719_02",2026-09-07T13:44:03.455652+00:00,nanoid
um_i7XaTf4JUd6Y,"oai:quod.lib.umich.edu:IC-CLARK1IC-X-99189114329906381%5D39015101112152_01|http://name.umdl.umich.edu/IC-CLARK1IC-X-99189114329906381%5D39015101112152_01|https://quod.lib.umich.edu/cgi/i/image/api/thumb/clark1ic/99189114329906381/39015101112152_01/!250,250|https://quod.lib.umich.edu/cgi/i/image/api/manifest/clark1ic:99189114329906381:39015101112152_01|99189114329906381|oai:quod.lib.umich.edu:IC-CLARK1IC-X-99189114329906381%5D39015101112152_02|http://name.umdl.umich.edu/IC-CLARK1IC-X-99189114329906381%5D39015101112152_02|https://quod.lib.umich.edu/cgi/i/image/api/thumb/clark1ic/99189114329906381/39015101112152_02/!250,250|https://quod.lib.umich.edu/cgi/i/image/api/manifest/clark1ic:99189114329906381:39015101112152_02",2026-09-07T13:44:03.455652+00:00,nanoid
um_RaGMsu4eZ9Mi,"oai:quod.lib.umich.edu:IC-CLARK1IC-X-99189116405106381%5D39015101112376_01|http://name.umdl.umich.edu/IC-CLARK1IC-X-99189116405106381%5D39015101112376_01|https://quod.lib.umich.edu/cgi/i/image/api/thumb/clark1ic/99189116405106381/39015101112376_01/!250,250|https://quod.lib.umich.edu/cgi/i/image/api/manifest/clark1ic:99189116405106381:39015101112376_01|99189116405106381|oai:quod.lib.umich.edu:IC-CLARK1IC-X-99189116405106381%5D39015101112376_02|http://name.umdl.umich.edu/IC-CLARK1IC-X-99189116405106381%5D39015101112376_02|https://quod.lib.umich.edu/cgi/i/image/api/thumb/clark1ic/99189116405106381/39015101112376_02/!250,250|https://quod.lib.umich.edu/cgi/i/image/api/manifest/clark1ic:99189116405106381:39015101112376_02",2026-09-07T13:44:03.455652+00:00,nanoid
um_3IcKC3tqohvZ,"oai:quod.lib.umich.edu:IC-CLARK1IC-X-99189116408606381%5D39015101112228_01|http://name.umdl.umich.edu/IC-CLARK1IC-X-99189116408606381%5D39015101112228_01|https://quod.lib.umich.edu/cgi/i/image/api/thumb/clark1ic/99189116408606381/39015101112228_01/!250,250|https://quod.lib.umich.edu/cgi/i/image/api/manifest/clark1ic:99189116408606381:39015101112228_01|99189116408606381|oai:quod.lib.umich.edu:IC-CLARK1IC-X-99189116408606381%5D39015101112228_02|http://name.umdl.umich.edu/IC-CLARK1IC-X-99189116408606381%5D39015101112228_02|https://quod.lib.umich.edu/cgi/i/image/api/thumb/clark1ic/99189116408606381/39015101112228_02/!250,250|https://quod.lib.umich.edu/cgi/i/image/api/manifest/clark1ic:99189116408606381:39015101112228_02",2026-09-07T13:44:03.455652+00:00,nanoid
um_vT953xoy8YAf,"oai:quod.lib.umich.edu:IC-CLARK1IC-X-99189116574206381%5D39015101112426_01|http://name.umdl.umich.edu/IC-CLARK1IC-X-99189116574206381%5D39015101112426_01|https://quod.lib.umich.edu/cgi/i/image/api/thumb/clark1ic/99189116574206381/39015101112426_01/!250,250|https://quod.lib.umich.edu/cgi/i/image/api/manifest/clark1ic:99189116574206381:39015101112426_01|99189116574206381|oai:quod.lib.umich.edu:IC-CLARK1IC-X-99189116574206381%5D39015101112426_02|http://name.umdl.umich.edu/IC-CLARK1IC-X-99189116574206381%5D39015101112426_02|https://quod.lib.umich.edu/cgi/i/image/api/thumb/clark1ic/99189116574206381/39015101112426_02/!250,250|https://quod.lib.umich.edu/cgi/i/image/api/manifest/clark1ic:99189116574206381:39015101112426_02",2026-09-07T13:44:03.455652+00:00,nanoid
um_YILzEr8NcM5Z,"oai:quod.lib.umich.edu:IC-CLARK1IC-X-99189116574406381%5D39015101112418_01|http://name.umdl.umich.edu/IC-CLARK1IC-X-99189116574406381%5D39015101112418_01|https://quod.lib.umich.edu/cgi/i/image/api/thumb/clark1ic/99189116574406381/39015101112418_01/!250,250|https://quod.lib.umich.edu/cgi/i/image/api/manifest/clark1ic:99189116574406381:39015101112418_01|99189116574406381|oai:quod.lib.umich.edu:IC-CLARK1IC-X-99189116574406381%5D39015101112418_02|http://name.umdl.umich.edu/IC-CLARK1IC-X-99189116574406381%5D39015101112418_02|https://quod.lib.umich.edu/cgi/i/image/api/thumb/clark1ic/99189116574406381/39015101112418_02/!250,250|https://quod.lib.umich.edu/cgi/i/image/api/manifest/clark1ic:99189116574406381:39015101112418_02",2026-09-07T13:44:03.455652+00:00,nanoid
um_RAba9D6uBao4,"oai:quod.lib.umich.edu:IC-CLARK1IC-X-99189116578206381%5D39015101112103_01|http://name.umdl.umich.edu/IC-CLARK1IC-X-99189116578206381%5D39015101112103_01|https://quod.lib.umich.edu/cgi/i/image/api/thumb/clark1ic/99189116578206381/39015101112103_01/!250,250|https://quod.lib.umich.edu/cgi/i/image/api/manifest/clark1ic:99189116578206381:39015101112103_01|99189116578206381|oai:quod.lib.umich.edu:IC-CLARK1IC-X-99189116578206381%5D39015101112103_02|http://name.umdl.umich.edu/IC-CLARK1IC-X-99189116578206381%5D39015101112103_02|https://quod.lib.umich.edu/cgi/i/image/api/thumb/clark1ic/99189116578206381/39015101112103_02/!250,250|https://quod.lib.umich.edu/cgi/i/image/api/manifest/clark1ic:99189116578206381:39015101112103_02|oai:quod.lib.umich.edu:IC-CLARK1IC-X-99189116578206381%5D39015101112251_01|http://name.umdl.umich.edu/IC-CLARK1IC-X-99189116578206381%5D39015101112251_01|https://quod.lib.umich.edu/cgi/i/image/api/thumb/clark1ic/99189116578206381/39015101112251_01/!250,250|https://quod.lib.umich.edu/cgi/i/image/api/manifest/clark1ic:99189116578206381:39015101112251_01|oai:quod.lib.umich.edu:IC-CLARK1IC-X-99189116578206381%5D39015101112251_02|http://name.umdl.umich.edu/IC-CLARK1IC-X-99189116578206381%5D39015101112251_02|https://quod.lib.umich.edu/cgi/i/image/api/thumb/clark1ic/99189116578206381/39015101112251_02/!250,250|https://quod.lib.umich.edu/cgi/i/image/api/manifest/clark1ic:99189116578206381:39015101112251_02|oai:quod.lib.umich.edu:IC-CLARK1IC-X-99189116578206381%5D39015101112400_01|http://name.umdl.umich.edu/IC-CLARK1IC-X-99189116578206381%5D39015101112400_01|https://quod.lib.umich.edu/cgi/i/image/api/thumb/clark1ic/99189116578206381/39015101112400_01/!250,250|https://quod.lib.umich.edu/cgi/i/image/api/manifest/clark1ic:99189116578206381:39015101112400_01|oai:quod.lib.umich.edu:IC-CLARK1IC-X-99189116578206381%5D39015101112400_02|http://name.umdl.umich.edu/IC-CLARK1IC-X-99189116578206381%5D39015101112400_02|https://quod.lib.umich.edu/cgi/i/image/api/thumb/clark1ic/99189116578206381/39015101112400_02/!250,250|https://quod.lib.umich.edu/cgi/i/image/api/manifest/clark1ic:99189116578206381:39015101112400_02",2026-09-07T13:44:03.455652+00:00,nanoid
um_6LcBWEwdjcyl,"oai:quod.lib.umich.edu:IC-CLARK1IC-X-99189116581106381%5D39015101112392_01|http://name.umdl.umich.edu/IC-CLARK1IC-X-99189116581106381%5D39015101112392_01|https://quod.lib.umich.edu/cgi/i/image/api/thumb/clark1ic/99189116581106381/39015101112392_01/!250,250|https://quod.lib.umich.edu/cgi/i/image/api/manifest/clark1ic:99189116581106381:39015101112392_01|99189116581106381|oai:quod.lib.umich.edu:IC-CLARK1IC-X-99189116581106381%5D39015101112392_02|http://name.umdl.umich.edu/IC-CLARK1IC-X-99189116581106381%5D39015101112392_02|https://quod.lib.umich.edu/cgi/i/image/api/thumb/clark1ic/99189116581106381/39015101112392_02/!250,250|https://quod.lib.umich.edu/cgi/i/image/api/manifest/clark1ic:99189116581106381:39015101112392_02",2026-09-07T13:44:03.455652+00:00,nanoid
um_Q1iMeer02W83,"oai:quod.lib.umich.edu:IC-CLARK1IC-X-99189116581206381%5D39015101112244_01|http://name.umdl.umich.edu/IC-CLARK1IC-X-99189116581206381%5D39015101112244_01|https://quod.lib.umich.edu/cgi/i/image/api/thumb/clark1ic/99189116581206381/39015101112244_01/!250,250|https://quod.lib.umich.edu/cgi/i/image/api/manifest/clark1ic:99189116581206381:39015101112244_01|99189116581206381|oai:quod.lib.umich.edu:IC-CLARK1IC-X-99189116581206381%5D39015101112244_02|http://name.umdl.umich.edu/IC-CLARK1IC-X-99189116581206381%5D39015101112244_02|https://quod.lib.umich.edu/cgi/i/image/api/thumb/clark1ic/99189116581206381/39015101112244_02/!250,250|https://quod.lib.umich.edu/cgi/i/image/api/manifest/clark1ic:99189116581206381:39015101112244_02",2026-09-07T13:44:03.455652+00:00,nanoid
um_q4nxWFq6pIMm,"oai:quod.lib.umich.edu:IC-CLARK1IC-X-99189116581606381%5D39015101112095_01|http://name.umdl.umich.edu/IC-CLARK1IC-X-99189116581606381%5D39015101112095_01|https://quod.lib.umich.edu/cgi/i/image/api/thumb/clark1ic/99189116581606381/39015101112095_01/!250,250|https://quod.lib.umich.edu/cgi/i/image/api/manifest/clark1ic:99189116581606381:39015101112095_01|99189116581606381|oai:quod.lib.umich.edu:IC-CLARK1IC-X-99189116581606381%5D39015101112095_02|http://name.umdl.umich.edu/IC-CLARK1IC-X-99189116581606381%5D39015101112095_02|https://quod.lib.umich.edu/cgi/i/image/api/thumb/clark1ic/99189116581606381/39015101112095_02/!250,250|https://quod.lib.umich.edu/cgi/i/image/api/manifest/clark1ic:99189116581606381:39015101112095_02",2026-09-07T13:44:03.455652+00:00,nanoid
um_13jvYkijV40C,"oai:quod.lib.umich.edu:IC-CLARK1IC-X-99189116581706381%5D39015101112384_01|http://name.umdl.umich.edu/IC-CLARK1IC-X-99189116581706381%5D39015101112384_01|https://quod.lib.umich.edu/cgi/i/image/api/thumb/clark1ic/99189116581706381/39015101112384_01/!250,250|https://quod.lib.umich.edu/cgi/i/image/api/manifest/clark1ic:99189116581706381:39015101112384_01|99189116581706381|oai:quod.lib.umich.edu:IC-CLARK1IC-X-99189116581706381%5D39015101112384_02|http://name.umdl.umich.edu/IC-CLARK1IC-X-99189116581706381%5D39015101112384_02|https://quod.lib.umich.edu/cgi/i/image/api/thumb/clark1ic/99189116581706381/39015101112384_02/!250,250|https://quod.lib.umich.edu/cgi/i/image/api/manifest/clark1ic:99189116581706381:39015101112384_02",2026-09-07T13:44:03.455652+00:00,nanoid
um_Zr5AyNGICbMY,"oai:quod.lib.umich.edu:IC-CLARK1IC-X-99189116582006381%5D39015101112236_01|http://name.umdl.umich.edu/IC-CLARK1IC-X-99189116582006381%5D39015101112236_01|https://quod.lib.umich.edu/cgi/i/image/api/thumb/clark1ic/99189116582006381/39015101112236_01/!250,250|https://quod.lib.umich.edu/cgi/i/image/api/manifest/clark1ic:99189116582006381:39015101112236_01|99189116582006381|oai:quod.lib.umich.edu:IC-CLARK1IC-X-99189116582006381%5D39015101112236_02|http://name.umdl.umich.edu/IC-CLARK1IC-X-99189116582006381%5D39015101112236_02|https://quod.lib.umich.edu/cgi/i/image/api/thumb/clark1ic/99189116582006381/39015101112236_02/!250,250|https://quod.lib.umich.edu/cgi/i/image/api/manifest/clark1ic:99189116582006381:39015101112236_02",2026-09-07T13:44:03.455652+00:00,nanoid
um_Ho9TzJ3qY5D4,"oai:quod.lib.umich.edu:IC-CLARK1IC-X-99189116582106381%5D39015101112087_01|http://name.umdl.umich.edu/IC-CLARK1IC-X-99189116582106381%5D39015101112087_01|https://quod.lib.umich.edu/cgi/i/image/api/thumb/clark1ic/99189116582106381/39015101112087_01/!250,250|https://quod.lib.umich.edu/cgi/i/image/api/manifest/clark1ic:99189116582106381:39015101112087_01|99189116582106381|oai:quod.lib.umich.edu:IC-CLARK1IC-X-99189116582106381%5D39015101112087_02|http://name.umdl.umich.edu/IC-CLARK1IC-X-99189116582106381%5D39015101112087_02|https://quod.lib.umich.edu/cgi/i/image/api/thumb/clark1ic/99189116582106381/39015101112087_02/!250,250|https://quod.lib.umich.edu/cgi/i/image/api/manifest/clark1ic:99189116582106381:39015101112087_02",2026-09-07T13:44:03.455652+00:00,nanoid
um_ZasloVEhd3J9,"oai:quod.lib.umich.edu:IC-CLARK1IC-X-99189116585406381%5D39015101112079_01|http://name.umdl.umich.edu/IC-CLARK1IC-X-99189116585406381%5D39015101112079_01|https://quod.lib.umich.edu/cgi/i/image/api/thumb/clark1ic/99189116585406381/39015101112079_01/!250,250|https://quod.lib.umich.edu/cgi/i/image/api/manifest/clark1ic:99189116585406381:39015101112079_01|99189116585406381|oai:quod.lib.umich.edu:IC-CLARK1IC-X-99189116585406381%5D39015101112079_02|http://name.umdl.umich.edu/IC-CLARK1IC-X-99189116585406381%5D39015101112079_02|https://quod.lib.umich.edu/cgi/i/image/api/thumb/clark1ic/99189116585406381/39015101112079_02/!250,250|https://quod.lib.umich.edu/cgi/i/image/api/manifest/clark1ic:99189116585406381:39015101112079_02",2026-09-07T13:44:03.455652+00:00,nanoid
um_lcWXxn1Av9Ga,"oai:quod.lib.umich.edu:IC-CLARK1IC-X-99189116586006381%5D39015101112368_01|http://name.umdl.umich.edu/IC-CLARK1IC-X-99189116586006381%5D39015101112368_01|https://quod.lib.umich.edu/cgi/i/image/api/thumb/clark1ic/99189116586006381/39015101112368_01/!250,250|https://quod.lib.umich.edu/cgi/i/image/api/manifest/clark1ic:99189116586006381:39015101112368_01|99189116586006381|oai:quod.lib.umich.edu:IC-CLARK1IC-X-99189116586006381%5D39015101112368_02|http://name.umdl.umich.edu/IC-CLARK1IC-X-99189116586006381%5D39015101112368_02|https://quod.lib.umich.edu/cgi/i/image/api/thumb/clark1ic/99189116586006381/39015101112368_02/!250,250|https://quod.lib.umich.edu/cgi/i/image/api/manifest/clark1ic:99189116586006381:39015101112368_02",2026-09-07T13:44:03.455652+00:00,nanoid
um_Zo0PEgGJUvaC,"oai:quod.lib.umich.edu:IC-CLARK1IC-X-99189116587006381%5D39015101112210_01|http://name.umdl.umich.edu/IC-CLARK1IC-X-99189116587006381%5D39015101112210_01|https://quod.lib.umich.edu/cgi/i/image/api/thumb/clark1ic/99189116587006381/39015101112210_01/!250,250|https://quod.lib.umich.edu/cgi/i/image/api/manifest/clark1ic:99189116587006381:39015101112210_01|99189116587006381|oai:quod.lib.umich.edu:IC-CLARK1IC-X-99189116587006381%5D39015101112210_02|http://name.umdl.umich.edu/IC-CLARK1IC-X-99189116587006381%5D39015101112210_02|https://quod.lib.umich.edu/cgi/i/image/api/thumb/clark1ic/99189116587006381/39015101112210_02/!250,250|https://quod.lib.umich.edu/cgi/i/image/api/manifest/clark1ic:99189116587006381:39015101112210_02",2026-09-07T13:44:03.455652+00:00,nanoid
um_znEBJWX803yz,"oai:quod.lib.umich.edu:IC-CLARK1IC-X-99189116588706381%5D39015101112061_01|http://name.umdl.umich.edu/IC-CLARK1IC-X-99189116588706381%5D39015101112061_01|https://quod.lib.umich.edu/cgi/i/image/api/thumb/clark1ic/99189116588706381/39015101112061_01/!250,250|https://quod.lib.umich.edu/cgi/i/image/api/manifest/clark1ic:99189116588706381:39015101112061_01|99189116588706381|oai:quod.lib.umich.edu:IC-CLARK1IC-X-99189116588706381%5D39015101112061_02|http://name.umdl.umich.edu/IC-CLARK1IC-X-99189116588706381%5D39015101112061_02|https://quod.lib.umich.edu/cgi/i/image/api/thumb/clark1ic/99189116588706381/39015101112061_02/!250,250|https://quod.lib.umich.edu/cgi/i/image/api/manifest/clark1ic:99189116588706381:39015101112061_02",2026-09-07T13:44:03.455652+00:00,nanoid
um_3uNk2dvsaid0,"oai:quod.lib.umich.edu:IC-CLARK1IC-X-99189116589606381%5D39015101112053_01|http://name.umdl.umich.edu/IC-CLARK1IC-X-99189116589606381%5D39015101112053_01|https://quod.lib.umich.edu/cgi/i/image/api/thumb/clark1ic/99189116589606381/39015101112053_01/!250,250|https://quod.lib.umich.edu/cgi/i/image/api/manifest/clark1ic:99189116589606381:39015101112053_01|99189116589606381|oai:quod.lib.umich.edu:IC-CLARK1IC-X-99189116589606381%5D39015101112053_02|http://name.umdl.umich.edu/IC-CLARK1IC-X-99189116589606381%5D39015101112053_02|https://quod.lib.umich.edu/cgi/i/image/api/thumb/clark1ic/99189116589606381/39015101112053_02/!250,250|https://quod.lib.umich.edu/cgi/i/image/api/manifest/clark1ic:99189116589606381:39015101112053_02",2026-09-07T13:44:03.455652+00:00,nanoid
um_GaHWsESqYp2d,"oai:quod.lib.umich.edu:IC-CLARK1IC-X-99189116590206381%5D39015101112202_01|http://name.umdl.umich.edu/IC-CLARK1IC-X-99189116590206381%5D39015101112202_01|https://quod.lib.umich.edu/cgi/i/image/api/thumb/clark1ic/99189116590206381/39015101112202_01/!250,250|https://quod.lib.umich.edu/cgi/i/image/api/manifest/clark1ic:99189116590206381:39015101112202_01|99189116590206381|oai:quod.lib.umich.edu:IC-CLARK1IC-X-99189116590206381%5D39015101112202_02|http://name.umdl.umich.edu/IC-CLARK1IC-X-99189116590206381%5D39015101112202_02|https://quod.lib.umich.edu/cgi/i/image/api/thumb/clark1ic/99189116590206381/39015101112202_02/!250,250|https://quod.lib.umich.edu/cgi/i/image/api/manifest/clark1ic:99189116590206381:39015101112202_02",2026-09-07T13:44:03.455652+00:00,nanoid
um_vddoDwZu3Z9u,"oai:quod.lib.umich.edu:IC-CLARK1IC-X-99189116593306381%5D39015101108911_01|http://name.umdl.umich.edu/IC-CLARK1IC-X-99189116593306381%5D39015101108911_01|https://quod.lib.umich.edu/cgi/i/image/api/thumb/clark1ic/99189116593306381/39015101108911_01/!250,250|https://quod.lib.umich.edu/cgi/i/image/api/manifest/clark1ic:99189116593306381:39015101108911_01|99189116593306381|oai:quod.lib.umich.edu:IC-CLARK1IC-X-99189116593306381%5D39015101108911_02|http://name.umdl.umich.edu/IC-CLARK1IC-X-99189116593306381%5D39015101108911_02|https://quod.lib.umich.edu/cgi/i/image/api/thumb/clark1ic/99189116593306381/39015101108911_02/!250,250|https://quod.lib.umich.edu/cgi/i/image/api/manifest/clark1ic:99189116593306381:39015101108911_02",2026-09-07T13:44:03.455652+00:00,nanoid
um_6jnjO3aPYGDV,"oai:quod.lib.umich.edu:IC-CLARK1IC-X-99189116593406381%5D39015101108903_01|http://name.umdl.umich.edu/IC-CLARK1IC-X-99189116593406381%5D39015101108903_01|https://quod.lib.umich.edu/cgi/i/image/api/thumb/clark1ic/99189116593406381/39015101108903_01/!250,250|https://quod.lib.umich.edu/cgi/i/image/api/manifest/clark1ic:99189116593406381:39015101108903_01|99189116593406381|oai:quod.lib.umich.edu:IC-CLARK1IC-X-99189116593406381%5D39015101108903_02|http://name.umdl.umich.edu/IC-CLARK1IC-X-99189116593406381%5D39015101108903_02|https://quod.lib.umich.edu/cgi/i/image/api/thumb/clark1ic/99189116593406381/39015101108903_02/!250,250|https://quod.lib.umich.edu/cgi/i/image/api/manifest/clark1ic:99189116593406381:39015101108903_02",2026-09-07T13:44:03.455652+00:00,nanoid
um_bQ8MtimRZxqq,"oai:quod.lib.umich.edu:IC-CLARK1IC-X-99189116593906381%5D39015101112046_01|http://name.umdl.umich.edu/IC-CLARK1IC-X-99189116593906381%5D39015101112046_01|https://quod.lib.umich.edu/cgi/i/image/api/thumb/clark1ic/99189116593906381/39015101112046_01/!250,250|https://quod.lib.umich.edu/cgi/i/image/api/manifest/clark1ic:99189116593906381:39015101112046_01|99189116593906381|oai:quod.lib.umich.edu:IC-CLARK1IC-X-99189116593906381%5D39015101112046_02|http://name.umdl.umich.edu/IC-CLARK1IC-X-99189116593906381%5D39015101112046_02|https://quod.lib.umich.edu/cgi/i/image/api/thumb/clark1ic/99189116593906381/39015101112046_02/!250,250|https://quod.lib.umich.edu/cgi/i/image/api/manifest/clark1ic:99189116593906381:39015101112046_02",2026-09-07T13:44:03.455652+00:00,nanoid
um_Nng73GgbKOvF,"oai:quod.lib.umich.edu:IC-CLARK1IC-X-99189116594006381%5D39015101112194_01|http://name.umdl.umich.edu/IC-CLARK1IC-X-99189116594006381%5D39015101112194_01|https://quod.lib.umich.edu/cgi/i/image/api/thumb/clark1ic/99189116594006381/39015101112194_01/!250,250|https://quod.lib.umich.edu/cgi/i/image/api/manifest/clark1ic:99189116594006381:39015101112194_01|99189116594006381|oai:quod.lib.umich.edu:IC-CLARK1IC-X-99189116594006381%5D39015101112194_02|http://name.umdl.umich.edu/IC-CLARK1IC-X-99189116594006381%5D39015101112194_02|https://quod.lib.umich.edu/cgi/i/image/api/thumb/clark1ic/99189116594006381/39015101112194_02/!250,250|https://quod.lib.umich.edu/cgi/i/image/api/manifest/clark1ic:99189116594006381:39015101112194_02",2026-09-07T13:44:03.455652+00:00,nanoid
um_9z1E2w3RclkR,"oai:quod.lib.umich.edu:IC-CLARK1IC-X-99189116594506381%5D39015101112186_01|http://name.umdl.umich.edu/IC-CLARK1IC-X-99189116594506381%5D39015101112186_01|https://quod.lib.umich.edu/cgi/i/image/api/thumb/clark1ic/99189116594506381/39015101112186_01/!250,250|https://quod.lib.umich.edu/cgi/i/image/api/manifest/clark1ic:99189116594506381:39015101112186_01|99189116594506381|oai:quod.lib.umich.edu:IC-CLARK1IC-X-99189116594506381%5D39015101112186_02|http://name.umdl.umich.edu/IC-CLARK1IC-X-99189116594506381%5D39015101112186_02|https://quod.lib.umich.edu/cgi/i/image/api/thumb/clark1ic/99189116594506381/39015101112186_02/!250,250|https://quod.lib.umich.edu/cgi/i/image/api/manifest/clark1ic:99189116594506381:39015101112186_02",2026-09-07T13:44:03.455652+00:00,nanoid
um_qt0wiyJtlv0l,"oai:quod.lib.umich.edu:IC-CLARK1IC-X-99189116597106381%5D39015101112038_01|http://name.umdl.umich.edu/IC-CLARK1IC-X-99189116597106381%5D39015101112038_01|https://quod.lib.umich.edu/cgi/i/image/api/thumb/clark1ic/99189116597106381/39015101112038_01/!250,250|https://quod.lib.umich.edu/cgi/i/image/api/manifest/clark1ic:99189116597106381:39015101112038_01|99189116597106381|oai:quod.lib.umich.edu:IC-CLARK1IC-X-99189116597106381%5D39015101112038_02|http://name.umdl.umich.edu/IC-CLARK1IC-X-99189116597106381%5D39015101112038_02|https://quod.lib.umich.edu/cgi/i/image/api/thumb/clark1ic/99189116597106381/39015101112038_02/!250,250|https://quod.lib.umich.edu/cgi/i/image/api/manifest/clark1ic:99189116597106381:39015101112038_02",2026-09-07T13:44:03.455652+00:00,nanoid
um_Hj3qMvpzu7iX,"oai:quod.lib.umich.edu:IC-CLARK1IC-X-99189116598106381%5D39015101112350_01|http://name.umdl.umich.edu/IC-CLARK1IC-X-99189116598106381%5D39015101112350_01|https://quod.lib.umich.edu/cgi/i/image/api/thumb/clark1ic/99189116598106381/39015101112350_01/!250,250|https://quod.lib.umich.edu/cgi/i/image/api/manifest/clark1ic:99189116598106381:39015101112350_01|99189116598106381|oai:quod.lib.umich.edu:IC-CLARK1IC-X-99189116598106381%5D39015101112350_02|http://name.umdl.umich.edu/IC-CLARK1IC-X-99189116598106381%5D39015101112350_02|https://quod.lib.umich.edu/cgi/i/image/api/thumb/clark1ic/99189116598106381/39015101112350_02/!250,250|https://quod.lib.umich.edu/cgi/i/image/api/manifest/clark1ic:99189116598106381:39015101112350_02",2026-09-07T13:44:03.455652+00:00,nanoid
um_jty7o6fpocPz,"oai:quod.lib.umich.edu:IC-CLARK1IC-X-99189116604606381%5D39015101112178_01|http://name.umdl.umich.edu/IC-CLARK1IC-X-99189116604606381%5D39015101112178_01|https://quod.lib.umich.edu/cgi/i/image/api/thumb/clark1ic/99189116604606381/39015101112178_01/!250,250|https://quod.lib.umich.edu/cgi/i/image/api/manifest/clark1ic:99189116604606381:39015101112178_01|99189116604606381|oai:quod.lib.umich.edu:IC-CLARK1IC-X-99189116604606381%5D39015101112178_02|http://name.umdl.umich.edu/IC-CLARK1IC-X-99189116604606381%5D39015101112178_02|https://quod.lib.umich.edu/cgi/i/image/api/thumb/clark1ic/99189116604606381/39015101112178_02/!250,250|https://quod.lib.umich.edu/cgi/i/image/api/manifest/clark1ic:99189116604606381:39015101112178_02",2026-09-07T13:44:03.455652+00:00,nanoid
um_XF1s7SP7YgCS,"oai:quod.lib.umich.edu:IC-CLARK1IC-X-99189116608606381%5D39015101112335_01|http://name.umdl.umich.edu/IC-CLARK1IC-X-99189116608606381%5D39015101112335_01|https://quod.lib.umich.edu/cgi/i/image/api/thumb/clark1ic/99189116608606381/39015101112335_01/!250,250|https://quod.lib.umich.edu/cgi/i/image/api/manifest/clark1ic:99189116608606381:39015101112335_01|99189116608606381|oai:quod.lib.umich.edu:IC-CLARK1IC-X-99189116608606381%5D39015101112335_02|http://name.umdl.umich.edu/IC-CLARK1IC-X-99189116608606381%5D39015101112335_02|https://quod.lib.umich.edu/cgi/i/image/api/thumb/clark1ic/99189116608606381/39015101112335_02/!250,250|https://quod.lib.umich.edu/cgi/i/image/api/manifest/clark1ic:99189116608606381:39015101112335_02",2026-09-07T13:44:03.455652+00:00,nanoid
um_if9mRGSCD9AG,"oai:quod.lib.umich.edu:IC-CLARK1IC-X-99189123675706381%5D39015101110784_01|http://name.umdl.umich.edu/IC-CLARK1IC-X-99189123675706381%5D39015101110784_01|https://quod.lib.umich.edu/cgi/i/image/api/thumb/clark1ic/99189123675706381/39015101110784_01/!250,250|https://quod.lib.umich.edu/cgi/i/image/api/manifest/clark1ic:99189123675706381:39015101110784_01|99189123675706381|oai:quod.lib.umich.edu:IC-CLARK1IC-X-99189123675706381%5D39015101110784_02|http://name.umdl.umich.edu/IC-CLARK1IC-X-99189123675706381%5D39015101110784_02|https://quod.lib.umich.edu/cgi/i/image/api/thumb/clark1ic/99189123675706381/39015101110784_02/!250,250|https://quod.lib.umich.edu/cgi/i/image/api/manifest/clark1ic:99189123675706381:39015101110784_02|oai:quod.lib.umich.edu:IC-CLARK1IC-X-99189123675706381%5D39015101110792_01|http://name.umdl.umich.edu/IC-CLARK1IC-X-99189123675706381%5D39015101110792_01|https://quod.lib.umich.edu/cgi/i/image/api/thumb/clark1ic/99189123675706381/39015101110792_01/!250,250|https://quod.lib.umich.edu/cgi/i/image/api/manifest/clark1ic:99189123675706381:39015101110792_01|oai:quod.lib.umich.edu:IC-CLARK1IC-X-99189123675706381%5D39015101110792_02|http://name.umdl.umich.edu/IC-CLARK1IC-X-99189123675706381%5D39015101110792_02|https://quod.lib.umich.edu/cgi/i/image/api/thumb/clark1ic/99189123675706381/39015101110792_02/!250,250|https://quod.lib.umich.edu/cgi/i/image/api/manifest/clark1ic:99189123675706381:39015101110792_02|oai:quod.lib.umich.edu:IC-CLARK1IC-X-99189123675706381%5D39015101112129_01|http://name.umdl.umich.edu/IC-CLARK1IC-X-99189123675706381%5D39015101112129_01|https://quod.lib.umich.edu/cgi/i/image/api/thumb/clark1ic/99189123675706381/39015101112129_01/!250,250|https://quod.lib.umich.edu/cgi/i/image/api/manifest/clark1ic:99189123675706381:39015101112129_01|oai:quod.lib.umich.edu:IC-CLARK1IC-X-99189123675706381%5D39015101112129_02|http://name.umdl.umich.edu/IC-CLARK1IC-X-99189123675706381%5D39015101112129_02|https://quod.lib.umich.edu/cgi/i/image/api/thumb/clark1ic/99189123675706381/39015101112129_02/!250,250|https://quod.lib.umich.edu/cgi/i/image/api/manifest/clark1ic:99189123675706381:39015101112129_02",2026-09-07T13:44:03.455652+00:00,nanoid
um_0vJMKGDIosCd,"oai:quod.lib.umich.edu:IC-CLARK1IC-X-99189123678006381%5D39015101112111_01|http://name.umdl.umich.edu/IC-CLARK1IC-X-99189123678006381%5D39015101112111_01|https://quod.lib.umich.edu/cgi/i/image/api/thumb/clark1ic/99189123678006381/39015101112111_01/!250,250|https://quod.lib.umich.edu/cgi/i/image/api/manifest/clark1ic:99189123678006381:39015101112111_01|99189123678006381|oai:quod.lib.umich.edu:IC-CLARK1IC-X-99189123678006381%5D39015101112111_02|http://name.umdl.umich.edu/IC-CLARK1IC-X-99189123678006381%5D39015101112111_02|https://quod.lib.umich.edu/cgi/i/image/api/thumb/clark1ic/99189123678006381/39015101112111_02/!250,250|https://quod.lib.umich.edu/cgi/i/image/api/manifest/clark1ic:99189123678006381:39015101112111_02",2026-09-07T13:44:03.455652+00:00,nanoid
um_f2pgScctPE9e,"oai:quod.lib.umich.edu:IC-CLARK1IC-X-99189123694806381%5D39015101112137_01|http://name.umdl.umich.edu/IC-CLARK1IC-X-99189123694806381%5D39015101112137_01|https://quod.lib.umich.edu/cgi/i/image/api/thumb/clark1ic/99189123694806381/39015101112137_01/!250,250|https://quod.lib.umich.edu/cgi/i/image/api/manifest/clark1ic:99189123694806381:39015101112137_01|99189123694806381|oai:quod.lib.umich.edu:IC-CLARK1IC-X-99189123694806381%5D39015101112137_02|http://name.umdl.umich.edu/IC-CLARK1IC-X-99189123694806381%5D39015101112137_02|https://quod.lib.umich.edu/cgi/i/image/api/thumb/clark1ic/99189123694806381/39015101112137_02/!250,250|https://quod.lib.umich.edu/cgi/i/image/api/manifest/clark1ic:99189123694806381:39015101112137_02",2026-09-07T13:44:03.455652+00:00,nanoid
um_F1DYNUYbhtFn,"oai:quod.lib.umich.edu:IC-CLARK1IC-X-99189123716206381%5D39015101112269_01|http://name.umdl.umich.edu/IC-CLARK1IC-X-99189123716206381%5D39015101112269_01|https://quod.lib.umich.edu/cgi/i/image/api/thumb/clark1ic/99189123716206381/39015101112269_01/!250,250|https://quod.lib.umich.edu/cgi/i/image/api/manifest/clark1ic:99189123716206381:39015101112269_01|99189123716206381|oai:quod.lib.umich.edu:IC-CLARK1IC-X-99189123716206381%5D39015101112269_02|http://name.umdl.umich.edu/IC-CLARK1IC-X-99189123716206381%5D39015101112269_02|https://quod.lib.umich.edu/cgi/i/image/api/thumb/clark1ic/99189123716206381/39015101112269_02/!250,250|https://quod.lib.umich.edu/cgi/i/image/api/manifest/clark1ic:99189123716206381:39015101112269_02",2026-09-07T13:44:03.455652+00:00,nanoid
um_sSqmW56EQQQZ,"oai:quod.lib.umich.edu:IC-CLARK1IC-X-99189123717306381%5D39015101112277_01|http://name.umdl.umich.edu/IC-CLARK1IC-X-99189123717306381%5D39015101112277_01|https://quod.lib.umich.edu/cgi/i/image/api/thumb/clark1ic/99189123717306381/39015101112277_01/!250,250|https://quod.lib.umich.edu/cgi/i/image/api/manifest/clark1ic:99189123717306381:39015101112277_01|99189123717306381|oai:quod.lib.umich.edu:IC-CLARK1IC-X-99189123717306381%5D39015101112277_02|http://name.umdl.umich.edu/IC-CLARK1IC-X-99189123717306381%5D39015101112277_02|https://quod.lib.umich.edu/cgi/i/image/api/thumb/clark1ic/99189123717306381/39015101112277_02/!250,250|https://quod.lib.umich.edu/cgi/i/image/api/manifest/clark1ic:99189123717306381:39015101112277_02",2026-09-07T13:44:03.455652+00:00,nanoid
um_Q8xgP2p2wuRk,"oai:quod.lib.umich.edu:IC-CLARK1IC-X-99189123720706381%5D39015101112293_01|http://name.umdl.umich.edu/IC-CLARK1IC-X-99189123720706381%5D39015101112293_01|https://quod.lib.umich.edu/cgi/i/image/api/thumb/clark1ic/99189123720706381/39015101112293_01/!250,250|https://quod.lib.umich.edu/cgi/i/image/api/manifest/clark1ic:99189123720706381:39015101112293_01|99189123720706381",2026-09-07T13:44:03.455652+00:00,nanoid
um_hu8nggg6iTJy,"oai:quod.lib.umich.edu:IC-CLARK1IC-X-99189128495906381%5D39015101110974_01|http://name.umdl.umich.edu/IC-CLARK1IC-X-99189128495906381%5D39015101110974_01|https://quod.lib.umich.edu/cgi/i/image/api/thumb/clark1ic/99189128495906381/39015101110974_01/!250,250|https://quod.lib.umich.edu/cgi/i/image/api/manifest/clark1ic:99189128495906381:39015101110974_01|99189128495906381|oai:quod.lib.umich.edu:IC-CLARK1IC-X-99189128495906381%5D39015101110974_02|http://name.umdl.umich.edu/IC-CLARK1IC-X-99189128495906381%5D39015101110974_02|https://quod.lib.umich.edu/cgi/i/image/api/thumb/clark1ic/99189128495906381/39015101110974_02/!250,250|https://quod.lib.umich.edu/cgi/i/image/api/manifest/clark1ic:99189128495906381:39015101110974_02",2026-09-07T13:44:03.455652+00:00,nanoid
um_NDH3sEretGzi,"oai:quod.lib.umich.edu:IC-CLARK1IC-X-99189128512506381%5D39015101110966_01|http://name.umdl.umich.edu/IC-CLARK1IC-X-99189128512506381%5D39015101110966_01|https://quod.lib.umich.edu/cgi/i/image/api/thumb/clark1ic/99189128512506381/39015101110966_01/!250,250|https://quod.lib.umich.edu/cgi/i/image/api/manifest/clark1ic:99189128512506381:39015101110966_01|99189128512506381|oai:quod.lib.umich.edu:IC-CLARK1IC-X-99189128512506381%5D39015101110966_02|http://name.umdl.umich.edu/IC-CLARK1IC-X-99189128512506381%5D39015101110966_02|https://quod.lib.umich.edu/cgi/i/image/api/thumb/clark1ic/99189128512506381/39015101110966_02/!250,250|https://quod.lib.umich.edu/cgi/i/image/api/manifest/clark1ic:99189128512506381:39015101110966_02",2026-09-07T13:44:03.455652+00:00,nanoid
um_1lE0LzX7B95w,"oai:quod.lib.umich.edu:IC-CLARK1IC-X-99189128513306381%5D39015101110958_01|http://name.umdl.umich.edu/IC-CLARK1IC-X-99189128513306381%5D39015101110958_01|https://quod.lib.umich.edu/cgi/i/image/api/thumb/clark1ic/99189128513306381/39015101110958_01/!250,250|https://quod.lib.umich.edu/cgi/i/image/api/manifest/clark1ic:99189128513306381:39015101110958_01|99189128513306381|oai:quod.lib.umich.edu:IC-CLARK1IC-X-99189128513306381%5D39015101110958_02|http://name.umdl.umich.edu/IC-CLARK1IC-X-99189128513306381%5D39015101110958_02|https://quod.lib.umich.edu/cgi/i/image/api/thumb/clark1ic/99189128513306381/39015101110958_02/!250,250|https://quod.lib.umich.edu/cgi/i/image/api/manifest/clark1ic:99189128513306381:39015101110958_02",2026-09-07T13:44:03.455652+00:00,nanoid
um_Bp2p3a1rEDR7,"oai:quod.lib.umich.edu:IC-CLARK1IC-X-99189128518906381%5D39015101110842_01|http://name.umdl.umich.edu/IC-CLARK1IC-X-99189128518906381%5D39015101110842_01|https://quod.lib.umich.edu/cgi/i/image/api/thumb/clark1ic/99189128518906381/39015101110842_01/!250,250|https://quod.lib.umich.edu/cgi/i/image/api/manifest/clark1ic:99189128518906381:39015101110842_01|99189128518906381|oai:quod.lib.umich.edu:IC-CLARK1IC-X-99189128518906381%5D39015101110842_02|http://name.umdl.umich.edu/IC-CLARK1IC-X-99189128518906381%5D39015101110842_02|https://quod.lib.umich.edu/cgi/i/image/api/thumb/clark1ic/99189128518906381/39015101110842_02/!250,250|https://quod.lib.umich.edu/cgi/i/image/api/manifest/clark1ic:99189128518906381:39015101110842_02",2026-09-07T13:44:03.455652+00:00,nanoid
um_cX2cqQK6KGGt,"oai:quod.lib.umich.edu:IC-CLARK1IC-X-99189128519106381%5D39015101110834_01|http://name.umdl.umich.edu/IC-CLARK1IC-X-99189128519106381%5D39015101110834_01|https://quod.lib.umich.edu/cgi/i/image/api/thumb/clark1ic/99189128519106381/39015101110834_01/!250,250|https://quod.lib.umich.edu/cgi/i/image/api/manifest/clark1ic:99189128519106381:39015101110834_01|99189128519106381|oai:quod.lib.umich.edu:IC-CLARK1IC-X-99189128519106381%5D39015101110834_02|http://name.umdl.umich.edu/IC-CLARK1IC-X-99189128519106381%5D39015101110834_02|https://quod.lib.umich.edu/cgi/i/image/api/thumb/clark1ic/99189128519106381/39015101110834_02/!250,250|https://quod.lib.umich.edu/cgi/i/image/api/manifest/clark1ic:99189128519106381:39015101110834_02",2026-09-07T13:44:03.455652+00:00,nanoid
um_I56lszGLm7EU,"oai:quod.lib.umich.edu:IC-CLARK1IC-X-99189128521106381%5D39015101110826_01|http://name.umdl.umich.edu/IC-CLARK1IC-X-99189128521106381%5D39015101110826_01|https://quod.lib.umich.edu/cgi/i/image/api/thumb/clark1ic/99189128521106381/39015101110826_01/!250,250|https://quod.lib.umich.edu/cgi/i/image/api/manifest/clark1ic:99189128521106381:39015101110826_01|99189128521106381|oai:quod.lib.umich.edu:IC-CLARK1IC-X-99189128521106381%5D39015101110826_02|http://name.umdl.umich.edu/IC-CLARK1IC-X-99189128521106381%5D39015101110826_02|https://quod.lib.umich.edu/cgi/i/image/api/thumb/clark1ic/99189128521106381/39015101110826_02/!250,250|https://quod.lib.umich.edu/cgi/i/image/api/manifest/clark1ic:99189128521106381:39015101110826_02",2026-09-07T13:44:03.455652+00:00,nanoid
um_kyaWe6WfDnxQ,"oai:quod.lib.umich.edu:IC-CLARK1IC-X-99189128526206381%5D39015101109026_01|http://name.umdl.umich.edu/IC-CLARK1IC-X-99189128526206381%5D39015101109026_01|https://quod.lib.umich.edu/cgi/i/image/api/thumb/clark1ic/99189128526206381/39015101109026_01/!250,250|https://quod.lib.umich.edu/cgi/i/image/api/manifest/clark1ic:99189128526206381:39015101109026_01|99189128526206381|oai:quod.lib.umich.edu:IC-CLARK1IC-X-99189128526206381%5D39015101109026_02|http://name.umdl.umich.edu/IC-CLARK1IC-X-99189128526206381%5D39015101109026_02|https://quod.lib.umich.edu/cgi/i/image/api/thumb/clark1ic/99189128526206381/39015101109026_02/!250,250|https://quod.lib.umich.edu/cgi/i/image/api/manifest/clark1ic:99189128526206381:39015101109026_02",2026-09-07T13:44:03.455652+00:00,nanoid
um_WnUG3AnDTtXT,"oai:quod.lib.umich.edu:IC-CLARK1IC-X-99189128528406381%5D39015101109018_01|http://name.umdl.umich.edu/IC-CLARK1IC-X-99189128528406381%5D39015101109018_01|https://quod.lib.umich.edu/cgi/i/image/api/thumb/clark1ic/99189128528406381/39015101109018_01/!250,250|https://quod.lib.umich.edu/cgi/i/image/api/manifest/clark1ic:99189128528406381:39015101109018_01|99189128528406381|oai:quod.lib.umich.edu:IC-CLARK1IC-X-99189128528406381%5D39015101109018_02|http://name.umdl.umich.edu/IC-CLARK1IC-X-99189128528406381%5D39015101109018_02|https://quod.lib.umich.edu/cgi/i/image/api/thumb/clark1ic/99189128528406381/39015101109018_02/!250,250|https://quod.lib.umich.edu/cgi/i/image/api/manifest/clark1ic:99189128528406381:39015101109018_02",2026-09-07T13:44:03.455652+00:00,nanoid
um_ETFZ481fGY3t,"oai:quod.lib.umich.edu:IC-CLARK1IC-X-99189130426906381%5D39015101111006_01|http://name.umdl.umich.edu/IC-CLARK1IC-X-99189130426906381%5D39015101111006_01|https://quod.lib.umich.edu/cgi/i/image/api/thumb/clark1ic/99189130426906381/39015101111006_01/!250,250|https://quod.lib.umich.edu/cgi/i/image/api/manifest/clark1ic:99189130426906381:39015101111006_01|99189130426906381|oai:quod.lib.umich.edu:IC-CLARK1IC-X-99189130426906381%5D39015101111006_02|http://name.umdl.umich.edu/IC-CLARK1IC-X-99189130426906381%5D39015101111006_02|https://quod.lib.umich.edu/cgi/i/image/api/thumb/clark1ic/99189130426906381/39015101111006_02/!250,250|https://quod.lib.umich.edu/cgi/i/image/api/manifest/clark1ic:99189130426906381:39015101111006_02",2026-09-07T13:44:03.455652+00:00,nanoid
um_w1FyLEyMTVM6,"oai:quod.lib.umich.edu:IC-CLARK1IC-X-99189130427406381%5D39015101110990_01|http://name.umdl.umich.edu/IC-CLARK1IC-X-99189130427406381%5D39015101110990_01|https://quod.lib.umich.edu/cgi/i/image/api/thumb/clark1ic/99189130427406381/39015101110990_01/!250,250|https://quod.lib.umich.edu/cgi/i/image/api/manifest/clark1ic:99189130427406381:39015101110990_01|99189130427406381|oai:quod.lib.umich.edu:IC-CLARK1IC-X-99189130427406381%5D39015101110990_02|http://name.umdl.umich.edu/IC-CLARK1IC-X-99189130427406381%5D39015101110990_02|https://quod.lib.umich.edu/cgi/i/image/api/thumb/clark1ic/99189130427406381/39015101110990_02/!250,250|https://quod.lib.umich.edu/cgi/i/image/api/manifest/clark1ic:99189130427406381:39015101110990_02",2026-09-07T13:44:03.455652+00:00,nanoid
um_7aE0JoyrLrvD,"oai:quod.lib.umich.edu:IC-CLARK1IC-X-99189134057806381%5D39015101111030_01|http://name.umdl.umich.edu/IC-CLARK1IC-X-99189134057806381%5D39015101111030_01|https://quod.lib.umich.edu/cgi/i/image/api/thumb/clark1ic/99189134057806381/39015101111030_01/!250,250|https://quod.lib.umich.edu/cgi/i/image/api/manifest/clark1ic:99189134057806381:39015101111030_01|99189134057806381|oai:quod.lib.umich.edu:IC-CLARK1IC-X-99189134057806381%5D39015101111030_02|http://name.umdl.umich.edu/IC-CLARK1IC-X-99189134057806381%5D39015101111030_02|https://quod.lib.umich.edu/cgi/i/image/api/thumb/clark1ic/99189134057806381/39015101111030_02/!250,250|https://quod.lib.umich.edu/cgi/i/image/api/manifest/clark1ic:99189134057806381:39015101111030_02",2026-09-07T13:44:03.455652+00:00,nanoid
um_HYB600vUmVhH,"oai:quod.lib.umich.edu:IC-CLARK1IC-X-99189134058206381%5D39015101110883_01|http://name.umdl.umich.edu/IC-CLARK1IC-X-99189134058206381%5D39015101110883_01|https://quod.lib.umich.edu/cgi/i/image/api/thumb/clark1ic/99189134058206381/39015101110883_01/!250,250|https://quod.lib.umich.edu/cgi/i/image/api/manifest/clark1ic:99189134058206381:39015101110883_01|99189134058206381|oai:quod.lib.umich.edu:IC-CLARK1IC-X-99189134058206381%5D39015101110883_02|http://name.umdl.umich.edu/IC-CLARK1IC-X-99189134058206381%5D39015101110883_02|https://quod.lib.umich.edu/cgi/i/image/api/thumb/clark1ic/99189134058206381/39015101110883_02/!250,250|https://quod.lib.umich.edu/cgi/i/image/api/manifest/clark1ic:99189134058206381:39015101110883_02",2026-09-07T13:44:03.455652+00:00,nanoid
um_9HyUY5YZQqgL,"oai:quod.lib.umich.edu:IC-CLARK1IC-X-99189134060606381%5D39015101111022_01|http://name.umdl.umich.edu/IC-CLARK1IC-X-99189134060606381%5D39015101111022_01|https://quod.lib.umich.edu/cgi/i/image/api/thumb/clark1ic/99189134060606381/39015101111022_01/!250,250|https://quod.lib.umich.edu/cgi/i/image/api/manifest/clark1ic:99189134060606381:39015101111022_01|99189134060606381|oai:quod.lib.umich.edu:IC-CLARK1IC-X-99189134060606381%5D39015101111022_02|http://name.umdl.umich.edu/IC-CLARK1IC-X-99189134060606381%5D39015101111022_02|https://quod.lib.umich.edu/cgi/i/image/api/thumb/clark1ic/99189134060606381/39015101111022_02/!250,250|https://quod.lib.umich.edu/cgi/i/image/api/manifest/clark1ic:99189134060606381:39015101111022_02",2026-09-07T13:44:03.455652+00:00,nanoid
um_wtu40eegrGtX,"oai:quod.lib.umich.edu:IC-CLARK1IC-X-99189134069906381%5D39015101110875_01|http://name.umdl.umich.edu/IC-CLARK1IC-X-99189134069906381%5D39015101110875_01|https://quod.lib.umich.edu/cgi/i/image/api/thumb/clark1ic/99189134069906381/39015101110875_01/!250,250|https://quod.lib.umich.edu/cgi/i/image/api/manifest/clark1ic:99189134069906381:39015101110875_01|99189134069906381|oai:quod.lib.umich.edu:IC-CLARK1IC-X-99189134069906381%5D39015101110875_02|http://name.umdl.umich.edu/IC-CLARK1IC-X-99189134069906381%5D39015101110875_02|https://quod.lib.umich.edu/cgi/i/image/api/thumb/clark1ic/99189134069906381/39015101110875_02/!250,250|https://quod.lib.umich.edu/cgi/i/image/api/manifest/clark1ic:99189134069906381:39015101110875_02",2026-09-07T13:44:03.455652+00:00,nanoid
um_Exn4nnHQ440D,"oai:quod.lib.umich.edu:IC-CLARK1IC-X-99189134070106381%5D39015101111014_01|http://name.umdl.umich.edu/IC-CLARK1IC-X-99189134070106381%5D39015101111014_01|https://quod.lib.umich.edu/cgi/i/image/api/thumb/clark1ic/99189134070106381/39015101111014_01/!250,250|https://quod.lib.umich.edu/cgi/i/image/api/manifest/clark1ic:99189134070106381:39015101111014_01|99189134070106381|oai:quod.lib.umich.edu:IC-CLARK1IC-X-99189134070106381%5D39015101111014_02|http://name.umdl.umich.edu/IC-CLARK1IC-X-99189134070106381%5D39015101111014_02|https://quod.lib.umich.edu/cgi/i/image/api/thumb/clark1ic/99189134070106381/39015101111014_02/!250,250|https://quod.lib.umich.edu/cgi/i/image/api/manifest/clark1ic:99189134070106381:39015101111014_02",2026-09-07T13:44:03.455652+00:00,nanoid
um_UEP9J2eyndMe,"oai:quod.lib.umich.edu:IC-CLARK1IC-X-99189134071706381%5D39015101110867_01|http://name.umdl.umich.edu/IC-CLARK1IC-X-99189134071706381%5D39015101110867_01|https://quod.lib.umich.edu/cgi/i/image/api/thumb/clark1ic/99189134071706381/39015101110867_01/!250,250|https://quod.lib.umich.edu/cgi/i/image/api/manifest/clark1ic:99189134071706381:39015101110867_01|99189134071706381|oai:quod.lib.umich.edu:IC-CLARK1IC-X-99189134071706381%5D39015101110867_02|http://name.umdl.umich.edu/IC-CLARK1IC-X-99189134071706381%5D39015101110867_02|https://quod.lib.umich.edu/cgi/i/image/api/thumb/clark1ic/99189134071706381/39015101110867_02/!250,250|https://quod.lib.umich.edu/cgi/i/image/api/manifest/clark1ic:99189134071706381:39015101110867_02",2026-09-07T13:44:03.455652+00:00,nanoid
um_zMrRRuDQMke6,"oai:quod.lib.umich.edu:IC-CLARK1IC-X-99189135012706381%5D39015101111063_01|http://name.umdl.umich.edu/IC-CLARK1IC-X-99189135012706381%5D39015101111063_01|https://quod.lib.umich.edu/cgi/i/image/api/thumb/clark1ic/99189135012706381/39015101111063_01/!250,250|https://quod.lib.umich.edu/cgi/i/image/api/manifest/clark1ic:99189135012706381:39015101111063_01|99189135012706381|oai:quod.lib.umich.edu:IC-CLARK1IC-X-99189135012706381%5D39015101111063_02|http://name.umdl.umich.edu/IC-CLARK1IC-X-99189135012706381%5D39015101111063_02|https://quod.lib.umich.edu/cgi/i/image/api/thumb/clark1ic/99189135012706381/39015101111063_02/!250,250|https://quod.lib.umich.edu/cgi/i/image/api/manifest/clark1ic:99189135012706381:39015101111063_02",2026-09-07T13:44:03.455652+00:00,nanoid
um_gpaa2I05eXoQ,"oai:quod.lib.umich.edu:IC-CLARK1IC-X-99189135092406381%5D39015101110925_01|http://name.umdl.umich.edu/IC-CLARK1IC-X-99189135092406381%5D39015101110925_01|https://quod.lib.umich.edu/cgi/i/image/api/thumb/clark1ic/99189135092406381/39015101110925_01/!250,250|https://quod.lib.umich.edu/cgi/i/image/api/manifest/clark1ic:99189135092406381:39015101110925_01|99189135092406381|oai:quod.lib.umich.edu:IC-CLARK1IC-X-99189135092406381%5D39015101110925_02|http://name.umdl.umich.edu/IC-CLARK1IC-X-99189135092406381%5D39015101110925_02|https://quod.lib.umich.edu/cgi/i/image/api/thumb/clark1ic/99189135092406381/39015101110925_02/!250,250|https://quod.lib.umich.edu/cgi/i/image/api/manifest/clark1ic:99189135092406381:39015101110925_02",2026-09-07T13:44:03.455652+00:00,nanoid
um_JDIpXP6afE8v,"oai:quod.lib.umich.edu:IC-CLARK1IC-X-99189135094106381%5D39015101110917_01|http://name.umdl.umich.edu/IC-CLARK1IC-X-99189135094106381%5D39015101110917_01|https://quod.lib.umich.edu/cgi/i/image/api/thumb/clark1ic/99189135094106381/39015101110917_01/!250,250|https://quod.lib.umich.edu/cgi/i/image/api/manifest/clark1ic:99189135094106381:39015101110917_01|99189135094106381|oai:quod.lib.umich.edu:IC-CLARK1IC-X-99189135094106381%5D39015101110917_02|http://name.umdl.umich.edu/IC-CLARK1IC-X-99189135094106381%5D39015101110917_02|https://quod.lib.umich.edu/cgi/i/image/api/thumb/clark1ic/99189135094106381/39015101110917_02/!250,250|https://quod.lib.umich.edu/cgi/i/image/api/manifest/clark1ic:99189135094106381:39015101110917_02",2026-09-07T13:44:03.455652+00:00,nanoid
um_cail12n8biLF,"oai:quod.lib.umich.edu:IC-CLARK1IC-X-99189135094806381%5D39015101111055_01|http://name.umdl.umich.edu/IC-CLARK1IC-X-99189135094806381%5D39015101111055_01|https://quod.lib.umich.edu/cgi/i/image/api/thumb/clark1ic/99189135094806381/39015101111055_01/!250,250|https://quod.lib.umich.edu/cgi/i/image/api/manifest/clark1ic:99189135094806381:39015101111055_01|99189135094806381|oai:quod.lib.umich.edu:IC-CLARK1IC-X-99189135094806381%5D39015101111055_02|http://name.umdl.umich.edu/IC-CLARK1IC-X-99189135094806381%5D39015101111055_02|https://quod.lib.umich.edu/cgi/i/image/api/thumb/clark1ic/99189135094806381/39015101111055_02/!250,250|https://quod.lib.umich.edu/cgi/i/image/api/manifest/clark1ic:99189135094806381:39015101111055_02",2026-09-07T13:44:03.455652+00:00,nanoid
um_j88O9tUFN9p3,"oai:quod.lib.umich.edu:IC-CLARK1IC-X-99189135138106381%5D39015101110909_01|http://name.umdl.umich.edu/IC-CLARK1IC-X-99189135138106381%5D39015101110909_01|https://quod.lib.umich.edu/cgi/i/image/api/thumb/clark1ic/99189135138106381/39015101110909_01/!250,250|https://quod.lib.umich.edu/cgi/i/image/api/manifest/clark1ic:99189135138106381:39015101110909_01|99189135138106381|oai:quod.lib.umich.edu:IC-CLARK1IC-X-99189135138106381%5D39015101110909_02|http://name.umdl.umich.edu/IC-CLARK1IC-X-99189135138106381%5D39015101110909_02|https://quod.lib.umich.edu/cgi/i/image/api/thumb/clark1ic/99189135138106381/39015101110909_02/!250,250|https://quod.lib.umich.edu/cgi/i/image/api/manifest/clark1ic:99189135138106381:39015101110909_02",2026-09-07T13:44:03.455652+00:00,nanoid
um_5Pys6lmKHNAA,"oai:quod.lib.umich.edu:IC-CLARK1IC-X-99189135145006381%5D39015101110941_01|http://name.umdl.umich.edu/IC-CLARK1IC-X-99189135145006381%5D39015101110941_01|https://quod.lib.umich.edu/cgi/i/image/api/thumb/clark1ic/99189135145006381/39015101110941_01/!250,250|https://quod.lib.umich.edu/cgi/i/image/api/manifest/clark1ic:99189135145006381:39015101110941_01|99189135145006381|oai:quod.lib.umich.edu:IC-CLARK1IC-X-99189135145006381%5D39015101110941_02|http://name.umdl.umich.edu/IC-CLARK1IC-X-99189135145006381%5D39015101110941_02|https://quod.lib.umich.edu/cgi/i/image/api/thumb/clark1ic/99189135145006381/39015101110941_02/!250,250|https://quod.lib.umich.edu/cgi/i/image/api/manifest/clark1ic:99189135145006381:39015101110941_02",2026-09-07T13:44:03.455652+00:00,nanoid
um_WenZwxSy0NzQ,"oai:quod.lib.umich.edu:IC-CLARK1IC-X-99189135147006381%5D39015101110891_01|http://name.umdl.umich.edu/IC-CLARK1IC-X-99189135147006381%5D39015101110891_01|https://quod.lib.umich.edu/cgi/i/image/api/thumb/clark1ic/99189135147006381/39015101110891_01/!250,250|https://quod.lib.umich.edu/cgi/i/image/api/manifest/clark1ic:99189135147006381:39015101110891_01|99189135147006381|oai:quod.lib.umich.edu:IC-CLARK1IC-X-99189135147006381%5D39015101110891_02|http://name.umdl.umich.edu/IC-CLARK1IC-X-99189135147006381%5D39015101110891_02|https://quod.lib.umich.edu/cgi/i/image/api/thumb/clark1ic/99189135147006381/39015101110891_02/!250,250|https://quod.lib.umich.edu/cgi/i/image/api/manifest/clark1ic:99189135147006381:39015101110891_02|oai:quod.lib.umich.edu:IC-CLARK1IC-X-99189135147006381%5D39015101111048_01|http://name.umdl.umich.edu/IC-CLARK1IC-X-99189135147006381%5D39015101111048_01|https://quod.lib.umich.edu/cgi/i/image/api/thumb/clark1ic/99189135147006381/39015101111048_01/!250,250|https://quod.lib.umich.edu/cgi/i/image/api/manifest/clark1ic:99189135147006381:39015101111048_01|oai:quod.lib.umich.edu:IC-CLARK1IC-X-99189135147006381%5D39015101111048_02|http://name.umdl.umich.edu/IC-CLARK1IC-X-99189135147006381%5D39015101111048_02|https://quod.lib.umich.edu/cgi/i/image/api/thumb/clark1ic/99189135147006381/39015101111048_02/!250,250|https://quod.lib.umich.edu/cgi/i/image/api/manifest/clark1ic:99189135147006381:39015101111048_02",2026-09-07T13:44:03.455652+00:00,nanoid
um_2YDIu8ScDU8Y,"oai:quod.lib.umich.edu:IC-CLARK1IC-X-99189135175406381%5D39015101111113_01|http://name.umdl.umich.edu/IC-CLARK1IC-X-99189135175406381%5D39015101111113_01|https://quod.lib.umich.edu/cgi/i/image/api/thumb/clark1ic/99189135175406381/39015101111113_01/!250,250|https://quod.lib.umich.edu/cgi/i/image/api/manifest/clark1ic:99189135175406381:39015101111113_01|99189135175406381|oai:quod.lib.umich.edu:IC-CLARK1IC-X-99189135175406381%5D39015101111113_02|http://name.umdl.umich.edu/IC-CLARK1IC-X-99189135175406381%5D39015101111113_02|https://quod.lib.umich.edu/cgi/i/image/api/thumb/clark1ic/99189135175406381/39015101111113_02/!250,250|https://quod.lib.umich.edu/cgi/i/image/api/manifest/clark1ic:99189135175406381:39015101111113_02|oai:quod.lib.umich.edu:IC-CLARK1IC-X-99189135175406381%5D39015101111121_01|http://name.umdl.umich.edu/IC-CLARK1IC-X-99189135175406381%5D39015101111121_01|https://quod.lib.umich.edu/cgi/i/image/api/thumb/clark1ic/99189135175406381/39015101111121_01/!250,250|https://quod.lib.umich.edu/cgi/i/image/api/manifest/clark1ic:99189135175406381:39015101111121_01|oai:quod.lib.umich.edu:IC-CLARK1IC-X-99189135175406381%5D39015101111121_02|http://name.umdl.umich.edu/IC-CLARK1IC-X-99189135175406381%5D39015101111121_02|https://quod.lib.umich.edu/cgi/i/image/api/thumb/clark1ic/99189135175406381/39015101111121_02/!250,250|https://quod.lib.umich.edu/cgi/i/image/api/manifest/clark1ic:99189135175406381:39015101111121_02|oai:quod.lib.umich.edu:IC-CLARK1IC-X-99189135175406381%5D39015101111279_01|http://name.umdl.umich.edu/IC-CLARK1IC-X-99189135175406381%5D39015101111279_01|https://quod.lib.umich.edu/cgi/i/image/api/thumb/clark1ic/99189135175406381/39015101111279_01/!250,250|https://quod.lib.umich.edu/cgi/i/image/api/manifest/clark1ic:99189135175406381:39015101111279_01|oai:quod.lib.umich.edu:IC-CLARK1IC-X-99189135175406381%5D39015101111279_02|http://name.umdl.umich.edu/IC-CLARK1IC-X-99189135175406381%5D39015101111279_02|https://quod.lib.umich.edu/cgi/i/image/api/thumb/clark1ic/99189135175406381/39015101111279_02/!250,250|https://quod.lib.umich.edu/cgi/i/image/api/manifest/clark1ic:99189135175406381:39015101111279_02",2026-09-07T13:44:03.455652+00:00,nanoid
um_agqwtH5A9tFO,"oai:quod.lib.umich.edu:IC-CLARK1IC-X-99189138049106381%5D39015101111451_01|http://name.umdl.umich.edu/IC-CLARK1IC-X-99189138049106381%5D39015101111451_01|https://quod.lib.umich.edu/cgi/i/image/api/thumb/clark1ic/99189138049106381/39015101111451_01/!250,250|https://quod.lib.umich.edu/cgi/i/image/api/manifest/clark1ic:99189138049106381:39015101111451_01|99189138049106381|oai:quod.lib.umich.edu:IC-CLARK1IC-X-99189138049106381%5D39015101111451_02|http://name.umdl.umich.edu/IC-CLARK1IC-X-99189138049106381%5D39015101111451_02|https://quod.lib.umich.edu/cgi/i/image/api/thumb/clark1ic/99189138049106381/39015101111451_02/!250,250|https://quod.lib.umich.edu/cgi/i/image/api/manifest/clark1ic:99189138049106381:39015101111451_02",2026-09-07T13:44:03.455652+00:00,nanoid
um_GQLr6Mcg5Y4Z,"oai:quod.lib.umich.edu:IC-CLARK1IC-X-99189138049706381%5D39015101111147_01|http://name.umdl.umich.edu/IC-CLARK1IC-X-99189138049706381%5D39015101111147_01|https://quod.lib.umich.edu/cgi/i/image/api/thumb/clark1ic/99189138049706381/39015101111147_01/!250,250|https://quod.lib.umich.edu/cgi/i/image/api/manifest/clark1ic:99189138049706381:39015101111147_01|99189138049706381|oai:quod.lib.umich.edu:IC-CLARK1IC-X-99189138049706381%5D39015101111147_02|http://name.umdl.umich.edu/IC-CLARK1IC-X-99189138049706381%5D39015101111147_02|https://quod.lib.umich.edu/cgi/i/image/api/thumb/clark1ic/99189138049706381/39015101111147_02/!250,250|https://quod.lib.umich.edu/cgi/i/image/api/manifest/clark1ic:99189138049706381:39015101111147_02",2026-09-07T13:44:03.455652+00:00,nanoid
um_8Ub5cGwC5pLA,"oai:quod.lib.umich.edu:IC-CLARK1IC-X-99189138050606381%5D39015101111295_01|http://name.umdl.umich.edu/IC-CLARK1IC-X-99189138050606381%5D39015101111295_01|https://quod.lib.umich.edu/cgi/i/image/api/thumb/clark1ic/99189138050606381/39015101111295_01/!250,250|https://quod.lib.umich.edu/cgi/i/image/api/manifest/clark1ic:99189138050606381:39015101111295_01|99189138050606381|oai:quod.lib.umich.edu:IC-CLARK1IC-X-99189138050606381%5D39015101111295_02|http://name.umdl.umich.edu/IC-CLARK1IC-X-99189138050606381%5D39015101111295_02|https://quod.lib.umich.edu/cgi/i/image/api/thumb/clark1ic/99189138050606381/39015101111295_02/!250,250|https://quod.lib.umich.edu/cgi/i/image/api/manifest/clark1ic:99189138050606381:39015101111295_02",2026-09-07T13:44:03.455652+00:00,nanoid
um_9uFGyqEtiCdX,"oai:quod.lib.umich.edu:IC-CLARK1IC-X-99189138052506381%5D39015101111444_01|http://name.umdl.umich.edu/IC-CLARK1IC-X-99189138052506381%5D39015101111444_01|https://quod.lib.umich.edu/cgi/i/image/api/thumb/clark1ic/99189138052506381/39015101111444_01/!250,250|https://quod.lib.umich.edu/cgi/i/image/api/manifest/clark1ic:99189138052506381:39015101111444_01|99189138052506381|oai:quod.lib.umich.edu:IC-CLARK1IC-X-99189138052506381%5D39015101111444_02|http://name.umdl.umich.edu/IC-CLARK1IC-X-99189138052506381%5D39015101111444_02|https://quod.lib.umich.edu/cgi/i/image/api/thumb/clark1ic/99189138052506381/39015101111444_02/!250,250|https://quod.lib.umich.edu/cgi/i/image/api/manifest/clark1ic:99189138052506381:39015101111444_02",2026-09-07T13:44:03.455652+00:00,nanoid
um_ifcKg1WFM1Jj,"oai:quod.lib.umich.edu:IC-CLARK1IC-X-99189138064906381%5D39015101111139_01|http://name.umdl.umich.edu/IC-CLARK1IC-X-99189138064906381%5D39015101111139_01|https://quod.lib.umich.edu/cgi/i/image/api/thumb/clark1ic/99189138064906381/39015101111139_01/!250,250|https://quod.lib.umich.edu/cgi/i/image/api/manifest/clark1ic:99189138064906381:39015101111139_01|99189138064906381|oai:quod.lib.umich.edu:IC-CLARK1IC-X-99189138064906381%5D39015101111139_02|http://name.umdl.umich.edu/IC-CLARK1IC-X-99189138064906381%5D39015101111139_02|https://quod.lib.umich.edu/cgi/i/image/api/thumb/clark1ic/99189138064906381/39015101111139_02/!250,250|https://quod.lib.umich.edu/cgi/i/image/api/manifest/clark1ic:99189138064906381:39015101111139_02",2026-09-07T13:44:03.455652+00:00,nanoid
um_wjS4PQ0A6Hy5,"oai:quod.lib.umich.edu:IC-CLARK1IC-X-99189138067006381%5D39015101111287_01|http://name.umdl.umich.edu/IC-CLARK1IC-X-99189138067006381%5D39015101111287_01|https://quod.lib.umich.edu/cgi/i/image/api/thumb/clark1ic/99189138067006381/39015101111287_01/!250,250|https://quod.lib.umich.edu/cgi/i/image/api/manifest/clark1ic:99189138067006381:39015101111287_01|99189138067006381|oai:quod.lib.umich.edu:IC-CLARK1IC-X-99189138067006381%5D39015101111287_02|http://name.umdl.umich.edu/IC-CLARK1IC-X-99189138067006381%5D39015101111287_02|https://quod.lib.umich.edu/cgi/i/image/api/thumb/clark1ic/99189138067006381/39015101111287_02/!250,250|https://quod.lib.umich.edu/cgi/i/image/api/manifest/clark1ic:99189138067006381:39015101111287_02",2026-09-07T13:44:03.455652+00:00,nanoid
um_276I7NEZgjYm,"oai:quod.lib.umich.edu:IC-CLARK1IC-X-99189138070606381%5D39015101111436_01|http://name.umdl.umich.edu/IC-CLARK1IC-X-99189138070606381%5D39015101111436_01|https://quod.lib.umich.edu/cgi/i/image/api/thumb/clark1ic/99189138070606381/39015101111436_01/!250,250|https://quod.lib.umich.edu/cgi/i/image/api/manifest/clark1ic:99189138070606381:39015101111436_01|99189138070606381|oai:quod.lib.umich.edu:IC-CLARK1IC-X-99189138070606381%5D39015101111436_02|http://name.umdl.umich.edu/IC-CLARK1IC-X-99189138070606381%5D39015101111436_02|https://quod.lib.umich.edu/cgi/i/image/api/thumb/clark1ic/99189138070606381/39015101111436_02/!250,250|https://quod.lib.umich.edu/cgi/i/image/api/manifest/clark1ic:99189138070606381:39015101111436_02",2026-09-07T13:44:03.455652+00:00,nanoid
um_ZAm0CZTJuZWX,"oai:quod.lib.umich.edu:IC-CLARK1IC-X-99189154415506381%5D39015101111352_01|http://name.umdl.umich.edu/IC-CLARK1IC-X-99189154415506381%5D39015101111352_01|https://quod.lib.umich.edu/cgi/i/image/api/thumb/clark1ic/99189154415506381/39015101111352_01/!250,250|https://quod.lib.umich.edu/cgi/i/image/api/manifest/clark1ic:99189154415506381:39015101111352_01|99189154415506381|oai:quod.lib.umich.edu:IC-CLARK1IC-X-99189154415506381%5D39015101111352_02|http://name.umdl.umich.edu/IC-CLARK1IC-X-99189154415506381%5D39015101111352_02|https://quod.lib.umich.edu/cgi/i/image/api/thumb/clark1ic/99189154415506381/39015101111352_02/!250,250|https://quod.lib.umich.edu/cgi/i/image/api/manifest/clark1ic:99189154415506381:39015101111352_02",2026-09-07T13:44:03.455652+00:00,nanoid
um_Ww7uWL6RmFwW,"oai:quod.lib.umich.edu:IC-CLARK1IC-X-99189154419006381%5D39015101111501_01|http://name.umdl.umich.edu/IC-CLARK1IC-X-99189154419006381%5D39015101111501_01|https://quod.lib.umich.edu/cgi/i/image/api/thumb/clark1ic/99189154419006381/39015101111501_01/!250,250|https://quod.lib.umich.edu/cgi/i/image/api/manifest/clark1ic:99189154419006381:39015101111501_01|99189154419006381|oai:quod.lib.umich.edu:IC-CLARK1IC-X-99189154419006381%5D39015101111501_02|http://name.umdl.umich.edu/IC-CLARK1IC-X-99189154419006381%5D39015101111501_02|https://quod.lib.umich.edu/cgi/i/image/api/thumb/clark1ic/99189154419006381/39015101111501_02/!250,250|https://quod.lib.umich.edu/cgi/i/image/api/manifest/clark1ic:99189154419006381:39015101111501_02",2026-09-07T13:44:03.455652+00:00,nanoid
um_lTy11n7jopkF,"oai:quod.lib.umich.edu:IC-CLARK1IC-X-99189154420806381%5D39015101111493_01|http://name.umdl.umich.edu/IC-CLARK1IC-X-99189154420806381%5D39015101111493_01|https://quod.lib.umich.edu/cgi/i/image/api/thumb/clark1ic/99189154420806381/39015101111493_01/!250,250|https://quod.lib.umich.edu/cgi/i/image/api/manifest/clark1ic:99189154420806381:39015101111493_01|99189154420806381|oai:quod.lib.umich.edu:IC-CLARK1IC-X-99189154420806381%5D39015101111493_02|http://name.umdl.umich.edu/IC-CLARK1IC-X-99189154420806381%5D39015101111493_02|https://quod.lib.umich.edu/cgi/i/image/api/thumb/clark1ic/99189154420806381/39015101111493_02/!250,250|https://quod.lib.umich.edu/cgi/i/image/api/manifest/clark1ic:99189154420806381:39015101111493_02",2026-09-07T13:44:03.455652+00:00,nanoid
um_IP6FlZkDrqkg,"oai:quod.lib.umich.edu:IC-CLARK1IC-X-99189154421106381%5D39015101111345_01|http://name.umdl.umich.edu/IC-CLARK1IC-X-99189154421106381%5D39015101111345_01|https://quod.lib.umich.edu/cgi/i/image/api/thumb/clark1ic/99189154421106381/39015101111345_01/!250,250|https://quod.lib.umich.edu/cgi/i/image/api/manifest/clark1ic:99189154421106381:39015101111345_01|99189154421106381|oai:quod.lib.umich.edu:IC-CLARK1IC-X-99189154421106381%5D39015101111345_02|http://name.umdl.umich.edu/IC-CLARK1IC-X-99189154421106381%5D39015101111345_02|https://quod.lib.umich.edu/cgi/i/image/api/thumb/clark1ic/99189154421106381/39015101111345_02/!250,250|https://quod.lib.umich.edu/cgi/i/image/api/manifest/clark1ic:99189154421106381:39015101111345_02",2026-09-07T13:44:03.455652+00:00,nanoid
um_3xC7iKlOsNnb,"oai:quod.lib.umich.edu:IC-CLARK1IC-X-99189163702606381%5D39015101108796_01|http://name.umdl.umich.edu/IC-CLARK1IC-X-99189163702606381%5D39015101108796_01|https://quod.lib.umich.edu/cgi/i/image/api/thumb/clark1ic/99189163702606381/39015101108796_01/!250,250|https://quod.lib.umich.edu/cgi/i/image/api/manifest/clark1ic:99189163702606381:39015101108796_01|99189163702606381|oai:quod.lib.umich.edu:IC-CLARK1IC-X-99189163702606381%5D39015101108796_02|http://name.umdl.umich.edu/IC-CLARK1IC-X-99189163702606381%5D39015101108796_02|https://quod.lib.umich.edu/cgi/i/image/api/thumb/clark1ic/99189163702606381/39015101108796_02/!250,250|https://quod.lib.umich.edu/cgi/i/image/api/manifest/clark1ic:99189163702606381:39015101108796_02",2026-09-07T13:44:03.455652+00:00,nanoid
um_TSxKDkAO75Pj,"oai:quod.lib.umich.edu:IC-CLARK1IC-X-99189163704106381%5D39015101111238_01|http://name.umdl.umich.edu/IC-CLARK1IC-X-99189163704106381%5D39015101111238_01|https://quod.lib.umich.edu/cgi/i/image/api/thumb/clark1ic/99189163704106381/39015101111238_01/!250,250|https://quod.lib.umich.edu/cgi/i/image/api/manifest/clark1ic:99189163704106381:39015101111238_01|99189163704106381|oai:quod.lib.umich.edu:IC-CLARK1IC-X-99189163704106381%5D39015101111238_02|http://name.umdl.umich.edu/IC-CLARK1IC-X-99189163704106381%5D39015101111238_02|https://quod.lib.umich.edu/cgi/i/image/api/thumb/clark1ic/99189163704106381/39015101111238_02/!250,250|https://quod.lib.umich.edu/cgi/i/image/api/manifest/clark1ic:99189163704106381:39015101111238_02",2026-09-07T13:44:03.455652+00:00,nanoid
um_r8pUcGXytYSE,"oai:quod.lib.umich.edu:IC-CLARK1IC-X-99189163712406381%5D39015101111386_01|http://name.umdl.umich.edu/IC-CLARK1IC-X-99189163712406381%5D39015101111386_01|https://quod.lib.umich.edu/cgi/i/image/api/thumb/clark1ic/99189163712406381/39015101111386_01/!250,250|https://quod.lib.umich.edu/cgi/i/image/api/manifest/clark1ic:99189163712406381:39015101111386_01|99189163712406381|oai:quod.lib.umich.edu:IC-CLARK1IC-X-99189163712406381%5D39015101111386_02|http://name.umdl.umich.edu/IC-CLARK1IC-X-99189163712406381%5D39015101111386_02|https://quod.lib.umich.edu/cgi/i/image/api/thumb/clark1ic/99189163712406381/39015101111386_02/!250,250|https://quod.lib.umich.edu/cgi/i/image/api/manifest/clark1ic:99189163712406381:39015101111386_02",2026-09-07T13:44:03.455652+00:00,nanoid
um_Uw1Hwq9sNMiY,"oai:quod.lib.umich.edu:IC-CLARK1IC-X-99189163713906381%5D39015101111535_01|http://name.umdl.umich.edu/IC-CLARK1IC-X-99189163713906381%5D39015101111535_01|https://quod.lib.umich.edu/cgi/i/image/api/thumb/clark1ic/99189163713906381/39015101111535_01/!250,250|https://quod.lib.umich.edu/cgi/i/image/api/manifest/clark1ic:99189163713906381:39015101111535_01|99189163713906381|oai:quod.lib.umich.edu:IC-CLARK1IC-X-99189163713906381%5D39015101111535_02|http://name.umdl.umich.edu/IC-CLARK1IC-X-99189163713906381%5D39015101111535_02|https://quod.lib.umich.edu/cgi/i/image/api/thumb/clark1ic/99189163713906381/39015101111535_02/!250,250|https://quod.lib.umich.edu/cgi/i/image/api/manifest/clark1ic:99189163713906381:39015101111535_02",2026-09-07T13:44:03.455652+00:00,nanoid
um_YmVtgWy2LkxU,"oai:quod.lib.umich.edu:IC-CLARK1IC-X-99189163714606381%5D39015101111527_01|http://name.umdl.umich.edu/IC-CLARK1IC-X-99189163714606381%5D39015101111527_01|https://quod.lib.umich.edu/cgi/i/image/api/thumb/clark1ic/99189163714606381/39015101111527_01/!250,250|https://quod.lib.umich.edu/cgi/i/image/api/manifest/clark1ic:99189163714606381:39015101111527_01|99189163714606381|oai:quod.lib.umich.edu:IC-CLARK1IC-X-99189163714606381%5D39015101111527_02|http://name.umdl.umich.edu/IC-CLARK1IC-X-99189163714606381%5D39015101111527_02|https://quod.lib.umich.edu/cgi/i/image/api/thumb/clark1ic/99189163714606381/39015101111527_02/!250,250|https://quod.lib.umich.edu/cgi/i/image/api/manifest/clark1ic:99189163714606381:39015101111527_02",2026-09-07T13:44:03.455652+00:00,nanoid
um_5nZR13OzZc04,"oai:quod.lib.umich.edu:IC-CLARK1IC-X-99189163715306381%5D39015101111378_01|http://name.umdl.umich.edu/IC-CLARK1IC-X-99189163715306381%5D39015101111378_01|https://quod.lib.umich.edu/cgi/i/image/api/thumb/clark1ic/99189163715306381/39015101111378_01/!250,250|https://quod.lib.umich.edu/cgi/i/image/api/manifest/clark1ic:99189163715306381:39015101111378_01|99189163715306381|oai:quod.lib.umich.edu:IC-CLARK1IC-X-99189163715306381%5D39015101111378_02|http://name.umdl.umich.edu/IC-CLARK1IC-X-99189163715306381%5D39015101111378_02|https://quod.lib.umich.edu/cgi/i/image/api/thumb/clark1ic/99189163715306381/39015101111378_02/!250,250|https://quod.lib.umich.edu/cgi/i/image/api/manifest/clark1ic:99189163715306381:39015101111378_02",2026-09-07T13:44:03.455652+00:00,nanoid
um_DKueuKrHSI9w,"oai:quod.lib.umich.edu:IC-CLARK1IC-X-99189182210306381%5D39015101109166_01|http://name.umdl.umich.edu/IC-CLARK1IC-X-99189182210306381%5D39015101109166_01|https://quod.lib.umich.edu/cgi/i/image/api/thumb/clark1ic/99189182210306381/39015101109166_01/!250,250|https://quod.lib.umich.edu/cgi/i/image/api/manifest/clark1ic:99189182210306381:39015101109166_01|99189182210306381|oai:quod.lib.umich.edu:IC-CLARK1IC-X-99189182210306381%5D39015101109166_02|http://name.umdl.umich.edu/IC-CLARK1IC-X-99189182210306381%5D39015101109166_02|https://quod.lib.umich.edu/cgi/i/image/api/thumb/clark1ic/99189182210306381/39015101109166_02/!250,250|https://quod.lib.umich.edu/cgi/i/image/api/manifest/clark1ic:99189182210306381:39015101109166_02",2026-09-07T13:44:03.455652+00:00,nanoid
um_ERx8wJu1g05r,"oai:quod.lib.umich.edu:IC-CLARK1IC-X-99189182215006381%5D39015101111543_01|http://name.umdl.umich.edu/IC-CLARK1IC-X-99189182215006381%5D39015101111543_01|https://quod.lib.umich.edu/cgi/i/image/api/thumb/clark1ic/99189182215006381/39015101111543_01/!250,250|https://quod.lib.umich.edu/cgi/i/image/api/manifest/clark1ic:99189182215006381:39015101111543_01|99189182215006381|oai:quod.lib.umich.edu:IC-CLARK1IC-X-99189182215006381%5D39015101111543_02|http://name.umdl.umich.edu/IC-CLARK1IC-X-99189182215006381%5D39015101111543_02|https://quod.lib.umich.edu/cgi/i/image/api/thumb/clark1ic/99189182215006381/39015101111543_02/!250,250|https://quod.lib.umich.edu/cgi/i/image/api/manifest/clark1ic:99189182215006381:39015101111543_02",2026-09-07T13:44:03.455652+00:00,nanoid
um_1zulvlflJ3DF,"oai:quod.lib.umich.edu:IC-CLARK1IC-X-99189182217606381%5D39015101111394_01|http://name.umdl.umich.edu/IC-CLARK1IC-X-99189182217606381%5D39015101111394_01|https://quod.lib.umich.edu/cgi/i/image/api/thumb/clark1ic/99189182217606381/39015101111394_01/!250,250|https://quod.lib.umich.edu/cgi/i/image/api/manifest/clark1ic:99189182217606381:39015101111394_01|99189182217606381|oai:quod.lib.umich.edu:IC-CLARK1IC-X-99189182217606381%5D39015101111394_02|http://name.umdl.umich.edu/IC-CLARK1IC-X-99189182217606381%5D39015101111394_02|https://quod.lib.umich.edu/cgi/i/image/api/thumb/clark1ic/99189182217606381/39015101111394_02/!250,250|https://quod.lib.umich.edu/cgi/i/image/api/manifest/clark1ic:99189182217606381:39015101111394_02",2026-09-07T13:44:03.455652+00:00,nanoid
um_l1Wj1QAfSohR,"oai:quod.lib.umich.edu:IC-CLARK1IC-X-99189182217806381%5D39015101111246_01|http://name.umdl.umich.edu/IC-CLARK1IC-X-99189182217806381%5D39015101111246_01|https://quod.lib.umich.edu/cgi/i/image/api/thumb/clark1ic/99189182217806381/39015101111246_01/!250,250|https://quod.lib.umich.edu/cgi/i/image/api/manifest/clark1ic:99189182217806381:39015101111246_01|99189182217806381|oai:quod.lib.umich.edu:IC-CLARK1IC-X-99189182217806381%5D39015101111246_02|http://name.umdl.umich.edu/IC-CLARK1IC-X-99189182217806381%5D39015101111246_02|https://quod.lib.umich.edu/cgi/i/image/api/thumb/clark1ic/99189182217806381/39015101111246_02/!250,250|https://quod.lib.umich.edu/cgi/i/image/api/manifest/clark1ic:99189182217806381:39015101111246_02",2026-09-07T13:44:03.455652+00:00,nanoid
um_BRmK4iDVTs08,"oai:quod.lib.umich.edu:IC-CLARK1IC-X-99189186695206381%5D39015101109174_01|http://name.umdl.umich.edu/IC-CLARK1IC-X-99189186695206381%5D39015101109174_01|https://quod.lib.umich.edu/cgi/i/image/api/thumb/clark1ic/99189186695206381/39015101109174_01/!250,250|https://quod.lib.umich.edu/cgi/i/image/api/manifest/clark1ic:99189186695206381:39015101109174_01|99189186695206381|oai:quod.lib.umich.edu:IC-CLARK1IC-X-99189186695206381%5D39015101109174_02|http://name.umdl.umich.edu/IC-CLARK1IC-X-99189186695206381%5D39015101109174_02|https://quod.lib.umich.edu/cgi/i/image/api/thumb/clark1ic/99189186695206381/39015101109174_02/!250,250|https://quod.lib.umich.edu/cgi/i/image/api/manifest/clark1ic:99189186695206381:39015101109174_02",2026-09-07T13:44:03.455652+00:00,nanoid
um_bH8forkCpQGA,"oai:quod.lib.umich.edu:IC-CLARK1IC-X-99189186695506381%5D39015101108697_01|http://name.umdl.umich.edu/IC-CLARK1IC-X-99189186695506381%5D39015101108697_01|https://quod.lib.umich.edu/cgi/i/image/api/thumb/clark1ic/99189186695506381/39015101108697_01/!250,250|https://quod.lib.umich.edu/cgi/i/image/api/manifest/clark1ic:99189186695506381:39015101108697_01|99189186695506381|oai:quod.lib.umich.edu:IC-CLARK1IC-X-99189186695506381%5D39015101108697_02|http://name.umdl.umich.edu/IC-CLARK1IC-X-99189186695506381%5D39015101108697_02|https://quod.lib.umich.edu/cgi/i/image/api/thumb/clark1ic/99189186695506381/39015101108697_02/!250,250|https://quod.lib.umich.edu/cgi/i/image/api/manifest/clark1ic:99189186695506381:39015101108697_02",2026-09-07T13:44:03.455652+00:00,nanoid
um_KJvBcV5Xfg3v,"oai:quod.lib.umich.edu:IC-CLARK1IC-X-99189186696306381%5D39015101108689_01|http://name.umdl.umich.edu/IC-CLARK1IC-X-99189186696306381%5D39015101108689_01|https://quod.lib.umich.edu/cgi/i/image/api/thumb/clark1ic/99189186696306381/39015101108689_01/!250,250|https://quod.lib.umich.edu/cgi/i/image/api/manifest/clark1ic:99189186696306381:39015101108689_01|99189186696306381|oai:quod.lib.umich.edu:IC-CLARK1IC-X-99189186696306381%5D39015101108689_02|http://name.umdl.umich.edu/IC-CLARK1IC-X-99189186696306381%5D39015101108689_02|https://quod.lib.umich.edu/cgi/i/image/api/thumb/clark1ic/99189186696306381/39015101108689_02/!250,250|https://quod.lib.umich.edu/cgi/i/image/api/manifest/clark1ic:99189186696306381:39015101108689_02",2026-09-07T13:44:03.455652+00:00,nanoid
