ID,Creator,Creator ID,Resource Type,Temporal Coverage,Date Issued,Date Range,Spatial Coverage,Bounding Box,GeoNames,Date Accessioned,Tags
d6684a2a-f3e1-4492-8b5d-b399bf4f6553,,,Pictorial maps,between 1930 and 1939,n.d.,1930-1939,United States,"-124.98,22.61,-67.18,49.31",http://sws.geonames.org/6252001,2021-04-16,sprint-2021-05|202212bbox|sprint-2021-05
f9eb8493-32ab-4ede-8330-9286846eee0d,"Maury, Matthew Fontaine, 1806-1873|Morris, Charles, 1784-1856|W. Endicott & Co.|Wyman, R. H. (Robert Harris), 1822-1882",fst00127498|fst00240427|fst00519942|null,Thematic maps|World maps,approximately 1853,1853,1853-1853,World,"-179.99,-89.99,179.99,89.99",,2019-01-16,sprint-mar2020|2022-creator-sprint|-180TO180|sprint-2021-05
c5b43fd8-0030-4089-80df-b692e6bda8b2,,,Pictorial maps|Thematic maps,1937,1937,1937-1937,Washington--Grand Coulee|Washington,"-119.020,47.931,-118.985,47.951",http://sws.geonames.org/5795924,2021-04-16,sprint-2021-05|202212bbox|sprint-2021-05
9eccb622-8fe3-4f94-9a5c-e166585eb597,Oregon Railway and Navigation Company,fst00627488,,1898,,1898-1898,Oregon--Pacific Northwest,"-125.000,42.000,-116.000,49.000",,2019-01-16,2022-creator-sprint|sprint-2021-05
9139578d-7803-4f4f-9ed3-a62ab810a256,,,Pictorial maps|Thematic maps,1932,1932,1932-1932,United States,"-124.98,22.61,-67.18,49.31",http://sws.geonames.org/6252001,2021-04-16,sprint-2021-05|202212bbox|sprint-2021-05
63e55ff3-b143-44a8-8847-5ceaddcd7adb,,,Thematic maps|Pictorial maps,between 1940 and 1949,n.d.,1940-1949,Michigan--Michigan|Michigan,"-90.418,41.696,-82.413,48.239",http://sws.geonames.org/5001836,2021-04-16,sprint-2021-05|202212bbox|sprint-2021-05
c1c76490-111a-4aa4-a130-7487c757ed2b,"Cook, James, 1728-1779|Robert Sayer and John Bennett (Firm)",fst00028644|fst00543212,,,1775,1775-1775,Canada--Newfoundland and Labrador,"-61.020,46.400,-51.000,52.870",http://sws.geonames.org/6354959,2021-04-16,2022-creator-sprint|sprint-2021-05
da3c4dcc-8ec7-49d6-a435-4ddb83f8a34c,"Hondius, Hendrik, 1597-1651|Hondius, Hendrik, 1597-1651. Appendix Atlas of the British Isles and Northern Europe|Jansson, Jan, 1588-1664. Appendix Atlas of the British Isles and Northern Europe|Vignaud, Henry, 1830-1922, former owner.",fst00101029|null|null|null,Early maps,1632,1632,1632-1632,United Kingdom--England,"-0.37,52.19,0.71,52.99",,2019-01-16,2022-creator-sprint|sprint-2021-05
b15e1bd8-fc18-4d23-912e-f7328a08994b,"Brown, Amos P. (Amos Peaslee), 1864-1917|Elverson, J. S.|Lyman, Benjamin Smith, 1835-1920",fst00195561|null|fst00014808,Mine maps,1889,,1889-1889,Pennsylvania--Schuylkill County|Pennsylvania,"-76.67,40.5,-75.75,40.92",,2019-01-16,2022-creator-sprint|sprint-2021-05
dd1a85e0-dcf6-48f1-bbfb-63dc2f3c244f,I.T. Hinton & Simpkin & Marshall.,,,,1832,1832-1832,United States,"-135.120,25.000,-53.380,54.520",http://sws.geonames.org/6252001,2021-04-16,2022-creator-sprint|sprint-2021-05
57c48ea0-0186-4220-b905-98d9cc772668,Reserve Lithographing & Printing Company.,null,,,1934,1934-1934,United States,"-126.13,24.18,-66.45,49.2",http://sws.geonames.org/6252001,2021-04-16,2022-creator-sprint|sprint-2021-05
a8cdf192-692e-4913-b21b-ab9ba4cd0e16,"Collins, Jim, 1947-",fst01433947,Pictorial maps|Thematic maps,1957,1957,1957-1957,United States,"-124.98,22.61,-67.18,49.31",http://sws.geonames.org/6252001,2021-04-16,sprint-2021-05|2022-creator-sprint|202212bbox|sprint-2021-05
5d9fa8c4-175b-46fe-b452-0dfcc3927609,,,Pictorial maps,approximately 1957,1957,1957-1957,United States,"-124.98,22.61,-67.18,49.31",http://sws.geonames.org/6252001,2021-04-16,sprint-2021-05|202212bbox|sprint-2021-05
06c77fc7-1ee2-4f99-9fd6-b081524ad1b7,"Dahl, James, former owner|Moll, Herman, -1732",null|fst01835508,,1716,,1716-1716,Americas,"-126.37,-58.1,-21.93,71.38",,2019-01-16,2022-creator-sprint|sprint-2021-05
59b42ba8-fc67-4782-aae9-5c0dfec20036,"Mackenzie, Alexander, 1764-1820",fst01719440,,1801,,1801-1801,North America,"-170.000,35.000,-35.000,70.000",,2019-01-16,2022-creator-sprint|sprint-2021-05
92200365-e1d1-4db5-9e0e-0b99bf75e34b,[creator not identified],,,between 1840 and 1849,unknown,1840-1849,Michigan--Washtenaw County|Michigan,"-83.805,42.235,-83.670,42.329",,2019-01-16,bbox-verified_2023-02-27|sprint-mar2020|2022-creator-sprint|bboxSprintJune2023|sprint-2021-05
e9dd7d6a-f2bd-4587-83b1-315be1770972,"Dunn, Samuel, -1794",fst02013804,,1786,,1786-1786,Eastern Asia,"103.700,29.970,144.980,55.000",,2019-01-16,2022-creator-sprint|sprint-2021-05
ab59bb12-e411-427c-97b6-fa59cee6a37d,"Rapin de Thoyras, M. (Paul), 1661-1725|Seale, Richard William|Tindal, N. (Nicholas), 1687-1774",fst00165978|fst00001447|fst01800082,,1744,,1744-1744,North America,"-129.38,0.5,-41.35,66.83",,2019-01-16,2022-creator-sprint|sprint-2021-05
8f50e0f3-65b6-4e5e-8747-90aab925acf7,"Dahl, James, former owner|Lodge, John, -1796",null|null,,1755?,,1755-1755,Northern America,"-96.88,28.85,-51.68,52.57",,2019-01-16,2022-creator-sprint|sprint-2021-05
61f82b88-2f3a-4ea4-8fbc-373819aac641,,,,,1771,1771-1771,New England,"-74.2,40.4,-69.42,44.02",http://sws.geonames.org/8502102,2021-04-16,sprint-2021-05
13fb48c0-8398-43d3-9a72-ae33761ffbb6,"Wyld, James, 1812-1887",fst00111315,,1838,,1838-1838,Canada,"-86.37,41.42,-71.03,49.12",,2019-01-16,2022-creator-sprint|sprint-2021-05
102d7160-4c2f-4796-be6b-bdf8d27aedcc,"Arrowsmith, Aaron, 1750-1823|Dahl, James, former owner|Smith, C., mapseller",fst00182405|null|null,,"Jan 1st, 1796, additions in 1802",,1796-1796,United States of America,"-92.3,29.78,-66.2,48.95",,2019-01-16,2022-creator-sprint|sprint-2021-05
0a9c2d87-b56a-4744-bf45-5352b6522fe5,"Anville, Jean Baptiste Bourguignon d', 1697-1782|Sayer, Robert, 1725-1794",fst00061563|fst00055649,,1772,,1772-1772,North America,"-150.57,-57.27,8.48,78.87",,2019-01-16,2022-creator-sprint|sprint-2021-05
d5b6d0c1-571d-4305-a3fc-4f3d3a9ab3cf,"Lapham, Increase Allen, 1811-1875",fst00012851,,1865,,1865-1865,Wisconsin,"-93.000,42.000,-86.000,47.000",,2019-01-16,2022-creator-sprint|sprint-2021-05
20b0224f-1a55-437b-96e1-3a007d17b73c,,,,1834,1834,1834-1834,Michigan,"-90.418,41.696,-82.413,48.239",,2021-04-16,sprint-2021-05|202212bbox|sprint-2021-05
177ad2bd-a5ea-43ab-8d36-f12ada86bd4b,"Moll, Herman, -1732",fst01835508,World maps,1709,,1709-1709,World,"-179.99,-89.99,179.99,89.99",,2019-01-16,2022-creator-sprint|-180TO180|sprint-2021-05
0c732b57-2b0b-4807-bad3-40855fe9e8d3,"Bowles, John, 1701-1779|Bowles, Thomas, -1767|Moll, Herman, -1732",fst00017692|null|fst01835508,Early maps,approximately 1731,1731,1731-1731,North America,"-85.000,29.000,-54.000,56.000",,2019-01-16,2022-creator-sprint|sprint-2021-05
0529a84b-cbf6-4731-9afc-41d1e828ca17,"Hondius, Hendrik, 1597-1651|Hondius, Hendrik, 1597-1651. Appendix Atlas of the British Isles and Northern Europe|Jansson, Jan, 1588-1664. Appendix Atlas of the British Isles and Northern Europe|Pont, Timothy, 1560?-1614?|Vignaud, Henry, 1830-1922, former owner.",fst00101029|null|null|fst00006987|null,,between 1630 and 1639,,1630-1639,Scotland-- United Kingdom--Lothian,"-3.69,55.76,-2.5,56.07",,2019-01-16,2022-creator-sprint|sprint-2021-05
942c53a3-4daa-43eb-a36a-3617d5d872a3,"Lapham, Increase Allen, 1811-1875",fst00012851,Geological maps,1869,1869,1869-1869,Wisconsin,"-93.000,43.000,-87.000,47.000",,2019-01-16,sprint-mar2020|2022-creator-sprint|sprint-2021-05
69e3d99c-e8ed-490e-bbd4-768e4ee1f90b,,,Thematic maps|Tourist maps,between 1846 and 1849,1849,1846-1849,United States,"-124.98,22.61,-67.18,49.31",http://sws.geonames.org/6252001,2021-04-16,sprint-2021-05|202212bbox|sprint-2021-05
3ffb1f2e-d617-4361-bc2b-49d9ad270cad,"Dahl, James, former owner|Senex, John, -1740|Senex, John, -1740.""Harris, John, fl. ca.1685-ca. 1720 engraver.",null|null|null,Early maps,Approximately 1719,n.d.,1719-1719,Americas,"-169.3,-57.5,-34.8,72.7",,,sprint-2021-05|2022-creator-sprint|202212bbox|sprint-2021-05
3d305177-0642-4d96-ad17-5afa43c0051e,"Anville, Jean Baptiste Bourguignon d', 1697-1782",fst00061563,,1794,,1794-1794,Arabian Peninsula,"27.6,10.2,61.35,32.73",,2019-01-16,2022-creator-sprint|sprint-2021-05
4bcf807d-06e2-4ad5-bfd9-6248c0b50628,"Bumpus, John.",fst02013758,,1830,,1830-1830,England--London|England,"-0.18,51.48,0.01,51.54",http://sws.geonames.org/2643743,2019-01-16,2022-creator-sprint|sprint-2021-05
3c6782ff-3209-482f-8eec-e611d25edc75,"Brose, W. engraver|Dahl, James, former owner|Tanner, Henry Schenck, 1786-1858",null|null|fst01432799,,1839,,1839-1839,Louisiana,"-94.05,28.92,-88.82,33.02",,2019-01-16,2022-creator-sprint|sprint-2021-05
b203a749-3328-4519-900a-7a54c6750057,"Mitchell, S. Augustus (Samuel Augustus), 1792-1868",fst00012500,,1847,1847,1847-1847,Michigan,"-91.000,41.000,-82.000,48.000",,2019-01-16,sprint-mar2020|2022-creator-sprint|sprint-2021-05
44bafcf9-806c-4c19-bb89-df615c397ccb,"Burroughs, H. N.|Mitchell, S. Augustus (Samuel Augustus), 1792-1868",fst00231696|fst00012500,,1846,,1846-1846,Michigan,"-91.000,41.000,-82.000,48.000",,2019-01-16,2022-creator-sprint|sprint-2021-05
aa38a981-80a3-4952-84c6-cec50891aeed,"Burroughs, H. N.|Mitchell, S. Augustus (Samuel Augustus), 1792-1868",fst00231696|fst00012500,Early maps,1846,1846,1846-1846,Michigan,"-91.000,41.000,-82.000,48.000",,2019-01-16,2022-creator-sprint|sprint-2021-05
ae23393c-a4b9-4191-8473-ec4eef4d453a,"Mitchell, S. Augustus (Samuel Augustus), 1792-1868|Thomas, Cowperthwait & Co.",null|fst01459584,Early maps,1850,1850,1850-1850,Michigan,"-91.000,41.000,-82.000,48.000",,2019-01-16,2022-creator-sprint|sprint-2021-05
959bd021-896d-446b-aff2-80aa1a66bf73,"Dahl, James, former owner|Dawson, E. B., engineer|Tanner, Henry Schenck, 1786-1858",null|null|fst01432799,,1833,,1833-1833,Michigan,"-88.7,41.15,-82.23,48.25",,2019-01-16,2022-creator-sprint|sprint-2021-05
e6c04c3a-8eae-4823-93f7-78f3e9e09aca,"Dahl, James, former owner|Dawson, E. B., engraver|Tanner, Henry Schenck, 1786-1858",null|null|fst01432799,,1841,,1841-1841,Michigan,"-88.7,41.15,-82.23,48.25",,2019-01-16,2022-creator-sprint|sprint-2021-05
7078c0a8-cdcb-4d76-b442-43ed2a1413e7,"Dahl, James, former owner|Dawson, E. B|Tanner, Henry Schenck, 1786-1858",null|fst02013801|fst01432799,,1836,,1836-1836,Michigan,"-88.7,41.15,-82.23,48.25",,2019-01-16,2022-creator-sprint|sprint-2021-05
e1f722e5-95b8-4c95-9300-c8729280c443,"Dahl, James, former owner|Desilver, Charles|Mitchell, S. Augustus (Samuel Augustus), 1792-1868",null|null|fst00012500,,1856,,1856-1856,Michigan,"-91.000,41.000,-82.000,48.000",,2019-01-16,2022-creator-sprint|sprint-2021-05
8a641d72-e772-46d4-9df6-d7fa907553d7,"Lea, Philip, active 1683-1700|Willdey, George.",null|null,,between 1715 and 1720?,,1715-1715,United States of America,"-77.97,36.68,-69.77,43.13",,2019-01-16,2022-creator-sprint|sprint-2021-05
94114273-4e2a-41b1-a650-abb1c35bf796,"Burghers, Michael, 1647 or 1648-1727, engraver.|Wells, Edward, 1667-1727",null|fst00082082,Early maps,approximately 1700,n.d.,1700-1700,North America,"-128.7,5.55,-12.65,79.22",,2019-01-16,2022-creator-sprint|sprint-2021-05
7607de4a-836e-48a8-a034-0076a4bb1866,"Kitchin, Thomas, 1718-1784|Pownall, Thomas, 1722-1805|Sayer, Robert, 1725-1794",null|fst00052661|fst00055649,Early maps|Pictorial maps|Military maps,between 1779 and 1783,1783,1779-1783,North America,"-117.23,6.73,-43.92,54.9",,2019-01-16,2022-creator-sprint|sprint-2021-05
542505a4-e5e9-4363-b7f3-7bff9536c3fc,"Anville, Jean Baptiste Bourguignon d', 1697-1782|Laurie & Whittle",fst00061563|null,,1794,,1794-1794,Iran,"60.000,20.000,90.000,45.000",,2019-01-16,2022-creator-sprint|sprint-2021-05
aa17b9dd-96c9-45a6-8812-a3a59075713d,"Dahl, James, former owner|Harris, John, active 1680-1739 or 1740|Senex, John, -1740",null|fst01822980|null,,1719,,1719-1719,North America,"-91.87,7.15,-66.93,59.48",,2019-01-16,2022-creator-sprint|sprint-2021-05
0ca1b79e-28f8-4bd9-954b-8969819ff564,"Jefferys, Thomas, -1771|Robert Sayer and John Bennett (Firm)",fst01827000|fst00543212,,,1776,1776-1776,Canada--Quebec|Canada|Canada,"-80.95,44.27,-60.03,55.08",http://sws.geonames.org/6115047,2021-04-16,2022-creator-sprint|sprint-2021-05
befb25e9-1e60-451a-9b25-901cb51e04b3,"Faden, William, 1749-1836",fst01720291,,1790?,,1790-1790,England--London|England,"-0.16,51.49,-0.04,51.53",http://sws.geonames.org/2643743,2019-01-16,2022-creator-sprint|sprint-2021-05
4603bbe0-296a-4152-8257-c5362692f807,"Wallingford, Daniel K.",null,,,1937,1937-1937,United States,"-162.77,20.18,-57.65,64.93",http://sws.geonames.org/6252001,2021-04-16,2022-creator-sprint|sprint-2021-05
b0898389-5773-4497-ab7e-f866ac87625e,"Cartography Associates|David Rumsey Collection|Gaultier, abbé (Aloisius Edouard Camille), 1746?-1818",null|null|null,World maps,1792,,1792-1792,World,"-179.99,-89.99,179.99,89.99",,2019-01-16,2022-creator-sprint|-180TO180|sprint-2021-05
4e758ae0-dbdd-4b01-b17c-714dde638c8f,"Holland, Samuel, 1728-1801",fst00056460,,1863,,1863-1863,New York--New York|New York--New York State,"-74.02,40.7,-73.99,40.72",,2019-01-16,2022-creator-sprint|sprint-2021-05
23dc613d-7ae3-4bd3-bcb1-ef9b9f695971,"Senex, John, -1740|Senex, John, -1740. New map of London, most humbly inscrib'd to the Rt. worshipfull St. Peter Delme t. & Aldermn. of London, 1720. Revised by Ino. Senex.",null|null,,1720,1850,1720-1720,England--London|England,"-0.14,51.49,-0.06,51.53",http://sws.geonames.org/2643743,2019-01-16,sprint-mar2020|2022-creator-sprint|sprint-2021-05
21a96d32-1bd4-49e0-8e11-382b74b7d9fe,Florida. Office of the Surveyor General,fst00552291,,1855,,1855-1855,Florida,"-87.500,24.500,-80.000,31.000",,2019-01-16,2022-creator-sprint|sprint-2021-05
2769ab8b-5b4e-43df-b777-45f892ea7d94,"Florida. Office of the Surveyor General|McClelland, D.",fst00552291|fst01480369,,1848,,1848-1848,Florida,"-87.630,24.520,-80.020,31.000",,2019-01-16,2022-creator-sprint|sprint-2021-05
74bc43a2-2706-4049-bf02-6c5e82a0ac86,,,Thematic maps,between 1880 and 1890,1880,1880-1889,North America,"-79.524,38.615,-63.703,49.288",http://sws.geonames.org/6255149,2021-04-16,202212bbox|sprint-2021-05
6424cb17-c8da-48b3-944d-2f5ce8cbab14,Century Company,fst00555750,,1897,1897,1897-1897,Central Africa,"4.92,-11.57,44.47,12.55",,2019-01-16,sprint-2021-05|2022-creator-sprint|202212bbox|sprint-2021-05
4064efb1-fc12-4768-91c2-4fc059dc0d45,"Schneider, Adam Gottlieb, 1745-1815.",,,1794,,1794-1794,Africa,"-26.000,-35.000,60.000,37.000",,2019-01-16,2022-creator-sprint|sprint-2021-05
6c4f0f73-1225-4c1f-9b78-f646162ef408,"Colton, G. Woolworth (George Woolworth), 1827-1901",fst01459585,,1855,,1855-1855,Africa,"17.000,-3.000,66.000,43.000",,2019-01-16,2022-creator-sprint|sprint-2021-05
c93bff71-a43b-43d4-bfef-273f0528df99,"Colton, G. Woolworth (George Woolworth), 1827-1901",fst01459585,,1855,,1855-1855,Northern Africa,"-28.000,-3.000,17.000,43.000",,2019-01-16,2022-creator-sprint|sprint-2021-05
0d67076a-dcc5-4c5c-9450-3198dbd5116a,"Blaeu, Willem Janszoon, 1571-1638",fst00050858,,approximately 1642,,1642-1642,,"-26.58,-37.53,60.55,39.22",,2019-01-16,2022-creator-sprint|sprint-2021-05
36c8bbdd-df33-45d5-96ca-0bdc4b1997c3,"Colton, G. Woolworth (George Woolworth), 1827-1901",fst01459585,,1855,,1855-1855,Africa,"7.000,-36.000,53.000,0.000",,2019-01-16,2022-creator-sprint|sprint-2021-05
5afef527-ec44-4a76-b9dc-ad73294e971a,"Blaeu, Willem Janszoon, 1571-1638",fst00050858,,approximately 1643,,1643-1643,Africa,"-34.1,-39.12,66.03,40.08",,2019-01-16,2022-creator-sprint|sprint-2021-05
0a681f83-701a-4f0f-be92-63253d6050b3,"Hondius, Jodocus, 1594 or 1595-1629, cartographer|Jansson, Jan, 1588-1664|Jansson, Jan, 1588-1664. Atlantis Maioris Appendix, 1630|Vignaud, Henry, 1830-1922, former owner.",null|fst00012480|null|null,,1630,,1630-1630,Africa,"-26.58,-34.97,60.55,37.95",,2019-01-16,2022-creator-sprint|sprint-2021-05
ecf09765-a59b-42af-8bb4-06a339013081,"Reichard, Christian Gottlieb, 1758-1837|Stieler, Adolf, 1775-1836",null|fst01484988,,1820,,1820-1820,Africa,"-71.020,-41.870,58.380,48.000",,2019-01-16,2022-creator-sprint|sprint-2021-05
8d6e6ebc-444b-4c21-864d-3f3c6563df7c,[creator not identified],,,approximately 1839,1839,1839-1839,Africa,"-30.000,-36.000,60.000,40.000",,2019-01-16,sprint-mar2020|2022-creator-sprint|sprint-2021-05
845fa2d2-807d-4636-8a71-19a6cc690ea0,France. Comité des travaux historiques et scientifiques|Mappemonde Portugaise anonyme de 1502.,fst00570436|null,Early maps,1502,1886,1502-1502,Africa,"-30.35,-47.7,62.17,38.63",,2019-01-16,sprint-mar2020|2022-creator-sprint|sprint-2021-05
7f660796-5a9c-4999-9638-da393b1e2749,"Poirson, J. B. (Jean Baptiste), 1760-1831|Tardieu, Jean Baptiste Pierre, 1746-1816, engraver.",null|null,,1809,,1809-1809,Africa,"-27.120,-35.000,64.920,38.420",,2019-01-16,2022-creator-sprint|sprint-2021-05
c6f44b88-c6e6-4379-ba90-3ce4a9a9167d,"Du Tralage, Jean Nicolas, -1699|Nolin, Jean Baptiste, 1648-1708",null|null,,1704,,1704-1704,Africa,"-26.58,-37.53,60.55,39.7",,2019-01-16,2022-creator-sprint|sprint-2021-05
deed002a-b87c-4fd0-9533-f8bfeb32cfc4,"Lapie, M. (Pierre), 1779-1850",,,1809,,1809-1809,Africa,"-20.000,-5.000,60.000,45.000",,2019-01-16,2022-creator-sprint|sprint-2021-05
e0a20167-34f2-496a-a3db-819b2c86ff89,"Jansson, Jan, 1588-1664. Appendix Atlas|La Guillotiere, François de.|Vignaud, Henry, 1830-1922, former owner.",null|null|null,Early maps,approximately 1636,1636?,1636-1636,France--Île-de-France|France--Île-de-France|France,"1.446,48.120,3.559,49.241",http://sws.geonames.org/3012874,2021-04-16,sprint-2021-05|2022-creator-sprint|202212bbox|sprint-2021-05
1e03a784-8240-4952-8665-3a80ab641432,,,,,1844,1844-1844,New York,"-79.87,40.38,-71.4,45.5",http://sws.geonames.org/5128638,2021-04-16,sprint-2021-05
095696a6-daf4-4496-baed-ec4857e0c250,Japan. Rikugun. Sanbō Honbu,null,,Meiji 8 1875,,1875-1875,Eastern Asia,"64.2,5.33,146.35,46.07",,2019-01-16,2022-creator-sprint|sprint-2021-05
68d032c8-4c70-4c52-8c31-d83aaece82e6,"Baarsel, C. van (Cornelius)",fst02013760,,,1822,1822-1822,Arctic,"-169.400,55.000,-34.980,89.980",http://sws.geonames.org/10941926,2021-04-16,2022-creator-sprint|sprint-2021-05
b7c7292c-9386-4101-b1b7-d31ca9473cdf,"Magini, Giovanni Antonio, 1555-1617",fst00135052,Early maps,,1597,1597-1597,Americas,"-168.01,-75.0,-55.0,70.01",http://sws.geonames.org/10861432,2021-04-16,bbox-verified_2023-02-27|2022-creator-sprint|FixedBBoxes|bboxSprintJune2023|sprint-2021-05
51b15f7d-4d28-4690-9c88-1589b9a91bdd,"Scherer, Heinrich, 1628-1704.",null,Early maps,between 1700 and 1720,n.d.,1700-1720,North America,"-146.12,-10.88,-31.98,72.32",,2019-01-16,2022-creator-sprint|sprint-2021-05
4258a3be-1d60-4178-b59a-c4f3757557c7,"Bormeester, Joachim.",null,Early maps,1700,1700,1700-1700,Americas,"-172.65,-56.87,5.27,64.52",,2019-01-16,sprint-mar2020|2022-creator-sprint|sprint-2021-05
de21294e-7fa3-4cf0-95f6-6addce370297,"Hondius, Hendrik, 1597-1651|Jansson, Jan, 1588-1664",fst00101029|fst00012480,,approximately 1641,,1641-1641,North America,"-128.000,4.230,-32.950,67.720",,2019-01-16,2022-creator-sprint|sprint-2021-05
76e125f3-c74d-48c7-8399-61182b54a550,"Dahl, James, former owner|Hondius, Hendrik, 1597-1651",null|fst00101029,,1639,,1639-1639,North America,"-125.37,-0.05,-49.22,59.85",,2019-01-16,2022-creator-sprint|sprint-2021-05
68f5c8f4-7f72-41b0-af07-72799b37d36c,"Anville, Jean Baptiste Bourguignon d', 1697-1782",fst00061563,,,1756,1756-1756,North America,"-95.68,27.87,-51.77,54.32",http://sws.geonames.org/6255149,2021-04-16,2022-creator-sprint|sprint-2021-05
b0106b62-940c-44a0-8671-a8559925a65b,"L'Isle, Guillaume de, 1675-1726|Lotter, Georg Friedrich|Lotter, Tobias Conrad, 1717-1777",fst00019557|null|null,,1772?,,1772-1772,North America,"-131.17,5.55,-19.33,78.65",,2019-01-16,2022-creator-sprint|sprint-2021-05
3647020c-2f6c-4b1a-a2ba-2dbc7507319b,"Schenk, Peter, 1661-1711",fst01935893,Early maps,Appoximately 1709,n.d.,1709-1709,Americas,"-169.3,-57.5,-34.8,72.7",,,sprint-2021-05|2022-creator-sprint|202212bbox|sprint-2021-05
9aece35e-70bb-4053-8529-957acf3b728c,"Coronelli, Vincenzo, 1650-1718",fst00012407,,1695?,,1695-1695,North America,"-120.000,10.000,-87.000,68.000",,2019-01-16,2022-creator-sprint|sprint-2021-05
4f2f594b-52ec-4247-9c38-d5d8f9289efb,"Mercator, Gerhard, 1512-1594|Purchas, Samuel, 1577?-1626",fst00012224|fst00016804,Early maps,approximately 1626,1626?,1626-1626,Americas,"-169.3,-57.5,-34.8,72.7",http://sws.geonames.org/10861432,2021-04-16,sprint-2021-05|2022-creator-sprint|202212bbox|sprint-2021-05
9b7cf464-0f5d-4a72-b614-1b8fcd00fa53,"Boehme, August Gottlieb, 1719-1797|Dahl, James, former owner|Homann Erben (Firm)",null|null|fst00544026,,1746,,1746-1746,Americas,"-163.67,-59.87,10.13,61.98",,2019-01-16,2022-creator-sprint|sprint-2021-05
c2debae1-5496-410f-a6b7-7627b278a57c,"Blaeu, Cornelis, 1610-1649|Blaeu, Joan, 1596-1673",fst02013986|fst00055883,,-1621,-164,1640-1649,Americas,"-169.3,-57.5,-34.8,72.7",http://sws.geonames.org/10861432,2021-04-16,sprint-2021-05|2022-creator-sprint|202212bbox|sprint-2021-05
2f6742ce-2def-48da-9204-d40195334b48,"Ortelius, Abraham, 1527-1598",fst00000509,Early maps|Pictorial maps|Military maps,1570?,1570,1570-1570,Americas,"-124.750,-55.700,-32.870,49.000",,2019-01-16,2022-creator-sprint|sprint-2021-05
0f09443f-3513-4093-a10b-76aeccc5ede6,"Schenk, Petrus, 1660-1718 or 9.|Zürner, Adam Friedrich, 1679-1742",null|null,,1709,,1709-1709,Americas,"-169.55,-56.53,-2.52,74.88",,2019-01-16,2022-creator-sprint|sprint-2021-05
b2d57337-8f40-4980-a702-3b595cb64737,"Sanson, Guillaume|Sanson, Nicolas, 1600-1667",fst00156207|fst00007715,,1669,,1669-1669,South America,"-93.97,-56.53,-32.58,16.63",,2019-01-16,2022-creator-sprint|sprint-2021-05
dc970abb-b158-4db6-b368-32af8b6dcef5,"Ottens, J. (Josua), 1704-1765|Ottens, R. (Reinier), 1698-1750",null|null,,,1756,1756-1756,Americas,"-126.15,4.83,-6.88,79.98",http://sws.geonames.org/10861432,2021-04-16,2022-creator-sprint|sprint-2021-05
137014e4-62e6-4042-8b99-f5e2608b3a25,"Jaillot, Alexis Hubert, 1632?-1712|Sanson, Nicolas, 1600-1667",fst00019259|fst00007715,,1692,,1692-1692,North America,"-169.13,5.55,2.28,78.62",,2019-01-16,2022-creator-sprint|sprint-2021-05
51a2ddb8-b7b8-4e2e-98b1-db7c0497f47f,"Hennepin, Louis, active 17th century",null,,,1730?,1730-1730,North America,"-96.36,25.13,-74.3,44.28",http://sws.geonames.org/6255149,2021-04-16,sprint-2021-05|2022-creator-sprint|202212bbox|sprint-2021-05
201ca22f-1eb4-4a78-a9bf-b143146f1369,Année Cartographique,,,,1891,1891-1891,Americas,"-172.7,-60.0,-19.8,81.2",http://sws.geonames.org/10861432,2021-04-16,bbox-verified_2023-02-27|2022-creator-sprint|FixedBBoxes|bboxSprintJune2023|sprint-2021-05
f5ecad92-625b-42ed-8a34-b1e8f6136df3,"Sanson, Nicolas, 1600-1667",fst00007715,,1674?,,1674-1674,North America,"3.87,5.77,142.08,78.67",,2019-01-16,2022-creator-sprint|sprint-2021-05
606d5bb5-f665-499a-9413-630b36c6e34c,"Anville, Jean Baptiste Bourguignon d', 1697-1782|Dahl, James, former owner|Haye, G. de la, engraver|Major, Sieur, engraver",fst00061563|null|null|null,,1746,,1746-1746,North America,"-115.47,6.67,-51.68,76.5",,2019-01-16,2022-creator-sprint|sprint-2021-05
bdf4b2ee-80fd-42ad-b826-c165863bdd4e,"Bowen, Emanuel, 1693 or 1694-1767|Gibson, J. (John), active 1750-1792|Sayer, Robert, 1725-1794",fst02013754|fst02013663|fst00055649,,1768?,,1768-1768,North America,"-120.000,5.000,-50.000,54.000",,2019-01-16,2022-creator-sprint|sprint-2021-05
0797ba77-85b9-4c64-8646-eaa801f9356d,"Farmer, John, 1798-1859",fst00448810,,1831,,1831-1831,Michigan,"-86.83,41.43,-82.37,43.78",,2019-01-16,2022-creator-sprint|sprint-2021-05
91553e6e-8c58-4cdf-bdbc-5b1bfae976b5,"Jansson, Jan, 1588-1664. Appendix Atlas|Vignaud, Henry, 1830-1922, former owner.",null|null,,between 1630 and 1639,1636?.,1630-1639,Spain--Andalusia|Spain,"-7.538,36.033,-1.627,38.704",http://sws.geonames.org/2521750,2021-04-16,sprint-2021-05|2022-creator-sprint|202212bbox|sprint-2021-05
a9ad1d80-832b-48b7-bd57-8afc04155608,"Janssonius van Waesberge, Johannes, active 1642-1681",fst02013846,,1621,,1621-1621,United Kingdom--British Isles|United Kingdom,"-13.42,48.02,2.67,59.65",,2019-01-16,2022-creator-sprint|sprint-2021-05
c8b46b52-0846-4abb-ba56-b484064f84ac,"Hondius, Hendrik, 1597-1651. Appendix Atlas of the British Isles and Northern Europe|Jansson, Jan, 1588-1664. Appendix Atlas of the British Isles and Northern Europe|Mercator, Gerhard, 1512-1594|Vignaud, Henry, 1830-1922, former owner.",null|null|fst00012224|null,,between 1630 and 1639,,1630-1639,Isle of Wight|Guernsey (Isle)|Jersey (Isle)|Anglesey (Isle)|England|Wales,"-4.98,49.14,-1.04,54.47",,2019-01-16,2022-creator-sprint|sprint-2021-05
2308a9a3-8a82-4e4e-b5c0-b3d16d99c80c,"Hondius, Hendrik, 1597-1651. Appendix Atlas of the British Isles and Northern Europe|Jansson, Jan, 1588-1664. Appendix Atlas of the British Isles and Northern Europe|Vignaud, Henry, 1830-1922, former owner.",null|null|null,,between 1630 and 1639,,1630-1639,United Kingdom--England,"-5.77,49.72,2.13,55.62",,2019-01-16,2022-creator-sprint|sprint-2021-05
75520280-9163-4140-a04a-9a8604449d7e,"Jansson, Jan, 1588-1664|Jansson, Jan, 1588-1664. Appendix Atlas|Vignaud, Henry, 1830-1922, former owner.",fst00012480|null|null,,approximately 1636,,1636-1636,United Kingdom--England,"-6.8,49.67,2.4,55.38",,2019-01-16,2022-creator-sprint|sprint-2021-05
cdc3bd83-eea6-4dc4-b7ab-3194900f535f,"Jansson, Jan, 1588-1664|Jansson, Jan, 1588-1664. Appendix Atlas|Mercator, Gerhard, 1512-1594, engraver.|Vignaud, Henry, 1830-1922, former owner.",fst00012480|null|null|null,,approximately 1636,,1636-1636,France-- Pays de la Loire--Anjou|France,"-1.500,46.500,1.000,47.830",,2019-01-16,2022-creator-sprint|sprint-2021-05
d516b839-1952-425b-8d87-3644c1042dd4,"Mercator, Gerhard, 1512-1594|Vignaud, Henry, 1830-1922",fst00012224|fst00243880,,between 1630 and 1639,,1630-1639,France-- Pays de la Loire--Anjou|France,"-1.500,46.500,1.000,47.830",,2019-01-16,2022-creator-sprint|sprint-2021-05
124790b2-29a9-4e84-ac37-da36abbfa0af,"Pauli, C. J. (Clemens J.)",null,Aerial views,1890,1890,1890-1890,,"-83.76,42.27,-83.73,42.29",,2019-01-16,2022-creator-sprint|sprint-2021-05
a1feb552-d1ad-48c7-9b36-aa59a82d61d9,"Chicago Lithographing Co.|Ruger, A.",null|null,Aerial views,1866,,1866-1866,Michigan--Ann Arbor|Michigan,"-83.76,42.27,-83.73,42.29",,2019-01-16,2022-creator-sprint|sprint-2021-05
ce0c51f6-7055-476f-9627-fa95be6019aa,Olmsted Brothers,fst00572906,,1920,,1920-1920,Michigan--Ann Arbor|Michigan,"-83.75,42.26,-83.71,42.3",,2019-01-16,2022-creator-sprint|sprint-2021-05
7a71b163-228f-4a7e-92bb-af500e25e1b7,"Geological Survey (U.S.)|Renshawe, John H.",fst00547115|null,,1904,,1904-1904,Michigan--Ann Arbor|Michigan,"-83.980,42.000,-83.510,42.500",,2019-01-16,2022-creator-sprint|sprint-2021-05
02137a35-ab82-4751-8462-6ec736ea7280,"Borgia, Camillo Giovanni Paolo, 1777-1817.",null,,1797,,1797-1797,Earth,"-168.35,-35.77,-19.62,77.9",,2019-01-16,2022-creator-sprint|sprint-2021-05
66d09d01-5ddc-49a9-b1c5-8e8177b1f2a3,"de Saint-Martin, Louis Vivien, 1802-1897",,,1897,,1897-1897,South Eastern Asia,"88.100,-15.000,137.250,23.000",,2019-01-16,2022-creator-sprint|sprint-2021-05
bdf8958d-a410-4937-9545-779786f5c999,"Robert de Vaugondy, Didier, 1723-1786",fst00336054,,1750,,1750-1750,South Eastern Asia,"94.78,-16.02,136.22,20.2",,2019-01-16,2022-creator-sprint|sprint-2021-05
0f09358b-ca8e-4b56-ab52-dfd33a8764ad,"Robert de Vaugondy, Didier, 1723-1786",fst00336054,,1778,,1778-1778,South Eastern Asia,"94.78,-16.02,136.22,20.2",,2019-01-16,2022-creator-sprint|sprint-2021-05
5045ec63-a2c1-4db0-9bab-0815d13d429a,"Jansson, Jan, 1588-1664|Jansson, Jan, 1588-1664. Appendix Atlas|Vignaud, Henry, 1830-1922, former owner.",fst00012480|null|null,,approximately 1636,,1636-1636,France-- Hauts-de-France--Nord|France,"2.76,49.96,3.7,50.5",,2019-01-16,2022-creator-sprint|sprint-2021-05
b2afdb03-5102-4f78-bf42-6a552d6db716,"Jansson, Jan, 1588-1664. Appendix Atlas|Vignaud, Henry, 1830-1922, former owner.",null|null,Early maps,approximately 1680,1680,1680-1680,France-- Hauts-de-France--Artois|France--Hauts-de-France|France,"-4.770,43.030,8.210,50.920",http://sws.geonames.org/3036644,2021-04-16,bbox-verified_2023-02-27|sprint-2021-05|2022-creator-sprint|sprint-2021-05
b44007f4-b5f2-4f05-b15f-0949c7c06e71,"Jansson, Jan, 1588-1664|Jansson, Jan, 1588-1664. Atlantis Maioris Appendix, 1630|Surhon, Jean engraver|Vignaud, Henry, 1830-1922, former owner.|Visscher, Claes Jansz., 1586 or 1587-1652. Belgium sive Germania Inferior. 1634. cartographer",fst00012480|null|null|null|null,,1630,,1630-1630,France--Nord-Pas-de-Calais|France,"1.46,50.1,3.27,50.99",,2019-01-16,2022-creator-sprint|sprint-2021-05
b3c19705-7eab-4e33-8980-15b7898f9f87,,,"Thematic maps
",1873,1873,1873-1873,Massachusetts,"-73.508,41.238,-69.928,42.887",http://sws.geonames.org/6254926,2021-04-16,sprint-2021-05|202212bbox|sprint-2021-05
82d72596-f519-4d23-b328-9c6afc47172f,[creator not identified],null,,1872,,1872-1872,Michigan,"-89.33,41.5,-82.28,47.67",,2019-01-16,2022-creator-sprint|sprint-2021-05
5b761b4a-d900-470b-8bf6-f442c3c91614,[creator not identified],,,1872,,1872-1872,Wisconsin,"-94.750,42.420,-85.500,47.000",,2019-01-16,2022-creator-sprint|sprint-2021-05
f9af603d-16fb-4727-bfa2-7ddc907e9ac8,"Sanson, Guillaume|Sanson, Nicolas, 1600-1667",fst00156207|fst00007715,,1669,,1669-1669,World,"36.550,-57.000,124.450,80.000",,2019-01-16,2022-creator-sprint|sprint-2021-05
f43c9fd3-94c5-44a4-800a-e1b1675fdf8c,"Jansson, Jan, 1588-1664|Jansson, Jan, 1588-1664. Atlantis Maioris Appendix, 1630|Lazius, Wolfgang, 1514-1565|Vignaud, Henry, 1830-1922, former owner.",fst00012480|null|fst00448322|null,,1630,,1630-1630,Austria,"13.38,46.8,17.2,48.67",,2019-01-16,2022-creator-sprint|sprint-2021-05
8542d744-d4ee-4b80-aad6-2d44a0a193f0,"Johns Hopkins University|Nell, Louis|U.S. Coast and Geodetic Survey|Webster, Albert L",fst00533413|fst00009405|fst00533999|null,,1884,,1884-1884,Maryland--Baltimore|Maryland,"-76.83,39.17,-76.42,39.42",,2019-01-16,2022-creator-sprint|sprint-2021-05
6455f08d-d823-4c8f-8dc9-8b2e451b494c,"Gannett, Henry, 1846-1914|Geological Survey (U.S.)",fst00005471|fst00547115,Physical maps,approximately 1896,n.d.,1896-1896,United States,"-124.98,22.61,-67.18,49.31",http://sws.geonames.org/6252001,2021-04-16,sprint-2021-05|2022-creator-sprint|202212bbox|sprint-2021-05
98fcf05e-832d-438d-aa54-a1e43b8d99f4,"Alexander, Samuel|Bowen, James L.|Warder & Catlett",null|null|null,Military maps,1861,1891,1861-1861,Virginia--Manassas|Virginia,"-77.485,38.801,-77.469,38.813",,2019-01-16,sprint-mar2020|2022-creator-sprint|sprint-2021-05
d2cd7f62-fa44-4e91-9dba-eaf2a0b97572,"Tomble, Fremont J., land office manager.",,Cadastral maps,1899,1899,1899-1899,Michigan--Bay County|Michigan,"-84.200,43.450,-83.670,44.000",,2019-01-16,sprint-mar2020|2022-creator-sprint|sprint-2021-05
951e5939-5e06-4765-9738-a5793295001d,"Hondius, Jodocus, 1594 or 1595-1629, cartographer|Jansson, Jan, 1588-1664. Appendix Atlas|Vignaud, Henry, 1830-1922, former owner.",null|null|null,Early maps,between 1631 and 1633,1631,1631-1633,France--Hauts-de-France|France,"1.380,48.837,4.256,51.089",http://sws.geonames.org/11071624,2021-04-16,sprint-2021-05|2022-creator-sprint|202212bbox|sprint-2021-05
b65f2cfa-bb36-4000-abc1-9b4707180c82,Harper & Brothers,fst00512133,Aerial views,1863,,1863-1863,South Carolina--Charleston|South Carolina,"-80.102,32.694,-79.818,32.932",,2019-01-16,bbox-verified_2023-02-27|2022-creator-sprint|FixedBBoxes|bboxSprintJune2023|sprint-2021-05
58acc3a8-a0b4-4dbc-8682-589a832aa466,"Beck & Pauli.|Stoner, J. J.",null|fst02013903,Aerial views,1880,,1880-1880,Michigan--Ludington|Michigan,"-86.470,43.932,-86.416,43.975",,2019-01-16,bbox-verified_2023-02-27|2022-creator-sprint|FixedBBoxes|bboxSprintJune2023|sprint-2021-05
bb5d62ca-7ddf-4c30-ba91-bac2b64e517f,"Beck & Pauli, lithographer.",null,,,1881,1881-1881,Michigan--Sturgis|Michigan,"-85.43,41.79,-85.41,41.81",http://sws.geonames.org/5011428,2021-04-16,2022-creator-sprint|sprint-2021-05
8c38f922-27f5-49ed-ab00-afac131850dc,"Beck & Pauli, lithographer.",,,,1880,1880-1880,Michigan--Mendon|Michigan,"-85.470,42.000,-85.450,42.010",http://sws.geonames.org/5001661,2021-04-16,2022-creator-sprint|sprint-2021-05
34708f95-f44b-48f5-9af9-dad6be81904f,Beck & Pauli.,null,,,1880,1880-1880,Michigan--Vicksburg|Michigan,"-85.54,42.11,-85.52,42.12",http://sws.geonames.org/5013252,2021-04-16,2022-creator-sprint|sprint-2021-05
83bc9f5a-f215-458d-b19b-bfe6a2ec98b6,"Lindenkohl, A.|U.S. Coast and Geodetic Survey",null|fst00533999,,1879,1897,1879-1879,Virginia--George Washington Birthplace National Monument|Virginia,"-76.990,38.170,-76.903,38.222",,2019-01-16,bbox-verified_2023-02-27|sprint-mar2020|2022-creator-sprint|FixedBBoxes|bboxSprintJune2023|sprint-2021-05
2c0b8775-4548-4295-909f-9e2e82081ba8,"Jansson, Jan, 1588-1664|Jansson, Jan, 1588-1664. Appendix Atlas|Vignaud, Henry, 1830-1922, former owner.",fst00012480|null|null,,approximately 1636,,1636-1636,Basque Country-- Spain--País Vasco|Spain,"-3.95,42.27,-1.27,43.67",,2019-01-16,2022-creator-sprint|sprint-2021-05
80a40bf6-f57a-4ce0-b0e7-16689900c236,"Jansson, Jan, 1588-1664|Jansson, Jan, 1588-1664. Appendix Atlas|Vignaud, Henry, 1830-1922, former owner.",fst00012480|null|null,,approximately 1636,,1636-1636,France,"0.63,46.06,3.09,47.7",,2019-01-16,2022-creator-sprint|sprint-2021-05
89f261c2-1037-46c7-9f9c-9f09fcff1511,"Hondius, Jodocus, 1594 or 1595-1629|Tavernier, Melchior, 1594-1665, seller.|Vignaud, Henry, 1830-1922",null|null|fst00243880,,between 1630 and 1639,,1630-1639,France--Centre|France,"0.65,46.16,3.05,47.72",,2019-01-16,2022-creator-sprint|sprint-2021-05
df9b3beb-a39a-4455-b461-6c10d3840522,,,,,1892,1892-1892,Michigan--Blissfield|Michigan,"-83.89,41.82,-83.84,41.84",http://sws.geonames.org/4986398,2021-04-16,sprint-2021-05
2c4a43db-b69e-4fbb-ac6d-b52bbe88faef,"Hondius, Jodocus, 1594 or 1595-1629|Jansson, Jan, 1588-1664. Appendix Atlas|Vignaud, Henry, 1830-1922, former owner.",null|null|null,,approximately 1636,,1636-1636,France-- Hauts-de-France--Pas-de-Calais|France,"1.51,50.37,2.4,51.07",,2019-01-16,2022-creator-sprint|sprint-2021-05
dca1c2c4-bcbe-46f3-bac7-7c763191ed5c,,,Thematic maps,1926,1926,1926-1926,North America,"-124.98,22.61,-67.18,49.31",http://sws.geonames.org/6255149,2021-04-16,sprint-2021-05|202212bbox|sprint-2021-05
68634fa4-d120-4827-a099-de83d2838cee,"McClelland, Robert, 1807-1880, former owner.",null,,,1855?,1855-1855,North America,"-106.72,31.57,-106.18,31.88",http://sws.geonames.org/6255149,2021-04-16,2022-creator-sprint|sprint-2021-05
02a14989-f313-4b3d-8ced-ba74c9bf545b,"Jansson, Jan, 1588-1664. Appendix Atlas|Vignaud, Henry, 1830-1922, former owner.",null|null,Early maps,approximately 1636,1636?,1636-1636,France--Auvergne|France--Rhône-Alpes|France--Bourbonnais|France,"2.314,46.066,3.745,47.028",http://sws.geonames.org/3031088,2021-04-16,bbox-verified_2023-02-27|sprint-2021-05|2022-creator-sprint|202212bbox|bboxSprintJune2023|sprint-2021-05
57bcf383-7389-4ded-be58-cce894829a0e,"Vignaud, Henry, 1830-1922",fst00243880,,between 1630 and 1639,,1630-1639,Auvergne-Rhône-Alpes-- France--Bourbonnais|France,"2.15,45.95,4.07,47.01",,2019-01-16,2022-creator-sprint|sprint-2021-05
77280b4f-5d44-487c-bfd5-c55971fefb74,"Hamersveldt, Everard Symonsz, 1591-1653, engraver|Jansson, Jan, 1588-1664. Appendix Atlas|Vignaud, Henry, 1830-1922, former owner.",null|null|null,,between 1630 and 1639,1636?.,1630-1639,France--Nouvelle-Aquitaine|France,"-1.79,42.78,2.61,47.18",http://sws.geonames.org/11071620,2021-04-16,sprint-2021-05|2022-creator-sprint|202212bbox|sprint-2021-05
84ac6b39-9b67-4746-9001-811fa7cf4787,"Hamersveldt, Everard Symonsz, 1591-1653, engraver|Hondius, Jodocus, 1594 or 1595-1629|Hondius, Jodocus, 1594 or 1595-1629, cartographer|Vignaud, Henry, 1830-1922",null|null|null|fst00243880,,between 1630 and 1639,,1630-1639,France-- Nouvelle-Aquitaine--Medoc|France,"-2.08,43.25,-0.2,45.73",,2019-01-16,2022-creator-sprint|sprint-2021-05
d5221d78-e27c-4344-80f8-06ae77eca3cf,Bowles & Carver.,,World maps,,1807,1807-1807,World,"-179.99,-89.99,179.99,89.99",,2021-04-16,bbox-verified_2023-02-27|2022-creator-sprint|BBoxVerified|bboxSprintJune2023|-180TO180|sprint-2021-05
13e8cdb7-f275-4602-9dca-b3f37b0b91df,"Jansson, Jan, 1588-1664|Jansson, Jan, 1588-1664. Atlantis Maioris Appendix, 1630|Vignaud, Henry, 1830-1922, former owner.",fst00012480|null|null,,1630,,1630-1630,Germany--Saxony|Germany,"8.84,50.97,12.67,52.84",,2019-01-16,2022-creator-sprint|sprint-2021-05
e416a481-874b-4b13-9eb9-b76372a6cf1c,"Vignaud, Henry, 1830-1922",fst00243880,,between 1630 and 1639,,1630-1639,Bourgogne-Franche-Comté-- France--Bresse|France,"4.7,45.75,6.18,46.57",,2019-01-16,2022-creator-sprint|sprint-2021-05
668f5beb-b888-4f91-8924-55f40d66a3d1,"Jansson, Jan, 1588-1664. Appendix Atlas|Vignaud, Henry, 1830-1922, former owner.",null|null,,approximately 1636,,1636-1636,Bourgogne-Franche-Comté-- France--Bressey|France,"4.7,45.75,6.18,46.57",,2019-01-16,2022-creator-sprint|sprint-2021-05
e8fbcd94-fdeb-4ec5-8c32-2060ee178f78,"Dawson, George Mercer, 1849-1901|Geological Survey of Canada|McEvoy, James, 1862-",fst00188721|fst00533128|null,Geological maps,1895,,1895-1895,British Columbia-- Canada--Kamloops|Canada--British Columbia,"-122.000,49.000,-119.000,52.000",,2019-01-16,2022-creator-sprint|sprint-2021-05
3a36a334-c792-462e-93f7-c152fbb67961,"Dawson, George Mercer, 1849-1901|Geological Survey of Canada|McEvoy, James, 1862-",fst00188721|fst00533128|null,Mine maps|Topographic maps,1895,,1895-1895,British Columbia-- Canada--Kamloops|Canada--British Columbia,"-122.000,49.000,-119.000,52.000",,2019-01-16,2022-creator-sprint|sprint-2021-05
deff6f22-4d9f-4d03-9a07-9b546241d41e,"Dawson, George Mercer, 1849-1901|Geological Survey of Canada|McEvoy, James, 1862-",fst00188721|fst00533128|null,Mine maps,1899,,1899-1899,British Columbia-- Canada--Regional District of North Okanagan,"-120.17,50.08,-118.33,51.3",,2019-01-16,2022-creator-sprint|sprint-2021-05
506b2c60-f32a-476b-9261-3bd13544e8b2,Baldwin & Cradock|J. & C. Walker (Firm),fst02013627|fst01984791,,,1834,1834-1834,Canada|Greenland,"32.6,-16.5,178.2,77.0",http://sws.geonames.org/6251999,2021-04-16,bbox-verified_2023-02-27|2022-creator-sprint|FixedBBoxes|bboxSprintJune2023|sprint-2021-05
5899dcee-a633-45b9-893c-c1489045b9bc,"Kanamaru, Hikogorō|Mori, Fūsai|Ochikochi, Dōin, 17th cent.|Suharaya, Mohē, 1731-1782",null|null|null|null,,Keiō 1 1865,,1865-1865,Japan-- Tokyo--Tokyo|Japan,"139.69,35.6,139.85,35.76",,2019-01-16,2022-creator-sprint|sprint-2021-05
f767c119-2ea0-4bb3-9f94-bf91a4b339e8,"Ochikochi Dōin, active 17th century|On Seiken.|Suharaya, Mohē, 1731-1782",null|null|null,,Shōtoku 2 1712,,1712-1712,Japan-- Tokyo--Tokyo|Japan,"139.7,35.62,139.8,35.73",,2019-01-16,2022-creator-sprint|sprint-2021-05
3b67c4f0-53f8-4a98-9b28-73f23d6f6682,"Ochikochi Dōin, active 17th century|On Seiken.|Suharaya, Mohē, 1731-1782",null|null|null,,Hōei 7 1710?,,1710-1710,Japan-- Tokyo--Tokyo|Japan,"139.7,35.62,139.8,35.73",,2019-01-16,2022-creator-sprint|sprint-2021-05
8864d32f-8198-486b-884b-e584df87bfbc,"Kanamaru, Hikogorō|Ochikochi Dōin, active 17th century|Suharaya, Mohē, 1731-1782",null|null|null,,Tenmei 4 1784,,1784-1784,Japan-- Tokyo--Tokyo|Japan,"139.7,35.58,139.85,35.74",,2019-01-16,2022-creator-sprint|sprint-2021-05
4f0b7393-6b8c-4fd4-ae52-75014f79a270,"Hiranoya, Mohē.|Yomo, Shunsui.",null|null,,Bunkyū 3 1863,,1863-1863,Japan--Kyoto--Kyoto|Japan,"135.667,34.875,135.796,35.070",,2019-01-16,bbox-verified_2023-02-27|2022-creator-sprint|FixedBBoxes|bboxSprintJune2023|sprint-2021-05
e5fbdb77-200b-412e-8dd0-1692767f4adf,"Takehara, Yoshibē.",null,,Bunkyū 2 1862,,1862-1862,Japan-- Kyoto--Kyoto|Japan,"135.72,34.83,135.78,35.05",,2019-01-16,2022-creator-sprint|sprint-2021-05
f3026568-e29d-4640-8ccb-21438a499ffd,"Jansson, Jan, 1588-1664. Appendix Atlas|Vignaud, Henry, 1830-1922, former owner.",null|null,Early maps,between 1630 and 1633,1630,1630-1633,France--Bourgogne-Franche-Comté|France,"2.845,46.156,7.143,48.400",http://sws.geonames.org/11071619,2021-04-16,sprint-2021-05|2022-creator-sprint|202212bbox|sprint-2021-05
26ac9485-0f59-499e-a6af-6fce436089ad,"Vignaud, Henry, 1830-1922",fst00243880,,between 1630 and 1639,,1630-1639,FR.A1-- France--Burgundy|France,"4.72,46.17,7.3,48.15",,2019-01-16,2022-creator-sprint|sprint-2021-05
29998def-cd6b-41c0-a7d4-c6c2be1558bb,"Jansson, Jan, 1588-1664. Atlantis Maioris Appendix, 1630|Vignaud, Henry, 1830-1922, former owner.",null|null,,1630,,1630-1630,FR.A1-- France--Burgundy|France,"4.72,46.17,7.3,48.15",,2019-01-16,2022-creator-sprint|sprint-2021-05
4fe6813d-fc59-451f-99ec-7ca9fa83da3c,"Mercator, Gerhard, 1512-1594|Vignaud, Henry, 1830-1922",fst00012224|fst00243880,,between 1630 and 1639,,1630-1639,Bourgogne-Franche-Comté-- France--Burgundy|France,"3.07,46.28,5.48,48.4",,2019-01-16,2022-creator-sprint|sprint-2021-05
25791eeb-a79d-4e61-bbdd-2a4871c7ac17,"Hondius, Hendrik, 1597-1651. Appendix Atlas of the British Isles and Northern Europe|Jansson, Jan, 1588-1664. Appendix Atlas of the British Isles and Northern Europe|Llwyd, Humphrey, 1527-1568|Vignaud, Henry, 1830-1922, former owner.",null|null|fst01480296|null,,between 1630 and 1639,,1630-1639,United Kingdom--Wales,"-4.77,52.71,-3.07,53.44",,2019-01-16,2022-creator-sprint|sprint-2021-05
c6a4ddf4-eac1-4237-89a9-07192b1f0a3c,,,,,1830,1830-1830,Canada,"-93.17,36.92,-58.93,55.97",,2021-04-16,sprint-2021-05
1dbe9fed-60db-4b4f-994c-0d57e40bb845,"García Cubas, Antonio, 1832-1912",fst00132630,,1863,,1863-1863,Mexico,"-121.08,13.98,-85.4,33.87",,2019-01-16,2022-creator-sprint|sprint-2021-05
83b2f9b1-bad2-46c2-ab57-e438c177cea5,"Hamersveldt, Everard Symonsz, 1591-1653, engraver|Hondius, Hendrik, 1597-1651|Hondius, Jodocus, 1594 or 1595-1629|Vignaud, Henry, 1830-1922",null|fst00101029|null|fst00243880,,between 1630 and 1639,,1630-1639,France-- Provence-Alpes-Côte d'Azur--Avignon,"4.62,43.85,5.51,44.27",,2019-01-16,2022-creator-sprint|sprint-2021-05
dad0b617-bceb-4937-9735-832bb76ddd1c,"Medtman, Matthias van.",null,,1748,,1748-1748,Belgium|Belgium,"3.95,50.45,6.1,51.72",,2019-01-16,2022-creator-sprint|sprint-2021-05
e92db961-c452-4fba-8335-f5bb771792e8,"Buache, Philippe, 1700-1773|Dezauche, J.|L'Isle, Guillaume de, 1675-1726",fst00014074|null|fst00019557,,1781,,1781-1781,Africa,"-40.000,-35.000,73.000,44.000",,2019-01-16,2022-creator-sprint|sprint-2021-05
3fc1b388-d361-4c9a-a072-8832e6d7abd9,"Buache, Philippe, 1700-1773|L'Isle, Guillaume de, 1675-1726",fst00014074|fst00019557,,1745,,1745-1745,Africa,"-42.82,-39.75,73.8,45.92",,2019-01-16,2022-creator-sprint|sprint-2021-05
13309351-31db-4b00-87ef-501e67e8ebd3,"Buache, Philippe, 1700-1773|L'Isle, Guillaume de, 1675-1726",fst00014074|fst00019557,,1745,,1745-1745,Western Africa,"-26.58,-0.15,25.92,39.12",,2019-01-16,2022-creator-sprint|sprint-2021-05
7db69327-f652-41d7-b37d-963567b97a8a,"L'Isle, Guillaume de, 1675-1726",fst00019557,Early maps,between 1707 and 1726,n.d.,1707-1726,Western Africa,"-26.58,-0.15,25.92,39.12",,2019-01-16,2022-creator-sprint|sprint-2021-05
20e58f17-047b-42ff-88f1-3e0f88b8dc68,"L'Isle, Guillaume de, 1675-1726",fst00019557,Early maps,between 1707 and 1726,n.d.,1707-1726,Western Africa,"-26.58,-0.15,25.92,39.12",,2019-01-16,2022-creator-sprint|sprint-2021-05
31e07ea5-04ad-469f-9230-9cd51dd33f28,"Dahl, James, former owner|Diderot, Denis, 1713-1784|Jesuits|Kino, Eusebio Francisco, 1644-1711|L'Isle, Guillaume de, 1675-1726|Pecci, Matthieu Néron|Robert de Vaugondy, Didier, 1723-1786|Sanson, Nicolas, 1600-1667",null|fst00039603|fst00532143|fst00016609|fst00019557|null|fst00336054|fst00007715,,1770,,1770-1770,California,"-125.000,22.000,-105.000,54.000",,2019-01-16,2022-creator-sprint|sprint-2021-05
6c8169ce-8fe6-432c-ac4e-23c982999513,"Bonne, Rigobert, 1727-1794",fst00055880,,1779,,1779-1779,Africa,"-26.35,-18.2,20.05,18.55",,2019-01-16,2022-creator-sprint|sprint-2021-05
dc56d68f-f0d9-4afd-be95-89e3048f1199,"André, Peter, engraver.",null,,,1780?,1780-1780,United States,"-94.32,24.99,-79.78,33.2",http://sws.geonames.org/6252001,2021-04-16,sprint-2021-05|2022-creator-sprint|202212bbox|sprint-2021-05
c51ce268-d2da-4baf-ae91-9dee5877cb4d,,,,,1718,1718-1718,United States,"-101.370,25.330,-66.930,50.000",http://sws.geonames.org/6252001,2021-04-16,sprint-2021-05
29f7a92e-5baa-4d25-90da-9d12d931221e,,,,,1773,1773-1773,Louisiana,"-96.93,28.77,-78.4,45.67",http://sws.geonames.org/4331987,2021-04-16,sprint-2021-05
6687d144-daf9-4436-9034-1e57222af619,"Chatelain, Henri Abraham",null,Early maps,approximately 1719,1719,1719-1719,North America,"-105.95,22.43,-42.45,64.53",,2019-01-16,2022-creator-sprint|sprint-2021-05
8c558071-ff26-42d9-aefd-70010a549823,"Keulen, Gerard van|Kyser, J., active 1718-1740",null|fst02013856,,1720,,1720-1720,North America|Gulf of Mexico,"-110.58,16.72,-45.93,55.13",,2019-01-16,2022-creator-sprint|sprint-2021-05
d61c3fd0-95df-4d3e-9c00-f79bd07f7b02,"Chovin, I. A., engraver|Dahl, James, former owner|Engel, Samuel, 1702-1784|Jaquier, draughtsman",null|null|fst00290893|null,,1765,,1765-1765,North America,"-175.27,24.55,-17.8,75.87",,2019-01-16,2022-creator-sprint|sprint-2021-05
b4ee33e2-bd36-4483-93a9-d4206c3ed2ef,,,,,1780,1780-1780,Virginia,"-80.72,36.48,-73.3,40.13",http://sws.geonames.org/6254928,2021-04-16,sprint-2021-05
748a15b7-e1b1-410e-96d7-805b6a7fa4f3,"Bertius, Petrus, 1565-1629|Lochom, Michel van, 1601-1647, engraver|Mariette, Pierre, 1603-1657",fst00141382|null|null,,1646,,1646-1646,,"-26.000,-36.000,60.000,38.000",,2019-01-16,2022-creator-sprint|sprint-2021-05
3c7de89e-1a5b-477b-a793-74af40a4cb1e,"Visscher, Elizabeth.",,Early maps,approximately 1712,1712,1712-1712,Southern Africa,"5.000,-35.000,55.000,2.000",,2019-01-16,2022-creator-sprint|sprint-2021-05
21bd6000-7c69-417b-bf1e-fc85979c4c45,"L'Isle, Guillaume de, 1675-1726",fst00019557,,1707,,1707-1707,Egypt,"6.93,-0.03,62.47,39.42",,2019-01-16,2022-creator-sprint|sprint-2021-05
debac0d4-b555-49a3-8df3-600dd5befaf5,"Buache, Philippe, 1700-1773|L'Isle, Guillaume de, 1675-1726",fst00014074|fst00019557,,1745,,1745-1745,Egypt,"6.93,-0.03,62.47,39.42",,2019-01-16,2022-creator-sprint|sprint-2021-05
ced868c7-92db-4060-9b2c-03aa8b0ae807,Hérisson.,,,1854,,1854-1854,Turkey|France,"13.000,34.000,44.000,49.000",,2019-01-16,2022-creator-sprint|sprint-2021-05
c9fc596e-1bb8-4d01-a879-2bd53c7b26a0,"Dutreuil, J.L.|France. Armée. Service géographique",null|null,,1886,,1886-1886,South Eastern Asia,"98.68,8.3,110.03,23.48",,2019-01-16,2022-creator-sprint|sprint-2021-05
3cbe7118-a63f-4251-aff4-02466dddbdd9,"Lotter, Tobias Conrad, 1717-1777|Mann, T. A.",null|fst02013680,,1781,,1781-1781,Pacific Ocean,"-105.000,-1.020,98.150,74.450",,2019-01-16,2022-creator-sprint|sprint-2021-05
f73fb0de-05d8-41dc-a11a-31508b58cbe2,"Duval, P. (Pierre), 1619-1682.",null,,1653,,1653-1653,Western Africa,"-18.63,-9.03,18.85,24.38",,2019-01-16,2022-creator-sprint|sprint-2021-05
9b48e1ee-e273-4d5f-aaff-c6f541447401,"Buache, Philippe, 1700-1773|L'Isle, Guillaume de, 1675-1726|Starckman, P., engraver.",fst00014074|fst00019557|null,,1745,,1745-1745,Iran,"33.55,23.55,75.07,47.22",,2019-01-16,2022-creator-sprint|sprint-2021-05
dfe6f6bd-de61-4654-9ad7-2648d4f5b29e,"Overton, Henry, 1675 or 1676-1751.|Poilly, N. J. B. de, b. 1712.",null|null,,,1756,1756-1756,North America,"-91.27,35.12,-53.43,52.52",http://sws.geonames.org/6255149,2021-04-16,2022-creator-sprint|sprint-2021-05
db8b948c-78f2-4104-a4b1-707238a8d5d3,Homann Erben (Firm),fst00544026,,1773,,1773-1773,Poland,"14.03,46.08,34.2,57.83",,2019-01-16,2022-creator-sprint|sprint-2021-05
2826c141-1f6e-47a3-b1cb-cf1336762b6c,"Ottens, J. (Josua), 1704-1765|Ottens, R. (Reinier), 1698-1750|Palairet, Jean, 1697-1774.",null|null|null,,1755,,1755-1755,North America,"-9.404,5.496,171.738,83.970",,2019-01-16,2022-creator-sprint|sprint-2021-05
38a6935a-810c-4918-9ceb-3df9752fab73,"Bellin, Jacques Nicolas, 1703-1773|Prévost, abbé, 1697-1763. Histoire Générale des Voyages.",fst02013971|null,,1754,,1754-1754,Central Africa,"10.000,-20.000,30.000,0.000",,2019-01-16,2022-creator-sprint|sprint-2021-05
d37f90d6-10ca-41a9-ad54-fc74a3ea4df0,"Cóvens, Jean|Cóvens et Mortier.|Mortier, Corneille",null|null|null,,,1730?,1730-1730,North America,"-141.3,43.7,-50.1,78.8",http://sws.geonames.org/6255149,2021-04-16,sprint-2021-05|2022-creator-sprint|202212bbox|sprint-2021-05
c4f6ec4a-ad29-473d-af94-4314c6a04f53,"L'Isle, Guillaume de, 1675-1726",fst00019557,,1703,,1703-1703,North America,"-100.000,38.000,-40.000,70.000",,2019-01-16,2022-creator-sprint|sprint-2021-05
0b5af218-856e-4c75-a877-6026c6917d5d,"Bouge, Jean Baptiste de, 1757-1833|Maillart, Jeanne C., fl. 1799-1807, engraver.",null|null,,1789,,1789-1789,Belgium-- Wallonia--Tournai|Belgium,"2.830,50.330,3.670,51.000",,2019-01-16,2022-creator-sprint|sprint-2021-05
e9e555bf-522b-4ac3-9b1b-88b86a096355,"Cóvens, Jean|L'Isle, Guillaume de, 1675-1726|Mortier, Corneille|Stemmers, I",null|fst00019557|null|null,,1722,,1722-1722,North America,"-120.000,10.000,-60.000,50.000",,2019-01-16,2022-creator-sprint|sprint-2021-05
ae3e0de0-241b-400a-8656-e7aff4535b84,"L'Isle, Guillaume de, 1675-1726",fst00019557,,1703,,1703-1703,North America,"-130.080,7.000,-59.940,49.920",,2019-01-16,2022-creator-sprint|sprint-2021-05
1a90bc50-2182-48c2-bb35-6c547ee94b7d,"Leclerc, Jean, 1560-1621|Leclerc, Jean, 1560-1621, cartographer|Picquet, engraver|Vignaud, Henry, 1830-1922",null|null|null|fst00243880,,between 1630 and 1639,,1630-1639,France,"-0.1,46.81,0.82,47.43",,2019-01-16,2022-creator-sprint|sprint-2021-05
f8c4dff3-aa26-47f1-b424-19a2c38f737a,"Jansson, Jan, 1588-1664. Appendix Atlas|Vignaud, Henry, 1830-1922, former owner.",null|null,Early maps,between 1636 and 1637,1636?,1636-1637,France-- Grand-Est--Champagne-Ardenne|France--Grand-Est|France,"6.261,48.390,6.354,48.435",http://sws.geonames.org/3027256,2021-04-16,sprint-2021-05|2022-creator-sprint|202212bbox|sprint-2021-05
965bebcf-98c4-4d01-9edb-e3d33fa42899,"Hondius, Hendrik, 1597-1651|Jubrien, Jean, 1561-1641, engraver|Tavernier, Melchior, 1594-1665, seller.|Vignaud, Henry, 1830-1922",fst00101029|null|null|fst00243880,,between 1630 and 1639,,1630-1639,FR.A4-- France--Champagne-Ardenne|France,"3.76,49.26,5.23,49.87",,2019-01-16,2022-creator-sprint|sprint-2021-05
7839ad08-aef3-465c-9bfb-e7aeafdfba41,"Hondius, Hendrik, 1597-1651|Hondius, Jodocus, 1594 or 1595-1629|Hondius, Jodocus, 1594 or 1595-1629, cartographer|Vignaud, Henry, 1830-1922",fst00101029|null|null|fst00243880,,between 1630 and 1639,,1630-1639,France-- Nouvelle-Aquitaine--Saintonge|France,"-1.25,45.53,0.28,46.37",,2019-01-16,2022-creator-sprint|sprint-2021-05
56dd80a1-deb4-4c0e-a824-6b36fb7d075a,"Jansson, Jan, 1588-1664|Jansson, Jan, 1588-1664. Appendix Atlas|Vignaud, Henry, 1830-1922, former owner.",fst00012480|null|null,,approximately 1636,,1636-1636,France-- Nouvelle-Aquitaine--Charente-Maritime|France,"-1.32,45.35,0.28,46.35",,2019-01-16,2022-creator-sprint|sprint-2021-05
46dd5206-de93-4581-92d9-14a5925b91d3,"Hondius, Hendrik, 1597-1651|Jansson, Jan, 1588-1664. Appendix Atlas|Vignaud, Henry, 1830-1922, former owner.",fst00101029|null|null,Early maps,between 1631 and 1637,1631,1631-1637,Bourgogne-Franche-Comté-- France--Nivernais|France--Bourgogne-Franche-Comté|France,"4.041,49.325,4.099,49.384",http://sws.geonames.org/2990335,2021-04-16,bbox-verified_2023-02-27|sprint-2021-05|2022-creator-sprint|sprint-2021-05
0c7d44a4-2cfa-4e0c-938c-8814b6890f9f,"Picquet, Charles, 1771-1827.",null,,,1840,1840-1840,Texas,"-110.57,25.07,-88.8,36.5",http://sws.geonames.org/4736286,2021-04-16,2022-creator-sprint|sprint-2021-05
3a6f60b1-9939-407f-9fa8-277c2aa67143,France. Armée. Service géographique,,,1885,,1885-1885,Tuyên Quang-- Vietnam--Tonkin|Vietnam,"104.580,19.780,108.000,22.720",,2019-01-16,2022-creator-sprint|sprint-2021-05
7782df05-572d-4937-ba45-1a429e80b4db,"Bein, Jean de, 1577-1652|Hondius, Hendrik, 1597-1651|Jansson, Jan, 1588-1664|Jansson, Jan, 1588-1664. Atlantis Maioris Appendix, 1630|Vignaud, Henry, 1830-1922, former owner.",fst02044711|fst00101029|fst00012480|null|null,,1630,,1630-1630,Auvergne-Rhône-Alpes-- France--Dauphine|France,"4.830,4.680,8.000,4.910",,2019-01-16,2022-creator-sprint|sprint-2021-05
58b9e397-47f8-44d5-82a1-5c2b28503ac7,"Bein, Jean de, 1577-1652|Hondius, Hendrik, 1597-1651|Vignaud, Henry, 1830-1922",fst02044711|fst00101029|fst00243880,,between 1630 and 1639,,1630-1639,Auvergne-Rhône-Alpes-- France--Dauphine|France,"4.830,4.680,8.000,4.910",,2019-01-16,2022-creator-sprint|sprint-2021-05
437e53bb-37e3-4ef6-a54e-bc56c01a1cdd,"Damme, Jan van, engraver.|Jansson, Jan, 1588-1664. Appendix Atlas|Vignaud, Henry, 1830-1922, former owner.",null|null|null,Early maps,between 1631 and 1633,1631,1631-1633,France--Bourgogne-Franche-Comté|France,"2.845,46.156,7.143,48.400",http://sws.geonames.org/11071619,2021-04-16,sprint-2021-05|2022-creator-sprint|202212bbox|sprint-2021-05
ac92377f-7cac-4852-9259-db6dd2e38e58,,,,,1936,1936-1936,Great Lakes,"-93.000,38.000,-61.000,58.000",http://sws.geonames.org/4994594,2021-04-16,sprint-2021-05
1cb29953-28a1-430a-92ac-8325868b0bf2,"Lotter, Matthäus Albrecht, 1741-1810|Lotter, Tobias Conrad, 1717-1777",null|null,,1778,,1778-1778,North America,"-89.35,29.02,-53.78,53.5",,2019-01-16,2022-creator-sprint|sprint-2021-05
2911d63b-cbb8-4282-ba56-ef079a0015b4,"Chatelain, Henri Abraham|Chatelain, Henri Abraham. Atlas historique",null|null,World maps|Early maps,,1719,1719-1719,Great Lakes,"-93.67,35.92,-58.95,54.34",http://sws.geonames.org/4994594,2021-04-16,2022-creator-sprint|sprint-2021-05
e21e9c56-743b-47be-989c-1266bfbd7bf3,"Chatelain, Zacharias.|Lahontan, baron de, 1666-1716",null|fst01798812,,1719,,1719-1719,Canada,"-93.68,38.85,-58.08,58.02",,2019-01-16,2022-creator-sprint|sprint-2021-05
1b115b92-783a-450a-acda-723768cfb58e,"France. Dépôt des cartes et plans de la marine|Petit, Sculp.|Sartine, Antoine de, comte d'Alby, 1729-1801",null|null|fst00061555,,1778,,1778-1778,United States of America,"-92.000,30.250,-74.000,40.000",,2019-01-16,2022-creator-sprint|sprint-2021-05
91746289-b4f3-479e-9019-de7f511f3bd6,"Burland Lithographic Co., publisher.",null,Cadastral maps,1884,n.d.,1884-1884,Canada--Quebec|Canada|Canada,"-79.76,44.99,-57.11,62.58",http://sws.geonames.org/6115047,2021-04-16,sprint-2021-05|2022-creator-sprint|202212bbox|sprint-2021-05
2b40dbac-b2ae-4e20-ba52-1d4b72a99993,[creator not identified],null,,1839,,1839-1839,France-- Île-de-France--Paris|France,"1.7,48.48,3.07,49.18",,2019-01-16,2022-creator-sprint|sprint-2021-05
27730108-bd8d-4b53-af96-fd8e4b131162,"Andriveau-Goujon, E. (Eugène), 1832-1897|Potiquet, Alfred.",fst02013620|null,,1878,,1878-1878,France,"-5.53,41.9,9.55,51.55",,2019-01-16,2022-creator-sprint|sprint-2021-05
64149ef6-f1d0-48e7-8c81-ed413f5a9d43,"Chatelain, Henri Abraham|Chatelain, Henri Abraham. Atlas historique",null|null,,1732?,,1732-1732,North America,"9.400,0.000,115.780,57.520",,2019-01-16,2022-creator-sprint|sprint-2021-05
e11cfdb6-34c5-459c-9bf7-abbe885bb9ed,,,World maps|Early maps,,1892,1892-1892,Western Hemisphere,"-93.55,-85.08,-28.65,84.9",,2021-04-16,sprint-2021-05
bb0972e1-47e9-4cf9-9d1f-9ae28d94a6a9,,,Early maps,,1892,1892-1892,Southern Hemisphere,"-179.99,-89.99,179.99,10.60",,2021-04-16,-180TO180|sprint-2021-05
5c3957b6-d8f6-440c-852e-6b67228ad323,"Jansson, Jan, 1588-1664. Appendix Atlas|Vignaud, Henry, 1830-1922, former owner.",null|null,Early maps,approximately 1680,1680,1680-1680,Catalonia-- Spain--Catalonia|Spain--Catalonia|Spain,"0.519,41.267,3.331,42.843",http://sws.geonames.org/3336901,2021-04-16,sprint-2021-05|2022-creator-sprint|202212bbox|sprint-2021-05
ccd287ee-6286-48e9-b0ce-d0f5a298602e,"Jansson, Jan, 1588-1664. Appendix Atlas|Vignaud, Henry, 1830-1922, former owner.",null|null,,approximately 1636,,1636-1636,United Kingdom-- Wales--Ceredigion|United Kingdom,"-4.71,52.03,-3.72,52.58",,2019-01-16,2022-creator-sprint|sprint-2021-05
7c7ad98e-b502-4c11-b54c-22b57f648102,"Fer, Nicolas de, 1646-1720|Inselin, C., engraver",fst00101496|null,,1700,,1700-1700,Mexico,"-126.77,20.25,-91.8,48.88",,2019-01-16,2022-creator-sprint|sprint-2021-05
a9c9a4d6-9659-4770-8237-6b24b946a5ee,,,,,1911,1911-1911,Michigan--Washtenaw County|Michigan,"-84.12,42.07,-83.55,42.43",http://sws.geonames.org/5014120,2021-04-16,sprint-2021-05
fd0894e6-76b1-4c6e-a327-c8e5411d7dea,"Jansson, Jan, 1588-1664|Jansson, Jan, 1588-1664. Appendix Atlas|Vignaud, Henry, 1830-1922, former owner.",fst00012480|null|null,,approximately 1636,,1636-1636,FR.A4-- France--Champagne-Ardena|France,"3.27,47.82,5.75,49.75",,2019-01-16,2022-creator-sprint|sprint-2021-05
9a9c807c-5f81-4022-9c89-e255a4cf8cde,,,,,1922,1922-1922,Michigan--Charlevoix County|Michigan,"-85.43,45.1,-84.72,45.38",,2021-04-16,sprint-2021-05
b7f5176e-8821-4027-9483-10e10b2d96d1,"Ackerman Lithr.|Kane, Elisha Kent, 1820-1857|United States. Congress. Senate (34th, 1st Session : 1855)",fst02013601|fst00155285|null,,,1855,1855-1855,Arctic,"-82.12,70.32,-50.2,82.4",http://sws.geonames.org/10941926,2021-04-16,2022-creator-sprint|sprint-2021-05
da3d1c3d-ef84-4525-9e26-3d76b5764fb6,,,Thematic maps,between 1853 and 1855,1856,1853-1855,Arctic Regions,"-179.99,45.87,179.99,89.99",http://sws.geonames.org/10941926,2021-04-16,sprint-2021-05|202212bbox|-180TO180|sprint-2021-05
4c429a50-946f-48d7-be61-cb67acfa16a8,"Ackerman Lithr.|Kane, Elisha Kent, 1820-1857|United States. Congress. Senate (34th, 1st Session : 1855)",fst02013601|fst00155285|null,,,1855,1855-1855,Arctic,"-79.02,78.08,-57.22,82.83",http://sws.geonames.org/10941926,2021-04-16,2022-creator-sprint|sprint-2021-05
d8e79d54-60f2-42dd-a8f5-22261b4f37f9,"Comstock, C. B. (Cyrus Ballou), 1831-1910|Dougal, William H., 1822-1895|Molitor, E.|Raynolds, W. F. (William Franklin), 1820-1894|U.S. Lake Survey",fst00173935|fst01511971|fst02013652|fst00374371|fst00533998,,1886,,1886-1886,Michigan--Isle Royale|Michigan,"-89.68,47.78,-87.97,48.53",,2019-01-16,2022-creator-sprint|sprint-2021-05
953d521a-e8f7-4b0a-b9bd-4305a3795916,"Chaffee, O. N. (Engineer)|Comstock, C. B. (Cyrus Ballou), 1831-1910|Farquhar, F. U. (Francis Ulric)|Flint, Anthony Ray, 1924-|Green, B. D. (Surveyor)|Gregory, James F. (James Fingal), 1843-1897|Lamson, A. C.|Livermore, W. R. (William Roscoe), 1843-1919|Mayer, J. R. (John R.)|Molitor, Albert|Raynolds, W. F. (William Franklin), 1820-1894, surveyor|Towar, F. M.|U.S. Lake Survey, issuing body|United States. War Department. Corps of Engineers|Wisner, G. Y.",null|fst00173935|null|null|null|null|null|fst01968306|fst02013868|null|null|null|null|fst01853269|null,Nautical charts,between 1867 and 1887,1874,1867-1887,Lake Saint Clair|Michigan,"-82.92,42.28,-82.4,42.7",,2019-01-16,sprint-mar2020|2022-creator-sprint|sprint-2021-05
4c1e59d2-9ac4-4534-b800-4624cc4f5d67,"Faden, William, 1749-1836|Palmer, William (Engraver for Faden)",fst01720291|null,,,1784,1784-1784,Pacific Ocean,"130.2,50.0,-100.4,75.0",http://sws.geonames.org/2363254,2021-04-16,bbox-verified_2023-02-27|2022-creator-sprint|FixedBBoxes|bboxSprintJune2023|sprint-2021-05
5b5a11e8-c4ef-4671-b8ed-ae217e056f07,"United States. Congress. Senate (48th, 1st Session : 1883)",null,,,1883,1883-1883,Arctic,"-80.88,68.95,-48.83,79.62",http://sws.geonames.org/10941926,2021-04-16,2022-creator-sprint|sprint-2021-05
7dc18443-98c3-4862-9119-484fbf6dcb9f,American Bank Note Company,fst00635702,World maps,1894,,1894-1894,World,"-179.99,-89.99,179.99,89.99",,2019-01-16,2022-creator-sprint|-180TO180|sprint-2021-05
fe9da789-ff05-40b3-a84e-e99938f3596f,"Gollmer, H., engraver.|Moore, James B.",null|null,Nautical charts,1850,1850,1850-1850,World,"-23.000,-65.000,0.000,81.000",,2019-01-16,sprint-mar2020|2022-creator-sprint|sprint-2021-05
74155453-95f0-48dc-b9db-3c1a1251f2e1,"Smith, W. A. (Cartographer)",null,Thematic maps,1850-1890,1891,1850-1891,United States,"-124.98,22.61,-67.18,49.31",http://sws.geonames.org/6252001,2021-04-16,sprint-2021-05|2022-creator-sprint|202212bbox|sprint-2021-05
989c718f-f085-48bd-8fcb-ea94c3e520ae,"Graham, J. D. (James Duncan), 1799-1865|United States. Army. Corps of Topographical Engineers",fst00245874|fst00531525,,approximately 1856,1856,1856-1856,Illinois--Chicago|Illinois,"-87.631,41.877,-87.598,41.899",,2019-01-16,bbox-verified_2023-02-27|sprint-mar2020|2022-creator-sprint|bboxSprintJune2023|sprint-2021-05
c43b3e4f-a2d4-4aec-90b1-3cbedd6772d4,"Graham, J. D. (James Duncan), 1799-1865|United States. Army. Corps of Topographical Engineers",fst00245874|fst00531525,,1858,,1858-1858,Illinois--Chicago|Illinois,"-87.632,41.874,-87.596,41.901",,2019-01-16,bbox-verified_2023-02-27|2022-creator-sprint|FixedBBoxes|bboxSprintJune2023|sprint-2021-05
cf0aad24-c644-4334-bbfa-e8797a35438d,"Graham, J. D. (James Duncan), 1799-1865|United States. Army. Corps of Topographical Engineers",fst00245874|fst00531525,,1857,1857,1857-1857,Illinois--Chicago|Illinois,"-87.646,41.868,-87.596,41.905",,2019-01-16,bbox-verified_2023-02-27|sprint-mar2020|2022-creator-sprint|bboxSprintJune2023|sprint-2021-05
23b58777-77d9-4ac6-a779-9f7fbd6eade8,[creator not identified],null,,1893,,1893-1893,Illinois--Chicago|Illinois,"-87.63,41.67,-87.58,41.88",,2019-01-16,2022-creator-sprint|sprint-2021-05
3ab8dc0b-9120-4d64-8cb5-813b02e079d9,"Rand McNally and Company, engravers.",null,,ca. 1898?,,1898-1898,Michigan,"-87.95,41.25,-82.68,46.13",,2019-01-16,2022-creator-sprint|sprint-2021-05
680d43d8-eb9c-41dc-9bee-ee8f665f5b1f,"Bradford, T. G. (Thomas Gamaliel), 1802-1887",fst01434898,,1835,,1835-1835,Eastern Asia,"93.000,20.000,143.000,40.000",,2019-01-16,2022-creator-sprint|sprint-2021-05
c273c305-bed7-4f15-ba0e-260fd31a14d4,"Blaeu, Joan, 1596-1673|Blaeu, Willem Janszoon, 1571-1638",fst00055883|fst00050858,,1643,,1643-1643,China--People's Republic of China,"96.03,12.98,154.2,52.98",,2019-01-16,2022-creator-sprint|sprint-2021-05
83209dc5-38fe-4877-bf72-b6163657dad9,"Blaeu, Joan, 1596-1673|Blaeu, Willem Janszoon, 1571-1638",fst00055883|fst00050858,,1642,,1642-1642,China--People's Republic of China,"96.03,12.98,154.2,52.98",,2019-01-16,2022-creator-sprint|sprint-2021-05
56c28887-4f21-47a2-92a0-9dc0738c5cdc,"Barbuda, Luis Jorge de, fl. 1575-1599|Ortelius, Abraham, 1527-1598",null|fst00000509,,1584,,1584-1584,Eastern Asia,"119.93,33.1,135.88,47.28",,2019-01-16,2022-creator-sprint|sprint-2021-05
3b39c4e0-9fd2-44b1-9330-37252d8e808e,"Tirinus, Jacobus, 1580-1636.",,Early maps|Thematic maps,between 1632 and 1650,n.d.,1632-1650,Palestine,"30.000,29.000,38.000,34.000",,2019-01-16,sprint-mar2020|2022-creator-sprint|sprint-2021-05
c7e0cf34-dea8-4611-b8b1-b923217bcafe,,,Manuscript maps,between 1817 and 1971,1971,1817-1971,Ann Arbor-- Michigan--University of Michigan|Michigan--Ann Arbor|Michigan,"-83.741,42.275,-83.735,42.279",,2021-04-16,sprint-2021-05|202212bbox|sprint-2021-05
2ef98959-3a5a-4359-8e86-577310a40491,"Pettibone, Darwin A., 1827-1894",null,,1854,,1854-1854,Michigan--Ann Arbor|Michigan,"-83.77,42.27,-83.73,42.3",,2019-01-16,2022-creator-sprint|sprint-2021-05
c0b81609-f233-4004-a5de-6e86ebdace1e,"Pettibone, S.|Worley & Bracher",null|fst00598699,,1869,,1869-1869,Michigan--Ann Arbor|Michigan,"-83.785,42.253,-83.698,42.316",,2019-01-16,bbox-verified_2023-02-27|2022-creator-sprint|FixedBBoxes|bboxSprintJune2023|sprint-2021-05
9e905670-4ec8-4263-ab8f-c58af91511c7,"Hart, Henry (Civil engineer)|Miller & Co.",fst02013832|fst02013873,,1853,,1853-1853,Michigan--Ann Arbor|Michigan,"-83.76,42.27,-83.73,42.29",,2019-01-16,2022-creator-sprint|sprint-2021-05
7be042b3-9556-4f68-ba7c-7d8674efded3,"Pettibone, S.",null,,1870,,1870-1870,Michigan--Ann Arbor|Michigan,"-83.76,42.27,-83.73,42.3",,2019-01-16,2022-creator-sprint|sprint-2021-05
ef669b53-2097-4783-a029-c7c20576712c,"Lant, Frank P.",,,approximately 1886,1886,1886-1886,New York--Hudson|New York--New York State,"-73.809,42.239,-73.768,42.263",,2019-01-16,2022-creator-sprint|sprint-2021-05
a6eb4ab6-1c64-4a1f-9f2b-39129b5fef96,,,,,185-?,1850-1859,Michigan--Saint Joseph|Michigan,"-86.48,42.11,-86.47,42.111",http://sws.geonames.org/5008377,2021-04-16,sprint-2021-05|202212bbox|sprint-2021-05
fb5f7239-e47d-496c-812a-0ba41a1600f4,"Woodard, C. S. (Charles Sherman),Shober, Charles.",,,1859,,1859-1859,Michigan--Ypsilanti|Michigan,"-83.660,42.214,-83.572,42.279",,2019-01-16,bbox-verified_2023-02-27|2022-creator-sprint|bboxSprintJune2023|sprint-2021-05
b41e4fd7-9403-4050-b2f2-54f2ca231024,"Agas, Ralph, 1545-1621",fst02013605,Aerial views,1560-1570,,1560-1570,England--London|England,"-0.14,51.49,-0.07,51.52",http://sws.geonames.org/2643743,2019-01-16,2022-creator-sprint|sprint-2021-05
07d-01,University of Michigan,,Digital repositories,,,,Michigan|World,"-180.000,-90.000,180.000,90.000",,,ogm
0acd9a5a-ce9f-4ab6-b5c3-a65f63788f5d,[creator not identified],,,1868?,1868,1868-1868,England--London|England,"-0.180,51.480,0.000,51.550",http://sws.geonames.org/2643743,2019-01-16,sprint-mar2020|2022-creator-sprint|sprint-2021-05
a71bdd40-43e3-49d1-8a1a-40e562605ad8,George H. Adams & Son.,,,approximately 1884,1884,1884-1884,Colorado,"-109.000,37.000,-102.000,41.000",,2019-01-16,2022-creator-sprint|sprint-2021-05
25c6f813-2f3d-497b-9051-ef2f198ef30b,"Colton, J. H. (Joseph Hutchins), 1800-1893|Dahl, James, former owner",fst00010584|null,,1864,,1864-1864,United States of America,"-124.37,31.22,-101.57,42.12",,2019-01-16,2022-creator-sprint|sprint-2021-05
b2d2c091-d81d-4225-b8c1-46e8f9805369,"Colton, J. H. (Joseph Hutchins), 1800-1893|Dahl, James, former owner|G.W. & C.B. Colton & Co.",fst00010584|null|fst02053483,,1869,,1869-1869,United States of America,"-124.93,31.17,-101.97,42.08",,2019-01-16,2022-creator-sprint|sprint-2021-05
a48989bf-6092-49b9-bf4e-e92010763ccf,"Colton, G. Woolworth (George Woolworth), 1827-1901",fst01459585,World maps,1855,,1855-1855,World,"-179.99,-89.99,179.99,89.99",,2019-01-16,2022-creator-sprint|-180TO180|sprint-2021-05
7be13d3e-7110-4b32-a75f-eb24cec2ac60,"Dahl, James, former owner|G.W. & C.B. Colton & Co.",null|fst02053483,,1873,,1873-1873,United States of America,"-114.97,31.1,-102.82,37.3",,2019-01-16,2022-creator-sprint|sprint-2021-05
9072e622-bd1f-434d-8022-923d291f578f,,,"Thematic maps
",1861,1861,1861-1861,United States,"-124.98,22.61,-67.18,49.31",http://sws.geonames.org/6252001,2021-04-16,sprint-2021-05|202212bbox|sprint-2021-05
0db57ea4-be95-4c78-b06b-ab40677c2d44,"Colton, G. Woolworth (George Woolworth), 1827-1901. General atlas|Dahl, James, former owner|G.W. & C.B. Colton & Co.",null|null|fst02053483,,1874,,1874-1874,United States of America,"-114.000,36.000,-102.000,42.000",,2019-01-16,2022-creator-sprint|sprint-2021-05
8b8dd72f-7b06-437d-99fd-2ccaaea722e0,"Jansson, Jan, 1588-1664|Jansson, Jan, 1588-1664. Appendix Atlas|Vignaud, Henry, 1830-1922, former owner.",fst00012480|null|null,,approximately 1636,,1636-1636,England-- United Kingdom--Herefordshire|United Kingdom,"-3.14,51.8,-2.31,52.4",,2019-01-16,2022-creator-sprint|sprint-2021-05
6193efb7-9da7-4386-91c5-c771910ed25d,"Jansson, Jan, 1588-1664|Jansson, Jan, 1588-1664. Appendix Atlas|Vignaud, Henry, 1830-1922, former owner.",fst00012480|null|null,,approximately 1636,,1636-1636,England-- United Kingdom--Lancashire|United Kingdom,"-3.53,53.32,-2.08,54.35",,2019-01-16,2022-creator-sprint|sprint-2021-05
331d9d1b-d6a1-436e-a384-99be9d098109,"Jansson, Jan, 1588-1664|Jansson, Jan, 1588-1664. Appendix Atlas|Vignaud, Henry, 1830-1922, former owner.",fst00012480|null|null,,approximately 1636,,1636-1636,Ireland-- Leinster--Leinster|Ireland,"-8.08,52.13,-5.82,53.77",,2019-01-16,2022-creator-sprint|sprint-2021-05
179c9d80-773c-447c-985b-bb1f49a9f43f,Whitman & Breck.,,,,1880,1880-1880,United States,"-125.450,24.850,-66.930,50.000",http://sws.geonames.org/6252001,2021-04-16,2022-creator-sprint|sprint-2021-05
5b1a44c8-352a-4a76-bad4-f4bf43ceb77a,"Arrowsmith, Aaron, 1750-1823|Lewis, Samuel, 1753 or 1754-1822",fst00182405|null,,1805,,1805-1805,Connecticut,"-73.64,41.01,-71.9,42.03",,2019-01-16,2022-creator-sprint|sprint-2021-05
373560a5-7a0a-4750-8860-58772969427d,"Hondius, Hendrik, 1597-1651. Appendix Atlas of the British Isles and Northern Europe|Jansson, Jan, 1588-1664. Appendix Atlas of the British Isles and Northern Europe|Vignaud, Henry, 1830-1922, former owner.",null|null|null,,between 1630 and 1639,,1630-1639,United Kingdom,"-5.85,49.95,-1.63,52.65",,2019-01-16,2022-creator-sprint|sprint-2021-05
1c2a044e-6169-4cff-bb59-97e27875d68d,[creator not identified],null,,1739,,1739-1739,Africa,"-7.42,-35.92,21.55,-9.55",,2019-01-16,2022-creator-sprint|sprint-2021-05
40b65add-a0bc-4923-b77d-fb41261cac3d,"Dahl, James, former owner|Mitchell, S. Augustus (Samuel Augustus), 1792-1868",null|fst00012500,,1881,,1881-1881,United States of America,"-115.000,31.000,-103.000,37.000",,2019-01-16,2022-creator-sprint|sprint-2021-05
2ca8ad83-543f-4333-b83b-caa9174f9e95,"Dahl, James, former owner|Mitchell, S. Augustus (Samuel Augustus), 1792-1868",null|fst00012500,,1881?,,1881-1881,United States of America,"-120.000,35.000,-109.000,42.000",,2019-01-16,2022-creator-sprint|sprint-2021-05
154e4615-e5a7-4cf2-beac-4d234539ebce,"Dahl, James, former owner|Mitchell, S. Augustus (Samuel Augustus), 1792-1868",null|fst00012500,,1881?,,1881-1881,United States of America,"-120.000,35.000,-109.000,42.000",,2019-01-16,2022-creator-sprint|sprint-2021-05
c09c6c43-69ce-457d-9b5a-a92fefa28ba7,"Dahl, James, former owner|Mitchell, S. Augustus (Samuel Augustus), 1792-1868",null|fst00012500,,1881,,1881-1881,California,"-124.4,32.47,-114.12,42.07",,2019-01-16,2022-creator-sprint|sprint-2021-05
7daa5e65-da0f-4217-ba97-5ae0fb399c07,"Dahl, James, former owner|Mitchell, S. Augustus (Samuel Augustus), 1792-1868",null|fst00012500,,1882,,1882-1882,California,"-124.88,32.22,-114.03,42.53",,2019-01-16,2022-creator-sprint|sprint-2021-05
b72eb661-6f57-400f-a5f3-17523e0b740a,"Dahl, James, former owner|Gamble, W. H. (William H.), engraver|Mitchell, S. Augustus (Samuel Augustus), 1792-1868",null|null|fst00012500,Military maps,1876,,1876-1876,United States of America,"-120.42,36.62,-108.33,42.28",,2019-01-16,2022-creator-sprint|sprint-2021-05
a2b70dba-5c8c-4f0d-8bbe-f2a0650196e3,"Calvert Lithographing Co. (Detroit, Mich.)",fst00678586,,1885,1885,1885-1885,Michigan--Lodi Township|Michigan,"-83.9,42.17,-83.78,42.26",,2019-01-16,sprint-mar2020|2022-creator-sprint|sprint-2021-05
72c9e1f4-d38b-40e5-8e4a-f5f390ee6dfd,"Dahl, James, former owner|Kitchin, Thomas, 1718-1784. A general atlas, describing the whole universe.|Ross, John, lieutenant|Sayer, Robert, 1725-1794",null|null|null|fst00055649,,1775,,1775-1775,Mississippi River,"-95.03,29.13,-89.08,38.27",,2019-01-16,2022-creator-sprint|sprint-2021-05
754717d8-8cc8-4134-93b1-762f071a9625,"Cruchley, G. F.",null,,1843,,1843-1843,England--London|England,"-0.18,51.49,0.01,51.54",http://sws.geonames.org/2643743,2019-01-16,2022-creator-sprint|sprint-2021-05
efa3e0f6-f93a-4202-9ecf-a259e706d269,,,,,1893,1893-1893,Greenland--Greenland|Greenland,"-40.4,64.82,-14.95,75.45",http://sws.geonames.org/3425505,2021-04-16,sprint-2021-05
ab6285b1-50a3-4552-85d1-cbfe684e734c,"Alexander, Samuel|United States. Army. Corps of Engineers",null|fst00534195,Military maps,1862?,1861,1862-1862,Virginia--Culpeper County|Virginia,"-78.33,38.38,-77.78,38.75",,2019-01-16,sprint-mar2020|2022-creator-sprint|sprint-2021-05
0469f3b8-bfef-44db-b0ea-65d35f82399d,,,,,Meiji 9 1876,1849-1849,Japan,"135.680,36.000,143.170,41.950",http://sws.geonames.org/1861060,2021-04-16,sprint-2021-05
46a2191e-b468-47e0-82a6-7f8ef3fbc981,"Davies, Benjamin Rees",fst02013800,,1859,,1859-1859,England--London|England,"-0.25,51.46,0.03,51.58",http://sws.geonames.org/2643743,2019-01-16,2022-creator-sprint|sprint-2021-05
368d4a86-dc77-44ee-b0e4-4e45d66a58e1,,,Pictorial maps,between 1865 and 1868,n.d.,1865-1868,Japan,"122.71,20.21,154.21,45.71",http://sws.geonames.org/1852487,2021-04-16,bbox-verified_2023-02-27|sprint-2021-05|sprint-2021-05
5fcb3f01-2d9b-40ea-9306-fdf9e1953f4c,"Barentsz, Willem, approximately 1550-1597|Claesz, Cornelis, approximately 1546-1609|Duetecum, Baptista",fst01806703|fst01950789|fst00367772,,1598,,1598-1598,Arctic,"-179.90,60.00,179.99,85.00",,2019-01-16,bbox-verified_2023-02-27|2022-creator-sprint|bboxSprintJune2023|sprint-2021-05
a9fed376-a74d-4f18-be01-da6cd31c3b01,"Hansen, Jules, 1849-1931.",,,1881,,1881-1881,Asia,"-179.99,0.00,179.99,89.99",,2019-01-16,2022-creator-sprint|-180TO180|sprint-2021-05
e4b3a96b-7505-4805-aabd-ead770eb50e9,"Jansson, Jan, 1588-1664|Jansson, Jan, 1588-1664. Appendix Atlas|Vignaud, Henry, 1830-1922, former owner.",fst00012480|null|null,,approximately 1636,,1636-1636,France-- Hauts-de-France--Picardy|France,"1.37,50.12,2.85,50.82",,2019-01-16,2022-creator-sprint|sprint-2021-05
97ddb213-d863-4e3b-b71a-799a44ffce6f,"Hondius, Hendrik, 1597-1651. Appendix Atlas of the British Isles and Northern Europe|Jansson, Jan, 1588-1664. Appendix Atlas of the British Isles and Northern Europe|Vignaud, Henry, 1830-1922, former owner.",null|null|null,Early maps,between 1630 and 1639,163-,1630-1639,Germany--Rhine River|Germany,"4.041,45.370,10.745,52.003",,,sprint-2021-05|2022-creator-sprint|202212bbox|sprint-2021-05
103bca79-e61d-473e-ae5e-44102b08c5fe,"Hondius, Hendrik, 1597-1651|Jansson, Jan, 1588-1664. Atlantis Maioris Appendix, 1630|Vignaud, Henry, 1830-1922, former owner.",fst00101029|null|null,,,1630,1630-1630,Germany--Rhine River|Germany,"4.95,51.56,6.7,52.01",,2021-04-16,2022-creator-sprint|sprint-2021-05
3930cda7-5749-4266-ba3f-df84e494116a,"Jansson, Jan, 1588-1664. Appendix Atlas|Vignaud, Henry, 1830-1922, former owner.",null|null,,between 1630 and 1639,1636?.,1630-1639,France--Centre|France|France,"0.649,46.963,2.476,48.151",http://sws.geonames.org/3027939,2021-04-16,bbox-verified_2023-02-27|sprint-2021-05|2022-creator-sprint|202212bbox|FixedBBoxes|bboxSprintJune2023|sprint-2021-05
d48e4633-54db-4616-b77e-08604623dc01,"Jansson, Jan, 1588-1664. Appendix Atlas|Petit-Bourbon, Pierre, 1598-1667, engraver.|Vignaud, Henry, 1830-1922, former owner.",null|null|null,Early maps,between 1630 and 1639,1636?,1630-1639,France--Hauts-de-France|France,"1.380,48.837,4.256,51.089",http://sws.geonames.org/11071624,2021-04-16,sprint-2021-05|2022-creator-sprint|202212bbox|sprint-2021-05
7a381281-1dc9-4b88-b38f-39a95ca977c5,"Leclerc, Jean, 1560-1621|Leclerc, Jean, 1560-1621, cartographer|Vignaud, Henry, 1830-1922",null|null|fst00243880,,between 1630 and 1639,,1630-1639,Centre-- France--Loiret|France,"0.97,46.93,2.59,47.92",,2019-01-16,2022-creator-sprint|sprint-2021-05
6515d6a4-74e7-4595-888b-69ceb69aaf6d,"Boisseau, Jean, active 1637-1658. Theatre des Gaules|Leclerc, Jean, 1560-1621. Théatre géographique du Royaume de France|Templeux, Damien de, Sieur de Frestoy|Vignaud, Henry, 1830-1922",null|null|null|fst00243880,,between 1630 and 1639,,1630-1639,Centre-- France--Beauce|France,"0.79,47.57,2.53,49.09",,2019-01-16,2022-creator-sprint|sprint-2021-05
49011851-3315-47dc-a02b-be1a0b199d50,"Leclerc, Jean, 1560-1621|Leclerc, Jean, 1560-1621, cartographer|Templeux, Damien de, Sieur de Frestoy, engraver|Vignaud, Henry, 1830-1922",null|null|null|fst00243880,,between 1630 and 1639,,1630-1639,France--Normandy|France,"-2.25,48.41,1.85,50.28",,2019-01-16,2022-creator-sprint|sprint-2021-05
b9000b7b-7f0f-4a61-baeb-c3e0709bb4b9,"Bouguereau, Maurice, d. 1596|Leclerc, Jean, 1560-1621. Théatre géographique du Royaume de France|Vignaud, Henry, 1830-1922",null|null|fst00243880,,between 1630 and 1639,,1630-1639,France--Brittany|France,"-5.13,46.83,-0.72,48.9",,2019-01-16,2022-creator-sprint|sprint-2021-05
2e75fff7-1ab4-4e05-a71d-ac660903c803,"Booth, Charles, 1840-1916",fst00056751,Thematic maps,between 1887 and 1889,1891?,1887-1891,England--London|England,"-0.510,51.287,0.334,51.692",http://sws.geonames.org/2643743,2021-04-16,sprint-2021-05|2022-creator-sprint|sprint-2021-05
841cb60b-9561-4eba-8e9d-09aa0bb29225,Hurd-Martin Co. (Formerly Hurd-Wheeler Co.),null,Aerial views,1907,,1907-1907,Michigan--Detroit|Michigan,"-83.06,42.33,-83.04,42.34",,2019-01-16,2022-creator-sprint|sprint-2021-05
6a1c31c9-d82f-4314-82d6-0704157e5a4b,Rand McNally and Company,fst00539874,,1898,1898,1898-1898,Michigan--Detroit|Michigan,"-83.288,42.255,-82.910,42.450",,2019-01-16,sprint-2021-05|2022-creator-sprint|202212bbox|sprint-2021-05
b485e47e-25f7-487c-9456-dfe75752b7cc,[creator not identified],,Cadastral maps,between 1910 and 1919,,1910-1919,Michigan--Detroit|Michigan,"-83.06,42.36,-83.059,42.361",,2019-01-16,bbox-verified_2023-02-27|sprint-mar2020|2022-creator-sprint|sprint-2021-05
7f7c9b17-476e-4c50-890c-acfb019a328d,Detroit Photographic Co.,fst00634287,,1898,,1898-1898,Michigan--Detroit|Michigan,"-83.090,42.300,-83.000,42.350",,2019-01-16,2022-creator-sprint|sprint-2021-05
91aa101f-0bc8-4976-95aa-230aad53f43f,Rand McNally and Company,fst00539874,,c1895,,1895-1895,Michigan--Detroit|Michigan,"-83.1,42.32,-83.01,42.37",,2019-01-16,2022-creator-sprint|sprint-2021-05
0583035b-dd30-4c37-a170-0a867c16ab30,"Jansson, Jan, 1588-1664|Jansson, Jan, 1588-1664. Appendix Atlas|Vignaud, Henry, 1830-1922, former owner.",fst00012480|null|null,,approximately 1636,,1636-1636,England-- United Kingdom--Devon|United Kingdom,"-4.58,50.18,-2.88,51.25",,2019-01-16,2022-creator-sprint|sprint-2021-05
7d2906c2-4825-4ada-81e7-28ae4046554f,,,"Thematic maps
",1871-1872,1873,1873-1873,Arctic,"-85.2,75.4,-39.4,83.5",http://sws.geonames.org/10941926,2021-04-16,bbox-verified_2023-02-27|sprint-2021-05|FixedBBoxes|bboxSprintJune2023|sprint-2021-05
056f9297-f493-4de1-b98e-b86aebc19d83,,,,,1888,1888-1888,Baffin Bay,"-75.050,61.750,-63.000,66.920",http://sws.geonames.org/3831554,2021-04-16,sprint-2021-05
e5939a35-6819-4b57-a72a-8d126f7a6d87,"Jansson, Jan, 1588-1664. Appendix Atlas|Vignaud, Henry, 1830-1922, former owner.",null|null,Early maps,between 1630 and 1639,1636?,1630-1639,France-- Grand-Est--Champagne-Ardenne|France--Grand-Est|France,"2.792,47.563,6.439,50.093",http://sws.geonames.org/3027256,2021-04-16,bbox-verified_2023-02-27|sprint-2021-05|2022-creator-sprint|sprint-2021-05
431316e1-e749-477c-b2b4-4e0ba9e56d60,"Lithographic Establishment, Quarter Master Generals Office Horse Guards.",null,,,,1839-1842,North America,"-72.28,44.7,-65.95,48.21",http://sws.geonames.org/6255149,2021-04-16,2022-creator-sprint|sprint-2021-05
5a6f40de-c9c0-452a-ace5-85b90632eb00,Geological Survey (U.S.),fst00547115,,,1900,1900-1900,United States,"-126.9,24.13,-66.93,49.78",http://sws.geonames.org/6252001,2021-04-16,2022-creator-sprint|sprint-2021-05
a19bae50-883c-4e2d-bfb5-5ad124aa6bc9,U.S. Coast and Geodetic Survey,fst00533999,,1894,,1894-1894,D.C.-- Washington--Washington DC,"-77.180,38.780,-76.900,39.000",,2019-01-16,2022-creator-sprint|sprint-2021-05
879ce97a-9ab7-4b83-9e3b-951fed007c6a,Homer Warren and Company.,,Cadastral maps,between 1950 and 1959,n.d.,1950-1959,Michigan--Detroit|Michigan,"-83.288,42.255,-82.910,42.450",,2021-04-16,sprint-2021-05|2022-creator-sprint|202212bbox|sprint-2021-05
a8aa6fe2-40fd-438d-8023-836248635437,"Seutter, Matthaeus, 1678-1756",fst00111627,Aerial views|Early maps,between 1740 and 1760,n.d.,1740-1760,Germany-- Saxony--Dresden|Germany,"13.71,51.03,13.77,51.07",,2019-01-16,2022-creator-sprint|sprint-2021-05
c30393ba-a2de-4deb-9371-3bdb04413a89,"Clarke, W. B.|Henshall, W.|Society for the Diffusion of Useful Knowledge (Great Britain)",fst02013735|null|fst00519759,,1833,,1833-1833,Germany--Saxony--Dresden|Germany,"13.704,51.035,13.780,51.078",,2019-01-16,bbox-verified_2023-02-27|2022-creator-sprint|FixedBBoxes|bboxSprintJune2023|sprint-2021-05
3df404d1-e852-4985-8ed2-c5e4499afcbb,"Hondius, Hendrik, 1597-1651|Jansson, Jan, 1588-1664|Jansson, Jan, 1588-1664. Atlantis Maioris Appendix, 1630|Vignaud, Henry, 1830-1922, former owner.",fst00101029|fst00012480|null|null,,between 1630 and 1639,,1630-1639,Germany--Schleswig-Holstein|Germany,"8.47,53.42,11.35,54.87",,2019-01-16,2022-creator-sprint|sprint-2021-05
960099bc-1806-4e85-b445-e829e3017969,"Hondius, Hendrik, 1597-1651|Hondius, Hendrik, 1597-1651. Appendix Atlas of the British Isles and Northern Europe|Jansson, Jan, 1588-1664. Appendix Atlas of the British Isles and Northern Europe|Vignaud, Henry, 1830-1922, former owner.",fst00101029|null|null|null,,between 1630 and 1639,,1630-1639,Germany--Schleswig-Holstein|Germany,"8.43,53.42,11.2,54.7",,2019-01-16,2022-creator-sprint|sprint-2021-05
e86ff6da-a9cc-41c4-9771-a7767b071dda,"Hardy, Claude, d. 1678, engraver|Hondius, Hendrik, 1597-1651|Jansson, Jan, 1588-1664|Jansson, Jan, 1588-1664. Atlantis Maioris Appendix, 1630|Tavernier, Melchior, -1641, vendor.|Vignaud, Henry, 1830-1922, former owner.",null|fst00101029|fst00012480|null|null|null,,1630,,1630-1630,France--Brittany|France,"-5.22,47.02,-1.27,48.92",,2019-01-16,2022-creator-sprint|sprint-2021-05
96b1f2fd-1e7f-48cd-b524-77a0de47d041,"Hardy, Claude, d. 1678, engraver|Jansson, Jan, 1588-1664|Jansson, Jan, 1588-1664. Appendix Atlas|Vignaud, Henry, 1830-1922, former owner.",null|fst00012480|null|null,,approximately 1636,,1636-1636,France--Brittany|France,"-5.18,46.95,-0.92,48.9",,2019-01-16,2022-creator-sprint|sprint-2021-05
eb5e6ae8-0d84-4e95-991c-ab476886cc57,"MacCoun, Townsend, 1845-1932",,,1730,1909,1730-1730,New York--New York|New York--New York State,"-74.259,40.477,-73.700,40.918",,2019-01-16,sprint-2021-05|2022-creator-sprint|202212bbox|sprint-2021-05
87993c25-c001-4aae-8eb9-128649f49513,"Hondius, Hendrik, 1597-1651. Appendix Atlas of the British Isles and Northern Europe|Jansson, Jan, 1588-1664. Appendix Atlas of the British Isles and Northern Europe|Vignaud, Henry, 1830-1922, former owner.",null|null|null,,between 1630 and 1639,,1630-1639,England--London|England,"-2.5,52.32,1.85,54.73",http://sws.geonames.org/2643743,2019-01-16,2022-creator-sprint|sprint-2021-05
cfb96666-3a09-4db6-9a9a-24036415a252,[creator not identified],null,,between 1800 and 1899,n.d.,1800-1800,Japan-- Niigata--Niigata-ken|Japan,"137.93,36.98,139.55,38.53",,2019-01-16,2022-creator-sprint|sprint-2021-05
f3e77edc-0a29-4a85-8ab9-f5ee9ef95310,"Rocque, John, -1762|Sayer, Robert, 1725-1794",fst01844412|fst00055649,,1773,,1773-1773,England|Wales,"-6.58,49.4,2.7,56.38",,2019-01-16,2022-creator-sprint|sprint-2021-05
54d83a56-4c40-411e-bf44-fd84781223f0,"Gamble, William|Graham, J. D. (James Duncan), 1799-1865|United States. Army. Corps of Topographical Engineers",fst00490413|fst00245874|fst00531525,,approximately 1856,1856,1856-1856,Illinois--Chicago|Illinois,"-87.628,41.880,-87.599,41.898",,2019-01-16,bbox-verified_2023-02-27|sprint-mar2020|2022-creator-sprint|bboxSprintJune2023|sprint-2021-05
89b81309-8c1b-4b05-b363-0fb25c4b55c0,"Gigas, Johann Michael, approximately 1582-1637?|Hondius, Hendrik, 1597-1651|Jansson, Jan, 1588-1664. Atlantis Maioris Appendix, 1630|Vignaud, Henry, 1830-1922, former owner.",null|fst00101029|null|null,,1630,,1630-1630,Germany-- North Rhine-Westphalia--Paderborn|Germany,"8.42,51.42,9.5,52.08",,2019-01-16,2022-creator-sprint|sprint-2021-05
55087db7-e813-4618-b553-ca9a2e7432fc,"Jansson, Jan, 1588-1664|Jansson, Jan, 1588-1664. Atlantis Maioris Appendix, 1630|Keere, Pieter van den, 1571-approximately 1646|Vignaud, Henry, 1830-1922, former owner.",fst00012480|null|fst01828192|null,,1630,,1630-1630,Germany-- Hesse--Erbach|Germany,"8.33,49.4,9.37,50.02",,2019-01-16,2022-creator-sprint|sprint-2021-05
cda7ded8-2865-4498-886a-ec63e310ccf3,"Jansson, Jan, 1588-1664|Jansson, Jan, 1588-1664. Appendix Atlas|Vignaud, Henry, 1830-1922, former owner.",fst00012480|null|null,,approximately 1636,,1636-1636,England-- United Kingdom--Essex|United Kingdom,"-0.19,51.39,1.41,52.09",,2019-01-16,2022-creator-sprint|sprint-2021-05
7bd7a1c0-378c-49a8-8edf-c98b95ce282b,Charles Knight & Co|J. & C. Walker (Firm)|Society for the Diffusion of Useful Knowledge (Great Britain),null|fst01984791|fst00519759,,between 1800 and 1899,n.d.,1800-1899,Europe,"-5.000,30.000,45.000,60.000",,2019-01-16,2022-creator-sprint|sprint-2021-05
a222b3ef-8d0b-4d77-85b0-65bfc23b5369,"Putsch, Johann.",null,,1550,,1550-1550,Europe,"-28.03,33.88,34.05,59.72",,2019-01-16,2022-creator-sprint|sprint-2021-05
7d4460f4-6b2b-4374-b060-1dd765a4cfe8,"Baldwin, Abigail L.",,,1819,,1819-1819,Europe,"-20.000,30.000,70.000,70.000",,2019-01-16,2022-creator-sprint|sprint-2021-05
e324341a-1cf8-4790-996c-5668dd5dbf83,"J. & G. Menzies.|Thomson, John, active 19th century.",null|null,,1815,,1815-1815,Europe,"-25.000,30.000,65.000,70.000",,2019-01-16,2022-creator-sprint|sprint-2021-05
2e877101-d776-4646-b09d-5e38b83b894a,,,Thematic maps,between 1840 and 1848,n.d.,1840-1848,United States,"-124.98,22.61,-67.18,49.31",http://sws.geonames.org/6252001,2021-04-16,sprint-2021-05|202212bbox|sprint-2021-05
c910453c-4838-4ef8-a120-b5849a17561a,"Blaeu, Willem Janszoon, 1571-1638",fst00050858,,,1667,1667-1667,Canada,"-71.13,43.02,-37.57,62.73",http://sws.geonames.org/6251999,2021-04-16,2022-creator-sprint|sprint-2021-05
6e8945ec-15c0-44b5-a127-2544b8ab56c1,Maull Co.,,Thematic maps,1910,1913,1913-1913,New York--New York City|New York,"-74.259,40.477,-73.700,40.918",http://sws.geonames.org/5128581,2021-04-16,sprint-2021-05|2022-creator-sprint|202212bbox|sprint-2021-05
dedee0d6-1310-4619-9354-dbdd52089348,"Farmer, John, 1798-1859|Silas Farmer & Co.",fst00448810|null,Thematic maps,1873,1873,1873-1873,Michigan,"-90.52,41.43,-82.4,48.22",,2019-01-16,2022-creator-sprint|sprint-2021-05
6e3e12f1-2442-4426-9de1-14b67adc273a,"Farmer, John, 1798-1859|Silas Farmer & Co.",fst00448810|null,,1866,,1866-1866,Michigan,"-90.52,41.43,-82.4,48.22",,2019-01-16,2022-creator-sprint|sprint-2021-05
1b5cf2fc-4d8b-4b36-a6e8-d8d944f1618e,Federal Lithograph Company.,,,1920,1920,1920-1920,Michigan--Detroit|Michigan,"-83.288,42.255,-82.910,42.450",,2019-01-16,sprint-2021-05|2022-creator-sprint|202212bbox|sprint-2021-05
5727b046-d706-4630-8c79-7a363f0f26fc,Federal Lithograph Co.,,,1919,1919,1919-1919,Michigan--Detroit|Michigan,"-83.288,42.255,-82.910,42.450",,2019-01-16,sprint-2021-05|2022-creator-sprint|202212bbox|sprint-2021-05
71347a1b-537c-4218-baed-615233503120,Federal Lithograph Company.,,,1920,1920,1920-1920,Michigan--Detroit|Michigan,"-83.288,42.255,-82.910,42.450",,,sprint-2021-05|2022-creator-sprint|202212bbox|sprint-2021-05
6daaafcc-dca3-4e1d-b1e3-bda4c6ffffd8,William A. Flamm & Co.,,,1894,,1894-1894,Maryland--Baltimore|Maryland,"-76.711,39.251,-76.556,39.372",,2019-01-16,bbox-verified_2023-02-27|2022-creator-sprint|FixedBBoxes|bboxSprintJune2023|sprint-2021-05
0d8b9a34-1bdc-4864-a9db-d6e086a6981a,"Dahl, James, former owner|Wytfliet, Corneille",null|null,,1597,,1597-1597,Florida,"-98.75,22.5,-77.87,30.78",,2019-01-16,2022-creator-sprint|sprint-2021-05
13cc823d-5644-4769-9423-1ac3563b0e75,"Le Moyne de Morgues, Jacques, 1533?-1588",fst01898464,,1564,,1564-1564,Florida,"-86.58,19.5,-70.52,33.7",,2019-01-16,2022-creator-sprint|sprint-2021-05
7cb9ba43-8d6c-4048-8f8a-02648d4e6f1f,"Lawrence, Dorothea Dix, 1899-1979",fst01641688,Pictorial maps,1946,1946,1946-1946,United States,"-124.98,22.61,-67.18,49.31",http://sws.geonames.org/6252001,2021-04-16,sprint-2021-05|2022-creator-sprint|202212bbox|sprint-2021-05
fd9872bc-1a4d-4240-bc6b-13ab3fc584f2,,,Early maps,1701,1951,1951-1951,Michigan--Fort Lernoult Historical Marker|Michigan,"-83.058,42.324,-83.036,42.340",http://sws.geonames.org/8095898,2021-04-16,sprint-2021-05|202212bbox|sprint-2021-05
f8639056-d0ff-4af9-bb18-cffcd7855b99,"Sauer, Wm. C.",null,,1893,,1893-1893,Michigan--Detroit|Michigan,"-83.06,42.32,-83.04,42.33",,2019-01-16,2022-creator-sprint|sprint-2021-05
04351e47-6b75-4bd5-92e9-4a1ce5c31702,"Iwasa, Shizuo.",,,Meiji 15 1882,,1882-1882,Japan,"135.275,35.308,136.901,36.327",,2019-01-16,bbox-verified_2023-02-27|2022-creator-sprint|FixedBBoxes|bboxSprintJune2023|sprint-2021-05
b47cebce-d5a3-40ec-82e1-5dd9294778a0,"A. and W. Galignani (Firm)|Achin|Hacq, J.M., engraver.",fst00709345|fst02013600|null,,between 1840 and 1849,unknown,1840-1849,France-- Île-de-France--Paris|France,"2.25,48.82,2.42,48.9",,2019-01-16,sprint-mar2020|2022-creator-sprint|sprint-2021-05
d02ef830-7d72-4ec8-804e-1ff4b2f595ac,"Jansson, Jan, 1588-1664. Appendix Atlas|Ojea, Ferdinand.|Vignaud, Henry, 1830-1922, former owner.",null|null|null,Early maps,between 1630 and 1639,1636?,1630-1639,Galicia-- Spain--Galicia|Spain--Galicia|Spain,"-9.302,41.807,-6.734,43.790",http://sws.geonames.org/3336902,2021-04-16,sprint-2021-05|2022-creator-sprint|202212bbox|sprint-2021-05
33b9fabd-4c5a-4a09-8e84-5d29ebe52b80,"Jansson, Jan, 1588-1664|Jansson, Jan, 1588-1664. Atlantis Maioris Appendix, 1630|Vignaud, Henry, 1830-1922, former owner.",fst00012480|null|null,,1630,,1630-1630,France,"-5.13,41.55,12.83,53.02",,2019-01-16,2022-creator-sprint|sprint-2021-05
927a01d9-8159-4b27-97d5-6b0202cae091,"Hondius, Jodocus, 1563-1612|Hondius, Jodocus, 1594 or 1595-1629, cartographer|Vignaud, Henry, 1830-1922",fst00050902|null|fst00243880,,between 1630 and 1639,,1630-1639,France,"-5.85,43.15,8.98,51.43",,2019-01-16,2022-creator-sprint|sprint-2021-05
1414b19c-5bb2-4b76-b22f-7dc859e49339,"Jansson, Jan, 1588-1664. Appendix Atlas|Vignaud, Henry, 1830-1922, former owner.",null|null,Early maps,between 1630 and 1639,1636?,1630-1639,France,"-5.17,42.85,7.92,51.03",http://sws.geonames.org/3017382,2021-04-16,sprint-2021-05|2022-creator-sprint|202212bbox|sprint-2021-05
6f8e6aa6-36b4-4a7a-82b7-e1f82da4853c,"Jansson, Jan, 1588-1664. Appendix Atlas|Vignaud, Henry, 1830-1922, former owner.",null|null,Early maps,between 1630 and 1639,1636?,1630-1639,France--Centre|France|France,"1.858,45.215,4.066,46.470",http://sws.geonames.org/3027939,2021-04-16,bbox-verified_2023-02-27|sprint-2021-05|2022-creator-sprint|sprint-2021-05
5cca5907-8d41-495d-8622-38ba70f9d7e2,"Vignaud, Henry, 1830-1922",fst00243880,,between 1630 and 1639,,1630-1639,Centre-- France--Gatinais|France,"1.88,47.77,3.6,48.63",,2019-01-16,2022-creator-sprint|sprint-2021-05
3192fd78-0fe1-42ff-8908-73e004d66c7c,"Canada. Department of the Interior, issuing body.",null,,1881,1881,1850-1897,Canada,"-136.59,60.0,-102.0,79.13",http://sws.geonames.org/6251999,2021-04-16,sprint-2021-05|2022-creator-sprint|202212bbox|sprint-2021-05
52292af7-a166-4e01-90a5-a638d51a0935,,,,,1883,1883-1883,Canada--Northwest Territories|Canada|Canada,"-124.000,46.000,-74.000,64.000",http://sws.geonames.org/6091069,2021-04-16,sprint-2021-05
e9b2c66a-c9ce-44c2-b3b2-6eb247635ef6,Canada. Department of the Interior,fst01811251,,,1894,1894-1894,Canada--Northwest Territories|Canada|Canada,"-116.000,49.000,-94.000,55.000",http://sws.geonames.org/6091069,2021-04-16,2022-creator-sprint|sprint-2021-05
f432b604-0c62-4e09-b8c9-fd77cc79690d,"Faden, William, 1749-1836, publisher|Foot, T. (Thomas), engraver|Great Britain. Board of Ordnance|Mudge, William, 1762-1820",null|null|fst00181046|fst01496068,,January 1st. 1801,,1801-1801,United Kingdom,"0.7,50.89,1.48,51.26",,2019-01-16,2022-creator-sprint|sprint-2021-05
34600028-fba0-463f-9e0c-e329804426f3,Hōryū Jōjun,null,,Meiji 20 1887,,1887-1887,Japan-- Ōsaka--Osaka|Japan,"135.43,34.47,135.57,34.7",,2019-01-16,2022-creator-sprint|sprint-2021-05
f0d137b9-8481-4482-af50-ec0ee80f899f,"Fischer, Theobald.|Stevenson, Edward Luther, 1858-1944",null|fst00181892,,1912,,1912-1912,World,"-23.13,-32.9,159.88,67.2",,2019-01-16,2022-creator-sprint|sprint-2021-05
b1838e9b-918b-4ffe-8262-edc854541b2c,"Gros, C.|Lavoisne, C. V.",null|null,,1821,,1821-1821,Eastern Asia,"97.000,18.000,135.000,43.000",,2019-01-16,2022-creator-sprint|sprint-2021-05
a0fedd25-debf-4552-9d80-af4717db7c59,"Barlow, Alfred E. (Alfred Ernest), 1861-1914|Lawson, Andrew C. (Andrew Cowper), 1861-1952",fst01962386|fst00080790,Geological maps,1885,,1885-1885,Canada--Ontario,"-95.597,49.159,-93.967,50.005",,2019-01-16,bbox-verified_2023-02-27|2022-creator-sprint|FixedBBoxes|bboxSprintJune2023|sprint-2021-05
09b4dba3-ae25-4e41-a48d-caa21415f900,Geological Survey (U.S.),fst00547115,,,1897,1897-1897,United States,"-88.03,37.63,-80.5,41.55",http://sws.geonames.org/6252001,2021-04-16,2022-creator-sprint|sprint-2021-05
458fb173-e5ef-44be-9f5f-364923ee033f,"Courtenay, F. letterer|Dahl, James, former owner|Egloffstein, F. W., 1824-1885, topographer|Floyd, John B. (John Buchanan), 1806-1863, orderer|Humphreys, A. A. (Andrew Atkinson), 1810-1883, director|Ives, J. C., explorer|Newberry, J. S. (John Strong), 1822-1892, geologist.|Sartain, Samuel, 1830-1906, ruler|United States. Office of Explorations and Surveys, director.",null|null|null|null|null|null|null|null|null,,1858,,1858-1858,Texas--Colorado River|Texas,"-115.55,34.5,-108.45,37.25",,2019-01-16,2022-creator-sprint|sprint-2021-05
1ae362a8-37b2-4778-a458-0280cc15375e,"Dawson, George Mercer, 1849-1901|Geological Survey of Canada",fst00188721|fst00533128,Geological maps,1877,,1877-1877,Canada--British Columbia,"-122.000,49.000,-118.000,51.250",,2019-01-16,2022-creator-sprint|sprint-2021-05
1f5ff111-f2e9-4ccb-b081-8e6da0a2d39a,"Jackson, Charles T. (Charles Thomas), 1805-1880",fst00123370,Geological maps,1847,,1847-1847,,"-88.65,47.08,-87.68,47.48",,2019-01-16,2022-creator-sprint|sprint-2021-05
8880dabc-8d61-4fed-806d-55fbd0a40610,"Foster, J. W. (John Wells), 1815-1873|Hill, S. W. (Samuel Worth), 1815-1889|P.S. Duval & Co.|Schlatter, Wm. (William)|Whitney, J. D. (Josiah Dwight), 1819-1896",fst00270825|fst02013839|fst01999386|null|fst00165744,Geological maps,1849,,1849-1849,Michigan--Keweenaw Peninsula|Michigan,"-88.79,47.11,-87.57,47.52",,2019-01-16,2022-creator-sprint|sprint-2021-05
40104cd9-e161-4153-bf4f-b43d98865008,"A. Hoen & Co.|Barrett, Leslie Park, 1887-1972|Smith, Richard A., 1876-1963.",fst00511507|null|null,,,1916,1916-1916,Michigan--Michigan|Michigan,"-90.42,41.67,-82.33,48.33",http://sws.geonames.org/5001836,2021-04-16,2022-creator-sprint|sprint-2021-05
5f33c271-4f09-4ff6-b1c4-bba09a72380a,"Geil, Samuel|Winchell, Alexander, 1824-1891",null|fst00163462,Geological maps,1869,,1869-1869,Michigan,"-90.52,41.5,-82.4,48.22",,2019-01-16,2022-creator-sprint|sprint-2021-05
2c8ff9e7-b289-4089-bf73-c28602ec89d1,"Geological Survey of Ohio|Newberry, J. S. (John Strong), 1822-1892",fst00556063|fst00163463,,,1888,1888-1888,Ohio,"-84.83,38.38,-80.37,41.98",http://sws.geonames.org/5165418,2021-04-16,2022-creator-sprint|sprint-2021-05
06f5c514-4ba5-4efa-bfec-e8c3898e0fc7,"Cartography Associates|David Rumsey Collection|Gray, O. W. (Ormando Wyllis), 1829-1912|Stedman, Brown & Lyon.|Walling, Henry Francis, 1825-1888",null|null|null|null|fst00007982,Geological cross-sections|Geological maps,1872,1872,1872-1872,Ohio,"-84.820,38.403,-80.519,41.978",http://sws.geonames.org/5165418,2021-04-16,sprint-2021-05|2022-creator-sprint|202212bbox|sprint-2021-05
c03938ed-0c45-4bed-9b01-d4b7f54d9063,"Geological and Natural History Survey of Canada|Tyrrell, Joseph Burr, 1858-1957",fst02053521|fst00016924,Geological maps,1887,,1887-1887,Canada--Alberta,"-115.000,51.500,-110.000,54.000",,2019-01-16,2022-creator-sprint|sprint-2021-05
14a9b577-ad84-47c8-a283-f2991253e553,"Bien, Julius, 1826-1909|De La Vergne, Earl W.|Michigan. Geological Survey Division|Rominger, Carl Ludwig, 1820-1907",fst00014264|null|fst00538670|null,Geological maps,1881,,1881-1881,Michigan--Marquette County|Michigan,"-87.77,46.42,-87.35,46.6",,2019-01-16,2022-creator-sprint|sprint-2021-05
8ecc6a8e-060b-412b-9ef2-e4f3023c8032,"Julius Bien & Co.|Michigan. Geological Survey Division|Rominger, Carl Ludwig, 1820-1907",null|fst00538670|null,Geological maps,1876,,1876-1876,Michigan,"-86.85,41.67,-82.38,45.93",,2019-01-16,2022-creator-sprint|sprint-2021-05
36501317-ab38-489b-b8d0-4e959a7180d0,"Dawson, George Mercer, 1849-1901|Geological and Natural History Survey of Canada",fst00188721|fst02053521,,1887,,1887-1887,British Columbia-- Canada--Vancouver Island,"-129.000,49.330,-123.000,51.000",,2019-01-16,2022-creator-sprint|sprint-2021-05
96608267-602f-4ad2-bef8-b3cba021f49e,"Dawson, George Mercer, 1849-1901|Geological and Natural History Survey of Canada",fst00188721|fst02053521,Geological maps,1884,,1884-1884,Canada--Alberta,"-115.250,49.000,-110.750,51.500",,2019-01-16,2022-creator-sprint|sprint-2021-05
649baa90-599f-4fc0-89c9-eb557c50a5e5,"Barnes, Rufus L.|Hill, S. W. (Samuel Worth), 1815-1889|Williams, C. P. (Cartographer)",fst02013947|fst02013839|null,"Geological cross-sections
",1863,1863,1863-1863,Michigan--Keweenaw Peninsula|Michigan,"-88.503,47.183,-87.555,47.503",,2021-04-16,sprint-2021-05|2022-creator-sprint|202212bbox|sprint-2021-05
fb77dd5a-cf29-403e-a68d-c52fe6366046,"Blake, William P. (William Phipps), 1826-1910",fst00265861,Geological maps,1872,1872,1872-1872,United States,"-124.98,22.61,-67.18,49.31",http://sws.geonames.org/6252001,2021-04-16,sprint-2021-05|2022-creator-sprint|202212bbox|sprint-2021-05
2d479b9f-3ffe-4777-96e3-81f2c3ebacc6,"Blake, William P. (William Phipps), 1826-1910",fst00265861,,,1873,1873-1873,United States,"-125.000,24.500,-66.880,49.000",http://sws.geonames.org/6252001,2021-04-16,2022-creator-sprint|sprint-2021-05
0a6a0cd6-a764-41cd-8677-27c335c4e042,"Blake, William P. (William Phipps), 1826-1910",fst00265861,,,1874,1874-1874,United States,"-125.000,24.500,-66.880,49.000",http://sws.geonames.org/6252001,2021-04-16,2022-creator-sprint|sprint-2021-05
61751a54-ebb4-4ef2-a01c-78362d6a4f65,,,,,1886,1886-1886,North America,"-125.000,24.500,-66.880,49.000",http://sws.geonames.org/6255149,2021-04-16,sprint-2021-05
9d471d94-3a28-4f16-b81f-c50d531143c2,"Antisell, Thomas, 1817-1893|Dahl, James, former owner|Parke, John G.|United States. War Department",fst00135486|null|fst01491023|fst01853257,Geological maps,1856,,1856-1856,United States of America,"-113.000,31.620,-105.000,33.390",,2019-01-16,2022-creator-sprint|sprint-2021-05
e2d5f1e9-da48-4855-a1af-64be71b3f6ec,[creator not identified],null,Geological maps,between 1850 and 1900,unknown,1850-1900,Michigan,"-86.92,41.63,-82.4,45.37",,2019-01-16,sprint-mar2020|2022-creator-sprint|sprint-2021-05
e15bedd6-587a-4049-b89b-5ecf7c34a2de,"Jansson, Jan, 1588-1664|Jansson, Jan, 1588-1664. Atlantis Maioris Appendix, 1630|Vignaud, Henry, 1830-1922, former owner.|Visscher, Claes Jansz., 1586 or 1587-1652",fst00012480|null|null|fst01856393,,1634,,1634-1634,Germany,"2.38,45.55,21.43,54.88",,2019-01-16,2022-creator-sprint|sprint-2021-05
f3b0de31-4cb9-4ce9-bdd1-a5b7d88fc335,"Jansson, Jan, 1588-1664|Jansson, Jan, 1588-1664. Atlantis Maioris Appendix, 1630|Keere, Pieter van den, 1571-approximately 1646|Vignaud, Henry, 1830-1922, former owner.",fst00012480|null|fst01828192|null,,1630,,1630-1630,Germany,"5.85,45.03,20.15,54.92",,2019-01-16,2022-creator-sprint|sprint-2021-05
d17ae0f0-21df-4da1-b24d-179fa295b562,,,,,1936,1936-1936,Germany--Germany|Germany,"5.5,47.05,23.02,55.48",http://sws.geonames.org/2921044,2021-04-16,sprint-2021-05
eb49b392-72fc-41c8-a696-04055d87d92e,,,Atlases,1894,1894,1894-1894,Michigan--Washtenaw County|Michigan,"-84.134,42.072,-83.539,42.435",http://sws.geonames.org/5014120,2021-04-16,sprint-2021-05|202212bbox|sprint-2021-05
d44e7042-5dcf-47a1-b87d-afbd4b82d2da,"Jansson, Jan, 1588-1664. Appendix Atlas|Vignaud, Henry, 1830-1922, former owner.",null|null,,,1636,1636-1636,Spain,"-6.03,34.82,-0.4,38.57",http://sws.geonames.org/2510769,2021-04-16,2022-creator-sprint|sprint-2021-05
f8bb1874-17a8-4a6c-896a-2cf16e240483,"Bogard, Jean, -approximately 1634|Dahl, James, former owner|Wytfliet, Corneille",null|null|null,Early maps,between 1597 and 1634,unknown,1597-1634,California,"-121.55,21.13,-107.17,35.97",,2019-01-16,sprint-mar2020|2022-creator-sprint|sprint-2021-05
45d6d2b1-3e4d-476f-875e-40788bfe4449,"Graham, J. D. (James Duncan), 1799-1865|Mayer, J. R. (John R.)|United States. Army. Corps of Topographical Engineers",fst00245874|fst02013868|fst00531525,Nautical charts,1856,1856,1856-1856,Michigan--Grand Haven|Michigan,"-86.256,43.054,-86.218,43.078",,2019-01-16,bbox-verified_2023-02-27|sprint-mar2020|2022-creator-sprint|bboxSprintJune2023|sprint-2021-05
4065d76c-59c0-46c9-93ff-863576f308b8,"Dahl, James, former owner|Gray, O. W. (Ormando Wyllis), 1829-1912|Stedman, Brown & Lyon, publisher, Gray's Atlas of the United States 1873",null|null|null,,1874,,1874-1874,North America,"-173.23,5.57,-54.68,76.12",,2019-01-16,2022-creator-sprint|sprint-2021-05
81807052-8960-44a1-923e-6b7d21a8e800,"Dahl, James, former owner|Geological and Geographical Survey of the Territories (U.S.),Powell, John Wesley, 1834-1902",null|null,,1873,,1873-1873,Utah--Green River,"-109.88,40.03,-108.5,41.68",,2019-01-16,2022-creator-sprint|sprint-2021-05
5d0f0202-218c-40e1-b5e5-5744ff87f8cd,"Robinson, Eugene|Silas Farmer & Co.",null|null,,1870,,1870-1870,Michigan--Detroit|Michigan,"-83.09,42.31,-83.01,42.38",,2019-01-16,2022-creator-sprint|sprint-2021-05
960174b5-b962-44b2-b017-23634b70cd2f,"Shikano, Chūbē.",null,,Meiji 20 1887,,1887-1887,Hokkaido-- Japan--Hakodate-shi|Japan,"140.68,41.73,140.73,41.78",,2019-01-16,2022-creator-sprint|sprint-2021-05
a7d6381d-9353-4cab-aeda-ef1c42dd2b86,"Murray, John, 1807-1882",fst00245519,,1875,,1875-1875,Istanbul-- Turkey--Istanbul,"28.91,40.99,29.01,41.04",,2019-01-16,2022-creator-sprint|sprint-2021-05
cd8c0f69-43b9-4038-834f-eb775796a06f,"Williams, F. B. (Frank B.)",null,Thematic maps,between 1888 and 1895,1888,1895-1895,Michigan--Detroit|Michigan,"-83.07,42.32,-83.03,42.34",,2019-01-16,2022-creator-sprint|sprint-2021-05
26998cee-028f-47ad-b69b-019f8b05bc6f,"Sanson, Nicolas, 1600-1667|Somer, J.",fst00007715|fst02013899,World maps,approximately 1660,,1660-1660,World,"-179.99,-89.99,179.99,89.99",,2019-01-16,2022-creator-sprint|202212bbox|-180TO180|sprint-2021-05
2326a09d-8521-4479-adaf-a41f3654a415,"Fetridge, William Pembroke.",,,approximately 1874,1874,1874-1874,England--London|England,"-0.351,51.385,0.148,51.672",http://sws.geonames.org/2643743,2019-01-16,sprint-mar2020|2022-creator-sprint|sprint-2021-05
65b2f594-0f99-4466-b919-6a9dad033429,"Lippens, Philip.|Ode, H. (Henri)",null|fst02013881,,,1827,1827-1827,Great Lakes,"-87.660,42.000,-77.660,48.000",http://sws.geonames.org/4994594,2021-04-16,2022-creator-sprint|sprint-2021-05
542c17e7-1575-4240-8765-d808310bdb88,"Ryūtei Gyofu Sasui, active 19th century.|Suharaya, Mohē, 1731-1782",null|null,,,Tenpō 12 1841,1841-1841,Japan,"134.589,33.421,137.077,35.921",http://sws.geonames.org/1859449,2021-04-16,bbox-verified_2023-02-27|2022-creator-sprint|sprint-2021-05
947484dd-69de-4353-82c4-25499098396e,"Jansson, Jan, 1588-1664|Jansson, Jan, 1588-1664. Appendix Atlas|Vignaud, Henry, 1830-1922, former owner.",fst00012480|null|null,,approximately 1636,,1636-1636,Ireland,"-10.85,51.37,-3.85,55.42",,2019-01-16,2022-creator-sprint|sprint-2021-05
e0dc1301-1fed-45fc-91f8-cb7cb98d7d55,"Hondius, Hendrik, 1597-1651. Appendix Atlas of the British Isles and Northern Europe|Jansson, Jan, 1588-1664. Appendix Atlas of the British Isles and Northern Europe|Vignaud, Henry, 1830-1922, former owner.",null|null|null,,between 1630 and 1639,,1630-1639,Ireland--Munster,"-10.67,51.42,-5.99,53.34",,2019-01-16,2022-creator-sprint|sprint-2021-05
71996d69-780a-4086-a202-877aef21c2b7,"Kashihara, Yoshinaga|Ōju, Garyūken monjin",null|null,,Meiji 10 1877,,1877-1877,Japan-- Kumamoto--Kumamoto|Japan,"129.95,32.05,131.2,33.08",,2019-01-16,2022-creator-sprint|sprint-2021-05
b6b6c6b3-8388-4d23-bace-b047658e6598,"Sō, Mōkan.",,,Meiji 25 1892,,1892-1892,Hiroshima-- Japan--Hiroshima Prefecture|Japan,"132.000,34.000,133.500,35.170",,2019-01-16,2022-creator-sprint|sprint-2021-05
f643dce3-ceda-4c9d-84bd-9563aa8391df,[creator not identified],null,,1821,,1821-1821,Japan-- Nagasaki--Nagasaki-shi|Japan,"129.81,32.68,129.89,32.76",,2019-01-16,2022-creator-sprint|sprint-2021-05
7cb13645-0768-44f2-af09-2602f89f42ca,,,Pictorial maps|Thematic maps,1960,1960,1960-1960,Michigan--Mackinac County|Michigan,"-85.865,45.718,-84.114,46.246",http://sws.geonames.org/5000447,2021-04-16,sprint-2021-05|202212bbox|sprint-2021-05
f7dbc58b-dc33-410f-b771-0b81a20b9d76,,,Pictorial maps|Thematic maps,1944,1944,1944-1944,Canada-- Ontario--Simcoe County|Canada--Ontario|Canada,"-80.516,43.951,-79.082,44.942",http://sws.geonames.org/6147963,2021-04-16,sprint-2021-05|202212bbox|sprint-2021-05
b2bda7b4-247c-4534-ad04-a0cd601b66ae,"Hotchkiss, George Woodward, 1831-|Hotchkiss & Mercer",null|null,Thematic maps,1864,1864,1864-1864,Michigan--Saginaw River|Michigan,"-84.065,43.354,-83.743,43.667",,2019-01-16,sprint-mar2020|2022-creator-sprint|sprint-2021-05
969bb605-6d9d-4ff8-84cf-d42925d7735c,"Pettibone, S.",,,1844,,1844-1844,Michigan--Ypsilanti|Michigan,"-83.652,42.224,-83.596,42.261",,2019-01-16,2022-creator-sprint|sprint-2021-05
730f4c93-b7f9-4312-8016-75117e536365,,,Cadastral maps|Manuscript maps,,,1800-1950,Michigan--Ypsilanti|Michigan,"-83.652,42.224,-83.596,42.261",http://sws.geonames.org/5015688,2021-04-16,sprint-2021-05|202212bbox|sprint-2021-05
fd61fd87-7c0c-40fb-b0df-ddf4def34b4d,"Abert, John James, 1788-1863|Emory, William H. (William Hemsley), 1811-1887 http://id.loc.gov/authorities/names/n87872571 http://viaf.org/viaf/79256034|Frémont, John Charles, 1813-1890 http://id.loc.gov/authorities/names/n50025411",fst00299270|null|null,,,1843,1843-1843,Mississippi River,"-102.71,38.05,-88.34,48.34",http://sws.geonames.org/7932547,2021-04-16,bbox-verified_2023-02-27|2022-creator-sprint|FixedBBoxes|bboxSprintJune2023|sprint-2021-05
1c81934c-98ee-4428-bc43-34b2897511be,"Homann, Johann Baptist, 1663-1724",fst00009318,Early maps,between 1720 and 1729,n.d.,1720-1729,Iran,"32.65,22.4,71.08,50.68",,2019-01-16,2022-creator-sprint|sprint-2021-05
65f76e4c-0527-45d1-99b3-1132cfcfbebf,"Jansson, Jan, 1588-1664. Atlas Novus.|Loon, J. van, approximately 1611-1686.",null|null,,1680,,1680-1680,China--People's Republic of China,"98.5,17.9,130.88,42.02",,2019-01-16,2022-creator-sprint|sprint-2021-05
374525ea-068b-4b19-9311-05f69deab1de,"Van Houten, C. J., & zoon.",,Thematic maps,1892-1893,1893,1893-1893,Illinois--Chicago|Illinois,"-87.663,41.840,-87.594,41.915",http://sws.geonames.org/4887398,2021-04-16,sprint-2021-05|2022-creator-sprint|202212bbox|sprint-2021-05
59310d7f-be9f-48f8-911b-b41815d27c0e,Haskell Indian Junior College,fst00548744,Thematic maps,1971,1971,1971-1971,United States,"-124.98,22.61,-67.18,49.31",http://sws.geonames.org/6252001,2021-04-16,2022-creator-sprint|202212bbox|sprint-2021-05
15664d92-82de-45bf-ab59-4825af14265c,Geological Survey (U.S.) http://viaf.org/viaf/127757303 http://id.loc.gov/authorities/names/n80092173,null,,,1971,1971-1971,,"-130.3,24.37,-64.35,49.48",,2021-04-16,2022-creator-sprint|sprint-2021-05
300a40df-a977-405b-972b-6a87beb1ee4d,,,,,1902,1902-1902,Oklahoma,"-98.000,33.500,-94.530,37.000",http://sws.geonames.org/4544379,2021-04-16,sprint-2021-05
2fa46e63-cd36-4651-9c00-51337b7e88a5,,,,,1922,1922-1922,New York--New York City|New York,"-74.21,40.54,-73.89,40.9",http://sws.geonames.org/5128581,2021-04-16,sprint-2021-05
eafbb9f2-27be-4007-b227-d2f323c9b87b,"Hamersveldt, Everard Symonsz, 1591-1653, engraver|Jansson, Jan, 1588-1664. Appendix Atlas|Vignaud, Henry, 1830-1922, former owner.",null|null|null,Early maps,between 1600 and 1680,n.d.,1600-1680,Spain--Balearic Islands|Spain,"1.157,38.640,4.328,40.095",http://sws.geonames.org/2521383,2021-04-16,sprint-2021-05|2022-creator-sprint|202212bbox|sprint-2021-05
49437bab-5286-467b-8ef9-0537221eac1c,"Jansson, Jan, 1588-1664|Jansson, Jan, 1588-1664. Appendix Atlas|Vignaud, Henry, 1830-1922, former owner.",fst00012480|null|null,,approximately 1636,,1636-1636,France-- Nouvelle-Aquitaine--Charente-Maritime|France,"-1.62,45.79,-0.98,46.34",,2019-01-16,2022-creator-sprint|sprint-2021-05
a40c112a-e108-4045-b4cb-869ac8b6969d,Sanborn Map Company,fst00546311,Fire insurance maps,1916,1916,1916-1916,Michigan--Ann Arbor|Michigan,"-83.800,42.223,-83.676,42.324",,,sprint-2021-05|2022-creator-sprint|202212bbox|sprint-2021-05
b981cd98-5c5e-413c-8d51-f3ee6d9b3785,,,,,1858,1858-1858,North America,"-95.22,29.62,-66.93,47.1",http://sws.geonames.org/6255149,2021-04-16,sprint-2021-05
4e2a2d52-0157-49d9-957e-13754d4abfd0,"Nozaki, Sabun, 1858-1935",fst00125287,,1891?,,1891-1891,Japan,"129.25,30.98,142.47,42.8",,2019-01-16,2022-creator-sprint|sprint-2021-05
3346d49d-2036-485b-ae51-89064ba92731,"Odagiri, Takeo.",null,,Meiji 23 1890,,1890-1890,Japan,"136.47,34.55,137.83,35.42",,2019-01-16,2022-creator-sprint|sprint-2021-05
d2449483-765a-44fc-93f2-12b4b974890c,,,"Thematic maps
",1861,1861,1861-1861,Africa,"-19.27,-36.43,52.14,37.61",http://sws.geonames.org/6255146,2021-04-16,sprint-2021-05|202212bbox|sprint-2021-05
7d8d186e-8940-4dc4-9cbf-2ced871ffedf,"Colton, J. H. (Joseph Hutchins), 1800-1893|Dahl, James, former owner|Johnson, A. J. (Alvin Jewett), 1827-1884",fst00010584|null|fst00126289,,1861,,1861-1861,United States of America,"-125.000,31.330,-103.000,42.670",,2019-01-16,2022-creator-sprint|sprint-2021-05
6ff5e553-a1c1-4ead-b6d7-7ca35e2bc2e1,Johnson and Ward,null,,1862?,1862,1862-1862,United States of America,"-92.97,41.62,-81.95,47.77",,2019-01-16,sprint-mar2020|2022-creator-sprint|sprint-2021-05
b1e256d2-8de0-43e1-95e4-029cfb3d46dc,,,"Thematic maps
",1861,1861,1861-1861,Texas,"-106.646,25.837,-93.508,36.501",http://sws.geonames.org/4736286,2021-04-16,sprint-2021-05|202212bbox|sprint-2021-05
7c227b75-b3b1-40c3-9d8e-77ce10014687,,,Military maps,1863,1863,1863-1863,United States,"-124.98,22.61,-67.18,49.31",http://sws.geonames.org/6252001,2021-04-16,sprint-2021-05|202212bbox|sprint-2021-05
e66c9259-036d-477d-b056-38ee62750a64,"Dahl, James, former owner|Johnson & Browning",null|null,Military maps,1861,,1861-1861,United States of America,"-125.000,22.000,-65.000,50.000",,2019-01-16,2022-creator-sprint|sprint-2021-05
984b9c69-f708-4f0b-8b66-6676bfa037a0,Johnson & Browning,null,,approximately 1860,unknown,1860-1860,New York--New York State,"-80.67,40.67,-71.33,44.83",,2019-01-16,sprint-mar2020|2022-creator-sprint|sprint-2021-05
5b4bca03-f0c2-4d5b-8611-3362e66a82db,"Johnson, A. J. (Alvin Jewett), 1827-1884",fst00126289,,approximately 1864,1864,1864-1864,United States of America,"-93.25,41.57,-81.55,47.77",,2019-01-16,sprint-mar2020|2022-creator-sprint|sprint-2021-05
67952e6c-0569-4791-b0e9-b115808a1f7d,"Ortelius, Abraham, 1527-1598",fst00000509,Early maps|World maps,,1887,1887-1887,World,"-179.99,-89.99,179.99,89.99",http://sws.geonames.org/6295630,2021-04-16,bbox-verified_2023-02-27|2022-creator-sprint|sprint-2021-05|202212bbox|bboxSprintJune2023|-180TO180
49e314d1-fb72-4e03-a5f9-12493d64aafa,"Hosokawa, Yasuyoshi|Suharaya, Mohē, 1731-1782",null|null,,Bunkyū 3 1863,,1863-1863,Japan-- Ōsaka--Sakai-shi|Japan,"135.43,34.53,135.52,34.6",,2019-01-16,2022-creator-sprint|sprint-2021-05
031a3f69-8f47-4cf1-b303-162f3669c104,"Morikawa, Yasuyuki, active 19th century|Takehara, Yoshibē.",null|null,,Kaei 5 1852,,1852-1852,Japan-- Kyoto--Kyoto|Japan,"135.72,34.83,135.78,35.05",,2019-01-16,2022-creator-sprint|sprint-2021-05
6f356135-34c0-4889-8d08-9a31a9eacdc7,,,Cadastral maps,1887,Meiji 20 1887,1887-1887,Japan-- Kanagawa--Yokohama-shi|Japan,"139.465,35.313,139.777,35.593",http://sws.geonames.org/1848354,2021-04-16,sprint-2021-05|202212bbox|sprint-2021-05
b5fa675c-de9f-44e5-8dc7-fdd28ed0605a,,,,1877,Meiji 10 1877,1877-1877,Japan,"139.066,35.474,139.458,35.673",http://sws.geonames.org/1861060,2021-04-16,bbox-verified_2023-02-27|sprint-2021-05|sprint-2021-05
c24e42d2-8aa4-44ea-8ff6-7804548589fe,"Sakai, Sutehiko.",null,,Meiji 12 1879,,1879-1879,Japan,"139.83,35.58,141.25,36.33",,2019-01-16,2022-creator-sprint|sprint-2021-05
837953a0-def7-48fc-8afd-01b45a56631c,"Kamai, Yūjirō.",,,Meiji 10 1877,,1877-1877,Japan-- Mie--Mie-ken|Japan,"136.000,35.330,136.930,35.700",,2019-01-16,2022-creator-sprint|sprint-2021-05
0b5928a0-e2cb-4cfd-b62e-ea99f39730bf,"Matsumura, Kyûbê.",,,,Tempô 8 1837,1837-1837,Japan,"132.000,29.000,128.001,43.000",http://sws.geonames.org/1861060,2021-04-16,2022-creator-sprint|sprint-2021-05
aa1d11e3-97b4-4910-90e2-4be02327e821,"Nagakubo, Sekisui, 1717-1801",fst00014170,Road maps,Kansei 3 1791,,1791-1791,Japan,"127.98,29.97,142.15,41.87",,2019-01-16,2022-creator-sprint|sprint-2021-05
bf0e245c-759c-4063-9261-a376fda2d5d5,"Ishikawaya, Wasuke.",null,,after 1830,,1830-1830,Japan-- Ōsaka--Osaka|Japan,"135.42,34.63,135.57,34.7",,2019-01-16,2022-creator-sprint|sprint-2021-05
f9de771a-b39c-4d74-8e16-6fe744e2d844,"Kamisaka, Yoshishige.",null,,Meiji 22 1889,,1889-1889,Japan-- Kyoto--Kyoto|Japan,"135.5,34.83,135.83,35.07",,2019-01-16,2022-creator-sprint|sprint-2021-05
6a9428e0-a285-48c6-bc72-7a3ea247724d,,,,,Meiji 21 1888,1888-1888,Japan,"139.66,35.54,140.03,35.77",http://sws.geonames.org/1850147,2021-04-16,sprint-2021-05
3feea376-53ef-4bd7-9813-73f40d486a16,"Ozaki, Tomigorō.",null,,Meiji 11 1878,,1878-1878,Japan-- Kanagawa--Yokohama-shi|Japan,"139.63,35.44,139.65,35.45",,2019-01-16,2022-creator-sprint|sprint-2021-05
22106a3c-161a-4103-a71e-c159b4255de3,,,,,1885,1885-1885,Arctic,"-72.77,64.7,-61.52,69.75",http://sws.geonames.org/10941926,2021-04-16,sprint-2021-05
7f216b96-570f-4e1b-a00e-c7491e353dc7,"Bromme, Traugott, 1802-1866|Farmer, John, 1798-1859",fst01469390|fst00448810,,1834,,1834-1834,Michigan,"-86.83,41.43,-82.37,43.78",,2019-01-16,2022-creator-sprint|sprint-2021-05
7d6bfdf7-6851-4c99-83d9-f00d24ee7616,"Itamiya, Shinhichi.|Kawachiya, Kihē.|Takagi, Masatsune, active 18th century.",null|null|null,Early maps|Pictorial maps,1776,1776,1776-1776,Japan,"139.066,35.474,139.458,35.673",http://sws.geonames.org/1859746,2021-04-16,bbox-verified_2023-02-27|sprint-2021-05|2022-creator-sprint|sprint-2021-05
5dc44634-2427-41f0-9f11-7f31e6b3eb14,"Kikuya, Kōzaburō.|Tsukada, Itoku.",null|null,Pictorial maps,between 1828 and 1860,n.d.,1828-1859,Japan,"122.71,20.21,154.21,45.71",http://sws.geonames.org/2112271,2021-04-16,bbox-verified_2023-02-27|sprint-2021-05|2022-creator-sprint|sprint-2021-05
cdde7b3b-c18b-4ddb-ba57-e40af8f1e805,"Graham, J. D. (James Duncan), 1799-1865|Mayer, J. R. (John R.)|United States. Army. Corps of Topographical Engineers",fst00245874|fst02013868|fst00531525,Nautical charts,between 1855 and 1857,1857,1855-1857,Wisconsin--Kenosha|Wisconsin,"-87.825,42.584,-87.807,42.602",,2019-01-16,sprint-mar2020|2022-creator-sprint|sprint-2021-05
c1f20e3d-dd13-4a63-b39f-0f3d3975fe08,Laurie & Whittle,,,1794,,1794-1794,Hungary,"15.000,44.000,25.500,50.000",,2019-01-16,2022-creator-sprint|sprint-2021-05
68c0a0be-6821-4478-9654-c0fc4a5f3a25,"Seiadō Yūzō, active 19th century. http://id.loc.gov/authorities/names/n81006394|Subaraya, Mohē.|Tozenʼan Tetsu, active 19th century. http://id.loc.gov/authorities/names/n81006442",null|null|null,Pictorial maps,1856,1856,1856-1856,Japan,"122.71,20.21,154.21,45.71",http://sws.geonames.org/1852553,2021-04-16,bbox-verified_2023-02-27|sprint-2021-05|2022-creator-sprint|sprint-2021-05
821937ef-d9f9-4d3e-8891-228b918d2373,"Katō, Hideburō.",null,,Meiji 12 1879,,1879-1879,Japan-- Ōsaka--Osaka|Japan,"135.42,34.63,135.57,34.7",,2019-01-16,2022-creator-sprint|sprint-2021-05
7315ad21-35aa-420d-9de6-24c177234327,"Fukutomi, Seisui.",null,,Meiji 7 1874,,1874-1874,Japan-- Kyoto--Kyoto|Japan,"135.72,35.07,135.8,35.97",,2019-01-16,2022-creator-sprint|sprint-2021-05
69378872-035c-4010-9a59-67e54848b47c,[creator not identified],null,,after 1868,,1868-1868,Japan-- Kyoto--Kyoto|Japan,"134.83,34.75,136.17,35.83",,2019-01-16,2022-creator-sprint|sprint-2021-05
079a7d7c-545f-4773-ae8c-0796f697fad1,"Jansson, Jan, 1588-1664. Appendix Atlas|Vignaud, Henry, 1830-1922, former owner.",null|null,,,1631,1631-1631,Centre-- France--Beauce|France--Centre|France,"0.8,47.58,2.38,48.88",http://sws.geonames.org/3034373,2021-04-16,2022-creator-sprint|sprint-2021-05
ac7ed314-f86a-40fc-8ce6-effdbfa57216,"Anville, Jean Baptiste Bourguignon d', 1697-1782|Haas, Johann Mathias|Homann Erben (Firm)",fst00061563|null|fst00544026,,1743,,1743-1743,Guinea,"-17.97,-5.32,15.35,25.35",,2019-01-16,2022-creator-sprint|sprint-2021-05
066d803d-7cb4-4eb1-8d69-c6a310794eef,"Jansson, Jan, 1588-1664. Appendix Atlas|Vignaud, Henry, 1830-1922, former owner.",null|null,,,1636,1636-1636,France-- Occitania--Languedoc|France--Occitania|France,"0.72,42.55,4.83,44.42",http://sws.geonames.org/3007671,2021-04-16,2022-creator-sprint|sprint-2021-05
41352278-3c7f-4ad3-991f-98ac2c16e21a,"Hondius, Hendrik, 1597-1651|Tavernier, Melchior, 1594-1665|Vignaud, Henry, 1830-1922",fst00101029|null|fst00243880,,between 1630 and 1639,,1630-1639,France-- Occitania--Languedoc|France,"1.32,42.52,4.82,44.5",,2019-01-16,2022-creator-sprint|sprint-2021-05
f34d64b4-9853-4b46-bef2-f301a594e369,"Jansson, Jan, 1588-1664. Appendix Atlas|Vignaud, Henry, 1830-1922, former owner.",null|null,,,1636,1636-1636,France-- Occitania--Languedoc|France--Occitania|France,"1.22,43.68,4.87,45.78",http://sws.geonames.org/3007671,2021-04-16,2022-creator-sprint|sprint-2021-05
da8b8bb1-7f59-4c9e-97b5-65f131c08454,"Hondius, Jodocus, 1563-1612|Hondius, Jodocus, 1594 or 1595-1629|Tavernier, Melchior, 1594-1665, seller.|Vignaud, Henry, 1830-1922",fst00050902|null|null|fst00243880,,between 1630 and 1639,,1630-1639,France-- Occitania--Languedoc|France,"1.08,43.65,4.87,45.78",,2019-01-16,2022-creator-sprint|sprint-2021-05
e216f701-5c9b-4bfd-8fe6-e695af574e2a,"Hondius, Jodocus, 1563-1612|Jansson, Jan, 1588-1664|Jansson, Jan, 1588-1664. Atlantis Maioris Appendix, 1630|Vignaud, Henry, 1830-1922, former owner.",fst00050902|fst00012480|null|null,,1630,,1630-1630,FR.A9-- France--Languedoc-Roussillon|France,"1.08,43.65,4.87,45.78",,2019-01-16,2022-creator-sprint|sprint-2021-05
67e98ae2-65d8-4cd6-847f-391ffc4d734f,,,,,1778,1778-1778,United States,"-83.5,40.35,-73.37,45.95",http://sws.geonames.org/6252001,2021-04-16,sprint-2021-05
e6b7f4e3-0334-45e5-a3a3-bcc249edb3a2,"Fer, Nicolas de, 1646-1720",fst00101496,,1720,,1720-1720,Middle East,"25.830,12.150,66.000,44.000",,2019-01-16,2022-creator-sprint|sprint-2021-05
8d60ba67-ce3e-4d75-a5a1-ccabbc53a12e,"Hamersveldt, Everard Symonsz, 1591-1653, engraver|Hondius, Hendrik, 1597-1651|Hondius, Jodocus, 1594 or 1595-1629, cartographer|Jansson, Jan, 1588-1664|Jansson, Jan, 1588-1664. Appendix Atlas|Vignaud, Henry, 1830-1922, former owner.",null|fst00101029|null|fst00012480|null|null,,1630,,1630-1630,France-- Provence-Alpes-Côte d'Azur--Comtat Venaissin|France,"4.6,43.84,5.45,44.27",,2019-01-16,2022-creator-sprint|sprint-2021-05
96aa453d-6dfe-4aae-9a66-2ecf826d9a86,"Hamersveldt, Everard Symonsz, 1591-1653, engraver|Hondius, Hendrik, 1597-1651|Hondius, Jodocus, 1594 or 1595-1629, cartographer|Jansson, Jan, 1588-1664|Jansson, Jan, 1588-1664. Atlantis Maioris Appendix, 1630|Vignaud, Henry, 1830-1922, former owner.",null|fst00101029|null|fst00012480|null|null,,1630,,1630-1630,France-- Provence-Alpes-Côte d'Azur--Vaucluse|France,"4.6,43.84,5.45,44.27",,2019-01-16,2022-creator-sprint|sprint-2021-05
3ff0bde6-59e0-4531-b186-8e35aebdd5bd,"Ende, Josua van den, approximately 1584-approximately 1634|Vignaud, Henry, 1830-1922",null|fst00243880,,between 1630 and 1639,,1630-1639,Auvergne-Rhône-Alpes-- France--Dombes|France,"4.67,4.9,5.5,5.05",,2019-01-16,2022-creator-sprint|sprint-2021-05
1b3887b1-55c6-4562-b338-2b9bc244e728,"Jansson, Jan, 1588-1664. Appendix Atlas|Tavernier, Melchior, 1594-1665, seller.|Vignaud, Henry, 1830-1922, former owner.",null|null|null,Early maps,between 1630 and 1639,1636?,1630-1639,France-- Grand-Est--Champagne-Ardenne|France--Grand-Est|France,"4.819,49.497,5.394,49.802",http://sws.geonames.org/3027256,2021-04-16,sprint-2021-05|2022-creator-sprint|202212bbox|sprint-2021-05
be5b3ac7-5dc8-4e8d-8757-1404eb019aa2,"Dablon, Claude, 1619-1697",fst00230257,Early maps,,1883,1883-1883,Lake Superior,"-93.000,43.000,-83.000,80.000",http://sws.geonames.org/5011627,2021-04-16,2022-creator-sprint|sprint-2021-05
2e711069-4652-43b2-ba5a-acbc0cc88c48,"Hondius, Jodocus, 1594 or 1595-1629, cartographer|Jansson, Jan, 1588-1664|Jansson, Jan, 1588-1664. Appendix Atlas|Vignaud, Henry, 1830-1922, former owner.",null|fst00012480|null|null,,approximately 1636,,1636-1636,Switzerland--Lake Leman|Switzerland,"5.960,46.000,6.940,46.620",,2019-01-16,2022-creator-sprint|sprint-2021-05
7af92ba3-d1b4-476c-88ce-35670ebe5614,"Hondius, Jodocus, 1594 or 1595-1629, cartographer|Jansson, Jan, 1588-1664|Jansson, Jan, 1588-1664. Atlantis Maioris Appendix, 1630|Vignaud, Henry, 1830-1922, former owner.",null|fst00012480|null|null,,1630,,1630-1630,Switzerland--Lake Geneva|Switzerland,"5.960,46.000,6.940,46.620",,2019-01-16,2022-creator-sprint|sprint-2021-05
919fbf03-8e00-4bb4-aa8a-41c87114c0e1,"Hondius, Jodocus, 1594 or 1595-1629|Vignaud, Henry, 1830-1922",null|fst00243880,,between 1630 and 1639,,1630-1639,Switzerland--Lake Geneva|Switzerland,"5.960,46.000,6.940,46.620",,2019-01-16,2022-creator-sprint|sprint-2021-05
db3202ec-fb76-4299-8a23-4de959f17487,,,,,1756,1756-1756,Africa,"-27.02,-37.03,54.12,38.85",http://sws.geonames.org/6255146,2021-04-16,sprint-2021-05
f637e22e-520b-4174-833b-5c6843895034,"Janvier, Jean, 1859-1923|La Caille, Nicolas Louis de, 1713-1762|Remondini, Giuseppe Antonio, 1747-1811.",fst00490658|fst00176385|null,,1784,,1784-1784,Africa,"-37.28,-37.62,74.18,44.52",,2019-01-16,2022-creator-sprint|sprint-2021-05
7b05a921-0c70-40d2-8e0f-6349a7ef4f7d,"Janvier, Jean, 1859-1923|La Caille, Nicolas Louis de, 1713-1762",fst00490658|fst00176385,,1776,,1776-1776,Africa,"-37.28,-37.62,74.18,44.52",,2019-01-16,2022-creator-sprint|sprint-2021-05
4d021bfd-b2a1-4b78-a4a6-67ca77e9d442,"Jaillot, Alexis Hubert, 1632?-1712|Sanson, Nicolas, 1600-1667",fst00019259|fst00007715,,-169,,1690-1699,Africa,"-45.52,-35.48,58.62,40.95",,2019-01-16,2022-creator-sprint|sprint-2021-05
c2e37a94-bdfb-4ac2-8fce-cb07dbee1763,"Valck, G. (Gerard), 1651 or 1652-1726.",null,,1680,,1680-1680,Africa,"-25.78,-35.48,58.62,42.37",,2019-01-16,2022-creator-sprint|sprint-2021-05
96c99e2d-fb12-4649-b857-65d7ca5ea995,"Jaillot, Alexis Hubert, 1632?-1712|Sanson, Nicolas, 1600-1667",fst00019259|fst00007715,,1700,,1700-1700,Africa,"-57.65,-35.63,58.62,39.85",,2019-01-16,2022-creator-sprint|sprint-2021-05
22d8fcb7-c476-4c63-bfb1-7742d8fdb204,,,,,1762,1762-1762,Africa,"-27.02,-37.03,74.82,38.85",http://sws.geonames.org/6255146,2021-04-16,sprint-2021-05
f7dad71e-99c8-4fbe-9aa2-75d8faf31e8a,"Académie royale des sciences (France)|L'Isle, Guillaume de, 1675-1726|R. & J. Ottens",fst00558855|fst00019557|null,,1740,,1740-1740,Africa,"-37.000,-38.000,95.000,47.000",,2019-01-16,2022-creator-sprint|sprint-2021-05
fb071419-a884-4a05-a799-04db0e55e855,"Duval, P. (Pierre), 1619-1682.",null,,1676,,1676-1676,Africa,"-25.78,-35.48,54.65,37.58",,2019-01-16,2022-creator-sprint|sprint-2021-05
3d928eb3-5217-42f9-9b57-08fe61c6a28f,"Janvier, Jean, 1859-1923",fst00490658,,1784?,,1784-1784,Americas,"-144.6,-56.73,-1.03,57.78",,2019-01-16,2022-creator-sprint|sprint-2021-05
989a31cd-3979-43d8-aa85-db6c0f5201ef,"Corneille|Cóvens, Jean|Cóvens et Mortier.|L'Isle, Guillaume de, 1675-1726|Mortier",null|null|null|fst00019557|null,Early maps,Approximatey 1730,n.d.,1730-1730,North America,"-111.72,7.49,-60.04,49.53",,,sprint-2021-05|2022-creator-sprint|202212bbox|sprint-2021-05
f732521d-4268-4307-be25-fa7d7069c55c,"De La Vergne, Earl W.|L'Isle, Guillaume de, 1675-1726|Schenk, Peter, 1661-1711",null|fst00019557|fst01935893,,1708,,1708-1708,,"-125.000,5.000,-35.000,70.000",,2019-01-16,2022-creator-sprint|sprint-2021-05
8400f70d-f2c5-4657-a51f-28c5d6649370,"Guérard, Nicolas, approximately 1648-1719, engraver.|L'Isle, Guillaume de, 1675-1726",null|fst00019557,,1707,,1707-1707,North America,"-125.8,6.78,-22.45,78.37",,2019-01-16,2022-creator-sprint|sprint-2021-05
185d0644-40b8-4199-98b1-713e012f4653,"Guérard, Nicolas, approximately 1648-1719.|L'Isle, Guillaume de, 1675-1726",null|fst00019557,,1700,,1700-1700,North America,"-126.42,6.47,-19.5,78.47",,2019-01-16,2022-creator-sprint|sprint-2021-05
dd57b6ce-85de-4907-9d8e-e221f677f992,"Fer, Nicolas de, 1646-1720",fst00101496,,1717,,1717-1717,Americas,"-169.55,-56.53,2.73,56.9",,2019-01-16,2022-creator-sprint|sprint-2021-05
e60c2e19-19d9-4f47-a8de-e611ee618518,"Sanson, Nicolas, 1600-1667",fst00007715,Early maps,between 1695 and 1700,n.d.,1695-1700,North America,"-126.42,6.47,-19.5,78.47",,2019-01-16,2022-creator-sprint|sprint-2021-05
d8976e21-7d9c-4c67-b8b9-262e9bd5199f,"Bonne, Rigobert, 1727-1794|Dahl, James, former owner",fst00055880|null,Early maps|Atlases,1787,1787,1787-1787,Mexico,"-118.000,10.000,-97.000,37.000",,2019-01-16,sprint-mar2020|2022-creator-sprint|sprint-2021-05
9ecc3898-30da-423e-9c92-24c42b9bf54a,"Bonne, Rigobert, 1727-1794",fst00055880,Early maps|World maps,between 1780 and 1789,n.d.,1780-1789,World,"-179.99,-89.99,179.99,89.99",,2019-01-16,2022-creator-sprint|202212bbox|-180TO180|sprint-2021-05
9df9d081-08ed-4fd9-99be-3d1faf127f12,,,,,1899,1899-1899,New York,"-74.000,44.000,-73.500,44.500",http://sws.geonames.org/5128638,2021-04-16,sprint-2021-05
68a943a6-e332-4e9e-b3dd-9cbc34453f34,,,Thematic maps|Pictorial maps,between 1900 and 1946,1946,1946-1946,United States,"-124.98,22.61,-67.18,49.31",http://sws.geonames.org/6252001,2021-04-16,sprint-2021-05|202212bbox|sprint-2021-05
0de794de-72d5-483f-860e-f7768bd6deb0,[creator not identified],null,Thematic maps,1880,1880,1880-1880,Michigan--Ann Arbor Township|Michigan,"-83.77,42.26,-83.71,42.31",,2019-01-16,sprint-mar2020|2022-creator-sprint|sprint-2021-05
8ebef698-91f8-4188-8039-7d897aa879e3,[creator not identified],null,Thematic maps,1890,1890,1890-1890,Michigan--Ann Arbor|Michigan,"-83.77,42.26,-83.71,42.31",,2019-01-16,sprint-mar2020|2022-creator-sprint|sprint-2021-05
89f96054-a437-46b6-87a8-89721d628739,Laurie & Whittle,,,1809,,1809-1809,England--London|England,"-0.180,51.470,0.000,51.550",http://sws.geonames.org/2643743,2019-01-16,2022-creator-sprint|sprint-2021-05
d405b32e-9e6a-4c75-8045-ebf2a8a8ce9c,"Jaillot, Alexis Hubert, 1632?-1712|Ottens, J. (Josua), 1704-1765|Ottens, R. (Reinier), 1698-1750",fst00019259|null|null,Early maps,between 1720 and 1725,n.d.,1725-1725,Canada,"-91.88,42.67,-52.62,69.98",,2019-01-16,2022-creator-sprint|sprint-2021-05
e717ff30-2806-491d-9c10-8d12456afeb6,"Hondius, Hendrik, 1597-1651|Tavernier, Melchior, 1594-1665, seller.|Vignaud, Henry, 1830-1922",fst00101029|null|fst00243880,,between 1630 and 1639,,1630-1639,France-- Nouvelle-Aquitaine--Sarlat|France,"0.24,44.62,1.42,45.15",,2019-01-16,2022-creator-sprint|sprint-2021-05
4a8857e2-9e17-457d-b948-042e8a48da04,"Hondius, Hendrik, 1597-1651|Jansson, Jan, 1588-1664|Jansson, Jan, 1588-1664. Appendix Atlas|Tavernier, Melchior, 1594-1665, seller.|Vignaud, Henry, 1830-1922, former owner.",fst00101029|fst00012480|null|null|null,,approximately 1636,,1636-1636,France-- Nouvelle-Aquitaine--Sarlat|France,"0.24,44.62,1.42,45.15",,2019-01-16,2022-creator-sprint|sprint-2021-05
ccf52c79-0717-4a37-a0a9-a44ce55595eb,"Hondius, Jodocus, 1594 or 1595-1629, cartographer|Jansson, Jan, 1588-1664. Appendix Atlas|Vignaud, Henry, 1830-1922, former owner.",null|null|null,,between 1630 and 1639,1636?.,1630-1639,France--Bourgogne-Franche-Comté|France,"2.845,46.156,7.143,48.400",http://sws.geonames.org/11071619,2021-04-16,sprint-2021-05|2022-creator-sprint|202212bbox|sprint-2021-05
490ebc7b-5d69-424c-ade6-2773c3c7d1d4,"Hondius, Jodocus, 1594 or 1595-1629, cartographer|Jansson, Jan, 1588-1664|Jansson, Jan, 1588-1664. Atlantis Maioris Appendix, 1630|Vignaud, Henry, 1830-1922, former owner.",null|fst00012480|null|null,,1630,,1630-1630,France,"2.85,45.72,5.28,47.42",,2019-01-16,2022-creator-sprint|sprint-2021-05
95382981-6b3e-41ec-b7fe-dc873e548739,"Jansson, Jan, 1588-1664. Appendix Atlas|Templeux, Damien, Sieur de Fresnoy, d.c. 1620.|Vignaud, Henry, 1830-1922, former owner.",null|null|null,Early maps,between 1630 and 1639,1636?,1630-1639,France--Île-de-France|France--Île-de-France|France,"1.446,48.120,3.559,49.241",http://sws.geonames.org/3012873,2021-04-16,sprint-2021-05|2022-creator-sprint|202212bbox|sprint-2021-05
ac1cbf1d-b202-427c-9ae6-a4b5ab22eb19,"Hondius, Jodocus, 1594 or 1595-1629|Vignaud, Henry, 1830-1922",null|fst00243880,,between 1630 and 1639,,1630-1639,France-- Pays de la Loire--Maine|France,"-1.06,47.67,0.95,48.64",,2019-01-16,2022-creator-sprint|sprint-2021-05
aea40dbc-2e3e-4cca-8e35-a6691ded344b,"Jansson, Jan, 1588-1664|Jansson, Jan, 1588-1664. Appendix Atlas|Vignaud, Henry, 1830-1922, former owner.",fst00012480|null|null,,approximately 1636,,1636-1636,France-- Pays de la Loire--Maine-et-Loire|France,"-1.02,47.64,0.99,48.64",,2019-01-16,2022-creator-sprint|sprint-2021-05
652c24a8-650c-453b-8ea9-2de9e5f48478,"Hamersveldt, Everard Symonsz, 1591-1653, engraver|Jansson, Jan, 1588-1664. Appendix Atlas|Vignaud, Henry, 1830-1922, former owner.",null|null|null,Early maps,between 1630 and 1639,1636?,1630-1639,France-- Nouvelle-Aquitaine--Béarn|France--Nouvelle-Aquitaine|France,"2.161,48.675,2.168,48.679",http://sws.geonames.org/3034397,2021-04-16,sprint-2021-05|2022-creator-sprint|202212bbox|sprint-2021-05
cd9e569e-c6e2-4662-bc0e-c679356a98e5,"Jansson, Jan, 1588-1664. Appendix Atlas|Tavernier, Melchior, 1594-1665, seller.|Vignaud, Henry, 1830-1922, former owner.",null|null|null,Early maps,between 1630 and 1639,1636?,1630-1639,France-- Normandy--Seine-Maritime|France--Normandy|France,"0.066,49.251,1.791,50.076",http://sws.geonames.org/2975248,2021-04-16,sprint-2021-05|2022-creator-sprint|202212bbox|sprint-2021-05
953b6706-0864-4677-84bf-0ceaad29431a,"Hondius, Hendrik, 1597-1651|Tavernier, Melchior, 1594-1665, seller.|Vignaud, Henry, 1830-1922",fst00101029|null|fst00243880,,between 1630 and 1639,,1630-1639,France-- Normandy--Seine-Maritime|France,"-0.010,49.000,2.140,50.070",,2019-01-16,2022-creator-sprint|sprint-2021-05
471929fd-68b9-4492-89d8-b91ee03f282a,"Jansson, Jan, 1588-1664. Appendix Atlas|Vignaud, Henry, 1830-1922, former owner.",null|null,Early maps,between 1630 and 1639,1636?,1630-1639,France-- Normandy--Seine-Maritime|France--Normandy|France,"0.066,49.251,1.791,50.076",http://sws.geonames.org/2975248,2021-04-16,sprint-2021-05|2022-creator-sprint|202212bbox|sprint-2021-05
d2f89f62-0f7b-4dd5-9bbe-2d4e410eed83,"Fer, Nicolas de, 1646-1720",fst00101496,,1705,,1705-1705,France-- Île-de-France--Paris|France,"2.27,48.83,2.45,48.89",,2019-01-16,2022-creator-sprint|sprint-2021-05
8672d75f-9a35-4935-8742-7e23004e02af,"L'Isle, Guillaume de, 1675-1726",fst00019557,Early maps,between 1707 and 1716,1716,1710-1716,France-- Île-de-France--Paris|France,"2.27,48.84,2.41,48.89",,2019-01-16,2022-creator-sprint|sprint-2021-05
e5d98078-02ea-4ec7-bd3f-039d0bafb475,"Fer, Nicolas de, 1646-1720",fst00101496,,1717,,1717-1717,France-- Île-de-France--Paris|France,"2.3,48.83,2.38,48.88",,2019-01-16,2022-creator-sprint|sprint-2021-05
037a8e4f-2a62-4cd1-88c4-ea2904cf776f,"Le Rouge, Georges-Louis",fst01443838,,,1742,1742-1742,Czech Republic,"30.08,48.08,36.03,51.2",,2021-04-16,2022-creator-sprint|sprint-2021-05
fdb4bcd0-cdec-451e-83a4-14751d3beff1,"Robert de Vaugondy, Gilles, 1688-1766",fst00084842,,1752,,1752-1752,Poland,"16.8,47.05,34.05,57.82",,2019-01-16,2022-creator-sprint|sprint-2021-05
4d70004a-eb47-428d-807d-dc65c8cbd7c1,"Jansson, Jan, 1588-1664. Appendix Atlas|Vignaud, Henry, 1830-1922, former owner.",null|null,,between 1630 and 1639,1636?.,1630-1639,Castille and León-- Spain--Castilla y Leon|Spain--Castille and León|Spain,"-7.077,40.083,-1.775,43.238",http://sws.geonames.org/3336900,2021-04-16,sprint-2021-05|2022-creator-sprint|202212bbox|sprint-2021-05
0eea8833-5e33-420f-a4a5-df2b68c0ffa4,,,Early maps,,1749,1749-1749,North America,"-93.15,36.57,-69.57,49.13",http://sws.geonames.org/6255149,2021-04-16,sprint-2021-05
e086daee-8784-478c-9ca3-4ee59e8bd320,"Cordier, Louis, -1711, engraver.",,World maps,,1669,1669-1669,World,"-179.99,-89.99,179.99,89.99",,2021-04-16,bbox-verified_2023-02-27|2022-creator-sprint|BBoxButFlagged|bboxSprintJune2023|-180TO180|sprint-2021-05
abc098b3-6383-41ad-aae1-3626a4f7ba37,"Fer, Nicolas de, 1646-1720",fst00101496,,1716,,1716-1716,Poland,"13.62,46.15,32.77,59.8",,2019-01-16,2022-creator-sprint|sprint-2021-05
ee54edcd-4b27-4d72-b85c-64b652a7fa89,"Valck, G. (Gerard), 1651 or 1652-1726.",null,,1708,,1708-1708,Europe,"-28.03,25.78,45.48,70.85",,2019-01-16,2022-creator-sprint|sprint-2021-05
2b616a5d-7e9e-4234-ac45-da7d46764c20,[creator not identified],null,,1808,,1808-1808,Europe,"-28.03,33.88,50.05,71.42",,2019-01-16,2022-creator-sprint|sprint-2021-05
09e5096a-de0a-428e-8299-70095fde5bda,"Fer, Nicolas de, 1646-1720",fst00101496,,1717,,1717-1717,Europe,"-28.03,33.88,74.13,82.7",,2019-01-16,2022-creator-sprint|sprint-2021-05
bee8fbe3-e3d9-4f5a-8539-fbb2fa824a80,[creator not identified],,Early maps,between 1700 and 1799,n.d.,1700-1799,France--Hauts-de-France--Lille|France,"3.027,50.632,3.091,50.656",,2019-01-16,bbox-verified_2023-02-27|2022-creator-sprint|FixedBBoxes|bboxSprintJune2023|sprint-2021-05
0457164a-d2d9-46b4-9d1d-f66623368c0d,"Powell, John Wesley, 1834-1902|Smithsonian Institution. Bureau of American Ethnology",fst00006304|fst00533968,Ethnographic maps,1886,1886,1886-1886,North America,"-168.9,32.3,-0.8,84.0",http://sws.geonames.org/6255149,2021-04-16,sprint-2021-05|2022-creator-sprint|sprint-2021-05
f61e9da3-0324-48b9-8c7a-e2bbbfd5dc17,"Jansson, Jan, 1588-1664. Appendix Atlas|Vignaud, Henry, 1830-1922, former owner.",null|null,,approximately 1636,,1636-1636,France,"3.43,45.38,4.95,46.62",,2019-01-16,2022-creator-sprint|sprint-2021-05
d332fc1f-8d22-4563-b129-6749a25a4ff8,"Vignaud, Henry, 1830-1922",fst00243880,,between 1630 and 1639,,1630-1639,FR.B9-- France--Rhône-Alpes|France,"3.37,45.28,5.05,46.62",,2019-01-16,2022-creator-sprint|sprint-2021-05
9e413f66-fbdd-416c-98c6-fcec30a837bf,"Guillotiere, François|Vignaud, Henry, 1830-1922",null|fst00243880,,between 1630 and 1639,,1630-1639,France--Île-de-France|France,"2.000,48.690,2.990,49.220",,2019-01-16,2022-creator-sprint|sprint-2021-05
35f4a4c5-808b-4ed3-a188-fcba0afd89c4,"Ram, Joannes de.",null,Aerial views,1690?,,1690-1690,England--London|England,"-0.14,51.49,-0.04,51.53",http://sws.geonames.org/2643743,2019-01-16,2022-creator-sprint|sprint-2021-05
b694d5ca-7610-4c08-978f-3fd9c4517c36,"Heck, J. G. (Johann Georg), -1857",fst02013834,,between 1800 and 1899,n.d.,1800-1800,England--London|England,"-0.18,51.47,-0.01,51.55",http://sws.geonames.org/2643743,2019-01-16,2022-creator-sprint|sprint-2021-05
4ab8fe38-c700-4504-b529-76589503bc88,"Davies, Benjamin Rees|Society for the Diffusion of Useful Knowledge (Great Britain)",fst02013800|fst00519759,,1843,,1843-1843,England--London|England,"-0.19,51.48,-0.01,51.55",http://sws.geonames.org/2643743,2019-01-16,2022-creator-sprint|sprint-2021-05
9ef15d67-199a-415a-b5e7-c1d7e18cae8d,"London Topographical Society|Visscher, Claes Jansz., 1586 or 1587-1652",fst00542809|null,Pictorial maps,1616,,1616-1616,England--London|England,"-0.12,51.5,-0.06,51.52",http://sws.geonames.org/2643743,2019-01-16,2022-creator-sprint|sprint-2021-05
94e2f443-88be-4b4d-91d7-aaf634f441e3,"Moore, J. M., C.E.",,Thematic maps,1898,1898,1898-1898,Canada-- Ontario--London|Canada--Ontario,"-81.357,42.907,-81.124,43.072",,2019-01-16,sprint-2021-05|2022-creator-sprint|202212bbox|sprint-2021-05
0d8f60d0-1183-40ff-89df-2a997236fd81,"Jansson, Jan, 1588-1664. Appendix Atlas|Vignaud, Henry, 1830-1922, former owner.",null|null,Early maps,between 1630 and 1639,1636?,1630-1639,France-- Grand Est--Lorraine|France--Grand Est|France,"5.317,47.852,8.263,49.519",http://sws.geonames.org/2997550,2021-04-16,bbox-verified_2023-02-27|sprint-2021-05|2022-creator-sprint|202212bbox|sprint-2021-05
cf3d9909-9312-4631-99ed-ea828c6ffe7e,"Jansson, Jan, 1588-1664|Jansson, Jan, 1588-1664. Atlantis Maioris Appendix, 1630|Vignaud, Henry, 1830-1922, former owner.",fst00012480|null|null,,1630,,1630-1630,FR.B2-- France--Lorraine|France,"5.66,47.76,7.21,48.7",,2019-01-16,2022-creator-sprint|sprint-2021-05
54014e0e-dec2-426a-ac7d-82579d01b2ce,"Vignaud, Henry, 1830-1922",fst00243880,,between 1630 and 1639,,1630-1639,FR.B2-- France--Lorraine|France,"5.66,47.76,7.21,48.7",,2019-01-16,2022-creator-sprint|sprint-2021-05
42835e41-55c1-4ef0-afe4-a577725e1f0a,"Jansson, Jan, 1588-1664. Appendix Atlas|Vignaud, Henry, 1830-1922, former owner.",null|null,Early maps,between 1630 and 1639,1636?,1630-1639,France--Grand Est--Lorraine|France--Grand Est|France,"5.859,48.657,7.511,49.537",http://sws.geonames.org/2997550,2021-04-16,bbox-verified_2023-02-27|sprint-2021-05|2022-creator-sprint|202212bbox|BBoxButFlagged|bboxSprintJune2023|sprint-2021-05
fdd7be52-a557-4ea9-aa90-0c56d1fe0c54,"Vignaud, Henry, 1830-1922",fst00243880,,between 1630 and 1639,,1630-1639,FR.B2-- France--Lorraine|France,"5.45,48.63,7.38,49.57",,2019-01-16,2022-creator-sprint|sprint-2021-05
428ede38-968e-4385-8ac1-2db6b308dae1,"Jansson, Jan, 1588-1664|Jansson, Jan, 1588-1664. Atlantis Maioris Appendix, 1630|Vignaud, Henry, 1830-1922, former owner.",fst00012480|null|null,,1630,,1630-1630,FR.B2-- France--Lorraine|France,"5.45,48.63,7.38,49.57",,2019-01-16,2022-creator-sprint|sprint-2021-05
e2704509-2f4a-4755-a983-2a7e6dca9b8b,"Danckerts, Theodore.",null,,1696?,,1696-1696,France,"4.98,47.45,8.95,49.8",,2019-01-16,2022-creator-sprint|sprint-2021-05
f395de7b-7a57-47b3-8613-9e603650fbaa,"Hergesheimer, Edwin|Smith, Robert Pearsall, 1827-1898|United States. War Department. Corps of Engineers",null|fst00136195|fst01853269,,1861,,1861-1861,Virginia--Loudoun County|Virginia,"-78.000,38.750,-77.750,39.420",,2019-01-16,2022-creator-sprint|sprint-2021-05
72c10aab-458d-4f39-ac2a-238934993b64,"Jansson, Jan, 1588-1664. Appendix Atlas|Vignaud, Henry, 1830-1922, former owner.",null|null,,between 1630 and 1639,1636?,1630-1639,France,"0.044,46.970,0.165,47.053",http://sws.geonames.org/3017382,2021-04-16,sprint-2021-05|2022-creator-sprint|202212bbox|sprint-2021-05
f29f8894-abc2-4868-a307-c7c582459582,"Hondius, Hendrik, 1597-1651|Hondius, Hendrik, 1597-1651. Appendix Atlas of the British Isles and Northern Europe|Jansson, Jan, 1588-1664. Appendix Atlas of the British Isles and Northern Europe|Vignaud, Henry, 1830-1922, former owner.",fst00101029|null|null|null,,1631,,1631-1631,United Kingdom--British Isles|United Kingdom,"-11.000,49.930,5.170,58.720",,2019-01-16,2022-creator-sprint|sprint-2021-05
c7bd6779-6b06-42e1-8389-8472ededcf79,,,Thematic maps,1910,1910,1910-1910,New York--New York City|New York,"-74.047,40.680,-73.907,40.882",http://sws.geonames.org/5128581,2021-04-16,sprint-2021-05|202212bbox|sprint-2021-05
b10de73a-238b-4f07-9769-10090a5c5724,"Graham, J. D. (James Duncan), 1799-1865|O'Donoghue, John, 1946-|United States. Army. Corps of Topographical Engineers",fst00245874|null|fst00531525,,1856,,1856-1856,Wisconsin--Manitowoc Harbor|Wisconsin,"-87.665,44.083,-87.640,44.100",,2019-01-16,bbox-verified_2023-02-27|2022-creator-sprint|FixedBBoxes|bboxSprintJune2023|sprint-2021-05
22d6bf26-19a2-41e5-a13a-c2cac791d6dc,"Takashiba, San'yū, 19th cent.",null,,Kaei 5 1852,,1852-1852,Japan-- Tokyo--Tokyo|Japan,"139.68,35.57,139.95,35.76",,2019-01-16,2022-creator-sprint|sprint-2021-05
dd1673d9-b5da-4337-835f-188a80881e23,Silas Farmer & Co.,null,,1872,,1872-1872,Michigan--Detroit|Michigan,"-83.09,42.31,-83.01,42.38",,2019-01-16,2022-creator-sprint|sprint-2021-05
85fa07f3-2a5c-45ad-876c-35f7d2913e45,"Wesolowski, Ludwik.",,Manuscript maps,Approximately 1837,n.d.,1837-1837,Michigan--Clinton Township|Michigan,"-82.973,42.539,-82.856,42.631",,2019-01-16,sprint-2021-05|2022-creator-sprint|202212bbox|sprint-2021-05
3b6b19ec-ef6c-4441-ba2e-20253fbf97fc,"Wesolowski, Ludwik.",,Manuscript maps,Approximately 1837,n.d.,1837-1837,Michigan--Mount Clemens|Michigan,"-82.902,42.578,-82.857,42.618",,2019-01-16,sprint-2021-05|2022-creator-sprint|202212bbox|sprint-2021-05
496b3b9d-ce79-415d-a912-29ed9f6dafde,"Dawson, George Mercer, 1849-1901|Geological Survey of Canada",fst00188721|fst00533128,,1880,,1880-1880,Canada--British Columbia,"-134.000,48.000,-114.000,57.000",,2019-01-16,2022-creator-sprint|sprint-2021-05
810bac42-c89f-4384-9f71-d8ec4b7b0e3b,"Glümer, J. v.|Poe, O. M. (Orlando Metcalfe), 1832-1895|Sherman, William T. (William Tecumseh), 1820-1891|United States. Army. Corps of Engineers",null|fst00122322|fst00049712|fst00534195,Military maps,1864,1870,1864-1864,Georgia,"-85.42,33.5,-83.75,35.17",,2019-01-16,sprint-mar2020|2022-creator-sprint|sprint-2021-05
b339fb44-0e3b-45a5-bbb0-e4a7b9960632,"Beckwith, E. G. (Edward Griffin), 1826-1909|Dahl, James, former owner|Davis, Jefferson, 1808-1889, director|Egloffstein, F. W., 1824-1885, topographer|Siebert, Selmar, printer|United States. War Department",fst00419143|null|null|null|null|fst01853257,Thematic maps|Manuscript maps,1855,1855,1855-1855,United States of America,"-115.5,38.68,-111.4,42.22",,2019-01-16,sprint-mar2020|2022-creator-sprint|sprint-2021-05
8cd4bc46-913b-46c4-8416-0b6ef6a6f737,"Beckwith, E. G. (Edward Griffin), 1826-1909|Dahl, James, former owner|Davis, Jefferson, 1808-1889, director|Egloffstein, F. W., 1824-1885, topographer|Gunnison, J. W. (John Williams), 1812-1853|Kern, R. H., topographer|Siebert, Selmar, printer|United States. War Department",fst00419143|null|null|null|fst00267065|null|null|fst01853257,Thematic maps|Manuscript maps,1855,1855,1855-1855,United States of America,"-111.17,36.23,-106.5,41.5",,2019-01-16,sprint-mar2020|2022-creator-sprint|sprint-2021-05
01a620ba-2c07-46ca-b388-d6be6b9035a4,"Beckwith, E. G. (Edward Griffin), 1826-1909|Dahl, James, former owner|Davis, Jefferson, 1808-1889, director|Egloffstein, F. W., 1824-1885, topographer|Siebert, Selmar, printer|United States. War Department",fst00419143|null|null|null|null|fst01853257,Thematic maps|Manuscript maps,1855,1855,1855-1855,California,"-123.670,38.580,-119.500,42.000",,2019-01-16,sprint-mar2020|2022-creator-sprint|sprint-2021-05
cae01d9d-12d4-4c83-b991-ced46313b361,"Barlow, Robert, 1813-1883|Geological Survey of Canada|Richardson, James (Geologist)",null|fst00533128|null,,1867,,1867-1867,British Columbia-- Canada--Vancouver Island,"-124.000,49.000,-118.000,51.000",,2019-01-16,2022-creator-sprint|sprint-2021-05
8065296b-3341-4171-a72e-dc5c114ffd38,"Bowman, Amos, -1894|Dawson, George Mercer, 1849-1901|Geological Survey of Canada|Marion, Israel",fst01809207|fst00188721|fst00533128|null,,1888,,1888-1888,Canada--British Columbia,"-122.000,49.000,-118.000,51.250",,2019-01-16,2022-creator-sprint|sprint-2021-05
13b4f358-d358-4ea7-a99e-89b066944502,"Gunnison, J. W. (John Williams), 1812-1853|Preuss, Charles, 1803-1854|Stansbury, Howard, 1806-1863|United States. Army. Corps of Engineers",fst00267065|fst00356620|fst00221979|fst00534195,,1850,,1850-1850,United States of America,"-115.000,38.000,-94.000,44.000",,2019-01-16,2022-creator-sprint|sprint-2021-05
d0b08401-4b5e-4011-9cd7-e8fb59266f87,,,,1922,1922,1922-1922,Africa,"-19.27,-36.43,52.14,37.61",http://sws.geonames.org/6255146,2021-04-16,sprint-2021-05|202212bbox|sprint-2021-05
afcbb8e5-7fd7-4290-a420-f2904122cc89,"Frémont, John Charles, 1813-1890",,,1845,,1845-1845,United States of America,"-125.000,34.000,-94.000,46.000",,2019-01-16,2022-creator-sprint|sprint-2021-05
e8c3955d-4861-4f6a-88c7-d3936229d491,[creator not identified],null,,1901,,1901-1901,Michigan--Ann Arbor|Michigan,"-83.76,42.26,-83.72,42.3",,2019-01-16,2022-creator-sprint|sprint-2021-05
2a8bdf3c-f8e8-4a25-bcc7-1fff39fb29b8,Ann Arbor Press,fst02013594,Thematic maps,between 1900 and 1910,n.d.,1900-1910,Michigan--Ann Arbor|Michigan,"-83.76,42.26,-83.72,42.29",,2019-01-16,2022-creator-sprint|sprint-2021-05
61aa9f6c-9a07-477b-802e-78befd5e28a1,"George Wahr (Firm)|Smith, Shirley Wheeler, 1875-1959",null|null,Thematic maps,1899,1899,1899-1899,Michigan--Ann Arbor Township|Michigan,"-83.76,42.26,-83.72,42.29",,2019-01-16,sprint-mar2020|2022-creator-sprint|sprint-2021-05
55cbc381-7a98-4dd0-8414-77d660774e06,George Wahr Publishing Company.,null,,approximately 1900,1900,1900-1900,Michigan--Ann Arbor|Michigan,"-83.76,42.26,-83.72,42.29",,2019-01-16,sprint-mar2020|2022-creator-sprint|sprint-2021-05
aac663c0-c1f7-4afc-b04d-e630399d9b72,Ann Arbor (Mich.). Board of Commerce,null,,1911,,1911-1911,Michigan--Ann Arbor|Michigan,"-83.76,42.26,-83.71,42.3",,2019-01-16,2022-creator-sprint|sprint-2021-05
feca7f43-6d13-4f9e-a08b-f4975053877f,,,,,1920,1920-1920,Michigan--Ann Arbor|Michigan,"-83.759,42.260,-83.718,42.292",,2021-04-16,bbox-verified_2023-02-27|FixedBBoxes|bboxSprintJune2023|sprint-2021-05
b772ce7d-55a4-4885-9188-fc59a2ae6de2,Wickes Brothers.,null,,1914,,1914-1914,Michigan--Ann Arbor|Michigan,"-83.76,42.27,-83.72,42.3",,2019-01-16,2022-creator-sprint|sprint-2021-05
49bc3225-89a5-4170-a8eb-19e7fadae5fa,"Andrews, Robert E., creator|Ayde, E. F.",null|null,Thematic maps,,n.d.,2020-2020,Michigan--Au Sable National Scenic River|Michigan,"-84.82,44.27,-83.25,45.07",,2019-01-16,sprint-mar2020|2022-creator-sprint|sprint-2021-05
9d97e01e-29f2-42dc-8bd5-61d6511795b5,,,,,1890,1890-1890,Massachusetts--Boston|Massachusetts,"-71.09,42.34,-71.03,42.37",http://sws.geonames.org/4930956,2021-04-16,sprint-2021-05
c9538b74-c930-40da-8f09-9637fb6023c4,"Stratton, J. F. (Jonathan F.)",,Cadastral maps,1832,1832,1832-1832,Michigan--Ann Arbor Township|Michigan,"-83.749,42.282,-83.721,42.293",,2019-01-16,sprint-mar2020|2022-creator-sprint|sprint-2021-05
44d649f9-d390-4f3e-83c4-e713b32dccd5,"Stratton, J. F. (Jonathan F.)",,Cadastral maps,1832,1832,1832-1832,Michigan--Ann Arbor Township|Michigan,"-83.749,42.282,-83.721,42.293",,2019-01-16,sprint-mar2020|2022-creator-sprint|sprint-2021-05
ab98bb71-2695-41a1-893b-f681881f0cda,"Blanchard, M.",,,1898,,1898-1898,Michigan--Ann Arbor|Michigan,"-83.74,42.28,-83.739,42.281",,2019-01-16,bbox-verified_2023-02-27|2022-creator-sprint|BBoxVerified|bboxSprintJune2023|sprint-2021-05
013d9fb7-7ec6-440e-b289-3cda5d26b2ab,,,,,1890,1890-1890,Connecticut,"-73.72,40.98,-71.73,42.05",http://sws.geonames.org/4831725,2021-04-16,sprint-2021-05
614a0722-6f94-45de-944c-8fcae3c3ba04,,,,,1893,1893-1893,Connecticut,"-73.728,40.980,-71.787,42.051",http://sws.geonames.org/4831725,2021-04-16,202212bbox|sprint-2021-05
a4c808b7-3ab8-4f1e-b850-5bdedf441134,Geological Survey (U.S.),fst00547115,,1893,,1893-1893,Connecticut,"-73.75,39.98,-71.75,42.02",,2019-01-16,2022-creator-sprint|sprint-2021-05
d4a1527b-f692-4a83-af9f-38b87e6a21d0,Thomas Cook (Firm)|W. & A.K. Johnston Limited,fst00556081|fst00545010,Thematic maps,between 1890 and 1900,n.d.,1890-1900,Europe,"-0.52,39.8,16.9,52.53",,2019-01-16,2022-creator-sprint|sprint-2021-05
2b18fabd-aa1b-42a7-82bd-d955f28334ff,"Farmer, Silas, 1839-1902|International Society of Christian Endeavor|Michigan Mutual Life Insurance Company.|Silas Farmer & Co.",fst01497200|fst00588924|null|null,,1899,1899,1899-1899,Michigan--Detroit|Michigan,"-83.288,42.255,-82.910,42.450",,,sprint-2021-05|2022-creator-sprint|202212bbox|sprint-2021-05
c612bec8-035a-4481-9bbf-af7a3b29446c,United States. Surveyor General,fst00580221,,,1855,1855-1855,Dunkirk Harbor,"-79.35,42.49,-79.31,42.5",http://sws.geonames.org/5115498,2021-04-16,2022-creator-sprint|sprint-2021-05
229a255c-8b2b-48d8-8f66-18d0c36e5d23,"Coronelli, Vincenzo, 1650-1718",fst00012407,,169-?,,1690-1699,North America|Gulf of Mexico,"-100.000,22.000,-75.000,70.000",,2019-01-16,2022-creator-sprint|sprint-2021-05
548fd0a0-ef9f-428f-ab71-f957130c945c,"Dahl, James, former owner|Dimmock, Charles H. (Charles Henry), 1831-1873, engineer|Egloffstein, F. W., 1824-1885|Hazzard, John, Letterer|Macomb, J. N. (John N.), 1810 or 1811-1889, topographer|Sartain, Samuel, 1830-1906, ruler",null|null|fst01514574|null|null|null,,1864,,1864-1864,United States of America,"-111.58,34.48,-104.5,39.28",,2019-01-16,2022-creator-sprint|sprint-2021-05
135e7926-330d-489d-8c15-9f30a16a8ec7,"George B. Cadwell & Co.|George B. Cadwell & Co. Atlas of Lenawee County, Michigan.",null|null,,1892,,1892-1892,Michigan--Hudson|Michigan,"-84.388,41.828,-84.314,41.881",,2019-01-16,bbox-verified_2023-02-27|2022-creator-sprint|FixedBBoxes|bboxSprintJune2023|sprint-2021-05
eaf95aa2-749a-46d2-bc60-a4ae0ef041e3,"Eaton, Daniel Isaac, -1814|Geological Survey of Canada|Low, A. P. (Albert Peter), 1861-1942",fst01816931|fst00533128|fst00454848,Geological maps,1896,,1896-1896,Canada--Newfoundland and Labrador,"-81.000,47.000,-55.000,61.000",,2019-01-16,2022-creator-sprint|sprint-2021-05
f2085572-c851-417a-9a47-eafdcd76901e,"Geological Survey (U.S.)|Gilbert, Grove Karl, 1843-1918|Thompson, Gilbert, 1839-1909",fst00547115|fst00052219|fst00375349,,1890,,1890-1890,Utah--Bonneville Salt Flats,"-114.83,37.5,-110.87,42.43",,2019-01-16,2022-creator-sprint|sprint-2021-05
7cf6b12b-430c-401d-987f-1ea8a874f07e,"Douglas, Columbus C., 1812-1874|Higgins, Sylvester W.|Houghton, Douglass, 1809-1845|Hubbard, Bela, 1814-1896|Stone, William James, 1798-1865",null|fst00307682|fst00306649|fst00119550|fst00003189,,1844,,1844-1844,Michigan--Lenawee County|Michigan,"-83.72,41.7,-83.12,42.07",,2019-01-16,2022-creator-sprint|sprint-2021-05
62909ea6-3206-4c35-a4b9-9b688ef2a630,"C. & J. Greenwood|Greenwood, C. (Christopher), 1786-1855|Greenwood, J. (John), 1791-1867.|Neele, Josiah",fst02013794|fst00158830|null|null,,1824-1826,1830,1824-1826,England--London|England,"-0.510,51.287,0.334,51.692",http://sws.geonames.org/2643743,,sprint-2021-05|2022-creator-sprint|sprint-2021-05
675e8414-d575-41e8-bd5e-d69b783ea052,"Fenner, Sears & Co.|Hinton, Isaac Taylor, 1799-1847|Simpkin, Marshall and Co.",null|fst00334446|fst01499946,,1832,,1832-1832,Maine,"-73.670,41.500,-67.000,48.500",,2019-01-16,2022-creator-sprint|sprint-2021-05
a39f11d5-f76c-4059-8a0e-13db0a9334f6,,,,,1896,1896-1896,Canada--Manitoba|Canada|Canada,"-101.75,48.85,-94.87,52.93",http://sws.geonames.org/6065171,2021-04-16,sprint-2021-05
657354db-3fe2-4062-898d-91ec27e2386d,H.R. Page & Co.,null,,"1881, ©1880",,1881-1881,Michigan,"-88.05,41.5,-82.28,47.43",,2019-01-16,2022-creator-sprint|sprint-2021-05
5da06154-0cc0-49b1-9d9d-97941f196f2e,Taintor Bros. & Merrill.,,,1874,,1874-1874,United States of America,"-93.330,41.670,-81.000,47.500",,2019-01-16,2022-creator-sprint|sprint-2021-05
81297879-f462-4c03-a436-215deea054b9,"Steinwehr, A. von (Adolph), 1822-1877",fst01515118,,1877,,1877-1877,Michigan,"-94.670,41.500,-81.000,47.330",,2019-01-16,2022-creator-sprint|sprint-2021-05
4c68728f-f8fe-4895-8760-1e5b37c15e76,,,Geological maps,1860,1860,1858-1860,United States,"-92.278,44.803,-86.136,47.874",http://sws.geonames.org/6252001,2021-04-16,sprint-2021-05|202212bbox|sprint-2021-05
1ed7a995-9abd-4186-a13e-309b099302cf,"Hinman, Russell, 1853-1912.",null,,1885,,1885-1885,United States of America,"-93.07,41.5,-79.53,47.65",,2019-01-16,2022-creator-sprint|sprint-2021-05
56cac911-9c03-4fff-8ee3-e23e79733919,H.R. Page & Co.,null,,1883,,1883-1883,Michigan,"-88.05,41.5,-82.28,47.43",,2019-01-16,2022-creator-sprint|sprint-2021-05
528340fc-b325-4191-8874-1d2ef0384f37,[creator not identified],,,1857,,1857-1857,Michigan,"-88.750,41.000,-84.000,47.770",,2019-01-16,2022-creator-sprint|sprint-2021-05
e71f4fdd-4f5d-4670-bcc2-f2894eac2fa3,"Wangersheim, S.",null,,1894,,1894-1894,Michigan,"-87.92,41.5,-82.28,47.17",,2019-01-16,2022-creator-sprint|sprint-2021-05
b04e4836-810d-43a9-8f98-0118be0c3635,"Nellist, J. F. (John F.)",,Road maps,1897,1897,1897-1897,Michigan,"-90.418,41.696,-82.413,48.239",,2019-01-16,sprint-2021-05|2022-creator-sprint|202212bbox|sprint-2021-05
4ca39f59-9356-4309-aa3b-0bbdf0fcbe0a,"Bidlack, Russell E. (Russell Eugene), 1920-|Judd, Philu E.|Lewis, James Otto, 1799-1858",fst01500699|null|fst00135627,Outline maps,1824?,unknown,1824-1824,Michigan,"-89.37,41.07,-79.63,47.07",,2019-01-16,sprint-mar2020|2022-creator-sprint|sprint-2021-05
984dc10d-60f7-4c3e-9c68-0312b17b62c2,United States. Post Office Department,fst01853239,,1909,,1909-1909,Michigan--Midland County|Michigan,"-84.61,43.47,-84.16,43.83",,2019-01-16,2022-creator-sprint|sprint-2021-05
470d2d37-fe79-4fdb-a367-c8a509aacca8,"Alexander, Samuel|Schedler, J. (Joseph)|United States. Army. Corps of Engineers",null|null|fst00534195,,1862,,1862-1862,D.C.-- Washington--Washington DC,"-78.42,38.33,-76.93,39.33",,2019-01-16,2022-creator-sprint|sprint-2021-05
df011263-725c-4aed-907e-4660aa2d8bc7,"Warren, G. K. (Gouverneur Kemble), 1830-1882",fst01761674,,1867,,1867-1867,South Dakota,"-106.500,38.500,-93.500,50.000",,2019-01-16,2022-creator-sprint|sprint-2021-05
8b9bec8f-9bc7-4a87-91d7-40d147c39f6a,"Williams, W. (Wellington)",fst02013926,,1860,,1860-1860,North America,"-167.7,6.7,-10.68,79.22",,2019-01-16,2022-creator-sprint|sprint-2021-05
1c574087-0c8a-4e08-9720-b53291bad695,"Hondius, Hendrik, 1597-1651. Appendix Atlas of the British Isles and Northern Europe|Jansson, Jan, 1588-1664. Appendix Atlas of the British Isles and Northern Europe|Vignaud, Henry, 1830-1922, former owner.",null|null|null,,between 1630 and 1639,,1630-1639,United Kingdom--Northern Ireland,"-10.48,53.23,-4.92,55.35",,2019-01-16,2022-creator-sprint|sprint-2021-05
81608dd1-88f6-4263-bd00-bce1b87f94d1,"Finley, A. (Anthony)",fst01432581,,,1833,1833-1833,Ohio,"-85.08,30.17,-80.08,43.92",http://sws.geonames.org/5165418,2021-04-16,2022-creator-sprint|sprint-2021-05
c0c472f8-ca9e-4408-873c-ca48b1c3b2ff,"Dahl, James, former owner|Mitchell, S. Augustus (Samuel Augustus), 1792-1868",null|fst00012500,Thematic maps,1876,1876,1876-1876,United States of America,"-124.91,41.71,-109.99,50.2",,2019-01-16,2022-creator-sprint|sprint-2021-05
2f6b355d-0801-4457-af56-aa5f5fd5957c,"Alexander, Samuel|Schedler, J. (Joseph)|United States. Army. Corps of Engineers",null|null|fst00534195,,1864,,1864-1864,Virginia--Culpeper County|Virginia,"-78.33,38.28,-77.53,38.7",,2019-01-16,2022-creator-sprint|sprint-2021-05
55479623-44ca-4004-84fc-78908f7f32e5,Ontario. Department of Crown Lands,fst01839353,Mine maps,1891,,1891-1891,Canada-- Ontario--Ottawa,"-76.000,45.420,-75.330,46.330",,2019-01-16,2022-creator-sprint|sprint-2021-05
b15a87e1-4797-4ed7-9586-cd7308269d21,,,,,1888,1888-1888,Canada--Ontario|Canada|Canada,"-80.43,44.15,-77.05,46.4",http://sws.geonames.org/6093943,2021-04-16,sprint-2021-05
936b6c1f-b578-41a7-8723-4da8caf18509,,,,,1896,1896-1896,Canada--Ontario|Canada|Canada,"-80.43,44.15,-77.05,46.4",http://sws.geonames.org/6093943,2021-04-16,sprint-2021-05
5b5b2d65-f354-442d-858d-e49ba843c288,,,Cadastral maps,between 1880 and 1890,1880,1880-1889,Canada--Ontario|Canada|Canada,"-95.16,41.68,-74.32,56.86",http://sws.geonames.org/6093943,2021-04-16,sprint-2021-05|202212bbox|sprint-2021-05
6798cdd6-cf05-4e35-984d-98d460623f67,Canada. Dept. of Crown Lands.,null,Cadastral maps,approximately 1880,1880,1880-1880,Canada--Ontario,"-83.5,45.67,-80.75,46.5",,2019-01-16,2022-creator-sprint|sprint-2021-05
18bed919-fc86-4e02-a909-15f8bb9899bb,,,,,1881,1881-1881,Canada--Manitoba|Canada,"-101.630,49.000,-94.870,51.070",http://sws.geonames.org/6065171,2021-04-16,sprint-2021-05
5da69612-3f2a-4047-b808-9dd2e387d3f9,"Copp Clark Company|Ottawa. Geological Survey Department, surveyor.",fst00581929|null,Geological maps,1892,1892,1892-1892,Canada--Ontario|Canada|Canada,"-95.16,41.68,-74.32,56.86",http://sws.geonames.org/6093943,2021-04-16,sprint-2021-05|2022-creator-sprint|202212bbox|sprint-2021-05
6af7a7a2-3631-46fc-bf6f-4994d1640752,"Butler, B.F., engraver.",null,,,1854,1854-1854,California--San Francisco|California,"-122.52,37.75,-122.36,37.81",http://sws.geonames.org/5391959,2021-04-16,2022-creator-sprint|sprint-2021-05
0428403d-184c-46b0-b03c-5325ae982971,Rand McNally and Company,fst00539874,,1889,,1889-1889,Michigan,"-86.82,41.63,-82.4,46.12",,2019-01-16,2022-creator-sprint|sprint-2021-05
a3ecaadb-908d-40eb-958a-145e1c1eb66e,"Hondius, Hendrik, 1597-1651|Hondius, Hendrik, 1597-1651. Appendix Atlas of the British Isles and Northern Europe|Jansson, Jan, 1588-1664. Appendix Atlas of the British Isles and Northern Europe|Vignaud, Henry, 1830-1922, former owner.",fst00101029|null|null|null,,between 1630 and 1639,,1630-1639,United Kingdom--Scotland,"-7.67,54.62,-0.72,57.77",,2019-01-16,2022-creator-sprint|sprint-2021-05
e8412999-b556-4064-821e-ed3fa8a96410,"Emory, William H. (William Hemsley), 1811-1887|United States. War Dept. Corps of Topographical Engineers.",fst00204146|null,,1844,,1844-1844,Texas,"-124.83,20.43,-83.75,44.33",,2019-01-16,2022-creator-sprint|sprint-2021-05
787de715-2761-4d6b-b72d-098667111e55,"Emory, William H. (William Hemsley), 1811-1887|United States. Army. Corps of Topographical Engineers",fst00204146|fst00531525,,1844,,1844-1844,Texas,"-124.000,22.000,-88.000,43.000",,2019-01-16,2022-creator-sprint|sprint-2021-05
508bc283-8e32-42ca-9b43-cffe5a0398a6,"Rock, James L. Southern and Western Texas guide for 1878.",null,,,1878,1878-1878,Texas,"-106.63,25.75,-93.48,36.53",http://sws.geonames.org/4736286,2021-04-16,2022-creator-sprint|sprint-2021-05
30494f64-dc24-41cf-ae63-e54aae368939,Ann Arbor Railroad Company,fst00677311,,,1898,1898-1898,United States,"-94.000,38.000,-78.000,47.000",http://sws.geonames.org/6252001,2021-04-16,2022-creator-sprint|sprint-2021-05
26322a5f-0056-4825-912c-d82ff1d56261,,,,1923,1923,1923-1923,Michigan--Detroit River|Michigan,"-83.124,42.087,-83.090,42.162",http://sws.geonames.org/4990746,2021-04-16,sprint-2021-05|202212bbox|sprint-2021-05
3ce64f6f-1186-488f-84f1-996dbf466235,"Berkshire Historical and Scientific Society (Pittsfield, Mass.)|Old Corner Bookstore (Springfield, Mass.)|Pope, Frank L. (Franklin Leonard), 1840-1895",fst00640315|null|fst00446421,,1886?,,1886-1886,New York--New York State,"-73.92,41.92,-73.08,42.83",,2019-01-16,2022-creator-sprint|sprint-2021-05
ecf18c39-1333-4e2b-8887-816a31699f75,Edinburgh Geographical Institute.,,World maps,1892,,1892-1892,World,"-179.99,-89.99,179.99,89.99",,2019-01-16,2022-creator-sprint|-180TO180|sprint-2021-05
b41b54f5-db78-4501-b373-e9b451468841,"Burger, R. (Robert)|Burt, William Austin, 1792-1858|Canfield, Augustus, d. 1854|Holcroft, John|R. Burger & Company.",null|fst00249228|null|null|null,,1852,,1852-1852,Michigan--Sault Sainte Marie|Michigan,"-84.37,46.51,-84.34,46.511",,2019-01-16,bbox-verified_2023-02-27|2022-creator-sprint|FixedBBoxes|bboxSprintJune2023|sprint-2021-05
f4f9b38a-b754-4006-9ca6-35607bbc4d37,[creator not identified],,,"Apr. 20th, 1871",,1871-1871,New York--Central Park|New York--New York State,"-73.981,40.765,-73.950,40.800",,2019-01-16,bbox-verified_2023-02-27|2022-creator-sprint|FixedBBoxes|bboxSprintJune2023|sprint-2021-05
1a2707f5-3f3b-4b9c-a4f2-91348eee5073,"Brooks, T. B. (Thomas Benton), 1836-1900",fst00410334,,1873,,1873-1873,Michigan,"-88.900,45.050,-86.330,47.000",,2019-01-16,2022-creator-sprint|sprint-2021-05
b1e9c2eb-d6bd-45e5-9831-235fff5e9558,Chicago and North Western Railway Company,fst00567689,,1883,,1883-1883,United States of America,"-104.07,39.98,-84.23,49.38",,2019-01-16,2022-creator-sprint|sprint-2021-05
a682cc4d-f31e-4cee-85aa-78cfc214c0c0,"Gould, Harold D.",,,1907,1907,1907-1907,Michigan--Ann Arbor|Michigan,"-83.800,42.223,-83.676,42.324",,,sprint-2021-05|2022-creator-sprint|202212bbox|sprint-2021-05
394006e1-c4f2-47a7-bfa1-64a1d2b95c5e,"C.B. & J.R. Graham Lithographers.|Farmer, John, 1798-1859",null|fst00448810,,1835,,1835-1835,Michigan--Detroit|Michigan,"-83.06,42.32,-83.03,42.35",,2019-01-16,2022-creator-sprint|sprint-2021-05
2e21d78d-b189-4bbe-bddf-c3ee6b07f676,"Sauer, Wm. C.",null,,1914,,1914-1914,Michigan--Detroit|Michigan,"-83.17,42.27,-82.92,42.41",,2019-01-16,2022-creator-sprint|sprint-2021-05
b3f90109-204c-4505-8399-c7e72fe6bed9,Sauer Bros. and Frydrych.,null,,1912,,1912-1912,Michigan--Detroit|Michigan,"-83.29,42.28,-82.94,42.37",,2019-01-16,2022-creator-sprint|sprint-2021-05
2e7679b6-a7c3-4bf2-b702-286784d7324a,"Crandall, Geo. K.",null,,,1900,1900-1900,Connecticut--New London|Connecticut,"-72.13,41.3,-72.08,41.39",http://sws.geonames.org/4839416,2021-04-16,2022-creator-sprint|sprint-2021-05
35998189-3420-4d85-bcd4-d97530f2110d,C. Currier's Lith.,,,1857,,1857-1857,New York--New York|New York--New York State,"-74.024,40.700,-73.939,40.783",,2019-01-16,bbox-verified_2023-02-27|2022-creator-sprint|bboxSprintJune2023|sprint-2021-05
17436e2f-f6d1-4f56-9f3e-08b0b2d017e0,,,,,1837,1837-1837,Michigan--Saginaw|Michigan,"-83.98,43.41,-83.93,43.43",http://sws.geonames.org/5007989,2021-04-16,sprint-2021-05
15e20fdc-2c71-409d-af76-878d8ebdde9b,"Edwards, R. M.",,Mine maps,1905,1905,1905-1905,Michigan--Keweenaw Peninsula|Michigan,"-89.216,46.798,-87.708,47.483",,,sprint-2021-05|2022-creator-sprint|202212bbox|sprint-2021-05
35db7d94-502c-470b-b6b2-01a2b86211eb,"Burnham, Victor G.",null,,1895,,1895-1895,Michigan--Alpena County|Michigan,"-84.5,44.7,-83.18,45.68",,2019-01-16,2022-creator-sprint|sprint-2021-05
457dec91-e2d3-4220-bf64-2715616a67c5,"F. Bourquin & Co.|Geil, Samuel|Geil & Harley|Harley, David S.|Worley & Bracher",null|null|null|fst02013781|fst00598699,Cadastral maps,between 1860 and 1869,unknown,1860-1869,Michigan,"-84.84,42.77,-84.36,43.19",,2019-01-16,sprint-mar2020|2022-creator-sprint|sprint-2021-05
ed5356c4-4b81-4e91-b8bc-44ac471f265e,"Geil, Samuel|Geil and Jones|Smith, Robert Pearsall, 1827-1898",null|null|fst00136195,,1859,,1859-1859,Michigan--Macomb County|Michigan,"-83.1,42.45,-82.38,43.17",,2019-01-16,2022-creator-sprint|sprint-2021-05
3bb31551-a779-4bb5-824e-0a7757d4ecaf,"Bechler, Gustavus R.|F. Bourquin & Co.|Geil, Samuel|Wenig, E.|Worley & Bracher",fst02013966|null|null|fst02013920|fst00598699,Cadastral maps,1864,1864,1864-1864,Michigan,"-84.37,41.7,-83.37,42.43",,2019-01-16,sprint-mar2020|2022-creator-sprint|sprint-2021-05
3f759080-33f4-42b6-a77c-58920748d19b,Appalachian Mountain Club,fst00528525,,,1890,1890-1890,Massachusetts--Boston|Massachusetts,"-71.42,42.23,-70.85,42.47",http://sws.geonames.org/4930956,2021-04-16,2022-creator-sprint|sprint-2021-05
1426c995-c408-432d-a86e-aa5e7b8af738,"Alexander, Samuel|Warder & Catlett",null|null,Military maps,1861,1861,1861-1861,Virginia--Bull Run|Virginia,"-77.18,38.5,-77.17,38.51",,2019-01-16,sprint-mar2020|2022-creator-sprint|sprint-2021-05
75a590e4-fd4e-4c8c-b33f-8686bbe7ee07,"Genest, F. X.",null,,,1883,1883-1883,North America,"-110.2,39.87,-51.58,64.28",http://sws.geonames.org/6255149,2021-04-16,2022-creator-sprint|sprint-2021-05
bd0a29cb-1182-4e06-b85c-8347bccecc9c,,,,,1853,1853-1853,New England,"-73.32,42.12,-51.9,52.95",http://sws.geonames.org/8502102,2021-04-16,sprint-2021-05
3659ddee-a6b3-4dfc-b95b-4c36b3308313,"Cadell, T. (Thomas), 1742-1802|Kitchin, Thomas, 1718-1784|Robertson, William, 1721-1793|Strahan, William, 1715-1785",fst00242594|null|fst00016780|fst00268097,,"Septr. 29, 1777",,1777-1777,Caribbean|Gulf of Mexico,"-99.980,7.000,-59.940,31.010",,2019-01-16,2022-creator-sprint|sprint-2021-05
7f4a02e4-55d6-496a-b610-6becd3c1b637,"Góis, Bento de, 1562-1607|Yule, Henry, Sir, 1820-1889",fst00250059|fst00004550,,1866?,1866,1866-1866,Afghanistan--Hindu Kush|Afghanistan,"67.000,34.000,80.000,40.000",,2019-01-16,sprint-mar2020|2022-creator-sprint|sprint-2021-05
cfd9d93a-d0d7-4639-9859-6caf4cb871b9,,,Thematic maps,1881,1881,1881-1881,Canada-- Quebec--Montréal|Canada--Quebec|Canada,"-73.996,45.398,-73.474,45.705",http://sws.geonames.org/6077243,2021-04-16,sprint-2021-05|202212bbox|sprint-2021-05
c356bc28-5c59-46b0-88c6-59a3d574fa57,Heliotype Printing Co.|Michigan Land & Iron Company,fst01557860|null,,1894,,1894-1894,Michigan,"-88.78,45.62,-86.77,47.63",,2019-01-16,2022-creator-sprint|sprint-2021-05
77dafe5f-9c45-446e-90f1-45577f17d052,"Brotherton, F. H. (Frank Hubert)|Mathews & Longyear.|Milwaukee Lith. & Engr. Co.|Wright, Charles E., 1843-1888",null|null|null|null,Geological maps,1879,,1879-1879,Michigan--Iron Mountain|Michigan,"-89.07,45.08,-87.47,46.07",,2019-01-16,2022-creator-sprint|sprint-2021-05
730e2282-d670-48be-ae3f-6fa25ba6b387,"Allis, Edward P. (Edward Phelps),1824-1889|Beck & Pauli, lithographer.|Case, J. M. (Julian M.), -1890, compiler|Longyear, John Munro, 1850-1922, compiler|Merrell, H. B. (Harvey B.), publisher",fst02013611|null|null|null|null,Thematic maps|Mine maps|Geologic maps,1887,1887,1887-1887,Michigan,"-90.48,46.07,-88.95,46.95",,2019-01-16,2022-creator-sprint|sprint-2021-05
1f374aed-5839-475e-bacf-f395bf3da020,"Leslie, Frank, 1821-1880",fst00109560,"Thematic maps
",1862,1862,1862-1862,Mississippi River,"-94.46,29.31,-88.8,48.57",http://sws.geonames.org/7932547,2021-04-16,sprint-2021-05|2022-creator-sprint|202212bbox|sprint-2021-05
7d5e9f0d-b8c1-43fe-bc6b-75aa1d4ecf94,,,,,1897,1897-1897,Lake Huron,"-84.8,44.98,-78.63,47.08",http://sws.geonames.org/6048422,2021-04-16,sprint-2021-05
cf02b259-fa66-4909-ba22-d34ab0d23c61,"Royal Geographical Society (Great Britain)|Workman, Fanny Bullock, 1859-1925",fst00551780|fst01599751,,1908,,1908-1908,India-- Kashmir--Jammu and Kashmir|India,"75.72,33.82,76.43,34.13",,2019-01-16,2022-creator-sprint|sprint-2021-05
3f03e040-5c85-41d3-8039-ce363a77c086,,,,,1885,1885-1885,United States,"-80.48,39.93,-76.72,42.27",http://sws.geonames.org/6252001,2021-04-16,sprint-2021-05
ee3aaab3-62df-4008-a369-d87e62875ac2,"Sherman & Smith|Wilkes, Charles, 1798-1877|Young, J. H. (James Hamilton)",null|fst00005459|fst00122317,,1841,1845,1841-1841,Oregon--Pacific Northwest,"-134.000,39.000,-102.000,55.000",,2019-01-16,sprint-mar2020|2022-creator-sprint|sprint-2021-05
973cb9be-5a19-44d8-98bd-e97a15f2249d,Michigan. Geological Survey Division,fst00538670,,1907,1907,1907-1907,Michigan,"-86.842,41.696,-82.123,45.848",,,sprint-2021-05|2022-creator-sprint|202212bbox|sprint-2021-05
4c491860-ff0b-4fbe-8661-19693383ceea,"Wyld, James, 1812-1887",fst00111315,,1843,,1843-1843,Middle East,"24.47,30.17,49.65,43.87",,2019-01-16,2022-creator-sprint|sprint-2021-05
c7b024e3-612c-4a8e-8745-4b510b683b5f,,,,,1896,1896-1896,Canada--Ontario|Canada,"-86.22,41.62,-72.22,47.55",,2021-04-16,sprint-2021-05
0cdc3896-94b5-4a6c-8de9-1453a5d6b42e,"British Columbia. Department of Lands and Works|Jorgensen, G. E.",fst00749486|null,,1895,,1895-1895,British Columbia-- Canada--Vancouver Island,"-123.83,48.17,-123.25,48.83",,2019-01-16,2022-creator-sprint|sprint-2021-05
bbd0f71c-7384-4df6-b336-5c2d78ba9612,"United States. Surveyor General|Wagner & M'Guigan|Westcott, John, 1805-1889",fst00580221|fst01984785|fst00344226,,1856,,1856-1856,Florida,"-87.630,24.520,-80.020,31.000",,2019-01-16,2022-creator-sprint|sprint-2021-05
c37408e4-dd36-49ff-ac56-20dbadaae08f,"George F. Cram Company|Whitman, Charles Rudolphus, b. 1847.",fst00511359|null,,,1892,1892-1892,Michigan--Michigan|Michigan,"-90.32,41.15,-81.98,47.77",http://sws.geonames.org/5001836,2021-04-16,2022-creator-sprint|sprint-2021-05
677b4207-a92f-4b96-8d10-ae7a3691cf78,,,Thematic maps,1873,1873,1873-1873,Michigan--Michigan|Michigan,"-90.418,41.696,-82.413,48.239",http://sws.geonames.org/5001836,2021-04-16,sprint-2021-05|202212bbox|sprint-2021-05
e04a9082-4be6-4e01-b167-92df71c6a164,"Farmer, John, 1798-1859",fst00448810,,1867,,1867-1867,Michigan,"-87.75,41.5,-82.37,46.78",,2019-01-16,2022-creator-sprint|sprint-2021-05
04faa65b-7de6-4607-bcd8-02789c6604af,"Farmer, John, 1798-1859",fst00448810,,1874,1874,1874-1874,Michigan,"-87.700,41.400,-82.350,47.000",,2019-01-16,sprint-mar2020|2022-creator-sprint|sprint-2021-05
523dc7b6-135b-48ee-b593-0ee3a6ddadf2,"Farmer, John, 1798-1859",fst00448810,,1854,,1854-1854,Michigan,"-88.5,41.5,-82.5,46.5",,2019-01-16,2022-creator-sprint|sprint-2021-05
062ba63a-c02e-48db-af46-da93232923af,"Gaston, S.A.",null,,1856,,1856-1856,Michigan,"-90.5,41.67,-82.2,47.5",,2019-01-16,2022-creator-sprint|sprint-2021-05
edbba6c3-ba98-4245-b5af-e6a3354a42d2,"Disturnell, John, 1801-1877 http://id.loc.gov/authorities/names/n85121742 http://viaf.org/viaf/3905074|Sherman & Smith. http://id.loc.gov/authorities/names/n88187205 http://viaf.org/viaf/154579215",null|null,,,1842,1842-1842,New York,"-80.170,40.500,-71.670,45.000",,2021-04-16,2022-creator-sprint|sprint-2021-05
8689bce2-88a5-4d7c-a9a5-4c0e48a7f5e7,"Fenner, Sears & Co.|Hinton, Isaac Taylor, 1799-1847|Simpkin, Marshall and Co.",null|fst00334446|fst01499946,,1831,,1831-1831,New York--New York,"-81.000,40.000,-71.000,45.000",,2019-01-16,2022-creator-sprint|sprint-2021-05
f1d5957e-f8fa-48cf-9b3f-da4d90a7e246,"Fenner, Sears & Co.|Hinton, Isaac Taylor, 1799-1847|Simpkin, Marshall and Co.",null|fst00334446|fst01499946,,1832,,1832-1832,United States of America,"-89.000,37.830,-79.000,42.500",,2019-01-16,2022-creator-sprint|sprint-2021-05
ab0b3baa-bc24-4fe1-b3b4-3ce7dafb9fdc,"Fenner, Sears & Co.|Hinton, Isaac Taylor, 1799-1847|Hinton, John Howard, 1791-1873|Simpkin, Marshall and Co.",null|fst00334446|fst00260445|fst01499946,,1831,,1831-1831,Kentucky,"-90.000,35.000,-82.000,39.000",,2019-01-16,2022-creator-sprint|sprint-2021-05
ad879b7d-a815-458a-aa35-c2d718c1b9bf,"Bayfield, Henry Wolsey, 1795-1885|Farmer, John, 1798-1859",fst00062664|fst00448810,Geological maps,1852,,1852-1852,Michigan--Lake Superior|Michigan,"-92.170,45.500,-82.500,49.000",,2019-01-16,2022-creator-sprint|sprint-2021-05
3e95e855-13fc-41fc-a138-ca22efca923e,"Fenner, Sears & Co.|Hinton, Isaac Taylor, 1799-1847|Simpkin, Marshall and Co.",null|fst00334446|fst01499946,,1831,,1831-1831,South Carolina|South Carolina,"-84.000,32.000,-75.000,36.000",,2019-01-16,2022-creator-sprint|sprint-2021-05
50536acb-d36d-428e-be26-b8bf23b21c4f,"Mitchell, S. Augustus (Samuel Augustus), 1792-1868|Mitchell & Hinman.|Young, J. H. (James Hamilton)",fst00012500|null|fst00122317,,1834,,1834-1834,Indiana,"-92.000,37.000,-80.000,44.000",,2019-01-16,2022-creator-sprint|sprint-2021-05
22540dff-b0ab-4b0b-85ce-c688a7f55f65,"Finley, A. (Anthony)|Vance, D. H.|Young, J. H. (James Hamilton)",fst01432581|null|fst00122317,,1827,,1827-1827,Indiana,"-92.000,36.830,-80.000,44.500",,2019-01-16,2022-creator-sprint|sprint-2021-05
8db801bc-6bbd-4751-88ee-101c5f2d7ea8,"Fenner, Sears & Co.|Hinton, Isaac Taylor, 1799-1847|Simpkin, Marshall and Co.",null|fst00334446|fst01499946,,1832,,1832-1832,Pennsylvania,"-80.5,38.5,-73.87,42.3",,2019-01-16,2022-creator-sprint|sprint-2021-05
eff17801-5f6f-40e7-8b2e-4a867d4c8588,"Fenner, Sears & Co.|Hinton, Isaac Taylor, 1799-1847|Simpkin, Marshall and Co.",null|fst00334446|fst01499946,,1831,,1831-1831,Virginia,"-84.000,37.000,-75.000,40.000",,2019-01-16,2022-creator-sprint|sprint-2021-05
de42b411-5561-4aad-99d3-49a21d2f2790,"Farmer, John, 1798-1859",fst00448810,,1837,1837,1837-1837,Michigan,"-87.330,41.500,-82.170,44.000",,2019-01-16,sprint-mar2020|2022-creator-sprint|sprint-2021-05
43a82a94-0be8-4541-bae8-7852b6c4bcaa,"Risdon, Orange, 1786-1876",fst01645736,,1825,,1825-1825,Michigan,"-84.35,41.7,-82.38,43.87",,2019-01-16,2022-creator-sprint|sprint-2021-05
450bae0c-3dde-4d80-b1ad-34830c58a360,"Farmer, John, 1798-1859",fst00448810,,"1830, c1829",,1830-1830,United States of America,"-101.58,40.8,-84.6,53.95",,2019-01-16,2022-creator-sprint|sprint-2021-05
f7cbac85-114d-405b-9545-45d149b2243e,"Morawski, P. S. http://id.loc.gov/authorities/names/n2008034777 http://viaf.org/viaf/1940200",,,,1849,1849-1849,Minnesota,"-100.000,43.000,-89.000,50.000",http://sws.geonames.org/5037779,2021-04-16,2022-creator-sprint|sprint-2021-05
63e6b432-b268-4e40-96cd-b5320b48a676,"Bien, Julius, 1826-1909|Freyhold, Edward|United States. War Department|Warren, G. K. (Gouverneur Kemble), 1830-1882",fst00014264|null|fst01853257|fst01761674,,1858,,1858-1858,United States of America,"-126.000,22.000,-86.000,50.000",,2019-01-16,2022-creator-sprint|sprint-2021-05
0eb8143b-26be-4525-b30f-876008a325ad,"Barlow, R.|Bell, Robert, 1841-1917",null|fst00509496,"Thematic maps
",1869,1869,1869-1869,Canada-- Ontario--Thunder Bay District|Canada--Ontario|Canada,"-89.428,48.283,-89.061,48.515",http://sws.geonames.org/6166139,2021-04-16,sprint-2021-05|2022-creator-sprint|202212bbox|sprint-2021-05
c3838a8c-e7b5-4289-a474-91a855066f2f,"Geographical and Geological Survey of the Rocky Mountain Region (U.S.)|Powell, John Wesley, 1834-1902",fst00547117|fst00006304,,,1878,1878-1878,United States,"-127.000,21.000,-64.000,50.000",http://sws.geonames.org/6252001,2021-04-16,2022-creator-sprint|sprint-2021-05
c78e0bca-dc5c-4a85-96a6-dd8e6c455626,"Blanchard, Rufus, 1821-1904|Filmer & Co.|Ranney, Adolphus.",fst01466040|null|null,Thematic maps,1854,1854,1854-1854,United States,"-124.98,22.61,-67.18,49.31",http://sws.geonames.org/6252001,2021-04-16,sprint-2021-05|2022-creator-sprint|202212bbox|sprint-2021-05
8ec941c8-cad0-4af0-aad9-723deb1247f6,,,,,1836,1836-1836,United States,"-125.32,17.15,-66.93,49.78",http://sws.geonames.org/6252001,2021-04-16,sprint-2021-05
5cef1ebc-b5e7-40ee-9e23-342bc9f3905b,,,,,1831,1831-1831,United States,"-128.83,23.9,-65.98,51.88",http://sws.geonames.org/6252001,2021-04-16,sprint-2021-05
9fdf7dc2-7af1-4b67-b7ff-f5727c55902e,"Jefferson, Thomas, 1743-1826",fst00040754,Manuscript maps|Thematic maps|Early maps,between 1780 and 1795,n.d.,1776-1805,United States,"-94.08,24.32,-74.81,39.34",http://sws.geonames.org/6252001,2021-04-16,sprint-2021-05|2022-creator-sprint|202212bbox|sprint-2021-05
cd99b011-099f-42e1-82be-c8619ab1c7fb,"Bradley, Abraham, 1731-1824|Shallus, Francis, engr.",fst00319466|null,,1812,,1812-1812,North America,"-96.000,30.000,-88.000,46.000",,2019-01-16,2022-creator-sprint|sprint-2021-05
10adeeb0-6db9-4667-8789-84379316b505,"Gannett, Henry, 1846-1914|Julius Bien & Co., lithographer.|King, Harry, (Harold G. R.), draftsman.|McGee, W J, 1853-1912",fst00005471|null|null|fst00143468,,,1884,1884-1884,United States,"-125.32,24.7,-66.93,49.78",http://sws.geonames.org/6252001,2021-04-16,2022-creator-sprint|sprint-2021-05
4c1e4176-99ff-49fa-a445-abdb2925fbfd,"Colorado-Henkle Collection. IDeKN|Martin, Ebenezer (Engraver)",null|null,,,1829,1829-1829,United States,"-91.21,41.41,-89.07,43.55",http://sws.geonames.org/6252001,2021-04-16,2022-creator-sprint|sprint-2021-05
290bc19a-9bed-4d84-a082-69be252d38d0,,,,,1873,1873-1873,United States,"-125.5,24.7,-66.32,49.43",http://sws.geonames.org/6252001,2021-04-16,sprint-2021-05
1b899f22-b285-4653-adc0-d968ce8bb933,,,,,1845,1845-1845,United States,"-106.47,28.62,-66.43,48.87",http://sws.geonames.org/6252001,2021-04-16,sprint-2021-05
0cbb8788-7fe2-4549-a6cb-c251b707dc0a,"Fenner, Sears & Co.|Simpkin, Marshall and Co.",null|fst01499946,,,1832,1832-1832,North America,"-115.000,25.000,-60.000,50.000",http://sws.geonames.org/6255149,2021-04-16,2022-creator-sprint|sprint-2021-05
d6e4e672-51c0-4708-961f-10fa2eb6014f,"Edwards, Abraham, 1781-1860|Farmer, John, 1798-1859|Judd, Philu E.|Vance, S.",fst00346915|fst00448810|null|null,Road maps,1825,1825,1825-1825,United States of America,"-83.57,41.33,-82.88,42.38",,2019-01-16,sprint-mar2020|2022-creator-sprint|sprint-2021-05
e7929170-88d8-4fcd-bfaf-29b77897d672,"Norton, S. F. (Seymour Francis), 1843?-1912|Sentinel (Newspaper : Chicago, Ill.)",fst02013880|null,,,1886,1886-1886,United States,"-125.450,19.400,-66.930,50.000",http://sws.geonames.org/6252001,2021-04-16,2022-creator-sprint|sprint-2021-05
81fc173c-9c7a-457a-8414-cce8bd8e437a,"Atwood, John M., approximately 1818-|Colton, J. H. (Joseph Hutchins), 1800-1893",fst01805689|fst00010584,,1849,,1849-1849,North America,"-127.13,6.37,-49.65,57.8",,2019-01-16,2022-creator-sprint|sprint-2021-05
2d769346-7432-4395-a2ca-e2c7640514d0,"Andrewes, R. (Robert),Stone, William James, 1798-1865.",null,,1836,,1836-1836,Ohio--Ada|Ohio,"-85.53,42.93,-85.46,42.97",,2019-01-16,2022-creator-sprint|sprint-2021-05
a25b43e6-85fb-450d-9a80-8c15206ced56,"Stratton, J. F. (Jonathan F.),N. Currier (Firm)",null,,1836,,1836-1836,Michigan--Ann Arbor|Michigan,"-83.75,42.27,-83.74,42.29",,2019-01-16,2022-creator-sprint|sprint-2021-05
17428fe2-d6d7-4d56-a0f0-92f4272b81d2,[creator not identified],,,between 1830 and 1839,n.d.,1830-1839,United States of America,"-107.000,34.000,-91.000,46.000",,2019-01-16,2022-creator-sprint|sprint-2021-05
222de267-b38a-41d3-ac1b-d2010571e299,Rand McNally and Company,fst00539874,World maps,1895,,1895-1895,World,"-179.99,-89.99,179.99,89.99",,2019-01-16,2022-creator-sprint|-180TO180|sprint-2021-05
591fd563-589c-44a3-b0db-b7b31aeb42eb,"Everts & Stewart. Combination atlas map of Washtenaw County, Michigan.|Krause, Frank (Civil engineer)",null|null,,1874,,1874-1874,Michigan--Washtenaw County|Michigan,"-84.13,42.07,-83.53,42.45",,2019-01-16,2022-creator-sprint|sprint-2021-05
404662df-83a9-4a09-870e-d7f62fdf9573,"Bechler, Gustavus R.|Bechler & Wenig|Matthias, Benjamin I.|Wenig, E.",fst02013966|fst02013967|null|fst02013920,,1856,,1856-1856,Michigan--Washtenaw County|Michigan,"-84.13,42.07,-83.54,42.43",,2019-01-16,2022-creator-sprint|sprint-2021-05
a63153a3-da79-4e6c-9628-b2b40b312377,"Douglas, Columbus C., 1812-1874|Higgins, Sylvester W.|Houghton, Douglass, 1809-1845|Hubbard, Bela, 1814-1896|Stone, William James, 1798-1865",null|fst00307682|fst00306649|fst00119550|fst00003189,,1844,,1844-1844,Michigan--Washtenaw County|Michigan,"-84.13,42.07,-83.54,42.43",,2019-01-16,2022-creator-sprint|sprint-2021-05
9caba133-bfbe-4890-b566-d99684183cf0,Michigan. Geological Survey Division,fst00538670,Geological maps,1913,,1913-1913,Michigan--Wayne County|Michigan,"-83.570,42.000,-82.830,42.450",,2019-01-16,2022-creator-sprint|sprint-2021-05
f269ad2c-4a4f-4cc8-b065-02ccd671ab55,Michigan. Geological Survey Division,fst00538670,Geological maps,1913,,1913-1913,Michigan--Wayne County|Michigan,"-83.570,42.000,-82.830,42.450",,2019-01-16,2022-creator-sprint|sprint-2021-05
db91722f-eec4-4593-ae26-7691af9ee083,"Langellier, A. L.|Michigan Syndicate",null|null,Cadastral maps,1898,1898,1898-1898,Florida,"-88.000,29.500,-85.000,30.750",,2019-01-16,2022-creator-sprint|sprint-2021-05
ec3588d4-bb0b-477e-9366-7765627bf49f,"Nicholson, W. L.",fst02013658,"Thematic maps
",1862,1862,1862-1862,Virginia,"-82.645,37.201,-77.720,40.639",http://sws.geonames.org/6254928,2021-04-16,sprint-2021-05|2022-creator-sprint|202212bbox|sprint-2021-05
c3eda859-4645-4e32-b73f-9692538db903,"Geological Survey (U.S.)|Geological Survey (U.S.). Annual report.|Plummer, Geo. H. (George H.)|Rankine, John W.",fst00547115|null|fst02013887|null,,1898,,1898-1898,Washington--Washington State,"-124.500,45.500,-121.500,49.000",,2019-01-16,2022-creator-sprint|sprint-2021-05
872b48af-20af-4db5-9b50-454ca81d82b8,"Woodard, C. S. (Charles Sherman)",,,1885,,1885-1885,Michigan--Ypsilanti|Michigan,"-83.652,42.230,-83.581,42.261",,2019-01-16,bbox-verified_2023-02-27|2022-creator-sprint|FixedBBoxes|bboxSprintJune2023|sprint-2021-05
ae58d95f-59fd-460b-a489-f5b65d7c31f1,"British Columbia. Department of Lands and Works|Martin, G.B.",fst00749486|null,,1897,,1897-1897,British Columbia-- Canada--Vancouver Island,"-126.000,48.330,-123.500,49.500",,2019-01-16,2022-creator-sprint|sprint-2021-05
9c8b8cc8-6f44-45bb-8c27-2b62e38359d5,American Coal & Coke Corporation.,null,Mine maps,1887,1887,1887-1887,United States,"-90.32,34.68,-75.45,41.64",http://sws.geonames.org/6252001,2021-04-16,sprint-2021-05|2022-creator-sprint|202212bbox|sprint-2021-05
2ce10a58-87b8-4d55-8889-ddafb6591ff1,"Hay, John Ogilvy.",null,,1875,,1875-1875,Myanmar [Burma],"88.05,15.45,100.5,28.08",,2019-01-16,2022-creator-sprint|sprint-2021-05
298fa907-caec-44fe-a6c8-010d034fbea0,United States. Bureau of Indian Affairs,fst00534283,,,1898,1898-1898,United States,"-125.000,23.000,-64.000,51.000",http://sws.geonames.org/6252001,2021-04-16,2022-creator-sprint|sprint-2021-05
5544e954-910e-4635-8587-518cbe537336,,,,,1892,1892-1892,United States,"-168.35,24.85,-66.93,71.72",http://sws.geonames.org/6252001,2021-04-16,sprint-2021-05
d2d15fec-66b4-4896-bee8-b063d388d481,"Dahl, James, former owner|Geographical Surveys West of the 100th Meridian (U.S.)|Hamel, P. W., topographer|Humphreys, A. A. (Andrew Atkinson), 1810-1883|Nell, Louis, topographer|Wheeler, George M. (George Montague), 1842-1905",null|null|null|fst00192957|null|fst00102777,,1878,,1878-1878,Arizona--Grand Canyon National Park,"-114.830,35.000,-113.170,36.250",,2019-01-16,2022-creator-sprint|sprint-2021-05
78bcac0c-cfde-4eb5-bf3d-ada22deeab08,,,Thematic maps,1871,1871,1871-1871,Illinois--Chicago|Illinois,"-87.808,41.645,-87.524,42.093",http://sws.geonames.org/4887398,2021-04-16,sprint-2021-05|202212bbox|sprint-2021-05
4b909572-8355-4547-95d9-301b4d3c7a9c,[creator not identified],,,1855-6,,1855-1855,California,"-124.000,32.000,-112.000,43.000",,2019-01-16,2022-creator-sprint|sprint-2021-05
3e567fac-59b9-41b1-b443-781e12f577cd,"Dall, William Healey, 1845-1927|Geographical and Geological Survey of the Rocky Mountain Region (U.S.)|Powell, John Wesley, 1834-1902",fst00012394|fst00547117|fst00006304,,1876,,1876-1876,Washington--Washington State,"-125.000,45.000,-121.000,49.000",,2019-01-16,2022-creator-sprint|sprint-2021-05
04590ab3-5305-4fc2-9c0f-21d47f52ae5c,,,,,1879,1879-1879,United States,"-125.800,23.930,-66.650,49.000",http://sws.geonames.org/6252001,2021-04-16,sprint-2021-05
9fb9ca47-d355-46d7-996f-ecb4ca4de32e,"Tyrrell, Joseph Burr, 1858-1957",fst00016924,,1887,,1887-1887,Canada--Alberta,"-115.000,51.170,-110.000,54.000",,2019-01-16,2022-creator-sprint|sprint-2021-05
0199cdba-f2cd-4a45-8cf3-d54914e6df1f,"Dawson, George Mercer, 1849-1901|Geological and Natural History Survey of Canada",fst00188721|fst02053521,,1884,,1884-1884,Canada--Alberta,"-115.250,49.000,-110.750,51.500",,2019-01-16,2022-creator-sprint|sprint-2021-05
bcfd07db-9d60-4d79-9077-e60a1893a0c4,"Disturnell, John, 1801-1877",fst00169503,,1848,,1848-1848,Mexico,"-126.000,13.000,-75.000,40.000",,2019-01-16,2022-creator-sprint|sprint-2021-05
e42a8080-67bf-4501-a130-69c20d1cd3b1,"Lotter, Tobias Conrad, 1717-1777|Seutter, Matthaeus, 1678-1756",null|fst00111627,Early maps,between 1750 and 1759,n.d.,1750-1759,North America,"-108.38,6.68,-58.9,45.65",,2019-01-16,2022-creator-sprint|sprint-2021-05
84e3daae-4f8c-4b95-ad55-561a9b660ee5,"Charle, Jean Baptiste Louis.",,World maps,1854,,1854-1854,World,"-179.99,-89.99,179.99,89.99",,2019-01-16,2022-creator-sprint|-180TO180|sprint-2021-05
f1718eec-f87d-4868-a211-8058e4dac6c0,"Jaillot, Alexis Hubert, 1632?-1712|Sanson, Guillaume",fst00019259|fst00156207,World maps,1674,,1674-1674,World,"-179.99,-89.99,179.99,89.99",,2019-01-16,2022-creator-sprint|202212bbox|-180TO180|sprint-2021-05
f2ed8dc9-8334-4d08-b2d4-5c6c2beaaa19,"Janvier, Jean, 1859-1923|Santini, Francesco.",fst00490658|null,Early maps|World maps,between 1770 and 1779,1779,1770-1779,World,"-179.99,-89.99,179.99,89.99",,2019-01-16,2022-creator-sprint|202212bbox|-180TO180|sprint-2021-05
6e21206c-c681-4ac6-b261-84f6f3ecd5e2,"Académie des sciences (France)|Buache, Philippe, 1700-1773|Dezauche, Jean Claude, fl. 1770-1824|L'Isle, Guillaume de, 1675-1726",fst00513661|fst00014074|null|fst00019557,World maps,1800,,1800-1800,World,"-179.99,-89.99,179.99,89.99",,2019-01-16,2022-creator-sprint|202212bbox|-180TO180|sprint-2021-05
ee57cf6c-37be-4c6a-ba1e-4b7dc9b9b856,"Berey, Charles Amadeus de, engraver.|L'Isle, Guillaume de, 1675-1726",null|fst00019557,World maps,1700,,1700-1700,World,"-179.99,-89.99,179.99,89.99",,2019-01-16,bbox-verified_2023-02-27|2022-creator-sprint|BBoxVerified|bboxSprintJune2023|-180TO180|sprint-2021-05
b528472c-4e5a-4475-955b-5e14a6596b93,"Andriveau-Goujon, J.|Soulier, E.",fst02013621|null,World maps,1838,,1838-1838,World,"-179.99,-89.99,179.99,89.99",,2019-01-16,2022-creator-sprint|-180TO180|sprint-2021-05
ae937366-d374-4184-9ee5-e7deb5fbc5d2,"Barbeau de la Bruyère, J. L. (Jean Louis), 1710-1781|Desbruslins, F., engraver.",fst02013945|null,World maps,1780,,1780-1780,World,"-179.99,-89.99,179.99,89.99",,2019-01-16,2022-creator-sprint|202212bbox|-180TO180|sprint-2021-05
801b1bf9-3ffa-4558-83ae-8a0c784df17d,"Vuillemin, A. (Alexandre), 1812-",,World maps,approximately 1860,unknown,1860-1860,World,"-179.99,-89.99,179.99,89.99",,2019-01-16,sprint-mar2020|2022-creator-sprint|202212bbox|-180TO180|sprint-2021-05
3eb8d7af-00a3-4497-86bf-341002853aef,"Monin, Charles V.",,World maps,approximately 1875,1875,1875-1875,World,"-179.99,-89.99,179.99,89.99",,2019-01-16,sprint-mar2020|2022-creator-sprint|202212bbox|-180TO180|sprint-2021-05
7a3bd194-1ea1-4917-bd2f-544528befa2c,"Miyagi, Keiten.",null,,Meiji 16 1883,,1883-1883,Japan-- Tokyo--Tokyo|Japan,"139.67,35.62,139.92,35.83",,2019-01-16,2022-creator-sprint|sprint-2021-05
5d2a220a-0e4c-4135-8ccc-77942ff00e8e,"Sagano, Hikotarō.",null,,Meiji 24 1891,,1891-1891,Japan-- Tokyo--Tokyo|Japan,"139.67,35.62,139.87,35.75",,2019-01-16,2022-creator-sprint|sprint-2021-05
07614151-9dad-401e-8918-316fc817dcf8,"Sagano, Hikotarō.",null,,Meiji 26 i.e. Meiji 21 = 1888,,1888-1888,Japan-- Tokyo--Tokyo|Japan,"139.67,35.62,139.87,35.75",,2019-01-16,2022-creator-sprint|sprint-2021-05
49075ca2-33c3-443c-95ee-d0dd406aa12a,"Sagano, Hikotarō.",null,,Meiji 20 1887,,1887-1887,Japan-- Tokyo--Tokyo|Japan,"139.7,35.6,139.87,35.78",,2019-01-16,2022-creator-sprint|sprint-2021-05
80f63e6b-9ee2-458e-8ca1-660e97a9b3f2,"Sagano, Hikotarō.",null,,Meiji 20 1887,,1887-1887,Japan-- Tokyo--Tokyo|Japan,"139.68,35.61,139.84,35.76",,2019-01-16,2022-creator-sprint|sprint-2021-05
b29a7ab1-a6cb-4e33-bf18-594fc53e9b19,"Jansson, Jan, 1588-1664|Jansson, Jan, 1588-1664. Atlantis Maioris Appendix, 1630|Lauremberg, Johann, 1590-1658|Vignaud, Henry, 1830-1922, former owner.",fst00012480|null|fst00273823|null,,1630,,1630-1630,Germany-- Mecklenburg-Vorpommern--Mecklenburg|Germany,"10.55,53.1,13.01,54.33",,2019-01-16,2022-creator-sprint|sprint-2021-05
790c594c-f91a-4642-b806-e4c6bd0f1313,"Geological Survey (U.S.)|Renshawe, John H.",fst00547115|null,Mine maps,1926,,1926-1926,Michigan--Dickinson County|Michigan,"-88.08,45.75,-87.75,45.92",,2019-01-16,2022-creator-sprint|sprint-2021-05
745a9201-d7f6-414d-a78a-531c5bff458e,"Fabert, Abraham de, 1599-1662|Hondius, Jodocus, 1594 or 1595-1629|Hondius, Jodocus, 1594 or 1595-1629, cartographer|Vignaud, Henry, 1830-1922",fst00345159|null|null|fst00243880,,between 1630 and 1639,,1630-1639,France-- Grand-Est--Moselle|France,"5.96,48.9,6.55,49.37",,2019-01-16,2022-creator-sprint|sprint-2021-05
414e3ef5-4705-4b9c-98e0-d3b4960c2988,Gulf Oil Corporation,fst00536115,,,1946,1946-1946,Michigan--Detroit|Michigan,"-83.85,41.97,-82.74,42.68",http://sws.geonames.org/4990729,2021-04-16,2022-creator-sprint|sprint-2021-05
1bc9daec-3bbe-486b-a191-c95b03879f94,Greene Consolidated Gold Company.|Rand McNally and Company,null|fst00539874,,1904,1904,1904-1904,Mexico,"-117.52,13.81,-86.37,32.45",,2019-01-16,sprint-2021-05|2022-creator-sprint|202212bbox|sprint-2021-05
5f42efb0-edc9-439b-b90f-5499a25b248c,"Dahl, James, former owner|Tanner, Henry Schenck, 1786-1858|Tanner, Henry Schenck, 1786-1858. New universal atlas. Plate no. 30",null|fst01432799|null,,1834,,1834-1834,Mexico,"-125.05,13.67,-86.48,41.13",,2019-01-16,2022-creator-sprint|sprint-2021-05
2ccd7eb9-dcf5-45fa-91b9-fb78c9b58364,"Michigan School Furniture Company.|Stebbins, Henry S.",null|fst02013901,,between 1884 and 1889,n.d.,1884-1889,Michigan,"-90.43,41.48,-82.38,47.63",,2019-01-16,2022-creator-sprint|sprint-2021-05
d66234ab-db95-4cf2-af81-9840b41e5854,,,,,1940,1940-1940,Michigan--Michigan|Michigan,"-87.500,41.500,-81.750,47.000",http://sws.geonames.org/5001836,2021-04-16,sprint-2021-05
85b61391-eaf1-4283-aad2-184329c067df,"Breese, Samuel L. (Samuel Livingston), 1794-1870|Morse, Sidney E. (Sidney Edwards), 1794-1871",fst01490320|fst00181177,Early maps,1844,1844,1844-1844,Michigan,"-91.000,41.000,-81.000,48.000",,2019-01-16,2022-creator-sprint|sprint-2021-05
9c05af35-7fe9-4cb4-a025-3ad33d72b523,"Boynton, George W., -1884|Bradford, T. G. (Thomas Gamaliel), 1802-1887",fst01809274|fst01434898,,approximately 1838,1838,1838-1838,Michigan,"-10.42,10.67,-5.08,42.33",,2019-01-16,2022-creator-sprint|sprint-2021-05
554b8a14-acd2-43ef-aa5a-eb87cae6f61b,,,,,1835,1835-1835,Great Lakes,"-91.000,41.500,-77.000,48.500",http://sws.geonames.org/4994594,2021-04-16,sprint-2021-05
309cffe7-8823-481b-b06b-e217b69e3ed3,Michigan Central Railroad Company|Rand McNally and Company,fst00620532|fst00539874,Thematic maps,approximately 1890,1890,1890-1890,United States of America,"-88.52,41.2,-78.62,45.8",,2019-01-16,2022-creator-sprint|sprint-2021-05
8400b082-d303-42d6-b960-b441defd157c,"Stebbins, Henry S.",fst02013901,,between 1880 and 1889,n.d.,1880-1889,Michigan,"-87.92,41.5,-82.28,46.92",,2019-01-16,2022-creator-sprint|sprint-2021-05
ae6df7bb-1b95-418f-be01-9236ef118ae8,"Stebbins, Henry S.",fst02013901,,approximately 1881,1881,1880-1880,Michigan,"-90.37,41.5,-82.28,47.53",,2019-01-16,2022-creator-sprint|sprint-2021-05
e03dff2c-2708-45d2-8c15-a923acd27424,Rand McNally and Company,fst00539874,,approximately 1888,1888,1888-1888,Great Lakes,"-90.42,41.68,-82.4,48.28",,2019-01-16,2022-creator-sprint|sprint-2021-05
f7253b7e-1131-4a56-950e-814f211e5a2d,Century Company|Matthews-Northrup Company,fst00555750|fst00511019,,1897,1897,1897-1897,Michigan,"-86.842,41.696,-82.123,45.848",,2019-01-16,sprint-2021-05|2022-creator-sprint|202212bbox|sprint-2021-05
86f8745a-a703-47d6-921f-7d48aa4dd4ce,"Lucas, Fielding, Jr., 1781-1854|Welch, B. T. (Bartholomew Trow), 1794-1871.",fst01801203|null,,1823?,,1823-1823,Michigan,"-98.000,41.000,-81.000,50.000",,2019-01-16,2022-creator-sprint|sprint-2021-05
108a48ab-a59a-453b-9921-3bb6d008638e,"Carey & Lea|Finlayson, J. (James)|Young & Delleker",fst00559565|null|null,,1822,,1822-1822,Michigan,"-88.77,41.45,-82.18,47.5",,2019-01-16,2022-creator-sprint|sprint-2021-05
1572c3fc-9b83-451d-a591-5056e1fbcbea,"Carey & Lea. A Complete historical, chronological and geographical American atlas.|Dahl, James, former owner|Finlayson, J. (James)|Young & Delleker",null|null|null|null,,1822,,1822-1822,Michigan,"-88.000,41.000,-82.000,47.000",,2019-01-16,2022-creator-sprint|sprint-2021-05
b4cde01f-0573-4439-8a2e-d93faa133927,"Bartholomew, John, 1831-1893",fst01433747,,1856,,1856-1856,United States of America,"-96.01,41.01,-83.01,47.01",,2019-01-16,2022-creator-sprint|sprint-2021-05
234fb209-8678-4c69-ac45-346036e026d3,United States. Army. Corps of Engineers,fst00534195,Military maps,1869,1869,1869-1869,United States,"-124.98,22.61,-67.18,49.31",http://sws.geonames.org/6252001,2021-04-16,sprint-2021-05|2022-creator-sprint|202212bbox|sprint-2021-05
5ee2a74e-04ae-4d42-af08-1c039550f9d9,"Kossak, William http://id.loc.gov/authorities/names/n78050672 http://viaf.org/viaf/16030121|Muller, John B. http://id.loc.gov/authorities/names/n78050671 http://viaf.org/viaf/304976342|Sherman, William T. (William Tecumseh), 1820-1891 http://id.loc.gov/authorities/names/n80013437 http://viaf.org/viaf/46828814",null|null|null,Military maps,1863-1865,1865,1865-1865,United States,"-124.98,22.61,-67.18,49.31",http://sws.geonames.org/6252001,2021-04-16,sprint-2021-05|2022-creator-sprint|202212bbox|sprint-2021-05
fa9e06f8-c35c-48be-ab36-24dfa50539ba,"Emory, William H. (William Hemsley), 1811-1887|Vignaud, Henry, 1830-1922, former owner.|Welch, Joseph (Cartographer)",fst00204146|null|fst02013848,,,1847,1847-1847,United States,"-122.850,30.000,-93.000,39.000",http://sws.geonames.org/6252001,2021-04-16,2022-creator-sprint|sprint-2021-05
3d943a84-c19f-4133-b0a2-9d7e228b9dc1,"Bien, Julius, 1826-1909|Geological Survey (U.S.)",fst00014264|fst00547115,Thematic maps,1892,1892,1892-1892,United States,"-124.98,22.61,-67.18,49.31",http://sws.geonames.org/6252001,2021-04-16,sprint-2021-05|2022-creator-sprint|202212bbox|sprint-2021-05
98913e27-e345-4850-b247-8abe67909b58,J.H. Colton & Co.,fst01457236,,1857,1857,1857-1857,Minnesota,"-103.000,42.000,-90.000,49.000",,2019-01-16,sprint-mar2020|2022-creator-sprint|sprint-2021-05
c593ac33-119c-491b-8bf7-59e99e269fb3,M.M. Dickson & Co.,fst02013683,Cadastral maps,1896,1896,1896-1896,Michigan--Washtenaw County|Michigan,"-84.134,42.072,-83.539,42.435",,2019-01-16,sprint-2021-05|2022-creator-sprint|202212bbox|sprint-2021-05
33cad18c-746e-40ff-b5ad-8a53fe8bffd1,,,,,1897,1897-1897,Montana--Butte|Montana,"-112.600,46.000,-112.520,46.040",,2021-04-16,sprint-2021-05
5a03c710-bb55-4bac-a9c1-89162a9b26fa,"Hayden, Horace Edwin, 1837-1917",fst00168296,,,1954,1954-1954,Alabama--Montgomery|Alabama,"-86.37,32.32,-86.24,32.42",http://sws.geonames.org/4076784,2021-04-16,2022-creator-sprint|sprint-2021-05
e18e3e44-8de7-486e-b4ba-5e7fa0d48a39,"George B. Cadwell & Co.|George B. Cadwell & Co. Atlas of Lenawee County, Michigan.",null|null,,1893,,1893-1893,Michigan--Morenci|Michigan,"-84.234,41.711,-84.200,41.736",,2019-01-16,bbox-verified_2023-02-27|2022-creator-sprint|FixedBBoxes|bboxSprintJune2023|sprint-2021-05
09c01bde-d8c1-438a-9ab0-a976d7b6de6b,"Jansson, Jan, 1588-1664. Appendix Atlas|Massa, Isaac, 1587-1635|Vignaud, Henry, 1830-1922, former owner.",null|fst01456829|null,,approximately 1636,,1636-1636,Russia,"31.58,44.37,48.38,59.75",,2019-01-16,2022-creator-sprint|sprint-2021-05
e933965f-ccc9-48ff-a063-30c32ae928aa,"Graham, J. D. (James Duncan), 1799-1865|Mayer, J. R. (John R.)|United States. Army. Corps of Topographical Engineers",fst00245874|fst02013868|fst00531525,,1856,1857,1856-1856,Michigan--Kalamazoo River|Michigan,"-86.231,42.652,-86.179,42.695",,2019-01-16,bbox-verified_2023-02-27|sprint-mar2020|2022-creator-sprint|bboxSprintJune2023|sprint-2021-05
d260722a-2ace-4143-99fb-f53029e21397,"Graham, J. D. (James Duncan), 1799-1865|Mayer, J. R. (John R.)|United States. Army. Corps of Topographical Engineers",fst00245874|fst02013868|fst00531525,Nautical charts,1856-1857,1857,1856-1857,Black River,"-86.289,42.374,-86.240,42.423",http://sws.geonames.org/4986285,2021-04-16,sprint-2021-05|2022-creator-sprint|202212bbox|sprint-2021-05
6b9ae777-880f-443c-84fe-e72d6e1e7ffb,"Ikeda, Eisen, 1790-1848",fst00055146,,Kōka 2 1845,,1845-1845,Japan--Tokyo--Hatchobori|Japan,"139.739,35.623,139.821,35.691",,2019-01-16,bbox-verified_2023-02-27|2022-creator-sprint|FixedBBoxes|bboxSprintJune2023|sprint-2021-05
8dcc2fbe-611b-478b-8997-c163ff4a70ac,"Utagawa, Sadahide, 1807-1873",fst00244411,,1868,,1868-1868,Japan,"138.62,37.38,142.15,41.9",,2019-01-16,2022-creator-sprint|sprint-2021-05
82c2a2fe-d162-4796-aacc-5697d48133a6,"Bundaiken, Uhē.|Sōshun, 1659?-1738",null|null,,Hōei 7 1710,,1710-1710,World,"68.15,6.73,145.12,46.7",,2019-01-16,2022-creator-sprint|sprint-2021-05
e9a9ca35-fec4-4802-bf51-b6d0fbd740b6,,,Thematic maps|Pictorial maps,between 1950 and 1959,n.d.,1950-1959,North America,"-124.98,22.61,-67.18,49.31",http://sws.geonames.org/6255149,2021-04-16,sprint-2021-05|202212bbox|sprint-2021-05
155e67fe-41e1-422c-8d8e-76ae48cf661d,Native American Science Education Association,fst02013789,Thematic maps,1985,1985,1985-1985,United States,"-124.98,22.61,-67.18,49.31",http://sws.geonames.org/6252001,2021-04-16,sprint-2021-05|2022-creator-sprint|202212bbox|sprint-2021-05
9de23c1e-0825-41d8-b7e2-5a12a6c54cab,"Jansson, Jan, 1588-1664. Appendix Atlas|Vignaud, Henry, 1830-1922, former owner.",null|null,,between 1630 and 1639,1636?,1630-1639,Navarre-- Spain--Navarre|Spain--Navarre|Spain,"-2.569,42.059,-0.264,43.519",http://sws.geonames.org/3115609,2021-04-16,bbox-verified_2023-02-27|sprint-2021-05|2022-creator-sprint|202212bbox|sprint-2021-05
9f5157b1-2da1-4c01-90d3-b88d6f7587c8,"Meyer, Joseph, 1796-1856|Tanner, Henry Schenck, 1786-1858",fst00383395|fst01432799,,1845,,1845-1845,North Carolina,"-84.330,33.000,-75.170,38.000",,2019-01-16,2022-creator-sprint|sprint-2021-05
c282eada-32e8-4df9-a669-1e8ee7353aca,,,,,1830,1830-1830,Michigan--Otsego|Michigan,"-85.75,42.44,-85.72,42.47",,2021-04-16,sprint-2021-05
ac19ac90-110e-4c3a-a5e9-7f7015ea68e0,"Graham, J. D. (James Duncan), 1799-1865|Mayer, J. R. (John R.)|United States. Army. Corps of Topographical Engineers",fst00245874|fst02013868|fst00531525,Thematic maps,1857,1857,1857-1857,Michigan--Galien River|Michigan,"-86.770,41.792,-86.733,41.809",,2019-01-16,bbox-verified_2023-02-27|sprint-mar2020|2022-creator-sprint|bboxSprintJune2023|sprint-2021-05
dcc37489-26a0-43d1-8ede-daf5a5b43e93,,,,,1874,1874-1874,United States,"-125.15,24.85,-66.65,49.58",http://sws.geonames.org/6252001,2021-04-16,sprint-2021-05
d7e10658-5d4d-477a-98c2-db8b8dbfec13,"Farmer, Silas, 1839-1902|Silas Farmer & Co.",fst01497200|null,,c1895,,1895-1895,Michigan--Detroit|Michigan,"-83.17,42.27,-82.94,42.44",,2019-01-16,2022-creator-sprint|sprint-2021-05
79bec57a-52b5-48a9-bc2c-59f5bc74db1b,[creator not identified],null,,ca. 1890,,1890-1890,New York--New York|New York--New York State,"-74.06,40.68,-73.92,40.8",,2019-01-16,2022-creator-sprint|sprint-2021-05
bf84bc30-043e-4a92-a038-9c47a2976455,Keystone Sales Company.,,Road maps,1947,1947,1947-1947,Michigan--Wayne County|Michigan,"-83.288,42.255,-82.910,42.450",http://sws.geonames.org/5014227,2021-04-16,sprint-2021-05|2022-creator-sprint|202212bbox|sprint-2021-05
b1166da2-cb86-4657-aa9f-ddf951dc2d11,W.H. Smith & Son,fst00605006,,1873?,1873,1873-1873,England--London|England,"-0.190,51.470,0.000,51.560",http://sws.geonames.org/2643743,2019-01-16,sprint-mar2020|2022-creator-sprint|sprint-2021-05
7532af82-8eb6-44e1-9f97-32e2ca06571e,"Cram, George Franklin, 1841-1928",fst00006718,,1882,,1882-1882,United States of America,"-93.57,41.48,-80.68,47.55",,2019-01-16,2022-creator-sprint|sprint-2021-05
b6c315f2-0861-46fb-b21c-77c9f18b14c0,"Penson, S.R.G.",,Thematic maps,approximately 1887,1887,1887-1887,Canada--Ontario,"-85.000,42.000,-74.000,47.000",,2019-01-16,2022-creator-sprint|sprint-2021-05
0e5e8fc3-6683-4565-8732-f8cab51ce9c1,Bradley & Company,fst02013755,,1894,,1894-1894,New York--New York State,"-79.000,41.000,-74.000,45.000",,2019-01-16,2022-creator-sprint|sprint-2021-05
e78c7401-dd3e-4684-8fa2-da2a59735163,"Johnson, A. J. (Alvin Jewett), 1827-1884|Rominger, C.L.",fst00126289|null,,between 1840 and 1849,1861,1840-1849,New York--New York State,"-80.500,41.900,-75.830,45.000",,2019-01-16,sprint-mar2020|2022-creator-sprint|sprint-2021-05
6ef635af-b15e-4322-8256-30a0d82a8502,Ohman Map Co.,,,1906,1906,1906-1906,New York--New York City|New York--New York State,"-74.259,40.477,-73.700,40.918",,2019-01-16,sprint-2021-05|2022-creator-sprint|202212bbox|sprint-2021-05
998c612b-a95f-4f70-aac7-0ed021586c61,"Geological Survey (U.S.)|U.S. Coast and Geodetic Survey|Wilson, Herbert M. (Herbert Michael), 1860-1920",fst00547115|fst00533999|null,,1899,,1899-1899,New York--New York|New York--New York State,"-74.250,40.380,-73.670,41.000",,2019-01-16,2022-creator-sprint|sprint-2021-05
8230136e-5482-424f-8a98-42a5f036ec41,Geological Survey (U.S.),fst00547115,,1892,,1892-1892,New York--New York|New York--New York State,"-74.260,40.490,-73.750,41.000",,2019-01-16,2022-creator-sprint|sprint-2021-05
066b9275-cddd-42df-99f3-effa04212364,"Mitchell, John, 1711-1768|Tirion, Isaak, -1769",null|null,,1755,,1755-1755,North America,"-90.000,29.450,-52.300,51.950",,2019-01-16,2022-creator-sprint|sprint-2021-05
9d0235c0-dc6f-4dc0-a8ef-21b45daa0d8e,,,,,1769,1769-1769,Canada,"-106.57,40.27,-64.77,60.67",http://sws.geonames.org/6251999,2021-04-16,sprint-2021-05
68133e4b-9690-4ccf-996c-70981da16061,"Ishikawa, Tomonobu|Sagamiya, Tahē|Variant reading of author's name Ryūsen, Ishikawa,",fst00330758|null|null,,Genroku 4 1691,,1691-1691,Japan,"128.68,29.97,146.73,41.6",,2019-01-16,2022-creator-sprint|sprint-2021-05
986e6ff6-da00-4f9c-bce6-efaffcc0fc01,"Kuribayashi, Saichirō.",,,Meiji 14 1881,,1881-1881,Japan-- Niigata--Niigata-ken|Japan,"137.000,36.100,140.000,39.330",,2019-01-16,2022-creator-sprint|sprint-2021-05
4ee52580-9d69-494f-9d80-59459ecbd5f4,"Nagai, Komazō.",null,,Meiji 24 1891,,1891-1891,Japan-- Niigata--Niigata-ken|Japan,"137.75,36.83,139.92,38.33",,2019-01-16,2022-creator-sprint|sprint-2021-05
cf433f65-400e-4eda-871a-7def3e1a22be,"Kushitani, Kunimatsu.",,,Meiji 32 1899,,1899-1899,Japan-- Niigata--Nigata|Japan,"139.000,37.880,139.080,37.950",,2019-01-16,2022-creator-sprint|sprint-2021-05
63e26a54-646c-47e8-af02-8b9c10de8f49,"Jansson, Jan, 1588-1664|Jansson, Jan, 1588-1664. Atlantis Maioris Appendix, 1630|Vignaud, Henry, 1830-1922, former owner.",fst00012480|null|null,,1631,,1631-1631,Germany--Hamburg|Germany,"8.62,53.35,10.39,53.95",,2019-01-16,2022-creator-sprint|sprint-2021-05
07973fa2-ba2c-4f1d-bae3-4f558be3f648,"Jansson, Jan, 1588-1664|Jansson, Jan, 1588-1664. Atlantis Maioris Appendix, 1630|Surhon, Jacques, cartographer.|Visscher, Claes Jansz., 1586 or 1587-1652",fst00012480|null|null|fst01856393,,1630,,1630-1630,Belgium-- Wallonia--Hainaut Province|Belgium,"3.07,50.05,4.7,50.75",,2019-01-16,2022-creator-sprint|sprint-2021-05
ff844649-101b-4065-90ac-8ce207ec4815,"Streit, Friedrich Wilhelm.",,,1833,,1833-1833,North America,"172.600,7.000,4.900,85.000",,2019-01-16,2022-creator-sprint|sprint-2021-05
549d8383-bdaa-4603-a2cc-1df517b268fa,"Stieler, Adolf, 1775-1836",fst01484988,,1888,,1888-1888,Arctic Regions,"-179.99,58.48,179.99,85.00",,2019-01-16,bbox-verified_2023-02-27|2022-creator-sprint|FixedBBoxes|bboxSprintJune2023|-180TO180|sprint-2021-05
e95504dc-10fb-49bf-a80e-651be166181b,"Jansson, Jan, 1588-1664|Jansson, Jan, 1588-1664. Appendix Atlas|Vignaud, Henry, 1830-1922, former owner.",fst00012480|null|null,,between 1630 and 1639,,1630-1639,England-- United Kingdom--Norfolk,"0.2,52.29,1.82,53.01",,2019-01-16,2022-creator-sprint|sprint-2021-05
e2a7df72-a2d3-495f-9554-0d0296ace2a8,"Duysend, Cornelius Claeszoon, fl. 1640, engraver|Hondius, Hendrik, 1597-1651|Jansson, Jan, 1588-1664|Jansson, Jan, 1588-1664. Appendix Atlas|Vignaud, Henry, 1830-1922, former owner.",null|fst00101029|fst00012480|null|null,,approximately 1636,,1636-1636,France--Normandy|France,"-2.04,48.18,1.88,50.29",,2019-01-16,2022-creator-sprint|sprint-2021-05
65453732-3723-4020-980f-b26471d26ec4,"Jefferys, Thomas, -1771",fst01827000,Early maps,between 1700 and 1799,n.d.,1700-1799,North America,"-143.3,3.45,-41.65,66.83",,2019-01-16,2022-creator-sprint|sprint-2021-05
6b2404bd-0c4c-4119-9e8b-9b1eb86d6800,,,,,1832,1832-1832,Great Lakes,"-83.98,41.25,-74.55,46.32",http://sws.geonames.org/4994594,2021-04-16,sprint-2021-05
5c378809-6860-452b-9004-ab9856643ee9,"Hinton, John Howard, 1791-1873|I.T. Hinton & Simpkin & Marshall.",fst00260445|null,,1832,,1832-1832,North America,"15.000,5.000,170.000,80.000",,2019-01-16,2022-creator-sprint|sprint-2021-05
cab9b992-720c-491f-a5b1-68924a381683,"Anville, Jean Baptiste Bourguignon d', 1697-1782|Jefferys, Thomas, -1771",fst00061563|fst01827000,,May 1755,,1755-1755,North America,"-93.000,29.000,-53.000,52.000",,2019-01-16,2022-creator-sprint|sprint-2021-05
bb97fa6a-d4e0-4201-94f6-4e754286567c,Society for the Diffusion of Useful Knowledge (Great Britain),fst00519759,,1864 or 1870,unknown,1864-1870,United States of America,"-91.75,41.5,-80.42,46.33",,2019-01-16,sprint-mar2020|2022-creator-sprint|sprint-2021-05
9d079d20-ed02-48a3-a7ea-8e687d35d949,"Charles Knight & Co|J. & C. Walker (Firm)|Penge, Russell, printer|Smith, John, 1580-1631|Society for the Diffusion of Useful Knowledge (Great Britain)|Tanner, Henry Schenck, 1786-1858",null|fst01984791|null|fst00051860|fst00519759|fst01432799,,approximately 1846 to 1851,unknown,1846-1851,United States of America,"-92.000,41.500,-83.000,47.000",,2019-01-16,sprint-mar2020|2022-creator-sprint|sprint-2021-05
e7da0e2b-78e6-4aa6-8ac0-4ac2f55be009,J. & C. Walker (Firm),fst01984791,,,1832,1832-1832,Great Lakes,"-92.500,46.000,-83.500,50.500",http://sws.geonames.org/4994594,2021-04-16,2022-creator-sprint|sprint-2021-05
2c8e0745-7ce6-4255-beb4-250c4d5b56a8,J. & C. Walker (Firm)|Society for the Diffusion of Useful Knowledge (Great Britain),fst01984791|fst00519759,,1833,,1833-1833,Michigan,"-91.75,42.42,-86.67,46.25",,2019-01-16,2022-creator-sprint|sprint-2021-05
a730db5b-2a2d-46bd-8bf4-0d0b3c7bd2cc,"Dahl, James, former owner|Imbert's Lithographic Office, lithographer",null|null,,1825,,1825-1825,North America,"-167.62,24.93,-66.2,67.35",,2019-01-16,2022-creator-sprint|sprint-2021-05
126736a1-a115-42b0-b017-45e0ecf797dc,"Scott Stamp & Coin Company, Limited",fst00580580,,c1893,,1893-1893,North America,"-178.000,10.000,-18.000,80.000",,2019-01-16,2022-creator-sprint|sprint-2021-05
360f5be6-54cf-4ebb-aa09-5f46f817e274,Great Britain. Ordnance Survey,fst00546369,,1898,,1898-1898,England--London|England,"-0.42,51.52,-0.03,51.68",http://sws.geonames.org/2643743,2019-01-16,2022-creator-sprint|sprint-2021-05
8d13cf50-5050-4b3b-9494-8709989c0350,Geo. A. Ogle & Company,null,,1915,,1915-1915,Michigan--Ann Arbor|Michigan,"-83.78,42.25,-83.71,42.3",,2019-01-16,2022-creator-sprint|sprint-2021-05
55ab3dd6-e62b-4dde-be47-4bbcadf0841f,Geo. A. Ogle & Company,null,,1915,,1915-1915,Michigan--Ann Arbor|Michigan,"-83.77,42.25,-83.72,42.3",,2019-01-16,2022-creator-sprint|sprint-2021-05
50eb01f6-7d2a-46b7-a2bf-f02c156a7b78,"Colton, G. Woolworth (George Woolworth), 1827-1901",fst01459585,,1855,,1855-1855,Arctic Regions,"-179.99,45.08,179.99,89.99",,2019-01-16,2022-creator-sprint|-180TO180|sprint-2021-05
d1970c2d-e255-4ea8-9d85-263654f749d8,"Hondius, Hendrik, 1597-1651|Hondius, Hendrik, 1597-1651. Appendix Atlas of the British Isles and Northern Europe|Jansson, Jan, 1588-1664. Appendix Atlas of the British Isles and Northern Europe|Vignaud, Henry, 1830-1922, former owner.",fst00101029|null|null|null,,between 1630 and 1639,,1630-1639,United Kingdom--England,"-4.07,54.53,-1.02,55.8",,2019-01-16,2022-creator-sprint|sprint-2021-05
3d685b2b-0cbb-4664-9c68-c0e8d2ce3895,"Vallée, L.-L. (Louis-Léger), 1784-1864.",null,,,1725,1725-1725,France-- Île-de-France--Paris|France--Île-de-France|France,"2.29,48.82,2.4,48.89",http://sws.geonames.org/2988507,2021-04-16,2022-creator-sprint|sprint-2021-05
c6735279-d7df-48af-a3f1-2537f70713b5,"Logerot, Auguste",null,Thematic maps,approximately 1860,unknown,1860-1860,France-- Île-de-France--Paris|France,"2.2,48.8,2.45,48.91",,2019-01-16,sprint-mar2020|2022-creator-sprint|sprint-2021-05
272f9503-7da7-4444-b713-a4f836d9fb7c,"Migeon, J.",null,Thematic maps,1866?,1866,1866-1866,France-- Île-de-France--Paris|France,"2.25,48.81,2.42,48.9",,2019-01-16,sprint-mar2020|2022-creator-sprint|sprint-2021-05
366b196f-2701-4ed4-86ee-062264e9e3cb,[creator not identified],,,1847,,1847-1847,France--Ãle-de-France--Paris|France,"2.252,48.813,2.431,48.895",,2019-01-16,bbox-verified_2023-02-27|2022-creator-sprint|bboxSprintJune2023|sprint-2021-05
380212b8-db97-4904-b977-f418b82c37cd,[creator not identified],,,1851,,1851-1851,France--Ãle-de-France--Paris|France,"2.252,48.813,2.431,48.895",,2019-01-16,bbox-verified_2023-02-27|2022-creator-sprint|bboxSprintJune2023|sprint-2021-05
c5700d8b-9f2c-46ab-aaa7-ea47449400d8,[creator not identified],null,,1829,,1829-1829,France-- Île-de-France--Paris|France,"2.28,48.83,2.41,48.89",,2019-01-16,2022-creator-sprint|sprint-2021-05
e72865d5-e39e-4b52-bc16-f3fb902feea9,"Bineteau, P.",fst02013984,,1855,,1855-1855,France-- Île-de-France--Paris|France,"2.28,48.83,2.4,48.89",,2019-01-16,2022-creator-sprint|sprint-2021-05
7197e10c-f80b-4691-b409-e05733c3f72c,"Chatelain, Henri Abraham|Gueudeville, Nicolas, approximately 1654-approximately 1721",null|fst01821999,Early maps,approximately 1719,1719,1719-1719,Africa,"-25.384,-47.131,63.809,37.536",,2019-01-16,2022-creator-sprint|sprint-2021-05
fcab7766-7cca-4c6a-9b90-74c04f3d0130,"Popple, Henry, -1743.",,,ca.1734?,,1734-1734,Great Lakes,"-107.000,34.000,-79.000,55.000",,2019-01-16,2022-creator-sprint|sprint-2021-05
7c18a1fe-dfaa-425d-bec9-52a3b301dc1f,"Santini, Francesco.",,World maps,1776,,1776-1776,World,"-179.99,-89.99,179.99,89.99",,2019-01-16,2022-creator-sprint|202212bbox|-180TO180|sprint-2021-05
6b25b7d1-fbf9-478f-a22a-f3578f313f52,"Colom, Arnold.",,World maps,between 1654 and 1658,,1654-1654,World,"-179.99,-89.99,179.99,89.99",,2019-01-16,2022-creator-sprint|202212bbox|-180TO180|sprint-2021-05
c3223c90-d553-4972-8881-ae3bad7ec688,"Jansson, Jan, 1588-1664|Jansson, Jan, 1588-1664. Appendix Atlas|Vignaud, Henry, 1830-1922, former owner.",fst00012480|null|null,Early maps,between 1636 and 1680,1680,1636-1680,Auvergne-Rhône-Alpes-- France--Dauphiné|France,"4.72,44.42,7.4,45.8",,2019-01-16,sprint-mar2020|2022-creator-sprint|sprint-2021-05
11684624-f142-439f-9985-c0586255772a,"Fine, Oronce, 1494-1555|Kroon, A.",fst00155445|null,Early maps|World maps,approximately 1880,n.d.,1880-1880,World,"-179.99,-89.99,179.99,89.99",,2019-01-16,2022-creator-sprint|202212bbox|-180TO180|sprint-2021-05
723c3d79-b378-4b41-8fdc-cf7bbaa371ec,"Hondius, Jodocus, 1594 or 1595-1629, cartographer|Jansson, Jan, 1588-1664|Jansson, Jan, 1588-1664. Atlantis Maioris Appendix, 1630|Vignaud, Henry, 1830-1922, former owner.",null|fst00012480|null|null,,1630,,1630-1630,Europe,"-28.85,31.57,46.28,71.25",,2019-01-16,2022-creator-sprint|sprint-2021-05
439a7910-249c-4082-a224-e8f85802f0b4,"Goos, Abraham, 1590-1643, engraver|Jansson, Jan, 1588-1664|Jansson, Jan, 1588-1664. Atlantis Maioris Appendix, 1630|Vignaud, Henry, 1830-1922, former owner.",null|fst00012480|null|null,,1630,,1630-1630,Bavaria-- Germany--Middle Franconia|Germany,"8.35,49.23,11.92,50.83",,2019-01-16,2022-creator-sprint|sprint-2021-05
a3c50f0c-cbf3-4639-b595-27ed93d94752,"Jansson, Jan, 1588-1664|Jansson, Jan, 1588-1664. Atlantis Maioris Appendix, 1630|Vignaud, Henry, 1830-1922, former owner.",fst00012480|null|null,,1630,,1630-1630,Spain,"-9.63,35.9,4.07,43.78",,2019-01-16,2022-creator-sprint|sprint-2021-05
71360b38-14c4-4604-88cc-96152ac3d16f,"Wit, Frederik de",fst00052349,World maps,approximately 1670,,1670-1670,World,"-179.99,-89.99,179.99,89.99",,2019-01-16,2022-creator-sprint|202212bbox|-180TO180|sprint-2021-05
00308e38-fe66-431b-9c8a-9e5a19951a0b,"Hondius, Jodocus, 1594 or 1595-1629, cartographer|Jansson, Jan, 1588-1664|Jansson, Jan, 1588-1664. Atlantis Maioris Appendix, 1630|Vignaud, Henry, 1830-1922, former owner.",null|fst00012480|null|null,,1630,,1630-1630,Poland,"13.55,49.23,24.93,54.83",,2019-01-16,2022-creator-sprint|sprint-2021-05
e54a3317-8393-4e6e-8596-755681ad6dd6,,,,,1660,1660-1660,Americas,"-162.82,-56.58,0.87,74.33",http://sws.geonames.org/10861432,2021-04-16,sprint-2021-05
430333e0-9264-4458-b70e-bbad40179146,"Hondius, Hendrik, 1597-1651. Appendix Atlas of the British Isles and Northern Europe|Jansson, Jan, 1588-1664|Jansson, Jan, 1588-1664. Appendix Atlas of the British Isles and Northern Europe|Vignaud, Henry, 1830-1922, former owner.",null|fst00012480|null|null,,between 1630 and 1639,,1630-1639,Estonia,"17.93,55.58,28.25,60.45",,2019-01-16,2022-creator-sprint|sprint-2021-05
458bcf49-921a-4094-aad5-12637a431bd6,"Blaeu, Willem Janszoon, 1571-1638|Ende, Josua van den, engraver",fst00050858|null,World maps,1642,,1642-1642,World,"-179.99,-89.99,179.99,89.99",,2019-01-16,2022-creator-sprint|-180TO180|sprint-2021-05
25ae7895-d4ee-481e-8453-04ab2e6c31a1,,,,,1778,1778-1778,United States,"-77.62,36.8,-66.8,46.93",http://sws.geonames.org/6252001,2021-04-16,sprint-2021-05
0035018d-63a8-4682-95e5-d1c3d4104a7d,,,,,1688,1688-1688,Americas,"-126.150,-57.550,-7.580,67.000",http://sws.geonames.org/10861432,2021-04-16,sprint-2021-05
b5eceaff-470b-472a-ab77-b2abd4949047,,,,,1656-1677?,1656-1677,Americas,"-169.5,-57.7,-32.2,73.9",http://sws.geonames.org/10861432,2021-04-16,sprint-2021-05|202212bbox|sprint-2021-05
5f90b077-5e53-4d1b-a219-380581148fac,"Francis & Robert Bailey (Firm)|Scott, Joseph (Geographer). United States gazetteer.",null|null,,,1795?,1795-1795,United States,"-94.818,38.742,-75.361,48.999",http://sws.geonames.org/6252001,2021-04-16,sprint-2021-05|2022-creator-sprint|202212bbox|sprint-2021-05
f6c34e34-fdf5-49c4-ad70-cbf194d6292d,,,Pictorial maps|Tourist maps,1946,1946,1946-1946,Hawaii--Oahu|Hawaii,"-158.098,21.466,-157.969,21.521",http://sws.geonames.org/5851609,2021-04-16,sprint-2021-05|202212bbox|sprint-2021-05
14c66cbf-b8fb-492d-b4e8-0a6cf911e25b,,,,,1885,1885-1885,Michigan--Michigan|Michigan,"-90.42,41.33,-82.4,48.27",http://sws.geonames.org/5001836,2021-04-16,sprint-2021-05
3c299e78-6b8c-40ce-aa08-5afd8a4f2790,"Michigan Railroad Commission|Osborn, Chase S. (Chase Salmon), 1860-1949",fst00583343|fst01899969,,1894 - 1900,1900,1894-1900,Michigan,"-90.42,41.43,-82.4,47.5",,2019-01-16,sprint-mar2020|2022-creator-sprint|sprint-2021-05
7f325f6a-0898-474d-90cf-1dde7d645c4d,"Michigan Railroad Commission|Wesselius, Sybrant, b. 1859.|Wolverine Printing Co.",fst00583343|null|null,,1897,1897,1897-1897,Michigan,"-90.418,41.696,-82.413,48.239",,,sprint-2021-05|2022-creator-sprint|202212bbox|sprint-2021-05
45e89565-6e42-439c-bb09-398474aa9ee9,Rand McNally and Company http://id.loc.gov/authorities/names/n79150315 http://viaf.org/viaf/137487244,null,,,1882,1882-1882,Texas,"-106.63,25.75,-93.48,36.53",http://sws.geonames.org/4736286,2021-04-16,2022-creator-sprint|sprint-2021-05
9dfe09c7-b3f9-4f01-9b35-0aa5a62ed961,"Finley, A. (Anthony)",fst01432581,,approximately 1828,n.d.,1820-1830,Ohio,"-88.51,37.93,-80.33,45.8",http://sws.geonames.org/5165418,2021-04-16,sprint-2021-05|2022-creator-sprint|202212bbox|sprint-2021-05
29c164a2-801f-4e96-ab03-c0b37444f663,"Lee, Robert E. (Robert Edward), 1807-1870|Talcott, Andrew, 1797-1883",fst00053327|fst00002734,,,1835,1835-1835,Ohio,"-82.55,41.35,-82.38,41.42",http://sws.geonames.org/5165418,2021-04-16,2022-creator-sprint|sprint-2021-05
538cf9ae-c535-4612-b582-05b3c033bb0a,"Hood, Washington|Smith, William, Lieutenant|Talcott, Andrew, 1797-1883",fst01434493|null|fst00002734,,1835,,1835-1835,Indiana--Lake County|Indiana,"-87.34,41.61,-87.26,41.63",,2019-01-16,2022-creator-sprint|sprint-2021-05
666aab51-16c6-4075-bdba-3c5f1202e073,"Bradford, T. G. (Thomas Gamaliel), 1802-1887|Dahl, James, former owner|Stiles, Sherman & Smith, engraver.",fst01434898|null|null,,approximately 1838,1838,1838-1838,Ohio,"-85.000,38.270,-80.350,41.970",,2019-01-16,2022-creator-sprint|sprint-2021-05
25d3736f-3380-418f-8666-181f14617c57,"Yamamoto, Shinʼichirō.",null,,Meiji 22 1889,,1889-1889,Japan-- Okayama--Okayama Shi|Japan,"133.27,34.4,134.4,35.35",,2019-01-16,2022-creator-sprint|sprint-2021-05
52e9c568-b573-4e41-b830-733d5116f0a6,,,Early maps,,Meiji 5 1872,1872-1872,Japan,"135.83,34.96,136.36,35.6",http://sws.geonames.org/1852553,2021-04-16,sprint-2021-05
3c472e99-fd8d-4bb3-be53-1d751d3601ba,"Berchem, Nicolaas Pietersz, 1620-1683|Visscher, Nicolaes, 1618-1679",fst00231008|null,World maps,approximately 1658,,1658-1658,World,"-179.99,-89.99,179.99,89.99",,2019-01-16,2022-creator-sprint|202212bbox|-180TO180|sprint-2021-05
a47488d7-26be-4b1c-a4af-4383951e6991,"Boudet, Antoine, 1715?-1787|Dahl, James, former owner|Robert de Vaugondy, Gilles, 1688-1766",fst01962994|null|fst00084842,World maps,1752,,1752-1752,World,"-179.99,-89.99,179.99,89.99",,2019-01-16,bbox-verified_2023-02-27|2022-creator-sprint|202212bbox|BBoxVerified|bboxSprintJune2023|-180TO180|sprint-2021-05
a8482106-9014-4f8a-ae9d-9e3c4c46c6f0,"Hondius, Hendrik, 1597-1651|Hondius, Hendrik, 1597-1651. Appendix Atlas of the British Isles and Northern Europe|Jansson, Jan, 1588-1664. Appendix Atlas of the British Isles and Northern Europe|Vignaud, Henry, 1830-1922, former owner.",fst00101029|null|null|null,,between 1630 and 1639,,1630-1639,United Kingdom--Scotland,"-3.55,58.67,-2.35,59.4",,2019-01-16,2022-creator-sprint|sprint-2021-05
cb6a4ae5-c81c-41f1-997d-d742f56f5f6a,"Hondius, Hendrik, 1597-1651|Jansson, Jan, 1588-1664. Appendix Atlas|Vignaud, Henry, 1830-1922, former owner.",fst00101029|null|null,,approximately 1636,,1636-1636,United Kingdom--Scotland,"-3.65,58.62,-2.28,59.4",,2019-01-16,2022-creator-sprint|sprint-2021-05
b520d561-a377-4d31-a334-13f6363b269f,"Dahl, James, former owner|Mitchell, S. Augustus (Samuel Augustus), 1792-1868",null|fst00012500,,between 1845 and 1849,1849,1845-1849,United States of America,"-130.000,30.000,-104.000,52.000",,2019-01-16,sprint-mar2020|2022-creator-sprint|sprint-2021-05
8e4dab71-59b8-43d5-806e-4403f4711707,"Lindley, Oswald|Welland, George.",null|null,,between 1847 and 1865?,,1847-1847,Iran,"45.000,25.000,75.000,40.000",,2019-01-16,2022-creator-sprint|sprint-2021-05
3d401351-5c09-4eac-8116-3b7cb5f761c1,"Fukutomi, Tansui.",null,,Meiji 5 1872,,1872-1872,Japan-- Ōsaka--Osaka|Japan,"135.42,34.63,135.57,34.7",,2019-01-16,2022-creator-sprint|sprint-2021-05
26021d4f-f65f-4463-98bd-7bbd398bc8ea,"Gigas, Johann Michael, approximately 1582-1637?|Hondius, Hendrik, 1597-1651|Jansson, Jan, 1588-1664. Atlantis Maioris Appendix, 1630|Vignaud, Henry, 1830-1922, former owner.",null|fst00101029|null|null,,1630,,1630-1630,Germany-- Lower Saxony--Osnabrück|Germany,"7.31,52.06,8.65,52.7",,2019-01-16,2022-creator-sprint|sprint-2021-05
65fd63fd-f92b-4702-8d2c-fa6bec53d2b0,"Beck & Pauli, lithographer.",null,,,1880,1880-1880,Michigan--Otsego|Michigan,"-85.7,42.45,-85.69,42.47",http://sws.geonames.org/5004658,2021-04-16,2022-creator-sprint|sprint-2021-05
ee75edbf-0afa-4976-8673-46a350933220,"Bechler, Gustavus R.|Geological and Geographical Survey of the Territories (U.S.)|Hayden, F. V. (Ferdinand Vandeveer), 1829-1887",fst02013966|fst00547118|fst00123262,,between 1874 and 1875,1874,1874-1874,Colorado--Middle Park,"-106.58,39.5,-104.93,40.5",,2019-01-16,sprint-mar2020|2022-creator-sprint|sprint-2021-05
f3f61ac5-574b-4ee5-9b47-740d4e1d1cff,"Bechler, Gustavus R.|Geological and Geographical Survey of the Territories (U.S.)",fst02013966|fst00547118,Outline maps,between 1875 and 1878,n.d.,1875-1878,Colorado,"-106.4,38.73,-105.75,39.53",,2019-01-16,sprint-mar2020|2022-creator-sprint|sprint-2021-05
9b50925a-b10d-48b9-9433-482a376f63f5,"Hitchcock, Edward, 1793-1864",fst00104740,Geological maps|World maps,1853,,1853-1853,World,"-179.99,-89.99,179.99,89.99",,2019-01-16,2022-creator-sprint|-180TO180|sprint-2021-05
dbe3f516-afb1-432c-89a0-cc1207bfcee1,,,,,1889,1889-1889,Canada-- Ontario--Windsor|Canada--Ontario|Canada,"-83.060,42.290,-83.000,42.330",http://sws.geonames.org/6182962,2021-04-16,sprint-2021-05
244a7aac-82c3-4f65-9406-912b3440d2e0,,,,,1881,1881-1881,Michigan--Chelsea|Michigan,"-84.03,42.31,-84.01,42.32",http://sws.geonames.org/4988628,2021-04-16,sprint-2021-05
077e420d-58f8-4b48-b88a-af3eae7b4f0e,"Beck & Pauli, lithographer.",null,,,1881,1881-1881,Michigan--Mount Clemens|Michigan,"-82.89,42.59,-82.87,42.61",http://sws.geonames.org/5002656,2021-04-16,2022-creator-sprint|sprint-2021-05
a9f8f915-3e8a-4287-b323-1660d04cc6cb,"Beck & Pauli, lithographer.",,,,1881,1881-1881,Michigan--Ovid|Michigan,"-84.380,43.000,-84.360,43.010",http://sws.geonames.org/5004776,2021-04-16,2022-creator-sprint|sprint-2021-05
f516fef6-4174-4521-b847-cae7de4b86d7,"Beck & Pauli, lithographer.",null,,,1881,1881-1881,Michigan--Clinton County|Michigan,"-84.57,42.99,-84.55,43.01",http://sws.geonames.org/4989135,2021-04-16,2022-creator-sprint|sprint-2021-05
fa59a564-0235-47d3-9c08-b011cbf2bdd6,"Beck & Pauli.|Ruger, A.|Stoner, J. J.",null|null|fst02013903,Aerial views,1880,,1880-1880,Michigan--Ann Arbor|Michigan,"-83.76,42.27,-83.73,42.29",,2019-01-16,2022-creator-sprint|sprint-2021-05
1655fed3-ab09-4249-b63d-426b95a7feae,"Beck & Pauli, lithographer.",null,,,1880,1880-1880,Michigan--Union City|Michigan,"-85.15,42.06,-85.13,42.07",http://sws.geonames.org/5012928,2021-04-16,2022-creator-sprint|sprint-2021-05
43b2bbf1-307a-44c8-8b38-6f3721a06c0c,"Geological and Geographical Survey of the Territories (U.S.)|Hayden, F. V. (Ferdinand Vandeveer), 1829-1887",fst00547118|fst00123262,,1877,,1877-1877,Wyoming,"-109.500,41.750,-107.000,43.000",,2019-01-16,2022-creator-sprint|sprint-2021-05
96de79e6-9158-462e-8c96-ec9d6c846be0,"Santini, P. (Paolo)",fst00438753,,,1776,1776-1776,United States,"-93.170,28.000,-74.600,40.020",http://sws.geonames.org/6252001,2021-04-16,2022-creator-sprint|sprint-2021-05
c1499d6e-cf51-4cc1-ad51-dc4800a96a2d,"Fer, Nicolas de, 1646-1720",fst00101496,,1705,,1705-1705,Western Africa,"-26.58,-0.33,27.43,39.7",,2019-01-16,2022-creator-sprint|sprint-2021-05
62360cb7-84e6-4105-9840-1b54560a9c2c,"Coronelli, Vincenzo, 1650-1718|Du Tralage, Jean Nicolas, -1699|Nolin, Jean Baptiste, 1648-1708",fst00012407|null|null,,1688,,1688-1688,Great Lakes,"-94.000,33.000,-74.000,53.000",,2019-01-16,2022-creator-sprint|sprint-2021-05
288abeb1-2a9b-493e-b420-31be677d1fd0,"Lotter, Tobias Conrad, 1717-1777|Seutter, Matthaeus, 1678-1756",null|fst00111627,,,1756?,1756-1756,Canada,"-67.85,42.23,-51.57,51.92",http://sws.geonames.org/6251999,2021-04-16,sprint-2021-05|2022-creator-sprint|202212bbox|sprint-2021-05
4bcf31a7-7ac6-4a97-a5a0-18abe1cbb04e,"Lotter, Tobias Conrad, 1717-1777|Seutter, Matthaeus, 1678-1756",null|fst00111627,,,1750,1750-1750,Canada,"-77.22,43.23,-50.72,57.03",http://sws.geonames.org/6251999,2021-04-16,2022-creator-sprint|sprint-2021-05
0dd7453a-f20c-41dc-8050-004067ea7ce2,,,,,1920,1920-1920,Canada--Ontario|Canada|Canada,"-83.08,42.29,-83.05,42.32",http://sws.geonames.org/6093943,2021-04-16,sprint-2021-05
04a685d1-50c9-447a-8396-d012ef295bd2,"Dahl, James, former owner|van Keulen, Johannes, 1654-1715|Vooght, Claes Janszoon, -1696, engraver.",null|null|null,Early maps,Approximately 1684,n.d.,1684-1684,United States of America,"-74.259,40.477,-73.700,40.918",,,sprint-2021-05|2022-creator-sprint|202212bbox|sprint-2021-05
fe98ab39-cec9-402e-b7b7-c3a22337fa21,"Ewich, Hermann|Horn, Georg, 1620-1670|Jansson, Jan, 1588-1664",null|fst01554975|fst00012480,,1680?,,1680-1680,,"3.05,49.37,8.8,53.82",,2019-01-16,2022-creator-sprint|sprint-2021-05
44804cdf-d148-41b6-8180-e4a2e1cd7f04,"Payne, A. H. (Albert Henry), 1812-1902",fst02013884,,1851,,1851-1851,England--London|England,"-0.180,51.480,0.000,51.540",http://sws.geonames.org/2643743,2019-01-16,2022-creator-sprint|sprint-2021-05
d5b1b144-8edb-4a85-9e8f-1c694ef96c63,"Jansson, Jan, 1588-1664. Appendix Atlas|Vignaud, Henry, 1830-1922, former owner.",null|null,,between 1630 and 1639,1636?,1630-1639,France-- Normandy--Perche|France,"0.601,48.283,0.791,48.434",http://sws.geonames.org/8504927,2021-04-16,sprint-2021-05|2022-creator-sprint|202212bbox|sprint-2021-05
c26b095c-ac47-4088-94c9-54c4e137c299,,,Military maps,1862,1862,1862-1862,United States,"-79.84,38.34,-77.12,40.06",http://sws.geonames.org/6252001,2021-04-16,sprint-2021-05|202212bbox|sprint-2021-05
48185f68-db0b-4e1f-a5e9-dc47b9b0f7fc,"Blaeu, Joan, 1596-1673|Blaeu, Willem Janszoon, 1571-1638",fst00055883|fst00050858,,1643,,1643-1643,Iran,"37.12,17.7,73.15,47.75",,2019-01-16,2022-creator-sprint|sprint-2021-05
164c755a-89ac-4ea8-a6ee-49f497e7fd39,"Blaeu, Joan, 1596-1673|Blaeu, Willem Janszoon, 1571-1638",fst00055883|fst00050858,,1643,,1643-1643,Iran,"37.12,17.7,73.15,47.75",,2019-01-16,2022-creator-sprint|sprint-2021-05
62f0aba1-b893-4210-87be-79f605f54974,Homann Erben (Firm),fst00544026,,,1749,1749-1749,Germany-- Saxony-Anhalt--The Brocken|Germany--Saxony-Anhalt|Germany,"10.3,51.65,11.08,52.04",http://sws.geonames.org/2943991,2021-04-16,2022-creator-sprint|sprint-2021-05
dfeee793-a5e0-488d-8b46-1284b0f8677a,"Ensign, Thayer & Co.",null,,,1840,1840-1840,United States,"-106.47,28.62,-66.43,45.85",http://sws.geonames.org/6252001,2021-04-16,2022-creator-sprint|sprint-2021-05
0069fa01-c427-4261-b771-d5b707196b11,George Philip & Son,fst00539140,,1897,,1897-1897,India,"65.850,24.000,90.000,38.000",,2019-01-16,2022-creator-sprint|sprint-2021-05
4b8b0cbe-ece4-4968-bef3-184640a5e0cd,"Jansson, Jan, 1588-1664|Jansson, Jan, 1588-1664. Appendix Atlas|Vignaud, Henry, 1830-1922, former owner.",fst00012480|null|null,,approximately 1636,,1636-1636,France-- Hauts-de-France--Picardy|France,"1.36,49.41,3.66,50.41",,2019-01-16,2022-creator-sprint|sprint-2021-05
536d873a-a169-4bbb-90d6-93daff8ff68e,"Jansson, Jan, 1588-1664. Appendix Atlas|Vignaud, Henry, 1830-1922, former owner.",null|null,,approximately 1636,,1636-1636,France,"-2.63,45.63,0.44,47.43",,2019-01-16,2022-creator-sprint|sprint-2021-05
501e58c6-7fec-4e53-8b5e-07dbda8a483b,J. Pigot & Co.,null,,1839,,1839-1839,England--London|England,"-0.43,51.32,0.27,51.73",http://sws.geonames.org/2643743,2019-01-16,2022-creator-sprint|sprint-2021-05
da782d67-a44d-4628-92db-68baf551dd39,"Elwood & Co. Stationers, Detroit",null,Cadastral maps,1885,1885,1885-1885,Michigan--Pittsfield Township|Michigan,"-83.78,42.17,-83.66,42.26",,2019-01-16,sprint-mar2020|2022-creator-sprint|sprint-2021-05
d8158799-e0d7-4338-b01f-b386f460b93c,"Fer, Nicolas de, 1646-1720|Jouvin, Albert, active 1672",fst00101496|fst01827612,,1694,,1694-1694,France-- Île-de-France--Paris|France,"2.224,48.816,2.470,48.902",,2019-01-16,2022-creator-sprint|sprint-2021-05
3d46ec65-7df4-4c28-ab7d-dbd180e2c2a6,"Robert de Vaugondy, Didier, 1723-1786",fst00336054,,1760,,1760-1760,France-- Île-de-France--Paris|France,"2.31,48.83,2.39,48.88",,2019-01-16,2022-creator-sprint|sprint-2021-05
fad09ac2-1bcb-4b81-98ca-9e9476e00bda,"Deharme, L. F.",null,,1788,,1788-1788,France-- Île-de-France--Paris|France,"2.25,48.81,2.42,48.9",,2019-01-16,2022-creator-sprint|sprint-2021-05
6e238992-730c-466c-85d2-d831bfd43936,"Baillieu, Gaspar de",fst02013767,,1708,,1708-1708,Belgium-- Wallonia--Mons|Belgium,"3.855,50.378,4.085,50.514",,2019-01-16,2022-creator-sprint|sprint-2021-05
54551da0-d9f8-4a77-8679-0f5132b1cb4b,"Dyonnet, Ch.",null,,1838,,1838-1838,France-- Île-de-France--Paris|France,"2.28,48.83,2.41,48.89",,2019-01-16,2022-creator-sprint|sprint-2021-05
bf6c81da-93c1-4e5f-820c-6bf6a1d74ee3,"Perrot, A. M. (Aristide Michel), 1793-1879.",null,,approximately 1837,1837,1837-1837,France-- Île-de-France--Paris|France,"2.3,48.84,2.38,48.87",,2019-01-16,sprint-mar2020|2022-creator-sprint|sprint-2021-05
2ece81ca-a3dc-4e5a-b84c-82d9e7ddc98c,"Le Rouge, Georges-Louis",fst01443838,,1745,,1745-1745,Belgium--Wallonia--Tournai|Belgium,"3.351,50.585,3.429,50.625",,2019-01-16,bbox-verified_2023-02-27|2022-creator-sprint|FixedBBoxes|bboxSprintJune2023|sprint-2021-05
ee400c0f-d4a2-4f93-946a-e596a9ddbfdf,"[Deschamps de Boishébert, Henri Louis, 1679-1736].",null,,1731,,1731-1731,Michigan--Detroit|Michigan,"-83.12,42.27,-83.07,42.32",,2019-01-16,2022-creator-sprint|sprint-2021-05
9e7b0e69-4140-471d-b714-6da9bef08cff,"Fer, Nicolas de, 1646-1720|Inselin, C.",fst00101496|null,,1705,,1705-1705,England--London|England,"-0.14,51.49,-0.04,51.53",http://sws.geonames.org/2643743,2019-01-16,2022-creator-sprint|sprint-2021-05
b61be2d6-0484-4321-8398-0b49ef53f2c1,"Bourgoin, le jeune.|Lagrive, Jean de, 1689-1757",null|null,,1754,,1754-1754,France--Ãle-de-France--Ile de la Cite|France,"2.339,48.851,2.353,48.858",,2019-01-16,bbox-verified_2023-02-27|2022-creator-sprint|FixedBBoxes|bboxSprintJune2023|sprint-2021-05
ec3e347f-2d21-4bbe-9e54-99856a724111,"Lagrive, Jean de, 1689-1757",,,1757,,1757-1757,France-- Île-de-France--Quartier latin,"2.338,48.843,2.354,48.854",,2019-01-16,bbox-verified_2023-02-27|2022-creator-sprint|sprint-2021-05
c9ff09a2-a67e-4361-a288-8f907f9c46cd,"Sartine, Antoine de, comte d'Alby, 1729-1801",fst00061555,,,1779,1779-1779,Saint John Harbour,"-68.33,43.25,-59.28,51.23",http://sws.geonames.org/6138522,2021-04-16,2022-creator-sprint|sprint-2021-05
fa2253a4-67ce-4662-8034-5c0a739bf256,"Mitchell, S. Augustus (Samuel Augustus), 1792-1868",fst00012500,,1874,1874,1874-1874,Michigan--Detroit|Michigan,"-83.1,42.31,-83.01,42.38",,2019-01-16,sprint-mar2020|2022-creator-sprint|sprint-2021-05
198130f5-5644-424e-a318-b1b972748f5e,"Woodward, Augustus B. (Augustus Brevoort), 1774-1827",fst01858766,,1807,,1807-1807,Michigan--Detroit|Michigan,"-83.06,42.33,-83.04,42.34",,2019-01-16,2022-creator-sprint|sprint-2021-05
589b41a8-ffbf-4a82-b201-057d4013c6d0,"Mitchell, S. Augustus (Samuel Augustus), 1792-1868",fst00012500,,between 1870 and 1880,1881,1875-1875,Michigan--Detroit|Michigan,"-83.1,42.31,-83.01,42.38",,2019-01-16,2022-creator-sprint|sprint-2021-05
8dea53f3-dd38-476d-b701-c0f919c0be0a,Historic Urban Plans (Firm) http://id.loc.gov/authorities/names/n81127555 http://viaf.org/viaf/132445125,,Cadastral maps,1860,1860,1860-1860,Michigan--Detroit|Michigan,"-83.288,42.255,-82.910,42.450",,2021-04-16,sprint-2021-05|2022-creator-sprint|202212bbox|sprint-2021-05
bd36e680-ce09-4b8a-987d-5fa484074d56,"Bowen & Co.|Mullett, John, 1786-1862",fst01984789|fst00442360,,1860,,1860-1860,Michigan--Detroit|Michigan,"-83.05,42.33,-83.04,42.34",,2019-01-16,2022-creator-sprint|sprint-2021-05
3c8050c9-397c-49bb-be4d-4472ddceb07e,"Historic Urban Plans (Firm)|Woodward, Augustus B. (Augustus Brevoort), 1774-1827",fst00562031|fst01858766,,1860,,1860-1860,Michigan--Detroit|Michigan,"-83.067,42.323,-83.028,42.342",,2019-01-16,bbox-verified_2023-02-27|2022-creator-sprint|FixedBBoxes|bboxSprintJune2023|sprint-2021-05
a8056fd5-9125-4844-a5d0-eca538d17e9a,,,,,1907,1907-1907,Canada-- Ontario--Garden River Indian Reserve 14|Canada--Ontario|Canada,"-84.24,46.47,-83.92,46.65",http://sws.geonames.org/5959530,2021-04-16,sprint-2021-05
cbe45e1f-d11d-4352-ac09-da2997f8244b,"L'Enfant, Pierre Charles, 1754-1825|U.S. Coast and Geodetic Survey",fst00061808|fst00533999,,1887,,1887-1887,Washington (D.C.),"-77.035,38.855,-76.955,38.900",,2019-01-16,bbox-verified_2023-02-27|2022-creator-sprint|FixedBBoxes|bboxSprintJune2023|sprint-2021-05
9ec5f071-2ec3-4671-85ac-21c76b37912c,"Geil, John F., cartographer|Geil, Samuel, publisher",null|null,Cadastral maps,1864,1864,1864-1864,Michigan--Ann Arbor|Michigan,"-83.76,42.27,-83.72,42.3",,2019-01-16,sprint-mar2020|2022-creator-sprint|sprint-2021-05
5ad11c79-0371-4ce8-9fea-b54256aa4a6a,"Cromack, Irwin C., delineator.",null,,,1894,1894-1894,Massachusetts--Boston|Massachusetts,"-71.19,42.26,-70.99,42.4",http://sws.geonames.org/4930956,2021-04-16,2022-creator-sprint|sprint-2021-05
226d1876-1fbc-43ea-8097-ff9a248f47dd,"Mitchell, S. Augustus (Samuel Augustus), 1792-1868",fst00012500,,1884,,1884-1884,Michigan--Detroit|Michigan,"-83.1,42.31,-83.01,42.38",,2019-01-16,2022-creator-sprint|sprint-2021-05
a1f3eb3d-fe86-4993-bda2-01bc16358691,"Mitchell, S. Augustus (Samuel Augustus), 1792-1868, cartographer.",null,Cadastral maps,1884,1884,1884-1884,Michigan--Detroit|Michigan,"-83.1,42.32,-83.01,42.38",,2019-01-16,sprint-mar2020|2022-creator-sprint|sprint-2021-05
8aa0983e-20c2-498e-826b-561e05875b2d,"Hayward, George, approximately 1800-|Poppleton, Thomas H.",fst01823405|null,,1852,,1852-1852,New York--New York|New York--New York State,"-74.02,40.7,-73.97,40.75",,2019-01-16,2022-creator-sprint|sprint-2021-05
374c87c2-46a6-459f-b698-6d5238fd17dc,"Historic Memorials Society (Detroit, Mich.)",,Cadastral maps,1760,1974,1974-1974,Michigan--Detroit|Michigan,"-83.288,42.255,-82.910,42.450",http://sws.geonames.org/4990729,2021-04-16,sprint-2021-05|2022-creator-sprint|202212bbox|sprint-2021-05
b4a8adff-f894-4f1e-89bc-0d89cef6dd1d,"Martin, Amédée.",null,,1818,,1818-1818,France-- Île-de-France--Paris|France,"2.29,48.84,2.39,48.88",,2019-01-16,2022-creator-sprint|sprint-2021-05
065fe168-662c-4305-906f-d0bd0521a039,"Burton, Clarence Monroe, 1853-1932, original owner.|Collot, Georges-Henri-Victor, 1750-1805, patron.|Heinze, M. A, draftsman.|Leeseman, F., draftsman.",null|null|null|null,Cadastral maps|Topographic maps,1798,1798,1796-1798,Canada-- Ontario--Fort Erie|Canada--Ontario|Canada,"-79.123,42.832,-78.906,42.984",http://sws.geonames.org/5955815,2021-04-16,sprint-2021-05|2022-creator-sprint|202212bbox|sprint-2021-05
ab539fd7-1f13-42d5-8576-b7edced10ea9,[creator not identified],null,Early maps,approximately 1890,n.d.,1890-1890,Germany-- Saxony--Dresden|Germany,"13.7,51.03,13.78,51.08",,2019-01-16,2022-creator-sprint|sprint-2021-05
7a65c80e-f194-4548-9fc7-fd9118e5147e,"Hottenroth, Alfred.",null,,1878,,1878-1878,Germany-- Saxony--Dresden|Germany,"13.68,51.02,13.78,51.09",,2019-01-16,2022-creator-sprint|sprint-2021-05
730a987c-5a4d-4d9b-adc7-f49d71ad7da6,Zeeland Steamship Co.,null,,1880?,,1880-1880,England--London|England,"-0.22,51.45,-0.05,51.54",http://sws.geonames.org/2643743,2019-01-16,2022-creator-sprint|sprint-2021-05
1cf8d570-e5c9-4270-9b20-e8421e354a58,"Zürner, Adam Friedrich, 1679-1742",,World maps,1710,,1710-1710,World,"-179.99,-89.99,179.99,89.99",,2019-01-16,2022-creator-sprint|202212bbox|-180TO180|sprint-2021-05
402c8c5b-fde9-4cb0-ab73-e83c17ae0f49,"Imprimerie Lemercier et cie|Levasseur, V. (Victor)",fst01574597|fst01899917,World maps,1852,,1852-1852,World,"-179.99,-89.99,179.99,89.99",,2019-01-16,2022-creator-sprint|-180TO180|sprint-2021-05
3dc51a40-41dd-4631-9863-fd619fe3731b,"Westcott, G. C. (George C.),Brady, Hugh, d. 1851.",,,1847,,1847-1847,Michigan--Sault Sainte Marie|Michigan,"-84.360,46.495,-84.340,46.504",,2019-01-16,bbox-verified_2023-02-27|2022-creator-sprint|FixedBBoxes|bboxSprintJune2023|sprint-2021-05
957d52b2-5cba-4596-8603-b62e8c77a98e,O. C. Simonds & Co.,null,,1906,,1906-1906,Michigan--University of Michigan Nichols Arboretum|Michigan,"-83.73,42.28,-83.72,42.29",,2019-01-16,2022-creator-sprint|sprint-2021-05
13bb56f3-bde9-4ae6-89ac-dab412119bc4,"Baldwin, Jonah|Durocher, Laureat|Farmer, John, 1798-1859|McClosky, James|United States. War Department. Engineer Bureau.",null|null|fst00448810|null|fst01853271,Road maps,1825,,1825-1825,United States of America,"-87.750,41.500,-83.000,42.400",,2019-01-16,2022-creator-sprint|sprint-2021-05
42d99fd7-de51-4047-807b-7536b8df5ebd,,,Cadastral maps,1825,1825,1825-1825,Michigan--Ypsilanti|Michigan,"-83.652,42.224,-83.596,42.261",http://sws.geonames.org/5015688,2021-04-16,sprint-2021-05|202212bbox|sprint-2021-05
8e14c82a-5f93-4573-8a3e-e154f2cb7f32,"Doornick, Marcus Willemsz.",null,,approximately 1666,,1666-1666,England--London|England,"-0.15,51.49,-0.05,51.53",http://sws.geonames.org/2643743,2019-01-16,2022-creator-sprint|sprint-2021-05
569e0db6-484c-4dee-bc0c-2bff4abe9c49,,,Cadastral maps,approximately 1865,n.d.,1860-1870,Michigan--Ypsilanti|Michigan,"-83.652,42.224,-83.596,42.261",http://sws.geonames.org/5015688,2021-04-16,sprint-2021-05|202212bbox|sprint-2021-05
5cdc4e30-19e7-4dce-b1a8-3d3b9905adcc,"Farmer, Arthur John, 1876-|Silas Farmer & Co.",null|null,,1907,1907,1907-1907,Michigan--Detroit|Michigan,"-83.288,42.255,-82.910,42.450",,2019-01-16,sprint-2021-05|2022-creator-sprint|202212bbox|sprint-2021-05
e8d50a40-7756-4b55-9abf-65fa05d9c809,"Hondius, Jodocus, 1594 or 1595-1629|Vignaud, Henry, 1830-1922",null|fst00243880,,between 1630 and 1639,,1630-1639,France,"-2.56,45.73,0.93,47.4",,2019-01-16,2022-creator-sprint|sprint-2021-05
0105a6f6-a3cc-425f-9f64-667bc4def638,Edinburgh Geographical Institute.,,World maps,1894,,1894-1894,World,"-179.99,-89.99,179.99,89.99",,2019-01-16,2022-creator-sprint|-180TO180|sprint-2021-05
eacef6c9-3b5a-41e0-83ee-098d84947ad9,"Cahill, B. J. S. (Bernard J. S.), 1867-",,Thematic maps,approximately 1913,n.d.,1913-1913,California--Port of San Francisco|California,"-123.174,37.640,-122.281,37.930",http://sws.geonames.org/6947907,2021-04-16,sprint-2021-05|2022-creator-sprint|202212bbox|sprint-2021-05
5f567a79-c9aa-4e13-a64b-ded6c617181e,"Blaeu, Joan, 1596-1673|Blaeu, Willem Janszoon, 1571-1638|Seco, Fernando Alvares",fst00055883|fst00050858|null,,1645,,1645-1645,Portugal,"-10.000,37.000,-6.000,42.000",,2019-01-16,2022-creator-sprint|sprint-2021-05
af8a5d84-f265-490e-b4e7-4bd8cf7dc18d,"Jansson, Jan, 1588-1664. Appendix Atlas|Vignaud, Henry, 1830-1922, former owner.",null|null,,between 1630 and 1639,1636?.,1630-1639,Portugal,"-31.56,29.83,-6.19,42.15",http://sws.geonames.org/2264397,2021-04-16,sprint-2021-05|2022-creator-sprint|202212bbox|sprint-2021-05
8588e9f1-a6a2-46d5-b960-8486fe40dc96,United States. Post Office Department http://id.loc.gov/authorities/names/n80013583 http://viaf.org/viaf/155868670,,"Thematic maps
",1866,1866,1866-1866,New England,"-72.542,41.152,-69.795,45.289",http://sws.geonames.org/8502102,2021-04-16,sprint-2021-05|2022-creator-sprint|202212bbox|sprint-2021-05
3ff12731-32fd-41c5-9b30-a18f58202283,"McClelland, D.|Nicholson, W. L.|Poole, C. H.|United States. Post Office Department",fst01480369|fst02013658|null|fst01853239,,1871,,1871-1871,United States of America,"-93.000,41.000,-82.000,47.000",,2019-01-16,2022-creator-sprint|sprint-2021-05
64b4e587-91e4-4b62-acc6-11e34b001674,"Woodard, C. S. (Charles Sherman)",,,1875,,1875-1875,Michigan--Ypsilanti|Michigan,"-83.62,42.23,-83.619,42.231",,2019-01-16,bbox-verified_2023-02-27|2022-creator-sprint|BBoxVerified|bboxSprintJune2023|sprint-2021-05
f62532c1-a7c3-430d-bbc5-c9b4d01ef41e,"Beghein, I. L.|Dougal, William H., 1822-1895|Forster, John Harris, 1822-1894|Hearding, W. H. (William Hellins)|Macomb, J. N. (John N.), 1810 or 1811-1889|U.S. Lake Survey, issuing body|United States. Topographical Bureau.",null|fst01511971|fst00268650|null|fst01832095|null|fst00534194,Nautical charts,1893,1893,1856-1893,Michigan--Saginaw River|Michigan,"-83.97,43.57,-83.83,43.67",,2019-01-16,sprint-mar2020|2022-creator-sprint|sprint-2021-05
9ee14b58-d891-4844-a5fa-913383ac5cd2,"McGee, W J, 1853-1912|New York State Geological Survey",fst00143468|fst00543233,Geological maps,1894,,1894-1894,New York--New York State,"-79.500,40.500,-72.000,45.000",,2019-01-16,2022-creator-sprint|sprint-2021-05
94fcef12-5540-437b-a61a-4ddffc2e2104,"Kentucky Geological Survey|Meisel, A. (Augustus)|Shaler, Nathaniel Southgate, 1841-1906|Trouvelot, L.",fst00532751|null|fst00168366|null,,1877,,1877-1877,Kentucky,"-12.500,36.330,-5.000,39.170",,2019-01-16,2022-creator-sprint|sprint-2021-05
ffaa46f1-4a59-4f28-bba8-f320864652a6,"Mullett, John, 1786-1862",fst00442360,,1847,,1847-1847,Michigan--Straits of Mackinac|Michigan,"-84.81,45.77,-84.57,45.89",,2019-01-16,2022-creator-sprint|sprint-2021-05
42d5eb57-6b76-48d2-a50d-35f03103df2a,Chicago Sanitary District. Engineering Dept.,,Geological cross-sections,Approximately 1895,1896,1895-1896,Great Lakes,"-92.256,41.438,-76.073,49.084",,,sprint-2021-05|2022-creator-sprint|202212bbox|sprint-2021-05
66e50797-702e-42c3-86a5-d506ce522fda,[creator not identified],,Manuscript maps,Approximately 1837,n.d.,1837-1837,,"-99.861,33.309,-99.852,33.319",,2019-01-16,bbox-verified_2023-02-27|sprint-2021-05|2022-creator-sprint|sprint-2021-05
e9b44ef2-5e6d-4a93-bf1a-fe09d67625f1,,,,,1943,1943-1943,Ann Arbor-- Michigan--University of Michigan|Michigan--Ann Arbor|Michigan,"-83.74,42.27,-83.73,42.29",,2021-04-16,sprint-2021-05
1b3dce64-4428-4f1a-a7b4-7dff87bce803,"Homann, Johann Baptist, 1663-1724",fst00009318,Aerial views,between 1710 and 1730,,1710-1710,Poland-- Pomeranian Voivodeship--Gdansk|Poland,"18.62,54.09,19.09,54.43",,2019-01-16,2022-creator-sprint|sprint-2021-05
826decfc-d44e-4153-b7fd-4cce21728d76,"Jansson, Jan, 1588-1664|Jansson, Jan, 1588-1664. Appendix Atlas|Vignaud, Henry, 1830-1922, former owner.",fst00012480|null|null,,approximately 1636,,1636-1636,Connaught-- Ireland--Connacht,"-10.3,52.52,-7.95,54.4",,2019-01-16,2022-creator-sprint|sprint-2021-05
2d4c8faf-950a-4814-a3d5-550999826e32,"Jansson, Jan, 1588-1664. Appendix Atlas|Vignaud, Henry, 1830-1922, former owner.",null|null,,approximately 1636,,1636-1636,England-- United Kingdom--Yorkshire,"-2.32,53.35,0.28,54.67",,2019-01-16,2022-creator-sprint|sprint-2021-05
dcd54660-aec4-4b34-9804-186f51c07912,"Jansson, Jan, 1588-1664|Jansson, Jan, 1588-1664. Appendix Atlas|Vignaud, Henry, 1830-1922, former owner.",fst00012480|null|null,,approximately 1636,,1636-1636,France-- Provence-Alpes-Côte d'Azur--Provence|France,"4.32,42.87,7.3,44.58",,2019-01-16,2022-creator-sprint|sprint-2021-05
5523aec5-bae0-4b1d-ad0c-39657be24fda,"Hondius, Hendrik, 1597-1651|Hondius, Jodocus, 1594 or 1595-1629|Hondius, Jodocus, 1594 or 1595-1629, cartographer|Vignaud, Henry, 1830-1922",fst00101029|null|null|fst00243880,,between 1630 and 1639,,1630-1639,France-- Provence-Alpes-Côte d'Azur--Provence-Alpes-Cote d'Azur|France,"4.32,42.93,7.36,44.57",,2019-01-16,2022-creator-sprint|sprint-2021-05
68087b87-4b97-4d35-b8a9-6475fe9f347c,"Jansson, Jan, 1588-1664|Jansson, Jan, 1588-1664. Appendix Atlas|Vignaud, Henry, 1830-1922, former owner.",fst00012480|null|null,,approximately 1636,,1636-1636,Ireland--Munster,"-10.62,51.42,-6.93,53.08",,2019-01-16,2022-creator-sprint|sprint-2021-05
e3b18484-3617-406b-8fdc-6dc48c631dc5,"Jansson, Jan, 1588-1664|Jansson, Jan, 1588-1664. Appendix Atlas|Vignaud, Henry, 1830-1922, former owner.",fst00012480|null|null,,approximately 1636,,1636-1636,England-- United Kingdom--Oxfordshire,"-1.73,51.45,-0.7,52.19",,2019-01-16,2022-creator-sprint|sprint-2021-05
a956f53b-9626-46fc-ac33-2f649ebc304c,"Jansson, Jan, 1588-1664. Appendix Atlas|Vignaud, Henry, 1830-1922, former owner.",null|null,,between 1630 and 1639,1636?.,1630-1639,Ireland--Ulster|Ireland,"-8.83,53.77,-6.55,55.44",http://sws.geonames.org/7521316,2021-04-16,sprint-2021-05|2022-creator-sprint|202212bbox|sprint-2021-05
872fe1e6-9adf-421a-a6b2-c2b63cfc4b1a,"Jansson, Jan, 1588-1664. Appendix Atlas|Vignaud, Henry, 1830-1922, former owner.",null|null,,approximately 1636,,1636-1636,England-- United Kingdom--Kent|United Kingdom,"-0.14,50.9,1.48,51.56",,2019-01-16,2022-creator-sprint|sprint-2021-05
b820bc56-d28e-4515-82f0-3882f1d60002,"Owen, David Dale, 1807-1860",fst00188725,Geological maps,1848,,1848-1848,Wisconsin,"-93.830,42.670,-89.000,47.170",,2019-01-16,2022-creator-sprint|sprint-2021-05
f09730a0-3ffd-4c4b-a88d-412b2265d270,"Hamersveldt, Everard Symonsz, 1591-1653, engraver|Henneberger, Kaspar|Jansson, Jan, 1588-1664|Jansson, Jan, 1588-1664. Appendix Atlas of the British Isles|Rogiers, Salomon, engraver|Vignaud, Henry, 1830-1922, former owner.",null|null|fst00012480|null|null|null,,between 1630 and 1639,,1630-1639,Poland--East Prussia,"18.08,53.57,24.07,55.73",,2019-01-16,2022-creator-sprint|sprint-2021-05
d6422793-ff31-4ca4-a42b-720657e0e8c1,"Jansson, Jan, 1588-1664. Appendix Atlas|Vignaud, Henry, 1830-1922, former owner.",null|null,,between 1630 and 1639,1636?,1630-1639,France--Occitania--Quercy|France--Occitania|France,"1.232,44.372,1.631,44.556",http://sws.geonames.org/2984805,2021-04-16,bbox-verified_2023-02-27|sprint-2021-05|2022-creator-sprint|202212bbox|BBoxButFlagged|bboxSprintJune2023|sprint-2021-05
1ed4ce33-8526-44e2-b575-89641350b6ac,"Vignaud, Henry, 1830-1922",fst00243880,,between 1630 and 1639,,1630-1639,France-- Occitania--Quercy|France,"1.09,43.96,1.85,45.19",,2019-01-16,2022-creator-sprint|sprint-2021-05
6024b29d-e343-431e-bed1-7dedc3d57320,,,,,1849,1849-1849,New England,"-74.1,40.48,-69.65,44.57",http://sws.geonames.org/8502102,2021-04-16,sprint-2021-05
1ed14054-2e80-4b6f-9c7d-b438bcc4066c,"Cram, George Franklin, 1841-1928|Michigan Railroad Commission|Western Map Depot.",fst00006718|fst00583343|null,,1878,,1878-1878,Michigan,"-90.42,41.55,-82.4,47.5",,2019-01-16,2022-creator-sprint|sprint-2021-05
819e3e11-f527-4b5b-b508-cffc6511ed3f,"Michigan Railroad Commission|Stebbins, Henry S.",fst00583343|fst02013901,,1884,,1884-1884,Michigan,"-90.42,41.5,-82.33,47.5",,2019-01-16,2022-creator-sprint|sprint-2021-05
40e254a2-aa4b-4ca8-9ca1-e7bcd30ab740,"Michigan Railroad Commission|Stebbins, Henry S.",fst00583343|fst02013901,,1882,,1882-1882,Michigan,"-90.42,41.55,-82.4,47.5",,2019-01-16,2022-creator-sprint|sprint-2021-05
b7a0a09c-0c2c-43ec-8b13-c321b4d9b529,G.W. & C.B. Colton & Co.|Michigan. Department of Commissioner of Railroads|O.W. Gray & Son,fst02053483|null|fst00558135,,1876,,1876-1876,Michigan,"-90.42,41.5,-82.33,47.5",,2019-01-16,2022-creator-sprint|sprint-2021-05
2d2c1d54-6145-48c4-955c-180e3f7709a4,"Conover, Allan D.|Milwaukee Lith. & Engr. Co.",null|null,,1888?,,1888-1888,Wisconsin,"-93.000,42.000,-87.000,47.000",,2019-01-16,2022-creator-sprint|sprint-2021-05
ca38e709-1593-4372-abf4-cd57da3616e4,National Railway Publication Company,fst01638324,,1901,,1901-1901,United States of America,"-106.000,30.000,-70.000,47.000",,2019-01-16,2022-creator-sprint|sprint-2021-05
917bd79a-0dbe-4cc9-8d10-704c9c37a846,[creator not identified],null,,1897,,1897-1897,Illinois--Chicago|Illinois,"-87.83,41.62,-87.42,42.02",,2019-01-16,2022-creator-sprint|sprint-2021-05
a486e64e-122b-4c6a-8e97-693a02ed5291,Geographical and Geological Survey of the Rocky Mountain Region (U.S.). Report on the lands of the arid regions of the United States.,,,,1879,1879-1879,United States,"-125.000,25.000,-65.000,49.000",http://sws.geonames.org/6252001,2021-04-16,2022-creator-sprint|sprint-2021-05
fa57ec1c-41a8-4de6-80d5-9a3bb6d69111,"Takehara, Yoshibē.",null,,Genji 1 1864,,1864-1864,Japan-- Kyoto--Kyoto|Japan,"135.71,34.95,135.79,35.05",,2019-01-16,2022-creator-sprint|sprint-2021-05
6c773239-9bbf-4b6a-b3b2-d2018197ba66,"Dahl, James, former owner|Rand McNally and Company",null|fst00539874,,approximately 1888,1888,1888-1888,Arizona,"-114.9,31.2,-108.9,37.17",,2019-01-16,2022-creator-sprint|sprint-2021-05
9642ab73-d1c7-45eb-b495-afac9c975d7d,,,,,1911,1911-1911,New York--New York City|New York,"-74.05,40.68,-73.89,40.88",http://sws.geonames.org/5128581,2021-04-16,sprint-2021-05
92f65443-0cdc-45cf-8419-68109344ce2b,,,Thematic maps,1893,1893,1893-1893,Illinois--Chicago|Illinois,"-87.940,41.645,-87.524,42.023",http://sws.geonames.org/4887398,2021-04-16,sprint-2021-05|202212bbox|sprint-2021-05
46bb34fb-5506-44bd-a3f6-d1535610d78a,,,Thematic maps,1908,1908,1908-1908,New York--New York City|New York,"-74.259,40.477,-73.700,40.918",http://sws.geonames.org/5128581,2021-04-16,sprint-2021-05|202212bbox|sprint-2021-05
00d7004f-8664-4e4a-a86f-8f8a05273bfc,"Allard, Carel, 1648-approximately 1709|Gouwen, Gilliam van der.|Tideman, Philip",fst02013614|null|null,,1696?,,1696-1696,Americas,"5.620,-50.030,165.000,73.600",,2019-01-16,2022-creator-sprint|sprint-2021-05
64bf0950-2ee7-4bee-967d-6a65b421ba42,"Bien, Julius, 1826-1909|Geological Survey (U.S.)",fst00014264|fst00547115,Geological maps,approximately 1893,n.d.,1893-1893,United States,"-124.98,22.61,-67.18,49.31",http://sws.geonames.org/6252001,2021-04-16,sprint-2021-05|2022-creator-sprint|202212bbox|sprint-2021-05
b1a44818-589f-4f51-bd84-9411bce654a6,"Bien, Julius, 1826-1909|Bowman, George W|Dahl, James, former owner|Reid, John (Publisher)|United States Pacific Railroad Expeditions and Surveys",fst00014264|null|null|fst02013889|fst02049009,,1861,,1861-1861,North America,"-126.02,22.12,-84.17,49.1",,2019-01-16,2022-creator-sprint|sprint-2021-05
89427170-a235-4125-972b-dc0f90af3e38,"Chillas, David|Gunnison, J. W. (John Williams), 1812-1853|Hearding, W. N.",fst01475390|fst00267065|null,,,1854,1854-1854,South Channel Saint Clair River,"-82.71,42.48,-82.58,42.61",http://sws.geonames.org/5010474,2021-04-16,2022-creator-sprint|sprint-2021-05
b9d9abd1-5f7b-46cb-bc23-62c942b2a861,Matthews-Northrup Company,fst00511019,Thematic maps,1897,1897,1897-1897,Arctic Regions,"-179.99,45.08,179.99,89.99",http://sws.geonames.org/10941926,2021-04-16,sprint-2021-05|2022-creator-sprint|202212bbox|-180TO180|sprint-2021-05
0d58c903-d325-42af-bf32-f5687e0c1e3c,"Blaeu, Cornelis, 1610-1649|Blaeu, Joan, 1596-1673|Blaeu, Willem Janszoon, 1571-1638",fst02013986|fst00055883|fst00050858,,1640,,1640-1640,Arctic Regions,"-179.99,45.87,179.99,89.99",,2019-01-16,2022-creator-sprint|-180TO180|sprint-2021-05
8eb55c73-1697-4fb1-8e81-ebf36f243429,"Reynolds, James, active 1845-1864.",null,,1885,,1885-1885,England--London|England,"-0.25,51.45,0.01,51.56",http://sws.geonames.org/2643743,2019-01-16,2022-creator-sprint|sprint-2021-05
370a2e27-9cf8-4bec-b6c2-460e805b3087,"Courtenay, F. letterer|Dahl, James, former owner|Egloffstein, F. W., 1824-1885, topographer|Floyd, John B. (John Buchanan), 1806-1863, orderer|Humphreys, A. A. (Andrew Atkinson), 1810-1883, director|Ives, J. C., explorer|Sartain, Samuel, 1830-1906, ruler|United States. Office of Explorations and Surveys, director.",null|null|null|null|null|null|null|null,,1858,,1858-1858,Texas--Colorado River|Texas,"-115.55,34.5,-108.45,37.25",,2019-01-16,2022-creator-sprint|sprint-2021-05
d5dc6086-f6c6-4a94-a53a-8bf014b8f5d5,"Coronelli, Vincenzo, 1650-1718|Nolin, Jean Baptiste, 1648-1708",fst00012407|null,,1687,,1687-1687,Southeast Asia,"92.000,-7.000,112.000,17.000",,2019-01-16,2022-creator-sprint|sprint-2021-05
40756cc5-11cf-4579-a736-ae6d92afa932,"Hondius, Jodocus, 1594 or 1595-1629, cartographer|Jansson, Jan, 1588-1664|Jansson, Jan, 1588-1664. Atlantis Maioris Appendix, 1630|Vignaud, Henry, 1830-1922, former owner.",null|fst00012480|null|null,,1630,,1630-1630,Auvergne-Rhône-Alpes-- France--Savoie|France,"5.66,45.02,7.54,46.46",,2019-01-16,2022-creator-sprint|sprint-2021-05
7b425b2d-b627-48f6-8612-11ecb394c274,"Jansson, Jan, 1588-1664|Jansson, Jan, 1588-1664. Appendix Atlas|Vignaud, Henry, 1830-1922, former owner.",fst00012480|null|null,,approximately 1636,,1636-1636,Auvergne-Rhône-Alpes-- France--Savoie|France,"5.63,45.06,7.42,46.48",,2019-01-16,2022-creator-sprint|sprint-2021-05
facb37fc-90ca-43d0-b39f-417ce88a9920,"06 Fukuzumi, Gohē. http://id.loc.gov/authorities/names/n81006427|06 福住五兵衞.",null|null,Pictorial maps,between 1828 and 1859,n.d.,1828-1859,Japan,"139.066,35.474,139.458,35.673",http://sws.geonames.org/1860291,2021-04-16,bbox-verified_2023-02-27|sprint-2021-05|2022-creator-sprint|sprint-2021-05
86c8fdb9-a361-4781-83b7-107d3c9151cb,,,Thematic maps,1985,1985,1985-1985,Arizona--Salt River Reservation|Arizona,"-112.324,33.290,-111.926,33.918",http://sws.geonames.org/5312740,2021-04-16,sprint-2021-05|202212bbox|sprint-2021-05
56c239d0-2b79-473d-9316-29d7dd519e3e,"Kashihara, Yoshinaga",null,,Meiji 10 1877,,1877-1877,Japan-- Kagoshima--Satsuma Gun|Japan,"129.63,30.97,130.83,32.3",,2019-01-16,2022-creator-sprint|sprint-2021-05
551553c5-d7fc-46fd-b2ba-ea037be2bb7d,American Loan & Trust Company,fst02013615,,,1919,1919-1919,Michigan--Detroit|Michigan,"-83.33,42.22,-82.85,42.51",http://sws.geonames.org/4990729,2021-04-16,2022-creator-sprint|sprint-2021-05
59ceebfb-8832-4f1b-9497-2ed99061a0c3,"Sauer, Wm. C.",,,1919,1919,1919-1919,Michigan--Detroit|Michigan,"-83.288,42.255,-82.910,42.450",,,sprint-2021-05|2022-creator-sprint|202212bbox|sprint-2021-05
40226a52-b62f-419a-a035-b6b10f0d9a10,"Sauer, Wm. C.",,,1919,1919,1919-1919,Michigan--Detroit|Michigan,"-83.288,42.255,-82.910,42.450",,,sprint-2021-05|2022-creator-sprint|202212bbox|sprint-2021-05
6a901840-fd41-40fe-91d6-3b428363dc69,"Hondius, Hendrik, 1597-1651. Appendix Atlas of the British Isles and Northern Europe|Jansson, Jan, 1588-1664|Jansson, Jan, 1588-1664. Appendix Atlas of the British Isles and Northern Europe|Vignaud, Henry, 1830-1922, former owner.",null|fst00012480|null|null,,between 1630 and 1639,,1630-1639,United Kingdom--Scotland,"-8.000,54.780,-0.720,60.850",,2019-01-16,2022-creator-sprint|sprint-2021-05
4f3ee09f-fda4-43ba-81fa-4de9a92ce0bf,"Hondius, Hendrik, 1597-1651. Appendix Atlas of the British Isles and Northern Europe|Jansson, Jan, 1588-1664. Appendix Atlas of the British Isles and Northern Europe|Vignaud, Henry, 1830-1922, former owner.",null|null|null,,between 1630 and 1639,,1630-1639,United Kingdom--Scotland,"-8.43,56.77,-1.35,59.13",,2019-01-16,2022-creator-sprint|sprint-2021-05
1c1e5a0c-0181-46bb-a6bd-f52fac55ca6a,,,Military maps|Topographic maps,1862,1862,1862-1862,United States,"-81.144,37.488,-76.969,39.956",http://sws.geonames.org/6252001,2021-04-16,sprint-2021-05|202212bbox|sprint-2021-05
485d180f-4598-4e15-ad0a-69b036118ad1,Geological Survey (U.S.)|United States. National Park Service,fst00547115|fst00530450,,2003,,2003-2003,California--Sequoia National Park|California,"-119.08,36.25,-118.17,37.25",,2019-01-16,2022-creator-sprint|sprint-2021-05
71d4012f-5615-4f70-9257-9357316bfdaf,"Hashimoto, Chōgetsu.",null,,Meiji 12 1879,,1879-1879,Japan-- Ōsaka--Osaka|Japan,"135.31,34.59,135.55,34.78",,2019-01-16,2022-creator-sprint|sprint-2021-05
e38905ff-cc78-4c78-a9e7-3f2c8a90fb2c,"Graham, J. D. (James Duncan), 1799-1865|O'Donoghue, John, 1946-|United States. Army. Corps of Topographical Engineers",fst00245874|null|fst00531525,,1856,1857,1856-1856,Wisconsin--Sheboygan Bay|Wisconsin,"-87.761,43.725,-87.685,43.780",,2019-01-16,bbox-verified_2023-02-27|sprint-mar2020|2022-creator-sprint|bboxSprintJune2023|sprint-2021-05
17f28ea2-e766-4fa3-acbb-254694d90e3a,,,,,Meiji 24 1891,1891-1891,Japan,"139.71,35.56,139.87,35.72",http://sws.geonames.org/1850147,2021-04-16,sprint-2021-05
82dbde92-216c-42c9-a034-86ac614fb398,Japan. Rikugun. Sanbō Honbu,fst00553179,,between 1890 and 1899,1890,1890-1899,China--People's Republic of China,"116.3,29.98,123.12,35.18",,2019-01-16,sprint-mar2020|2022-creator-sprint|sprint-2021-05
71ebd0a1-461d-40af-8a12-649413a57eb2,"Harimaya, Kyūbē|Kikuya, Shichirobē",fst02013780|null,,Tenmei 7 1787,,1787-1787,Japan-- Ōsaka--Osaka|Japan,"135.46,34.65,135.54,34.7",,2019-01-16,2022-creator-sprint|sprint-2021-05
8c8c9e23-709e-4e7b-ae9b-8e79d4c18db7,"Monji, Tominosuke.",null,,Meiji 12 1879,,1879-1879,Japan-- Kyoto--Kyoto|Japan,"135.71,34.95,135.8,35.06",,2019-01-16,2022-creator-sprint|sprint-2021-05
364d2c13-4e36-48fe-8c8e-54cc8199cc27,"Nagamatsu, Sakunosuke.",,,Meiji 22 1889,,1889-1889,Japan-- Tokyo--Tokyo|Japan,"139.620,35.500,140.000,35.620",,2019-01-16,2022-creator-sprint|sprint-2021-05
953e6161-08b0-4337-9a00-f361bdaf4c6e,"Inoguchi, Matsunosuke.",null,,Meiji 26 1893,,1893-1893,Japan-- Tokyo--Tokyo|Japan,"139.7,35.6,139.87,35.78",,2019-01-16,2022-creator-sprint|sprint-2021-05
d6c8525c-a0be-4925-8760-7e8db16e8763,"Sagano, Hikotarō.",null,,Meiji 34 1901,,1901-1901,Japan-- Tokyo--Tokyo|Japan,"139.67,35.5,139.83,35.83",,2019-01-16,2022-creator-sprint|sprint-2021-05
9e0111b9-b6d8-4c31-a846-6c81aae201bd,,,,,Meiji 25 1892,1892-1892,Japan,"129.4,31.04,148.41,45.61",http://sws.geonames.org/1855608,2021-04-16,bbox-verified_2023-02-27|BBoxButFlagged|bboxSprintJune2023|sprint-2021-05
e54379c0-66da-4bb5-b166-161c4706659a,,,,,Meiji 27 1894,1894-1894,Japan,"129.4,31.04,148.41,45.61",http://sws.geonames.org/1853313,2021-04-16,bbox-verified_2023-02-27|BBoxButFlagged|bboxSprintJune2023|sprint-2021-05
d38ae31f-b400-4fa4-aea8-3a95135244e2,"Jansson, Jan, 1588-1664|Jansson, Jan, 1588-1664. Atlantis Maioris Appendix, 1630|Vignaud, Henry, 1830-1922, former owner.",fst00012480|null|null,,1630,,1630-1630,Poland--Lower Silesian Voivodeship|Poland,"14.05,49.48,19.97,52.45",,2019-01-16,2022-creator-sprint|sprint-2021-05
18ab61e1-189f-4b2a-a75e-6b2a02ea0ac8,[creator not identified],,Military maps|Early maps,between 1790 and 1799,n.d.,1790-1790,Germany-- Saxony--Dresden|Germany,"13.730,51.000,13.830,51.070",,2019-01-16,2022-creator-sprint|sprint-2021-05
1dc7fc26-23cd-49d1-b1d0-0ef03428ec32,,,,,1848,1848-1848,United States|Gulf of Mexico,"-98.000,7.000,-68.000,47.000",http://sws.geonames.org/6252001,2021-04-16,sprint-2021-05
d33c5267-3839-41fb-8a90-79f5081ddebf,"British Columbia. Department of Lands and Works|Cookson, Cecil H.",fst00749486|null,,1899,,1899-1899,Canada--British Columbia,"-141.000,48.000,-111.000,61.000",,2019-01-16,2022-creator-sprint|sprint-2021-05
bde8eabc-e807-457d-8501-3e7274088033,United States. Surveyor General of New Mexico,fst00734764,,1856,,1856-1856,New Mexico,"-114.550,31.000,-101.000,39.000",,2019-01-16,2022-creator-sprint|sprint-2021-05
9ccf5f4b-1855-4359-80f3-bb09b2fe8908,[creator not identified],,,1847,,1847-1847,Michigan--Sault Sainte Marie|Michigan,"-84.475,46.478,-84.277,46.530",,2019-01-16,bbox-verified_2023-02-27|2022-creator-sprint|bboxSprintJune2023|sprint-2021-05
c7a35f2a-2d47-4f6d-9ace-f584cf1b845d,"Magra, Perkins.",,,1938,,1938-1938,Michigan--Fort Michilimackinac Historical Marker,"-84.629,45.846,-84.607,45.859",,2019-01-16,bbox-verified_2023-02-27|2022-creator-sprint|FixedBBoxes|bboxSprintJune2023|sprint-2021-05
7200ab5d-6145-49d1-9ac7-081e75ccdc75,[creator not identified],null,,1847,,1847-1847,Michigan,"-90.42,41.68,-82.4,47.5",,2019-01-16,2022-creator-sprint|sprint-2021-05
80282f8e-9fcf-45dc-80ae-69746b1fc561,"Chapman, Leander.",null,,1855,,1855-1855,Michigan,"-90.4,41.5,-82.28,47.62",,2019-01-16,2022-creator-sprint|sprint-2021-05
3bed456e-85c6-49bd-8573-b8846eb47623,"Chapman, Leander.",null,,1856,,1856-1856,Michigan,"-90.4,41.5,-82.28,47.62",,2019-01-16,2022-creator-sprint|sprint-2021-05
cb6ff51c-c78a-4ce2-b09d-734915eebdbc,"Chapman, Leander.",null,,1853,,1853-1853,Michigan,"-90.98,41.5,-82.28,47.52",,2019-01-16,2022-creator-sprint|sprint-2021-05
0c9492fb-a0dc-49e8-a597-718cf8143aa1,,,,,1859?,1859-1859,Arctic Regions,"-179.99,45.08,179.99,89.99",http://sws.geonames.org/10941926,2021-04-16,sprint-2021-05|202212bbox|-180TO180|sprint-2021-05
f64697e7-2753-48c5-a7f7-9715e4561f9a,"Geological Survey (U.S.)|Marshall, R. B. (Robert Bradford), 1867-1949|United States. Army. Corps of Engineers",fst00547115|fst01720717|fst00534195,,1919,,1919-1919,South Carolina--James Island|South Carolina,"-80.000,32.630,-79.880,32.750",,2019-01-16,2022-creator-sprint|sprint-2021-05
aafc1bad-806d-431d-8148-4e3368354848,"Geological Survey (U.S.)|Marshall, R. B. (Robert Bradford), 1867-1949|United States. Army. Corps of Engineers",fst00547115|fst01720717|fst00534195,,1919,,1919-1919,South Carolina--Charleston|South Carolina,"-80.000,32.750,-79.880,32.880",,2019-01-16,2022-creator-sprint|sprint-2021-05
4c5f9a3f-4cc6-453a-b195-71fa1736e0c0,,,,,1900,1900-1900,Southern Africa|Africa,"16.48,-34.86,32.95,-22.15",http://sws.geonames.org/9406051,2021-04-16,202212bbox|sprint-2021-05
9b9603a7-e0b0-454a-b73d-4861201d72d4,"Graham, J. D. (James Duncan), 1799-1865|Mayer, J. R. (John R.)|United States. Army. Corps of Topographical Engineers",fst00245874|fst02013868|fst00531525,,1856,1857,1856-1856,Michigan--Saint Joseph River|Michigan,"-86.505,42.096,-86.459,42.129",,2019-01-16,bbox-verified_2023-02-27|sprint-mar2020|2022-creator-sprint|bboxSprintJune2023|sprint-2021-05
e610480a-f444-4a58-a772-95967ffc1e78,"Beck & Pauli, lithographer.|Stoner, J. J.",null|fst02013903,,1880,,1880-1880,Michigan--Montcalm County|Michigan,"-85.09,43.29,-85.07,43.3",,2019-01-16,2022-creator-sprint|sprint-2021-05
1e554619-9b47-4a50-9d87-745e82fca7d7,"Dinsmore, A. F.|United States. General Land Office",null|fst00549575,,1893,,1893-1893,Florida,"-87.500,24.500,-80.000,31.000",,2019-01-16,2022-creator-sprint|sprint-2021-05
3220d22e-c076-4da8-bed1-947cbde0d577,"Strum, G. P. (Gustave P.)|United States. General Land Office",fst02013904|fst00549575,,1885,,1885-1885,Iowa,"-97.000,40.500,-90.000,43.500",,2019-01-16,2022-creator-sprint|sprint-2021-05
563c29dd-83c3-4194-8800-3e5fea5628bc,"Dinsmore, A. F.|Mayo, Geo. U. (George U.)|Stockslager, S.M.|United States. General Land Office",null|null|null|fst00549575,,1888,,1888-1888,Michigan,"-90.4,41.5,-82.07,48.82",,2019-01-16,2022-creator-sprint|sprint-2021-05
54c9bbe7-b2fa-4aed-9de7-2cd872157a9a,"Roser, C.|United States. General Land Office|Williamson, James Alexander, 1829-1902",null|fst00549575|fst01961405,,1878,,1878-1878,Michigan,"-90.47,41.5,-82.28,48.48",,2019-01-16,2022-creator-sprint|sprint-2021-05
a962f404-7d14-4290-b66a-e7e544789d2f,"Bien, Julius, 1826-1909|Dinsmore, A. F.|Roeser, C. (Charles), compiler.",fst00014264|null|null,,1878,1878,1878-1878,Ohio,"-84.820,38.403,-80.519,41.978",http://sws.geonames.org/5165418,2021-04-16,sprint-2021-05|2022-creator-sprint|202212bbox|sprint-2021-05
435d19df-9e12-4746-bf1f-3c796cc1aa89,"Dinsmore, A. F.|United States. General Land Office",null|fst00549575,,1889,,1889-1889,Oregon,"-125.000,42.000,-117.000,46.000",,2019-01-16,2022-creator-sprint|sprint-2021-05
ef460441-9bed-4039-a823-0cdee63d2acf,"King, Harry, (Harold G. R.),Hendges, M.|United States. General Land Office",null|fst00549575,,1897,,1897-1897,Oregon,"-125.000,42.000,-116.000,46.500",,2019-01-16,2022-creator-sprint|sprint-2021-05
7e473de4-535a-49de-af07-63c064ec2df8,"Morton, Robert H.|O'Hare, Daniel|United States. General Land Office. Drafting Division.",null|fst02013659|null,,1897,,1897-1897,Washington--Washington State,"-48.000,46.000,-40.000,49.000",,2019-01-16,2022-creator-sprint|sprint-2021-05
76ad2890-753e-46dd-843d-5b8506323a84,,,,,1801,1801-1801,United States,"-96.000,29.000,-66.000,50.000",http://sws.geonames.org/6252001,2021-04-16,sprint-2021-05
fc850bda-fafe-45a0-aede-76ae3fcdf284,"Jansson, Jan, 1588-1664|Jansson, Jan, 1588-1664. Appendix Atlas|Vignaud, Henry, 1830-1922, former owner.",fst00012480|null|null,,approximately 1636,,1636-1636,England-- United Kingdom--Suffolk,"0.33,51.9,1.75,52.53",,2019-01-16,2022-creator-sprint|sprint-2021-05
16b21bfe-d816-4496-9a24-b71cff36660a,,,Road maps|Thematic maps,1925,1925,1925-1925,Michigan--Detroit|Michigan,"-83.288,42.255,-82.910,42.450",http://sws.geonames.org/4990729,2021-04-16,sprint-2021-05|202212bbox|sprint-2021-05
db61ca05-2155-4661-91c5-256e394129d1,"Drayton, T. F. (Lieutenant)|Reed, J. G. (Lieutenant)|United States. Army. Corps of Topographical Engineers|Williams, W. G. (William G.), -1846",null|null|fst00531525|fst01858239,,1835,,1835-1835,New York--New York State,"-78.930,43.000,-78.640,43.340",,2019-01-16,2022-creator-sprint|sprint-2021-05
41186a6b-442c-48af-a911-ad3949113fa3,Harper & Brothers,fst00512133,Cadastral maps|Military maps,1863,1863,1863-1863,Mississippi River|Louisiana,"-90.106,29.218,-89.276,29.822",http://sws.geonames.org/10400307,2021-04-16,sprint-2021-05|2022-creator-sprint|202212bbox|sprint-2021-05
b0d316f0-1f4b-4454-922d-d1067bc23290,"Anderson, John (Surveyor)",null,Road maps,1819?,,1819-1819,United States of America,"-83.77,41.45,-83.28,41.98",,2019-01-16,2022-creator-sprint|sprint-2021-05
200a22e5-70ab-4eea-99cd-21dd146b1db3,"Berrien, John Macpherson, -1877|Rose, E.|United States. Army. Corps of Topographical Engineers",fst02013979|null|fst00531525,,1835,,1835-1835,Michigan--Galien River|Michigan,"-86.757,41.794,-86.730,41.809",,2019-01-16,bbox-verified_2023-02-27|2022-creator-sprint|bboxSprintJune2023|sprint-2021-05
2af45f8d-b618-41a7-85a7-4368345b2d35,"Garnier, F. A., 1803-1863.",,Geological maps|World maps,1860,,1860-1860,World,"-179.99,-89.99,179.99,89.99",,2019-01-16,2022-creator-sprint|-180TO180|sprint-2021-05
28d98b7f-be66-4a2b-b57e-0474889bd662,"Garnier, F. A., 1803-1863.",,Geological maps|World maps,1860,,1860-1860,World,"-179.99,-89.99,179.99,89.99",,2019-01-16,2022-creator-sprint|-180TO180|sprint-2021-05
055ec54f-42b3-47bc-b4f0-87b9a0870567,"Schenk, Peter, 1661-1711",fst01935893,Early maps,approximately 1710,1710,1710-1710,Central America,"-109.2,7.1,-60.23,44.63",,2019-01-16,2022-creator-sprint|sprint-2021-05
12255469-8770-4981-bd5d-482ad0ddc09a,"Goos, Abraham, 1590-1643, engraver|Henneberger, Kaspar|Jansson, Jan, 1588-1664. Atlantis Maioris Appendix, 1630|Vignaud, Henry, 1830-1922, former owner.|Visscher, Claes Jansz., 1586 or 1587-1652",null|null|null|null|null,,1630,,1630-1630,Poland--East Prussia,"18.15,52.95,23.15,55.77",,2019-01-16,2022-creator-sprint|sprint-2021-05
994ae10b-83bc-48c5-acc0-354a4af4f604,"Elliott Publishing Company.|Traver, George W.",null|null,Aerial views,1889,1889,1889-1889,Washington--Tacoma|Washington--Washington State,"-122.562,47.167,-122.348,47.319",,2019-01-16,bbox-verified_2023-02-27|2022-creator-sprint|FixedBBoxes|bboxSprintJune2023|sprint-2021-05
1e11df36-1656-41ec-b50b-1dc64bbe8d77,06 Maekawa Rokuzaemon.,null,,,Tenmei 7 1787,1787-1787,Japan,"134.63,35.49,134.9,35.68",http://sws.geonames.org/1862047,2021-04-16,2022-creator-sprint|sprint-2021-05
7d140720-349f-40c1-9c88-3664ae146c38,,,Early maps,,Meiji 22 1889,1889-18889,Japan,"134.83,34.93,135.87,35.88",http://sws.geonames.org/1857907,2021-04-16,sprint-2021-05
12a1597a-2bbe-4a0a-8d7f-fa540ee17615,"Dahl, James, former owner|Ortelius, Abraham, 1527-1598|Plantin, Christophe, approximately 1520-1589, printer",null|fst00000509|null,,1584,,1584-1584,Asia,"-149.55,27.93,19.67,81.87",,2019-01-16,2022-creator-sprint|sprint-2021-05
2e239714-e34b-49cd-8c72-1a8584726729,Tehuantepec Railway Company,fst00580663,World maps,1868,,1868-1868,World,"-179.99,-89.99,179.99,89.99",,2019-01-16,2022-creator-sprint|-180TO180|sprint-2021-05
af20bf57-ad84-4713-b60d-51b4dd06ec77,"Miwa, Hideharu.",null,,Meiji 17 1884,,1884-1884,Japan-- Miyagi--Miyagi-ken|Japan,"140.28,37.77,141.6,38.95",,2019-01-16,2022-creator-sprint|sprint-2021-05
c42c07ec-8dcf-4c5d-b3a3-38a76477cec6,"Ikeda, Tōri|Takehara, Yoshibē.",null|null,,Tenpō 12 1841,,1841-1841,Japan-- Kyoto--Kyoto|Japan,"135.5,34.83,135.83,35.07",,2019-01-16,2022-creator-sprint|sprint-2021-05
3d8a2657-0ade-4681-a8f3-005c1fbe016c,"Ikeda, Tōri|Takehara, Yoshibē.",null|null,,1834,,1834-1834,Japan-- Kyoto--Kyoto|Japan,"135.73,34.97,135.78,35.05",,2019-01-16,2022-creator-sprint|sprint-2021-05
0fe99bb0-8c6c-4640-ac37-545dbdc005c9,"Beaupré, B. de|Buchon, J. A. C. (Jean Alexandre C.), 1791-1846|Carez, J.",null|fst00284885|null,,1825,,1825-1825,Michigan,"-88.45,41.28,-82.3,46.92",,2019-01-16,2022-creator-sprint|sprint-2021-05
7ad79275-218b-40f3-83c8-e54fd5d50f36,"Dahl, James, former owner|J.H. Colton & Co.",null|fst01457236,,1855,,1855-1855,United States of America,"-120.000,32.000,-102.000,43.000",,2019-01-16,2022-creator-sprint|sprint-2021-05
db9e863a-0622-4d3c-ac5d-0c6646de2767,"Jansson, Jan, 1588-1664|Jansson, Jan, 1588-1664. Appendix Atlas|Vignaud, Henry, 1830-1922, former owner.",fst00012480|null|null,,approximately 1636,,1636-1636,France-- Grand-Est--Metz|France,"5.96,48.89,6.51,49.37",,2019-01-16,2022-creator-sprint|sprint-2021-05
8a917034-9769-447d-8d12-e9e2d45105bd,U.S. Coast and Geodetic Survey,fst00533999,,,1898,1898-1898,Washington D,"-77.15,38.78,-76.91,39.01",http://sws.geonames.org/4140963,2021-04-16,2022-creator-sprint|sprint-2021-05
89326e9c-ba75-4fa6-bd7f-3dafec6db36d,"Blattner, Robert.",null,,,1944,1944-1944,United States,"-126.13,24.18,-66.45,49.2",http://sws.geonames.org/6252001,2021-04-16,2022-creator-sprint|sprint-2021-05
65fcdf30-e588-440a-a31c-bb639fae3ca6,United States. Hydrographic Office,fst00539334,,,1896,1896-1896,Arctic Regions,"-179.99,62.48,179.99,85.00",http://sws.geonames.org/10941926,2021-04-16,bbox-verified_2023-02-27|2022-creator-sprint|FixedBBoxes|bboxSprintJune2023|-180TO180|sprint-2021-05
71b7577e-d114-4a73-9dbf-bf2f03734235,"Paine, Paul M. (Paul Mayo), 1869-1955",null,Pictorial maps|Thematic maps,1939,1939,1939-1939,United States,"-124.98,22.61,-67.18,49.31",http://sws.geonames.org/6252001,2021-04-16,sprint-2021-05|2022-creator-sprint|202212bbox|sprint-2021-05
e402603d-f592-4d89-a9a7-75b16d39c4e6,,,,,1949,1949-1949,Ann Arbor-- Michigan--University of Michigan|Michigan--Ann Arbor|Michigan,"-83.741,42.275,-83.735,42.279",,2021-04-16,202212bbox|sprint-2021-05
4f4fd172-3b3f-46a1-b4ea-909237a38c19,,,,,1936,1936-1936,Michigan--University of Michigan|Michigan,"-83.74,42.27,-83.73,42.28",http://sws.geonames.org/5012988,2021-04-16,sprint-2021-05
afa04ff9-fcff-4915-8fb4-863d0314dfad,Century Company,fst00555750,,1897,1897,1897-1897,Ohio,"-84.820,38.403,-80.519,41.978",http://sws.geonames.org/5165418,2021-04-16,sprint-2021-05|2022-creator-sprint|202212bbox|sprint-2021-05
219dc84a-3d47-4653-8758-5585175c89c1,Matthews-Northrup Company,fst00511019,Atlases,1897,1897,1897-1897,Ohio,"-84.854,38.656,-80.503,40.401",http://sws.geonames.org/5165418,2021-04-16,sprint-2021-05|2022-creator-sprint|202212bbox|sprint-2021-05
cd0c01f2-2983-4942-a6c2-b2678bf317ed,"Krause, Frank (Civil engineer)",null,,1874,,1874-1874,Michigan--Ann Arbor|Michigan,"-83.76,42.28,-83.72,42.3",,2019-01-16,2022-creator-sprint|sprint-2021-05
e48acabf-0e00-4961-a059-79b2706d08c2,Ann Arbor Federal Savings,,Pictorial maps,1965,1965,1965-1965,Michigan--Ann Arbor|Michigan,"-83.800,42.223,-83.676,42.324",http://sws.geonames.org/4984247,2021-04-16,sprint-2021-05|2022-creator-sprint|202212bbox|sprint-2021-05
3a6e929d-680f-46a5-b266-96fc9b962255,"Jansson, Jan, 1588-1664|Jansson, Jan, 1588-1664. Appendix Atlas|Vignaud, Henry, 1830-1922, former owner.",fst00012480|null|null,,approximately 1636,,1636-1636,England-- United Kingdom--Cheshire|United Kingdom,"-3.22,52.96,-1.89,53.47",,2019-01-16,2022-creator-sprint|sprint-2021-05
06bdb269-cf1b-4a64-98fa-ae892f13e7be,George Philip & Son,fst00539140,,1884,,1884-1884,Africa,"-18.5,-37.53,53.17,38.17",,2019-01-16,2022-creator-sprint|sprint-2021-05
5669d618-2ecd-4849-b241-aa747727a078,"J. & C. Walker (Firm)|Long, G. (George)|Society for the Diffusion of Useful Knowledge (Great Britain)",fst01984791|null|fst00519759,,1831,,1831-1831,Iran,"40.000,23.000,61.000,39.000",,2019-01-16,2022-creator-sprint|sprint-2021-05
95a842a1-067f-403d-9bc2-9ab665f06f8d,"Colton, G. Woolworth (George Woolworth), 1827-1901",fst01459585,,1855,,1855-1855,England--London|England,"-0.35,51.39,0.14,51.63",http://sws.geonames.org/2643743,2019-01-16,2022-creator-sprint|sprint-2021-05
5cbbf9dc-b28b-4a0c-804f-4760635a065c,"Colton, G. Woolworth (George Woolworth), 1827-1901",fst01459585,,1855,,1855-1855,England--London|England,"-0.35,51.39,0.14,51.63",http://sws.geonames.org/2643743,2019-01-16,2022-creator-sprint|sprint-2021-05
d746819c-4823-448a-ae6d-da9508902e3f,"Cartography Associates|Colton, G. Woolworth (George Woolworth), 1827-1901|David Rumsey Collection|J.H. Colton & Co.",null|fst01459585|null|fst01457236,,1856,1856,1856-1856,France-- Île-de-France--Paris|France,"2.080,48.750,2.530,49.000",,2019-01-16,sprint-mar2020|2022-creator-sprint|sprint-2021-05
978fe3af-e38e-4760-86a6-cebea3305f0f,J.H. Colton & Co.,fst01457236,,1855,,1855-1855,France-- Île-de-France--Paris|France,"2.12,48.78,2.54,48.99",,2019-01-16,2022-creator-sprint|sprint-2021-05
25366754-fb45-42cd-b103-196ae7e7d31b,J. & C. Walker (Firm)|Society for the Diffusion of Useful Knowledge (Great Britain),fst01984791|fst00519759,,ca. 1852,,1852-1852,France-- Île-de-France--Paris|France,"18.000,49.500,24.000,52.500",,2019-01-16,2022-creator-sprint|sprint-2021-05
e4f966d4-5886-4adb-a6a6-5b49d1eab648,,,,,1927,1927-1927,Michigan--Ann Arbor|Michigan,"-83.741,42.269,-83.699,42.295",,2021-04-16,bbox-verified_2023-02-27|FixedBBoxes|bboxSprintJune2023|sprint-2021-05
d6e223ea-aed8-4edd-b711-54b7e6e4c894,,,Thematic maps,1862,1862,1862-1862,United States,"-124.98,22.61,-67.18,49.31",http://sws.geonames.org/6252001,2021-04-16,sprint-2021-05|202212bbox|sprint-2021-05
7431012a-4df6-46b8-8b76-7600d24aae03,,,,,1892,1892-1892,North Atlantic Ocean,"-85.03,9.03,-48.33,50.25",http://sws.geonames.org/3411923,2021-04-16,sprint-2021-05
3b34136d-6480-48e4-8157-a213f8b6d92d,Denver Public Library,fst00510407,,,1935,1935-1935,Colorado--Colorado|Colorado,"-109.050,36.980,-102.030,41.000",http://sws.geonames.org/5417618,2021-04-16,2022-creator-sprint|sprint-2021-05
4e483b1d-5bc3-4a58-8f4d-f8ad0f08d64f,"Laurie, Richard Holmes",null,,1830,,1830-1830,Central America,"-118.72,6.3,-79.33,34.53",,2019-01-16,2022-creator-sprint|sprint-2021-05
85cfbbb2-d25e-428d-b8ac-f4cf179eb705,"Colton, G. Woolworth (George Woolworth), 1827-1901",fst01459585,,,1882,1882-1882,United States,"-125.15,24.85,-66.65,49.58",http://sws.geonames.org/6252001,2021-04-16,2022-creator-sprint|sprint-2021-05
e35d73ef-c88a-46d6-8360-396679e2c100,Poole Brothers,fst00521011,,,1890,1890-1890,United States,"-125.8,19.53,-66.65,49.92",http://sws.geonames.org/6252001,2021-04-16,2022-creator-sprint|sprint-2021-05
4fab754b-d64e-485b-8e01-8c54c1ac7501,"A. Hoen & Co.|Hays, John W. (John Willis)|J.A. Maher & Co.|Selden, Henry S.",fst00511507|null|null|null,,1890,,1890-1890,United States of America,"-85.500,35.000,-81.000,38.500",,2019-01-16,2022-creator-sprint|sprint-2021-05
28d6972a-c6c6-4542-a4cc-ec72c37963ce,"Bruff, Joseph Goldsborough, 1804-1889|McClelland, D.|United States. Army. Corps of Topographical Engineers",fst00348079|fst01480369|fst00531525,,1846,,1846-1846,Florida|Gulf of Mexico,"-87.000,24.500,-80.500,31.000",,2019-01-16,2022-creator-sprint|sprint-2021-05
ef940b35-ffe2-4d28-8c21-be5b39519b2f,"Harrison, William, 1774-",fst01823015,,between 1795 and 1867,n.d.,1795-1867,New York,"-74.259,40.477,-73.700,40.918",http://sws.geonames.org/5128638,2021-04-16,sprint-2021-05|2022-creator-sprint|202212bbox|sprint-2021-05
b3911043-f465-4a87-b909-f834a7f494c3,,,Pictorial maps,between 1971 and 1979,n.d.,1971-1979,Ann Arbor-- Michigan--University of Michigan|Michigan--Ann Arbor|Michigan,"-83.741,42.275,-83.735,42.279",,2021-04-16,sprint-2021-05|202212bbox|sprint-2021-05
aa1aee30-5e71-46ec-9811-84c713f8adc4,,,,,1964,1964-1964,Michigan--Ann Arbor|Michigan,"-83.762,42.249,-83.730,42.268",http://sws.geonames.org/4984247,2021-04-16,bbox-verified_2023-02-27|FixedBBoxes|bboxSprintJune2023|sprint-2021-05
2407ae2c-a783-4f5f-8d45-f39d3071cf38,"Carey, Mathew, 1760-1839|Dahl, James, former owner|Kneass & Delleker",fst00011927|null|null,,1814,,1814-1814,Michigan,"-95.000,36.000,-82.000,50.000",,2019-01-16,2022-creator-sprint|sprint-2021-05
25eb9f31-472e-4a80-9fd6-fa6092e56fb2,"Goodrich, Samuel G. (Samuel Griswold), 1793-1860|Huntington, Francis Junius, 1802-1878",fst00011999|fst02013841,,1832,1833,1832-1832,United States of America,"-95.000,36.000,-80.000,43.000",,2019-01-16,sprint-mar2020|2022-creator-sprint|sprint-2021-05
6967492e-00a7-4d54-bbfb-bba510b6c163,Wm. M. Bradley & Bros.|Wm. M. Bradley & Bros. Bradley's atlas of the world.,null|null,World maps,1894,,1894-1894,World,"-179.99,-89.99,179.99,89.99",,2019-01-16,2022-creator-sprint|202212bbox|-180TO180|sprint-2021-05
1ce4679e-2554-4c03-9f70-d822e950466a,"Tanner, Henry Schenck, 1786-1858",fst01432799,World maps,1823,,1823-1823,World,"-179.99,-89.99,179.99,89.99",,2019-01-16,2022-creator-sprint|-180TO180|sprint-2021-05
6b01b941-2b4c-4035-ad2c-e238c15eff10,Tokyo (Japan : Fu),null,,Meiji 22 1889,,1889-1889,Japan-- Tokyo--Tokyo|Japan,"139.7,35.6,139.87,35.78",,2019-01-16,2022-creator-sprint|sprint-2021-05
c3daaeec-993b-4c32-a12c-c77ec7327df6,"Ishikawa, Renjo.|Jiji Shinpōsha",null|null,,Taishô 13 1924,,1924-1924,Japan-- Tokyo--Tokyo|Japan,"139.62,35.55,139.67,35.62",,2019-01-16,2022-creator-sprint|sprint-2021-05
0d751c3a-96c5-4322-8c6b-ef9328013c4d,Geological Survey (U.S.),fst00547115,,,1897,1897-1897,United States,"-88.080,37.770,-80.500,42.000",http://sws.geonames.org/6252001,2021-04-16,2022-creator-sprint|sprint-2021-05
d32cfc53-7365-4e8c-8cda-2984b6a4ee94,Geological Survey of Canada,fst00533128,,1853,,1853-1853,Canada-- Ontario--Bonnechere River,"-78.82,44.73,-76.53,45.67",,2019-01-16,2022-creator-sprint|sprint-2021-05
b20ca00c-e266-4c4a-bbb3-cbbfe07e5e29,Geological Survey of Canada,fst00533128,,1853,,1853-1853,Canada-- Ontario--Magnetawan River|Canada--Ontario,"-80.63,45.5,-79.28,45.77",,2019-01-16,2022-creator-sprint|sprint-2021-05
f9842af4-cdd3-45af-b158-f4632e316a7f,O. C. Simonds & Co.,null,,1906,,1906-1906,Michigan--University of Michigan Nichols Arboretum|Michigan,"-83.73,42.28,-83.72,42.29",,2019-01-16,2022-creator-sprint|sprint-2021-05
95adc61d-e31d-423c-93b7-9bd199a2839d,O. C. Simonds & Co.,null,,1906,,1906-1906,Michigan--University of Michigan Nichols Arboretum|Michigan,"-83.73,42.28,-83.72,42.29",,2019-01-16,2022-creator-sprint|sprint-2021-05
c3e7bf4a-400c-4ad3-9c60-182cf3205a5a,"Fayen, Antoine Jean du, 1530-1616, engraver.|Jansson, Jan, 1588-1664. Appendix Atlas|Vignaud, Henry, 1830-1922, former owner.",null|null|null,,between 1630 and 1639,1636?,1630-1639,France--Limousin|France,"0.706,45.564,1.805,46.216",http://sws.geonames.org/2998268,2021-04-16,bbox-verified_2023-02-27|sprint-2021-05|2022-creator-sprint|202212bbox|BBoxButFlagged|bboxSprintJune2023|sprint-2021-05
3864b873-549a-4f4f-b3a4-1d779a1a28e2,"Jansson, Jan, 1588-1664|Jansson, Jan, 1588-1664. Atlantis Maioris Appendix, 1630|Vignaud, Henry, 1830-1922, former owner.",fst00012480|null|null,,1630,,1630-1630,Bavaria-- Germany--Swabia|Germany,"7.63,47.15,12.33,49.45",,2019-01-16,2022-creator-sprint|sprint-2021-05
956fed47-655f-4114-8517-bfb8befb6892,"Jansson, Jan, 1588-1664. Appendix Atlas|Vignaud, Henry, 1830-1922, former owner.",null|null,,between 1630 and 1639,1636?.,1630-1639,France--Centre|France--Touraine|France,"0.23,47.09,0.24,47.091",http://sws.geonames.org/2972290,2021-04-16,bbox-verified_2023-02-27|sprint-2021-05|2022-creator-sprint|202212bbox|BBoxButFlagged|bboxSprintJune2023|sprint-2021-05
2cb57364-5b56-4c18-8f1d-34702566df57,"Hondius, Jodocus, 1594 or 1595-1629|Hondius, Jodocus, 1594 or 1595-1629, cartographer|Vignaud, Henry, 1830-1922",null|null|fst00243880,,between 1630 and 1639,,1630-1639,Centre-- France--Touraine|France,"0.04,46.81,1.39,47.7",,2019-01-16,2022-creator-sprint|sprint-2021-05
56598923-104b-4919-b069-5fa682ff47b4,"Whipple, R, surveyor.|Woodard, C. S. (Charles Sherman), surveyor.",null|null,Cadastral maps,1860,1860,1860-1860,Michigan--Freedom|Michigan,"-84.01,42.17,-83.89,42.25",,2019-01-16,sprint-mar2020|2022-creator-sprint|sprint-2021-05
39022d33-bb56-49f7-a353-16366ffaa47a,"Lyon, Lucius, 1800-1851|Surveyor General for Ohio, Indiana and Michigan.",fst00294376|null,,1846,,1846-1846,Michigan--Sault Sainte Marie|Michigan,"-84.37,46.42,-84.25,46.52",,2019-01-16,2022-creator-sprint|sprint-2021-05
8ac9bd93-648c-48b2-a5e7-8fe9a6ba51be,"United States. Congress. Senate (48th, 1st Session : 1883)",null,,,1883,1883-1883,Arctic,"-91.42,43.47,-35.65,79.62",http://sws.geonames.org/10941926,2021-04-16,2022-creator-sprint|sprint-2021-05
3f5a098b-c720-4711-9331-e56b31c090fd,United States. Weather Bureau,fst00532326,,,1894,1894-1894,United States,"-100.000,15.000,-45.000,50.000",http://sws.geonames.org/6252001,2021-04-16,2022-creator-sprint|sprint-2021-05
68906b95-1300-4071-917b-759698242749,United States Coast Survey,fst00609868,,,1875,1875-1875,Massachusetts--Hoosac Tunnel|Massachusetts,"-73.08,42.66,-73.01,42.7",http://sws.geonames.org/4939836,2021-04-16,2022-creator-sprint|sprint-2021-05
8df0eb46-93fb-4cc3-8950-eb1158d7e202,"Almada, André Álvares d'|Gerritsz, Hessel, approximately 1581-1632|Hondius, Hendrik, 1597-1651|Jansson, Jan, 1588-1664. Appendix Atlas|Vignaud, Henry, 1830-1922, former owner.",fst02013612|fst01454746|fst00101029|null|null,,approximately 1636,,1636-1636,Spain,"-9.770,35.780,4.100,44.000",,2019-01-16,2022-creator-sprint|sprint-2021-05
43093908-b0d7-4d6a-a358-4b1d8550b40c,"Hondius, Hendrik, 1597-1651. Appendix Atlas of the British Isles and Northern Europe|Jansson, Jan, 1588-1664. Appendix Atlas of the British Isles and Northern Europe|Mercator, Gerhard, 1512-1594, cartographer|Vignaud, Henry, 1830-1922, former owner.",null|null|null|null,,between 1630 and 1639,,1630-1639,Ireland-- Leinster--Carlow|Ireland,"-7.06,52.56,-6.73,52.92",,2019-01-16,2022-creator-sprint|sprint-2021-05
f38e5bc4-0d67-46b1-92d0-42bba3fc3b50,"Hondius, Hendrik, 1597-1651|Hondius, Hendrik, 1597-1651. Appendix Atlas of the British Isles and Northern Europe|Jansson, Jan, 1588-1664. Appendix Atlas of the British Isles and Northern Europe|Vignaud, Henry, 1830-1922, former owner.",fst00101029|null|null|null,,between 1630 and 1639,,1630-1639,Ireland--Ulster,"-6.89,53.7,-5.31,54.76",,2019-01-16,2022-creator-sprint|sprint-2021-05
7479d082-aee2-412d-a1db-4c5006caa24e,,,Thematic maps,approximately 1850,n.d.,1848-1855,United States,"-124.98,22.61,-67.18,49.31",http://sws.geonames.org/6252001,2021-04-16,sprint-2021-05|202212bbox|sprint-2021-05
f5b454cf-3f73-40db-a476-fb013675a0ad,"Gannett, Henry, 1846-1914|Geological Survey (U.S.)",fst00005471|fst00547115,Topographic maps,Approximately 1896,1896,1896-1896,United States of America,"-124.98,22.61,-67.18,49.31",,,sprint-2021-05|2022-creator-sprint|202212bbox|sprint-2021-05
a037fd86-e4b5-4ed5-bd42-aefd5d43dcd0,,,Thematic maps,between 1900 and 1980,n.d.,1900-1980,United States,"-124.98,22.61,-67.18,49.31",http://sws.geonames.org/6252001,2021-04-16,sprint-2021-05|202212bbox|sprint-2021-05
9d48e484-46e7-449f-a4b1-157407bbf239,"Gannett, Henry, 1846-1914|Powell, John Wesley, 1834-1902",fst00005471|fst00006304,,,1899,1899-1899,United States,"-125.32,24.7,-66.93,49.78",http://sws.geonames.org/6252001,2021-04-16,2022-creator-sprint|sprint-2021-05
6801f497-f8b9-410e-a726-7e7878c8de88,University of Michigan,fst00530384,Aerial views,1908,1908,1908-1908,Ann Arbor-- Michigan--University of Michigan|Michigan--Ann Arbor|Michigan,"-83.741,42.275,-83.735,42.279",,2021-04-16,sprint-2021-05|2022-creator-sprint|202212bbox|sprint-2021-05
48b2dc80-258f-4e4c-93a6-945123dd5d5c,,,Thematic maps|Tourist maps,1960,1960,1960-1960,Michigan--University of Michigan|Michigan,"-83.741,42.275,-83.735,42.279",http://sws.geonames.org/5012988,2021-04-16,sprint-2021-05|202212bbox|sprint-2021-05
777992ca-380d-4073-ba7b-9ef0ab12088a,,,Pictorial maps,1950,1950,1950-1950,Michigan--University of Michigan|Michigan,"-83.741,42.275,-83.735,42.279",http://sws.geonames.org/5012995,2021-04-16,sprint-2021-05|202212bbox|sprint-2021-05
d6d0ce69-8b08-4eaa-8448-4df8b70afefb,Wahr's University Bookstore,,Thematic maps|Tourist maps,1963,1963,1963-1963,Ann Arbor-- Michigan--University of Michigan|Michigan--Ann Arbor|Michigan,"-83.741,42.275,-83.735,42.279",,2021-04-16,sprint-2021-05|2022-creator-sprint|202212bbox|sprint-2021-05
a77fad1d-9778-434e-bb6c-0ff696825686,,,Aerial views,1933,1933,1933-1933,Michigan--Ann Arbor|Michigan,"-83.741,42.275,-83.735,42.279",http://sws.geonames.org/4984247,2021-04-16,sprint-2021-05|202212bbox|sprint-2021-05
2ce77ee8-cc9e-4a13-96bd-964a684cd82a,,,Pictorial maps,1937,1937,1937-1937,,"-83.741,42.275,-83.735,42.279",,2021-04-16,sprint-2021-05|202212bbox|sprint-2021-05
4627e3a3-d8bf-4758-b486-9d7ace05e324,,,,,1948,1948-1948,Ann Arbor-- Michigan--University of Michigan|Michigan--Ann Arbor|Michigan,"-83.75,42.26,-83.73,42.28",,2021-04-16,sprint-2021-05
586e7f8f-841e-4b68-b853-18f151d6ee85,,,,,1940,1940-1940,Michigan--University of Michigan|Michigan,"-83.75,42.26,-83.73,42.28",http://sws.geonames.org/5012988,2021-04-16,sprint-2021-05
d3644c4e-9dbd-45fb-874e-f6d350a2333e,,,Pictorial maps,1926,1926,1926-1926,Michigan--Ann Arbor|Michigan,"-83.741,42.275,-83.735,42.279",http://sws.geonames.org/4984247,2021-04-16,sprint-2021-05|202212bbox|sprint-2021-05
c2f68376-c731-45ac-bbd3-33914d786570,,,,,1898,1898-1898,Utah--Juab County|Utah,"-112.14,39.9,-112.09,39.97",,2021-04-16,sprint-2021-05
0048cc1b-1485-447b-a19b-b40429828747,"Jansson, Jan, 1588-1664. Appendix Atlas|Vignaud, Henry, 1830-1922, former owner.",null|null,,between 1630 and 1639,1636?,1630-1639,Bourgogne-Franche-Comté-- France--Burgundy|France--Bourgogne-Franche-Comté|France,"4.041,49.325,4.099,49.384",http://sws.geonames.org/3030964,2021-04-16,bbox-verified_2023-02-27|sprint-2021-05|2022-creator-sprint|sprint-2021-05
96581785-8da2-4184-9866-00d10d247ceb,"Jansson, Jan, 1588-1664. Appendix Atlas|Vignaud, Henry, 1830-1922, former owner.",null|null,,between 1630 and 1639,1636?.,1630-1639,Spain--Castile|Spain,"-4.608,38.041,-1.092,40.815",http://sws.geonames.org/3125826,2021-04-16,sprint-2021-05|2022-creator-sprint|202212bbox|sprint-2021-05
ca5d1cc9-c662-40e8-a39d-eec63dd29ef5,"Wytfliet, Corneille",,Early maps|Thematic maps|World maps,1597?,,1597-1597,World,"-179.99,-89.99,179.99,89.99",,2019-01-16,2022-creator-sprint|202212bbox|-180TO180|sprint-2021-05
263590b0-b0b3-4116-83b2-ee3fc8d0ad26,"Jansson, Jan, 1588-1664. Appendix Atlas|Vignaud, Henry, 1830-1922, former owner.",null|null,,between 1630 and 1639,1636?.,1630-1639,Spain--Valencia|Spain,"-0.534,38.442,0.310,40.173",http://sws.geonames.org/2509954,2021-04-16,bbox-verified_2023-02-27|sprint-2021-05|2022-creator-sprint|202212bbox|BBoxButFlagged|bboxSprintJune2023|sprint-2021-05
02cb6d0e-ded7-4d04-b0b6-6a3449aeb238,"Jansson, Jan, 1588-1664. Appendix Atlas|Tavernier, Melchior, 1594-1665, seller.|Vignaud, Henry, 1830-1922, former owner.",null|null|null,,between 1630 and 1639,1636?,1630-1639,France--Hauts-de-France|France,"1.380,48.837,4.256,51.089",http://sws.geonames.org/11071624,2021-04-16,sprint-2021-05|2022-creator-sprint|202212bbox|sprint-2021-05
6525483d-e10f-4782-bc1a-0421ee2b246e,Homann Erben (Firm),fst00544026,,1762,,1762-1762,Iran,"41.18,26.97,65.92,46.43",,2019-01-16,2022-creator-sprint|sprint-2021-05
a2bd7a1c-481c-407a-9d8d-7c5cbac97fbc,"Blaeu, Joan, 1596-1673|Blaeu, Willem Janszoon, 1571-1638",fst00055883|fst00050858,,1663,,1663-1663,Italy-- Latium--Viterbo|Italy,"12.096,42.410,12.112,42.424",,2019-01-16,2022-creator-sprint|sprint-2021-05
f40565eb-e391-4c98-9296-dc9af0572a23,"Hondius, Hendrik, 1597-1651|Hondius, Hendrik, 1597-1651. Appendix Atlas of the British Isles and Northern Europe|Jansson, Jan, 1588-1664. Appendix Atlas of the British Isles and Northern Europe|Vignaud, Henry, 1830-1922, former owner.",fst00101029|null|null|null,,between 1630 and 1639,,1630-1639,England-- United Kingdom--Warwickshire,"-2.17,50.53,2.43,52.62",,2019-01-16,2022-creator-sprint|sprint-2021-05
b2efc47f-70b9-4462-a6a4-86a49e43697e,"Geological Survey (U.S.)|Hoffman, J. D.|U.S. Coast and Geodetic Survey|Wilson, Herbert M. (Herbert Michael), 1860-1920",fst00547115|fst02013840|fst00533999|null,,1898,,1898-1898,D.C.-- Washington--Washington DC,"-77.250,38.750,-76.750,39.000",,2019-01-16,2022-creator-sprint|sprint-2021-05
c5b9687b-a56b-48f6-9182-c5b69b97a52a,"Morton, Robert H.|United States. General Land Office",null|fst00549575,,1887,,1887-1887,India-- Kashmir--Jammu and Kashmir|India,"-125.000,45.000,-116.500,49.000",,2019-01-16,2022-creator-sprint|sprint-2021-05
6bf7486e-2dc8-4093-aa8e-1b695f2172d1,W.W. Hixson & Co.,,Cadastral maps,approximately 1917,,1917-1917,Michigan--Washtenaw County|Michigan,"-84.134,42.072,-83.539,42.435",,2019-01-16,sprint-2021-05|2022-creator-sprint|202212bbox|sprint-2021-05
925ca217-f048-45b6-8009-8c735daf3e95,[creator not identified],null,Cadastral maps,between 1820 and 1832,n.d.,1820-1832,Michigan--Washtenaw County|Michigan,"-84.05,42.14,-83.52,42.51",,2019-01-16,2022-creator-sprint|sprint-2021-05
c90c1985-7330-4836-a893-5521419d8bc1,"Duval, Peter S., 1804 or 1805-1886|Pettibone, S.",fst01816792|null,,approximately 1843,1843,1843-1843,Michigan--Washtenaw County|Michigan,"-84.13,42.07,-83.54,42.43",,2019-01-16,sprint-mar2020|2022-creator-sprint|sprint-2021-05
af5ccaa2-6c86-47d6-9d42-d7aea2fd0974,"Keulen, Gerard van|Picard, Pieter, 1670-1737, engraver|van Keulen, Johannes, 1654-1715|Vooght, Claes Janszoon, -1696",null|null|null|null,World maps,1695?,,1695-1695,World,"-179.99,-89.99,179.99,89.99",,2019-01-16,2022-creator-sprint|-180TO180|sprint-2021-05
c27182e9-bef6-473f-aa0f-ce6751679ecf,"Watson, Gaylord",null,,1885,,1885-1885,Great Lakes,"-94.42,41.63,-82.4,47.55",,2019-01-16,2022-creator-sprint|sprint-2021-05
1bf064a8-3c63-4401-b6c7-b4a19fa28020,,,Thematic maps,approximately 1958,n.d.,1958-1958,Ann Arbor-- Michigan--University of Michigan|Michigan--Ann Arbor|Michigan,"-83.741,42.275,-83.735,42.279",,2021-04-16,sprint-2021-05|202212bbox|sprint-2021-05
ffb59d5f-a243-4de8-9909-6d980a25b936,"Hondius, Hendrik, 1597-1651. Appendix Atlas of the British Isles and Northern Europe|Jansson, Jan, 1588-1664. Appendix Atlas of the British Isles and Northern Europe|Vignaud, Henry, 1830-1922, former owner.",null|null|null,,between 1630 and 1639,,1630-1639,United Kingdom--England,"-4.97,52.2,-1.83,54.67",,2019-01-16,2022-creator-sprint|sprint-2021-05
333a1df7-4f0b-4567-89f6-531d0060e599,"Jansson, Jan, 1588-1664|Jansson, Jan, 1588-1664. Atlas Maioris Appendix, 1630|Vignaud, Henry, 1830-1922, former owner.",fst00012480|null|null,,1630,,1630-1630,Germany--North Rhine-Westphalia|Germany,"7.72,50.95,9.18,51.73",,2019-01-16,2022-creator-sprint|sprint-2021-05
f1a807df-fb36-42d3-a6a6-fb5089106150,"Maury, Matthew Fontaine, 1806-1873. Wind and current charts.|United States. Bureau of Ordnance and Hydrography|United States. Hydrographic Office",null|fst00598993|fst00539334,Thematic maps,1852,1852,1852-1852,,"-169.9,36.2,-7.2,83.1",http://sws.geonames.org/6295630,2021-04-16,sprint-2021-05|2022-creator-sprint|202212bbox
af11c558-ad94-4fb9-8997-6e222a25bc45,,,Thematic maps|Tourist maps,between 1910 and 1925,n.d.,1910-1925,Great Lakes,"-92.256,41.438,-76.073,49.084",,2021-04-16,sprint-2021-05|202212bbox|sprint-2021-05
bf270053-83b7-4331-bc3f-0550e0eb6cbc,"National Ocean Survey.|Wilkes, Charles, 1798-1877",fst00533997|fst00005459,Nautical charts,1841,184,1841-1841,Oregon--Pacific Northwest,"-125.06,41.83,-114.95,49.09",,,sprint-2021-05|2022-creator-sprint|202212bbox|sprint-2021-05
cd016711-c18f-4f72-afd7-46d3405ed43f,,,Pictorial maps|Thematic maps,1946,1946,1946-1946,United States,"-124.98,22.61,-67.18,49.31",http://sws.geonames.org/6252001,2021-04-16,sprint-2021-05|202212bbox|sprint-2021-05
9f009650-d0d4-4d12-8a8e-be89ebff60c2,"Bushnell, John W.|Rotxoll, F. C.|Welcke, Robert A.|Williams, Arthur T.|Williams & Bushnell.",null|null|null|null|null,,1886,,1886-1886,Florida,"-85.000,25.000,-80.000,30.000",,2019-01-16,2022-creator-sprint|sprint-2021-05
4ec1fc00-4584-4595-af14-46bd4b066d45,John Bartholomew and Son,fst00543231,World maps,1922,,1922-1922,World,"-179.99,-89.99,179.99,89.99",,2019-01-16,2022-creator-sprint|-180TO180|sprint-2021-05
29d6a3af-0cbb-4287-b7df-e27296fba3c4,"Husson, William M.",null,,,1895,1895-1895,Great Lakes,"-92.47,41.25,-76.05,49.05",http://sws.geonames.org/4994594,2021-04-16,2022-creator-sprint|sprint-2021-05
3ad29f0c-a5dd-4ee9-b50f-a6f2d44b5e08,"Nakajima, Kahê.",null,,Meiji 15 1882,,1882-1882,Japan--Nara|Japan,"135.5,33.75,136.25,34.75",,2019-01-16,2022-creator-sprint|sprint-2021-05
611d19b9-c380-4ea1-8a90-6816e335b95c,"Ōizumi, Kanegorō.|Utagawa, Sadahide, 1807-1873",null|fst00244411,Aerial views,Meiji 4 1871,,1871-1871,Japan-- Kanagawa--Yokohama-shi|Japan,"139.63,35.31,139.99,35.53",,2019-01-16,2022-creator-sprint|sprint-2021-05
41a3672f-5a0e-4bca-a38a-ba34fa77ff3a,"Elwood & Co. Stationers, Detroit",null,Cadastral maps,1885,1885,1885-1885,Michigan--York Township|Michigan,"-83.78,42.08,-83.66,42.17",,2019-01-16,sprint-mar2020|2022-creator-sprint|sprint-2021-05
389e136a-9d81-4dfe-8658-5d7e0725165a,"Hayashi, Yoshinaga.",null,,Kanpō 1 1741,,1741-1741,Japan-- Kyoto--Kyoto|Japan,"135.7,34.95,135.8,35.02",,2019-01-16,2022-creator-sprint|sprint-2021-05
c25fcd8f-7e93-4cd8-8dd0-23aecb429a3d,"Abe, Rekisai|Sobajima, Seishin, publisher.|Takada, Shinshō, publisher.",null|null|null,,,1842,1842-1842,Japan,"138.680,33.000,140.230,35.680",http://sws.geonames.org/1851715,2021-04-16,2022-creator-sprint|sprint-2021-05
1043dc6d-c345-4df0-b284-24165998898c,"Hoeing, J. B. (Joseph Bernard), 1855-,Procter, John Robert, 1844-1904|Kentucky Geological Survey",null|fst00532751,,1887,,1887-1887,Kentucky,"-89.5715,36.4971,-81.9645,39.1478",,2019-01-16,2022-creator-sprint|sprint-2021-05
