ID,Code,Title,Alternative Title,Description,Language,Display Note,Creator,Publisher,Provider,Resource Class,Resource Type,Theme,Keyword,Temporal Coverage,Date Issued,Date Range,Spatial Coverage,Bounding Box,Geometry,Access Rights,Rights,Format,Member Of,Is Part Of,Date Accessioned,Publication State,Identifier,Provenance,Website Platform,Endpoint Description,Endpoint URL,Accrual Method,Accrual Periodicity,Harvest Workflow
eb6a9c50238d40a6a1f236f4593e89c0_0,05c-01,Snow Emergency Xerxes Tags 2018 [Minnesota--Minneapolis],Snow Emergency Xerxes Tags 2018,"This is the information about the number and location of tags (parking tickets) during this snow emergency. Tag data will be retained for all Snow Emergencies in each snow season, until there is five full seasons of snow emergencies. Disclaimer: At this point we only have the tag data enclosed for day 2 and day 3 the snow emergencies. Day 1 tag data is collected manually and is not available at this time electronically. There is also an expected address error rate of between 5 and 10 percent. Snow Emergency Tags - 2017/2018 Season #3 Xerxes (2/23/18 thru 2/25/18) Field Name Field Type Field Description FID Object ID Object ID Citation_N Text254 Citation Number Address Text 254 Address of the citation Latitude Numeric X Coordinate - Geocode Longitude Numeric Y Coordinate - Geocode Neighborho Text 254 Neighborhood Location Community Text 254 Community Location Ward Text 254 Ward Location Day_ID Numeric Snow Emergency Day Identifier Date Date Citation Date Code Text 254 Snow Emergency Parking Ordinance Descriptio Text 2 Snow Emergency Parking Ordinance Description Tow_Dist Double 15 Tow Districts Identifier",eng,Tip: Check “Visit Source” link for download options.,MapIT Minneapolis,Open Data Minneapolis,,Web services,,,PublicWorks|SnowEmergency|2018|Minneapolis|Tags,2018,2018-03-05,2018-2018,Minnesota--Minneapolis|Minnesota,"-93.328,44.891,-93.207,45.051","ENVELOPE(-93.328,-93.207,45.051,44.891)",Public,https://creativecommons.org/publicdomain/zero/1.0,ArcGIS FeatureLayer,ba5cc745-21c5-4ae9-954b-72dd8db6815a,05c-01,2026-10-08,published,https://hub.arcgis.com/datasets/eb6a9c50238d40a6a1f236f4593e89c0_0,,ArcGIS Hub,DCAT API,https://opendata.minneapolismn.gov/api/feed/dcat-us/1.1.json,,,
7e7bd717073f44e0930e8c1b62124213_0,05c-01,Snow Emergency Upton Tags 2019 [Minnesota--Minneapolis],Snow Emergency Upton Tags 2019,"This is the information about the number and location of tags (parking tickets) during this snow emergency. Tag data will be retained for all Snow Emergencies in each snow season, until there is five full seasons of snow emergencies. Disclaimer: At this point we only have the tag data enclosed for day 2 and day 3 the snow emergencies. Day 1 tag data is collected manually and is not available at this time electronically. There is also an expected address error rate of between 5 and 10 percent. Snow Emergency Tags - 2018/2019 Season #2 Upton (2/7/19 thru 2/9/19) Field Name Field Type Field Description FID Object ID Object ID Citation_N Text254 Citation Number Address Text 254 Address of the citation Latitude Numeric X Coordinate - Geocode Longitude Numeric Y Coordinate - Geocode Neighborho Text 254 Neighborhood Location Community Text 254 Community Location Ward Text 254 Ward Location Day_ID Numeric Snow Emergency Day Identifier Date Date Citation Date Code Text 254 Snow Emergency Parking Ordinance Descriptio Text 2 Snow Emergency Parking Ordinance Description Tow_Dist Double 15 Tow Districts Identifier",eng,Tip: Check “Visit Source” link for download options.,MapIT Minneapolis,Open Data Minneapolis,,Web services,,,Minneapolis|SnowEmergency|PublicWorks|2019|Tags,2019,2019-02-11,2019-2019,Minnesota--Minneapolis|Minnesota,"-93.329,44.891,-93.203,45.050","ENVELOPE(-93.329,-93.203,45.050,44.891)",Public,https://creativecommons.org/publicdomain/zero/1.0,ArcGIS FeatureLayer,ba5cc745-21c5-4ae9-954b-72dd8db6815a,05c-01,2026-10-08,published,https://hub.arcgis.com/datasets/7e7bd717073f44e0930e8c1b62124213_0,,ArcGIS Hub,DCAT API,https://opendata.minneapolismn.gov/api/feed/dcat-us/1.1.json,,,
0bf74f21025c49b386e64376043053b2_0,05c-01,Snow Emergency Howe Tows 2018 [Minnesota--Minneapolis],Snow Emergency Howe Tows 2018,"This is the information about the number and location of tows during this snow emergency. Tow data will be retained for all Snow Emergencies in each snow season, until there is five full seasons of snow emergencies. Disclaimer: There is an expected address error rate of between 8 and 14 percent. Snow Emergency Tows - 2017/2018 Season #4 Howe (4/15/18 thru 4/17/18) Field Name Field Type Field Description FID Object ID Object ID Call_Taken Text Date and time tag written Customer Text Snow Emergency Location Text Address Latitude Numeric X Coordinate - Geocode Longitude Numeric Y Coordinate - Geocode Neighborho Text Name of Neighborhood Ward Text Ward number 1 - 13 Community Text Name of Community Day_identi Text Day of Event TowDist Text Tow District",eng,Tip: Check “Visit Source” link for download options.,MapIT Minneapolis,Open Data Minneapolis,,Web services,,,Minneapolis|PublicWorks|2018|SnowEmergency|Tows,2018,2018-04-18,2018-2018,Minnesota--Minneapolis|Minnesota,"-93.321,44.892,-93.206,45.043","ENVELOPE(-93.321,-93.206,45.043,44.892)",Public,https://creativecommons.org/publicdomain/zero/1.0,ArcGIS FeatureLayer,ba5cc745-21c5-4ae9-954b-72dd8db6815a,05c-01,2026-10-08,published,https://hub.arcgis.com/datasets/0bf74f21025c49b386e64376043053b2_0,,ArcGIS Hub,DCAT API,https://opendata.minneapolismn.gov/api/feed/dcat-us/1.1.json,,,
fa9e8fe69f824b5285f096accccd3d48_0,05c-01,Snow Emergency Upton Tows 2019 [Minnesota--Minneapolis],Snow Emergency Upton Tows 2019,"This is the information about the number and location of tows during this snow emergency. Tow data will be retained for all Snow Emergencies in each snow season, until there is five full seasons of snow emergencies. Disclaimer: There is an expected address error rate of between 8 and 14 percent. Snow Emergency Tows - 2018/2019 Season #2 Upton (2/7/19 thru 2/9/19) Field Name Field Type Field Description FID Object ID Object ID Call_Taken Text Date and time tag written Customer Text Snow Emergency Location Text Address Latitude Numeric X Coordinate - Geocode Longitude Numeric Y Coordinate - Geocode Day Text Day of event Ward Text Ward number 1 - 13 Community Text Name of Community Neighborho Text Name of Neighborhood Tow Text Tow District",eng,Tip: Check “Visit Source” link for download options.,MapIT Minneapolis,Open Data Minneapolis,,Web services,,,Minneapolis|SnowEmergency|PublicWorks|2019|Tows,2019,2019-02-11,2019-2019,Minnesota--Minneapolis|Minnesota,"-93.326,44.899,-93.206,45.044","ENVELOPE(-93.326,-93.206,45.044,44.899)",Public,https://creativecommons.org/publicdomain/zero/1.0,ArcGIS FeatureLayer,ba5cc745-21c5-4ae9-954b-72dd8db6815a,05c-01,2026-10-08,published,https://hub.arcgis.com/datasets/fa9e8fe69f824b5285f096accccd3d48_0,,ArcGIS Hub,DCAT API,https://opendata.minneapolismn.gov/api/feed/dcat-us/1.1.json,,,
1ee3f8c90ba243d9916f948167e6280b_0,05c-01,Snow Emergency Pembina Tows 2018 [Minnesota--Minneapolis],Snow Emergency Pembina Tows 2018,"This is the information about the number and location of tows during this snow emergency. Tow data will be retained for all Snow Emergencies in each snow season, until there is five full seasons of snow emergencies. Disclaimer: There is an expected address error rate of between 8 and 14 percent. Snow Emergency Tows - 2017/2018 Season #2 Pembina (1/22/18 thru 1/24/18) Field Name Field Type Field Description FID Object ID Object ID Call_Taken Text Date and time tag written Customer Text Snow Emergency Location Text Address Latitude Numeric X Coordinate - Geocode Longitude Numeric Y Coordinate - Geocode Neighborho Text Name of Neighborhood Ward Text Ward number 1 - 13 Community Text Name of Community Day_identi Text Day of Event TowDist Text Tow District",eng,Tip: Check “Visit Source” link for download options.,MapIT Minneapolis,Open Data Minneapolis,,Web services,,,PublicWorks|Minneapolis|SnowEmergency|Tows|2018|SnowEmergency,2018,2018-01-30,2018-2018,Minnesota--Minneapolis|Minnesota,"-93.461,44.898,-93.204,45.048","ENVELOPE(-93.461,-93.204,45.048,44.898)",Public,https://creativecommons.org/publicdomain/zero/1.0,ArcGIS FeatureLayer,ba5cc745-21c5-4ae9-954b-72dd8db6815a,05c-01,2026-10-08,published,https://hub.arcgis.com/datasets/1ee3f8c90ba243d9916f948167e6280b_0,,ArcGIS Hub,DCAT API,https://opendata.minneapolismn.gov/api/feed/dcat-us/1.1.json,,,
6b952dfbe1fe4ab7b7121a8db0117d14_0,05c-01,Snow Emergency Pembina Tags 2018 [Minnesota--Minneapolis],Snow Emergency Pembina Tags 2018,"This is the information about the number and location of tags (parking tickets) during this snow emergency. Tag data will be retained for all Snow Emergencies in each snow season, until there is five full seasons of snow emergencies. Disclaimer: At this point we only have the tag data enclosed for day 2 and day 3 the snow emergencies. Day 1 tag data is collected manually and is not available at this time electronically. There is also an expected address error rate of between 5 and 10 percent. Snow Emergency Tags - 2017/2018 Season #2 Pembina (1/22/18 thru 1/24/18) Field Name Field Type Field Description FID Object ID Object ID Citation_N Text254 Citation Number Address Text 254 Address of the citation Latitude Numeric X Coordinate - Geocode Longitude Numeric Y Coordinate - Geocode Neighborho Text 254 Neighborhood Location Community Text 254 Community Location Ward Text 254 Ward Location Day_ID Numeric Snow Emergency Day Identifier Date Date Citation Date Code Text 254 Snow Emergency Parking Ordinance Descriptio Text 2 Snow Emergency Parking Ordinance Description Tow_Dist Double 15 Tow Districts Identifier",eng,Tip: Check “Visit Source” link for download options.,MapIT Minneapolis,Open Data Minneapolis,,Web services,,,PublicWorks|Minneapolis|SnowEmergency|Tags|2018|SnowEmergency,2018,2018-01-30,2018-2018,Minnesota--Minneapolis|Minnesota,"-93.329,44.891,-93.203,45.050","ENVELOPE(-93.329,-93.203,45.050,44.891)",Public,https://creativecommons.org/publicdomain/zero/1.0,ArcGIS FeatureLayer,ba5cc745-21c5-4ae9-954b-72dd8db6815a,05c-01,2026-10-08,published,https://hub.arcgis.com/datasets/6b952dfbe1fe4ab7b7121a8db0117d14_0,,ArcGIS Hub,DCAT API,https://opendata.minneapolismn.gov/api/feed/dcat-us/1.1.json,,,
70b24ebf7695415c8e273e91253be0ed_0,05c-01,Snow Emergency Olive Tags 2018 [Minnesota--Minneapolis],Snow Emergency Olive Tags 2018,"This is the information about the number and location of tags (parking tickets) during this snow emergency. Tag data will be retained for all Snow Emergencies in each snow season, until there is five full seasons of snow emergencies. Disclaimer: At this point we only have the tag data enclosed for day 2 and day 3 the snow emergencies. Day 1 tag data is collected manually and is not available at this time electronically. There is also an expected address error rate of between 5 and 10 percent. Snow Emergency Tags - 2017/2018 Season #1 Olive Jan (1/15/17 thru 1/17/17) Field Name Field Type Field Description FID Object ID Object ID Citation_N Text254 Citation Number Address Text 254 Address of the citation Latitude Numeric X Coordinate - Geocode Longitude Numeric Y Coordinate - Geocode Neighborho Text 254 Neighborhood Location Community Text 254 Community Location Ward Text 254 Ward Location Day_ID Numeric Snow Emergency Day Identifier Date Date Citation Date Code Text 254 Snow Emergency Parking Ordinance Descriptio Text 2 Snow Emergency Parking Ordinance Description Tow_Dist Double 15 Tow Districts Identifier",eng,Tip: Check “Visit Source” link for download options.,MapIT Minneapolis,Open Data Minneapolis,,Web services,,,PublicWorks|Minneapolis|SnowEmergency|Tags|2018|parking|SnowEmergency,2018,2018-01-23,2018-2018,Minnesota--Minneapolis|Minnesota,"-93.328,44.891,-93.206,45.051","ENVELOPE(-93.328,-93.206,45.051,44.891)",Public,https://creativecommons.org/publicdomain/zero/1.0,ArcGIS FeatureLayer,ba5cc745-21c5-4ae9-954b-72dd8db6815a,05c-01,2026-10-08,published,https://hub.arcgis.com/datasets/70b24ebf7695415c8e273e91253be0ed_0,,ArcGIS Hub,DCAT API,https://opendata.minneapolismn.gov/api/feed/dcat-us/1.1.json,,,
7b64b556fefc46df87d6502a46b9521a_0,05c-01,Snow Emergency Olive Tows 2018 [Minnesota--Minneapolis],Snow Emergency Olive Tows 2018,"This is the information about the number and location of tows during this snow emergency. Tow data will be retained for all Snow Emergencies in each snow season, until there is five full seasons of snow emergencies. Disclaimer: There is an expected address error rate of between 8 and 14 percent. Snow Emergency Tows - 2017/2018 Season #1 Olive (1/15/17 thru 1/17/17) Field Name Field Type Field Description FID Object ID Object ID Call_Taken Text Date and time tag written Customer Text Snow Emergency Location Text Address Latitude Numeric X Coordinate - Geocode Longitude Numeric Y Coordinate - Geocode Neighborho Text Name of Neighborhood Ward Text Ward number 1 - 13 Community Text Name of Community Day_identi Text Day of Event TowDist Text Tow District",eng,Tip: Check “Visit Source” link for download options.,MapIT Minneapolis,Open Data Minneapolis,,Web services,,,PublicWorks|Minneapolis|SnowEmergency|Tows|2018|SnowEmergency,2018,2018-01-23,2018-2018,Minnesota--Minneapolis|Minnesota,"-93.319,44.892,-93.213,45.050","ENVELOPE(-93.319,-93.213,45.050,44.892)",Public,https://creativecommons.org/publicdomain/zero/1.0,ArcGIS FeatureLayer,ba5cc745-21c5-4ae9-954b-72dd8db6815a,05c-01,2026-10-08,published,https://hub.arcgis.com/datasets/7b64b556fefc46df87d6502a46b9521a_0,,ArcGIS Hub,DCAT API,https://opendata.minneapolismn.gov/api/feed/dcat-us/1.1.json,,,
9cdebb43979247f79c003e85874f0dc0_0,05c-01,Snow Emergency Quincy Tows 2019 [Minnesota--Minneapolis],Snow Emergency Quincy Tows 2019,"This is the information about the number and location of tows during this snow emergency. Tow data will be retained for all Snow Emergencies in each snow season, until there is five full seasons of snow emergencies. Disclaimer: There is an expected address error rate of between 8 and 14 percent. Snow Emergency Tows - 2018/2019 Season #1 Quincy (1/28/19 thru 1/30/19) Field Name Field Type Field Description FID Object ID Object ID Call_Taken Text Date and time tag written Customer Text Snow Emergency Location Text Address Latitude Numeric X Coordinate - Geocode Longitude Numeric Y Coordinate - Geocode Neighborho Text Name of Neighborhood Ward Text Ward number 1 - 13 Community Text Name of Community Day_identi Text Day of Event TowDist Text Tow District",eng,Tip: Check “Visit Source” link for download options.,MapIT Minneapolis,Open Data Minneapolis,,Web services,,,PublicWorks|Minneapolis|SnowEmergency|Tows|2019|SnowEmergency,2019,2019-01-31,2019-2019,Minnesota--Minneapolis|Minnesota,"-93.316,44.894,-93.207,45.051","ENVELOPE(-93.316,-93.207,45.051,44.894)",Public,https://creativecommons.org/publicdomain/zero/1.0,ArcGIS FeatureLayer,ba5cc745-21c5-4ae9-954b-72dd8db6815a,05c-01,2026-10-08,published,https://hub.arcgis.com/datasets/9cdebb43979247f79c003e85874f0dc0_0,,ArcGIS Hub,DCAT API,https://opendata.minneapolismn.gov/api/feed/dcat-us/1.1.json,,,
34d5c4f3f50745aa870ffe080895e80a_0,05c-01,Snow Emergency Quincy Tags 2019 [Minnesota--Minneapolis],Snow Emergency Quincy Tags 2019,"This is the information about the number and location of tags (parking tickets) during this snow emergency. Tag data will be retained for all Snow Emergencies in each snow season, until there is five full seasons of snow emergencies. Disclaimer: At this point we only have the tag data enclosed for day 2 and day 3 the snow emergencies. Day 1 tag data is collected manually and is not available at this time electronically. There is also an expected address error rate of between 5 and 10 percent. Snow Emergency Tags - 2018/2019 Season #1 Quincy (1/28/19 thru 1/30/19) Field Name Field Type Field Description FID Object ID Object ID Citation_N Text254 Citation Number Address Text 254 Address of the citation Latitude Numeric X Coordinate - Geocode Longitude Numeric Y Coordinate - Geocode Neighborho Text 254 Neighborhood Location Community Text 254 Community Location Ward Text 254 Ward Location Day_ID Numeric Snow Emergency Day Identifier Date Date Citation Date Code Text 254 Snow Emergency Parking Ordinance Descriptio Text 2 Snow Emergency Parking Ordinance Description Tow_Dist Double 15 Tow Districts Identifier",eng,Tip: Check “Visit Source” link for download options.,MapIT Minneapolis,Open Data Minneapolis,,Web services,,,PublicWorks|Minneapolis|SnowEmergency|Tags|2019|SnowEmergency,2019,2019-01-31,2019-2019,Minnesota--Minneapolis|Minnesota,"-93.328,44.891,-93.205,45.049","ENVELOPE(-93.328,-93.205,45.049,44.891)",Public,https://creativecommons.org/publicdomain/zero/1.0,ArcGIS FeatureLayer,ba5cc745-21c5-4ae9-954b-72dd8db6815a,05c-01,2026-10-08,published,https://hub.arcgis.com/datasets/34d5c4f3f50745aa870ffe080895e80a_0,,ArcGIS Hub,DCAT API,https://opendata.minneapolismn.gov/api/feed/dcat-us/1.1.json,,,
06109d24bde2472c8f53cfaab298eaad_0,05c-01,Snow Emergency Westminster Tows 2019 [Minnesota--Minneapolis],Snow Emergency Westminster Tows 2019,"This is the information about the number and location of tows during this snow emergency. Tow data will be retained for all Snow Emergencies in each snow season, until there is five full seasons of snow emergencies. Disclaimer: There is an expected address error rate of between 8 and 14 percent. Snow Emergency Tows - 2018/2019 Season #3 Westminster (2/12/19 thru 2/14/19) Field Name Field Type Field Description FID Object ID Object ID Call_Taken Text Date and time tag written Customer Text Snow Emergency Location Text Address Latitude Numeric X Coordinate - Geocode Longitude Numeric Y Coordinate - Geocode Day Text Day of event Ward Text Ward number 1 - 13 Community Text Name of Community Neighborho Text Name of Neighborhood Tow Text Tow District",eng,Tip: Check “Visit Source” link for download options.,MapIT Minneapolis,Open Data Minneapolis,,Web services,,,Minneapolis|SnowEmergency|PublicWorks|Tows|2019|SnowEmergency,2019,2019-02-15,2019-2019,Minnesota--Minneapolis|Minnesota,"-93.326,44.898,-93.208,45.048","ENVELOPE(-93.326,-93.208,45.048,44.898)",Public,https://creativecommons.org/publicdomain/zero/1.0,ArcGIS FeatureLayer,ba5cc745-21c5-4ae9-954b-72dd8db6815a,05c-01,2026-10-08,published,https://hub.arcgis.com/datasets/06109d24bde2472c8f53cfaab298eaad_0,,ArcGIS Hub,DCAT API,https://opendata.minneapolismn.gov/api/feed/dcat-us/1.1.json,,,
4ccfbb85578f4504b9419db32003fa0e_0,05c-01,Snow Emergency Westminster Tags 2019 [Minnesota--Minneapolis],Snow Emergency Westminster Tags 2019,"This is the information about the number and location of tags (parking tickets) during this snow emergency. Tag data will be retained for all Snow Emergencies in each snow season, until there is five full seasons of snow emergencies. Disclaimer: At this point we only have the tag data enclosed for day 2 and day 3 the snow emergencies. Day 1 tag data is collected manually and is not available at this time electronically. There is also an expected address error rate of between 5 and 10 percent. Snow Emergency Tags - 2018/2019 Season #3 Westminster (2/12/19 thru 2/14/19) Field Name Field Type Field Description FID Object ID Object ID Citation_N Text254 Citation Number Address Text 254 Address of the citation Latitude Numeric X Coordinate - Geocode Longitude Numeric Y Coordinate - Geocode Neighborho Text 254 Neighborhood Location Community Text 254 Community Location Ward Text 254 Ward Location Day_ID Numeric Snow Emergency Day Identifier Date Date Citation Date Code Text 254 Snow Emergency Parking Ordinance Descriptio Text 2 Snow Emergency Parking Ordinance Description Tow_Dist Double 15 Tow Districts Identifier",eng,Tip: Check “Visit Source” link for download options.,MapIT Minneapolis,Open Data Minneapolis,,Web services,,,Minneapolis|SnowEmergency|PublicWorks|Tags|2019|SnowEmergency,2019,2019-02-15,2019-2019,Minnesota--Minneapolis|Minnesota,"-93.328,44.891,-93.205,45.051","ENVELOPE(-93.328,-93.205,45.051,44.891)",Public,https://creativecommons.org/publicdomain/zero/1.0,ArcGIS FeatureLayer,ba5cc745-21c5-4ae9-954b-72dd8db6815a,05c-01,2026-10-08,published,https://hub.arcgis.com/datasets/4ccfbb85578f4504b9419db32003fa0e_0,,ArcGIS Hub,DCAT API,https://opendata.minneapolismn.gov/api/feed/dcat-us/1.1.json,,,
b967f5c249e640bca562b35b45eeac23_0,05c-01,Snow Emergency Yale Tags 2019 [Minnesota--Minneapolis],Snow Emergency Yale Tags 2019,"This is the information about the number and location of tags (parking tickets) during this snow emergency. Tag data will be retained for all Snow Emergencies in each snow season, until there is five full seasons of snow emergencies. Disclaimer: At this point we only have the tag data enclosed for day 2 and day 3 the snow emergencies. Day 1 tag data is collected manually and is not available at this time electronically. There is also an expected address error rate of between 5 and 10 percent. Snow Emergency Tags - 2018/2019 Season #4 Yale (2/20/19 thru 2/22/19) Field Name Field Type Field Description FID Object ID Object ID Citation_N Text254 Citation Number Address Text 254 Address of the citation Latitude Numeric X Coordinate - Geocode Longitude Numeric Y Coordinate - Geocode Neighborho Text 254 Neighborhood Location Community Text 254 Community Location Ward Text 254 Ward Location Day_ID Numeric Snow Emergency Day Identifier Date Date Citation Date Code Text 254 Snow Emergency Parking Ordinance Descriptio Text 2 Snow Emergency Parking Ordinance Description Tow_Dist Double 15 Tow Districts Identifier",eng,Tip: Check “Visit Source” link for download options.,MapIT Minneapolis,Open Data Minneapolis,,Web services,,,Minneapolis|SnowEmergency|PublicWorks|Tags|2019|SnowEmergency,2019,2019-02-25,2019-2019,Minnesota--Minneapolis|Minnesota,"-93.329,44.891,-93.203,45.050","ENVELOPE(-93.329,-93.203,45.050,44.891)",Public,https://creativecommons.org/publicdomain/zero/1.0,ArcGIS FeatureLayer,ba5cc745-21c5-4ae9-954b-72dd8db6815a,05c-01,2026-10-08,published,https://hub.arcgis.com/datasets/b967f5c249e640bca562b35b45eeac23_0,,ArcGIS Hub,DCAT API,https://opendata.minneapolismn.gov/api/feed/dcat-us/1.1.json,,,
e9ff65d83e744cce9ee6555ba5850449_0,05c-01,Snow Emergency Yale Tows 2019 [Minnesota--Minneapolis],Snow Emergency Yale Tows 2019,"This is the information about the number and location of tows during this snow emergency. Tow data will be retained for all Snow Emergencies in each snow season, until there is five full seasons of snow emergencies. Disclaimer: There is an expected address error rate of between 8 and 14 percent. Snow Emergency Tows - 2018/2019 Season #4 Yale (2/20/19 thru 2/22/19) Field Name Field Type Field Description FID Object ID Object ID Call_Taken Text Date and time tag written Customer Text Snow Emergency Location Text Address Latitude Numeric X Coordinate - Geocode Longitude Numeric Y Coordinate - Geocode Day Text Day of event Ward Text Ward number 1 - 13 Community Text Name of Community Neighborho Text Name of Neighborhood Tow Text Tow District",eng,Tip: Check “Visit Source” link for download options.,MapIT Minneapolis,Open Data Minneapolis,,Web services,,,Minneapolis|SnowEmergency|PublicWorks|Tows|2019|SnowEmergency,2019,2019-02-25,2019-2019,Minnesota--Minneapolis|Minnesota,"-93.326,44.894,-93.202,45.050","ENVELOPE(-93.326,-93.202,45.050,44.894)",Public,https://creativecommons.org/publicdomain/zero/1.0,ArcGIS FeatureLayer,ba5cc745-21c5-4ae9-954b-72dd8db6815a,05c-01,2026-10-08,published,https://hub.arcgis.com/datasets/e9ff65d83e744cce9ee6555ba5850449_0,,ArcGIS Hub,DCAT API,https://opendata.minneapolismn.gov/api/feed/dcat-us/1.1.json,,,
e58926289dda4ecc97d5534bab700241_0,05c-01,Snow Emergency Armatage Tows 2019 [Minnesota--Minneapolis],Snow Emergency Armatage Tows 2019,"This is the information about the number and location of tows during this snow emergency. Tow data will be retained for all Snow Emergencies in each snow season, until there is five full seasons of snow emergencies. Disclaimer: There is an expected address error rate of between 8 and 14 percent. Snow Emergency Tows - 2018/2019 Season #5 Armatage (2/24/19 thru 2/26/19) Field Name Field Type Field Description FID Object ID Object ID Call_Taken Text Date and time tag written Customer Text Snow Emergency Location Text Address Latitude Numeric X Coordinate - Geocode Longitude Numeric Y Coordinate - Geocode Day Text Day of event Ward Text Ward number 1 - 13 Community Text Name of Community Neighborho Text Name of Neighborhood Tow Text Tow District",eng,Tip: Check “Visit Source” link for download options.,MapIT Minneapolis,Open Data Minneapolis,,Web services,,,Minneapolis|SnowEmergency|PublicWorks|Tows|2019|SnowEmergency,2019,2019-02-27,2019-2019,Minnesota--Minneapolis|Minnesota,"-93.316,44.892,-93.209,45.050","ENVELOPE(-93.316,-93.209,45.050,44.892)",Public,https://creativecommons.org/publicdomain/zero/1.0,ArcGIS FeatureLayer,ba5cc745-21c5-4ae9-954b-72dd8db6815a,05c-01,2026-10-08,published,https://hub.arcgis.com/datasets/e58926289dda4ecc97d5534bab700241_0,,ArcGIS Hub,DCAT API,https://opendata.minneapolismn.gov/api/feed/dcat-us/1.1.json,,,
4f7b485453a84d46b0a9a34980bfe968_0,05c-01,Snow Emergency Armatage Tags 2019 [Minnesota--Minneapolis],Snow Emergency Armatage Tags 2019,"This is the information about the number and location of tags (parking tickets) during this snow emergency. Tag data will be retained for all Snow Emergencies in each snow season, until there is five full seasons of snow emergencies. Disclaimer: At this point we only have the tag data enclosed for day 2 and day 3 the snow emergencies. Day 1 tag data is collected manually and is not available at this time electronically. There is also an expected address error rate of between 5 and 10 percent. Snow Emergency Tags - 2018/2019 Season #5 Armatage (2/24/19 thru 2/26/19) Field Name Field Type Field Description FID Object ID Object ID Citation_N Text254 Citation Number Address Text 254 Address of the citation Latitude Numeric X Coordinate - Geocode Longitude Numeric Y Coordinate - Geocode Neighborho Text 254 Neighborhood Location Community Text 254 Community Location Ward Text 254 Ward Location Day_ID Numeric Snow Emergency Day Identifier Date Date Citation Date Code Text 254 Snow Emergency Parking Ordinance Descriptio Text 2 Snow Emergency Parking Ordinance Description Tow_Dist Double 15 Tow Districts Identifier",eng,Tip: Check “Visit Source” link for download options.,MapIT Minneapolis,Open Data Minneapolis,,Web services,,,Minneapolis|SnowEmergency|PublicWorks|Tags|2019|SnowEmergency,2019,2019-02-27,2019-2019,Minnesota--Minneapolis|Minnesota,"-93.329,44.891,-93.206,45.050","ENVELOPE(-93.329,-93.206,45.050,44.891)",Public,https://creativecommons.org/publicdomain/zero/1.0,ArcGIS FeatureLayer,ba5cc745-21c5-4ae9-954b-72dd8db6815a,05c-01,2026-10-08,published,https://hub.arcgis.com/datasets/4f7b485453a84d46b0a9a34980bfe968_0,,ArcGIS Hub,DCAT API,https://opendata.minneapolismn.gov/api/feed/dcat-us/1.1.json,,,
386fda92f6db45ddb48765259abe461c_0,05c-01,Stormwater Catch Basins [Minnesota--Minneapolis],Stormwater Catch Basins,"Field Name Field Description Attribute Description FACILITY_ID Surface Water and Sewers Division Unique Identifier X_COORD The X coordinate for the catch basin used for modeling purposes. Y_COORD The Y coordinate for the catch basin used for modeling purposes. YEAR_BUILT Year the catch basin was installed DIAMETER_IN Diameter of structure in inches Values range from 1 to 96 WIDTH_IN Width of catch basin in inches Values range from 1 to 96 HEIGHT_IN Height of catch basin in inches Values range from 1 to 82 GRATE_TYPE Grate Cover Type (SQRVAN) SQUARE VANE GRATE (SEWR-2008), (CVAN) CIRCULAR VANE GRATE (SEWR-2003), (APR) ALLEY APRON CB GRATE (SEWR 5014), (CTABVAN) CIRCULAR TABBED VANE GRATE (SEWR-2009, SEWR-2010), (SQSLT) SQUARE SLOTTED GRATE (SEWR-7009, SEWR-5003), (SQRVAN814) SQUARE VANE GRATE MNDOT 814A, (SCB) SIDE CATCH BASIN (SEWR-5000), (JAKE1013) JAKE GRATE (SEWR-1013), (GRNSPC) MPRB GREEN SPACE GRATE (SEWR-7002), (CTABSLT) CIRCULAR TABBED SLOTTED GRATE (SEWR-5004), (CSLTCONV) CIRCULAR SLOTTED CONVEX GRATE (SEWR-5005), (CSLTCONC) CIRCULAR SLOTTED CONCAVE GRATE, (NART1) MPRB NARROW TYPE 1 GRATE (SEWR-7003), (NART2) MPRB NARROW TYPE 2 GRATE (SEWR-7004), (NART3) MPRB NARROW TYPE 3 GRATE (SEWR-7005), (RECTSLT) MPRB RECTANGULAR SLOTTED GRATE (SEWR-7007), (RECTVAN) MPRB RECTANGULAR VANE GRATE (SEWR-7008), (BEEH) BEEHIVE GRATE, (WATHOG) WATER HOG, (SLOT) SLOT DRAIN (SEWR-4016), (OTH) OTHER FEATURE_TYPE The type of opening on the Catch Basin (GRTCRB) GRATED WITH CURB OPENING, (GRT) GRATED, (CRB) CURB OPENING STRUCTURAL_SHAPE Shape of the storm drain LAST_MODIFIED_DATE Date of the last update made by SWS staff SUMP_ELEV Indicates the sump (bottom) elevation of the structure. This elevation is measured using NGVD 1929 COVER_TYPE Grate Cover Type (H1) 1 HOLE COVER, (H7) 7 HOLE COVER, (SSL) SELF SEALING, (DIAM36) 36 DIAMETER, (HEX) HEXAGONAL, (DIAM48) 48 DIAMETER, (DIAM42) 42 DIAMETER, (SQRVAN) SQUARE VANE GRATE SEWR, (CSLTCONC) CIRCULAR SLOTTED CONCAVE GRATE, (CSLTCONV) CIRCULAR SLOTTED CONVEX GRATE SEWR, (CTABSLT) CIRCULAR TABBED SLOTTED GRATE SEWR, (CTABVAN) CIRCULAR TABBED VANE GRATE SEWR 2009 SEWR, (CVAN) CIRCULAR VANE GRATE SEWR, (APR) ALLEY APRON CB GRATE SEWR, (ART) ART BRONZE, (NART1) MPRB NARROW TYPE 1 GRATE SEWR, (GRNSPC) MPRB GREEN SPACE GRATE SEWR, (NART2) MPRB NARROW TYPE 2 GRATE SEWR, (NART3) MPRB NARROW TYPE 3 GRATE SEWR, (RECTSLT) MPRB RECTANGULAR SLOTTED GRATE SEWR, (RECTVAN) MPRB RECTANGULAR VANE GRATE SEWR, (SQSLT) SQUARE SLOTTED GRATE SEWR 7009 SEWR, (SQRVAN814) SQUARE VANE GRATE MNDOT 814A, (WATHOG) WATER HOG, (JAKEGRT) JAKE GRATE SEWR, (SCB) SIDE CATCH BASIN SEWR, (BEEH) BEEHIVE GRATE, (OTH) OTHER.",eng,Tip: Check “Visit Source” link for download options.,MapIT Minneapolis,Open Data Minneapolis,,Web services,,,OpenData|PublicWorks|CatchBasins|Stormwater|SWS,Last Modified: 2023-10-13,2019-01-18,2023-2023,Minnesota--Minneapolis|Minnesota,"-93.331,44.887,-93.197,45.051","ENVELOPE(-93.331,-93.197,45.051,44.887)",Public,https://creativecommons.org/publicdomain/zero/1.0,ArcGIS FeatureLayer,ba5cc745-21c5-4ae9-954b-72dd8db6815a,05c-01,2026-10-08,published,https://hub.arcgis.com/datasets/386fda92f6db45ddb48765259abe461c_0,,ArcGIS Hub,DCAT API,https://opendata.minneapolismn.gov/api/feed/dcat-us/1.1.json,,,
de15d2f88b4a42b4b951fc35606320a4_0,05c-01,PW Planimetric Polygons [Minnesota--Minneapolis],PW Planimetric Polygons,"For questions about this data please contact PublicWorksOpenData@minneapolismn.gov Attribute Overview: Sport Court, Driveway Apron, Sport Field, Sport Infield, Playground, Building. Fields: Field Name Field Type Field Description OBJECTID Object ID Unique ID PLAN_POLY_REVD Date Graphic revision date SOURCE Text Source of data SOURCE_DATE Date Source date PLAN_POLY_CREATED Date Graphic creation date SYMBOL_NAME Text Graphic symbol name Shape Geometry Geometry Shape.STArea() Double Graphic area Shape.STLength() Double Graphic perimeter Symbol Name Definitions Symbol Name Definition BUILDING Building DRIVE_APRON Roadway Driveway Apron PLAYGROUND Sports & Recreation Playground SPORT_COURT Sports & Recreation Court SPORT_FIELD Sports & Recreation Field SPORT_INFIELD Sports & Recreation Infield",eng,Tip: Check “Visit Source” link for download options.,MapIT Minneapolis,Open Data Minneapolis,,Web services,Polygon data,,OpenData|Minneapolis|PublicWorks|Centerline|Planimetric,Last Modified: 2018-08-03,2018-02-21,2018-2018,Minnesota--Minneapolis|Minnesota,"-93.330,44.889,-93.185,45.052","ENVELOPE(-93.330,-93.185,45.052,44.889)",Public,https://creativecommons.org/publicdomain/zero/1.0,ArcGIS FeatureLayer,ba5cc745-21c5-4ae9-954b-72dd8db6815a,05c-01,2026-10-08,published,https://hub.arcgis.com/datasets/de15d2f88b4a42b4b951fc35606320a4_0,,ArcGIS Hub,DCAT API,https://opendata.minneapolismn.gov/api/feed/dcat-us/1.1.json,,,
ae864fe030134ceb8115aa95b4e97378_0,05c-01,PW Planimetric Points [Minnesota--Minneapolis],PW Planimetric Points,"For questions about this data please contact PublicWorksOpenData@minneapolismn.gov Attribute Overview: Lighting Pole, Post, Power Pole, Lighting, Parking Meter, Traffic Sign, Water Hydrant, Hedge, Shrub, Tree Coniferous, Tree Deciduous. Fields: Field Name Field Type Field Description OBJECTID Object ID Unique ID PLAN_PT_REVD Date Graphic revision date SOURCE Text Source of data SOURCE_DATE Date Source date PLAN_PT_CREATED Date Graphic creation date SYMBOL_NAME Text Graphic symbol name Shape Geometry Geometry Symbol Name Definitions Symbol Name Definition HYDRANT Water Hydrant POST Post POWER_POLE Power Pole PRKG_METER Traffic Parking Meter STREET_LIGHT Traffic Lighting STREET_SIGN Traffic Sign TREE_CONIF Tree Coniferous TREE_DECID Tree Deciduous",eng,Tip: Check “Visit Source” link for download options.,MapIT Minneapolis,Open Data Minneapolis,,Web services,,,OpenData|Minneapolis|PublicWorks|Centerline|Planimetric,Last Modified: 2018-08-03,2018-02-21,2018-2018,Minnesota--Minneapolis|Minnesota,"-95.300,44.501,-93.190,45.052","ENVELOPE(-95.300,-93.190,45.052,44.501)",Public,https://creativecommons.org/publicdomain/zero/1.0,ArcGIS FeatureLayer,ba5cc745-21c5-4ae9-954b-72dd8db6815a,05c-01,2026-10-08,published,https://hub.arcgis.com/datasets/ae864fe030134ceb8115aa95b4e97378_0,,ArcGIS Hub,DCAT API,https://opendata.minneapolismn.gov/api/feed/dcat-us/1.1.json,,,
3d33a4f94a004fb5816936708642e045_0,05c-01,Police Incidents 2017 [Minnesota--Minneapolis],Police Incidents 2017,For questions about this data please contact PoliceOpenData@minneapolismn.gov Police Incidents for 2017,eng,Tip: Check “Visit Source” link for download options.,MapIT Minneapolis,Open Data Minneapolis,,Web services,,,Minneapolis|OpenData|Police|PublicSafety,2017,2018-02-28,2017-2017,Minnesota--Minneapolis|Minnesota,"-93.329,0.000,0.000,45.051","ENVELOPE(-93.329,0.000,45.051,0.000)",Public,https://creativecommons.org/publicdomain/zero/1.0,ArcGIS FeatureLayer,ba5cc745-21c5-4ae9-954b-72dd8db6815a,05c-01,2026-10-08,published,https://hub.arcgis.com/datasets/3d33a4f94a004fb5816936708642e045_0,,ArcGIS Hub,DCAT API,https://opendata.minneapolismn.gov/api/feed/dcat-us/1.1.json,,,
58e6f399e0f04c568b3ba45086d15818_0,05c-01,Police Incidents 2018 [Minnesota--Minneapolis],Police Incidents 2018,"Police Incidents for 2018 from CAPRS. ***Discontinued on June 5th, 2018 as CAPRS was replaced with PIMS***",eng,Tip: Check “Visit Source” link for download options.,MapIT Minneapolis,Open Data Minneapolis,,Web services,,,Minneapolis|OpenData|Police|PublicSafety|PublicSafety,2018,2018-02-28,2018-2018,Minnesota--Minneapolis|Minnesota,"-93.329,0.000,0.000,45.051","ENVELOPE(-93.329,0.000,45.051,0.000)",Public,https://creativecommons.org/publicdomain/zero/1.0,ArcGIS FeatureLayer,ba5cc745-21c5-4ae9-954b-72dd8db6815a,05c-01,2026-10-08,published,https://hub.arcgis.com/datasets/58e6f399e0f04c568b3ba45086d15818_0,,ArcGIS Hub,DCAT API,https://opendata.minneapolismn.gov/api/feed/dcat-us/1.1.json,,,
0180b00a373f49cdb1ac85ec47a70e86_0,05c-01,Fire Stations Areas [Minnesota--Minneapolis],Fire Stations Areas,,eng,Tip: Check “Visit Source” link for download options.,MapIT Minneapolis,Open Data Minneapolis,,Web services,,,Minneapolis|FireDepartment|Fire|MFD|StationAreas,Last Modified: 2018-05-11,2018-05-11,2018-2018,Minnesota--Minneapolis|Minnesota,"-93.329,44.890,-93.190,45.051","ENVELOPE(-93.329,-93.190,45.051,44.890)",Public,https://creativecommons.org/publicdomain/zero/1.0,ArcGIS FeatureLayer,ba5cc745-21c5-4ae9-954b-72dd8db6815a,05c-01,2026-10-08,published,https://hub.arcgis.com/datasets/0180b00a373f49cdb1ac85ec47a70e86_0,,ArcGIS Hub,DCAT API,https://opendata.minneapolismn.gov/api/feed/dcat-us/1.1.json,,,
e697e12884fd4421abaf4a71b513f509_0,05c-01,Fire Stations [Minnesota--Minneapolis],Fire Stations,,eng,Tip: Check “Visit Source” link for download options.,MapIT Minneapolis,Open Data Minneapolis,,Web services,,,Minneapolis|FireStations,Last Modified: 2025-08-21,2018-05-11,2025-2025,Minnesota--Minneapolis|Minnesota,"-93.320,44.905,-93.224,45.040","ENVELOPE(-93.320,-93.224,45.040,44.905)",Public,https://creativecommons.org/publicdomain/zero/1.0,ArcGIS FeatureLayer,ba5cc745-21c5-4ae9-954b-72dd8db6815a,05c-01,2026-10-08,published,https://hub.arcgis.com/datasets/e697e12884fd4421abaf4a71b513f509_0,,ArcGIS Hub,DCAT API,https://opendata.minneapolismn.gov/api/feed/dcat-us/1.1.json,,,
a31f298136c04b06886e7c9167b80147_0,05c-01,Planning Secondary Zoning [Minnesota--Minneapolis],Planning Secondary Zoning,,eng,Tip: Check “Visit Source” link for download options.,MapIT Minneapolis,Open Data Minneapolis,,Web services,,Property,Minneapolis|Zoning|Planning|PublicSafety,Last Modified: 2018-04-12,2018-04-12,2018-2018,Minnesota--Minneapolis|Minnesota,"-93.329,44.891,-93.194,45.051","ENVELOPE(-93.329,-93.194,45.051,44.891)",Public,https://creativecommons.org/publicdomain/zero/1.0,ArcGIS FeatureLayer,ba5cc745-21c5-4ae9-954b-72dd8db6815a,05c-01,2026-10-08,published,https://hub.arcgis.com/datasets/a31f298136c04b06886e7c9167b80147_0,,ArcGIS Hub,DCAT API,https://opendata.minneapolismn.gov/api/feed/dcat-us/1.1.json,,,
8d110c659d614474839c9c0642d8974a_0,05c-01,Pedestrian and Bicycle Trails [Minnesota--Minneapolis],Pedestrian and Bicycle Trails,"For questions about this data, please contact PublicWorksOpenData@minneapolismn.gov",eng,Tip: Check “Visit Source” link for download options.,MapIT Minneapolis,Open Data Minneapolis,,Web services,,,minneapolis|trails|bike|bicycling|Assets,Last Modified: 2015-12-02,2013-07-08,2015-2015,Minnesota--Minneapolis|Minnesota,"-93.329,44.901,-93.197,45.051","ENVELOPE(-93.329,-93.197,45.051,44.901)",Public,https://creativecommons.org/publicdomain/zero/1.0,ArcGIS FeatureLayer,ba5cc745-21c5-4ae9-954b-72dd8db6815a,05c-01,2026-10-08,published,https://hub.arcgis.com/datasets/8d110c659d614474839c9c0642d8974a_0,,ArcGIS Hub,DCAT API,https://opendata.minneapolismn.gov/api/feed/dcat-us/1.1.json,,,
7076d964eeab481bb37632b28b8cdcbd_0,05c-01,PW Bike Trails [Minnesota--Minneapolis],PW Bike Trails,"For questions about this data please contact PublicWorksOpenData@minneapolismn.gov Attribute Overview : Bike Trail centerline, Text. Fields: Field Name Field Type Field Description OBJECTID Object ID Unique ID TRAIL_NAME Text Trail name SYMBOL_NAME Text Graphic symbol name SEGMENT_LENGTH Double Graphic length BIKE_TRAIL_CLINE_CREATED Date Graphic creation date BIKE_TRAIL_CLINE_REVD Date Graphic revision date TRAIL_F_NAME Text Trail from name TRAIL_T_NAME Text Trail to name Shape Geometry Geometry Shape.STLength() Double Graphic length Symbol Name Definitions: Symbol Name Definition TRAIL_BIKE Bike Trail Centerline",eng,Tip: Check “Visit Source” link for download options.,MapIT Minneapolis,Open Data Minneapolis,,Web services,,,OpenData|Minneapolis|PublicWorks|Centerline|Trails|Bikes,Last Modified: 2018-02-21,2018-02-21,2018-2018,Minnesota--Minneapolis|Minnesota,"-93.329,44.901,-93.198,45.051","ENVELOPE(-93.329,-93.198,45.051,44.901)",Public,https://creativecommons.org/publicdomain/zero/1.0,ArcGIS FeatureLayer,ba5cc745-21c5-4ae9-954b-72dd8db6815a,05c-01,2026-10-08,published,https://hub.arcgis.com/datasets/7076d964eeab481bb37632b28b8cdcbd_0,,ArcGIS Hub,DCAT API,https://opendata.minneapolismn.gov/api/feed/dcat-us/1.1.json,,,
8c73c329d6fa42b3b2069dbe64c7cdfc_0,05c-01,PW Railroads [Minnesota--Minneapolis],PW Railroads,"For questions about this data please contact PublicWorksOpenData@minneapolismn.gov Attribute Overview: Light Rail Transit Main centerline, Light Rail Transit Spur centerline, Light Rail Transit Yard centerline, Railroad Abandoned centerline, Railroad Main centerline, Railroad Spur centerline, Railroad Yard centerline, Streetcar Main centerline, Streetcar Spur centerline, Streetcar Yard centerline, Text. Fields: Field Name Field Type Field Description OBJECTID Object ID Unique ID RAIL_CLINE_REVD Date Graphic revision date RAIL_CLINE_CREATED Date Graphic creation date SYMBOL_NAME Text Graphic symbol name RR_ABBR Text Railroad abbreviated name RR_NAME Text Railroad name Shape Geometry Geometry Shape.STLength() Double Graphic length Symbol Name Definitions Symbol Name Definition RAIL_LRT_MAIN Centerline Railway Light Rail Transit Main RAIL_LRT_SPUR Centerline Railway Light Rail Transit Spur RAIL_RR_MAIN Centerline Railway Railroad Main RAIL_RR_SPUR Centerline Railway Railroad Spur RAIL_STCAR_MAIN Centerline Railway Streetcar Main RAIL_STCAR_SPUR Centerline Railway Streetcar Spur",eng,Tip: Check “Visit Source” link for download options.,MapIT Minneapolis,Open Data Minneapolis,,Web services,,Transportation,OpenData|Minneapolis|PublicWorks|Centerline|Railroad,Last Modified: 2018-02-21,2018-02-21,2018-2018,Minnesota--Minneapolis|Minnesota,"-93.330,44.890,-93.202,45.043","ENVELOPE(-93.330,-93.202,45.043,44.890)",Public,https://creativecommons.org/publicdomain/zero/1.0,ArcGIS FeatureLayer,ba5cc745-21c5-4ae9-954b-72dd8db6815a,05c-01,2026-10-08,published,https://hub.arcgis.com/datasets/8c73c329d6fa42b3b2069dbe64c7cdfc_0,,ArcGIS Hub,DCAT API,https://opendata.minneapolismn.gov/api/feed/dcat-us/1.1.json,,,
582d73921317450b85b6a8d6feba991e_0,05c-01,Snow Emergency Yardville Tags 2018 [Minnesota--Minneapolis],Snow Emergency Yardville Tags 2018,"This is the information about the number and location of tags (parking tickets) during this snow emergency. Tag data will be retained for all Snow Emergencies in each snow season, until there is five full seasons of snow emergencies. Disclaimer: At this point we only have the tag data enclosed for day 2 and day 3 the snow emergencies. Day 1 tag data is collected manually and is not available at this time electronically. There is also an expected address error rate of between 5 and 10 percent. Snow Emergency Tags - 2017/2018 Season #4 Yardville (2/25/18 thru 2/27/18) Field Name Field Type Field Description FID Object ID Object ID Citation_N Text254 Citation Number Address Text 254 Address of the citation Latitude Numeric X Coordinate - Geocode Longitude Numeric Y Coordinate - Geocode Neighborho Text 254 Neighborhood Location Community Text 254 Community Location Ward Text 254 Ward Location Day_ID Numeric Snow Emergency Day Identifier Date Date Citation Date Code Text 254 Snow Emergency Parking Ordinance Descriptio Text 2 Snow Emergency Parking Ordinance Description Tow_Dist Double 15 Tow Districts Identifier",eng,Tip: Check “Visit Source” link for download options.,MapIT Minneapolis,Open Data Minneapolis,,Web services,,,PublicWorks|Minneapolis|SnowEmergency|Tags|2018,2018,2018-03-05,2018-2018,Minnesota--Minneapolis|Minnesota,"-93.328,44.892,-93.203,45.051","ENVELOPE(-93.328,-93.203,45.051,44.892)",Public,https://creativecommons.org/publicdomain/zero/1.0,ArcGIS FeatureLayer,ba5cc745-21c5-4ae9-954b-72dd8db6815a,05c-01,2026-10-08,published,https://hub.arcgis.com/datasets/582d73921317450b85b6a8d6feba991e_0,,ArcGIS Hub,DCAT API,https://opendata.minneapolismn.gov/api/feed/dcat-us/1.1.json,,,
610bf83e7ce748b3bbc8ceabda286ffe_0,05c-01,Snow Emergency Yardville Tows 2018 [Minnesota--Minneapolis],Snow Emergency Yardville Tows 2018,"This is the information about the number and location of tows during this snow emergency. Tow data will be retained for all Snow Emergencies in each snow season, until there is five full seasons of snow emergencies. Disclaimer: There is an expected address error rate of between 8 and 14 percent. Snow Emergency Tows - 2017/2018 Season #4 Yardville (2/25/18 thru 2/27/18) Field Name Field Type Field Description FID Object ID Object ID Call_Taken Text Date and time tag written Customer Text Snow Emergency Location Text Address Latitude Numeric X Coordinate - Geocode Longitude Numeric Y Coordinate - Geocode Neighborho Text Name of Neighborhood Ward Text Ward number 1 - 13 Community Text Name of Community Day_identi Text Day of Event TowDist Text Tow District",eng,Tip: Check “Visit Source” link for download options.,MapIT Minneapolis,Open Data Minneapolis,,Web services,,,PublicWorks|Minneapolis|SnowEmergency|Tows|2018,2018,2018-03-05,2018-2018,Minnesota--Minneapolis|Minnesota,"-93.324,44.892,-93.208,45.039","ENVELOPE(-93.324,-93.208,45.039,44.892)",Public,https://creativecommons.org/publicdomain/zero/1.0,ArcGIS FeatureLayer,ba5cc745-21c5-4ae9-954b-72dd8db6815a,05c-01,2026-10-08,published,https://hub.arcgis.com/datasets/610bf83e7ce748b3bbc8ceabda286ffe_0,,ArcGIS Hub,DCAT API,https://opendata.minneapolismn.gov/api/feed/dcat-us/1.1.json,,,
44476aa8a6b148f3ba6328d46c0c9b27_0,05c-01,Snow Emergency Xerxes Tows 2018 [Minnesota--Minneapolis],Snow Emergency Xerxes Tows 2018,"This is the information about the number and location of tows during this snow emergency. Tow data will be retained for all Snow Emergencies in each snow season, until there is five full seasons of snow emergencies. Disclaimer: There is an expected address error rate of between 8 and 14 percent. Snow Emergency Tows - 2017/2018 Season #3 Xerxes (2/23/18 thru 2/25/18) Field Name Field Type Field Description FID Object ID Object ID Call_Taken Text Date and time tag written Customer Text Snow Emergency Location Text Address Latitude Numeric X Coordinate - Geocode Longitude Numeric Y Coordinate - Geocode Neighborho Text Name of Neighborhood Ward Text Ward number 1 - 13 Community Text Name of Community Day_identi Text Day of Event TowDist Text Tow District",eng,Tip: Check “Visit Source” link for download options.,MapIT Minneapolis,Open Data Minneapolis,,Web services,,,PublicWorks|Minneapolis|SnowEmergency|Tows|2018,2018,2018-03-05,2018-2018,Minnesota--Minneapolis|Minnesota,"-93.319,44.892,-93.209,45.040","ENVELOPE(-93.319,-93.209,45.040,44.892)",Public,https://creativecommons.org/publicdomain/zero/1.0,ArcGIS FeatureLayer,ba5cc745-21c5-4ae9-954b-72dd8db6815a,05c-01,2026-10-08,published,https://hub.arcgis.com/datasets/44476aa8a6b148f3ba6328d46c0c9b27_0,,ArcGIS Hub,DCAT API,https://opendata.minneapolismn.gov/api/feed/dcat-us/1.1.json,,,
f99ce43936d74f718e92a37a560ad875_0,05c-01,Honey Bee Permits 2017 [Minnesota--Minneapolis],Honey Bee Permits 2017,"These are active honeybee permits in the City of Minneapolis as of January 1, 2017. Minneapolis residents can keep honeybees if they meet our education requirements, provide notice to the immediately adjacent property owners, and obtain a permit. This permit may be subject to certain conditions specific to the property. For questions about this data please contact RegulatoryServicesOpenData@minneapolismn.gov",eng,Tip: Check “Visit Source” link for download options.,MapIT Minneapolis,Open Data Minneapolis,,Web services,,,Minneapolis|OpenData|RegulatoryServices|Permits|RegulatoryServices,2017,2017-04-26,2017-2017,Minnesota--Minneapolis|Minnesota,"-93.328,44.898,-93.206,45.038","ENVELOPE(-93.328,-93.206,45.038,44.898)",Public,https://creativecommons.org/publicdomain/zero/1.0,ArcGIS FeatureLayer,ba5cc745-21c5-4ae9-954b-72dd8db6815a,05c-01,2026-10-08,published,https://hub.arcgis.com/datasets/f99ce43936d74f718e92a37a560ad875_0,,ArcGIS Hub,DCAT API,https://opendata.minneapolismn.gov/api/feed/dcat-us/1.1.json,,,
08ff2c3bec594dd2a7a8566b2a81d452_0,05c-01,Police Incidents 2015 [Minnesota--Minneapolis],Police Incidents 2015,For questions about this data please contact PoliceOpenData@minneapolismn.gov Police Incidents for 2015.,eng,Tip: Check “Visit Source” link for download options.,MapIT Minneapolis,Open Data Minneapolis,,Web services,,,Minneapolis|OpenData|Police|PublicSafety,2015,2017-03-06,2015-2015,Minnesota--Minneapolis|Minnesota,"-93.329,0.000,0.000,45.051","ENVELOPE(-93.329,0.000,45.051,0.000)",Public,https://creativecommons.org/publicdomain/zero/1.0,ArcGIS FeatureLayer,ba5cc745-21c5-4ae9-954b-72dd8db6815a,05c-01,2026-10-08,published,https://hub.arcgis.com/datasets/08ff2c3bec594dd2a7a8566b2a81d452_0,,ArcGIS Hub,DCAT API,https://opendata.minneapolismn.gov/api/feed/dcat-us/1.1.json,,,
f0279f3673394c66a96c03e6e42287f4_0,05c-01,Police Incidents 2014 [Minnesota--Minneapolis],Police Incidents 2014,For questions about this data please contact PoliceOpenData@minneapolismn.gov Police Incidents for 2014.,eng,Tip: Check “Visit Source” link for download options.,MapIT Minneapolis,Open Data Minneapolis,,Web services,,,Minneapolis|OpenData|Police|PublicSafety,2014,2017-03-06,2014-2014,Minnesota--Minneapolis|Minnesota,"-93.329,0.000,0.000,45.051","ENVELOPE(-93.329,0.000,45.051,0.000)",Public,https://creativecommons.org/publicdomain/zero/1.0,ArcGIS FeatureLayer,ba5cc745-21c5-4ae9-954b-72dd8db6815a,05c-01,2026-10-08,published,https://hub.arcgis.com/datasets/f0279f3673394c66a96c03e6e42287f4_0,,ArcGIS Hub,DCAT API,https://opendata.minneapolismn.gov/api/feed/dcat-us/1.1.json,,,
944cbb45a5fd4f6dbee2f7136f166184_0,05c-01,Police Incidents 2013 [Minnesota--Minneapolis],Police Incidents 2013,For questions about this data please contact PoliceOpenData@minneapolismn.gov Police Incidents for 2013,eng,Tip: Check “Visit Source” link for download options.,MapIT Minneapolis,Open Data Minneapolis,,Web services,,,Minneapolis|OpenData|Police|PublicSafety,2013,2017-03-06,2013-2013,Minnesota--Minneapolis|Minnesota,"-93.329,0.000,0.000,45.051","ENVELOPE(-93.329,0.000,45.051,0.000)",Public,https://creativecommons.org/publicdomain/zero/1.0,ArcGIS FeatureLayer,ba5cc745-21c5-4ae9-954b-72dd8db6815a,05c-01,2026-10-08,published,https://hub.arcgis.com/datasets/944cbb45a5fd4f6dbee2f7136f166184_0,,ArcGIS Hub,DCAT API,https://opendata.minneapolismn.gov/api/feed/dcat-us/1.1.json,,,
83508d169ebb48199273d21fef90fb30_0,05c-01,Police Incidents 2012 [Minnesota--Minneapolis],Police Incidents 2012,For questions about this data please contact PoliceOpenData@minneapolismn.gov Police Incidents for 2012,eng,Tip: Check “Visit Source” link for download options.,MapIT Minneapolis,Open Data Minneapolis,,Web services,,,Minneapolis|OpenData|Police|PublicSafety,2012,2017-03-06,2012-2012,Minnesota--Minneapolis|Minnesota,"-93.329,0.000,0.000,45.051","ENVELOPE(-93.329,0.000,45.051,0.000)",Public,https://creativecommons.org/publicdomain/zero/1.0,ArcGIS FeatureLayer,ba5cc745-21c5-4ae9-954b-72dd8db6815a,05c-01,2026-10-08,published,https://hub.arcgis.com/datasets/83508d169ebb48199273d21fef90fb30_0,,ArcGIS Hub,DCAT API,https://opendata.minneapolismn.gov/api/feed/dcat-us/1.1.json,,,
657ebd6b1af14af296e1004ed02080d8_0,05c-01,Police Incidents 2011 [Minnesota--Minneapolis],Police Incidents 2011,For questions about this data please contact PoliceOpenData@minneapolismn.gov Police Incidents for 2011,eng,Tip: Check “Visit Source” link for download options.,MapIT Minneapolis,Open Data Minneapolis,,Web services,,,Minneapolis|OpenData|Police|PublicSafety,2011,2017-03-06,2011-2011,Minnesota--Minneapolis|Minnesota,"-93.329,0.000,0.000,45.051","ENVELOPE(-93.329,0.000,45.051,0.000)",Public,https://creativecommons.org/publicdomain/zero/1.0,ArcGIS FeatureLayer,ba5cc745-21c5-4ae9-954b-72dd8db6815a,05c-01,2026-10-08,published,https://hub.arcgis.com/datasets/657ebd6b1af14af296e1004ed02080d8_0,,ArcGIS Hub,DCAT API,https://opendata.minneapolismn.gov/api/feed/dcat-us/1.1.json,,,
6d08a19ce96b42ab844bcf08c70e5480_0,05c-01,Police Incidents 2010 [Minnesota--Minneapolis],Police Incidents 2010,For questions about this data please contact PoliceOpenData@minneapolismn.gov Police Incidents for 2010,eng,Tip: Check “Visit Source” link for download options.,MapIT Minneapolis,Open Data Minneapolis,,Web services,,,Minneapolis|OpenData|Police|PublicSafety,2010,2017-03-06,2010-2010,Minnesota--Minneapolis|Minnesota,"-93.329,0.000,0.000,45.051","ENVELOPE(-93.329,0.000,45.051,0.000)",Public,https://creativecommons.org/publicdomain/zero/1.0,ArcGIS FeatureLayer,ba5cc745-21c5-4ae9-954b-72dd8db6815a,05c-01,2026-10-08,published,https://hub.arcgis.com/datasets/6d08a19ce96b42ab844bcf08c70e5480_0,,ArcGIS Hub,DCAT API,https://opendata.minneapolismn.gov/api/feed/dcat-us/1.1.json,,,
3bf8f9be1c0142218ac031ae0b15c3cd_0,05c-01,Snow Emergency Dana Tags 2016 [Minnesota--Minneapolis],Snow Emergency Dana Tags 2016,"This is the information about the number and location of tags (parking tickets) during this snow emergency. Tag data will be retained for all Snow Emergencies in each snow season, until there is five full seasons of snow emergencies. Disclaimer: At this point we only have the tag data enclosed for day 2 and day 3 the snow emergencies. Day 1 tag data is collected manually and is not available at this time electronically. There is also an expected address error rate of between 5 and 10 percent. Snow Emergency Tags - 2016/2017 Season #1 Dana (12/11/16 thru 12/13/16) Field Name Field Type Field Description FID Object ID Object ID Citation Text254 Citation Number Date Date Citation Date Address Text 254 Address of the citation X_Coord Double 15 X Coordinate - Geocode Y_Coord Double 15 Y Coordinate - Geocode Ordinance Text 254 Snow Emergency Parking Ordinance Ordinanc_1 Text 254 Snow Emergency Parking Ordinance Description Ward Short Ward Location Neighborho Text 50 Neighborhood Location Community Text 50 Community Location Day_ID Text 2 Snow Emergency Day Identifier",eng,Tip: Check “Visit Source” link for download options.,MapIT Minneapolis,Open Data Minneapolis,,Web services,,,PublicWorks|Minneapolis|SnowEmergency|Tags|2016|parking,2016,2016-12-22,2016-2016,Minnesota--Minneapolis|Minnesota,"-93.328,44.891,-93.204,45.050","ENVELOPE(-93.328,-93.204,45.050,44.891)",Public,https://creativecommons.org/publicdomain/zero/1.0,ArcGIS FeatureLayer,ba5cc745-21c5-4ae9-954b-72dd8db6815a,05c-01,2026-10-08,published,https://hub.arcgis.com/datasets/3bf8f9be1c0142218ac031ae0b15c3cd_0,,ArcGIS Hub,DCAT API,https://opendata.minneapolismn.gov/api/feed/dcat-us/1.1.json,,,
1f72f15c6fbf40daa42d3e3bc7ebe317_0,05c-01,Snow Emergency Dana Tows 2016 [Minnesota--Minneapolis],Snow Emergency Dana Tows 2016,"This is the information about the number and location of tows during this snow emergency. Tow data will be retained for all Snow Emergencies in each snow season, until there is five full seasons of snow emergencies. Disclaimer: There is an expected address error rate of between 8 and 14 percent. Snow Emergency Tows - 2016/2017 Season #1 Dana (12/11/16 thru 12/13/16) Field Name Field Type Field Description FID Object ID Object ID Call_Taken Text Date and time tag written Customer Text Snow Emergency Location Text Address Latitude Numeric X Coordinate - Geocode Longitude Numeric Y Coordinate - Geocode Day Text Day of event Ward Text Ward number 1 - 13 Community Text Name of Community Neighborho Text Name of Neighborhood TowDist Text Name of Community",eng,Tip: Check “Visit Source” link for download options.,MapIT Minneapolis,Open Data Minneapolis,,Web services,,,PublicWorks|Minneapolis|SnowEmergency|Tows|2016,2016,2016-12-22,2016-2016,Minnesota--Minneapolis|Minnesota,"-93.315,44.900,-93.209,45.051","ENVELOPE(-93.315,-93.209,45.051,44.900)",Public,https://creativecommons.org/publicdomain/zero/1.0,ArcGIS FeatureLayer,ba5cc745-21c5-4ae9-954b-72dd8db6815a,05c-01,2026-10-08,published,https://hub.arcgis.com/datasets/1f72f15c6fbf40daa42d3e3bc7ebe317_0,,ArcGIS Hub,DCAT API,https://opendata.minneapolismn.gov/api/feed/dcat-us/1.1.json,,,
889c8d7273ba406e8238823918d8bb01_0,05c-01,Snow Emergency Ferry Tows 2016 [Minnesota--Minneapolis],Snow Emergency Ferry Tows 2016,"This is the information about the number and location of tows during this snow emergency. Tow data will be retained for all Snow Emergencies in each snow season, until there is five full seasons of snow emergencies. Disclaimer: There is an expected address error rate of between 8 and 14 percent. Snow Emergency Tows - 2016/2017 Season #1 Ferry (12/17/16 thru 12/19/16) Field Name Field Type Field Description FID Object ID Object ID Call_Taken Text Date and time tag written Customer Text Snow Emergency Location Text Address Latitude Numeric X Coordinate - Geocode Longitude Numeric Y Coordinate - Geocode Day Text Day of event Ward Text Ward number 1 - 13 Community Text Name of Community Neighborho Text Name of Neighborhood TowDist Text Name of Community",eng,Tip: Check “Visit Source” link for download options.,MapIT Minneapolis,Open Data Minneapolis,,Web services,,,PublicWorks|Minneapolis|SnowEmergency|Tows|2016,2016,2016-12-22,2016-2016,Minnesota--Minneapolis|Minnesota,"-93.319,44.900,-93.210,45.039","ENVELOPE(-93.319,-93.210,45.039,44.900)",Public,https://creativecommons.org/publicdomain/zero/1.0,ArcGIS FeatureLayer,ba5cc745-21c5-4ae9-954b-72dd8db6815a,05c-01,2026-10-08,published,https://hub.arcgis.com/datasets/889c8d7273ba406e8238823918d8bb01_0,,ArcGIS Hub,DCAT API,https://opendata.minneapolismn.gov/api/feed/dcat-us/1.1.json,,,
ac09a2036248474a9162a9e738d4d278_0,05c-01,Snow Emergency Ferry Tags 2016 [Minnesota--Minneapolis],Snow Emergency Ferry Tags 2016,"This is the information about the number and location of tags (parking tickets) during this snow emergency. Tag data will be retained for all Snow Emergencies in each snow season, until there is five full seasons of snow emergencies. Disclaimer: At this point we only have the tag data enclosed for day 2 and day 3 the snow emergencies. Day 1 tag data is collected manually and is not available at this time electronically. There is also an expected address error rate of between 5 and 10 percent. Snow Emergency Tags - 2016/2017 Season #1 Ferry (12/11/16 thru 12/13/16) Field Name Field Type Field Description FID Object ID Object ID Citation Text254 Citation Number Date Date Citation Date Address Text 254 Address of the citation X_Coord Double 15 X Coordinate - Geocode Y_Coord Double 15 Y Coordinate - Geocode Ordinance Text 254 Snow Emergency Parking Ordinance Ordinanc_1 Text 254 Snow Emergency Parking Ordinance Description Ward Short Ward Location Neighborho Text 50 Neighborhood Location Community Text 50 Community Location Day_ID Text 2 Snow Emergency Day Identifier",eng,Tip: Check “Visit Source” link for download options.,MapIT Minneapolis,Open Data Minneapolis,,Web services,,,PublicWorks|Minneapolis|SnowEmergency|Tags|2016|parking,2016,2016-12-22,2016-2016,Minnesota--Minneapolis|Minnesota,"-93.328,44.892,-93.205,45.050","ENVELOPE(-93.328,-93.205,45.050,44.892)",Public,https://creativecommons.org/publicdomain/zero/1.0,ArcGIS FeatureLayer,ba5cc745-21c5-4ae9-954b-72dd8db6815a,05c-01,2026-10-08,published,https://hub.arcgis.com/datasets/ac09a2036248474a9162a9e738d4d278_0,,ArcGIS Hub,DCAT API,https://opendata.minneapolismn.gov/api/feed/dcat-us/1.1.json,,,
714589fbf99d4045bc57bf298be2578e_0,05c-01,Minneapolis Police Districts [Minnesota--Minneapolis],Minneapolis Police Districts,,eng,Tip: Check “Visit Source” link for download options.,MapIT Minneapolis,Open Data Minneapolis,,Web services,,,Minneapolis|Police|PublicSafety,Last Modified: 2016-08-23,2015-11-20,2016-2016,Minnesota--Minneapolis|Minnesota,"-93.329,44.891,-93.194,45.051","ENVELOPE(-93.329,-93.194,45.051,44.891)",Public,https://creativecommons.org/publicdomain/zero/1.0,ArcGIS FeatureLayer,ba5cc745-21c5-4ae9-954b-72dd8db6815a,05c-01,2026-10-08,published,https://hub.arcgis.com/datasets/714589fbf99d4045bc57bf298be2578e_0,,ArcGIS Hub,DCAT API,https://opendata.minneapolismn.gov/api/feed/dcat-us/1.1.json,,,
45800f8adcfe436d822c09d903b3b069_0,05c-01,Fires Confirmed 2012 [Minnesota--Minneapolis],Fires Confirmed 2012,For questions about this data please contact FireOpenData@minneapolismn.gov,eng,Tip: Check “Visit Source” link for download options.,MapIT Minneapolis,Open Data Minneapolis,,Web services,,,opendata|fire|confirmedfires|Fire|MFD|PublicSafety,2012,2015-03-12,2012-2012,Minnesota--Minneapolis|Minnesota,"-93.366,44.863,-93.186,45.054","ENVELOPE(-93.366,-93.186,45.054,44.863)",Public,https://creativecommons.org/publicdomain/zero/1.0,ArcGIS FeatureLayer,ba5cc745-21c5-4ae9-954b-72dd8db6815a,05c-01,2026-10-08,published,https://hub.arcgis.com/datasets/45800f8adcfe436d822c09d903b3b069_0,,ArcGIS Hub,DCAT API,https://opendata.minneapolismn.gov/api/feed/dcat-us/1.1.json,,,
c0103977912b452ebab83a044b1c28aa_0,05c-01,Fires Confirmed 2015 [Minnesota--Minneapolis],Fires Confirmed 2015,For questions about this data please contact FireOpenData@minneapolismn.gov,eng,Tip: Check “Visit Source” link for download options.,MapIT Minneapolis,Open Data Minneapolis,,Web services,,,opendata|fire|FireDepartment|MFD|Fire|PublicSafety,2015,2016-08-18,2015-2015,Minnesota--Minneapolis|Minnesota,"-93.342,44.868,-93.199,45.052","ENVELOPE(-93.342,-93.199,45.052,44.868)",Public,https://creativecommons.org/publicdomain/zero/1.0,ArcGIS FeatureLayer,ba5cc745-21c5-4ae9-954b-72dd8db6815a,05c-01,2026-10-08,published,https://hub.arcgis.com/datasets/c0103977912b452ebab83a044b1c28aa_0,,ArcGIS Hub,DCAT API,https://opendata.minneapolismn.gov/api/feed/dcat-us/1.1.json,,,
e8ad122f05b44729890758505ba967aa_0,05c-01,Fires Reported 2015 [Minnesota--Minneapolis],Fires Reported 2015,For questions about this data please contact FireOpenData@minneapolismn.gov,eng,Tip: Check “Visit Source” link for download options.,MapIT Minneapolis,Open Data Minneapolis,,Web services,,,opendata|fire|FireDepartment|MFD|Fire|PublicSafety,2015,2016-08-18,2015-2015,Minnesota--Minneapolis|Minnesota,"-93.474,44.864,-93.178,45.119","ENVELOPE(-93.474,-93.178,45.119,44.864)",Public,https://creativecommons.org/publicdomain/zero/1.0,ArcGIS FeatureLayer,ba5cc745-21c5-4ae9-954b-72dd8db6815a,05c-01,2026-10-08,published,https://hub.arcgis.com/datasets/e8ad122f05b44729890758505ba967aa_0,,ArcGIS Hub,DCAT API,https://opendata.minneapolismn.gov/api/feed/dcat-us/1.1.json,,,
5a01f0714ecf474081a733f13281377e_0,05c-01,Fires Confirmed 2014 [Minnesota--Minneapolis],Fires Confirmed 2014,For questions about this data please contact FireOpenData@minneapolismn.gov Confirmed fires in the City of Minneapolis for 2014 Year-to-date.,eng,Tip: Check “Visit Source” link for download options.,MapIT Minneapolis,Open Data Minneapolis,,Web services,,,opendata|Minneapolis|Fire|MFD|PublicSafety,2014,2015-03-11,2014-2014,Minnesota--Minneapolis|Minnesota,"-93.330,44.869,-93.199,45.057","ENVELOPE(-93.330,-93.199,45.057,44.869)",Public,https://creativecommons.org/publicdomain/zero/1.0,ArcGIS FeatureLayer,ba5cc745-21c5-4ae9-954b-72dd8db6815a,05c-01,2026-10-08,published,https://hub.arcgis.com/datasets/5a01f0714ecf474081a733f13281377e_0,,ArcGIS Hub,DCAT API,https://opendata.minneapolismn.gov/api/feed/dcat-us/1.1.json,,,
2cd887d6fdd0466b8105ec60347e6645_0,05c-01,Fires Reported 2014 [Minnesota--Minneapolis],Fires Reported 2014,For questions about this data please contact FireOpenData@minneapolismn.gov Reported fires in the City of Minneapolis for 2014.,eng,Tip: Check “Visit Source” link for download options.,MapIT Minneapolis,Open Data Minneapolis,,Web services,,,opendata|reportedfires|Fire|MFD|PublicSafety,2014,2015-03-18,2014-2014,Minnesota--Minneapolis|Minnesota,"-93.421,44.863,-93.059,45.061","ENVELOPE(-93.421,-93.059,45.061,44.863)",Public,https://creativecommons.org/publicdomain/zero/1.0,ArcGIS FeatureLayer,ba5cc745-21c5-4ae9-954b-72dd8db6815a,05c-01,2026-10-08,published,https://hub.arcgis.com/datasets/2cd887d6fdd0466b8105ec60347e6645_0,,ArcGIS Hub,DCAT API,https://opendata.minneapolismn.gov/api/feed/dcat-us/1.1.json,,,
8acbcf011acd4f5381684c28b0d75031_0,05c-01,Fires Reported 2012 [Minnesota--Minneapolis],Fires Reported 2012,For questions about this data please contact FireOpenData@minneapolismn.gov Reported fires in the City of Minneapolis for 2012.,eng,Tip: Check “Visit Source” link for download options.,MapIT Minneapolis,Open Data Minneapolis,,Web services,,,opendata|reportedfires|Fire|MFD|PublicSafety,2012,2015-03-18,2012-2012,Minnesota--Minneapolis|Minnesota,"-93.366,44.863,-93.186,45.054","ENVELOPE(-93.366,-93.186,45.054,44.863)",Public,https://creativecommons.org/publicdomain/zero/1.0,ArcGIS FeatureLayer,ba5cc745-21c5-4ae9-954b-72dd8db6815a,05c-01,2026-10-08,published,https://hub.arcgis.com/datasets/8acbcf011acd4f5381684c28b0d75031_0,,ArcGIS Hub,DCAT API,https://opendata.minneapolismn.gov/api/feed/dcat-us/1.1.json,,,
ec8f6413eaf4406b97e8bef6fe32b7a7_0,05c-01,Fire Districts [Minnesota--Minneapolis],Fire Districts,For questions about this data please contact FireOpenData@minneapolismn.gov Map service showing the Fire Districts for the Minneapolis Fire Department.,eng,Tip: Check “Visit Source” link for download options.,MapIT Minneapolis,Open Data Minneapolis,,Web services,,Boundaries,Minneapolis|MFD|FireDepartment|Fire|Boundary|PublicSafety,Last Modified: 2015-12-02,2015-04-14,2015-2015,Minnesota--Minneapolis|Minnesota,"-93.329,44.890,-93.190,45.051","ENVELOPE(-93.329,-93.190,45.051,44.890)",Public,https://creativecommons.org/publicdomain/zero/1.0,ArcGIS FeatureLayer,ba5cc745-21c5-4ae9-954b-72dd8db6815a,05c-01,2026-10-08,published,https://hub.arcgis.com/datasets/ec8f6413eaf4406b97e8bef6fe32b7a7_0,,ArcGIS Hub,DCAT API,https://opendata.minneapolismn.gov/api/feed/dcat-us/1.1.json,,,
8baeeaebfd9d489d9ee6c9ae0fed3988_0,05c-01,Fires Confirmed 2013 [Minnesota--Minneapolis],Fires Confirmed 2013,For questions about this data please contact FireOpenData@minneapolismn.gov Confirmed fires in the City of Minneapolis for the year 2013.,eng,Tip: Check “Visit Source” link for download options.,MapIT Minneapolis,Open Data Minneapolis,,Web services,,,Minneapolis|OpenData|Fire|MFD|PublicSafety,2013,2014-12-10,2013-2013,Minnesota--Minneapolis|Minnesota,"-93.401,44.870,-93.199,45.051","ENVELOPE(-93.401,-93.199,45.051,44.870)",Public,https://creativecommons.org/publicdomain/zero/1.0,ArcGIS FeatureLayer,ba5cc745-21c5-4ae9-954b-72dd8db6815a,05c-01,2026-10-08,published,https://hub.arcgis.com/datasets/8baeeaebfd9d489d9ee6c9ae0fed3988_0,,ArcGIS Hub,DCAT API,https://opendata.minneapolismn.gov/api/feed/dcat-us/1.1.json,,,
88863dfa14a04ecb9dc6cf631a277f84_0,05c-01,Fires Reported 2013 [Minnesota--Minneapolis],Fires Reported 2013,For questions about this data please contact FireOpenData@minneapolismn.gov Reported fires in the City of Minneapolis for 2013.,eng,Tip: Check “Visit Source” link for download options.,MapIT Minneapolis,Open Data Minneapolis,,Web services,,,Minneapolis|OpenData|Fire|MFD|PublicSafety,2013,2014-12-10,2013-2013,Minnesota--Minneapolis|Minnesota,"-93.401,44.756,-93.108,45.084","ENVELOPE(-93.401,-93.108,45.084,44.756)",Public,https://creativecommons.org/publicdomain/zero/1.0,ArcGIS FeatureLayer,ba5cc745-21c5-4ae9-954b-72dd8db6815a,05c-01,2026-10-08,published,https://hub.arcgis.com/datasets/88863dfa14a04ecb9dc6cf631a277f84_0,,ArcGIS Hub,DCAT API,https://opendata.minneapolismn.gov/api/feed/dcat-us/1.1.json,,,
cb05984116c146cfa6ee35d32f664bd7_0,05c-01,Police Stations [Minnesota--Minneapolis],Police Stations,Map service showing the locations of the Police Stations and sub-stations in Minneapolis.,eng,Tip: Check “Visit Source” link for download options.,MapIT Minneapolis,Open Data Minneapolis,,Web services,,,Minneapolis|PoliceStations|Assets|PublicSafety,Last Modified: 2015-12-02,2012-05-29,2015-2015,Minnesota--Minneapolis|Minnesota,"-93.305,44.946,-93.234,45.012","ENVELOPE(-93.305,-93.234,45.012,44.946)",Public,https://creativecommons.org/publicdomain/zero/1.0,ArcGIS FeatureLayer,ba5cc745-21c5-4ae9-954b-72dd8db6815a,05c-01,2026-10-08,published,https://hub.arcgis.com/datasets/cb05984116c146cfa6ee35d32f664bd7_0,,ArcGIS Hub,DCAT API,https://opendata.minneapolismn.gov/api/feed/dcat-us/1.1.json,,,
45162ef5dd4b495dbf5b1f875219571c_0,05c-01,NCR Funding [Minnesota--Minneapolis],NCR Funding,"For questions about this data please contact NCROpenData@minneapolismn.gov Field Desriptions Neighborhood Action Plan Approval Date - The date on which the City of Minneapolis officially approved the neighborhood's NRP Phase 1 plan. Column name ActPlanDat. NRP Phase 1 Plan $ - NRP Phase 1 funds allocated to the plan upon official approval (Note: This does not include NRP Phase 1 funds that have since been reallocated to support implementation of the neighborhood's NRP Phase 2 plan - see below). Column name Phase1Plan. NRP Phase 1 Program Income $ - Income generated from the initial investment of NRP Phase 1 funds - generally as a result of repayments made under housing and economic development loans. (Note: This does not include NRP Phase 1 program income that have since been reallocated to support implementation of the neighborhood's NRP Phase 2 plan - see below). Column name Phase1Inco. NRP Phase 1R Plan $ - NRP Phase 1 funds that have since been reallocated to support implementation of the neighborhood's NRP Phase 2 plan. Column name Phase1R. NRP Phase 1R Program Income $ - Income generated from the initial investment of NRP Phase 1 funds that have since been reallocated to support implementation of the neighborhood's NRP Phase 2 plan - generally as a result of repayments made under housing and economic development loans. Column name Phase1RInc. NRP Phase 1 Total $ as of 9-30-2014 - The total of all NRP Phase 1 funds (including program income and all funds reallocated to support implementation of the neighborhood's NRP Phase 2 plan) supporting the implementation of Minneapolis neighborhood NRP plans, as of September 30, 2014. Column name Phase1Tota. Approval Date Phase 2 Plan - The date on which the City of Minneapolis officially approved the neighborhood's NRP Phase 2 plan. Column name Phase2Date. * NRP Phase 2 Plan $ - NRP Phase 2 funds allocated to the plan upon official approval (Note: This allocation includes all funds officially approved under the original NRP Phase 2 plan, including funds that have since been frozen by the Minneapolis City Council in December 2010 - see below). Column name Phase2Plan. * NRP Phase 2 Frozen $ - Phase 2 plan funds that were frozen by the Minneapolis City Council in December, 2010, and not available for use by neighborhood to implement to NRP Phase 2 plans. Column name Phase2Froz. NRP Phase 2 AHRF $ - NRP Phase 2 neighborhood funds earmarked by the Minneapolis City Council for use on affordable housing projects throughout the city. Column name Phase2AHRF. NRP Phase 2 COPSIRF $ - NRP Phase 2 neighborhood funds earmarked by the Minneapolis City Council for use on community-oriented public safety initiatives throughout the city. Column name Phase2COPS. NRP Phase 2 Program Income $ - Income generated from the initial investment of NRP Phase 2 funds - generally as a result of repayments made under housing and economic development loans. Column name Phase2Inco. NRP Phase 2 Total $ as of 9-30-2014 - The total of all NRP Phase 2 funds (including program income) supporting the implementation of Minneapolis neighborhood NRP plans, as of September 30, 2014. (Note: This does not include Phase 1R or Phase 1R Program Income that are used to implement the Phase 2 plan - those are accounted for under NRP Phase 1 Total $ as of 9-30-2014 - see above). Column name Phase2Tota. PlanNet Neighborhood Name (for sorting with other PlanNet info) - This is a field used in PlanNet - the City's information system used for tracking NRP and CPP neighborhood initiatives. It is included for use in conjunction with other PlanNet-derived data. Column name SYSNAME.",eng,Tip: Check “Visit Source” link for download options.,MapIT Minneapolis,Open Data Minneapolis,,Web services,,Boundaries,OpenData|Neighborhoods|NCR|Boundary,Last Modified: 2015-12-02,2014-11-25,2015-2015,Minnesota--Minneapolis|Minnesota,"-93.321,44.897,-93.213,45.045","ENVELOPE(-93.321,-93.213,45.045,44.897)",Public,https://creativecommons.org/publicdomain/zero/1.0,ArcGIS FeatureLayer,ba5cc745-21c5-4ae9-954b-72dd8db6815a,05c-01,2026-10-08,published,https://hub.arcgis.com/datasets/45162ef5dd4b495dbf5b1f875219571c_0,,ArcGIS Hub,DCAT API,https://opendata.minneapolismn.gov/api/feed/dcat-us/1.1.json,,,
6d3c4cca729f41818f38d267afc323a8_0,05c-01,NCR Organization Contact [Minnesota--Minneapolis],NCR Organization Contact,"For questions about this data please contact NCROpenData@minneapolismn.gov General locations of the Neighborhood Organizations in the City of Minneapolis and their contact information. Explanation of data provided in the Neighborhood Organization Contact Information report: NCR Neighborhood Specialist - The City of Minneapolis Neighborhood and Community Relations department staff assigned to work with each Minneapolis neighborhood. Neighborhood Specialists provide support for neighborhood planning and community engagement efforts, oversee the tracking and administrative functions associated with implementing neighborhood plans, and oversee additional administrative functions to support the financial and organizational capacity of neighborhood groups. Column name NCR_N_SPEC. NCR Community Specialist - The City of Minneapolis Neighborhood and Community Relations department staff also assigned to work with each Minneapolis neighborhood. These staff provide support for neighborhood planning and community engagement efforts - focusing primarily on assisting each neighborhood in its efforts to reach those segments of the population that are under-represented in current neighborhood planning and engagement activities or are generally harder to reach on an ongoing basis. Community Specialists also work with other non-geographically-based community organizations throughout Minneapolis to more fully engage target populations throughout the city. Column name NCR_C_SPEC. PlanNet Neighborhood Name (for sorting with other PlanNet info) - This is a field used in PlanNet - the City's information system used for tracking NRP and CPP neighborhood initiatives. It is included for use in conjunction with other PlanNet-derived data. Column name SYSNAME.",eng,Tip: Check “Visit Source” link for download options.,MapIT Minneapolis,Open Data Minneapolis,,Web services,,Boundaries,OpenData|Neighborhoods|NCR|Boundary,Last Modified: 2015-12-02,2014-11-25,2015-2015,Minnesota--Minneapolis|Minnesota,"-93.321,44.897,-93.213,45.045","ENVELOPE(-93.321,-93.213,45.045,44.897)",Public,https://creativecommons.org/publicdomain/zero/1.0,ArcGIS FeatureLayer,ba5cc745-21c5-4ae9-954b-72dd8db6815a,05c-01,2026-10-08,published,https://hub.arcgis.com/datasets/6d3c4cca729f41818f38d267afc323a8_0,,ArcGIS Hub,DCAT API,https://opendata.minneapolismn.gov/api/feed/dcat-us/1.1.json,,,
2504cfc548d9424fb161176070f821bc_0,05c-01,Planning Sectors [Minnesota--Minneapolis],Planning Sectors,For questions about this data please contact CPEDOpenData@minneapolismn.gov Boundaries of 5 sectors for CPED staff assignments Field Descriptions SECTOR is the sector name,eng,Tip: Check “Visit Source” link for download options.,MapIT Minneapolis,Open Data Minneapolis,,Web services,,Boundaries,Minneapolis|Sectors|LongRangePlanning|Planning|CPED|Boundary,Last Modified: 2025-10-29,2014-12-04,2025-2025,Minnesota--Minneapolis|Minnesota,"-93.329,44.891,-93.194,45.051","ENVELOPE(-93.329,-93.194,45.051,44.891)",Public,https://creativecommons.org/publicdomain/zero/1.0,ArcGIS FeatureLayer,ba5cc745-21c5-4ae9-954b-72dd8db6815a,05c-01,2026-10-08,published,https://hub.arcgis.com/datasets/2504cfc548d9424fb161176070f821bc_0,,ArcGIS Hub,DCAT API,https://opendata.minneapolismn.gov/api/feed/dcat-us/1.1.json,,,
e0a3b6a4c23b4a03b988388553cb9638_0,05c-01,Communities [Minnesota--Minneapolis],Communities,"If there are any issues with the data in this map, service, or shp file please contact the Minneapolis GIS office .",eng,Tip: Check “Visit Source” link for download options.,MapIT Minneapolis,Open Data Minneapolis,,Web services,,Boundaries,Minneapolis|Communities|Boundaries|Boundary,Last Modified: 2022-09-15,2014-06-25,2022-2022,Minnesota--Minneapolis|Minnesota,"-93.329,44.891,-93.194,45.051","ENVELOPE(-93.329,-93.194,45.051,44.891)",Public,https://creativecommons.org/publicdomain/zero/1.0,ArcGIS FeatureLayer,ba5cc745-21c5-4ae9-954b-72dd8db6815a,05c-01,2026-10-08,published,https://hub.arcgis.com/datasets/e0a3b6a4c23b4a03b988388553cb9638_0,,ArcGIS Hub,DCAT API,https://opendata.minneapolismn.gov/api/feed/dcat-us/1.1.json,,,
7dd0a65b907e4a008a0128b3b239ec2e_0,05c-01,Fires Reported 2015 [Minnesota--Minneapolis],Fires Reported 2015,For questions about this data please contact FireOpenData@minneapolismn.gov Reported fires in the City of Minneapolis for 2015 year-to-date.,eng,Tip: Check “Visit Source” link for download options.,MapIT Minneapolis,Open Data Minneapolis,,Web services,,,opendata|Fire|FireDepartment,2015,2015-09-03,2015-2015,Minnesota--Minneapolis|Minnesota,"-93.474,44.864,-93.178,45.062","ENVELOPE(-93.474,-93.178,45.062,44.864)",Public,https://creativecommons.org/publicdomain/zero/1.0,ArcGIS FeatureLayer,ba5cc745-21c5-4ae9-954b-72dd8db6815a,05c-01,2026-10-08,published,https://hub.arcgis.com/datasets/7dd0a65b907e4a008a0128b3b239ec2e_0,,ArcGIS Hub,DCAT API,https://opendata.minneapolismn.gov/api/feed/dcat-us/1.1.json,,,
f907adb89fe34d7ca60186573de323ab_0,05c-01,Snow Emergency Polk Tags 2016 [Minnesota--Minneapolis],Snow Emergency Polk Tags 2016,"This is the information about the number and location of tags (parking tickets) during this snow emergency. Tag data will be retained for all Snow Emergencies in each snow season, until there is five full seasons of snow emergencies. Disclaimer: At this point we only have the tag data enclosed for day 2 and day 3 the snow emergencies. Day 1 tag data is collected manually and is not available at this time electronically. There is also an expected address error rate of between 5 and 10 percent. Snow Emergency Tags - 2015/2016 Season #2 Polk (2/2/16 thru 2/4/16) Field Name Field Type Field Description Citation Double 15 Citation Number Date Date Citation Date Address Text 254 Address of the citation X_Coord Double 15 X Coordinate - Geocode Y_Coord Double 15 Y Coordinate - Geocode Ordinance Text 254 Snow Emergency Parking Ordinance Ordinanc_1 Text 254 Snow Emergency Parking Ordinance Description Ward Double 15 Ward Location Neighborho Text 254 Neighborhood Location Community Text 254 Community Location Day_ID Text 254 Snow Emergency Day Identifier",eng,Tip: Check “Visit Source” link for download options.,MapIT Minneapolis,Open Data Minneapolis,,Web services,,,PublicWorks|Minneapolis|SnowEmergency|Tags|2016|parking,2016,2016-03-31,2016-2016,Minnesota--Minneapolis|Minnesota,"-93.328,44.892,-93.203,45.050","ENVELOPE(-93.328,-93.203,45.050,44.892)",Public,https://creativecommons.org/publicdomain/zero/1.0,ArcGIS FeatureLayer,ba5cc745-21c5-4ae9-954b-72dd8db6815a,05c-01,2026-10-08,published,https://hub.arcgis.com/datasets/f907adb89fe34d7ca60186573de323ab_0,,ArcGIS Hub,DCAT API,https://opendata.minneapolismn.gov/api/feed/dcat-us/1.1.json,,,
454f5f098931419da9f978aaa579b8fe_0,05c-01,Snow Emergency Polk Tows 2016 [Minnesota--Minneapolis],Snow Emergency Polk Tows 2016,"This is the information about the number and location of tows during this snow emergency. Tow data will be retained for all Snow Emergencies in each snow season, until there is five full seasons of snow emergencies. Disclaimer: There is an expected address error rate of between 8 and 14 percent. Snow Emergency Tows - 2015/2016 Season #2 Polk (02/02/16 thru 02/04/16) Field Name Field Type Field Description Call Taken Text Date and time tag written Location Text Address X Coord Double X Coordinate - Geocode Y Coord. Double Y Coordinate - Geocode Day identifier Text Day of Snow Emergency",eng,Tip: Check “Visit Source” link for download options.,MapIT Minneapolis,Open Data Minneapolis,,Web services,,,PublicWorks|Minneapolis|SnowEmergency|Tows|2016,2016,2016-02-11,2016-2016,Minnesota--Minneapolis|Minnesota,"-93.327,44.899,-93.209,45.050","ENVELOPE(-93.327,-93.209,45.050,44.899)",Public,https://creativecommons.org/publicdomain/zero/1.0,ArcGIS FeatureLayer,ba5cc745-21c5-4ae9-954b-72dd8db6815a,05c-01,2026-10-08,published,https://hub.arcgis.com/datasets/454f5f098931419da9f978aaa579b8fe_0,,ArcGIS Hub,DCAT API,https://opendata.minneapolismn.gov/api/feed/dcat-us/1.1.json,,,
55a4601b78404583be59165006da9ad8_0,05c-01,Transit Stations [Minnesota--Minneapolis],Transit Stations,For questions about this data please contact CPEDOpenData@minneapolismn.gov Designated land use features from the City's adopted comprehensive plan.,eng,Tip: Check “Visit Source” link for download options.,MapIT Minneapolis,Open Data Minneapolis,,Web services,,,Minneapolis|OpenData|Landmarks|CPED,Last Modified: 2015-12-02,2014-12-04,2015-2015,Minnesota--Minneapolis|Minnesota,"-93.278,44.912,-93.210,44.983","ENVELOPE(-93.278,-93.210,44.983,44.912)",Public,https://creativecommons.org/publicdomain/zero/1.0,ArcGIS FeatureLayer,ba5cc745-21c5-4ae9-954b-72dd8db6815a,05c-01,2026-10-08,published,https://hub.arcgis.com/datasets/55a4601b78404583be59165006da9ad8_0,,ArcGIS Hub,DCAT API,https://opendata.minneapolismn.gov/api/feed/dcat-us/1.1.json,,,
818308c9079c4c0c89944b1fe0e600b1_0,05c-01,Technology Outreach Survey [Minnesota--Minneapolis],Technology Outreach Survey,"For questions about this data please contact ITOpenData@minneapolismn.gov 2014 Minneapolis Community Technology Survey Data Thanks to the 3,015 residents for their participation, the third year's results are in on a survey the City of Minneapolis conducted to understand how Minneapolis residents use computers, mobile devices and the Internet. Access to computers and the Internet, along with the skills to use these tools is critical as technology becomes more and more a part of our daily lives and is integrated in our economic, educational, health, and workforce systems. The results will inform priorities for the City's digital inclusion initiatives, and help engage businesses, neighborhood and community groups, public sector partners, and funders to more effectively address community technology and economic development needs. In addition, the survey provides data to measure changes in the community over time. The City of Minneapolis Information Technology Department contracted with National Research Center, Inc. (NRC) to conduct a survey of residents to inform the City's efforts to overcome the digital equity gap between individuals and groups in their access to and use and knowledge of information and communication technologies. This is the third iteration of the Minneapolis Community Technology Survey; the first was conducted in 2012 and the second in 2013. Summary of Data Fields: Field 1 - Overall percentage of respondents who have lived in Minneapolis for 5 years or less by community and user level Field 2 - Overall percentage of foreign-born respondents by community and user level Field 3 - Overall percentage of respondents who rent their homes by community and user level Field 4 - Overall percentage of respondents who live in attached homes by community and user level Field 5 - Overall percentage of respondents living in households with three or more people by community and user level Field 6 - Overall percentage of respondents living in households with children under the age of 18 by community and user level Field 7 - Overall percentage of female respondents by community and user level Field 8 - Overall percentage of respondents aged 55 years or older by community and user level Field 9 - Overall percentage of respondents who are hispanic and/or any race other than white by community and user level Field 10 - Overall percentage of respondents who prefer to speak a language other than English at home by community and user level Field 11 - Overall percentage of respondents having annual household incomes of less than $50,000 by community and user level Field 12 - Overall percentage of respondents who do not work full- or part-time by community and user level Field 13 - Overall percentage of respondents who do not have a 4-year degree by community and user level Full data set (Raw data and data dictionary in Excel format) The workbook has two tabs, the first is the data dictionary that is needed to translate the data; the second is the raw data. See data summarized in a variety of formats at: http://www.minneapolismn.gov/it/inclusion/WCMS1P-118865 For additional details about the survey, the survey questionnaire, methodology and more, see: http://www.minneapolismn.gov/it/inclusion/WCMS1P-118865 or contact: Elise Ebhardt , 612-673-2026, City of Minneapolis IT Department See also: 2012 and 2013 survey results The City's IT Vision includes a component for addressing the digital divide in Minneapolis: All City residents, institutions and businesses will have the tools, skills and motivation to gain value from the digital society. Our residents and businesses need to be equipped to effectively compete with others around the world—to be smarter, more creative, more knowledgeable, and more innovative. Leveraging technology is a necessary ingredient of success.",eng,Tip: Check “Visit Source” link for download options.,MapIT Minneapolis,Open Data Minneapolis,,Web services,,,IT|Communities|CommunityTechnologySurvey|OpenData,Last Modified: 2015-12-02,2014-12-03,2015-2015,Minnesota--Minneapolis|Minnesota,"-93.329,44.891,-93.194,45.051","ENVELOPE(-93.329,-93.194,45.051,44.891)",Public,https://creativecommons.org/publicdomain/zero/1.0,ArcGIS FeatureLayer,ba5cc745-21c5-4ae9-954b-72dd8db6815a,05c-01,2026-10-08,published,https://hub.arcgis.com/datasets/818308c9079c4c0c89944b1fe0e600b1_0,,ArcGIS Hub,DCAT API,https://opendata.minneapolismn.gov/api/feed/dcat-us/1.1.json,,,
77c3283978464432b9a391b8b9cf7885_0,05c-01,Air Quality Survey [Minnesota--Minneapolis],Air Quality Survey,"For questions about this data please contact HealthOpenData@minneapolismn.gov For more information about Air Quality in the City of Minneapolis, check the Health Department's page on the City website Attribute Information Date - The month and year during which this sample was collected. Each sample is collected over a period of 72-hours. The exact dates of collection are not specified on this dataset. Can ID - A unique identifier for this sample and is determined by concatenating the collecting Summa canister's identification number with the month and year of collection. Parameter - The chemical (for this study, all are Volatile Organic Compounds, or VOCs) for which the result is reported. Results - The amount of the particular VOC (parameter) detected in this sample. All results above the detection limit are reported in this dataset. Units - The units in which the result is reported. All results are reported in units of micrograms per cubic meter (µg/m3). CAS - The CAS Registry Number, also referred to as CASRN or CAS Number, is a unique numerical identifier assigned by Chemical Abstracts Service to every chemical substance described in the open scientific literature. HRV - A Health Risk Value (HRV) is the concentration of a chemical that is likely to pose little or no risk to human health and is being used by our study as a reference level for comparing the results. Most HRVs are expressed as concentrations of micrograms of chemical per cubic meter of air (µg/m3). HRVs are developed to protect human health for a specified length of exposure (e.g., one hour, 13 weeks, a lifetime). In cases where an HRV promulgated using the public process described in the Administrative Procedures Act (Minnesota Statutes Chapter 14) was not available as a reference level, we instead used the recommended exposure limit (REL) from the National Institute for Occupational Safety and Health (NIOSH) or the permissible exposure limit (PEL) from the Occupational Safety and Health Administration (OSHA), selecting the most conservative level. For purposes of our study, all reference levels (HRVs, RELs, and PELs) will be referred to as a Health Risk Value. Units - The units associated with the HRV, REL, or PEL reference level. All reference levels have been converted to units of micrograms per cubic meter (µg/m3). HRV Types - The type (HRV, REL, or PEL) of reference level selected. For the purpose of this study, all are referred to as a Health Risk Value. The value selected was the lowest, most conservative value. Name - The name of the location. Volunteer names and business names are left blank. Description - The type of location where the canister was placed. Volunteer locations are typically residential sites where the property owner/occupant hosts a sampling Summa canister. Business locations, which are also VOC emitters, who are voluntarily participating in the study. MPCA locations are sites of existing Minnesota Pollution Control Agency air monitors sampling for VOCs where a sampling Summa canister is placed for data comparison. MPRB locations are Minneapolis Park and Recreation Board properties. Sponsored locations are sites where the community has paid for additional sampling Summa canisters to be placed. Address - The address at or near where the sampling Summa canister was placed. City - For mapping purposes, we have included the city where the sampling Summa canister was placed (all are within the Minneapolis boundary). State - For mapping purposes, we have included the state where the sampling Summa canister was placed. Zip - For mapping purposes, we have included the zip code where the sampling Summa canister was placed.",eng,Tip: Check “Visit Source” link for download options.,MapIT Minneapolis,Open Data Minneapolis,,Web services,,Environment|Health,health|opendata|airquality|Environment,Last Modified: 2015-12-02,2015-04-27,2015-2015,Minnesota--Minneapolis|Minnesota,"-93.327,44.893,-93.209,45.048","ENVELOPE(-93.327,-93.209,45.048,44.893)",Public,https://creativecommons.org/publicdomain/zero/1.0,ArcGIS FeatureLayer,ba5cc745-21c5-4ae9-954b-72dd8db6815a,05c-01,2026-10-08,published,https://hub.arcgis.com/datasets/77c3283978464432b9a391b8b9cf7885_0,,ArcGIS Hub,DCAT API,https://opendata.minneapolismn.gov/api/feed/dcat-us/1.1.json,,,
02bfab32c2ff40c1b5692f9ab816820f_0,05c-01,Public Works Street Pavement Mgmt [Minnesota--Minneapolis],Public Works Street Pavement Mgmt,"Describes a variety of factors for each street segment including its type, its condition, and when it was last resurfaced. The Public Works department prioritizes repaving based on several factors. For more questions about the pavement condition data, contact PublicWorksOpenData@minneapolismn.gov FIELD NAME OFT STREET_O_NAME STREET_F_NAME STREET_T_NAME NETWORK BRANCH SECTION PAVEMENT BASE CONST_YR RENOVATION_YR SEALCOAT_YR SEALCOAT_COUNT OVERLAY_YR PCI PCI_BRANCH_AVG LENGTH COMMENTS COMMENTS_2 INSPECTION_DATE REFNO_ALL",eng,Tip: Check “Visit Source” link for download options.,MapIT Minneapolis,Open Data Minneapolis,,Web services,,,opendata|PublicWorks|pavement|potholes,Last Modified: 2015-12-02,2015-06-03,2015-2015,Minnesota--Minneapolis|Minnesota,"-93.329,44.887,-93.198,45.051","ENVELOPE(-93.329,-93.198,45.051,44.887)",Public,https://creativecommons.org/publicdomain/zero/1.0,ArcGIS FeatureLayer,ba5cc745-21c5-4ae9-954b-72dd8db6815a,05c-01,2026-10-08,published,https://hub.arcgis.com/datasets/02bfab32c2ff40c1b5692f9ab816820f_0,,ArcGIS Hub,DCAT API,https://opendata.minneapolismn.gov/api/feed/dcat-us/1.1.json,,,
bbb44faf9efa4a709c6e242a63044f85_0,05c-01,Public 311 2021 [Minnesota--Minneapolis],Public 311 2021,"The data set is refreshed on a daily basis by 10:45 PM. The website will reflect the last time the data set was updated and the total count of rows. The grid on the ""Data"" tab will display the up to date data. However, in certain situations there is a delay in the refresh of the downloadable data file. Sometimes the downloadable file does not reflect the updates to the data in the portal. After a delay (duration has been variable; up to 30 minutes), the file will be updated on the server and then downloads will include the updated data.",eng,Tip: Check “Visit Source” link for download options.,MapIT Minneapolis,Open Data Minneapolis,,Web services,,,311|Minneapolis|OpenData,2021,2022-02-11,2021-2021,Minnesota--Minneapolis|Minnesota,"-93.354,0.000,14.883,5.080","ENVELOPE(-93.354,14.883,5.080,0.000)",Public,https://creativecommons.org/publicdomain/zero/1.0,ArcGIS FeatureLayer,ba5cc745-21c5-4ae9-954b-72dd8db6815a,05c-01,2026-10-08,published,https://hub.arcgis.com/datasets/bbb44faf9efa4a709c6e242a63044f85_0,,ArcGIS Hub,DCAT API,https://opendata.minneapolismn.gov/api/feed/dcat-us/1.1.json,,,
600f85cf471d4460a48095176b2401b1_0,05c-01,Fires Confirmed 2021 [Minnesota--Minneapolis],Fires Confirmed 2021,"The data set is refreshed on a daily basis by 10:45 PM. The website will reflect the last time the data set was updated and the total count of rows. The grid on the ""Data"" tab will display the up to date data. However, in certain situations there is a delay in the refresh of the downloadable data file. Sometimes the downloadable file does not reflect the updates to the data in the portal. After a delay (duration has been variable; up to 30 minutes), the file will be updated on the server and then downloads will include the updated data.",eng,Tip: Check “Visit Source” link for download options.,MapIT Minneapolis,Open Data Minneapolis,,Web services,,,PublicSafety|Minneapolis|OpenData,2021,2022-02-11,2021-2021,Minnesota--Minneapolis|Minnesota,"-93.329,44.876,-93.197,45.051","ENVELOPE(-93.329,-93.197,45.051,44.876)",Public,https://creativecommons.org/publicdomain/zero/1.0,ArcGIS FeatureLayer,ba5cc745-21c5-4ae9-954b-72dd8db6815a,05c-01,2026-10-08,published,https://hub.arcgis.com/datasets/600f85cf471d4460a48095176b2401b1_0,,ArcGIS Hub,DCAT API,https://opendata.minneapolismn.gov/api/feed/dcat-us/1.1.json,,,
df4bfccbe60b42a6a93fb7bc1fd84cc0_0,05c-01,CCS Permits [Minnesota--Minneapolis],CCS Permits,"Display - This is the address of the property, the permit was issued for APN - The Assessor's Parcel Number (APN) is a unique number assigned by the Assessor to each parcel of land in the County. Longitude - The Longitudinal axis point for the permit's property address. This is for mapping Latitude - The Latitudinal axis point for the permit's property address. This is for mapping Neighborhood Desc- The City neighborhood the permit's property is located Wards - The City ward that the permit's property is located ApplicantName - The name of the contractor/ owner who pulled the permit for the property PermitNumber - The system generated permit number for the properties specific permit. Each permit number is unique DwellingUnitNew - the number of residential units added to the city with the issuing of permit DwellingUnitEliminated - the number of residential units eliminated in the city with the issuing of permit PermitType - The type of work/trade the permit is approving OccupancyType - The type of residence the permit has been pulled for (SFD- Single Family Dwelling, TFD - two family dwelling/ three family dwelling) WorkType - defines what type of work the permit approves within the chosen trade Status - shows where in the life cycle of the permit it is. (Review, fees, issued, closed/canceled) Milestone - Milestone is the more specific step the permit is at within a given status Value - The total value of the permit, derived from the submitted scope of work Totalfees - the cost of the permit type, City Fees, Taxes that combine to the total fee Comments - this is the scope of work that was submitted with the permit. It tells you what the requested work to be approved is IssueDate - this is the date the permit has passed reviews, and the fees have been paid. Once the fees are paid, the permit is issued and work can begin CompleteDate - the date the final inspection has been completed and passed. The permit will automatically move to closed status FullName - the name of the property owner where the permit was pulled ApplicantAddress - the address of the permit applicant ApplicantCity - the City of the applicant The construction permits are separated by Permit Types. The Different trades and their types are: Building Permits: Res - These will be the single and two family dwellings or condos. The permits can be anything from a new residence built up from the foundation to new windows/doors. Commercial - This will be work for commercial use properties. Examples are apartment buildings, schools, office spaces. Site - This is footing and foundation work on commercial projects Wrecking - This is the permit needed to demolish a building in the City. Plumbing Permits: Plumbing - These permits are for installation or alteration of plumbing systems. This is anywhere from pipes to meter moves Mechanical Permits: Mechanical - this is for installation or alteration of mechanical systems. This is anywhere from replacing a furnace to vents.",eng,Tip: Check “Visit Source” link for download options.,MapIT Minneapolis,Open Data Minneapolis,,Web services,,,Minneapolis|OpenData|CCS|Permits,Last Modified: 2026-10-08,2026-10-05,2026-2026,Minnesota--Minneapolis|Minnesota,"-93.330,0.000,0.000,45.051","ENVELOPE(-93.330,0.000,45.051,0.000)",Public,https://creativecommons.org/publicdomain/zero/1.0,ArcGIS FeatureLayer,ba5cc745-21c5-4ae9-954b-72dd8db6815a,05c-01,2026-10-08,published,https://hub.arcgis.com/datasets/df4bfccbe60b42a6a93fb7bc1fd84cc0_0,,ArcGIS Hub,DCAT API,https://opendata.minneapolismn.gov/api/feed/dcat-us/1.1.json,,,
fdb9d5bb360541ffa718b43602586a64_0,05c-01,Fires Reported 2021 [Minnesota--Minneapolis],Fires Reported 2021,"The data set is refreshed on a daily basis by 10:45 PM. The website will reflect the last time the data set was updated and the total count of rows. The grid on the ""Data"" tab will display the up to date data. However, in certain situations there is a delay in the refresh of the downloadable data file. Sometimes the downloadable file does not reflect the updates to the data in the portal. After a delay (duration has been variable; up to 30 minutes), the file will be updated on the server and then downloads will include the updated data.",eng,Tip: Check “Visit Source” link for download options.,MapIT Minneapolis,Open Data Minneapolis,,Web services,,,PublicSafety|Minneapolis|OpenData,2021,2022-02-11,2021-2021,Minnesota--Minneapolis|Minnesota,"-93.395,44.876,-93.190,45.114","ENVELOPE(-93.395,-93.190,45.114,44.876)",Public,https://creativecommons.org/publicdomain/zero/1.0,ArcGIS FeatureLayer,ba5cc745-21c5-4ae9-954b-72dd8db6815a,05c-01,2026-10-08,published,https://hub.arcgis.com/datasets/fdb9d5bb360541ffa718b43602586a64_0,,ArcGIS Hub,DCAT API,https://opendata.minneapolismn.gov/api/feed/dcat-us/1.1.json,,,
bfd1c51a341f431c82ae5c56f852cbbb_0,05c-01,Assessors Parcel Data 2020 [Minnesota--Minneapolis],Assessors Parcel Data 2020,"Field Definitions PIN 13 digit tax ID for parcel ANUMBER Address number ANUMBERSUF Address number suffix ST_PRE_DIR Street direction that comes before street name ST_NAME Street name ST_TYPE Type of street (Ave, St, Ln etc.) ST_POST_DIR Street direction that comes after the street name AUNIT Unit number of address ZIPCODE Postal code FORMATTED_ADDRESS Full mailing address OWNERNAME Name of property owner TAXPAYER1 Taxpayer name TAXPAYER2 Taxpayer name and address TAXPAYER3 Taxpayer name and address continued TAXPAYER4 Taxpayer name and address continued ASSESSMENT_YEAR Year for which the property value is assessed TAX_YEAR Year for which the property taxes are due PLAT Plat number PROPERTY_TYPE Type of property MAIN_PT Property type on primary use of parcel SUB_PT1 Property type of secondary use of parcel SUB_PT2 Property type of tertiary use of parcel SUB_PT3 Property type of quaternary use of parcel MULTIPLE_USES Indicates whether parcel has multiple uses or not TAX_EXEMPT Indicates whether parcel is tax exempt EXEMPTCD1 Exempt code for first tax exempt portion EXEMPTCD2 Exempt code for second tax exempt portion EXEMPTCD3 Exempt code for third tax exempt portion EXEMPTCD4 Exempt code for fourth tax exempt portion PARCEL_AREA_SQFT Land area of parcel in square feet X X coordinate of parcel centroid (uses NAD 83 HARN Hennepin County coordinate system) Y Y coordinate of parcel centroid (uses NAD 83 HARN Hennepin County coordinate system) NEIGHBORHOOD Name of neighborhood the property is in COMMUNITY Name of community the property is in WARD Name of ward the property is in ZONING Name of zoning district the property is in LANDUSE Property's land use designation LANDVALUE Property's assessed land value as of January 2 of its assessment year BUILDINGVALUE Property's assessed building value as of January 2 of its assessment year TOTALVALUE Property's total assessed value as of January 2 of its assessment year EXEMPTSTATUS Indicates the status of property (if exempt) HOMESTEAD Indicates whether property is homesteaded BLDG_ID Unique identifier for buildings BUILDINGUSE Use classification of building YEARBUILT Year that the building was constructed BELOWGROUNDAREA Total square footage below grade ABOVEGROUNDAREA Total square footage above grade NUM_STORIES Number of stories in building GARAGE_PRESENT Indicates whether property has a garage PRIMARYHEATING Primary type of heating in building CONSTRUCTIONTYPE Style of construction EXTERIORTYPE Exterior finish of building ROOF Style of roof TOTAL_UNITS Total number of units FIREPLACES Number of fireplaces BATHROOMS Number of bathrooms BEDROOMS Number of bedrooms",eng,Tip: Check “Visit Source” link for download options.,MapIT Minneapolis,Open Data Minneapolis,,Web services,,,Minneapolis|assessor|opendata,2020,2020-03-31,2020-2020,Minnesota--Minneapolis|Minnesota,"-93.329,44.890,-93.194,45.051","ENVELOPE(-93.329,-93.194,45.051,44.890)",Public,https://creativecommons.org/licenses/by-sa/4.0,ArcGIS FeatureLayer,ba5cc745-21c5-4ae9-954b-72dd8db6815a,05c-01,2026-10-08,published,https://hub.arcgis.com/datasets/bfd1c51a341f431c82ae5c56f852cbbb_0,,ArcGIS Hub,DCAT API,https://opendata.minneapolismn.gov/api/feed/dcat-us/1.1.json,,,
b8538f2b3fb443f99d2c30af86761971_0,05c-01,Future LandUse [Minnesota--Minneapolis],Future LandUse,"For questions about this data please contact CPEDOpenData@minneapolismn.gov Parcel level future land use guidance from City's adopted comprehensive plan. This dataset provides guidance for future land use and development, along with land use features. Field Descriptions RULEID is future land use classification FLU is the abbreviation of the classification",eng,Tip: Check “Visit Source” link for download options.,MapIT Minneapolis,Open Data Minneapolis,,Web services,,,Minneapolis|CPED|Planning|LandUse,Last Modified: 2017-07-11,2017-07-11,2017-2017,Minnesota--Minneapolis|Minnesota,"-93.329,44.891,-93.195,45.051","ENVELOPE(-93.329,-93.195,45.051,44.891)",Public,https://creativecommons.org/licenses/by-sa/4.0,ArcGIS FeatureLayer,ba5cc745-21c5-4ae9-954b-72dd8db6815a,05c-01,2026-10-08,published,https://hub.arcgis.com/datasets/b8538f2b3fb443f99d2c30af86761971_0,,ArcGIS Hub,DCAT API,https://opendata.minneapolismn.gov/api/feed/dcat-us/1.1.json,,,
47a7b23ee906431eb646f863ad2cb2e5_0,05c-01,Neighborhood Commercial Nodes [Minnesota--Minneapolis],Neighborhood Commercial Nodes,For questions about this data please contact CPEDOpenData@minneapolismn.gov Designated land use features from the City's adopted comprehensive plan.,eng,Tip: Check “Visit Source” link for download options.,MapIT Minneapolis,Open Data Minneapolis,,Web services,,,Minneapolis|CPED|OpenData|landuse|Planning|Planning,Last Modified: 2022-06-30,2017-03-17,2022-2022,Minnesota--Minneapolis|Minnesota,"-93.329,44.892,-93.202,45.039","ENVELOPE(-93.329,-93.202,45.039,44.892)",Public,https://creativecommons.org/licenses/by-sa/4.0,ArcGIS FeatureLayer,ba5cc745-21c5-4ae9-954b-72dd8db6815a,05c-01,2026-10-08,published,https://hub.arcgis.com/datasets/47a7b23ee906431eb646f863ad2cb2e5_0,,ArcGIS Hub,DCAT API,https://opendata.minneapolismn.gov/api/feed/dcat-us/1.1.json,,,
16aa315d624d4f988f2d0c49d0ea1be5_0,05c-01,Activity Centers [Minnesota--Minneapolis],Activity Centers,For questions about this data please contact CPEDOpenData@minneapolismn.gov Designated land use features from the City's adopted comprehensive plan.,eng,Tip: Check “Visit Source” link for download options.,MapIT Minneapolis,Open Data Minneapolis,,Web services,,,Minneapolis|CPED|OpenData|landuse|Planning|Planning,Last Modified: 2017-03-17,2017-03-17,2017-2017,Minnesota--Minneapolis|Minnesota,"-93.329,44.911,-93.213,45.015","ENVELOPE(-93.329,-93.213,45.015,44.911)",Public,https://creativecommons.org/licenses/by-sa/4.0,ArcGIS FeatureLayer,ba5cc745-21c5-4ae9-954b-72dd8db6815a,05c-01,2026-10-08,published,https://hub.arcgis.com/datasets/16aa315d624d4f988f2d0c49d0ea1be5_0,,ArcGIS Hub,DCAT API,https://opendata.minneapolismn.gov/api/feed/dcat-us/1.1.json,,,
fb78f39deee143019f6ed26719d13e58_0,05c-01,Great Streets Eligible Areas [Minnesota--Minneapolis],Great Streets Eligible Areas,"This dataset indicates areas designated as eligible for resources provided through the Great Streets Neighborhood Business District Program. Eligible areas were designated in The Minneapolis Plan for Sustainable Growth and consist of Activity Centers, Commercial Nodes, Commercial Corridors, and LRT Station Areas. Exact parcel boundaries of Activity Centers and Commercial Nodes are identified in The Minneapolis Plan. Commercial Corridor areas are generally defined as a one block radius from designated corridors. LRT Station Areas are defined as a ½ mile radius from each LRT station outside of downtown. Some staff discretion was used in determining precise boundaries for Commercial Corridors and LRT Station Areas in cases where roadways or other natural boundaries made exact definitions unclear. Each area is categorized based on a number of metrics used to determine its economic health and opportunity. Varying levels of Great Streets program resources are available, based on this categorization. These categories are defined as: Intervene: Areas that are experiencing weak development interest or significant obstacles to attaining the City's commercial development or business investment goals. Support: Areas showing signs of strength, but that remain fragile and have some barriers to market development and business investment. Monitor: Areas with strong market development and business activity. For more information, please see the City of Minneapolis Great Streets Program website: http://www.ci.minneapolis.mn.us/cped/ba/cped_great_streets_home Sector Location within the city. Program resources are administered by different City staff based on Sector. Category Categorical classification of area's economic health and opportunity. AreaType Geographic type, based on Minneapolis Plan designations. Name Name of specific geographic area.",eng,Tip: Check “Visit Source” link for download options.,MapIT Minneapolis,Open Data Minneapolis,,Web services,,,OpenData|CPED|GreatStreets|Minneapolis|Planning,Last Modified: 2015-12-02,2015-07-09,2015-2015,Minnesota--Minneapolis|Minnesota,"-93.330,44.890,-93.199,45.039","ENVELOPE(-93.330,-93.199,45.039,44.890)",Public,https://creativecommons.org/licenses/by-sa/4.0,ArcGIS FeatureLayer,ba5cc745-21c5-4ae9-954b-72dd8db6815a,05c-01,2026-10-08,published,https://hub.arcgis.com/datasets/fb78f39deee143019f6ed26719d13e58_0,,ArcGIS Hub,DCAT API,https://opendata.minneapolismn.gov/api/feed/dcat-us/1.1.json,,,
2113474edb914df9a3b4f1dde5c330df_0,05c-01,Commercial Corridors [Minnesota--Minneapolis],Commercial Corridors,For questions about this data please contact CPEDOpenData@minneapolismn.gov Designated land use features from the City's adopted comprehensive plan.,eng,Tip: Check “Visit Source” link for download options.,MapIT Minneapolis,Open Data Minneapolis,,Web services,,,Minneapolis|OpenData|CPED|landuse|Planning,Last Modified: 2015-12-02,2014-12-04,2015-2015,Minnesota--Minneapolis|Minnesota,"-93.323,44.890,-93.202,45.024","ENVELOPE(-93.323,-93.202,45.024,44.890)",Public,https://creativecommons.org/licenses/by-sa/4.0,ArcGIS FeatureLayer,ba5cc745-21c5-4ae9-954b-72dd8db6815a,05c-01,2026-10-08,published,https://hub.arcgis.com/datasets/2113474edb914df9a3b4f1dde5c330df_0,,ArcGIS Hub,DCAT API,https://opendata.minneapolismn.gov/api/feed/dcat-us/1.1.json,,,
0f8cd532bc9a48518d6e69d681a0ffb9_0,05c-01,Community Corridors [Minnesota--Minneapolis],Community Corridors,For questions about this data please contact CPEDOpenData@minneapolismn.gov Designated land use features from the City's Adopted comprehensive plan.,eng,Tip: Check “Visit Source” link for download options.,MapIT Minneapolis,Open Data Minneapolis,,Web services,,,Minneapolis|OpenData|CPED|landuse|Planning,Last Modified: 2015-12-02,2014-12-10,2015-2015,Minnesota--Minneapolis|Minnesota,"-93.329,44.890,-93.203,45.044","ENVELOPE(-93.329,-93.203,45.044,44.890)",Public,https://creativecommons.org/licenses/by-sa/4.0,ArcGIS FeatureLayer,ba5cc745-21c5-4ae9-954b-72dd8db6815a,05c-01,2026-10-08,published,https://hub.arcgis.com/datasets/0f8cd532bc9a48518d6e69d681a0ffb9_0,,ArcGIS Hub,DCAT API,https://opendata.minneapolismn.gov/api/feed/dcat-us/1.1.json,,,
9623c3bd949c4ee4a814d1ec6844998a_0,05c-01,Growth Centers [Minnesota--Minneapolis],Growth Centers,For questions about this data please contact CPEDOpenData@minneapolismn.gov Designated land use features from the City's adopted comprehensive plan.,eng,Tip: Check “Visit Source” link for download options.,MapIT Minneapolis,Open Data Minneapolis,,Web services,,,Minneapolis|OpenData|CPED|landuse|Planning,Last Modified: 2015-12-02,2014-12-04,2015-2015,Minnesota--Minneapolis|Minnesota,"-93.295,44.955,-93.229,44.977","ENVELOPE(-93.295,-93.229,44.977,44.955)",Public,https://creativecommons.org/licenses/by-sa/4.0,ArcGIS FeatureLayer,ba5cc745-21c5-4ae9-954b-72dd8db6815a,05c-01,2026-10-08,published,https://hub.arcgis.com/datasets/9623c3bd949c4ee4a814d1ec6844998a_0,,ArcGIS Hub,DCAT API,https://opendata.minneapolismn.gov/api/feed/dcat-us/1.1.json,,,
4c768a5aa3154f85bd80dc9c5dd0ebf7_0,05c-01,Industrial Employment Districts [Minnesota--Minneapolis],Industrial Employment Districts,For questions about this data please contact CPEDOpenData@minneapolismn.gov Designated land use features from the City's adopted comprehensive plan.,eng,Tip: Check “Visit Source” link for download options.,MapIT Minneapolis,Open Data Minneapolis,,Web services,,,Minneapolis|OpenData|CPED|landuse|Planning,Last Modified: 2017-09-07,2014-12-04,2017-2017,Minnesota--Minneapolis|Minnesota,"-93.319,44.940,-93.208,45.044","ENVELOPE(-93.319,-93.208,45.044,44.940)",Public,https://creativecommons.org/licenses/by-sa/4.0,ArcGIS FeatureLayer,ba5cc745-21c5-4ae9-954b-72dd8db6815a,05c-01,2026-10-08,published,https://hub.arcgis.com/datasets/4c768a5aa3154f85bd80dc9c5dd0ebf7_0,,ArcGIS Hub,DCAT API,https://opendata.minneapolismn.gov/api/feed/dcat-us/1.1.json,,,
2c35bcea1a7c4a3ba48fa42b039e5aa6_0,05c-01,Major Retail Centers [Minnesota--Minneapolis],Major Retail Centers,For questions about this data please contact CPEDOpenData@minneapolismn.gov Designated land use features from the City's adopted comprehensive plan.,eng,Tip: Check “Visit Source” link for download options.,MapIT Minneapolis,Open Data Minneapolis,,Web services,,,Minneapolis|OpenData|CPED|landuse|Planning,Last Modified: 2015-12-02,2014-12-04,2015-2015,Minnesota--Minneapolis|Minnesota,"-93.319,44.894,-93.232,45.005","ENVELOPE(-93.319,-93.232,45.005,44.894)",Public,https://creativecommons.org/licenses/by-sa/4.0,ArcGIS FeatureLayer,ba5cc745-21c5-4ae9-954b-72dd8db6815a,05c-01,2026-10-08,published,https://hub.arcgis.com/datasets/2c35bcea1a7c4a3ba48fa42b039e5aa6_0,,ArcGIS Hub,DCAT API,https://opendata.minneapolismn.gov/api/feed/dcat-us/1.1.json,,,
c92b31d109ad4247bb113adbd1bce81a_0,05c-01,Active Rental Licenses [Minnesota--Minneapolis],Active Rental Licenses,"The data set is refreshed on a weekly basis on Fridays at 2:45 AM. The website will reflect the last time the data set was updated and the total count of rows. The grid on the ""Data"" tab will display the up to date data. However, in certain situations there is a delay in the refresh of the downloadable data file. Sometimes the downloadable file does not reflect the updates to the data in the portal. After a delay (duration has been variable; up to 30 minutes), the file will be updated on the server and then downloads will include the updated data.",eng,Tip: Check “Visit Source” link for download options.,MapIT Minneapolis,Open Data Minneapolis,,Web services,,,Minneapolis|OpenData|Permits,Last Modified: 2026-10-08,2026-10-05,2026-2026,Minnesota--Minneapolis|Minnesota,"-93.329,0.000,0.000,45.051","ENVELOPE(-93.329,0.000,45.051,0.000)",Public,https://creativecommons.org/publicdomain/zero/1.0,ArcGIS FeatureLayer,ba5cc745-21c5-4ae9-954b-72dd8db6815a,05c-01,2026-10-08,published,https://hub.arcgis.com/datasets/c92b31d109ad4247bb113adbd1bce81a_0,,ArcGIS Hub,DCAT API,https://opendata.minneapolismn.gov/api/feed/dcat-us/1.1.json,,,
d69e291eba704ce38dcfd6e5302aa63c_0,05c-01,Snow Emergency Howard Tags 2024 [Minnesota--Minneapolis],Snow Emergency Howard Tags 2024,"This is the information about the number and location of tags (parking tickets) during this snow emergency. Tag data will be retained for all Snow Emergencies in each snow season, until there is five full seasons of snow emergencies. Disclaimer: At this point we only have the tag data enclosed for day 2 and day 3 the snow emergencies. Day 1 tag data is collected manually and is not available at this time electronically.",eng,Tip: Check “Visit Source” link for download options.,MapIT Minneapolis,Open Data Minneapolis,,Web services,,,Minneapolis|PublicWorks|OpenData|SnowEmergency|Tags|2024,2024,2025-01-10,2024-2024,Minnesota--Minneapolis|Minnesota,"-93.329,44.891,-93.201,45.050","ENVELOPE(-93.329,-93.201,45.050,44.891)",Public,"The maps provided by the City of Minneapolis are compilations of records, information and data from various sources, and they are to be used for reference purposes only. The City of Minneapolis does not warrant or guarantee that the Geographic Information Systems (GIS) data or maps are complete, current, or accurate. The City of Minneapolis does not represent that the GIS data can be used for navigational, tracking, legal, engineering, surveying, or any other purpose requiring exacting measurement of distance or direction or precision in the depiction of geographic features. Pursuant to Minnesota Statutes, Section 466.03, Subdivision 21, the City of Minneapolis disclaims any liability for claims based on alleged or actual inaccuracies in the GIS data or maps.",ArcGIS FeatureLayer,ba5cc745-21c5-4ae9-954b-72dd8db6815a,05c-01,2026-10-08,published,https://hub.arcgis.com/datasets/d69e291eba704ce38dcfd6e5302aa63c_0,,ArcGIS Hub,DCAT API,https://opendata.minneapolismn.gov/api/feed/dcat-us/1.1.json,,,
5ba5a2ab2add4eca9135c9006a62f86b_0,05c-01,MFD Fires [Minnesota--Minneapolis],MFD Fires,,eng,Tip: Check “Visit Source” link for download options.,MapIT Minneapolis,Open Data Minneapolis,,Web services,,,PublicSafety|Minneapolis|OpenData|Fire|MFD,Last Modified: 2026-10-08,2026-01-15,2026-2026,Minnesota--Minneapolis|Minnesota,"-93.328,0.000,0.000,45.050","ENVELOPE(-93.328,0.000,45.050,0.000)",Public,,ArcGIS FeatureLayer,ba5cc745-21c5-4ae9-954b-72dd8db6815a,05c-01,2026-10-08,published,https://hub.arcgis.com/datasets/5ba5a2ab2add4eca9135c9006a62f86b_0,,ArcGIS Hub,DCAT API,https://opendata.minneapolismn.gov/api/feed/dcat-us/1.1.json,,,
063e3907cf9e49259b8292dd57f9cc20_0,05c-01,MFD Calls For Service [Minnesota--Minneapolis],MFD Calls For Service,,eng,Tip: Check “Visit Source” link for download options.,MapIT Minneapolis,Open Data Minneapolis,,Web services,,,PublicSafety|Minneapolis|OpenData|Fire|MFD,Last Modified: 2026-10-08,2026-01-15,2026-2026,Minnesota--Minneapolis|Minnesota,"-94.362,0.000,0.000,45.378","ENVELOPE(-94.362,0.000,45.378,0.000)",Public,,ArcGIS FeatureLayer,ba5cc745-21c5-4ae9-954b-72dd8db6815a,05c-01,2026-10-08,published,https://hub.arcgis.com/datasets/063e3907cf9e49259b8292dd57f9cc20_0,,ArcGIS Hub,DCAT API,https://opendata.minneapolismn.gov/api/feed/dcat-us/1.1.json,,,
35e88995d8fa429c8b14f48a990d45a9_0,05c-01,PurpleAirSensorData [Minnesota--Minneapolis],PurpleAirSensorData,,eng,Tip: Check “Visit Source” link for download options.,MapIT Minneapolis,Open Data Minneapolis,,Web services,,,Minneapolis|OpenData|airquality,Last Modified: 2026-10-08,2026-10-06,2026-2026,Minnesota--Minneapolis|Minnesota,"-93.333,-89.000,45.021,45.049","ENVELOPE(-93.333,45.021,45.049,-89.000)",Public,https://creativecommons.org/publicdomain/zero/1.0,ArcGIS FeatureLayer,ba5cc745-21c5-4ae9-954b-72dd8db6815a,05c-01,2026-10-08,published,https://hub.arcgis.com/datasets/35e88995d8fa429c8b14f48a990d45a9_0,,ArcGIS Hub,DCAT API,https://opendata.minneapolismn.gov/api/feed/dcat-us/1.1.json,,,
c0ee6f12407044a09d8d48b2c7da3ada_0,05c-01,Incidents Reported 911 [Minnesota--Minneapolis],Incidents Reported 911,"See information about incidents in Minneapolis that were reported to 911 from the public over the last six years. These calls are taken by dispatchers and then sent to an agency to provide a response. Location is anonymized to the nearest street centerline for most cases and anonymized to the nearest Census block group centerline for cases that require a higher level of privacy protection. The data set is refreshed daily by . The website will reflect the last time the data set was updated and the total count of rows. The grid on the ""Data"" tab will display the up-to-date data. However, in certain situations there is a delay in the refresh of the downloadable data file. Sometimes the downloadable file does not reflect the updates to the data in the portal. After a delay (duration has been variable; up to 30 minutes), the file will be updated on the server and then downloads will include the updated data. View a prepared visualization of this data.",eng,Tip: Check “Visit Source” link for download options.,MapIT Minneapolis,Open Data Minneapolis,,Web services,,,PublicSafety|Minneapolis|OpenData,Last Modified: 2026-10-07,2024-07-09,2026-2026,Minnesota--Minneapolis|Minnesota,"-93.329,0.000,0.000,45.051","ENVELOPE(-93.329,0.000,45.051,0.000)",Public,https://creativecommons.org/publicdomain/zero/1.0,ArcGIS FeatureLayer,ba5cc745-21c5-4ae9-954b-72dd8db6815a,05c-01,2026-10-08,published,https://hub.arcgis.com/datasets/c0ee6f12407044a09d8d48b2c7da3ada_0,,ArcGIS Hub,DCAT API,https://opendata.minneapolismn.gov/api/feed/dcat-us/1.1.json,,,
a7b535fda14e4b1c970dcc73ef72f790_0,05c-01,Public 311 2026 [Minnesota--Minneapolis],Public 311 2026,,eng,Tip: Check “Visit Source” link for download options.,MapIT Minneapolis,Open Data Minneapolis,,Web services,,,311|Minneapolis|OpenData,2026,2026-01-21,2026-2026,Minnesota--Minneapolis|Minnesota,"-93.329,0.000,0.000,45.051","ENVELOPE(-93.329,0.000,45.051,0.000)",Public,https://creativecommons.org/publicdomain/zero/1.0,ArcGIS FeatureLayer,ba5cc745-21c5-4ae9-954b-72dd8db6815a,05c-01,2026-10-08,published,https://hub.arcgis.com/datasets/a7b535fda14e4b1c970dcc73ef72f790_0,,ArcGIS Hub,DCAT API,https://opendata.minneapolismn.gov/api/feed/dcat-us/1.1.json,,,
55db7ba25bc543db8f2548df59f2772c_0,05c-01,Police Use of Force [Minnesota--Minneapolis],Police Use of Force,"Disclaimer: Data collection for Use of Force has changed. The Minneapolis Police Department is enhancing this data set to include more information. New data will be available soon. *Please note that the responseDate is shown in UTC time, not local time. The data set is refreshed on a daily basis by 9:30 AM. The website will reflect the last time the data set was updated and the total count of rows. The grid on the ""Data"" tab will display the up to date data. However, in certain situations there is a delay in the refresh of the downloadable data file. Sometimes the downloadable file does not reflect the updates to the data in the portal. After a delay (duration has been variable; up to 30 minutes), the file will be updated on the server and then downloads will include the updated data.",eng,Tip: Check “Visit Source” link for download options.,MapIT Minneapolis,Open Data Minneapolis,,Web services,,,Minneapolis|OpenData|Police|PublicSafety,Last Modified: 2026-10-07,2024-09-05,2026-2026,Minnesota--Minneapolis|Minnesota,"-93.329,0.000,0.000,45.050","ENVELOPE(-93.329,0.000,45.050,0.000)",Public,https://creativecommons.org/publicdomain/zero/1.0,ArcGIS FeatureLayer,ba5cc745-21c5-4ae9-954b-72dd8db6815a,05c-01,2026-10-08,published,https://hub.arcgis.com/datasets/55db7ba25bc543db8f2548df59f2772c_0,,ArcGIS Hub,DCAT API,https://opendata.minneapolismn.gov/api/feed/dcat-us/1.1.json,,,
215b4b543d894750aef86c725b56ee2a_0,05c-01,Police Stop Data [Minnesota--Minneapolis],Police Stop Data,,eng,Tip: Check “Visit Source” link for download options.,MapIT Minneapolis,Open Data Minneapolis,,Web services,,,Minneapolis|OpenData|Police|PublicSafety,Last Modified: 2026-10-07,2017-08-01,2026-2026,Minnesota--Minneapolis|Minnesota,"-93.329,0.000,0.000,45.051","ENVELOPE(-93.329,0.000,45.051,0.000)",Public,https://creativecommons.org/publicdomain/zero/1.0,ArcGIS FeatureLayer,ba5cc745-21c5-4ae9-954b-72dd8db6815a,05c-01,2026-10-08,published,https://hub.arcgis.com/datasets/215b4b543d894750aef86c725b56ee2a_0,,ArcGIS Hub,DCAT API,https://opendata.minneapolismn.gov/api/feed/dcat-us/1.1.json,,,
f9ae3bef2ccd4792b1835e2744de017f_0,05c-01,Shots Fired [Minnesota--Minneapolis],Shots Fired,"The data set is refreshed on a daily basis by 9:30 AM. The website will reflect the last time the data set was updated and the total count of rows. The grid on the ""Data"" tab will display the up to date data. However, in certain situations there is a delay in the refresh of the downloadable data file. Sometimes the downloadable file does not reflect the updates to the data in the portal. After a delay (duration has been variable; up to 30 minutes), the file will be updated on the server and then downloads will include the updated data.",eng,Tip: Check “Visit Source” link for download options.,MapIT Minneapolis,Open Data Minneapolis,,Web services,,,Minneapolis|OpenData|Police|PublicSafety,Last Modified: 2026-10-07,2018-10-17,2026-2026,Minnesota--Minneapolis|Minnesota,"-93.329,44.888,-93.199,45.051","ENVELOPE(-93.329,-93.199,45.051,44.888)",Public,https://creativecommons.org/publicdomain/zero/1.0,ArcGIS FeatureLayer,ba5cc745-21c5-4ae9-954b-72dd8db6815a,05c-01,2026-10-08,published,https://hub.arcgis.com/datasets/f9ae3bef2ccd4792b1835e2744de017f_0,,ArcGIS Hub,DCAT API,https://opendata.minneapolismn.gov/api/feed/dcat-us/1.1.json,,,
1e98b5322dd64605ae9947762292a76f_0,05c-01,Police Incidents 2026 [Minnesota--Minneapolis],Police Incidents 2026,,eng,Tip: Check “Visit Source” link for download options.,MapIT Minneapolis,Open Data Minneapolis,,Web services,,,Minneapolis|Police|MPD|OpenData|PublicSafety,2026,2026-01-21,2026-2026,Minnesota--Minneapolis|Minnesota,"-93.329,44.890,-93.199,45.051","ENVELOPE(-93.329,-93.199,45.051,44.890)",Public,https://creativecommons.org/publicdomain/zero/1.0,ArcGIS FeatureLayer,ba5cc745-21c5-4ae9-954b-72dd8db6815a,05c-01,2026-10-08,published,https://hub.arcgis.com/datasets/1e98b5322dd64605ae9947762292a76f_0,,ArcGIS Hub,DCAT API,https://opendata.minneapolismn.gov/api/feed/dcat-us/1.1.json,,,
e83a2845d2384759a0a08614fc3fe812_0,05c-01,Police Incidents Last 2Years [Minnesota--Minneapolis],Police Incidents Last 2Years,"Police Incidents for the last 2 years. The reportedDateTime field is shown in UTC. The data set is refreshed on a daily basis by 9:30 AM. The website will reflect the last time the data set was updated and the total count of rows. The grid on the ""Data"" tab will display the up to date data. However, in certain situations there is a delay in the refresh of the downloadable data file. Sometimes the downloadable file does not reflect the updates to the data in the portal. After a delay (duration has been variable; up to 30 minutes), the file will be updated on the server and then downloads will include the updated data.",eng,Tip: Check “Visit Source” link for download options.,MapIT Minneapolis,Open Data Minneapolis,,Web services,,,Minneapolis|OpenData|Police|PublicSafety,Last Modified: 2026-10-08,2019-04-26,2026-2026,Minnesota--Minneapolis|Minnesota,"-93.329,44.890,-93.199,45.051","ENVELOPE(-93.329,-93.199,45.051,44.890)",Public,https://creativecommons.org/publicdomain/zero/1.0,ArcGIS FeatureLayer,ba5cc745-21c5-4ae9-954b-72dd8db6815a,05c-01,2026-10-08,published,https://hub.arcgis.com/datasets/e83a2845d2384759a0a08614fc3fe812_0,,ArcGIS Hub,DCAT API,https://opendata.minneapolismn.gov/api/feed/dcat-us/1.1.json,,,
dfbae39fd25d45838a649d0fc27be4fb_0,05c-01,Crime Data [Minnesota--Minneapolis],Crime Data,"Field Descriptions Crime Dashboard Document - https://www.minneapolismn.gov/government/government-data/datasource/crime-dashboard/crime-dashboard-document/ The data set is refreshed on a daily basis by 9:30 AM. The website will reflect the last time the data set was updated and the total count of rows. The grid on the ""Data"" tab will display the up to date data. However, in certain situations there is a delay in the refresh of the downloadable data file. Sometimes the downloadable file does not reflect the updates to the data in the portal. After a delay (duration has been variable; up to 30 minutes), the file will be updated on the server and then downloads will include the updated data.",eng,Tip: Check “Visit Source” link for download options.,MapIT Minneapolis,Open Data Minneapolis,,Web services,,Society,Minneapolis|Crime|MPD|opendata,Last Modified: 2026-10-07,2026-06-10,2026-2026,Minnesota--Minneapolis|Minnesota,"-93.329,0.000,0.000,45.051","ENVELOPE(-93.329,0.000,45.051,0.000)",Public,,ArcGIS FeatureLayer,ba5cc745-21c5-4ae9-954b-72dd8db6815a,05c-01,2026-10-08,published,https://hub.arcgis.com/datasets/dfbae39fd25d45838a649d0fc27be4fb_0,,ArcGIS Hub,DCAT API,https://opendata.minneapolismn.gov/api/feed/dcat-us/1.1.json,,,
96f3ea4697a64e0abaa2f33853048e0b_0,05c-01,CaseViolations [Minnesota--Minneapolis],CaseViolations,,eng,Tip: Check “Visit Source” link for download options.,MapIT Minneapolis,Open Data Minneapolis,,Web services,,,Minneapolis|OpenData,Last Modified: 2026-10-07,2026-09-29,2026-2026,Minnesota--Minneapolis|Minnesota,"-93.329,0.000,0.000,45.051","ENVELOPE(-93.329,0.000,45.051,0.000)",Public,https://creativecommons.org/publicdomain/zero/1.0,ArcGIS FeatureLayer,ba5cc745-21c5-4ae9-954b-72dd8db6815a,05c-01,2026-10-08,published,https://hub.arcgis.com/datasets/96f3ea4697a64e0abaa2f33853048e0b_0,,ArcGIS Hub,DCAT API,https://opendata.minneapolismn.gov/api/feed/dcat-us/1.1.json,,,
8521a345d9024f84979f169d1171ade2_0,05c-01,CaseInspections [Minnesota--Minneapolis],CaseInspections,,eng,Tip: Check “Visit Source” link for download options.,MapIT Minneapolis,Open Data Minneapolis,,Web services,,,Minneapolis|OpenData|RegulatoryServices|Inspections|CodeEnforcement,Last Modified: 2026-10-08,2026-01-14,2026-2026,Minnesota--Minneapolis|Minnesota,"-93.329,0.000,0.000,45.051","ENVELOPE(-93.329,0.000,45.051,0.000)",Public,https://creativecommons.org/publicdomain/zero/1.0,ArcGIS FeatureLayer,ba5cc745-21c5-4ae9-954b-72dd8db6815a,05c-01,2026-10-08,published,https://hub.arcgis.com/datasets/8521a345d9024f84979f169d1171ade2_0,,ArcGIS Hub,DCAT API,https://opendata.minneapolismn.gov/api/feed/dcat-us/1.1.json,,,
97ce8f1a93084479929be2750b25187f_0,05c-01,NEIGHBORHOOD CRIME STATS [Minnesota--Minneapolis],NEIGHBORHOOD CRIME STATS,"In February 2019, we updated the neighborhood assignment with regards to the new police record system. The data set is refreshed on the third day of the month at 8:45 AM. The website will reflect the last time the data set was updated and the total count of rows. The grid on the ""Data"" tab will display the up to date data. However, in certain situations there is a delay in the refresh of the downloadable data file. Sometimes the downloadable file does not reflect the updates to the data in the portal. After a delay (duration has been variable; up to 30 minutes), the file will be updated on the server and then downloads will include the updated data.",eng,Tip: Check “Visit Source” link for download options.,MapIT Minneapolis,Open Data Minneapolis,,Web services,,,Minneapolis|OpenData|Police|MPD,Last Modified: 2025-07-03,2020-05-04,2025-2025,Minnesota--Minneapolis|Minnesota,"-93.329,44.890,-93.194,45.051","ENVELOPE(-93.329,-93.194,45.051,44.890)",Public,https://creativecommons.org/publicdomain/zero/1.0,ArcGIS FeatureLayer,ba5cc745-21c5-4ae9-954b-72dd8db6815a,05c-01,2026-10-08,published,https://hub.arcgis.com/datasets/97ce8f1a93084479929be2750b25187f_0,,ArcGIS Hub,DCAT API,https://opendata.minneapolismn.gov/api/feed/dcat-us/1.1.json,,,
e6c7f18b04bd415781a977c63b70976c_0,05c-01,Potential Historic Landmarks [Minnesota--Minneapolis],Potential Historic Landmarks,Potential historic resources meet at least one of seven criteria outlined in City ordinance and are not already designated. The following are types of potential historic resources: -Individual properties -Groups of properties -An individual property within a potential historic district.,eng,Tip: Check “Visit Source” link for download options.,MapIT Minneapolis,Open Data Minneapolis,,Web services,,,Minneapolis|CPED|Planning,Last Modified: 2026-10-02,2026-09-17,2026-2026,Minnesota--Minneapolis|Minnesota,"-93.329,44.894,-93.202,45.049","ENVELOPE(-93.329,-93.202,45.049,44.894)",Public,,ArcGIS FeatureLayer,ba5cc745-21c5-4ae9-954b-72dd8db6815a,05c-01,2026-10-08,published,https://hub.arcgis.com/datasets/e6c7f18b04bd415781a977c63b70976c_0,,ArcGIS Hub,DCAT API,https://opendata.minneapolismn.gov/api/feed/dcat-us/1.1.json,,,
e088a1347d254032b9cd06a5b66d2e0d_0,05c-01,Potential Historic Districts [Minnesota--Minneapolis],Potential Historic Districts,,eng,Tip: Check “Visit Source” link for download options.,MapIT Minneapolis,Open Data Minneapolis,,Web services,,,Minneapolis|CPED|landuse|OpenData|Planning,Last Modified: 2026-10-02,2026-09-17,2026-2026,Minnesota--Minneapolis|Minnesota,"-93.320,44.898,-93.201,45.044","ENVELOPE(-93.320,-93.201,45.044,44.898)",Public,,ArcGIS FeatureLayer,ba5cc745-21c5-4ae9-954b-72dd8db6815a,05c-01,2026-10-08,published,https://hub.arcgis.com/datasets/e088a1347d254032b9cd06a5b66d2e0d_0,,ArcGIS Hub,DCAT API,https://opendata.minneapolismn.gov/api/feed/dcat-us/1.1.json,,,
9a1e00d0a52d4e8db2a0b85ad3495fd6_0,05c-01,Snow Emergency Routes [Minnesota--Minneapolis],Snow Emergency Routes,"The data set is refreshed on a weekly basis on Fridays at 2:45 AM. The website will reflect the last time the data set was updated and the total count of rows. The grid on the ""Data"" tab will display the up to date data. However, in certain situations there is a delay in the refresh of the downloadable data file. Sometimes the downloadable file does not reflect the updates to the data in the portal. After a delay (duration has been variable; up to 30 minutes), the file will be updated on the server and then downloads will include the updated data.",eng,Tip: Check “Visit Source” link for download options.,MapIT Minneapolis,Open Data Minneapolis,,Web services,,,Minneapolis|SnowEmergency|OpenData|PublicWorks,Last Modified: 2026-10-02,2019-10-03,2026-2026,Minnesota--Minneapolis|Minnesota,"-93.329,44.889,-93.198,45.051","ENVELOPE(-93.329,-93.198,45.051,44.889)",Public,https://creativecommons.org/publicdomain/zero/1.0,ArcGIS FeatureLayer,ba5cc745-21c5-4ae9-954b-72dd8db6815a,05c-01,2026-10-08,published,https://hub.arcgis.com/datasets/9a1e00d0a52d4e8db2a0b85ad3495fd6_0,,ArcGIS Hub,DCAT API,https://opendata.minneapolismn.gov/api/feed/dcat-us/1.1.json,,,
3838861508ef4fe2a3d2ceccf54d7474_0,05c-01,Small Area Plans [Minnesota--Minneapolis],Small Area Plans,"The data set is refreshed on a weekly basis on Fridays at 2:45 AM. The website will reflect the last time the data set was updated and the total count of rows. The grid on the ""Data"" tab will display the up to date data. However, in certain situations there is a delay in the refresh of the downloadable data file. Sometimes the downloadable file does not reflect the updates to the data in the portal. After a delay (duration has been variable; up to 30 minutes), the file will be updated on the server and then downloads will include the updated data.",eng,Tip: Check “Visit Source” link for download options.,MapIT Minneapolis,Open Data Minneapolis,,Web services,,,Minneapolis|CPED|landuse|OpenData|Planning,Last Modified: 2026-10-02,2017-03-15,2026-2026,Minnesota--Minneapolis|Minnesota,"-93.329,44.890,-93.194,45.051","ENVELOPE(-93.329,-93.194,45.051,44.890)",Public,https://creativecommons.org/publicdomain/zero/1.0,ArcGIS FeatureLayer,ba5cc745-21c5-4ae9-954b-72dd8db6815a,05c-01,2026-10-08,published,https://hub.arcgis.com/datasets/3838861508ef4fe2a3d2ceccf54d7474_0,,ArcGIS Hub,DCAT API,https://opendata.minneapolismn.gov/api/feed/dcat-us/1.1.json,,,
dae79ddcc012456db9f1c825375bd7e4_0,05c-01,SBSP Minneapolis Mobility Hubs [Minnesota--Minneapolis],SBSP Minneapolis Mobility Hubs,,eng,Tip: Check “Visit Source” link for download options.,MapIT Minneapolis,Open Data Minneapolis,,Web services,,,OpenData|PublicWorks|Scooters|Mobility,Last Modified: 2026-10-02,2023-03-24,2026-2026,Minnesota--Minneapolis|Minnesota,"-93.309,44.920,-93.216,45.035","ENVELOPE(-93.309,-93.216,45.035,44.920)",Public,,ArcGIS FeatureLayer,ba5cc745-21c5-4ae9-954b-72dd8db6815a,05c-01,2026-10-08,published,https://hub.arcgis.com/datasets/dae79ddcc012456db9f1c825375bd7e4_0,,ArcGIS Hub,DCAT API,https://opendata.minneapolismn.gov/api/feed/dcat-us/1.1.json,,,
3462d19207af45d38d6f416c44e42445_0,05c-01,Fires Confirmed 2024 [Minnesota--Minneapolis],Fires Confirmed 2024,,eng,Tip: Check “Visit Source” link for download options.,MapIT Minneapolis,Open Data Minneapolis,,Web services,,,PublicSafety|Minneapolis|OpenData,2024,2024-03-14,2024-2024,Minnesota--Minneapolis|Minnesota,"-93.327,44.886,-93.198,45.050","ENVELOPE(-93.327,-93.198,45.050,44.886)",Public,https://creativecommons.org/publicdomain/zero/1.0,ArcGIS FeatureLayer,ba5cc745-21c5-4ae9-954b-72dd8db6815a,05c-01,2026-10-08,published,https://hub.arcgis.com/datasets/3462d19207af45d38d6f416c44e42445_0,,ArcGIS Hub,DCAT API,https://opendata.minneapolismn.gov/api/feed/dcat-us/1.1.json,,,
dae79ddcc012456db9f1c825375bd7e4_1,05c-01,SBSP Speed Cap Zones [Minnesota--Minneapolis],SBSP Speed Cap Zones,,eng,Tip: Check “Visit Source” link for download options.,MapIT Minneapolis,Open Data Minneapolis,,Web services,,,OpenData|PublicWorks|Scooters|Mobility,Last Modified: 2026-10-02,2023-03-24,2026-2026,Minnesota--Minneapolis|Minnesota,"-93.282,44.970,-93.222,44.981","ENVELOPE(-93.282,-93.222,44.981,44.970)",Public,,ArcGIS FeatureLayer,ba5cc745-21c5-4ae9-954b-72dd8db6815a,05c-01,2026-10-08,published,https://hub.arcgis.com/datasets/dae79ddcc012456db9f1c825375bd7e4_1,,ArcGIS Hub,DCAT API,https://opendata.minneapolismn.gov/api/feed/dcat-us/1.1.json,,,
dae79ddcc012456db9f1c825375bd7e4_2,05c-01,SBSP No Trip End Zones [Minnesota--Minneapolis],SBSP No Trip End Zones,,eng,Tip: Check “Visit Source” link for download options.,MapIT Minneapolis,Open Data Minneapolis,,Web services,,,OpenData|PublicWorks|Scooters|Mobility,Last Modified: 2026-10-02,2023-03-24,2026-2026,Minnesota--Minneapolis|Minnesota,"-93.327,44.890,-93.180,45.051","ENVELOPE(-93.327,-93.180,45.051,44.890)",Public,,ArcGIS FeatureLayer,ba5cc745-21c5-4ae9-954b-72dd8db6815a,05c-01,2026-10-08,published,https://hub.arcgis.com/datasets/dae79ddcc012456db9f1c825375bd7e4_2,,ArcGIS Hub,DCAT API,https://opendata.minneapolismn.gov/api/feed/dcat-us/1.1.json,,,
dae79ddcc012456db9f1c825375bd7e4_3,05c-01,SBSP No Riding Zones [Minnesota--Minneapolis],SBSP No Riding Zones,,eng,Tip: Check “Visit Source” link for download options.,MapIT Minneapolis,Open Data Minneapolis,,Web services,,,OpenData|PublicWorks|Scooters|Mobility,Last Modified: 2026-10-02,2023-03-24,2026-2026,Minnesota--Minneapolis|Minnesota,"-93.332,44.884,-93.190,45.033","ENVELOPE(-93.332,-93.190,45.033,44.884)",Public,,ArcGIS FeatureLayer,ba5cc745-21c5-4ae9-954b-72dd8db6815a,05c-01,2026-10-08,published,https://hub.arcgis.com/datasets/dae79ddcc012456db9f1c825375bd7e4_3,,ArcGIS Hub,DCAT API,https://opendata.minneapolismn.gov/api/feed/dcat-us/1.1.json,,,
dae79ddcc012456db9f1c825375bd7e4_4,05c-01,SBSP UMNTC Campus Property [Minnesota--Minneapolis],SBSP UMNTC Campus Property,,eng,Tip: Check “Visit Source” link for download options.,MapIT Minneapolis,Open Data Minneapolis,,Web services,,,OpenData|PublicWorks|Scooters|Mobility,Last Modified: 2026-10-02,2023-03-24,2026-2026,Minnesota--Minneapolis|Minnesota,"-93.246,44.967,-93.214,44.984","ENVELOPE(-93.246,-93.214,44.984,44.967)",Public,,ArcGIS FeatureLayer,ba5cc745-21c5-4ae9-954b-72dd8db6815a,05c-01,2026-10-08,published,https://hub.arcgis.com/datasets/dae79ddcc012456db9f1c825375bd7e4_4,,ArcGIS Hub,DCAT API,https://opendata.minneapolismn.gov/api/feed/dcat-us/1.1.json,,,
dae79ddcc012456db9f1c825375bd7e4_5,05c-01,SBSP Equity Distribution Areas [Minnesota--Minneapolis],SBSP Equity Distribution Areas,,eng,Tip: Check “Visit Source” link for download options.,MapIT Minneapolis,Open Data Minneapolis,,Web services,,,OpenData|PublicWorks|Scooters|Mobility,Last Modified: 2026-10-02,2023-03-24,2026-2026,Minnesota--Minneapolis|Minnesota,"-93.319,44.941,-93.233,45.033","ENVELOPE(-93.319,-93.233,45.033,44.941)",Public,,ArcGIS FeatureLayer,ba5cc745-21c5-4ae9-954b-72dd8db6815a,05c-01,2026-10-08,published,https://hub.arcgis.com/datasets/dae79ddcc012456db9f1c825375bd7e4_5,,ArcGIS Hub,DCAT API,https://opendata.minneapolismn.gov/api/feed/dcat-us/1.1.json,,,
5dd8138c953a4555b17caf44d777c5fb_0,05c-01,Planning Primary Zoning [Minnesota--Minneapolis],Planning Primary Zoning,"The data set is refreshed on a weekly basis on Fridays at 2:45 AM. The website will reflect the last time the data set was updated and the total count of rows. The grid on the ""Data"" tab will display the up to date data. However, in certain situations there is a delay in the refresh of the downloadable data file. Sometimes the downloadable file does not reflect the updates to the data in the portal. After a delay (duration has been variable; up to 30 minutes), the file will be updated on the server and then downloads will include the updated data.",eng,Tip: Check “Visit Source” link for download options.,MapIT Minneapolis,Open Data Minneapolis,,Web services,,Property,Minneapolis|Zoning|Planning,Last Modified: 2026-10-02,2021-03-23,2026-2026,Minnesota--Minneapolis|Minnesota,"-93.329,44.891,-93.194,45.051","ENVELOPE(-93.329,-93.194,45.051,44.891)",Public,https://creativecommons.org/publicdomain/zero/1.0,ArcGIS FeatureLayer,ba5cc745-21c5-4ae9-954b-72dd8db6815a,05c-01,2026-10-08,published,https://hub.arcgis.com/datasets/5dd8138c953a4555b17caf44d777c5fb_0,,ArcGIS Hub,DCAT API,https://opendata.minneapolismn.gov/api/feed/dcat-us/1.1.json,,,
a65e42e4320a44ccb27bf496793b6537_0,05c-01,Transitional Parking [Minnesota--Minneapolis],Transitional Parking,"The data set is refreshed on a weekly basis on Fridays at 2:45 AM. The website will reflect the last time the data set was updated and the total count of rows. The grid on the ""Data"" tab will display the up to date data. However, in certain situations there is a delay in the refresh of the downloadable data file. Sometimes the downloadable file does not reflect the updates to the data in the portal. After a delay (duration has been variable; up to 30 minutes), the file will be updated on the server and then downloads will include the updated data.",eng,Tip: Check “Visit Source” link for download options.,MapIT Minneapolis,Open Data Minneapolis,,Web services,,,Minneapolis|OpenData|CPED|Planning,Last Modified: 2026-10-02,2021-03-23,2026-2026,Minnesota--Minneapolis|Minnesota,"-93.328,44.894,-93.217,45.014","ENVELOPE(-93.328,-93.217,45.014,44.894)",Public,https://creativecommons.org/publicdomain/zero/1.0,ArcGIS FeatureLayer,ba5cc745-21c5-4ae9-954b-72dd8db6815a,05c-01,2026-10-08,published,https://hub.arcgis.com/datasets/a65e42e4320a44ccb27bf496793b6537_0,,ArcGIS Hub,DCAT API,https://opendata.minneapolismn.gov/api/feed/dcat-us/1.1.json,,,
a65e42e4320a44ccb27bf496793b6537_1,05c-01,Downtown Housing [Minnesota--Minneapolis],Downtown Housing,"The data set is refreshed on a weekly basis on Fridays at 2:45 AM. The website will reflect the last time the data set was updated and the total count of rows. The grid on the ""Data"" tab will display the up to date data. However, in certain situations there is a delay in the refresh of the downloadable data file. Sometimes the downloadable file does not reflect the updates to the data in the portal. After a delay (duration has been variable; up to 30 minutes), the file will be updated on the server and then downloads will include the updated data.",eng,Tip: Check “Visit Source” link for download options.,MapIT Minneapolis,Open Data Minneapolis,,Web services,,,Minneapolis|OpenData|CPED|Planning,Last Modified: 2026-10-02,2021-03-23,2026-2026,Minnesota--Minneapolis|Minnesota,"-93.287,44.966,-93.256,44.987","ENVELOPE(-93.287,-93.256,44.987,44.966)",Public,https://creativecommons.org/publicdomain/zero/1.0,ArcGIS FeatureLayer,ba5cc745-21c5-4ae9-954b-72dd8db6815a,05c-01,2026-10-08,published,https://hub.arcgis.com/datasets/a65e42e4320a44ccb27bf496793b6537_1,,ArcGIS Hub,DCAT API,https://opendata.minneapolismn.gov/api/feed/dcat-us/1.1.json,,,
a65e42e4320a44ccb27bf496793b6537_10,05c-01,Floodplain [Minnesota--Minneapolis],Floodplain,"The data set is refreshed on a weekly basis on Fridays at 2:45 AM. The website will reflect the last time the data set was updated and the total count of rows. The grid on the ""Data"" tab will display the up to date data. However, in certain situations there is a delay in the refresh of the downloadable data file. Sometimes the downloadable file does not reflect the updates to the data in the portal. After a delay (duration has been variable; up to 30 minutes), the file will be updated on the server and then downloads will include the updated data.",eng,Tip: Check “Visit Source” link for download options.,MapIT Minneapolis,Open Data Minneapolis,,Web services,,,Minneapolis|OpenData|CPED|Planning,Last Modified: 2026-10-02,2021-03-23,2026-2026,Minnesota--Minneapolis|Minnesota,"-93.329,44.891,-93.194,45.051","ENVELOPE(-93.329,-93.194,45.051,44.891)",Public,https://creativecommons.org/publicdomain/zero/1.0,ArcGIS FeatureLayer,ba5cc745-21c5-4ae9-954b-72dd8db6815a,05c-01,2026-10-08,published,https://hub.arcgis.com/datasets/a65e42e4320a44ccb27bf496793b6537_10,,ArcGIS Hub,DCAT API,https://opendata.minneapolismn.gov/api/feed/dcat-us/1.1.json,,,
a65e42e4320a44ccb27bf496793b6537_11,05c-01,Mississippi River Critical Area [Minnesota--Minneapolis],Mississippi River Critical Area,"The data set is refreshed on a weekly basis on Fridays at 2:45 AM. The website will reflect the last time the data set was updated and the total count of rows. The grid on the ""Data"" tab will display the up to date data. However, in certain situations there is a delay in the refresh of the downloadable data file. Sometimes the downloadable file does not reflect the updates to the data in the portal. After a delay (duration has been variable; up to 30 minutes), the file will be updated on the server and then downloads will include the updated data.",eng,Tip: Check “Visit Source” link for download options.,MapIT Minneapolis,Open Data Minneapolis,,Web services,,,Minneapolis|OpenData|CPED|Planning,Last Modified: 2026-10-02,2021-03-23,2026-2026,Minnesota--Minneapolis|Minnesota,"-93.288,44.905,-93.194,45.051","ENVELOPE(-93.288,-93.194,45.051,44.905)",Public,https://creativecommons.org/publicdomain/zero/1.0,ArcGIS FeatureLayer,ba5cc745-21c5-4ae9-954b-72dd8db6815a,05c-01,2026-10-08,published,https://hub.arcgis.com/datasets/a65e42e4320a44ccb27bf496793b6537_11,,ArcGIS Hub,DCAT API,https://opendata.minneapolismn.gov/api/feed/dcat-us/1.1.json,,,
a65e42e4320a44ccb27bf496793b6537_2,05c-01,Downtown Parking [Minnesota--Minneapolis],Downtown Parking,"The data set is refreshed on a weekly basis on Fridays at 2:45 AM. The website will reflect the last time the data set was updated and the total count of rows. The grid on the ""Data"" tab will display the up to date data. However, in certain situations there is a delay in the refresh of the downloadable data file. Sometimes the downloadable file does not reflect the updates to the data in the portal. After a delay (duration has been variable; up to 30 minutes), the file will be updated on the server and then downloads will include the updated data.",eng,Tip: Check “Visit Source” link for download options.,MapIT Minneapolis,Open Data Minneapolis,,Web services,,,Minneapolis|OpenData|CPED|Planning,Last Modified: 2026-10-02,2021-03-23,2026-2026,Minnesota--Minneapolis|Minnesota,"-93.288,44.965,-93.245,44.993","ENVELOPE(-93.288,-93.245,44.993,44.965)",Public,https://creativecommons.org/publicdomain/zero/1.0,ArcGIS FeatureLayer,ba5cc745-21c5-4ae9-954b-72dd8db6815a,05c-01,2026-10-08,published,https://hub.arcgis.com/datasets/a65e42e4320a44ccb27bf496793b6537_2,,ArcGIS Hub,DCAT API,https://opendata.minneapolismn.gov/api/feed/dcat-us/1.1.json,,,
a65e42e4320a44ccb27bf496793b6537_3,05c-01,Downtown Shelter [Minnesota--Minneapolis],Downtown Shelter,"The data set is refreshed on a weekly basis on Fridays at 2:45 AM. The website will reflect the last time the data set was updated and the total count of rows. The grid on the ""Data"" tab will display the up to date data. However, in certain situations there is a delay in the refresh of the downloadable data file. Sometimes the downloadable file does not reflect the updates to the data in the portal. After a delay (duration has been variable; up to 30 minutes), the file will be updated on the server and then downloads will include the updated data.",eng,Tip: Check “Visit Source” link for download options.,MapIT Minneapolis,Open Data Minneapolis,,Web services,,,Minneapolis|OpenData|CPED|Planning,Last Modified: 2026-10-02,2021-03-23,2026-2026,Minnesota--Minneapolis|Minnesota,"-93.286,44.978,-93.284,44.979","ENVELOPE(-93.286,-93.284,44.979,44.978)",Public,https://creativecommons.org/publicdomain/zero/1.0,ArcGIS FeatureLayer,ba5cc745-21c5-4ae9-954b-72dd8db6815a,05c-01,2026-10-08,published,https://hub.arcgis.com/datasets/a65e42e4320a44ccb27bf496793b6537_3,,ArcGIS Hub,DCAT API,https://opendata.minneapolismn.gov/api/feed/dcat-us/1.1.json,,,
a65e42e4320a44ccb27bf496793b6537_4,05c-01,Harmon Area [Minnesota--Minneapolis],Harmon Area,"The data set is refreshed on a weekly basis on Fridays at 2:45 AM. The website will reflect the last time the data set was updated and the total count of rows. The grid on the ""Data"" tab will display the up to date data. However, in certain situations there is a delay in the refresh of the downloadable data file. Sometimes the downloadable file does not reflect the updates to the data in the portal. After a delay (duration has been variable; up to 30 minutes), the file will be updated on the server and then downloads will include the updated data.",eng,Tip: Check “Visit Source” link for download options.,MapIT Minneapolis,Open Data Minneapolis,,Web services,,,Minneapolis|OpenData|CPED|Planning,Last Modified: 2026-10-02,2021-03-23,2026-2026,Minnesota--Minneapolis|Minnesota,"-93.283,44.972,-93.276,44.976","ENVELOPE(-93.283,-93.276,44.976,44.972)",Public,https://creativecommons.org/publicdomain/zero/1.0,ArcGIS FeatureLayer,ba5cc745-21c5-4ae9-954b-72dd8db6815a,05c-01,2026-10-08,published,https://hub.arcgis.com/datasets/a65e42e4320a44ccb27bf496793b6537_4,,ArcGIS Hub,DCAT API,https://opendata.minneapolismn.gov/api/feed/dcat-us/1.1.json,,,
a65e42e4320a44ccb27bf496793b6537_5,05c-01,Linden Hills [Minnesota--Minneapolis],Linden Hills,"The data set is refreshed on a weekly basis on Fridays at 2:45 AM. The website will reflect the last time the data set was updated and the total count of rows. The grid on the ""Data"" tab will display the up to date data. However, in certain situations there is a delay in the refresh of the downloadable data file. Sometimes the downloadable file does not reflect the updates to the data in the portal. After a delay (duration has been variable; up to 30 minutes), the file will be updated on the server and then downloads will include the updated data.",eng,Tip: Check “Visit Source” link for download options.,MapIT Minneapolis,Open Data Minneapolis,,Web services,,,Minneapolis|OpenData|CPED|Planning,Last Modified: 2026-10-02,2021-03-23,2026-2026,Minnesota--Minneapolis|Minnesota,"-179.999,-89.000,179.999,89.000","ENVELOPE(-179.999,179.999,89.000,-89.000)",Public,https://creativecommons.org/publicdomain/zero/1.0,ArcGIS FeatureLayer,ba5cc745-21c5-4ae9-954b-72dd8db6815a,05c-01,2026-10-08,published,https://hub.arcgis.com/datasets/a65e42e4320a44ccb27bf496793b6537_5,,ArcGIS Hub,DCAT API,https://opendata.minneapolismn.gov/api/feed/dcat-us/1.1.json,,,
a65e42e4320a44ccb27bf496793b6537_6,05c-01,University Area [Minnesota--Minneapolis],University Area,"The data set is refreshed on a weekly basis on Fridays at 2:45 AM. The website will reflect the last time the data set was updated and the total count of rows. The grid on the ""Data"" tab will display the up to date data. However, in certain situations there is a delay in the refresh of the downloadable data file. Sometimes the downloadable file does not reflect the updates to the data in the portal. After a delay (duration has been variable; up to 30 minutes), the file will be updated on the server and then downloads will include the updated data.",eng,Tip: Check “Visit Source” link for download options.,MapIT Minneapolis,Open Data Minneapolis,,Web services,,,Minneapolis|OpenData|CPED|Planning,Last Modified: 2026-10-02,2021-03-23,2026-2026,Minnesota--Minneapolis|Minnesota,"-93.260,44.953,-93.208,44.996","ENVELOPE(-93.260,-93.208,44.996,44.953)",Public,https://creativecommons.org/publicdomain/zero/1.0,ArcGIS FeatureLayer,ba5cc745-21c5-4ae9-954b-72dd8db6815a,05c-01,2026-10-08,published,https://hub.arcgis.com/datasets/a65e42e4320a44ccb27bf496793b6537_6,,ArcGIS Hub,DCAT API,https://opendata.minneapolismn.gov/api/feed/dcat-us/1.1.json,,,
a65e42e4320a44ccb27bf496793b6537_7,05c-01,Split Zoning [Minnesota--Minneapolis],Split Zoning,"The data set is refreshed on a weekly basis on Fridays at 2:45 AM. The website will reflect the last time the data set was updated and the total count of rows. The grid on the ""Data"" tab will display the up to date data. However, in certain situations there is a delay in the refresh of the downloadable data file. Sometimes the downloadable file does not reflect the updates to the data in the portal. After a delay (duration has been variable; up to 30 minutes), the file will be updated on the server and then downloads will include the updated data.",eng,Tip: Check “Visit Source” link for download options.,MapIT Minneapolis,Open Data Minneapolis,,Web services,,,Minneapolis|OpenData|CPED|Planning,Last Modified: 2026-10-02,2021-03-23,2026-2026,Minnesota--Minneapolis|Minnesota,"-93.298,44.934,-93.237,45.004","ENVELOPE(-93.298,-93.237,45.004,44.934)",Public,https://creativecommons.org/publicdomain/zero/1.0,ArcGIS FeatureLayer,ba5cc745-21c5-4ae9-954b-72dd8db6815a,05c-01,2026-10-08,published,https://hub.arcgis.com/datasets/a65e42e4320a44ccb27bf496793b6537_7,,ArcGIS Hub,DCAT API,https://opendata.minneapolismn.gov/api/feed/dcat-us/1.1.json,,,
a65e42e4320a44ccb27bf496793b6537_8,05c-01,Airport [Minnesota--Minneapolis],Airport,"The data set is refreshed on a weekly basis on Fridays at 2:45 AM. The website will reflect the last time the data set was updated and the total count of rows. The grid on the ""Data"" tab will display the up to date data. However, in certain situations there is a delay in the refresh of the downloadable data file. Sometimes the downloadable file does not reflect the updates to the data in the portal. After a delay (duration has been variable; up to 30 minutes), the file will be updated on the server and then downloads will include the updated data.",eng,Tip: Check “Visit Source” link for download options.,MapIT Minneapolis,Open Data Minneapolis,,Web services,,,Minneapolis|OpenData|CPED|Planning,Last Modified: 2026-10-02,2021-03-23,2026-2026,Minnesota--Minneapolis|Minnesota,"-93.296,44.891,-93.194,44.927","ENVELOPE(-93.296,-93.194,44.927,44.891)",Public,https://creativecommons.org/publicdomain/zero/1.0,ArcGIS FeatureLayer,ba5cc745-21c5-4ae9-954b-72dd8db6815a,05c-01,2026-10-08,published,https://hub.arcgis.com/datasets/a65e42e4320a44ccb27bf496793b6537_8,,ArcGIS Hub,DCAT API,https://opendata.minneapolismn.gov/api/feed/dcat-us/1.1.json,,,
a65e42e4320a44ccb27bf496793b6537_9,05c-01,Shoreland [Minnesota--Minneapolis],Shoreland,"The data set is refreshed on a weekly basis on Fridays at 2:45 AM. The website will reflect the last time the data set was updated and the total count of rows. The grid on the ""Data"" tab will display the up to date data. However, in certain situations there is a delay in the refresh of the downloadable data file. Sometimes the downloadable file does not reflect the updates to the data in the portal. After a delay (duration has been variable; up to 30 minutes), the file will be updated on the server and then downloads will include the updated data.",eng,Tip: Check “Visit Source” link for download options.,MapIT Minneapolis,Open Data Minneapolis,,Web services,,,Minneapolis|OpenData|CPED|Planning,Last Modified: 2026-10-02,2021-03-23,2026-2026,Minnesota--Minneapolis|Minnesota,"-93.329,44.891,-93.194,45.051","ENVELOPE(-93.329,-93.194,45.051,44.891)",Public,https://creativecommons.org/publicdomain/zero/1.0,ArcGIS FeatureLayer,ba5cc745-21c5-4ae9-954b-72dd8db6815a,05c-01,2026-10-08,published,https://hub.arcgis.com/datasets/a65e42e4320a44ccb27bf496793b6537_9,,ArcGIS Hub,DCAT API,https://opendata.minneapolismn.gov/api/feed/dcat-us/1.1.json,,,
2f166898e2ab4d268ba89a002e92365e_0,05c-01,Planning Zoning Built Form [Minnesota--Minneapolis],Planning Zoning Built Form,"Built form - this column is the name of the built form district Abbrv - this column is the abbreviation of the name of the district Built form district information: The Interior 1 district is typically applied in parts of the city farthest from downtown, in the areas between transit routes. The Interior 2 district is typically applied in parts of the city that developed during the era when streetcars were a primary mode of transportation, in the areas in between transit routes, and on select streets with intermittent local transit service. It is also applied adjacent to the Corridor 4 and Corridor 6 districts, serving as a transition to lower intensity residential areas. The Interior 3 district is typically applied in parts of the city closest to downtown, in the areas in between transit routes. It is also applied adjacent to select corridors and near METRO stations, serving as a transition to lower intensity residential areas. The Corridor 3 district is typically applied along transit routes farther from downtown that are on narrower rights-of-way, and serves as a transition between lower intensity residential areas and areas immediately surrounding METRO stations. The Corridor 4 district is typically applied along high frequency transit routes farther from downtown, that are on narrower rights-of-way, and on select streets with local transit service. It is also applied near downtown in areas between transit routes, and serves as a transition between lower intensity residential areas and areas immediately surrounding METRO stations. The Corridor 6 district is typically applied along high frequency transit routes as well as in areas near METRO stations. The Transit 10 district is typically applied along high frequency transit routes, adjacent to METRO stations, in neighborhoods near downtown, and in downtown. The Transit 15 district is typically applied along high frequency transit routes, adjacent to METRO stations, in neighborhoods near downtown, and in downtown. The Transit 20 district is typically applied along high frequency transit routes, adjacent to METRO stations, in neighborhoods near downtown, and in downtown. The Transit 30 district is typically applied along high frequency transit routes, adjacent to METRO stations, in neighborhoods near downtown, and adjacent to the downtown office core. The Core 50 district is applied in the downtown central business district. The district supports the office core as the center of the region's economy by allowing the largest building types in the city. The Production district is typically applied in areas of the city that are intended for the long-term preservation of production, transportation, and job generating uses. The Parks district is typically applied in areas with the Parks and Open Space future land use designation.",eng,Tip: Check “Visit Source” link for download options.,MapIT Minneapolis,Open Data Minneapolis,,Web services,,Property,Minneapolis|Zoning|Planning,Last Modified: 2026-10-02,2023-06-30,2026-2026,Minnesota--Minneapolis|Minnesota,"-93.329,44.891,-93.194,45.051","ENVELOPE(-93.329,-93.194,45.051,44.891)",Public,https://creativecommons.org/publicdomain/zero/1.0,ArcGIS FeatureLayer,ba5cc745-21c5-4ae9-954b-72dd8db6815a,05c-01,2026-10-08,published,https://hub.arcgis.com/datasets/2f166898e2ab4d268ba89a002e92365e_0,,ArcGIS Hub,DCAT API,https://opendata.minneapolismn.gov/api/feed/dcat-us/1.1.json,,,
33c3db3ad6bc49599f1fc81c1a3ba499_0,05c-01,HPC Landmarks [Minnesota--Minneapolis],HPC Landmarks,"The data set is refreshed on a weekly basis on Fridays at 2:45 AM. The website will reflect the last time the data set was updated and the total count of rows. The grid on the ""Data"" tab will display the up to date data. However, in certain situations there is a delay in the refresh of the downloadable data file. Sometimes the downloadable file does not reflect the updates to the data in the portal. After a delay (duration has been variable; up to 30 minutes), the file will be updated on the server and then downloads will include the updated data.",eng,Tip: Check “Visit Source” link for download options.,MapIT Minneapolis,Open Data Minneapolis,,Web services,,,Minneapolis|HPC|HistoricPreservation|Landmarks|Planning|CPED,Last Modified: 2026-10-02,2017-03-15,2026-2026,Minnesota--Minneapolis|Minnesota,"-93.325,44.906,-93.209,45.048","ENVELOPE(-93.325,-93.209,45.048,44.906)",Public,https://creativecommons.org/publicdomain/zero/1.0,ArcGIS FeatureLayer,ba5cc745-21c5-4ae9-954b-72dd8db6815a,05c-01,2026-10-08,published,https://hub.arcgis.com/datasets/33c3db3ad6bc49599f1fc81c1a3ba499_0,,ArcGIS Hub,DCAT API,https://opendata.minneapolismn.gov/api/feed/dcat-us/1.1.json,,,
869e3780fe284ca29527f1df7a469593_0,05c-01,HPC Districts [Minnesota--Minneapolis],HPC Districts,"The data set is refreshed on a weekly basis on Fridays at 2:45 AM. The website will reflect the last time the data set was updated and the total count of rows. The grid on the ""Data"" tab will display the up to date data. However, in certain situations there is a delay in the refresh of the downloadable data file. Sometimes the downloadable file does not reflect the updates to the data in the portal. After a delay (duration has been variable; up to 30 minutes), the file will be updated on the server and then downloads will include the updated data.",eng,Tip: Check “Visit Source” link for download options.,MapIT Minneapolis,Open Data Minneapolis,,Web services,,,Minneapolis|HPC|HistoricPreservation|CPED|Planning,Last Modified: 2026-10-02,2017-03-15,2026-2026,Minnesota--Minneapolis|Minnesota,"-93.320,44.905,-93.195,45.038","ENVELOPE(-93.320,-93.195,45.038,44.905)",Public,https://creativecommons.org/publicdomain/zero/1.0,ArcGIS FeatureLayer,ba5cc745-21c5-4ae9-954b-72dd8db6815a,05c-01,2026-10-08,published,https://hub.arcgis.com/datasets/869e3780fe284ca29527f1df7a469593_0,,ArcGIS Hub,DCAT API,https://opendata.minneapolismn.gov/api/feed/dcat-us/1.1.json,,,
a0f593780c1548a89ac29212714fbeca_0,05c-01,Future Land Use and Built Form 2040 [Minnesota--Minneapolis],Future Land Use and Built Form 2040,,eng,Tip: Check “Visit Source” link for download options.,MapIT Minneapolis,Open Data Minneapolis,,Web services,,Property,Minneapolis|Zoning|Planning,2040,2024-09-05,2040-2040,Minnesota--Minneapolis|Minnesota,"-93.329,44.891,-93.195,45.051","ENVELOPE(-93.329,-93.195,45.051,44.891)",Public,,ArcGIS FeatureLayer,ba5cc745-21c5-4ae9-954b-72dd8db6815a,05c-01,2026-10-08,published,https://hub.arcgis.com/datasets/a0f593780c1548a89ac29212714fbeca_0,,ArcGIS Hub,DCAT API,https://opendata.minneapolismn.gov/api/feed/dcat-us/1.1.json,,,
4eea8bf452e34f8c9d9ac07c54c0b4ab_0,05c-01,Food Inspections [Minnesota--Minneapolis],Food Inspections,"The data set is refreshed on a weekly basis on Fridays at 2:45 AM. The website will reflect the last time the data set was updated and the total count of rows. The grid on the ""Data"" tab will display the up to date data. However, in certain situations there is a delay in the refresh of the downloadable data file. Sometimes the downloadable file does not reflect the updates to the data in the portal. After a delay (duration has been variable; up to 30 minutes), the file will be updated on the server and then downloads will include the updated data.",eng,Tip: Check “Visit Source” link for download options.,MapIT Minneapolis,Open Data Minneapolis,,Web services,,Health,Minneapolis|OpenData|Health|Inspection|Food|Restaurant|FoodTruck|School|Caterer,Last Modified: 2026-10-02,2020-01-13,2026-2026,Minnesota--Minneapolis|Minnesota,"-93.329,0.000,0.000,45.050","ENVELOPE(-93.329,0.000,45.050,0.000)",Public,https://creativecommons.org/publicdomain/zero/1.0,ArcGIS FeatureLayer,ba5cc745-21c5-4ae9-954b-72dd8db6815a,05c-01,2026-10-08,published,https://hub.arcgis.com/datasets/4eea8bf452e34f8c9d9ac07c54c0b4ab_0,,ArcGIS Hub,DCAT API,https://opendata.minneapolismn.gov/api/feed/dcat-us/1.1.json,,,
6ad67d5110a34e8eb63c4def6e02fb6b_0,05c-01,Building Inspection Districts [Minnesota--Minneapolis],Building Inspection Districts,"The data set is refreshed on a weekly basis on Fridays at 2:45 AM. The website will reflect the last time the data set was updated and the total count of rows. The grid on the ""Data"" tab will display the up to date data. However, in certain situations there is a delay in the refresh of the downloadable data file. Sometimes the downloadable file does not reflect the updates to the data in the portal. After a delay (duration has been variable; up to 30 minutes), the file will be updated on the server and then downloads will include the updated data.",eng,Tip: Check “Visit Source” link for download options.,MapIT Minneapolis,Open Data Minneapolis,,Web services,,Boundaries,Minneapolis|Inspections|Boundaries|Boundary,Last Modified: 2026-10-02,2017-03-13,2026-2026,Minnesota--Minneapolis|Minnesota,"-93.329,44.891,-93.194,45.051","ENVELOPE(-93.329,-93.194,45.051,44.891)",Public,https://creativecommons.org/publicdomain/zero/1.0,ArcGIS FeatureLayer,ba5cc745-21c5-4ae9-954b-72dd8db6815a,05c-01,2026-10-08,published,https://hub.arcgis.com/datasets/6ad67d5110a34e8eb63c4def6e02fb6b_0,,ArcGIS Hub,DCAT API,https://opendata.minneapolismn.gov/api/feed/dcat-us/1.1.json,,,
da0d8e48df10478bb2160977f988a113_0,05c-01,EAS Addresses [Minnesota--Minneapolis],EAS Addresses,"The data set is refreshed on a weekly basis on Fridays at 2:45 AM. The website will reflect the last time the data set was updated and the total count of rows. The grid on the ""Data"" tab will display the up to date data. However, in certain situations there is a delay in the refresh of the downloadable data file. Sometimes the downloadable file does not reflect the updates to the data in the portal. After a delay (duration has been variable; up to 30 minutes), the file will be updated on the server and then downloads will include the updated data.",eng,Tip: Check “Visit Source” link for download options.,MapIT Minneapolis,Open Data Minneapolis,,Web services,,Location,Minneapolis|EAS|Addresses|AddressPoints,Last Modified: 2026-10-02,2017-03-13,2026-2026,Minnesota--Minneapolis|Minnesota,"-93.330,44.891,-93.199,45.051","ENVELOPE(-93.330,-93.199,45.051,44.891)",Public,https://creativecommons.org/publicdomain/zero/1.0,ArcGIS FeatureLayer,ba5cc745-21c5-4ae9-954b-72dd8db6815a,05c-01,2026-10-08,published,https://hub.arcgis.com/datasets/da0d8e48df10478bb2160977f988a113_0,,ArcGIS Hub,DCAT API,https://opendata.minneapolismn.gov/api/feed/dcat-us/1.1.json,,,
5a134086d2374f29b9fe633042327596_0,05c-01,Residential Specialty [Minnesota--Minneapolis],Residential Specialty,,eng,Tip: Check “Visit Source” link for download options.,MapIT Minneapolis,Open Data Minneapolis,,Web services,,,Minneapolis|OpenData|Licenses,Last Modified: 2026-09-25,2023-09-21,2026-2026,Minnesota--Minneapolis|Minnesota,"-93.329,44.890,-93.194,45.051","ENVELOPE(-93.329,-93.194,45.051,44.890)",Public,https://creativecommons.org/publicdomain/zero/1.0,ArcGIS FeatureLayer,ba5cc745-21c5-4ae9-954b-72dd8db6815a,05c-01,2026-10-08,published,https://hub.arcgis.com/datasets/5a134086d2374f29b9fe633042327596_0,,ArcGIS Hub,DCAT API,https://opendata.minneapolismn.gov/api/feed/dcat-us/1.1.json,,,
5042131de56d44749f6e43c0b5738b21_0,05c-01,On Sale Liquor [Minnesota--Minneapolis],On Sale Liquor,"The data set is refreshed on the last Friday of the month at 7:30 PM. The website will reflect the last time the data set was updated and the total count of rows. The grid on the ""Data"" tab will display the up to date data. However, in certain situations there is a delay in the refresh of the downloadable data file. Sometimes the downloadable file does not reflect the updates to the data in the portal. After a delay (duration has been variable; up to 30 minutes), the file will be updated on the server and then downloads will include the updated data.",eng,Tip: Check “Visit Source” link for download options.,MapIT Minneapolis,Open Data Minneapolis,,Web services,,,OpenData|liquorlicenses|BusinessLicensing,Last Modified: 2026-09-25,2018-10-09,2026-2026,Minnesota--Minneapolis|Minnesota,"-93.329,0.000,0.000,45.039","ENVELOPE(-93.329,0.000,45.039,0.000)",Public,https://creativecommons.org/publicdomain/zero/1.0,ArcGIS FeatureLayer,ba5cc745-21c5-4ae9-954b-72dd8db6815a,05c-01,2026-10-08,published,https://hub.arcgis.com/datasets/5042131de56d44749f6e43c0b5738b21_0,,ArcGIS Hub,DCAT API,https://opendata.minneapolismn.gov/api/feed/dcat-us/1.1.json,,,
04284cb2bc4448df83527ae3e33d5ac9_0,05c-01,Off Sale Liquor [Minnesota--Minneapolis],Off Sale Liquor,"The data set is refreshed on the last Friday of the month at 7:30 PM. The website will reflect the last time the data set was updated and the total count of rows. The grid on the ""Data"" tab will display the up to date data. However, in certain situations there is a delay in the refresh of the downloadable data file. Sometimes the downloadable file does not reflect the updates to the data in the portal. After a delay (duration has been variable; up to 30 minutes), the file will be updated on the server and then downloads will include the updated data.",eng,Tip: Check “Visit Source” link for download options.,MapIT Minneapolis,Open Data Minneapolis,,Web services,,,OpenData|liquorlicenses|cped|BusinessLicensing,Last Modified: 2026-09-25,2017-04-11,2026-2026,Minnesota--Minneapolis|Minnesota,"-93.329,0.000,0.000,45.031","ENVELOPE(-93.329,0.000,45.031,0.000)",Public,https://creativecommons.org/publicdomain/zero/1.0,ArcGIS FeatureLayer,ba5cc745-21c5-4ae9-954b-72dd8db6815a,05c-01,2026-10-08,published,https://hub.arcgis.com/datasets/04284cb2bc4448df83527ae3e33d5ac9_0,,ArcGIS Hub,DCAT API,https://opendata.minneapolismn.gov/api/feed/dcat-us/1.1.json,,,
a76cdaf57c9a45f380ca6858283e266f_0,05c-01,Mechanical Heating [Minnesota--Minneapolis],Mechanical Heating,,eng,Tip: Check “Visit Source” link for download options.,MapIT Minneapolis,Open Data Minneapolis,,Web services,,,Minneapolis|OpenData|Licenses,Last Modified: 2026-09-25,2023-09-21,2026-2026,Minnesota--Minneapolis|Minnesota,"-93.329,44.890,-93.194,45.051","ENVELOPE(-93.329,-93.194,45.051,44.890)",Public,https://creativecommons.org/publicdomain/zero/1.0,ArcGIS FeatureLayer,ba5cc745-21c5-4ae9-954b-72dd8db6815a,05c-01,2026-10-08,published,https://hub.arcgis.com/datasets/a76cdaf57c9a45f380ca6858283e266f_0,,ArcGIS Hub,DCAT API,https://opendata.minneapolismn.gov/api/feed/dcat-us/1.1.json,,,
e68d01d782c04d88876bbd51e1c40702_0,05c-01,MPLS Centerline [Minnesota--Minneapolis],MPLS Centerline,"This centerline file is maintained by the GIS Office at the City of Minneapolis. These centerlines represent the center of pavement for all of the drivable streets in the City. The data set is refreshed on the last Friday of the month at 7:30 PM. The website will reflect the last time the data set was updated and the total count of rows. The grid on the ""Data"" tab will display the up to date data. However, in certain situations there is a delay in the refresh of the downloadable data file. Sometimes the downloadable file does not reflect the updates to the data in the portal. After a delay (duration has been variable; up to 30 minutes), the file will be updated on the server and then downloads will include the updated data.",eng,Tip: Check “Visit Source” link for download options.,MapIT Minneapolis,Open Data Minneapolis,,Web services,,Transportation,Minneapolis|Streets|Centerline|OpenData,Last Modified: 2025-07-25,2019-04-15,2025-2025,Minnesota--Minneapolis|Minnesota,"-93.329,44.887,-93.198,45.051","ENVELOPE(-93.329,-93.198,45.051,44.887)",Public,https://creativecommons.org/publicdomain/zero/1.0,ArcGIS FeatureLayer,ba5cc745-21c5-4ae9-954b-72dd8db6815a,05c-01,2026-10-08,published,https://hub.arcgis.com/datasets/e68d01d782c04d88876bbd51e1c40702_0,,ArcGIS Hub,DCAT API,https://opendata.minneapolismn.gov/api/feed/dcat-us/1.1.json,,,
2ede87f23eb84260b981ed176aed63c8_0,05c-01,Police Incidents 2024 [Minnesota--Minneapolis],Police Incidents 2024,,eng,Tip: Check “Visit Source” link for download options.,MapIT Minneapolis,Open Data Minneapolis,,Web services,,,Minneapolis|Police|MPD|OpenData|PublicSafety,2024,2024-03-14,2024-2024,Minnesota--Minneapolis|Minnesota,"-93.329,44.891,-93.201,45.051","ENVELOPE(-93.329,-93.201,45.051,44.891)",Public,https://creativecommons.org/publicdomain/zero/1.0,ArcGIS FeatureLayer,ba5cc745-21c5-4ae9-954b-72dd8db6815a,05c-01,2026-10-08,published,https://hub.arcgis.com/datasets/2ede87f23eb84260b981ed176aed63c8_0,,ArcGIS Hub,DCAT API,https://opendata.minneapolismn.gov/api/feed/dcat-us/1.1.json,,,
ec28f7083c9346bf8a9fe44f8546c055_0,05c-01,PW Street Centerline [Minnesota--Minneapolis],PW Street Centerline,"For questions about this data please contact PublicWorksOpenData@minneapolismn.gov Attribute Overview: Ramp county centerline, Ramp Interstate centerline, Ramp State centerline, Roadway County centerline, Roadway Interstate centerline, Roadway Military centerline, Roadway Municipal centerline, Roadway Non-Existing centerline, Roadway Park Board centerline, Roadway Private centerline, Roadway Right-of-Way centerline, Roadway State centerline, Roadway State Frontage Road centerline, Roadway University of Minnesota centerline, Tunnel Interstate centerline, Text. Fields: Field Name Field Type Field Description OBJECTID Object ID Unique ID ALT_STREET_NAME2 Text Alternate street name option 2 ALT_STREET_NAME1 Text Alternate street name option 1 STREET_CLINE_REVD Date Graphic revision date STREET_CLINE_CREATED Date Graphic creation date SOURCE_DATE Date Source date DIGITIZING_SOURCE Text Source of data TRAFFIC_DIR Text One way street code SPEED_LIM Long Integer Speed Limit FUNC_CLASS Text Functional classification TRUCK_ROUTE_TYPE Text Truck route type BUS_ROUTE Text Bus route Y/N SNOW_EMERGENCY_ROUTE Text Snow emergency route Y/N POTHOLE_MAINTENANCE Text Pothole maintenance responsibility STREET_MAINT_DIST Text Street maintenance district BRIDGE Text Y/N column if segment contains bridge(s) TURNBACK Text Type of turn back SYSTEM_MILEAGE Text Y/N column to include segment in system mileage SEGMENT_LENGTH Double Graphic length JURISDICTION Text Jurisdiction of street segment US_ROUTE_NO2 Text US route number option 1 US_ROUTE_NO1 Text US route number option 2 ROUTE_TYPE Text Funding source route type ROUTE_NO Text Route number STREET_O_NAME Text Street on name STREET_F_NAME Text Street from name STREET_T_NAME Text Street to name OFT Text Street On-From-To code SYMBOL_NAME Text Graphic symbol name AADT_ID Long Integer Annual average daily traffic ID Shape Geometry Geometry Sahpe.STLength() Double Graphic length Symbol Name Definitions Symbol Name Definition RAMP_CNTY Centerline Ramp County RAMP_INTST Centerline Ramp Interstate RAMP_STATE Centerline Ramp State ROAD_CNTY Centerline Roadway County ROAD_INTST Centerline Roadway Interstate ROAD_MIL Centerline Roadway Military ROAD_MUNI Centerline Roadway Municipal ROAD_NONEX Centerline Roadway Non-Existing ROAD_PKBD Centerline Roadway Park Board ROAD_PRVT Centerline Roadway Private ROAD_RWAY Centerline Roadway Right-of-Way ROAD_STATE Centerline Roadway State ROAD_STATE_FR Centerline Roadway State Frontage ROAD_STATE_UNSIGNED Centerline Roadway State Unsigned Trunck Highway ROAD_UMN Centerline Roadway University of Minnesota",eng,Tip: Check “Visit Source” link for download options.,MapIT Minneapolis,Open Data Minneapolis,,Web services,,Transportation,OpenData|Minneapolis|PublicWorks|Centerline|Streets,Last Modified: 2026-09-09,2018-02-21,2026-2026,Minnesota--Minneapolis|Minnesota,"-93.329,44.886,-93.198,45.051","ENVELOPE(-93.329,-93.198,45.051,44.886)",Public,https://creativecommons.org/publicdomain/zero/1.0,ArcGIS FeatureLayer,ba5cc745-21c5-4ae9-954b-72dd8db6815a,05c-01,2026-10-08,published,https://hub.arcgis.com/datasets/ec28f7083c9346bf8a9fe44f8546c055_0,,ArcGIS Hub,DCAT API,https://opendata.minneapolismn.gov/api/feed/dcat-us/1.1.json,,,
78d32371381a424a808a1d0852645a73_0,05c-01,Property Sales 2021 to 2025 [Minnesota--Minneapolis],Property Sales 2021 to 2025,,eng,Tip: Check “Visit Source” link for download options.,MapIT Minneapolis,Open Data Minneapolis,,Web services,,,Minneapolis|Assessing|OpenData|opendata,2021,2026-08-17,2021-2021,Minnesota--Minneapolis|Minnesota,"-93.329,44.890,-93.194,45.051","ENVELOPE(-93.329,-93.194,45.051,44.890)",Public,https://creativecommons.org/publicdomain/zero/1.0,ArcGIS FeatureLayer,ba5cc745-21c5-4ae9-954b-72dd8db6815a,05c-01,2026-10-08,published,https://hub.arcgis.com/datasets/78d32371381a424a808a1d0852645a73_0,,ArcGIS Hub,DCAT API,https://opendata.minneapolismn.gov/api/feed/dcat-us/1.1.json,,,
f6748f040c6a4244bb2b314b26b44b48_0,05c-01,Assessing Department Parcel Data 2026 [Minnesota--Minneapolis],Assessing Department Parcel Data 2026,"Field Definitions PIN 13 digit tax ID for parcel ANUMBER Address number ANUMBERSUF Address number suffix ST_PRE_DIR Street direction that comes before street name ST_NAME Street name ST_TYPE Type of street (Ave, St, Ln etc.) ST_POST_DIR Street direction that comes after the street name AUNIT Unit number of address ZIPCODE Postal code FORMATTED_ADDRESS Full mailing address OWNERNAME Name of property owner TAXPAYER1 Taxpayer name TAXPAYER2 Taxpayer name and address TAXPAYER3 Taxpayer name and address continued TAXPAYER4 Taxpayer name and address continued ASSESSMENT_YEAR Year for which the property value is assessed TAX_YEAR Year for which the property taxes are due PLAT Plat number PROPERTY_TYPE Type of property MAIN_PT Property type on primary use of parcel SUB_PT1 Property type of secondary use of parcel SUB_PT2 Property type of tertiary use of parcel SUB_PT3 Property type of quaternary use of parcel MULTIPLE_USES Indicates whether parcel has multiple uses or not TAX_EXEMPT Indicates whether parcel is tax exempt EXEMPTCD1 Exempt code for first tax exempt portion EXEMPTCD2 Exempt code for second tax exempt portion EXEMPTCD3 Exempt code for third tax exempt portion EXEMPTCD4 Exempt code for fourth tax exempt portion PARCEL_AREA_SQFT Land area of parcel in square feet X X coordinate of parcel centroid (uses NAD 83 HARN Hennepin County coordinate system) Y Y coordinate of parcel centroid (uses NAD 83 HARN Hennepin County coordinate system) NEIGHBORHOOD Name of neighborhood the property is in COMMUNITY Name of community the property is in WARD Name of ward the property is in ZONING Name of zoning district the property is in LANDUSE Property's land use designation LANDVALUE Property's assessed land value as of January 2 of its assessment year BUILDINGVALUE Property's assessed building value as of January 2 of its assessment year TOTALVALUE Property's total assessed value as of January 2 of its assessment year EXEMPTSTATUS Indicates the status of property (if exempt) HOMESTEAD Indicates whether property is homesteaded BLDG_ID Unique identifier for buildings BUILDINGUSE Use classification of building YEARBUILT Year that the building was constructed BELOWGROUNDAREA Total square footage below grade ABOVEGROUNDAREA Total square footage above grade NUM_STORIES Number of stories in building GARAGE_PRESENT Indicates whether property has a garage PRIMARYHEATING Primary type of heating in building CONSTRUCTIONTYPE Style of construction EXTERIORTYPE Exterior finish of building ROOF Style of roof TOTAL_UNITS Total number of units FIREPLACES Number of fireplaces BATHROOMS Number of bathrooms BEDROOMS Number of bedrooms",eng,Tip: Check “Visit Source” link for download options.,MapIT Minneapolis,Open Data Minneapolis,,Web services,,,Minneapolis|OpenData|Assessing,2026,2026-08-10,2026-2026,Minnesota--Minneapolis|Minnesota,"-93.329,44.890,-93.194,45.051","ENVELOPE(-93.329,-93.194,45.051,44.890)",Public,https://creativecommons.org/publicdomain/zero/1.0,ArcGIS FeatureLayer,ba5cc745-21c5-4ae9-954b-72dd8db6815a,05c-01,2026-10-08,published,https://hub.arcgis.com/datasets/f6748f040c6a4244bb2b314b26b44b48_0,,ArcGIS Hub,DCAT API,https://opendata.minneapolismn.gov/api/feed/dcat-us/1.1.json,,,
4a50dcb6da524b18b9fab49947d7a3fa_0,05c-01,Public Works Special Assessments [Minnesota--Minneapolis],Public Works Special Assessments,"For more information on the special assessment process in Minneapolis, see the City website .",eng,Tip: Check “Visit Source” link for download options.,MapIT Minneapolis,Open Data Minneapolis,,Web services,,,opendata|assessments|publicworks,Last Modified: 2015-12-02,2015-06-01,2015-2015,Minnesota--Minneapolis|Minnesota,"-93.329,44.891,-93.205,45.051","ENVELOPE(-93.329,-93.205,45.051,44.891)",Public,https://creativecommons.org/publicdomain/zero/1.0,ArcGIS FeatureLayer,ba5cc745-21c5-4ae9-954b-72dd8db6815a,05c-01,2026-10-08,published,https://hub.arcgis.com/datasets/4a50dcb6da524b18b9fab49947d7a3fa_0,,ArcGIS Hub,DCAT API,https://opendata.minneapolismn.gov/api/feed/dcat-us/1.1.json,,,
7f54c138c7d745618453fc9f4048d8f1_0,05c-01,Officer Conduct Data [Minnesota--Minneapolis],Officer Conduct Data,For questions about this data please contact OpenData_IT@minneapolismn.gov Column Descriptions Plaintiff - The name of the involved party Jurisdiction - the location the legal action occurred - Hennepin County District Court is under the laws of Minnesota - US District Court is under federal law Civil Process - the nature of the legal process - The City and the Plaintiff resolve claims - The Courts watch over Litigation Description - how the matter was resolved Lawsuit Settlement = the parties agreed to the payout amount before a trial is done Lawsuit Judgement = the payout amount was decided by a judge or jury Incident Date - the date of the event leading to the legal action Date Opened - the date the City Attorney's office opens a file for the case Payout Date - the date the City pays the Plaintiff after the City Council officially approves the payout.,eng,Tip: Check “Visit Source” link for download options.,MapIT Minneapolis,Open Data Minneapolis,,Web services,,,Minneapolis|OpenData|MPD|Police,Last Modified: 2026-07-08,2021-01-14,2026-2026,Minnesota--Minneapolis|Minnesota,"-93.329,44.890,-93.194,45.051","ENVELOPE(-93.329,-93.194,45.051,44.890)",Public,https://creativecommons.org/publicdomain/zero/1.0,ArcGIS FeatureLayer,ba5cc745-21c5-4ae9-954b-72dd8db6815a,05c-01,2026-10-08,published,https://hub.arcgis.com/datasets/7f54c138c7d745618453fc9f4048d8f1_0,,ArcGIS Hub,DCAT API,https://opendata.minneapolismn.gov/api/feed/dcat-us/1.1.json,,,
6165b700a285445f81faba03ce8a2cb9_0,05c-01,Scooter and Bike Availability 2025 [Minnesota--Minneapolis],Scooter and Bike Availability 2025,"PollTime: The time the API was polled for a snapshot of available vehicles CompanyName: The name of the company polled NumberAvailable: The number of vehicles available on the street or trail centerline ID at poll time according to recent vehicle status ClosestCenterlineID: the closest street centerline GBSID or trail centerline Feature Unique ID. Refer to the Street Centerline dataset here: https://opendata.minneapolismn.gov/datasets/mpls-centerline , and the trail centerline dataset here: https://gisdata.mn.gov/dataset/us-mn-state-metrogis-trans-metro-colabtiv-trails-bike ClosestCenterlineType: The type of centerline, either street or trail Neighborhood: The neighborhood the vehicle was located in",eng,Tip: Check “Visit Source” link for download options.,MapIT Minneapolis,Open Data Minneapolis,,Web services,,,Minneapolis|OpenData,2025,2026-06-26,2025-2025,Minnesota--Minneapolis|Minnesota,"-93.329,44.890,-93.194,45.051","ENVELOPE(-93.329,-93.194,45.051,44.890)",Public,,ArcGIS FeatureLayer,ba5cc745-21c5-4ae9-954b-72dd8db6815a,05c-01,2026-10-08,published,https://hub.arcgis.com/datasets/6165b700a285445f81faba03ce8a2cb9_0,,ArcGIS Hub,DCAT API,https://opendata.minneapolismn.gov/api/feed/dcat-us/1.1.json,,,
d9a1f322528447ff9c1bc86e5d0895c5_0,05c-01,Motorized Scooter and eBike Trips 2025 [Minnesota--Minneapolis],Motorized Scooter and eBike Trips 2025,"Field Descriptions TripID: a unique identifier for each trip created by the City of Minneapolis TripDuration: trip time in seconds TripDistance: trip distance in meters StartTime: time the trip started, rounded to the nearest half hour EndTime: time the trip ended, rounded to the nearest half hour StartCenterlineID: the street centerline GBSID or trail centerline Feature Unique ID the trip started on. Refer to the Street Centerline dataset here: https://opendata.minneapolismn.gov/datasets/mpls-centerline , and the trail centerline dataset here: https://gisdata.mn.gov/dataset/us-mn-state-metrogis-trans-metro-colabtiv-trails-bike StartCenterlineType: The type of centerline the trip started on, either street or trail",eng,Tip: Check “Visit Source” link for download options.,MapIT Minneapolis,Open Data Minneapolis,,Web services,,,Minneapolis|OpenData,2025,2026-06-26,2025-2025,Minnesota--Minneapolis|Minnesota,"-93.329,44.890,-93.194,45.051","ENVELOPE(-93.329,-93.194,45.051,44.890)",Public,,ArcGIS FeatureLayer,ba5cc745-21c5-4ae9-954b-72dd8db6815a,05c-01,2026-10-08,published,https://hub.arcgis.com/datasets/d9a1f322528447ff9c1bc86e5d0895c5_0,,ArcGIS Hub,DCAT API,https://opendata.minneapolismn.gov/api/feed/dcat-us/1.1.json,,,
4b496601fd324038b990dbd906444c7a_0,05c-01,Structural Fires [Minnesota--Minneapolis],Structural Fires,"*This is service is temporarily paused as the City is implementing a new reporting system. The data set is refreshed on a weekly basis on Fridays at 2:45 AM. The website will reflect the last time the data set was updated and the total count of rows. The grid on the ""Data"" tab will display the up to date data. However, in certain situations there is a delay in the refresh of the downloadable data file. Sometimes the downloadable file does not reflect the updates to the data in the portal. After a delay (duration has been variable; up to 30 minutes), the file will be updated on the server and then downloads will include the updated data.",eng,Tip: Check “Visit Source” link for download options.,MapIT Minneapolis,Open Data Minneapolis,,Web services,,,Minneapolis|OpenData|MFD|Fire,Last Modified: 2025-08-08,2019-12-06,2025-2025,Minnesota--Minneapolis|Minnesota,"-93.356,0.000,0.000,45.096","ENVELOPE(-93.356,0.000,45.096,0.000)",Public,https://creativecommons.org/publicdomain/zero/1.0,ArcGIS FeatureLayer,ba5cc745-21c5-4ae9-954b-72dd8db6815a,05c-01,2026-10-08,published,https://hub.arcgis.com/datasets/4b496601fd324038b990dbd906444c7a_0,,ArcGIS Hub,DCAT API,https://opendata.minneapolismn.gov/api/feed/dcat-us/1.1.json,,,
07b2c478f34b412c8b792551de56c06a_0,05c-01,Public 311 2022 [Minnesota--Minneapolis],Public 311 2022,"The data set is refreshed on a daily basis by 10:45 PM. The website will reflect the last time the data set was updated and the total count of rows. The grid on the ""Data"" tab will display the up to date data. However, in certain situations there is a delay in the refresh of the downloadable data file. Sometimes the downloadable file does not reflect the updates to the data in the portal. After a delay (duration has been variable; up to 30 minutes), the file will be updated on the server and then downloads will include the updated data.",eng,Tip: Check “Visit Source” link for download options.,MapIT Minneapolis,Open Data Minneapolis,,Web services,,,311|Minneapolis|OpenData,2022,2022-02-11,2022-2022,Minnesota--Minneapolis|Minnesota,"-93.354,0.000,14.883,5.080","ENVELOPE(-93.354,14.883,5.080,0.000)",Public,https://creativecommons.org/publicdomain/zero/1.0,ArcGIS FeatureLayer,ba5cc745-21c5-4ae9-954b-72dd8db6815a,05c-01,2026-10-08,published,https://hub.arcgis.com/datasets/07b2c478f34b412c8b792551de56c06a_0,,ArcGIS Hub,DCAT API,https://opendata.minneapolismn.gov/api/feed/dcat-us/1.1.json,,,
a77fc7f2f6c44222bdbb70b1f00c110f_0,05c-01,Fires Confirmed 2022 [Minnesota--Minneapolis],Fires Confirmed 2022,"The data set is refreshed on a daily basis by 10:45 PM. The website will reflect the last time the data set was updated and the total count of rows. The grid on the ""Data"" tab will display the up to date data. However, in certain situations there is a delay in the refresh of the downloadable data file. Sometimes the downloadable file does not reflect the updates to the data in the portal. After a delay (duration has been variable; up to 30 minutes), the file will be updated on the server and then downloads will include the updated data.",eng,Tip: Check “Visit Source” link for download options.,MapIT Minneapolis,Open Data Minneapolis,,Web services,,,PublicSafety|Minneapolis|OpenData,2022,2022-02-11,2022-2022,Minnesota--Minneapolis|Minnesota,"-93.329,0.000,0.000,45.051","ENVELOPE(-93.329,0.000,45.051,0.000)",Public,https://creativecommons.org/publicdomain/zero/1.0,ArcGIS FeatureLayer,ba5cc745-21c5-4ae9-954b-72dd8db6815a,05c-01,2026-10-08,published,https://hub.arcgis.com/datasets/a77fc7f2f6c44222bdbb70b1f00c110f_0,,ArcGIS Hub,DCAT API,https://opendata.minneapolismn.gov/api/feed/dcat-us/1.1.json,,,
5110f0468a12486887bc99e267a9a569_0,05c-01,Fires Confirmed 2023 [Minnesota--Minneapolis],Fires Confirmed 2023,"The data set is refreshed on a daily basis by 10:45 PM. The website will reflect the last time the data set was updated and the total count of rows. The grid on the ""Data"" tab will display the up to date data. However, in certain situations there is a delay in the refresh of the downloadable data file. Sometimes the downloadable file does not reflect the updates to the data in the portal. After a delay (duration has been variable; up to 30 minutes), the file will be updated on the server and then downloads will include the updated data.",eng,Tip: Check “Visit Source” link for download options.,MapIT Minneapolis,Open Data Minneapolis,,Web services,,,PublicSafety|Minneapolis|OpenData,2023,2023-02-02,2023-2023,Minnesota--Minneapolis|Minnesota,"-93.329,0.000,0.000,45.050","ENVELOPE(-93.329,0.000,45.050,0.000)",Public,https://creativecommons.org/publicdomain/zero/1.0,ArcGIS FeatureLayer,ba5cc745-21c5-4ae9-954b-72dd8db6815a,05c-01,2026-10-08,published,https://hub.arcgis.com/datasets/5110f0468a12486887bc99e267a9a569_0,,ArcGIS Hub,DCAT API,https://opendata.minneapolismn.gov/api/feed/dcat-us/1.1.json,,,
877d0be8e11e47d3875ee6dda321eb5a_0,05c-01,Fires Reported 2023 [Minnesota--Minneapolis],Fires Reported 2023,"The data set is refreshed on a daily basis by 10:45 PM. The website will reflect the last time the data set was updated and the total count of rows. The grid on the ""Data"" tab will display the up to date data. However, in certain situations there is a delay in the refresh of the downloadable data file. Sometimes the downloadable file does not reflect the updates to the data in the portal. After a delay (duration has been variable; up to 30 minutes), the file will be updated on the server and then downloads will include the updated data.",eng,Tip: Check “Visit Source” link for download options.,MapIT Minneapolis,Open Data Minneapolis,,Web services,,,PublicSafety|Minneapolis|OpenData,2023,2023-02-02,2023-2023,Minnesota--Minneapolis|Minnesota,"-93.430,44.291,-93.186,45.220","ENVELOPE(-93.430,-93.186,45.220,44.291)",Public,https://creativecommons.org/publicdomain/zero/1.0,ArcGIS FeatureLayer,ba5cc745-21c5-4ae9-954b-72dd8db6815a,05c-01,2026-10-08,published,https://hub.arcgis.com/datasets/877d0be8e11e47d3875ee6dda321eb5a_0,,ArcGIS Hub,DCAT API,https://opendata.minneapolismn.gov/api/feed/dcat-us/1.1.json,,,
e0c53983e4a24a968987c935c997df0c_0,05c-01,Police Use of Force Legacy [Minnesota--Minneapolis],Police Use of Force Legacy,"Disclaimer: *Please note that the responseDate is shown in UTC time, not local time. The grid on the ""Data"" tab will display the up to date data. However, in certain situations there is a delay in the refresh of the downloadable data file. Sometimes the downloadable file does not reflect the updates to the data in the portal. After a delay (duration has been variable; up to 30 minutes), the file will be updated on the server and then downloads will include the updated data.",eng,Tip: Check “Visit Source” link for download options.,MapIT Minneapolis,Open Data Minneapolis,,Web services,,,Minneapolis|OpenData|PublicSafety|Police,Last Modified: 2024-09-05,2024-09-05,2024-2024,Minnesota--Minneapolis|Minnesota,"-93.328,0.000,0.000,45.051","ENVELOPE(-93.328,0.000,45.051,0.000)",Public,https://creativecommons.org/publicdomain/zero/1.0,ArcGIS FeatureLayer,ba5cc745-21c5-4ae9-954b-72dd8db6815a,05c-01,2026-10-08,published,https://hub.arcgis.com/datasets/e0c53983e4a24a968987c935c997df0c_0,,ArcGIS Hub,DCAT API,https://opendata.minneapolismn.gov/api/feed/dcat-us/1.1.json,,,
9ed132bf5ae6432cad9db0f640a7e2cb_0,05c-01,Fires Reported 2024 [Minnesota--Minneapolis],Fires Reported 2024,,eng,Tip: Check “Visit Source” link for download options.,MapIT Minneapolis,Open Data Minneapolis,,Web services,,,PublicSafety|Minneapolis|OpenData,2024,2024-03-14,2024-2024,Minnesota--Minneapolis|Minnesota,"-93.474,44.745,-93.183,45.573","ENVELOPE(-93.474,-93.183,45.573,44.745)",Public,https://creativecommons.org/publicdomain/zero/1.0,ArcGIS FeatureLayer,ba5cc745-21c5-4ae9-954b-72dd8db6815a,05c-01,2026-10-08,published,https://hub.arcgis.com/datasets/9ed132bf5ae6432cad9db0f640a7e2cb_0,,ArcGIS Hub,DCAT API,https://opendata.minneapolismn.gov/api/feed/dcat-us/1.1.json,,,
653d00d8dd864cc597b87766aa12255d_0,05c-01,Public 311 2023 [Minnesota--Minneapolis],Public 311 2023,"The data set is refreshed on a daily basis by 10:45 PM. The website will reflect the last time the data set was updated and the total count of rows. The grid on the ""Data"" tab will display the up to date data. However, in certain situations there is a delay in the refresh of the downloadable data file. Sometimes the downloadable file does not reflect the updates to the data in the portal. After a delay (duration has been variable; up to 30 minutes), the file will be updated on the server and then downloads will include the updated data.",eng,Tip: Check “Visit Source” link for download options.,MapIT Minneapolis,Open Data Minneapolis,,Web services,,,311|Minneapolis|OpenData,2023,2023-02-02,2023-2023,Minnesota--Minneapolis|Minnesota,"-93.354,0.000,14.883,5.080","ENVELOPE(-93.354,14.883,5.080,0.000)",Public,https://creativecommons.org/publicdomain/zero/1.0,ArcGIS FeatureLayer,ba5cc745-21c5-4ae9-954b-72dd8db6815a,05c-01,2026-10-08,published,https://hub.arcgis.com/datasets/653d00d8dd864cc597b87766aa12255d_0,,ArcGIS Hub,DCAT API,https://opendata.minneapolismn.gov/api/feed/dcat-us/1.1.json,,,
2fdbb3ee8e94415c9d22013be54c8cf4_0,05c-01,Zones [Minnesota--Minneapolis],Zones,,eng,Tip: Check “Visit Source” link for download options.,MapIT Minneapolis,Open Data Minneapolis,,Web services,,,Minneapolis|SmartCities,Last Modified: 2025-06-03,2024-12-11,2025-2025,Minnesota--Minneapolis|Minnesota,"-93.279,44.951,-93.277,44.965","ENVELOPE(-93.279,-93.277,44.965,44.951)",Public,,ArcGIS FeatureLayer,ba5cc745-21c5-4ae9-954b-72dd8db6815a,05c-01,2026-10-08,published,https://hub.arcgis.com/datasets/2fdbb3ee8e94415c9d22013be54c8cf4_0,,ArcGIS Hub,DCAT API,https://opendata.minneapolismn.gov/api/feed/dcat-us/1.1.json,,,
2be3d5015a78466ebd46cb444881d114_0,05c-01,Police Sectors [Minnesota--Minneapolis],Police Sectors,,eng,Tip: Check “Visit Source” link for download options.,MapIT Minneapolis,Open Data Minneapolis,,Web services,,,OpenData|Minneapolis|Police|MPD,Last Modified: 2024-12-31,2018-08-03,2024-2024,Minnesota--Minneapolis|Minnesota,"-93.329,44.891,-93.194,45.051","ENVELOPE(-93.329,-93.194,45.051,44.891)",Public,https://creativecommons.org/publicdomain/zero/1.0,ArcGIS FeatureLayer,ba5cc745-21c5-4ae9-954b-72dd8db6815a,05c-01,2026-10-08,published,https://hub.arcgis.com/datasets/2be3d5015a78466ebd46cb444881d114_0,,ArcGIS Hub,DCAT API,https://opendata.minneapolismn.gov/api/feed/dcat-us/1.1.json,,,
cb378a2e807f4cbfb626850b2767e234_0,05c-01,Public 311 2025 [Minnesota--Minneapolis],Public 311 2025,,eng,Tip: Check “Visit Source” link for download options.,MapIT Minneapolis,Open Data Minneapolis,,Web services,,,311|Minneapolis|OpenData,2025,2025-01-08,2025-2025,Minnesota--Minneapolis|Minnesota,"-93.329,0.000,0.000,45.051","ENVELOPE(-93.329,0.000,45.051,0.000)",Public,https://creativecommons.org/publicdomain/zero/1.0,ArcGIS FeatureLayer,ba5cc745-21c5-4ae9-954b-72dd8db6815a,05c-01,2026-10-08,published,https://hub.arcgis.com/datasets/cb378a2e807f4cbfb626850b2767e234_0,,ArcGIS Hub,DCAT API,https://opendata.minneapolismn.gov/api/feed/dcat-us/1.1.json,,,
58f6ead92c6845efbd725884e3c867a1_0,05c-01,Plumber Gas Specific [Minnesota--Minneapolis],Plumber Gas Specific,,eng,Tip: Check “Visit Source” link for download options.,MapIT Minneapolis,Open Data Minneapolis,,Web services,,,Minneapolis|OpenData|Licenses,Last Modified: 2026-05-21,2023-09-21,2026-2026,Minnesota--Minneapolis|Minnesota,"-93.329,44.890,-93.194,45.051","ENVELOPE(-93.329,-93.194,45.051,44.890)",Public,https://creativecommons.org/publicdomain/zero/1.0,ArcGIS FeatureLayer,ba5cc745-21c5-4ae9-954b-72dd8db6815a,05c-01,2026-10-08,published,https://hub.arcgis.com/datasets/58f6ead92c6845efbd725884e3c867a1_0,,ArcGIS Hub,DCAT API,https://opendata.minneapolismn.gov/api/feed/dcat-us/1.1.json,,,
02ab4e12be434fee9d266531f563a6e8_0,05c-01,Minneapolis Police Precincts [Minnesota--Minneapolis],Minneapolis Police Precincts,The City of Minneapolis Police Department Precincts . For questions about this data please contact PoliceOpenData@minneapolismn.gov,eng,Tip: Check “Visit Source” link for download options.,MapIT Minneapolis,Open Data Minneapolis,,Web services,,Boundaries,Minneapolis|PolicePrecincts|MPD|Police|Boundary|PublicSafety,Last Modified: 2026-06-04,2016-06-08,2026-2026,Minnesota--Minneapolis|Minnesota,"-93.329,44.891,-93.194,45.051","ENVELOPE(-93.329,-93.194,45.051,44.891)",Public,https://creativecommons.org/publicdomain/zero/1.0,ArcGIS FeatureLayer,ba5cc745-21c5-4ae9-954b-72dd8db6815a,05c-01,2026-10-08,published,https://hub.arcgis.com/datasets/02ab4e12be434fee9d266531f563a6e8_0,,ArcGIS Hub,DCAT API,https://opendata.minneapolismn.gov/api/feed/dcat-us/1.1.json,,,
8cd15449ac344aa5a55be7840d67c52d_0,05c-01,Police Incidents 2019 [Minnesota--Minneapolis],Police Incidents 2019,Police Incidents for 2019 from the Police Information Management System (PIMS) starting in June 2018. This data set is updated daily. The reportedDateTime field is shown in UTC.,eng,Tip: Check “Visit Source” link for download options.,MapIT Minneapolis,Open Data Minneapolis,,Web services,,,Minneapolis|OpenData|Police|PublicSafety,2019,2019-02-11,2019-2019,Minnesota--Minneapolis|Minnesota,"-93.329,44.891,-93.201,45.050","ENVELOPE(-93.329,-93.201,45.050,44.891)",Public,https://creativecommons.org/publicdomain/zero/1.0,ArcGIS FeatureLayer,ba5cc745-21c5-4ae9-954b-72dd8db6815a,05c-01,2026-10-08,published,https://hub.arcgis.com/datasets/8cd15449ac344aa5a55be7840d67c52d_0,,ArcGIS Hub,DCAT API,https://opendata.minneapolismn.gov/api/feed/dcat-us/1.1.json,,,
479d0f1340d6400bab0447f6bf093236_0,05c-01,Police Incidents 2025 [Minnesota--Minneapolis],Police Incidents 2025,,eng,Tip: Check “Visit Source” link for download options.,MapIT Minneapolis,Open Data Minneapolis,,Web services,,,Minneapolis|Police|MPD|OpenData|PublicSafety,2025,2025-01-08,2025-2025,Minnesota--Minneapolis|Minnesota,"-93.329,44.891,-93.203,45.051","ENVELOPE(-93.329,-93.203,45.051,44.891)",Public,https://creativecommons.org/publicdomain/zero/1.0,ArcGIS FeatureLayer,ba5cc745-21c5-4ae9-954b-72dd8db6815a,05c-01,2026-10-08,published,https://hub.arcgis.com/datasets/479d0f1340d6400bab0447f6bf093236_0,,ArcGIS Hub,DCAT API,https://opendata.minneapolismn.gov/api/feed/dcat-us/1.1.json,,,
4df6890c66be4a56bd4aca5247e0b58f_0,05c-01,Snow Emergency Jefferson Tags 2025 [Minnesota--Minneapolis],Snow Emergency Jefferson Tags 2025,"This is the information about the number and location of tags (parking tickets) during this snow emergency. Tag data will be retained for all Snow Emergencies in each snow season, until there is five full seasons of snow emergencies. Disclaimer: At this point we only have the tag data enclosed for day 2 and day 3 the snow emergencies. Day 1 tag data is collected manually and is not available at this time electronically. Snow Emergency Tags - 2025/2026 Season #3 Jefferson (12/28/25 thru 12/30/25)",eng,Tip: Check “Visit Source” link for download options.,MapIT Minneapolis,Open Data Minneapolis,,Web services,,,PublicWorks|Minneapolis|SnowEmergency|2025|Tags,2025,2026-01-06,2025-2025,Minnesota--Minneapolis|Minnesota,"-93.329,44.892,-93.200,45.051","ENVELOPE(-93.329,-93.200,45.051,44.892)",Public,,ArcGIS FeatureLayer,ba5cc745-21c5-4ae9-954b-72dd8db6815a,05c-01,2026-10-08,published,https://hub.arcgis.com/datasets/4df6890c66be4a56bd4aca5247e0b58f_0,,ArcGIS Hub,DCAT API,https://opendata.minneapolismn.gov/api/feed/dcat-us/1.1.json,,,
e79793f663b14715a01320fcdcbc121a_3,05c-01,Snow Emergency Glenwood Tags 2025 [Minnesota--Minneapolis],Snow Emergency Glenwood Tags 2025,"This is the information about the number and location of tags (parking tickets) during this snow emergency. Tag data will be retained for all Snow Emergencies in each snow season, until there is five full seasons of snow emergencies. Disclaimer: At this point we only have the tag data enclosed for day 2 and day 3 the snow emergencies. Day 1 tag data is collected manually and is not available at this time electronically. Snow Emergency Tags - 2025/2026 Season #2 Glenwood (12/10/25 thru 12/12/25)",eng,Tip: Check “Visit Source” link for download options.,MapIT Minneapolis,Open Data Minneapolis,,Web services,,,PublicWorks|Minneapolis|SnowEmergency|Tags|2025,2025,2025-12-31,2025-2025,Minnesota--Minneapolis|Minnesota,"-93.328,44.891,-93.200,45.051","ENVELOPE(-93.328,-93.200,45.051,44.891)",Public,"The maps provided by the City of Minneapolis are compilations of records, information and data from various sources, and they are to be used for reference purposes only. The City of Minneapolis does not warrant or guarantee that the Geographic Information Systems (GIS) data or maps are complete, current, or accurate. The City of Minneapolis does not represent that the GIS data can be used for navigational, tracking, legal, engineering, surveying, or any other purpose requiring exacting measurement of distance or direction or precision in the depiction of geographic features. Pursuant to Minnesota Statutes, Section 466.03, Subdivision 21, the City of Minneapolis disclaims any liability for claims based on alleged or actual inaccuracies in the GIS data or maps.",ArcGIS FeatureLayer,ba5cc745-21c5-4ae9-954b-72dd8db6815a,05c-01,2026-10-08,published,https://hub.arcgis.com/datasets/e79793f663b14715a01320fcdcbc121a_3,,ArcGIS Hub,DCAT API,https://opendata.minneapolismn.gov/api/feed/dcat-us/1.1.json,,,
f0737d0e1457440694756bf6177a3f07_1,05c-01,Snow Emergency Jefferson Tows 2025 [Minnesota--Minneapolis],Snow Emergency Jefferson Tows 2025,"This is the information about the number and location of tows during this snow emergency. Tow data will be retained for all Snow Emergencies in each snow season, until there is five full seasons of snow emergencies. Disclaimer: There is an expected address error rate of between 8 and 14 percent.",eng,Tip: Check “Visit Source” link for download options.,MapIT Minneapolis,Open Data Minneapolis,,Web services,,,PublicWorks|Minneapolis|SnowEmergency|2025|Tows,2025,2026-01-06,2025-2025,Minnesota--Minneapolis|Minnesota,"-93.317,44.854,-93.216,45.197","ENVELOPE(-93.317,-93.216,45.197,44.854)",Public,"The maps provided by the City of Minneapolis are compilations of records, information and data from various sources, and they are to be used for reference purposes only. The City of Minneapolis does not warrant or guarantee that the Geographic Information Systems (GIS) data or maps are complete, current, or accurate. The City of Minneapolis does not represent that the GIS data can be used for navigational, tracking, legal, engineering, surveying, or any other purpose requiring exacting measurement of distance or direction or precision in the depiction of geographic features. Pursuant to Minnesota Statutes, Section 466.03, Subdivision 21, the City of Minneapolis disclaims any liability for claims based on alleged or actual inaccuracies in the GIS data or maps.",ArcGIS FeatureLayer,ba5cc745-21c5-4ae9-954b-72dd8db6815a,05c-01,2026-10-08,published,https://hub.arcgis.com/datasets/f0737d0e1457440694756bf6177a3f07_1,,ArcGIS Hub,DCAT API,https://opendata.minneapolismn.gov/api/feed/dcat-us/1.1.json,,,
a1847c4cc69940f99b46b16e2b4fe7e3_0,05c-01,Parks [Minnesota--Minneapolis],Parks,"If there are any issues with the data in this map, service, or shp file please contact the Minneapolis GIS office .",eng,Tip: Check “Visit Source” link for download options.,MapIT Minneapolis,Open Data Minneapolis,,Web services,,Boundaries|Environment,minneapolis|parks|park|Boundaries|Environment|Assets,Last Modified: 2026-06-25,2013-07-08,2026-2026,Minnesota--Minneapolis|Minnesota,"-93.376,44.882,-93.187,45.051","ENVELOPE(-93.376,-93.187,45.051,44.882)",Public,https://creativecommons.org/publicdomain/zero/1.0,ArcGIS FeatureLayer,ba5cc745-21c5-4ae9-954b-72dd8db6815a,05c-01,2026-10-08,published,https://hub.arcgis.com/datasets/a1847c4cc69940f99b46b16e2b4fe7e3_0,,ArcGIS Hub,DCAT API,https://opendata.minneapolismn.gov/api/feed/dcat-us/1.1.json,,,
cfad39397b844151b227222ba68aab9a_0,05c-01,Snow Emergency Omega Tags 2025 [Minnesota--Minneapolis],Snow Emergency Omega Tags 2025,"Snow Emergency Tags - 2024/2025 Season #2 Omega (2/8/25 thru 2/10/25) This is the information about the number and location of tags (parking tickets) during this snow emergency. Tag data will be retained for all Snow Emergencies in each snow season, until there is five full seasons of snow emergencies. Disclaimer: At this point we only have the tag data enclosed for day 2 and day 3 the snow emergencies. Day 1 tag data is collected manually and is not available at this time electronically.",eng,Tip: Check “Visit Source” link for download options.,MapIT Minneapolis,Open Data Minneapolis,,Web services,,,Minneapolis|SnowEmergency,2025,2025-02-18,2025-2025,Minnesota--Minneapolis|Minnesota,"-93.328,44.893,-93.205,45.050","ENVELOPE(-93.328,-93.205,45.050,44.893)",Public,https://creativecommons.org/publicdomain/zero/1.0,ArcGIS FeatureLayer,ba5cc745-21c5-4ae9-954b-72dd8db6815a,05c-01,2026-10-08,published,https://hub.arcgis.com/datasets/cfad39397b844151b227222ba68aab9a_0,,ArcGIS Hub,DCAT API,https://opendata.minneapolismn.gov/api/feed/dcat-us/1.1.json,,,
a61f05f41a0d4f0f84089385abc0e418_0,05c-01,Snow Emergency Omega Tows 2025 [Minnesota--Minneapolis],Snow Emergency Omega Tows 2025,"This is the information about the number and location of tows during this snow emergency. Tow data will be retained for all Snow Emergencies in each snow season, until there is five full seasons of snow emergencies. Disclaimer: There is an expected address error rate of between 8 and 14 percent. Snow Emergency Tows - 2022/2023 Season #2 Omega (2/8/25 thru 2/10/25)",eng,Tip: Check “Visit Source” link for download options.,MapIT Minneapolis,Open Data Minneapolis,,Web services,,,Minneapolis|OpenData|SnowEmergency,2025,2025-02-18,2025-2025,Minnesota--Minneapolis|Minnesota,"-93.315,44.915,-93.215,45.038","ENVELOPE(-93.315,-93.215,45.038,44.915)",Public,https://creativecommons.org/publicdomain/zero/1.0,ArcGIS FeatureLayer,ba5cc745-21c5-4ae9-954b-72dd8db6815a,05c-01,2026-10-08,published,https://hub.arcgis.com/datasets/a61f05f41a0d4f0f84089385abc0e418_0,,ArcGIS Hub,DCAT API,https://opendata.minneapolismn.gov/api/feed/dcat-us/1.1.json,,,
59cdf4fa28c443398e88a5424f36f1ba_0,05c-01,Snow Emergency Glenwood Tows 2025 [Minnesota--Minneapolis],Snow Emergency Glenwood Tows 2025,"This is the information about the number and location of tows during this snow emergency. Tow data will be retained for all Snow Emergencies in each snow season, until there is five full seasons of snow emergencies. Disclaimer: There is an expected address error rate of between 8 and 14 percent. Snow Emergency Tows - 2025/2026 Season #2 Glenwood (12/10/25 thru 12/12/25)",eng,Tip: Check “Visit Source” link for download options.,MapIT Minneapolis,Open Data Minneapolis,,Web services,,,PublicWorks|Minneapolis|SnowEmergency|2025|Tows,2025,2025-12-31,2025-2025,Minnesota--Minneapolis|Minnesota,"-93.389,44.853,-93.204,45.197","ENVELOPE(-93.389,-93.204,45.197,44.853)",Public,"The maps provided by the City of Minneapolis are compilations of records, information and data from various sources, and they are to be used for reference purposes only. The City of Minneapolis does not warrant or guarantee that the Geographic Information Systems (GIS) data or maps are complete, current, or accurate. The City of Minneapolis does not represent that the GIS data can be used for navigational, tracking, legal, engineering, surveying, or any other purpose requiring exacting measurement of distance or direction or precision in the depiction of geographic features. Pursuant to Minnesota Statutes, Section 466.03, Subdivision 21, the City of Minneapolis disclaims any liability for claims based on alleged or actual inaccuracies in the GIS data or maps.",ArcGIS FeatureLayer,ba5cc745-21c5-4ae9-954b-72dd8db6815a,05c-01,2026-10-08,published,https://hub.arcgis.com/datasets/59cdf4fa28c443398e88a5424f36f1ba_0,,ArcGIS Hub,DCAT API,https://opendata.minneapolismn.gov/api/feed/dcat-us/1.1.json,,,
9ed28c003bd64f9da7632ed8bcc304e4_0,05c-01,Snow Emergency Bridge Tags 2025 [Minnesota--Minneapolis],Snow Emergency Bridge Tags 2025,"This is the information about the number and location of tags (parking tickets) during this snow emergency. Tag data will be retained for all Snow Emergencies in each snow season, until there is five full seasons of snow emergencies. Disclaimer: At this point we only have the tag data enclosed for day 2 and day 3 the snow emergencies. Day 1 tag data is collected manually and is not available at this time electronically.",eng,Tip: Check “Visit Source” link for download options.,MapIT Minneapolis,Open Data Minneapolis,,Web services,,,PublicWorks|Minneapolis|SnowEmergency|Tags|2025,2025,2025-12-18,2025-2025,Minnesota--Minneapolis|Minnesota,"-93.328,44.892,-93.210,45.051","ENVELOPE(-93.328,-93.210,45.051,44.892)",Public,"The maps provided by the City of Minneapolis are compilations of records, information and data from various sources, and they are to be used for reference purposes only. The City of Minneapolis does not warrant or guarantee that the Geographic Information Systems (GIS) data or maps are complete, current, or accurate. The City of Minneapolis does not represent that the GIS data can be used for navigational, tracking, legal, engineering, surveying, or any other purpose requiring exacting measurement of distance or direction or precision in the depiction of geographic features. Pursuant to Minnesota Statutes, Section 466.03, Subdivision 21, the City of Minneapolis disclaims any liability for claims based on alleged or actual inaccuracies in the GIS data or maps.",ArcGIS FeatureLayer,ba5cc745-21c5-4ae9-954b-72dd8db6815a,05c-01,2026-10-08,published,https://hub.arcgis.com/datasets/9ed28c003bd64f9da7632ed8bcc304e4_0,,ArcGIS Hub,DCAT API,https://opendata.minneapolismn.gov/api/feed/dcat-us/1.1.json,,,
e774f780664e4f9da048cad590ef0fe7_0,05c-01,Snow Emergency Bridge Tows 2025 [Minnesota--Minneapolis],Snow Emergency Bridge Tows 2025,"This is the information about the number and location of tows during this snow emergency. Tow data will be retained for all Snow Emergencies in each snow season, until there is five full seasons of snow emergencies. Disclaimer: There is an expected address error rate of between 8 and 14 percent.",eng,Tip: Check “Visit Source” link for download options.,MapIT Minneapolis,Open Data Minneapolis,,Web services,,,PublicWorks|Minneapolis|SnowEmergency|Tags|2025,2025,2025-12-18,2025-2025,Minnesota--Minneapolis|Minnesota,"-93.315,44.853,-93.215,45.045","ENVELOPE(-93.315,-93.215,45.045,44.853)",Public,"The maps provided by the City of Minneapolis are compilations of records, information and data from various sources, and they are to be used for reference purposes only. The City of Minneapolis does not warrant or guarantee that the Geographic Information Systems (GIS) data or maps are complete, current, or accurate. The City of Minneapolis does not represent that the GIS data can be used for navigational, tracking, legal, engineering, surveying, or any other purpose requiring exacting measurement of distance or direction or precision in the depiction of geographic features. Pursuant to Minnesota Statutes, Section 466.03, Subdivision 21, the City of Minneapolis disclaims any liability for claims based on alleged or actual inaccuracies in the GIS data or maps.",ArcGIS FeatureLayer,ba5cc745-21c5-4ae9-954b-72dd8db6815a,05c-01,2026-10-08,published,https://hub.arcgis.com/datasets/e774f780664e4f9da048cad590ef0fe7_0,,ArcGIS Hub,DCAT API,https://opendata.minneapolismn.gov/api/feed/dcat-us/1.1.json,,,
ea0561bb00a94ba8b286a736464ee326_0,05c-01,Minneapolis Neighborhoods [Minnesota--Minneapolis],Minneapolis Neighborhoods,"The attribute information for this layer includes links to the respective neighborhood associations. If there are questions regrading this data layer, you can either contact the City of Minneapolis Neighborhood & Community Relations office, or Minneapolis GIS.",eng,Tip: Check “Visit Source” link for download options.,MapIT Minneapolis,Open Data Minneapolis,,Web services,,Boundaries,Minneapolis|Neighborhoods|NCR|Boundaries|Boundary,Last Modified: 2025-04-16,2021-08-10,2025-2025,Minnesota--Minneapolis|Minnesota,"-93.329,44.891,-93.194,45.051","ENVELOPE(-93.329,-93.194,45.051,44.891)",Public,https://creativecommons.org/publicdomain/zero/1.0,ArcGIS FeatureLayer,ba5cc745-21c5-4ae9-954b-72dd8db6815a,05c-01,2026-10-08,published,https://hub.arcgis.com/datasets/ea0561bb00a94ba8b286a736464ee326_0,,ArcGIS Hub,DCAT API,https://opendata.minneapolismn.gov/api/feed/dcat-us/1.1.json,,,
bc225502d43442d19a89ef4816b206e4_0,05c-01,Fires Confirmed 2025 [Minnesota--Minneapolis],Fires Confirmed 2025,This is service is temporarily paused as the City is implementing a new reporting system.,eng,Tip: Check “Visit Source” link for download options.,MapIT Minneapolis,Open Data Minneapolis,,Web services,,,PublicSafety|Minneapolis|OpenData,2025,2025-01-08,2025-2025,Minnesota--Minneapolis|Minnesota,"-93.328,0.000,0.000,45.050","ENVELOPE(-93.328,0.000,45.050,0.000)",Public,https://creativecommons.org/publicdomain/zero/1.0,ArcGIS FeatureLayer,ba5cc745-21c5-4ae9-954b-72dd8db6815a,05c-01,2026-10-08,published,https://hub.arcgis.com/datasets/bc225502d43442d19a89ef4816b206e4_0,,ArcGIS Hub,DCAT API,https://opendata.minneapolismn.gov/api/feed/dcat-us/1.1.json,,,
5ba89da0c81745da84ac5944424a55b3_0,05c-01,Fires Reported 2025 [Minnesota--Minneapolis],Fires Reported 2025,This is service is temporarily paused as the City is implementing a new reporting system.,eng,Tip: Check “Visit Source” link for download options.,MapIT Minneapolis,Open Data Minneapolis,,Web services,,,PublicSafety|Minneapolis|OpenData,2025,2025-01-09,2025-2025,Minnesota--Minneapolis|Minnesota,"-93.340,44.399,-92.630,45.051","ENVELOPE(-93.340,-92.630,45.051,44.399)",Public,https://creativecommons.org/publicdomain/zero/1.0,ArcGIS FeatureLayer,ba5cc745-21c5-4ae9-954b-72dd8db6815a,05c-01,2026-10-08,published,https://hub.arcgis.com/datasets/5ba89da0c81745da84ac5944424a55b3_0,,ArcGIS Hub,DCAT API,https://opendata.minneapolismn.gov/api/feed/dcat-us/1.1.json,,,
0607e3e32633409ca16f801ac240a524_0,05c-01,Motorized Foot Scooter and eBike Trips 2024 [Minnesota--Minneapolis],Motorized Foot Scooter and eBike Trips 2024,"Field Descriptions TripID: a unique identifier for each trip created by the City of Minneapolis TripDuration: trip time in seconds TripDistance: trip distance in meters StartTime: time the trip started, rounded to the nearest half hour EndTime: time the trip ended, rounded to the nearest half hour StartCenterlineID: the street centerline GBSID or trail centerline Feature Unique ID the trip started on. Refer to the Street Centerline dataset here: https://opendata.minneapolismn.gov/datasets/mpls-centerline , and the trail centerline dataset here: https://gisdata.mn.gov/dataset/us-mn-state-metrogis-trans-metro-colabtiv-trails-bike StartCenterlineType: The type of centerline the trip started on, either street or trail",eng,Tip: Check “Visit Source” link for download options.,MapIT Minneapolis,Open Data Minneapolis,,Web services,,,scooter|mobility,2024,2025-08-04,2024-2024,Minnesota--Minneapolis|Minnesota,"-93.329,44.890,-93.194,45.051","ENVELOPE(-93.329,-93.194,45.051,44.890)",Public,https://creativecommons.org/publicdomain/zero/1.0,ArcGIS FeatureLayer,ba5cc745-21c5-4ae9-954b-72dd8db6815a,05c-01,2026-10-08,published,https://hub.arcgis.com/datasets/0607e3e32633409ca16f801ac240a524_0,,ArcGIS Hub,DCAT API,https://opendata.minneapolismn.gov/api/feed/dcat-us/1.1.json,,,
c9e75387ca8343ab8a68a4f3446cd9bc_0,05c-01,Scooter and Bike Availability 2024 [Minnesota--Minneapolis],Scooter and Bike Availability 2024,"Field Descriptions PollTime: The time the API was polled for a snapshot of available vehicles CompanyName: The name of the company polled NumberAvailable: The number of vehicles available on the street or trail centerline ID at poll time according to recent vehicle status ClosestCenterlineID: the closest street centerline GBSID or trail centerline Feature Unique ID. Refer to the Street Centerline dataset here: https://opendata.minneapolismn.gov/datasets/mpls-centerline , and the trail centerline dataset here: https://gisdata.mn.gov/dataset/us-mn-state-metrogis-trans-metro-colabtiv-trails-bike ClosestCenterlineType: The type of centerline, either street or trail Neighborhood: The neighborhood the vehicle was located in",eng,Tip: Check “Visit Source” link for download options.,MapIT Minneapolis,Open Data Minneapolis,,Web services,,,scooter|mobility|bike,2024,2025-08-04,2024-2024,Minnesota--Minneapolis|Minnesota,"-93.329,44.890,-93.194,45.051","ENVELOPE(-93.329,-93.194,45.051,44.890)",Public,https://creativecommons.org/publicdomain/zero/1.0,ArcGIS FeatureLayer,ba5cc745-21c5-4ae9-954b-72dd8db6815a,05c-01,2026-10-08,published,https://hub.arcgis.com/datasets/c9e75387ca8343ab8a68a4f3446cd9bc_0,,ArcGIS Hub,DCAT API,https://opendata.minneapolismn.gov/api/feed/dcat-us/1.1.json,,,
32521706b13e4a388bc30db3fd186b01_0,05c-01,policies timestamps [Minnesota--Minneapolis],policies timestamps,,eng,Tip: Check “Visit Source” link for download options.,MapIT Minneapolis,Open Data Minneapolis,,Web services,,,Minneapolis|SmartCities,Last Modified: 2024-12-17,2024-12-17,2024-2024,Minnesota--Minneapolis|Minnesota,"-93.329,44.890,-93.194,45.051","ENVELOPE(-93.329,-93.194,45.051,44.890)",Public,,ArcGIS FeatureLayer,ba5cc745-21c5-4ae9-954b-72dd8db6815a,05c-01,2026-10-08,published,https://hub.arcgis.com/datasets/32521706b13e4a388bc30db3fd186b01_0,,ArcGIS Hub,DCAT API,https://opendata.minneapolismn.gov/api/feed/dcat-us/1.1.json,,,
f5479c6e056042c4be897075c090f746_0,05c-01,policies [Minnesota--Minneapolis],policies,,eng,Tip: Check “Visit Source” link for download options.,MapIT Minneapolis,Open Data Minneapolis,,Web services,,,Minneapolis|SmartCities,Last Modified: 2025-06-03,2024-12-11,2025-2025,Minnesota--Minneapolis|Minnesota,"-93.329,44.890,-93.194,45.051","ENVELOPE(-93.329,-93.194,45.051,44.890)",Public,,ArcGIS FeatureLayer,ba5cc745-21c5-4ae9-954b-72dd8db6815a,05c-01,2026-10-08,published,https://hub.arcgis.com/datasets/f5479c6e056042c4be897075c090f746_0,,ArcGIS Hub,DCAT API,https://opendata.minneapolismn.gov/api/feed/dcat-us/1.1.json,,,
4f8ee34808f84398877a54415cb1265c_0,05c-01,Spaces [Minnesota--Minneapolis],Spaces,,eng,Tip: Check “Visit Source” link for download options.,MapIT Minneapolis,Open Data Minneapolis,,Web services,,,Minneapolis|SmartCities,Last Modified: 2025-06-03,2024-12-11,2025-2025,Minnesota--Minneapolis|Minnesota,"-93.279,44.951,-93.277,44.965","ENVELOPE(-93.279,-93.277,44.965,44.951)",Public,,ArcGIS FeatureLayer,ba5cc745-21c5-4ae9-954b-72dd8db6815a,05c-01,2026-10-08,published,https://hub.arcgis.com/datasets/4f8ee34808f84398877a54415cb1265c_0,,ArcGIS Hub,DCAT API,https://opendata.minneapolismn.gov/api/feed/dcat-us/1.1.json,,,
64383942df1148bea53db4823770f145_0,05c-01,Assessing Department Parcel Data 2025 [Minnesota--Minneapolis],Assessing Department Parcel Data 2025,"Field Definitions PIN 13 digit tax ID for parcel ANUMBER Address number ANUMBERSUF Address number suffix ST_PRE_DIR Street direction that comes before street name ST_NAME Street name ST_TYPE Type of street (Ave, St, Ln etc.) ST_POST_DIR Street direction that comes after the street name AUNIT Unit number of address ZIPCODE Postal code FORMATTED_ADDRESS Full mailing address OWNERNAME Name of property owner TAXPAYER1 Taxpayer name TAXPAYER2 Taxpayer name and address TAXPAYER3 Taxpayer name and address continued TAXPAYER4 Taxpayer name and address continued ASSESSMENT_YEAR Year for which the property value is assessed TAX_YEAR Year for which the property taxes are due PLAT Plat number PROPERTY_TYPE Type of property MAIN_PT Property type on primary use of parcel SUB_PT1 Property type of secondary use of parcel SUB_PT2 Property type of tertiary use of parcel SUB_PT3 Property type of quaternary use of parcel MULTIPLE_USES Indicates whether parcel has multiple uses or not TAX_EXEMPT Indicates whether parcel is tax exempt EXEMPTCD1 Exempt code for first tax exempt portion EXEMPTCD2 Exempt code for second tax exempt portion EXEMPTCD3 Exempt code for third tax exempt portion EXEMPTCD4 Exempt code for fourth tax exempt portion PARCEL_AREA_SQFT Land area of parcel in square feet X X coordinate of parcel centroid (uses NAD 83 HARN Hennepin County coordinate system) Y Y coordinate of parcel centroid (uses NAD 83 HARN Hennepin County coordinate system) NEIGHBORHOOD Name of neighborhood the property is in COMMUNITY Name of community the property is in WARD Name of ward the property is in ZONING Name of zoning district the property is in LANDUSE Property's land use designation LANDVALUE Property's assessed land value as of January 2 of its assessment year BUILDINGVALUE Property's assessed building value as of January 2 of its assessment year TOTALVALUE Property's total assessed value as of January 2 of its assessment year EXEMPTSTATUS Indicates the status of property (if exempt) HOMESTEAD Indicates whether property is homesteaded BLDG_ID Unique identifier for buildings BUILDINGUSE Use classification of building YEARBUILT Year that the building was constructed BELOWGROUNDAREA Total square footage below grade ABOVEGROUNDAREA Total square footage above grade NUM_STORIES Number of stories in building GARAGE_PRESENT Indicates whether property has a garage PRIMARYHEATING Primary type of heating in building CONSTRUCTIONTYPE Style of construction EXTERIORTYPE Exterior finish of building ROOF Style of roof TOTAL_UNITS Total number of units FIREPLACES Number of fireplaces BATHROOMS Number of bathrooms BEDROOMS Number of bedrooms",eng,Tip: Check “Visit Source” link for download options.,MapIT Minneapolis,Open Data Minneapolis,,Web services,,,Minneapolis|OpenData|Assessing,2025,2025-05-09,2025-2025,Minnesota--Minneapolis|Minnesota,"-93.329,44.890,-93.194,45.051","ENVELOPE(-93.329,-93.194,45.051,44.890)",Public,https://creativecommons.org/publicdomain/zero/1.0,ArcGIS FeatureLayer,ba5cc745-21c5-4ae9-954b-72dd8db6815a,05c-01,2026-10-08,published,https://hub.arcgis.com/datasets/64383942df1148bea53db4823770f145_0,,ArcGIS Hub,DCAT API,https://opendata.minneapolismn.gov/api/feed/dcat-us/1.1.json,,,
89f1a70c0cf24d7692e2d02fdf8f4e47_0,05c-01,City Boundary [Minnesota--Minneapolis],City Boundary,"If there are any issues with the data in this map, service, or shp file please contact the Minneapolis GIS office .",eng,Tip: Check “Visit Source” link for download options.,MapIT Minneapolis,Open Data Minneapolis,,Web services,,Boundaries,Minneapolis|Boundary|CityLimits|Boundaries,Last Modified: 2026-04-28,2018-05-02,2026-2026,Minnesota--Minneapolis|Minnesota,"-93.329,44.891,-93.194,45.051","ENVELOPE(-93.329,-93.194,45.051,44.891)",Public,https://creativecommons.org/publicdomain/zero/1.0,ArcGIS FeatureLayer,ba5cc745-21c5-4ae9-954b-72dd8db6815a,05c-01,2026-10-08,published,https://hub.arcgis.com/datasets/89f1a70c0cf24d7692e2d02fdf8f4e47_0,,ArcGIS Hub,DCAT API,https://opendata.minneapolismn.gov/api/feed/dcat-us/1.1.json,,,
f7e05a8d4b3e4abf89dbcd9fcdacba2b_0,05c-01,Scooter and Bike Availability 2023 [Minnesota--Minneapolis],Scooter and Bike Availability 2023,"Field Descriptions PollTime: The time the API was polled for a snapshot of available vehicles CompanyName: The name of the company polled NumberAvailable: The number of vehicles available on the street or trail centerline ID at poll time according to recent vehicle status ClosestCenterlineID: the closest street centerline GBSID or trail centerline Feature Unique ID. Refer to the Street Centerline dataset here: https://opendata.minneapolismn.gov/datasets/mpls-centerline , and the trail centerline dataset here: https://gisdata.mn.gov/dataset/us-mn-state-metrogis-trans-metro-colabtiv-trails-bike ClosestCenterlineType: The type of centerline, either street or trail Neighborhood: The neighborhood the vehicle was located in",eng,Tip: Check “Visit Source” link for download options.,MapIT Minneapolis,Open Data Minneapolis,,Web services,,,,2023,2024-04-15,2023-2023,Minnesota--Minneapolis|Minnesota,"-93.329,44.890,-93.194,45.051","ENVELOPE(-93.329,-93.194,45.051,44.890)",Public,,ArcGIS FeatureLayer,ba5cc745-21c5-4ae9-954b-72dd8db6815a,05c-01,2026-10-08,published,https://hub.arcgis.com/datasets/f7e05a8d4b3e4abf89dbcd9fcdacba2b_0,,ArcGIS Hub,DCAT API,https://opendata.minneapolismn.gov/api/feed/dcat-us/1.1.json,,,
3c00b4c223014dccb79b0f42a4235ad7_0,05c-01,Public 311 2024 [Minnesota--Minneapolis],Public 311 2024,,eng,Tip: Check “Visit Source” link for download options.,MapIT Minneapolis,Open Data Minneapolis,,Web services,,,311|Minneapolis|OpenData,2024,2024-03-14,2024-2024,Minnesota--Minneapolis|Minnesota,"-93.329,0.000,0.000,45.051","ENVELOPE(-93.329,0.000,45.051,0.000)",Public,https://creativecommons.org/publicdomain/zero/1.0,ArcGIS FeatureLayer,ba5cc745-21c5-4ae9-954b-72dd8db6815a,05c-01,2026-10-08,published,https://hub.arcgis.com/datasets/3c00b4c223014dccb79b0f42a4235ad7_0,,ArcGIS Hub,DCAT API,https://opendata.minneapolismn.gov/api/feed/dcat-us/1.1.json,,,
c35a747b6f3948d19912b1eb268f8996_0,05c-01,WARDS 2012 [Minnesota--Minneapolis],WARDS 2012,"This is the feature map service for the City of Minneapolis City Council Ward Boundaries that were redistricted and adopted in April of 2012. These boundaries took effect January 1, 2014.",eng,Tip: Check “Visit Source” link for download options.,MapIT Minneapolis,Open Data Minneapolis,,Web services,,Boundaries,Minneapolis|Mpls|Wards|2014|FeatureService|Boundaries|Boundary,2012,2014-03-05,2012-2012,Minnesota--Minneapolis|Minnesota,"-93.329,44.891,-93.193,45.051","ENVELOPE(-93.329,-93.193,45.051,44.891)",Public,https://creativecommons.org/publicdomain/zero/1.0,ArcGIS FeatureLayer,ba5cc745-21c5-4ae9-954b-72dd8db6815a,05c-01,2026-10-08,published,https://hub.arcgis.com/datasets/c35a747b6f3948d19912b1eb268f8996_0,,ArcGIS Hub,DCAT API,https://opendata.minneapolismn.gov/api/feed/dcat-us/1.1.json,,,
5ac8d77c68824d2bbf69b252b61adae7_0,05c-01,Election Precincts [Minnesota--Minneapolis],Election Precincts,"This is the feature map service for the City of Minneapolis Election Precinct Boundaries Adopted March 24, 2022.",eng,Tip: Check “Visit Source” link for download options.,MapIT Minneapolis,Open Data Minneapolis,,Web services,,Boundaries,Minneapolis|Elections|VotingPrecincts|2022|boundary|boundaries,Last Modified: 2025-09-19,2022-05-10,2025-2025,Minnesota--Minneapolis|Minnesota,"-93.329,44.890,-93.194,45.051","ENVELOPE(-93.329,-93.194,45.051,44.890)",Public,https://creativecommons.org/publicdomain/zero/1.0,ArcGIS FeatureLayer,ba5cc745-21c5-4ae9-954b-72dd8db6815a,05c-01,2026-10-08,published,https://hub.arcgis.com/datasets/5ac8d77c68824d2bbf69b252b61adae7_0,,ArcGIS Hub,DCAT API,https://opendata.minneapolismn.gov/api/feed/dcat-us/1.1.json,,,
5026372e138e45bfb4aadf5f1c78edb0_0,05c-01,Snow Emergency Howard Tows 2024 [Minnesota--Minneapolis],Snow Emergency Howard Tows 2024,"This is the information about the number and location of tows during this snow emergency. Tow data will be retained for all Snow Emergencies in each snow season, until there is five full seasons of snow emergencies. Disclaimer: There is an expected address error rate of between 8 and 14 percent. Snow Emergency Tows - 2024/2025 Season #1 Howard (12/19/24 thru 12/21/24)",eng,Tip: Check “Visit Source” link for download options.,MapIT Minneapolis,Open Data Minneapolis,,Web services,,,2024|Tows|Minneapolis|OpenData|PublicWorks|SnowEmergency,2024,2025-01-10,2024-2024,Minnesota--Minneapolis|Minnesota,"-93.317,44.853,-93.225,45.043","ENVELOPE(-93.317,-93.225,45.043,44.853)",Public,"The maps provided by the City of Minneapolis are compilations of records, information and data from various sources, and they are to be used for reference purposes only. The City of Minneapolis does not warrant or guarantee that the Geographic Information Systems (GIS) data or maps are complete, current, or accurate. The City of Minneapolis does not represent that the GIS data can be used for navigational, tracking, legal, engineering, surveying, or any other purpose requiring exacting measurement of distance or direction or precision in the depiction of geographic features. Pursuant to Minnesota Statutes, Section 466.03, Subdivision 21, the City of Minneapolis disclaims any liability for claims based on alleged or actual inaccuracies in the GIS data or maps.",ArcGIS FeatureLayer,ba5cc745-21c5-4ae9-954b-72dd8db6815a,05c-01,2026-10-08,published,https://hub.arcgis.com/datasets/5026372e138e45bfb4aadf5f1c78edb0_0,,ArcGIS Hub,DCAT API,https://opendata.minneapolismn.gov/api/feed/dcat-us/1.1.json,,,
95547087876344e592dbdfa6244bbc43_0,05c-01,Motorized Foot Scooter and eBike Trips 2023 [Minnesota--Minneapolis],Motorized Foot Scooter and eBike Trips 2023,"Field Descriptions TripID: a unique identifier for each trip created by the City of Minneapolis TripDuration: trip time in seconds TripDistance: trip distance in meters StartTime: time the trip started, rounded to the nearest half hour EndTime: time the trip ended, rounded to the nearest half hour StartCenterlineID: the street centerline GBSID or trail centerline Feature Unique ID the trip started on. Refer to the Street Centerline dataset here: https://opendata.minneapolismn.gov/datasets/mpls-centerline , and the trail centerline dataset here: https://gisdata.mn.gov/dataset/us-mn-state-metrogis-trans-metro-colabtiv-trails-bike StartCenterlineType: The type of centerline the trip started on, either street or trail",eng,Tip: Check “Visit Source” link for download options.,MapIT Minneapolis,Open Data Minneapolis,,Web services,,,,2023,2024-04-15,2023-2023,Minnesota--Minneapolis|Minnesota,"-93.329,44.890,-93.194,45.051","ENVELOPE(-93.329,-93.194,45.051,44.890)",Public,,ArcGIS FeatureLayer,ba5cc745-21c5-4ae9-954b-72dd8db6815a,05c-01,2026-10-08,published,https://hub.arcgis.com/datasets/95547087876344e592dbdfa6244bbc43_0,,ArcGIS Hub,DCAT API,https://opendata.minneapolismn.gov/api/feed/dcat-us/1.1.json,,,
5f4b033b92724341810b832385d4f7c2_0,05c-01,Assessing Department Parcel Data 2024 [Minnesota--Minneapolis],Assessing Department Parcel Data 2024,"Field Definitions PIN 13 digit tax ID for parcel ANUMBER Address number ANUMBERSUF Address number suffix ST_PRE_DIR Street direction that comes before street name ST_NAME Street name ST_TYPE Type of street (Ave, St, Ln etc.) ST_POST_DIR Street direction that comes after the street name AUNIT Unit number of address ZIPCODE Postal code FORMATTED_ADDRESS Full mailing address OWNERNAME Name of property owner TAXPAYER1 Taxpayer name TAXPAYER2 Taxpayer name and address TAXPAYER3 Taxpayer name and address continued TAXPAYER4 Taxpayer name and address continued ASSESSMENT_YEAR Year for which the property value is assessed TAX_YEAR Year for which the property taxes are due PLAT Plat number PROPERTY_TYPE Type of property MAIN_PT Property type on primary use of parcel SUB_PT1 Property type of secondary use of parcel SUB_PT2 Property type of tertiary use of parcel SUB_PT3 Property type of quaternary use of parcel MULTIPLE_USES Indicates whether parcel has multiple uses or not TAX_EXEMPT Indicates whether parcel is tax exempt EXEMPTCD1 Exempt code for first tax exempt portion EXEMPTCD2 Exempt code for second tax exempt portion EXEMPTCD3 Exempt code for third tax exempt portion EXEMPTCD4 Exempt code for fourth tax exempt portion PARCEL_AREA_SQFT Land area of parcel in square feet X X coordinate of parcel centroid (uses NAD 83 HARN Hennepin County coordinate system) Y Y coordinate of parcel centroid (uses NAD 83 HARN Hennepin County coordinate system) NEIGHBORHOOD Name of neighborhood the property is in COMMUNITY Name of community the property is in WARD Name of ward the property is in ZONING Name of zoning district the property is in LANDUSE Property's land use designation LANDVALUE Property's assessed land value as of January 2 of its assessment year BUILDINGVALUE Property's assessed building value as of January 2 of its assessment year TOTALVALUE Property's total assessed value as of January 2 of its assessment year EXEMPTSTATUS Indicates the status of property (if exempt) HOMESTEAD Indicates whether property is homesteaded BLDG_ID Unique identifier for buildings BUILDINGUSE Use classification of building YEARBUILT Year that the building was constructed BELOWGROUNDAREA Total square footage below grade ABOVEGROUNDAREA Total square footage above grade NUM_STORIES Number of stories in building GARAGE_PRESENT Indicates whether property has a garage PRIMARYHEATING Primary type of heating in building CONSTRUCTIONTYPE Style of construction EXTERIORTYPE Exterior finish of building ROOF Style of roof TOTAL_UNITS Total number of units FIREPLACES Number of fireplaces BATHROOMS Number of bathrooms BEDROOMS Number of bedrooms",eng,Tip: Check “Visit Source” link for download options.,MapIT Minneapolis,Open Data Minneapolis,,Web services,,,Minneapolis|Assessing|OpenData,2024,2024-04-01,2024-2024,Minnesota--Minneapolis|Minnesota,"-93.329,44.890,-93.194,45.051","ENVELOPE(-93.329,-93.194,45.051,44.890)",Public,https://creativecommons.org/publicdomain/zero/1.0,ArcGIS FeatureLayer,ba5cc745-21c5-4ae9-954b-72dd8db6815a,05c-01,2026-10-08,published,https://hub.arcgis.com/datasets/5f4b033b92724341810b832385d4f7c2_0,,ArcGIS Hub,DCAT API,https://opendata.minneapolismn.gov/api/feed/dcat-us/1.1.json,,,
d9bb827c0465472a937d325b22f9939d_0,05c-01,Assessing Department Parcel Data 2023 [Minnesota--Minneapolis],Assessing Department Parcel Data 2023,"Field Definitions PIN 13 digit tax ID for parcel ANUMBER Address number ANUMBERSUF Address number suffix ST_PRE_DIR Street direction that comes before street name ST_NAME Street name ST_TYPE Type of street (Ave, St, Ln etc.) ST_POST_DIR Street direction that comes after the street name AUNIT Unit number of address ZIPCODE Postal code FORMATTED_ADDRESS Full mailing address OWNERNAME Name of property owner TAXPAYER1 Taxpayer name TAXPAYER2 Taxpayer name and address TAXPAYER3 Taxpayer name and address continued TAXPAYER4 Taxpayer name and address continued ASSESSMENT_YEAR Year for which the property value is assessed TAX_YEAR Year for which the property taxes are due PLAT Plat number PROPERTY_TYPE Type of property MAIN_PT Property type on primary use of parcel SUB_PT1 Property type of secondary use of parcel SUB_PT2 Property type of tertiary use of parcel SUB_PT3 Property type of quaternary use of parcel MULTIPLE_USES Indicates whether parcel has multiple uses or not TAX_EXEMPT Indicates whether parcel is tax exempt EXEMPTCD1 Exempt code for first tax exempt portion EXEMPTCD2 Exempt code for second tax exempt portion EXEMPTCD3 Exempt code for third tax exempt portion EXEMPTCD4 Exempt code for fourth tax exempt portion PARCEL_AREA_SQFT Land area of parcel in square feet X X coordinate of parcel centroid (uses NAD 83 HARN Hennepin County coordinate system) Y Y coordinate of parcel centroid (uses NAD 83 HARN Hennepin County coordinate system) NEIGHBORHOOD Name of neighborhood the property is in COMMUNITY Name of community the property is in WARD Name of ward the property is in ZONING Name of zoning district the property is in LANDUSE Property's land use designation LANDVALUE Property's assessed land value as of January 2 of its assessment year BUILDINGVALUE Property's assessed building value as of January 2 of its assessment year TOTALVALUE Property's total assessed value as of January 2 of its assessment year EXEMPTSTATUS Indicates the status of property (if exempt) HOMESTEAD Indicates whether property is homesteaded BLDG_ID Unique identifier for buildings BUILDINGUSE Use classification of building YEARBUILT Year that the building was constructed BELOWGROUNDAREA Total square footage below grade ABOVEGROUNDAREA Total square footage above grade NUM_STORIES Number of stories in building GARAGE_PRESENT Indicates whether property has a garage PRIMARYHEATING Primary type of heating in building CONSTRUCTIONTYPE Style of construction EXTERIORTYPE Exterior finish of building ROOF Style of roof TOTAL_UNITS Total number of units FIREPLACES Number of fireplaces BATHROOMS Number of bathrooms BEDROOMS Number of bedrooms",eng,Tip: Check “Visit Source” link for download options.,MapIT Minneapolis,Open Data Minneapolis,,Web services,,,Minneapolis|Assessing|OpenData,2023,2023-04-17,2023-2023,Minnesota--Minneapolis|Minnesota,"-93.329,44.890,-93.194,45.051","ENVELOPE(-93.329,-93.194,45.051,44.890)",Public,https://creativecommons.org/publicdomain/zero/1.0,ArcGIS FeatureLayer,ba5cc745-21c5-4ae9-954b-72dd8db6815a,05c-01,2026-10-08,published,https://hub.arcgis.com/datasets/d9bb827c0465472a937d325b22f9939d_0,,ArcGIS Hub,DCAT API,https://opendata.minneapolismn.gov/api/feed/dcat-us/1.1.json,,,
63c98d208f65491bb6bb677c7612fc20_0,05c-01,Police Incidents 2023 [Minnesota--Minneapolis],Police Incidents 2023,"Police Incidents for 2023 from the Police Information Management System (PIMS). This data set is updated daily. *Please note that the responseDate is shown in UTC time, not local time. The data set is refreshed on a daily basis by 9:30 AM. The website will reflect the last time the data set was updated and the total count of rows. The grid on the ""Data"" tab will display the up to date data. However, in certain situations there is a delay in the refresh of the downloadable data file. Sometimes the downloadable file does not reflect the updates to the data in the portal. After a delay (duration has been variable; up to 30 minutes), the file will be updated on the server and then downloads will include the updated data.",eng,Tip: Check “Visit Source” link for download options.,MapIT Minneapolis,Open Data Minneapolis,,Web services,,,Minneapolis|Police|MPD|OpenData|publicsafety,2023,2023-01-23,2023-2023,Minnesota--Minneapolis|Minnesota,"-93.329,44.891,-93.199,45.051","ENVELOPE(-93.329,-93.199,45.051,44.891)",Public,https://creativecommons.org/publicdomain/zero/1.0,ArcGIS FeatureLayer,ba5cc745-21c5-4ae9-954b-72dd8db6815a,05c-01,2026-10-08,published,https://hub.arcgis.com/datasets/63c98d208f65491bb6bb677c7612fc20_0,,ArcGIS Hub,DCAT API,https://opendata.minneapolismn.gov/api/feed/dcat-us/1.1.json,,,
a2f82bce93a64bef912e43051f0b8262_0,05c-01,WARDS 2002 [Minnesota--Minneapolis],WARDS 2002,This is the feature map service for the City of Minneapolis City Council Ward Boundaries that were redistricted and adopted on April 18th of 2002.,eng,Tip: Check “Visit Source” link for download options.,MapIT Minneapolis,Open Data Minneapolis,,Web services,,,Minneapolis|Wards|CityCouncilWards|2002,2002,2021-11-16,2002-2002,Minnesota--Minneapolis|Minnesota,"-93.329,44.891,-93.194,45.051","ENVELOPE(-93.329,-93.194,45.051,44.891)",Public,https://creativecommons.org/publicdomain/zero/1.0,ArcGIS FeatureLayer,ba5cc745-21c5-4ae9-954b-72dd8db6815a,05c-01,2026-10-08,published,https://hub.arcgis.com/datasets/a2f82bce93a64bef912e43051f0b8262_0,,ArcGIS Hub,DCAT API,https://opendata.minneapolismn.gov/api/feed/dcat-us/1.1.json,,,
174842f8d30f4809a938befb4f468abb_0,05c-01,WARDS 1992 [Minnesota--Minneapolis],WARDS 1992,This is the feature map service for the City of Minneapolis City Council Ward Boundaries that were redistricted and adopted in April 1st of 1992.,eng,Tip: Check “Visit Source” link for download options.,MapIT Minneapolis,Open Data Minneapolis,,Web services,,,Minneapolis|CityCouncilWards|1992,1992,2021-11-16,1992-1992,Minnesota--Minneapolis|Minnesota,"-93.329,44.890,-93.193,45.051","ENVELOPE(-93.329,-93.193,45.051,44.890)",Public,https://creativecommons.org/publicdomain/zero/1.0,ArcGIS FeatureLayer,ba5cc745-21c5-4ae9-954b-72dd8db6815a,05c-01,2026-10-08,published,https://hub.arcgis.com/datasets/174842f8d30f4809a938befb4f468abb_0,,ArcGIS Hub,DCAT API,https://opendata.minneapolismn.gov/api/feed/dcat-us/1.1.json,,,
eca44c33fc5744478e285d957f9c5a0d_0,05c-01,City Council Wards [Minnesota--Minneapolis],City Council Wards,,eng,Tip: Check “Visit Source” link for download options.,MapIT Minneapolis,Open Data Minneapolis,,Web services,,Boundaries,Minneapolis|CityCouncil|Wards|2022|Boundaries|administrativeboundary|Boundary,Last Modified: 2024-01-22,2024-01-22,2024-2024,Minnesota--Minneapolis|Minnesota,"-93.329,44.890,-93.194,45.051","ENVELOPE(-93.329,-93.194,45.051,44.890)",Public,https://creativecommons.org/publicdomain/zero/1.0,ArcGIS FeatureLayer,ba5cc745-21c5-4ae9-954b-72dd8db6815a,05c-01,2026-10-08,published,https://hub.arcgis.com/datasets/eca44c33fc5744478e285d957f9c5a0d_0,,ArcGIS Hub,DCAT API,https://opendata.minneapolismn.gov/api/feed/dcat-us/1.1.json,,,
bd582e458df740de87601ea5e6136cdc_0,05c-01,Police Officer Involved Shootings [Minnesota--Minneapolis],Police Officer Involved Shootings,"The data set is refreshed on the last Friday of the month at 7:30 PM. The website will reflect the last time the data set was updated and the total count of rows. The grid on the ""Data"" tab will display the up to date data. However, in certain situations there is a delay in the refresh of the downloadable data file. Sometimes the downloadable file does not reflect the updates to the data in the portal. After a delay (duration has been variable; up to 30 minutes), the file will be updated on the server and then downloads will include the updated data.",eng,Tip: Check “Visit Source” link for download options.,MapIT Minneapolis,Open Data Minneapolis,,Web services,,,Minneapolis|OpenData|Police|PublicSafety,Last Modified: 2023-08-25,2017-11-08,2023-2023,Minnesota--Minneapolis|Minnesota,"-93.318,44.895,-93.030,45.196","ENVELOPE(-93.318,-93.030,45.196,44.895)",Public,https://creativecommons.org/publicdomain/zero/1.0,ArcGIS FeatureLayer,ba5cc745-21c5-4ae9-954b-72dd8db6815a,05c-01,2026-10-08,published,https://hub.arcgis.com/datasets/bd582e458df740de87601ea5e6136cdc_0,,ArcGIS Hub,DCAT API,https://opendata.minneapolismn.gov/api/feed/dcat-us/1.1.json,,,
4d7fc1675df843c7bbf3b63f77bc19dc_0,05c-01,Hydrants [Minnesota--Minneapolis],Hydrants,"For questions about this dataset please contact PublicWorksOpenData@minneapolismn.gov The hydrant data is created using engineering drawings (as-builts), field measurements, GPS (survey shots-0.5 inch accuracy) or ortho photos (6 in accuracy). The data set is refreshed on a weekly basis on Fridays at 2:45 AM. The website will reflect the last time the data set was updated and the total count of rows. The grid on the ""Data"" tab will display the up to date data. However, in certain situations there is a delay in the refresh of the downloadable data file. Sometimes the downloadable file does not reflect the updates to the data in the portal. After a delay (duration has been variable; up to 30 minutes), the file will be updated on the server and then downloads will include the updated data.",eng,Tip: Check “Visit Source” link for download options.,MapIT Minneapolis,Open Data Minneapolis,,Web services,,Inland Waters,OpenData|Minneapolis|Hydrants|PublicWorks|Water,Last Modified: 2025-07-23,2018-03-27,2025-2025,Minnesota--Minneapolis|Minnesota,"-93.329,44.884,-93.187,45.054","ENVELOPE(-93.329,-93.187,45.054,44.884)",Public,https://creativecommons.org/publicdomain/zero/1.0,ArcGIS FeatureLayer,ba5cc745-21c5-4ae9-954b-72dd8db6815a,05c-01,2026-10-08,published,https://hub.arcgis.com/datasets/4d7fc1675df843c7bbf3b63f77bc19dc_0,,ArcGIS Hub,DCAT API,https://opendata.minneapolismn.gov/api/feed/dcat-us/1.1.json,,,
e82dbbe9d2104ecaa413e322f6ffe6ac_0,05c-01,Covid Cases [Minnesota--Minneapolis],Covid Cases,"This dataset is no longer updated regularly. Last update was on 6/29/23. For additional information contact MHDepi@minneapolismn.gov . The website will reflect the last time the data set was updated and the total count of rows. The grid on the ""Data"" tab will display the up to date data. However, in certain situations there is a delay in the refresh of the downloadable data file. Sometimes the downloadable file does not reflect the updates to the data in the portal. After a delay (duration has been variable; up to 30 minutes), the file will be updated on the server and then downloads will include the updated data.",eng,Tip: Check “Visit Source” link for download options.,MapIT Minneapolis,Open Data Minneapolis,,Web services,,Health,Health|Minneapolis|OpenData,Last Modified: 2023-06-29,2021-09-30,2023-2023,Minnesota--Minneapolis|Minnesota,"-93.329,44.890,-93.194,45.051","ENVELOPE(-93.329,-93.194,45.051,44.890)",Public,https://creativecommons.org/publicdomain/zero/1.0,ArcGIS FeatureLayer,ba5cc745-21c5-4ae9-954b-72dd8db6815a,05c-01,2026-10-08,published,https://hub.arcgis.com/datasets/e82dbbe9d2104ecaa413e322f6ffe6ac_0,,ArcGIS Hub,DCAT API,https://opendata.minneapolismn.gov/api/feed/dcat-us/1.1.json,,,
407266dbccab4ff694e6fbd5ea63c0ad_0,05c-01,Covid Cases Geography [Minnesota--Minneapolis],Covid Cases Geography,"This dataset is no longer updated regularly. Last update was on 6/29/23. For additional information contact MHDepi@minneapolismn.gov . The website will reflect the last time the data set was updated and the total count of rows. The grid on the ""Data"" tab will display the up to date data. However, in certain situations there is a delay in the refresh of the downloadable data file. Sometimes the downloadable file does not reflect the updates to the data in the portal. After a delay (duration has been variable; up to 30 minutes), the file will be updated on the server and then downloads will include the updated data.",eng,Tip: Check “Visit Source” link for download options.,MapIT Minneapolis,Open Data Minneapolis,,Web services,,Health,Health|Minneapolis|OpenData,Last Modified: 2023-06-29,2020-06-10,2023-2023,Minnesota--Minneapolis|Minnesota,"-93.329,44.890,-93.194,45.051","ENVELOPE(-93.329,-93.194,45.051,44.890)",Public,https://creativecommons.org/publicdomain/zero/1.0,ArcGIS FeatureLayer,ba5cc745-21c5-4ae9-954b-72dd8db6815a,05c-01,2026-10-08,published,https://hub.arcgis.com/datasets/407266dbccab4ff694e6fbd5ea63c0ad_0,,ArcGIS Hub,DCAT API,https://opendata.minneapolismn.gov/api/feed/dcat-us/1.1.json,,,
580e0a92d27644b7b13a4036c2c4211d_0,05c-01,Covid Cases Demographic [Minnesota--Minneapolis],Covid Cases Demographic,"This dataset is no longer updated regularly. Last update was on 6/29/23. For additional information contact MHDepi@minneapolismn.gov. The website will reflect the last time the data set was updated and the total count of rows. The grid on the ""Data"" tab will display the up to date data. However, in certain situations there is a delay in the refresh of the downloadable data file. Sometimes the downloadable file does not reflect the updates to the data in the portal. After a delay (duration has been variable; up to 30 minutes), the file will be updated on the server and then downloads will include the updated data.",eng,Tip: Check “Visit Source” link for download options.,MapIT Minneapolis,Open Data Minneapolis,,Web services,,Health,Health|Minneapolis|OpenData,Last Modified: 2023-06-29,2020-06-10,2023-2023,Minnesota--Minneapolis|Minnesota,"-93.329,44.890,-93.194,45.051","ENVELOPE(-93.329,-93.194,45.051,44.890)",Public,https://creativecommons.org/publicdomain/zero/1.0,ArcGIS FeatureLayer,ba5cc745-21c5-4ae9-954b-72dd8db6815a,05c-01,2026-10-08,published,https://hub.arcgis.com/datasets/580e0a92d27644b7b13a4036c2c4211d_0,,ArcGIS Hub,DCAT API,https://opendata.minneapolismn.gov/api/feed/dcat-us/1.1.json,,,
e89707ffbec54c558f9201e1e3b3d4ad_0,05c-01,Scooter and Bike Availability 2022 [Minnesota--Minneapolis],Scooter and Bike Availability 2022,"Field Descriptions PollTime: The time the API was polled for a snapshot of available scooters. CompanyName: The name of the company polled. NumberAvailable: The number of scooters available on the street or trail centerline ID at the time the API was polled. ClosestCenterlineID: the closest street centerline GBSID or trail centerline Feature Unique ID. Refer to the Street Centerline dataset here: https://opendata.minneapolismn.gov/datasets/mpls-centerline , and the trail centerline dataset here: https://gisdata.mn.gov/dataset/us-mn-state-metrogis-trans-metro-colabtiv-trails-bike ClosestCenterlineType: The type of centerline, either street or trail. Neighborhood: The neighborhood the centerline segment is located in.",eng,Tip: Check “Visit Source” link for download options.,MapIT Minneapolis,Open Data Minneapolis,,Web services,,,Minneapolis|OpenData|Scooter,2022,2023-04-06,2022-2022,Minnesota--Minneapolis|Minnesota,"-93.329,44.890,-93.194,45.051","ENVELOPE(-93.329,-93.194,45.051,44.890)",Public,https://creativecommons.org/publicdomain/zero/1.0,ArcGIS FeatureLayer,ba5cc745-21c5-4ae9-954b-72dd8db6815a,05c-01,2026-10-08,published,https://hub.arcgis.com/datasets/e89707ffbec54c558f9201e1e3b3d4ad_0,,ArcGIS Hub,DCAT API,https://opendata.minneapolismn.gov/api/feed/dcat-us/1.1.json,,,
db1b7327a5314bf19502b6b1fd0531ec_0,05c-01,Motorized Foot Scooter Trips 2022 [Minnesota--Minneapolis],Motorized Foot Scooter Trips 2022,"Field Descriptions TripID: a unique identifier for each trip created by the City of Minneapolis TripDuration: trip time in seconds TripDistance: trip distance in meters StartTime: time the trip started, rounded to the nearest half hour EndTime: time the trip ended, rounded to the nearest half hour StartCenterlineID: the street centerline GBSID or trail centerline Feature Unique ID the trip started on. Refer to the Street Centerline dataset here: https://opendata.minneapolismn.gov/datasets/mpls-centerline , and the trail centerline dataset here: https://gisdata.mn.gov/dataset/us-mn-state-metrogis-trans-metro-colabtiv-trails-bike StartCenterlineType: The type of centerline the trip started on, either street or trail. EndCenterlineID: the street centerline GBSID or trail centerline Feature Unique ID the trip ended on. Refer to the Street Centerline dataset here: https://opendata.minneapolismn.gov/datasets/mpls-centerline , and the trail centerline dataset here: https://gisdata.mn.gov/dataset/us-mn-state-metrogis-trans-metro-colabtiv-trails-bike EndCenterlineType: The type of centerline the trip ended on, either street or trail.",eng,Tip: Check “Visit Source” link for download options.,MapIT Minneapolis,Open Data Minneapolis,,Web services,,,Minneapolis|OpenData|Scooter,2022,2023-04-04,2022-2022,Minnesota--Minneapolis|Minnesota,"-93.329,44.890,-93.194,45.051","ENVELOPE(-93.329,-93.194,45.051,44.890)",Public,https://creativecommons.org/publicdomain/zero/1.0,ArcGIS FeatureLayer,ba5cc745-21c5-4ae9-954b-72dd8db6815a,05c-01,2026-10-08,published,https://hub.arcgis.com/datasets/db1b7327a5314bf19502b6b1fd0531ec_0,,ArcGIS Hub,DCAT API,https://opendata.minneapolismn.gov/api/feed/dcat-us/1.1.json,,,
e0d98b2122424374b86b9c54f203da6a_0,05c-01,Snow Emergency Victory2 Tows 2023 [Minnesota--Minneapolis],Snow Emergency Victory2 Tows 2023,"This is the information about the number and location of tows during this snow emergency. Tow data will be retained for all Snow Emergencies in each snow season, until there is five full seasons of snow emergencies. Disclaimer: There is an expected address error rate of between 8 and 14 percent. Snow Emergency Tows - 2022/2023 Season #6 Victory2 (2/24/23 thru 2/24/23)",eng,Tip: Check “Visit Source” link for download options.,MapIT Minneapolis,Open Data Minneapolis,,Web services,,,PublicWorks|Minneapolis|SnowEmergency|Tows|2023,2023,2023-03-01,2023-2023,Minnesota--Minneapolis|Minnesota,"-93.322,44.893,-93.221,45.016","ENVELOPE(-93.322,-93.221,45.016,44.893)",Public,https://creativecommons.org/publicdomain/zero/1.0,ArcGIS FeatureLayer,ba5cc745-21c5-4ae9-954b-72dd8db6815a,05c-01,2026-10-08,published,https://hub.arcgis.com/datasets/e0d98b2122424374b86b9c54f203da6a_0,,ArcGIS Hub,DCAT API,https://opendata.minneapolismn.gov/api/feed/dcat-us/1.1.json,,,
514a114291284a9197b81da3d38d6337_0,05c-01,Snow Emergency Victory2 Tags 2023 [Minnesota--Minneapolis],Snow Emergency Victory2 Tags 2023,"This is the information about the number and location of tags (parking tickets) during this snow emergency. Tag data will be retained for all Snow Emergencies in each snow season, until there is five full seasons of snow emergencies. Disclaimer: At this point we only have the tag data enclosed for day 2 and day 3 the snow emergencies. Day 1 tag data is collected manually and is not available at this time electronically.",eng,Tip: Check “Visit Source” link for download options.,MapIT Minneapolis,Open Data Minneapolis,,Web services,,,PublicWorks|Minneapolis|SnowEmergency|Tags|2023,2023,2023-03-01,2023-2023,Minnesota--Minneapolis|Minnesota,"-93.322,44.891,-93.220,45.042","ENVELOPE(-93.322,-93.220,45.042,44.891)",Public,https://creativecommons.org/publicdomain/zero/1.0,ArcGIS FeatureLayer,ba5cc745-21c5-4ae9-954b-72dd8db6815a,05c-01,2026-10-08,published,https://hub.arcgis.com/datasets/514a114291284a9197b81da3d38d6337_0,,ArcGIS Hub,DCAT API,https://opendata.minneapolismn.gov/api/feed/dcat-us/1.1.json,,,
a688ffc7777443b0ac0eee6db2996b8c_0,05c-01,Snow Emergency Victory1 Tows 2023 [Minnesota--Minneapolis],Snow Emergency Victory1 Tows 2023,"This is the information about the number and location of tows during this snow emergency. Tow data will be retained for all Snow Emergencies in each snow season, until there is five full seasons of snow emergencies. Disclaimer: There is an expected address error rate of between 8 and 14 percent. Snow Emergency Tows - 2022/2023 Season #5 Victory1 (2/22/23 thru 2/24/23)",eng,Tip: Check “Visit Source” link for download options.,MapIT Minneapolis,Open Data Minneapolis,,Web services,,,PublicWorks|Minneapolis|SnowEmergency|Tows|2023,2023,2023-03-01,2023-2023,Minnesota--Minneapolis|Minnesota,"-93.318,44.854,-93.202,45.197","ENVELOPE(-93.318,-93.202,45.197,44.854)",Public,https://creativecommons.org/publicdomain/zero/1.0,ArcGIS FeatureLayer,ba5cc745-21c5-4ae9-954b-72dd8db6815a,05c-01,2026-10-08,published,https://hub.arcgis.com/datasets/a688ffc7777443b0ac0eee6db2996b8c_0,,ArcGIS Hub,DCAT API,https://opendata.minneapolismn.gov/api/feed/dcat-us/1.1.json,,,
a58fe8f592d44904aa9e4da788a5f8c2_0,05c-01,Snow Emergency Victory1 Tags 2023 [Minnesota--Minneapolis],Snow Emergency Victory1 Tags 2023,"This is the information about the number and location of tags (parking tickets) during this snow emergency. Tag data will be retained for all Snow Emergencies in each snow season, until there is five full seasons of snow emergencies. Disclaimer: At this point we only have the tag data enclosed for day 2 and day 3 the snow emergencies. Day 1 tag data is collected manually and is not available at this time electronically.",eng,Tip: Check “Visit Source” link for download options.,MapIT Minneapolis,Open Data Minneapolis,,Web services,,,PublicWorks|Minneapolis|SnowEmergency|Tags|2023,2023,2023-03-01,2023-2023,Minnesota--Minneapolis|Minnesota,"-93.329,44.891,-93.201,45.050","ENVELOPE(-93.329,-93.201,45.050,44.891)",Public,https://creativecommons.org/publicdomain/zero/1.0,ArcGIS FeatureLayer,ba5cc745-21c5-4ae9-954b-72dd8db6815a,05c-01,2026-10-08,published,https://hub.arcgis.com/datasets/a58fe8f592d44904aa9e4da788a5f8c2_0,,ArcGIS Hub,DCAT API,https://opendata.minneapolismn.gov/api/feed/dcat-us/1.1.json,,,
1044cb301de546f5b325c67dc457b50a_0,05c-01,Assessors Parcel Data 2022 [Minnesota--Minneapolis],Assessors Parcel Data 2022,"Field Definitions PIN 13 digit tax ID for parcel ANUMBER Address number ANUMBERSUF Address number suffix ST_PRE_DIR Street direction that comes before street name ST_NAME Street name ST_TYPE Type of street (Ave, St, Ln etc.) ST_POST_DIR Street direction that comes after the street name AUNIT Unit number of address ZIPCODE Postal code FORMATTED_ADDRESS Full mailing address OWNERNAME Name of property owner TAXPAYER1 Taxpayer name TAXPAYER2 Taxpayer name and address TAXPAYER3 Taxpayer name and address continued TAXPAYER4 Taxpayer name and address continued ASSESSMENT_YEAR Year for which the property value is assessed TAX_YEAR Year for which the property taxes are due PLAT Plat number PROPERTY_TYPE Type of property MAIN_PT Property type on primary use of parcel SUB_PT1 Property type of secondary use of parcel SUB_PT2 Property type of tertiary use of parcel SUB_PT3 Property type of quaternary use of parcel MULTIPLE_USES Indicates whether parcel has multiple uses or not TAX_EXEMPT Indicates whether parcel is tax exempt EXEMPTCD1 Exempt code for first tax exempt portion EXEMPTCD2 Exempt code for second tax exempt portion EXEMPTCD3 Exempt code for third tax exempt portion EXEMPTCD4 Exempt code for fourth tax exempt portion PARCEL_AREA_SQFT Land area of parcel in square feet X X coordinate of parcel centroid (uses NAD 83 HARN Hennepin County coordinate system) Y Y coordinate of parcel centroid (uses NAD 83 HARN Hennepin County coordinate system) NEIGHBORHOOD Name of neighborhood the property is in COMMUNITY Name of community the property is in WARD Name of ward the property is in ZONING Name of zoning district the property is in LANDUSE Property's land use designation LANDVALUE Property's assessed land value as of January 2 of its assessment year BUILDINGVALUE Property's assessed building value as of January 2 of its assessment year TOTALVALUE Property's total assessed value as of January 2 of its assessment year EXEMPTSTATUS Indicates the status of property (if exempt) HOMESTEAD Indicates whether property is homesteaded BLDG_ID Unique identifier for buildings BUILDINGUSE Use classification of building YEARBUILT Year that the building was constructed BELOWGROUNDAREA Total square footage below grade ABOVEGROUNDAREA Total square footage above grade NUM_STORIES Number of stories in building GARAGE_PRESENT Indicates whether property has a garage PRIMARYHEATING Primary type of heating in building CONSTRUCTIONTYPE Style of construction EXTERIORTYPE Exterior finish of building ROOF Style of roof TOTAL_UNITS Total number of units FIREPLACES Number of fireplaces BATHROOMS Number of bathrooms BEDROOMS Number of bedrooms",eng,Tip: Check “Visit Source” link for download options.,MapIT Minneapolis,Open Data Minneapolis,,Web services,,,OpenData|Minneapolis|assessor,2022,2022-03-22,2022-2022,Minnesota--Minneapolis|Minnesota,"-93.329,44.890,-93.194,45.051","ENVELOPE(-93.329,-93.194,45.051,44.890)",Public,https://creativecommons.org/publicdomain/zero/1.0,ArcGIS FeatureLayer,ba5cc745-21c5-4ae9-954b-72dd8db6815a,05c-01,2026-10-08,published,https://hub.arcgis.com/datasets/1044cb301de546f5b325c67dc457b50a_0,,ArcGIS Hub,DCAT API,https://opendata.minneapolismn.gov/api/feed/dcat-us/1.1.json,,,
e37aef04f5404dc199fa8c764a8f0e49_0,05c-01,Fires Reported 2022 [Minnesota--Minneapolis],Fires Reported 2022,"The data set is refreshed on a daily basis by 10:45 PM. The website will reflect the last time the data set was updated and the total count of rows. The grid on the ""Data"" tab will display the up to date data. However, in certain situations there is a delay in the refresh of the downloadable data file. Sometimes the downloadable file does not reflect the updates to the data in the portal. After a delay (duration has been variable; up to 30 minutes), the file will be updated on the server and then downloads will include the updated data.",eng,Tip: Check “Visit Source” link for download options.,MapIT Minneapolis,Open Data Minneapolis,,Web services,,,PublicSafety|Minneapolis|OpenData,2022,2022-02-11,2022-2022,Minnesota--Minneapolis|Minnesota,"-93.600,44.026,-92.443,45.440","ENVELOPE(-93.600,-92.443,45.440,44.026)",Public,https://creativecommons.org/publicdomain/zero/1.0,ArcGIS FeatureLayer,ba5cc745-21c5-4ae9-954b-72dd8db6815a,05c-01,2026-10-08,published,https://hub.arcgis.com/datasets/e37aef04f5404dc199fa8c764a8f0e49_0,,ArcGIS Hub,DCAT API,https://opendata.minneapolismn.gov/api/feed/dcat-us/1.1.json,,,
4ab42b4679fc4d0698531fa8a2994441_0,05c-01,Police Incidents 2022 [Minnesota--Minneapolis],Police Incidents 2022,"Police Incidents for 2022 from the Police Information Management System (PIMS). This data set is updated daily. *Please note that the responseDate is shown in UTC time, not local time. The data set is refreshed on a daily basis by 9:30 AM. The website will reflect the last time the data set was updated and the total count of rows. The grid on the ""Data"" tab will display the up to date data. However, in certain situations there is a delay in the refresh of the downloadable data file. Sometimes the downloadable file does not reflect the updates to the data in the portal. After a delay (duration has been variable; up to 30 minutes), the file will be updated on the server and then downloads will include the updated data.",eng,Tip: Check “Visit Source” link for download options.,MapIT Minneapolis,Open Data Minneapolis,,Web services,,,Minneapolis|Police|MPD|OpenData|publicsafety,2022,2022-02-11,2022-2022,Minnesota--Minneapolis|Minnesota,"-93.329,44.891,-93.201,45.051","ENVELOPE(-93.329,-93.201,45.051,44.891)",Public,https://creativecommons.org/publicdomain/zero/1.0,ArcGIS FeatureLayer,ba5cc745-21c5-4ae9-954b-72dd8db6815a,05c-01,2026-10-08,published,https://hub.arcgis.com/datasets/4ab42b4679fc4d0698531fa8a2994441_0,,ArcGIS Hub,DCAT API,https://opendata.minneapolismn.gov/api/feed/dcat-us/1.1.json,,,
3d06947ce95942e5a8166f8c2f61addd_0,05c-01,Snow Emergency Northrop Tags 2023 [Minnesota--Minneapolis],Snow Emergency Northrop Tags 2023,"This is the information about the number and location of tags (parking tickets) during this snow emergency. Tag data will be retained for all Snow Emergencies in each snow season, until there is five full seasons of snow emergencies. Disclaimer: At this point we only have the tag data enclosed for day 2 and day 3 the snow emergencies. Day 1 tag data is collected manually and is not available at this time electronically.",eng,Tip: Check “Visit Source” link for download options.,MapIT Minneapolis,Open Data Minneapolis,,Web services,,,PublicWorks|Minneapolis|SnowEmergency|Tags|2023,2023,2023-01-11,2023-2023,Minnesota--Minneapolis|Minnesota,"-93.329,44.891,-93.202,45.051","ENVELOPE(-93.329,-93.202,45.051,44.891)",Public,https://creativecommons.org/publicdomain/zero/1.0,ArcGIS FeatureLayer,ba5cc745-21c5-4ae9-954b-72dd8db6815a,05c-01,2026-10-08,published,https://hub.arcgis.com/datasets/3d06947ce95942e5a8166f8c2f61addd_0,,ArcGIS Hub,DCAT API,https://opendata.minneapolismn.gov/api/feed/dcat-us/1.1.json,,,
fec7ca70364b47b0aa48bbbf390bd1ea_0,05c-01,Snow Emergency Northrop Tows 2023 [Minnesota--Minneapolis],Snow Emergency Northrop Tows 2023,"This is the information about the number and location of tows during this snow emergency. Tow data will be retained for all Snow Emergencies in each snow season, until there is five full seasons of snow emergencies. Disclaimer: There is an expected address error rate of between 8 and 14 percent. Snow Emergency Tows - 2022/2023 Season #4 Northrop (1/4/23 thru 1/6/23)",eng,Tip: Check “Visit Source” link for download options.,MapIT Minneapolis,Open Data Minneapolis,,Web services,,,PublicWorks|Minneapolis|SnowEmergency|Tows|2023,2023,2023-01-11,2023-2023,Minnesota--Minneapolis|Minnesota,"-93.314,44.853,-93.205,45.197","ENVELOPE(-93.314,-93.205,45.197,44.853)",Public,https://creativecommons.org/publicdomain/zero/1.0,ArcGIS FeatureLayer,ba5cc745-21c5-4ae9-954b-72dd8db6815a,05c-01,2026-10-08,published,https://hub.arcgis.com/datasets/fec7ca70364b47b0aa48bbbf390bd1ea_0,,ArcGIS Hub,DCAT API,https://opendata.minneapolismn.gov/api/feed/dcat-us/1.1.json,,,
70c960a92df446c881198444222abaea_0,05c-01,Snow Emergency Lourdes Tows 2022 [Minnesota--Minneapolis],Snow Emergency Lourdes Tows 2022,"This is the information about the number and location of tows during this snow emergency. Tow data will be retained for all Snow Emergencies in each snow season, until there is five full seasons of snow emergencies. Disclaimer: There is an expected address error rate of between 8 and 14 percent",eng,Tip: Check “Visit Source” link for download options.,MapIT Minneapolis,Open Data Minneapolis,,Web services,,,PublicWorks|Minneapolis|SnowEmergency|Tows|2022,2022,2022-12-30,2022-2022,Minnesota--Minneapolis|Minnesota,"-93.315,44.854,-93.212,45.197","ENVELOPE(-93.315,-93.212,45.197,44.854)",Public,https://creativecommons.org/publicdomain/zero/1.0,ArcGIS FeatureLayer,ba5cc745-21c5-4ae9-954b-72dd8db6815a,05c-01,2026-10-08,published,https://hub.arcgis.com/datasets/70c960a92df446c881198444222abaea_0,,ArcGIS Hub,DCAT API,https://opendata.minneapolismn.gov/api/feed/dcat-us/1.1.json,,,
782823ff5ee0464795c5df137251fb18_0,05c-01,Snow Emergency Lourdes Tags 2022 [Minnesota--Minneapolis],Snow Emergency Lourdes Tags 2022,"This is the information about the number and location of tags (parking tickets) during this snow emergency. Tag data will be retained for all Snow Emergencies in each snow season, until there is five full seasons of snow emergencies. Disclaimer: At this point we only have the tag data enclosed for day 2 and day 3 the snow emergencies. Day 1 tag data is collected manually and is not available at this time electronically.",eng,Tip: Check “Visit Source” link for download options.,MapIT Minneapolis,Open Data Minneapolis,,Web services,,,PublicWorks|Minneapolis|SnowEmergency|Tags|2022,2022,2022-12-30,2022-2022,Minnesota--Minneapolis|Minnesota,"-93.329,44.891,-93.202,45.049","ENVELOPE(-93.329,-93.202,45.049,44.891)",Public,https://creativecommons.org/publicdomain/zero/1.0,ArcGIS FeatureLayer,ba5cc745-21c5-4ae9-954b-72dd8db6815a,05c-01,2026-10-08,published,https://hub.arcgis.com/datasets/782823ff5ee0464795c5df137251fb18_0,,ArcGIS Hub,DCAT API,https://opendata.minneapolismn.gov/api/feed/dcat-us/1.1.json,,,
e274230976d340b4abea8f8fdc748e31_0,05c-01,Snow Emergency Jane Tags 2022 [Minnesota--Minneapolis],Snow Emergency Jane Tags 2022,"This is the information about the number and location of tags (parking tickets) during this snow emergency. Tag data will be retained for all Snow Emergencies in each snow season, until there is five full seasons of snow emergencies. Disclaimer: At this point we only have the tag data enclosed for day 2 and day 3 the snow emergencies. Day 1 tag data is collected manually and is not available at this time electronically.",eng,Tip: Check “Visit Source” link for download options.,MapIT Minneapolis,Open Data Minneapolis,,Web services,,,PublicWorks|Minneapolis|SnowEmergency|Tags|2022,2022,2022-12-21,2022-2022,Minnesota--Minneapolis|Minnesota,"-93.328,44.891,-93.201,45.051","ENVELOPE(-93.328,-93.201,45.051,44.891)",Public,https://creativecommons.org/publicdomain/zero/1.0,ArcGIS FeatureLayer,ba5cc745-21c5-4ae9-954b-72dd8db6815a,05c-01,2026-10-08,published,https://hub.arcgis.com/datasets/e274230976d340b4abea8f8fdc748e31_0,,ArcGIS Hub,DCAT API,https://opendata.minneapolismn.gov/api/feed/dcat-us/1.1.json,,,
dc54cb2d354b4502a8c535785ec9c93e_0,05c-01,Snow Emergency Jane Tows 2022 [Minnesota--Minneapolis],Snow Emergency Jane Tows 2022,"This is the information about the number and location of tows during this snow emergency. Tow data will be retained for all Snow Emergencies in each snow season, until there is five full seasons of snow emergencies. Disclaimer: There is an expected address error rate of between 8 and 14 percent. Snow Emergency Tows - 2022/2023 Season #2 Jane (12/15/22 thru 12/7/22)",eng,Tip: Check “Visit Source” link for download options.,MapIT Minneapolis,Open Data Minneapolis,,Web services,,,PublicWorks|Minneapolis|SnowEmergency|Tows|2022,2022,2022-12-21,2022-2022,Minnesota--Minneapolis|Minnesota,"-93.375,44.854,-93.216,45.034","ENVELOPE(-93.375,-93.216,45.034,44.854)",Public,,ArcGIS FeatureLayer,ba5cc745-21c5-4ae9-954b-72dd8db6815a,05c-01,2026-10-08,published,https://hub.arcgis.com/datasets/dc54cb2d354b4502a8c535785ec9c93e_0,,ArcGIS Hub,DCAT API,https://opendata.minneapolismn.gov/api/feed/dcat-us/1.1.json,,,
07e95a7e813c4b39a8ecab5569566558_0,05c-01,Snow Emergency Dover Tags 2022 [Minnesota--Minneapolis],Snow Emergency Dover Tags 2022,"This is the information about the number and location of tags (parking tickets) during this snow emergency. Tag data will be retained for all Snow Emergencies in each snow season, until there is five full seasons of snow emergencies. Disclaimer: At this point we only have the tag data enclosed for day 2 and day 3 the snow emergencies. Day 1 tag data is collected manually and is not available at this time electronically.",eng,Tip: Check “Visit Source” link for download options.,MapIT Minneapolis,Open Data Minneapolis,,Web services,,,PublicWorks|Minneapolis|SnowEmergency|Tags|2022,2022,2022-12-06,2022-2022,Minnesota--Minneapolis|Minnesota,"-93.329,44.891,-93.205,45.051","ENVELOPE(-93.329,-93.205,45.051,44.891)",Public,https://creativecommons.org/publicdomain/zero/1.0,ArcGIS FeatureLayer,ba5cc745-21c5-4ae9-954b-72dd8db6815a,05c-01,2026-10-08,published,https://hub.arcgis.com/datasets/07e95a7e813c4b39a8ecab5569566558_0,,ArcGIS Hub,DCAT API,https://opendata.minneapolismn.gov/api/feed/dcat-us/1.1.json,,,
d5c59a24326446dbbd6b45931d4dd0f1_0,05c-01,Snow Emergency Dover Tows 2022 [Minnesota--Minneapolis],Snow Emergency Dover Tows 2022,"This is the information about the number and location of tows during this snow emergency. Tow data will be retained for all Snow Emergencies in each snow season, until there is five full seasons of snow emergencies. Disclaimer: There is an expected address error rate of between 8 and 14 percent.",eng,Tip: Check “Visit Source” link for download options.,MapIT Minneapolis,Open Data Minneapolis,,Web services,,,PublicWorks|Minneapolis|SnowEmergency|Tows|2022,2022,2022-12-06,2022-2022,Minnesota--Minneapolis|Minnesota,"-93.314,44.600,-80.913,45.039","ENVELOPE(-93.314,-80.913,45.039,44.600)",Public,https://creativecommons.org/publicdomain/zero/1.0,ArcGIS FeatureLayer,ba5cc745-21c5-4ae9-954b-72dd8db6815a,05c-01,2026-10-08,published,https://hub.arcgis.com/datasets/d5c59a24326446dbbd6b45931d4dd0f1_0,,ArcGIS Hub,DCAT API,https://opendata.minneapolismn.gov/api/feed/dcat-us/1.1.json,,,
f00b5c176f6b4fcc813fd8293828dcd1_0,05c-01,Minneapolis Park Commissioner Districts 2022 [Minnesota--Minneapolis],Minneapolis Park Commissioner Districts 2022,"This is the feature map service for the City of Minneapolis City Park Commissioner District Boundaries that were redistricted and adopted in March 2nd, 2022. These boundaries also serve as the Minneapolis Public School Board Districts.",eng,Tip: Check “Visit Source” link for download options.,MapIT Minneapolis,Open Data Minneapolis,,Web services,,Boundaries,OpenData|Boundaries|Boundary|Minneapolis|MPRB|Parks|2022|MPS|School,2022,2022-06-03,2022-2022,Minnesota--Minneapolis|Minnesota,"-93.329,44.890,-93.194,45.051","ENVELOPE(-93.329,-93.194,45.051,44.890)",Public,https://creativecommons.org/publicdomain/zero/1.0,ArcGIS FeatureLayer,ba5cc745-21c5-4ae9-954b-72dd8db6815a,05c-01,2026-10-08,published,https://hub.arcgis.com/datasets/f00b5c176f6b4fcc813fd8293828dcd1_0,,ArcGIS Hub,DCAT API,https://opendata.minneapolismn.gov/api/feed/dcat-us/1.1.json,,,
60100aa50e8a441eb26cee4afeb53618_0,05c-01,Assessors Parcel Data 2021 [Minnesota--Minneapolis],Assessors Parcel Data 2021,"Field Definitions PIN 13 digit tax ID for parcel ANUMBER Address number ANUMBERSUF Address number suffix ST_PRE_DIR Street direction that comes before street name ST_NAME Street name ST_TYPE Type of street (Ave, St, Ln etc.) ST_POST_DIR Street direction that comes after the street name AUNIT Unit number of address ZIPCODE Postal code FORMATTED_ADDRESS Full mailing address OWNERNAME Name of property owner TAXPAYER1 Taxpayer name TAXPAYER2 Taxpayer name and address TAXPAYER3 Taxpayer name and address continued TAXPAYER4 Taxpayer name and address continued ASSESSMENT_YEAR Year for which the property value is assessed TAX_YEAR Year for which the property taxes are due PLAT Plat number PROPERTY_TYPE Type of property MAIN_PT Property type on primary use of parcel SUB_PT1 Property type of secondary use of parcel SUB_PT2 Property type of tertiary use of parcel SUB_PT3 Property type of quaternary use of parcel MULTIPLE_USES Indicates whether parcel has multiple uses or not TAX_EXEMPT Indicates whether parcel is tax exempt EXEMPTCD1 Exempt code for first tax exempt portion EXEMPTCD2 Exempt code for second tax exempt portion EXEMPTCD3 Exempt code for third tax exempt portion EXEMPTCD4 Exempt code for fourth tax exempt portion PARCEL_AREA_SQFT Land area of parcel in square feet X X coordinate of parcel centroid (uses NAD 83 HARN Hennepin County coordinate system) Y Y coordinate of parcel centroid (uses NAD 83 HARN Hennepin County coordinate system) NEIGHBORHOOD Name of neighborhood the property is in COMMUNITY Name of community the property is in WARD Name of ward the property is in ZONING Name of zoning district the property is in LANDUSE Property's land use designation LANDVALUE Property's assessed land value as of January 2 of its assessment year BUILDINGVALUE Property's assessed building value as of January 2 of its assessment year TOTALVALUE Property's total assessed value as of January 2 of its assessment year EXEMPTSTATUS Indicates the status of property (if exempt) HOMESTEAD Indicates whether property is homesteaded BLDG_ID Unique identifier for buildings BUILDINGUSE Use classification of building YEARBUILT Year that the building was constructed BELOWGROUNDAREA Total square footage below grade ABOVEGROUNDAREA Total square footage above grade NUM_STORIES Number of stories in building GARAGE_PRESENT Indicates whether property has a garage PRIMARYHEATING Primary type of heating in building CONSTRUCTIONTYPE Style of construction EXTERIORTYPE Exterior finish of building ROOF Style of roof TOTAL_UNITS Total number of units FIREPLACES Number of fireplaces BATHROOMS Number of bathrooms BEDROOMS Number of bedrooms",eng,Tip: Check “Visit Source” link for download options.,MapIT Minneapolis,Open Data Minneapolis,,Web services,,,OpenData|Minneapolis|assess,2021,2022-03-22,2021-2021,Minnesota--Minneapolis|Minnesota,"-93.329,44.890,-93.194,45.051","ENVELOPE(-93.329,-93.194,45.051,44.890)",Public,https://creativecommons.org/publicdomain/zero/1.0,ArcGIS FeatureLayer,ba5cc745-21c5-4ae9-954b-72dd8db6815a,05c-01,2026-10-08,published,https://hub.arcgis.com/datasets/60100aa50e8a441eb26cee4afeb53618_0,,ArcGIS Hub,DCAT API,https://opendata.minneapolismn.gov/api/feed/dcat-us/1.1.json,,,
1ee49f0b384549028c442b9fa6bbb042_0,05c-01,Assessors Parcel Data 2020 [Minnesota--Minneapolis],Assessors Parcel Data 2020,"Field Definitions PIN 13 digit tax ID for parcel ANUMBER Address number ANUMBERSUF Address number suffix ST_PRE_DIR Street direction that comes before street name ST_NAME Street name ST_TYPE Type of street (Ave, St, Ln etc.) ST_POST_DIR Street direction that comes after the street name AUNIT Unit number of address ZIPCODE Postal code FORMATTED_ADDRESS Full mailing address OWNERNAME Name of property owner TAXPAYER1 Taxpayer name TAXPAYER2 Taxpayer name and address TAXPAYER3 Taxpayer name and address continued TAXPAYER4 Taxpayer name and address continued ASSESSMENT_YEAR Year for which the property value is assessed TAX_YEAR Year for which the property taxes are due PLAT Plat number PROPERTY_TYPE Type of property MAIN_PT Property type on primary use of parcel SUB_PT1 Property type of secondary use of parcel SUB_PT2 Property type of tertiary use of parcel SUB_PT3 Property type of quaternary use of parcel MULTIPLE_USES Indicates whether parcel has multiple uses or not TAX_EXEMPT Indicates whether parcel is tax exempt EXEMPTCD1 Exempt code for first tax exempt portion EXEMPTCD2 Exempt code for second tax exempt portion EXEMPTCD3 Exempt code for third tax exempt portion EXEMPTCD4 Exempt code for fourth tax exempt portion PARCEL_AREA_SQFT Land area of parcel in square feet X X coordinate of parcel centroid (uses NAD 83 HARN Hennepin County coordinate system) Y Y coordinate of parcel centroid (uses NAD 83 HARN Hennepin County coordinate system) NEIGHBORHOOD Name of neighborhood the property is in COMMUNITY Name of community the property is in WARD Name of ward the property is in ZONING Name of zoning district the property is in LANDUSE Property's land use designation LANDVALUE Property's assessed land value as of January 2 of its assessment year BUILDINGVALUE Property's assessed building value as of January 2 of its assessment year TOTALVALUE Property's total assessed value as of January 2 of its assessment year EXEMPTSTATUS Indicates the status of property (if exempt) HOMESTEAD Indicates whether property is homesteaded BLDG_ID Unique identifier for buildings BUILDINGUSE Use classification of building YEARBUILT Year that the building was constructed BELOWGROUNDAREA Total square footage below grade ABOVEGROUNDAREA Total square footage above grade NUM_STORIES Number of stories in building GARAGE_PRESENT Indicates whether property has a garage PRIMARYHEATING Primary type of heating in building CONSTRUCTIONTYPE Style of construction EXTERIORTYPE Exterior finish of building ROOF Style of roof TOTAL_UNITS Total number of units FIREPLACES Number of fireplaces BATHROOMS Number of bathrooms BEDROOMS Number of bedrooms",eng,Tip: Check “Visit Source” link for download options.,MapIT Minneapolis,Open Data Minneapolis,,Web services,,,Minneapolis|assessor|OpenData,2020,2022-05-13,2020-2020,Minnesota--Minneapolis|Minnesota,"-93.329,44.890,-93.194,45.051","ENVELOPE(-93.329,-93.194,45.051,44.890)",Public,https://creativecommons.org/publicdomain/zero/1.0,ArcGIS FeatureLayer,ba5cc745-21c5-4ae9-954b-72dd8db6815a,05c-01,2026-10-08,published,https://hub.arcgis.com/datasets/1ee49f0b384549028c442b9fa6bbb042_0,,ArcGIS Hub,DCAT API,https://opendata.minneapolismn.gov/api/feed/dcat-us/1.1.json,,,
055e662af18c4488b54dcbd496f897b7_0,05c-01,Police Incidents 2018 PIMS [Minnesota--Minneapolis],Police Incidents 2018 PIMS,"Police Incidents for 2018 from the Police Information Management System (PIMS) starting in June 2018. The reportedDateTime field is shown in UTC. Field Descriptions Begin Date: Date incident began. Time in the field is UTC not local, so a separate column is created for accurate time information. Time: Begin date time field. CCN: A concatenation of the 4 digit year in which the incident was created, followed by a dash and then a 6 digit number of sequence for the agency. The MP at the beginning signifies a report taken by Minneapolis Police. This is used because Minneapolis shares the record management system with the University of Minnesota Police ControlNbr: A unique identifier for case. Offense: Code of criminal act reported. Description: Description of the criminal code of incident. EnteredDate: The timestamp of when the incident was created in the system. GBSID: The anonymized street centerline ID. LastChanged: Date the record was last altered in system. LastUpdateDate: Date the record was last moved to open data. Lat: The anonymized latitude of the incident. Long: The anonymized longitude of the incident. Neighborhood: The neighborhood of the incident. Note that occasionally due to the anonymization process, if a point is on the boundary of a neighborhood, it may fall into either neighborhood. OBJECTID: A unique identifier for open data portal. Precinct: The police precinct of the incident. Note that occasionally due to the anonymization process, if a point is on the boundary of a precinct, it may fall into either precinct. PublicAddress: Address of incident anonymized to the block. ReportedDate: Date incident is reported to police. UCRCode: Code that signifies the type of crime that was committed. 1 = MURDER 3 = RAPE 4 = ROBBERY 5 = ASSAULT 6 = BURGLARY 7 = LARCENY 8 = AUTO THEFT 10 = ARSON",eng,Tip: Check “Visit Source” link for download options.,MapIT Minneapolis,Open Data Minneapolis,,Web services,,,Minneapolis|OpenData|Police|PublicSafety,2018,2018-06-29,2018-2018,Minnesota--Minneapolis|Minnesota,"-93.329,44.891,-93.201,45.050","ENVELOPE(-93.329,-93.201,45.050,44.891)",Public,https://creativecommons.org/publicdomain/zero/1.0,ArcGIS FeatureLayer,ba5cc745-21c5-4ae9-954b-72dd8db6815a,05c-01,2026-10-08,published,https://hub.arcgis.com/datasets/055e662af18c4488b54dcbd496f897b7_0,,ArcGIS Hub,DCAT API,https://opendata.minneapolismn.gov/api/feed/dcat-us/1.1.json,,,
35c7de976a60450bb894fc7aeb68aef6_0,05c-01,Police Incidents 2020 [Minnesota--Minneapolis],Police Incidents 2020,,eng,Tip: Check “Visit Source” link for download options.,MapIT Minneapolis,Open Data Minneapolis,,Web services,,,Minneapolis|Police|MPD|OpenData|publicsafety,2020,2020-06-11,2020-2020,Minnesota--Minneapolis|Minnesota,"-93.329,44.891,-93.201,45.051","ENVELOPE(-93.329,-93.201,45.051,44.891)",Public,https://creativecommons.org/publicdomain/zero/1.0,ArcGIS FeatureLayer,ba5cc745-21c5-4ae9-954b-72dd8db6815a,05c-01,2026-10-08,published,https://hub.arcgis.com/datasets/35c7de976a60450bb894fc7aeb68aef6_0,,ArcGIS Hub,DCAT API,https://opendata.minneapolismn.gov/api/feed/dcat-us/1.1.json,,,
cb6a8b1d01b74feea5d3f96fa79bb6bf_0,05c-01,Police Incidents 2021 [Minnesota--Minneapolis],Police Incidents 2021,"Police Incidents for 2021 from the Police Information Management System (PIMS). This data set is updated daily. *Please note that the responseDate is shown in UTC time, not local time. The data set is refreshed on a daily basis by 9:30 AM. The website will reflect the last time the data set was updated and the total count of rows. The grid on the ""Data"" tab will display the up to date data. However, in certain situations there is a delay in the refresh of the downloadable data file. Sometimes the downloadable file does not reflect the updates to the data in the portal. After a delay (duration has been variable; up to 30 minutes), the file will be updated on the server and then downloads will include the updated data.",eng,Tip: Check “Visit Source” link for download options.,MapIT Minneapolis,Open Data Minneapolis,,Web services,,,Minneapolis|Police|MPD|OpenData|publicsafety,2021,2021-01-22,2021-2021,Minnesota--Minneapolis|Minnesota,"-93.329,44.891,-93.201,45.051","ENVELOPE(-93.329,-93.201,45.051,44.891)",Public,https://creativecommons.org/publicdomain/zero/1.0,ArcGIS FeatureLayer,ba5cc745-21c5-4ae9-954b-72dd8db6815a,05c-01,2026-10-08,published,https://hub.arcgis.com/datasets/cb6a8b1d01b74feea5d3f96fa79bb6bf_0,,ArcGIS Hub,DCAT API,https://opendata.minneapolismn.gov/api/feed/dcat-us/1.1.json,,,
033311f71d5a4b98babaa2280b432a43_0,05c-01,Motorized Foot Scooter Trips 2021 [Minnesota--Minneapolis],Motorized Foot Scooter Trips 2021,"Field Descriptions TripID: a unique identifier for each trip created by the City of Minneapolis TripDuration: trip time in seconds TripDistance: trip distance in meters StartTime: time the trip started, rounded to the nearest half hour EndTime: time the trip ended, rounded to the nearest half hour StartCenterlineID: the street centerline GBSID or trail centerline Feature Unique ID the trip started on. Refer to the Street Centerline dataset here: https://opendata.minneapolismn.gov/datasets/mpls-centerline , and the trail centerline dataset here: https://gisdata.mn.gov/dataset/us-mn-state-metrogis-trans-metro-colabtiv-trails-bike StartCenterlineType: The type of centerline the trip started on, either street or trail. EndCenterlineID: the street centerline GBSID or trail centerline Feature Unique ID the trip ended on. Refer to the Street Centerline dataset here: https://opendata.minneapolismn.gov/datasets/mpls-centerline , and the trail centerline dataset here: https://gisdata.mn.gov/dataset/us-mn-state-metrogis-trans-metro-colabtiv-trails-bike EndCenterlineType: The type of centerline the trip ended on, either street or trail.",eng,Tip: Check “Visit Source” link for download options.,MapIT Minneapolis,Open Data Minneapolis,,Web services,,,OpenData|Minneapolis|Scooter|Mobility,2021,2022-03-24,2021-2021,Minnesota--Minneapolis|Minnesota,"-93.329,44.890,-93.194,45.051","ENVELOPE(-93.329,-93.194,45.051,44.890)",Public,https://creativecommons.org/publicdomain/zero/1.0,ArcGIS FeatureLayer,ba5cc745-21c5-4ae9-954b-72dd8db6815a,05c-01,2026-10-08,published,https://hub.arcgis.com/datasets/033311f71d5a4b98babaa2280b432a43_0,,ArcGIS Hub,DCAT API,https://opendata.minneapolismn.gov/api/feed/dcat-us/1.1.json,,,
9942c8f834ff43cb8ff93cb9c859d6f7_0,05c-01,Scooter Availability 2021 [Minnesota--Minneapolis],Scooter Availability 2021,"Field Descriptions PollTime: The time the API was polled for a snapshot of available scooters. CompanyName: The name of the company polled. NumberAvailable: The number of scooters available on the street or trail centerline ID at the time the API was polled. ClosestCenterlineID: the closest street centerline GBSID or trail centerline Feature Unique ID. Refer to the Street Centerline dataset here: https://opendata.minneapolismn.gov/datasets/mpls-centerline , and the trail centerline dataset here: https://gisdata.mn.gov/dataset/us-mn-state-metrogis-trans-metro-colabtiv-trails-bike ClosestCenterlineType: The type of centerline, either street or trail. Neighborhood: The neighborhood the centerline segment is located in.",eng,Tip: Check “Visit Source” link for download options.,MapIT Minneapolis,Open Data Minneapolis,,Web services,,,Minneapolis|OpenData|Mobility|Scooter,2021,2022-03-24,2021-2021,Minnesota--Minneapolis|Minnesota,"-93.329,44.890,-93.194,45.051","ENVELOPE(-93.329,-93.194,45.051,44.890)",Public,https://creativecommons.org/publicdomain/zero/1.0,ArcGIS FeatureLayer,ba5cc745-21c5-4ae9-954b-72dd8db6815a,05c-01,2026-10-08,published,https://hub.arcgis.com/datasets/9942c8f834ff43cb8ff93cb9c859d6f7_0,,ArcGIS Hub,DCAT API,https://opendata.minneapolismn.gov/api/feed/dcat-us/1.1.json,,,
a9892ec01ee74e64b8ffd7ebe8f5eb14_0,05c-01,Snow Emergency Ferry Tows 2021 [Minnesota--Minneapolis],Snow Emergency Ferry Tows 2021,"This is the information about the number and location of tows during this snow emergency. Tow data will be retained for all Snow Emergencies in each snow season, until there is five full seasons of snow emergencies. Disclaimer: There is an expected address error rate of between 8 and 14 percent. Snow Emergency Tows - 2021/2022 Season #1 Ferry (12/10/21 thru 12/12/21)",eng,Tip: Check “Visit Source” link for download options.,MapIT Minneapolis,Open Data Minneapolis,,Web services,,,PublicWorks|Minneapolis|SnowEmergency|Tows|2021,2021,2021-12-14,2021-2021,Minnesota--Minneapolis|Minnesota,"-93.316,44.854,-93.227,45.197","ENVELOPE(-93.316,-93.227,45.197,44.854)",Public,https://creativecommons.org/publicdomain/zero/1.0,ArcGIS FeatureLayer,ba5cc745-21c5-4ae9-954b-72dd8db6815a,05c-01,2026-10-08,published,https://hub.arcgis.com/datasets/a9892ec01ee74e64b8ffd7ebe8f5eb14_0,,ArcGIS Hub,DCAT API,https://opendata.minneapolismn.gov/api/feed/dcat-us/1.1.json,,,
21b52d19a5c542a1a14a19f70dc63e15_0,05c-01,Snow Emergency Ferry Tags 2021 [Minnesota--Minneapolis],Snow Emergency Ferry Tags 2021,"This is the information about the number and location of tags (parking tickets) during this snow emergency. Tag data will be retained for all Snow Emergencies in each snow season, until there is five full seasons of snow emergencies. Disclaimer: At this point we only have the tag data enclosed for day 2 and day 3 the snow emergencies. Day 1 tag data is collected manually and is not available at this time electronically.",eng,Tip: Check “Visit Source” link for download options.,MapIT Minneapolis,Open Data Minneapolis,,Web services,,,PublicWorks|Minneapolis|SnowEmergency|Tags|2021,2021,2021-12-14,2021-2021,Minnesota--Minneapolis|Minnesota,"-93.328,44.893,-93.209,45.035","ENVELOPE(-93.328,-93.209,45.035,44.893)",Public,https://creativecommons.org/publicdomain/zero/1.0,ArcGIS FeatureLayer,ba5cc745-21c5-4ae9-954b-72dd8db6815a,05c-01,2026-10-08,published,https://hub.arcgis.com/datasets/21b52d19a5c542a1a14a19f70dc63e15_0,,ArcGIS Hub,DCAT API,https://opendata.minneapolismn.gov/api/feed/dcat-us/1.1.json,,,
0deb0a2d757346aeb95ed571c3981d5d_0,05c-01,Snow Emergency Oliver Tows 2021 [Minnesota--Minneapolis],Snow Emergency Oliver Tows 2021,"This is the information about the number and location of tows during this snow emergency. Tow data will be retained for all Snow Emergencies in each snow season, until there is five full seasons of snow emergencies. Disclaimer: There is an expected address error rate of between 8 and 14 percent. Snow Emergency Tows - 2020/2021 Season #2 Oliver (1/24/21 thru 1/26/21)",eng,Tip: Check “Visit Source” link for download options.,MapIT Minneapolis,Open Data Minneapolis,,Web services,,,PublicWorks|Minneapolis|SnowEmergency|Tows|2021,2021,2021-12-13,2021-2021,Minnesota--Minneapolis|Minnesota,"-93.327,44.902,-93.217,45.051","ENVELOPE(-93.327,-93.217,45.051,44.902)",Public,https://creativecommons.org/publicdomain/zero/1.0,ArcGIS FeatureLayer,ba5cc745-21c5-4ae9-954b-72dd8db6815a,05c-01,2026-10-08,published,https://hub.arcgis.com/datasets/0deb0a2d757346aeb95ed571c3981d5d_0,,ArcGIS Hub,DCAT API,https://opendata.minneapolismn.gov/api/feed/dcat-us/1.1.json,,,
56306a8b6613480f928aab35b826349a_0,05c-01,Snow Emergency James Tows 2020 [Minnesota--Minneapolis],Snow Emergency James Tows 2020,"This is the information about the number and location of tows during this snow emergency. Tow data will be retained for all Snow Emergencies in each snow season, until there is five full seasons of snow emergencies. Disclaimer: There is an expected address error rate of between 8 and 14 percent. Snow Emergency Tows - 2020/2021 Season #1 James (12/23/20 thru 12/25/20)",eng,Tip: Check “Visit Source” link for download options.,MapIT Minneapolis,Open Data Minneapolis,,Web services,,,PublicWorks|Minneapolis|SnowEmergency|Tows|2020,2020,2021-12-13,2020-2020,Minnesota--Minneapolis|Minnesota,"-93.314,44.906,-93.231,45.039","ENVELOPE(-93.314,-93.231,45.039,44.906)",Public,https://creativecommons.org/publicdomain/zero/1.0,ArcGIS FeatureLayer,ba5cc745-21c5-4ae9-954b-72dd8db6815a,05c-01,2026-10-08,published,https://hub.arcgis.com/datasets/56306a8b6613480f928aab35b826349a_0,,ArcGIS Hub,DCAT API,https://opendata.minneapolismn.gov/api/feed/dcat-us/1.1.json,,,
45be7ebec7a74fe0996e494723fd74dd_0,05c-01,Snow Emergency Spruce Tows 2020 [Minnesota--Minneapolis],Snow Emergency Spruce Tows 2020,"This is the information about the number and location of tows during this snow emergency. Tow data will be retained for all Snow Emergencies in each snow season, until there is five full seasons of snow emergencies. Disclaimer: There is an expected address error rate of between 8 and 14 percent. Snow Emergency Tows - 2019/2020 Season #2 Spruce (2/9/20 thru 2/11/20)",eng,Tip: Check “Visit Source” link for download options.,MapIT Minneapolis,Open Data Minneapolis,,Web services,,,PublicWorks|Minneapolis|SnowEmergency|Tows|2020,2020,2021-12-13,2020-2020,Minnesota--Minneapolis|Minnesota,"-93.324,44.895,-93.205,45.050","ENVELOPE(-93.324,-93.205,45.050,44.895)",Public,https://creativecommons.org/publicdomain/zero/1.0,ArcGIS FeatureLayer,ba5cc745-21c5-4ae9-954b-72dd8db6815a,05c-01,2026-10-08,published,https://hub.arcgis.com/datasets/45be7ebec7a74fe0996e494723fd74dd_0,,ArcGIS Hub,DCAT API,https://opendata.minneapolismn.gov/api/feed/dcat-us/1.1.json,,,
12cbab0512084e12bb2fed2fafe6a7f3_0,05c-01,Snow Emergency Newton Tows 2020 [Minnesota--Minneapolis],Snow Emergency Newton Tows 2020,"This is the information about the number and location of tows during this snow emergency. Tow data will be retained for all Snow Emergencies in each snow season, until there is five full seasons of snow emergencies. Disclaimer: There is an expected address error rate of between 8 and 14 percent. Snow Emergency Tows - 2019/2020 Season #3 Newton (1/18/20 thru 1/20/20)",eng,Tip: Check “Visit Source” link for download options.,MapIT Minneapolis,Open Data Minneapolis,,Web services,,,PublicWorks|Minneapolis|SnowEmergency|Tows|2020,2020,2021-12-13,2020-2020,Minnesota--Minneapolis|Minnesota,"-93.318,44.892,-93.215,45.048","ENVELOPE(-93.318,-93.215,45.048,44.892)",Public,https://creativecommons.org/publicdomain/zero/1.0,ArcGIS FeatureLayer,ba5cc745-21c5-4ae9-954b-72dd8db6815a,05c-01,2026-10-08,published,https://hub.arcgis.com/datasets/12cbab0512084e12bb2fed2fafe6a7f3_0,,ArcGIS Hub,DCAT API,https://opendata.minneapolismn.gov/api/feed/dcat-us/1.1.json,,,
c1e5e621483846c1b388d98d32e9d5ac_0,05c-01,Snow Emergency Oliver Tags 2021 [Minnesota--Minneapolis],Snow Emergency Oliver Tags 2021,"This is the information about the number and location of tags (parking tickets) during this snow emergency. Tag data will be retained for all Snow Emergencies in each snow season, until there is five full seasons of snow emergencies. Disclaimer: At this point we only have the tag data enclosed for day 2 and day 3 the snow emergencies. Day 1 tag data is collected manually and is not available at this time electronically.",eng,Tip: Check “Visit Source” link for download options.,MapIT Minneapolis,Open Data Minneapolis,,Web services,,,Minneapolis|SnowEmergency|PublicWorks|2020,2021,2021-12-13,2021-2021,Minnesota--Minneapolis|Minnesota,"-93.329,44.891,-93.205,45.050","ENVELOPE(-93.329,-93.205,45.050,44.891)",Public,https://creativecommons.org/publicdomain/zero/1.0,ArcGIS FeatureLayer,ba5cc745-21c5-4ae9-954b-72dd8db6815a,05c-01,2026-10-08,published,https://hub.arcgis.com/datasets/c1e5e621483846c1b388d98d32e9d5ac_0,,ArcGIS Hub,DCAT API,https://opendata.minneapolismn.gov/api/feed/dcat-us/1.1.json,,,
a10e9723c8b54419bc2339b4b5b68201_0,05c-01,Snow Emergency James Tags 2020 [Minnesota--Minneapolis],Snow Emergency James Tags 2020,"This is the information about the number and location of tags (parking tickets) during this snow emergency. Tag data will be retained for all Snow Emergencies in each snow season, until there is five full seasons of snow emergencies. Disclaimer: At this point we only have the tag data enclosed for day 2 and day 3 the snow emergencies. Day 1 tag data is collected manually and is not available at this time electronically.",eng,Tip: Check “Visit Source” link for download options.,MapIT Minneapolis,Open Data Minneapolis,,Web services,,,PublicWorks|Minneapolis|SnowEmergency|Tags|2020,2020,2021-12-13,2020-2020,Minnesota--Minneapolis|Minnesota,"-93.327,44.891,-93.211,45.050","ENVELOPE(-93.327,-93.211,45.050,44.891)",Public,https://creativecommons.org/publicdomain/zero/1.0,ArcGIS FeatureLayer,ba5cc745-21c5-4ae9-954b-72dd8db6815a,05c-01,2026-10-08,published,https://hub.arcgis.com/datasets/a10e9723c8b54419bc2339b4b5b68201_0,,ArcGIS Hub,DCAT API,https://opendata.minneapolismn.gov/api/feed/dcat-us/1.1.json,,,
24a26b54b5864ffb99a29b3ed71975db_0,05c-01,Snow Emergency Spruce Tags 2020 [Minnesota--Minneapolis],Snow Emergency Spruce Tags 2020,"This is the information about the number and location of tags (parking tickets) during this snow emergency. Tag data will be retained for all Snow Emergencies in each snow season, until there is five full seasons of snow emergencies. Disclaimer: At this point we only have the tag data enclosed for day 2 and day 3 the snow emergencies. Day 1 tag data is collected manually and is not available at this time electronically.",eng,Tip: Check “Visit Source” link for download options.,MapIT Minneapolis,Open Data Minneapolis,,Web services,,,Minneapolis|SnowEmergency|PublicWorks|2020,2020,2021-12-13,2020-2020,Minnesota--Minneapolis|Minnesota,"-93.329,44.891,-93.205,45.051","ENVELOPE(-93.329,-93.205,45.051,44.891)",Public,https://creativecommons.org/publicdomain/zero/1.0,ArcGIS FeatureLayer,ba5cc745-21c5-4ae9-954b-72dd8db6815a,05c-01,2026-10-08,published,https://hub.arcgis.com/datasets/24a26b54b5864ffb99a29b3ed71975db_0,,ArcGIS Hub,DCAT API,https://opendata.minneapolismn.gov/api/feed/dcat-us/1.1.json,,,
3e3b2a788b8b459eb6521cb1102af008_0,05c-01,Snow Emergency Newton Tags 2020 [Minnesota--Minneapolis],Snow Emergency Newton Tags 2020,"This is the information about the number and location of tags (parking tickets) during this snow emergency. Tag data will be retained for all Snow Emergencies in each snow season, until there is five full seasons of snow emergencies. Disclaimer: At this point we only have the tag data enclosed for day 2 and day 3 the snow emergencies. Day 1 tag data is collected manually and is not available at this time electronically.",eng,Tip: Check “Visit Source” link for download options.,MapIT Minneapolis,Open Data Minneapolis,,Web services,,,PublicWorks|Minneapolis|SnowEmergency|Tags|2020,2020,2021-12-11,2020-2020,Minnesota--Minneapolis|Minnesota,"-93.329,44.890,-93.194,45.051","ENVELOPE(-93.329,-93.194,45.051,44.890)",Public,https://creativecommons.org/publicdomain/zero/1.0,ArcGIS FeatureLayer,ba5cc745-21c5-4ae9-954b-72dd8db6815a,05c-01,2026-10-08,published,https://hub.arcgis.com/datasets/3e3b2a788b8b459eb6521cb1102af008_0,,ArcGIS Hub,DCAT API,https://opendata.minneapolismn.gov/api/feed/dcat-us/1.1.json,,,
f146a8db343044a68dc1dfbff06f5605_0,05c-01,Minneapolis Park Commissioner Districts [Minnesota--Minneapolis],Minneapolis Park Commissioner Districts,,eng,Tip: Check “Visit Source” link for download options.,MapIT Minneapolis,Open Data Minneapolis,,Web services,,Boundaries,Minneapolis|Boundary|Parks|Commissioner|MPRB|opendata,Last Modified: 2021-08-11,2021-08-11,2021-2021,Minnesota--Minneapolis|Minnesota,"-93.329,44.891,-93.193,45.051","ENVELOPE(-93.329,-93.193,45.051,44.891)",Public,https://creativecommons.org/publicdomain/zero/1.0,ArcGIS FeatureLayer,ba5cc745-21c5-4ae9-954b-72dd8db6815a,05c-01,2026-10-08,published,https://hub.arcgis.com/datasets/f146a8db343044a68dc1dfbff06f5605_0,,ArcGIS Hub,DCAT API,https://opendata.minneapolismn.gov/api/feed/dcat-us/1.1.json,,,
f3277b5838814277afa3275671e632e5_0,05c-01,Motorized Foot Scooter Trips 2020 [Minnesota--Minneapolis],Motorized Foot Scooter Trips 2020,"This dataset includes all scooter trips for July - December within the City of Minneapolis for the pilot program in 2020. We have removed data when trips were over 7 hours and less than 0 miles or greater than 24 miles. Field Descriptions TripID: a unique identifier for each trip created by the City of Minneapolis TripDuration: trip time in seconds TripDistance: trip distance in meters StartTime: time the trip started, rounded to the nearest half hour EndTime: time the trip ended, rounded to the nearest half hour StartCenterlineID: the street centerline GBSID or trail centerline Feature Unique ID the trip started on. Refer to the Street Centerline dataset here: https://opendata.minneapolismn.gov/datasets/mpls-centerline , and the trail centerline dataset here: https://gisdata.mn.gov/dataset/us-mn-state-metrogis-trans-metro-colabtiv-trails-bike StartCenterlineType: The type of centerline the trip started on, either street or trail. EndCenterlineID: the street centerline GBSID or trail centerline Feature Unique ID the trip ended on. Refer to the Street Centerline dataset here: https://opendata.minneapolismn.gov/datasets/mpls-centerline , and the trail centerline dataset here: https://gisdata.mn.gov/dataset/us-mn-state-metrogis-trans-metro-colabtiv-trails-bike EndCenterlineType: The type of centerline the trip ended on, either street or trail.",eng,Tip: Check “Visit Source” link for download options.,MapIT Minneapolis,Open Data Minneapolis,,Web services,,,Minneapolis|OpenData|Scooter|Mobility,2020,2021-04-08,2020-2020,Minnesota--Minneapolis|Minnesota,"-93.329,44.890,-93.194,45.051","ENVELOPE(-93.329,-93.194,45.051,44.890)",Public,https://creativecommons.org/publicdomain/zero/1.0,ArcGIS FeatureLayer,ba5cc745-21c5-4ae9-954b-72dd8db6815a,05c-01,2026-10-08,published,https://hub.arcgis.com/datasets/f3277b5838814277afa3275671e632e5_0,,ArcGIS Hub,DCAT API,https://opendata.minneapolismn.gov/api/feed/dcat-us/1.1.json,,,
aa1fab947a8248368284d786c1f69fd5_0,05c-01,Scooter Availability 2020 [Minnesota--Minneapolis],Scooter Availability 2020,"This dataset includes scooter availability checkpoints within the City of Minneapolis for the pilot program from July to December 2020. Availability data is polled using GBFS feeds every four hours for a snapshot of where scooters were located within the City. In 2020, availability data was not polled until August 12. Field Descriptions PollTime: The time the API was polled for a snapshot of available scooters. CompanyName: The name of the company polled. NumberAvailable: The number of scooters available on the street or trail centerline ID at the time the API was polled. ClosestCenterlineID: the closest street centerline GBSID or trail centerline Feature Unique ID. Refer to the Street Centerline dataset here: https://opendata.minneapolismn.gov/datasets/mpls-centerline , and the trail centerline dataset here: https://gisdata.mn.gov/dataset/us-mn-state-metrogis-trans-metro-colabtiv-trails-bike ClosestCenterlineType: The type of centerline, either street or trail. Neighborhood: The neighborhood the centerline segment is located in.",eng,Tip: Check “Visit Source” link for download options.,MapIT Minneapolis,Open Data Minneapolis,,Web services,,,Minneapolis|OpenData|Scooter|Mobility,2020,2021-04-08,2020-2020,Minnesota--Minneapolis|Minnesota,"-93.329,44.890,-93.194,45.051","ENVELOPE(-93.329,-93.194,45.051,44.890)",Public,https://creativecommons.org/publicdomain/zero/1.0,ArcGIS FeatureLayer,ba5cc745-21c5-4ae9-954b-72dd8db6815a,05c-01,2026-10-08,published,https://hub.arcgis.com/datasets/aa1fab947a8248368284d786c1f69fd5_0,,ArcGIS Hub,DCAT API,https://opendata.minneapolismn.gov/api/feed/dcat-us/1.1.json,,,
47af2f88d31f45ccaaf945dbcc8f9665_0,05c-01,Scooter Availability 2019 [Minnesota--Minneapolis],Scooter Availability 2019,"This dataset includes scooter availability checkpoints within the City of Minneapolis for the pilot program that began in March 2019. Availability data is polled using GBFS feeds every four hours for a snapshot of where scooters were located within the City. Snapshots taken between 7-4-19 and 7-22-19 may be inaccurate due to API configuration changes and increases in the number of scooters allowed. Data is updated weekly for the previous week. Field Descriptions PollTime: The time the API was polled for a snapshot of available scooters. CompanyName: The name of the company polled. NumberAvailable: The number of scooters available on the street or trail centerline ID at the time the API was polled. ClosestCenterlineID: the closest street centerline GBSID or trail centerline Feature Unique ID. Refer to the Street Centerline dataset here: http://opendata.minneapolismn.gov/datasets/mpls-centerline, and the trail centerline dataset here: https://gisdata.mn.gov/dataset/us-mn-state-metrogis-trans-metro-colabtiv-trails-bike ClosestCenterlineType: The type of centerline, either street or trail. Neighborhood: The neighborhood the centerline segment is located in.",eng,Tip: Check “Visit Source” link for download options.,MapIT Minneapolis,Open Data Minneapolis,,Web services,,,Minneapolis|OpenData|Mobility|Scooter,2019,2019-10-11,2019-2019,Minnesota--Minneapolis|Minnesota,"-93.329,44.890,-93.194,45.051","ENVELOPE(-93.329,-93.194,45.051,44.890)",Public,https://creativecommons.org/publicdomain/zero/1.0,ArcGIS FeatureLayer,ba5cc745-21c5-4ae9-954b-72dd8db6815a,05c-01,2026-10-08,published,https://hub.arcgis.com/datasets/47af2f88d31f45ccaaf945dbcc8f9665_0,,ArcGIS Hub,DCAT API,https://opendata.minneapolismn.gov/api/feed/dcat-us/1.1.json,,,
94797abf060d41299274a8b379612dfd_0,05c-01,Motorized Foot Scooter Trips November 2019 [Minnesota--Minneapolis],Motorized Foot Scooter Trips November 2019,"This data set includes all scooter trips for the month of November, within the City of Minneapolis for the pilot program that began in March 2019. We have removed data when trips were over 7 hours and less than 0 miles or greater than 24 miles. Field Descriptions TripID: a unique identifier for each trip created by the City of Minneapolis TripDuration: trip time in seconds TripDistance: trip distance in meters StartTime: time the trip started, rounded to the nearest half hour EndTime: time the trip ended, rounded to the nearest half hour StartCenterlineID: the street centerline GBSID or trail centerline Feature Unique ID the trip started on. Refer to the Street Centerline dataset here: http://opendata.minneapolismn.gov/datasets/mpls-centerline , and the trail centerline dataset here: https://gisdata.mn.gov/dataset/us-mn-state-metrogis-trans-metro-colabtiv-trails-bike StartCenterlineType: The type of centerline the trip started on, either street or trail. EndCenterlineID: the street centerline GBSID or trail centerline Feature Unique ID the trip ended on. Refer to the Street Centerline dataset here: http://opendata.minneapolismn.gov/datasets/mpls-centerline , and the trail centerline dataset here: https://gisdata.mn.gov/dataset/us-mn-state-metrogis-trans-metro-colabtiv-trails-bike EndCenterlineType: The type of centerline the trip ended on, either street or trail.",eng,Tip: Check “Visit Source” link for download options.,MapIT Minneapolis,Open Data Minneapolis,,Web services,,,Minneapolis|PublicWorks|opendata,2019,2020-11-09,2019-2019,Minnesota--Minneapolis|Minnesota,"-93.329,44.890,-93.194,45.051","ENVELOPE(-93.329,-93.194,45.051,44.890)",Public,https://creativecommons.org/publicdomain/zero/1.0,ArcGIS FeatureLayer,ba5cc745-21c5-4ae9-954b-72dd8db6815a,05c-01,2026-10-08,published,https://hub.arcgis.com/datasets/94797abf060d41299274a8b379612dfd_0,,ArcGIS Hub,DCAT API,https://opendata.minneapolismn.gov/api/feed/dcat-us/1.1.json,,,
d3c37bd37e8f4e7a92b844710045629d_0,05c-01,Public 311 2020 [Minnesota--Minneapolis],Public 311 2020,"For questions about this data please contact 311OpenData@minneapolismn.gov The data provided are public-facing service requests that were taken by 311 contact center agents, or through online and mobile applications, and entered the Lagan CRM system during 2020. The two main identifiers of data, with which users of the open data should converse with 311, are the Case ID and the Type Name field. Type name is the common used title for a service request among city staff, 311, and the community at large. Attribute Descriptions Case ID - Gives a unique identifying number associated with each case. Subject - This is the top level hierarchy definition of a service request. It is most closely associated with a department designation. Enquiry Type ID - An additional identification number . Reason - This is the 2nd level classification of a service request and reflects a program name or a division assigned to perform the service request. Type - This is the 3rd level classification describing what the service request specifically is for. It is the most common designation description used in the city. Title - Similar to the Type column, this describes more details about the incident. Open Date Time - This is the date and time stamp when the department, program, or division assigned to complete the task in a service request starts working that service request. Case Status - If case status = ""0"", it means the case is closed. If case status = ""1"", the case is still considered open. All cases with a case status of ""1"" should not have a closed date. Closed Date Time - The date a resolving department, division or program completed the service request. XCoord & YCoord - This is the coordinate the city provides of where the service request occurred in the WGS 84 web Mercator auxilliary sphere coordinate system. Service Request Definition List Abandoned Vehicle - a vehicle parked in a public right of way (street) that appears to have been left by its owner in excess of 72 consecutive hours or lacking vital component parts (City Ordinance 478.250). Abandoned Vehicle - Open311 - vehicle reported abandoned via the Minneapolis Mobile Application. Abandoned/Illegally Parked Bicycle - This is a report of an abandoned (or missing parts) bike by owner or someone else Air Pollution Complaint - air contaminants, fumes, or other offensive odors that occur outdoors and impacts the environment. Animal Complaint - Livability - nuisance conditions such as barking dog, stray pets Animal Complaint - Public Healt h - abandoned, mistreated or uncared for animal, excessive feces in yard causing health risks. Barricade Pickup/Placement - request for City staff to deploy or remove barricades from city street and or sidewalks. Bicycle Lane Issue - complaint for users of bike paths to report off-street bike path trail issues such as pavement, lighting, fencing, signs, debris, overgrown vegetation, etc. phones or other nuisance conditions on city bicycle paths. Bridge Complaint - structural issue that needs attention Chemical Spill - chemical contaminant spilled in any non-authorized location in the city. Commercial Food Safety/Sanitation Complaint - unclean or unhealthy conditions suspected at an eating establishment Debris in the Street or Alley - branches, appliances, or general objects that are blocking an alleyway or street. Debris Alley/Street - Open 311 - Debris in street or alley reported via the Minneapolis Mobile Application. Emergency Pollution Complaint same as land, air, water but emergency requiring contact with 911 Exterior Nuisance Complaint - nuisance conditions located on the exterior of a building, such as long grass, debris or trash, or long weeds. Exterior Nuisance - Self Service - nuisance conditions reportable on the 311 online applications on the website Fence or Guardrail Maintenance - report about a fence or guardrail along a city street that may be in disrepair Fire Hydrant Snow Issue - snow is impeding the normal operation of a fire hydrant….needs to be shoveled out. General Street Complaint - non-specific problem with a street that does not fit in any other type of street complaint Graffiti complaint/reporting - tagger or gang graffiti on properties, public signs, or any surface Graffiti - Open 311 - graffiti complaint made via Minneapolis Mobile Application Hydrant Issue - hydrant out of service, leaking water, damaged, etc Illegal Dumping Complaint - report of waste being disposed at a location other than where it was generated and there is proof of the dumping Land Pollution Complaint - contaminant suspected in land that may require environmental remediation to restore Licensing Complaint - complaints or concerns about a business either licensed by Minneapolis, or operating without a license. Newspaper Box Complaint - newspaper boxes for community newspapers, shoppers, or even major dailies in a state of disrepair, or not used, or obstructing the public right of way. Noise Pollution Complaint - excessive noise that disrupts peace and tranquility of neighborhoods. Parking Meter Citation Issue report that a defective meter/pay station may have cause the vehicle owner to get a ticket Parking Meter Problem - parking meter in need of attention or maintenance…possibly malfunctioning Parking Meter - Open311 - parking meter problem reported via Minneapolis Mobile Application. Parking Ramp/Lot Issue - problem with ramp such as lights out affecting safety, mechanical problems with equipment, cluttered or unsafe stairwells. Parking Violation Complaint - someone parked in a no parking zone, fire lane, etc. Parking Violation - Open311 - parking violation made via Minneapolis Mobile Application Permitted Work - report of concerns about construction work being done on private property after a permit has been obtained Pothole - report of pavement depression/defect Pothole - Open311 - pothole reported via Minneapolis Mobile Application Residential Conditions Complaint - a structural problem with a residential property with 1-3 dwelling units, such as stairwell needing repair, or a chimney in disrepair, or a broken window. Residential Conditions Complaint HOD (High Occupancy Dwelling) - a conditions complaint for properties with 4 or more residential dwelling units, or a mixed commercial and residential building, or a commercial building complaint. Residential Conditions Complaint Tenant - a complaint in which the tenant of a 1-3 unit residential dwelling unit is adversely affected by a condition in a property, such as nuisance conditions like pests, or heat issues, or malfunctioning equipment. Residential Conditions Complaint HOD Tenant - this is a tenant complaint in a residential building with 4 or more units, a mixed commercial and residential building, or a commercial building complaint. Residential Disability Zone - a vehicle parked in a zone reserved for disabled citizens illegally, or periodically can be reported here. Sand Barrell - request to have a sand barrel placed at a location in the City of Minneapolis Sewer Issues - report of sewer issues such as missing grate, odor, plugged basin, manhole cover issue, sewer backup, etc. Sidewalk Obstruction Complaint - an object or overhanging bush or tree that prevents public right of way on the sidewalk Sidewalk Snow & Ice Complaint - sidewalk that has not been maintained after a snow event or in a melt refreeze cycle. Sidewalk Snow and Ice - SS - sidewalk snow and ice complaint that is reported on the 311 website. Sidewalk Snow & Ice - Open311 - sidewalk snow & ice report via Minneapolis Mobile Application Sidewalk Structural Complaint - a sidewalk that is uneven, or fractured can be reported on this service request. Sidewalk Structural - Open311 - a sidewalk structural complaint made via Minneapolis Mobile Application Sign Complaint - a sign that is not permitted in the city, like a bandit sign for real estate purchasing companies, or other unwanted signs. Snow - Illegal Dumping - complaint about snow being shoveled and dumped back into the street or public right of way. Snow & Ice Complaint - this is a snow and ice complaint in a city street or alley Special Sweep - customer can request a street sweep of their street due to dirt or loose debris in the street Speed Wagon - a request for a speed indicator to be deployed on a city right of way (street) to indicate vehicle speeds Sports Equipment in Street - items that create obstructions for right of way in streets like portable basketball hoops. Street Light - New - a request for the city to deploy a new street light in a given city street/alley Street Light Trouble - street lights no longer working that need to be replaced Street Light Trouble - Open311 - street light issues reported via Minneapolis Mobile Application Streets Snow & Ice - Open311 - snow and ice complaint via Minneapolis Mobile Application Traffic Sign - New - request for a new traffic sign at an intersection, or somewhere in or near the public right of way Traffic Sign - Removal - request for an existing traffic sign to be removed Traffic Sign - Repair - request for a sign in some level of reported disrepair to be repaired or restored to fully functional condition Traffic Sign Repair - Open311 - sign repair requested via Minneapolis Mobile Application Traffic Signal - New/Modification - a request for a new traffic light at an intersection Traffic Signal Timing Issue - a problem with a light that causes delays or spillover traffic in other intersections due to poorly or disproportionate time given to one right of way over another. Traffic Signal Trouble - signal has lights out or is malfunctioning in some way Traffic Signal Trouble - Open311 - traffic signal trouble reported via Minneapolis Mobile Application Trees Down - report about a tree or tree branch that is obstruction the public right of way Unpermitted Work - report that indicates concern that a citizen or contractor is performing work on properties that requires a city of Minneapolis permit Urgent Pollution Complaint - land, air, water pollution complaints that need immediate attention Water Main Break - Report about water leaking or gushing from a main water pipe Water Pollution Complaint - can report concerns about suspected water pollution Water Quality Issues - reports about water having color, or fishy taste, or some other concern about the quality of water. Water Service Issue - report about frozen water pipes, leaks, low pressure, no water, etc. Zoning Ordinance Complaint - complaints about zoning regulations",eng,Tip: Check “Visit Source” link for download options.,MapIT Minneapolis,Open Data Minneapolis,,Web services,,,311|Minneapolis|OpenData,2020,2021-01-22,2020-2020,Minnesota--Minneapolis|Minnesota,"-93.354,0.000,14.883,5.080","ENVELOPE(-93.354,14.883,5.080,0.000)",Public,https://creativecommons.org/publicdomain/zero/1.0,ArcGIS FeatureLayer,ba5cc745-21c5-4ae9-954b-72dd8db6815a,05c-01,2026-10-08,published,https://hub.arcgis.com/datasets/d3c37bd37e8f4e7a92b844710045629d_0,,ArcGIS Hub,DCAT API,https://opendata.minneapolismn.gov/api/feed/dcat-us/1.1.json,,,
317bf35dd9b24a49a092c00c83a81fff_0,05c-01,Fires Reported 2020 [Minnesota--Minneapolis],Fires Reported 2020,"The data set is refreshed on a daily basis by 10:45 PM. The website will reflect the last time the data set was updated and the total count of rows. The grid on the ""Data"" tab will display the up to date data. However, in certain situations there is a delay in the refresh of the downloadable data file. Sometimes the downloadable file does not reflect the updates to the data in the portal. After a delay (duration has been variable; up to 30 minutes), the file will be updated on the server and then downloads will include the updated data.",eng,Tip: Check “Visit Source” link for download options.,MapIT Minneapolis,Open Data Minneapolis,,Web services,,,PublicSafety|Minneapolis|OpenData,2020,2021-01-22,2020-2020,Minnesota--Minneapolis|Minnesota,"-93.405,44.881,-93.097,45.055","ENVELOPE(-93.405,-93.097,45.055,44.881)",Public,https://creativecommons.org/publicdomain/zero/1.0,ArcGIS FeatureLayer,ba5cc745-21c5-4ae9-954b-72dd8db6815a,05c-01,2026-10-08,published,https://hub.arcgis.com/datasets/317bf35dd9b24a49a092c00c83a81fff_0,,ArcGIS Hub,DCAT API,https://opendata.minneapolismn.gov/api/feed/dcat-us/1.1.json,,,
4fb8522d16164670b43a3434b73b9fbf_0,05c-01,Fires Confirmed 2020 [Minnesota--Minneapolis],Fires Confirmed 2020,"The data set is refreshed on a daily basis by 10:45 PM. The website will reflect the last time the data set was updated and the total count of rows. The grid on the ""Data"" tab will display the up to date data. However, in certain situations there is a delay in the refresh of the downloadable data file. Sometimes the downloadable file does not reflect the updates to the data in the portal. After a delay (duration has been variable; up to 30 minutes), the file will be updated on the server and then downloads will include the updated data.",eng,Tip: Check “Visit Source” link for download options.,MapIT Minneapolis,Open Data Minneapolis,,Web services,,,PublicSafety|Minneapolis|OpenData,2020,2021-01-22,2020-2020,Minnesota--Minneapolis|Minnesota,"-93.329,0.000,0.000,45.055","ENVELOPE(-93.329,0.000,45.055,0.000)",Public,https://creativecommons.org/publicdomain/zero/1.0,ArcGIS FeatureLayer,ba5cc745-21c5-4ae9-954b-72dd8db6815a,05c-01,2026-10-08,published,https://hub.arcgis.com/datasets/4fb8522d16164670b43a3434b73b9fbf_0,,ArcGIS Hub,DCAT API,https://opendata.minneapolismn.gov/api/feed/dcat-us/1.1.json,,,
24c5769385b2428cb528a1ff52f24f3a_0,05c-01,Fires Confirmed 2020 YTD [Minnesota--Minneapolis],Fires Confirmed 2020 YTD,"The data set is refreshed on a daily basis by 10:45 PM. The website will reflect the last time the data set was updated and the total count of rows. The grid on the ""Data"" tab will display the up to date data. However, in certain situations there is a delay in the refresh of the downloadable data file. Sometimes the downloadable file does not reflect the updates to the data in the portal. After a delay (duration has been variable; up to 30 minutes), the file will be updated on the server and then downloads will include the updated data.",eng,Tip: Check “Visit Source” link for download options.,MapIT Minneapolis,Open Data Minneapolis,,Web services,,,PublicSafety|Minneapolis|OpenData,2020,2020-05-12,2020-2020,Minnesota--Minneapolis|Minnesota,"-93.329,0.000,0.000,45.055","ENVELOPE(-93.329,0.000,45.055,0.000)",Public,https://creativecommons.org/publicdomain/zero/1.0,ArcGIS FeatureLayer,ba5cc745-21c5-4ae9-954b-72dd8db6815a,05c-01,2026-10-08,published,https://hub.arcgis.com/datasets/24c5769385b2428cb528a1ff52f24f3a_0,,ArcGIS Hub,DCAT API,https://opendata.minneapolismn.gov/api/feed/dcat-us/1.1.json,,,
306001981e1f40b988fba7edd23eb4ff_0,05c-01,Assessors Parcel Data 2017 [Minnesota--Minneapolis],Assessors Parcel Data 2017,"Field Definitions PIN 13 digit tax ID for parcel ANUMBER Address number ANUMBERSUF Address number suffix ST_PRE_DIR Street direction that comes before street name ST_NAME Street name ST_TYPE Type of street (Ave, St, Ln etc.) ST_POST_DIR Street direction that comes after the street name AUNIT Unit number of address ZIPCODE Postal code FORMATTED_ADDRESS Full mailing address OWNERNAME Name of property owner TAXPAYER1 Taxpayer name TAXPAYER2 Taxpayer name and address TAXPAYER3 Taxpayer name and address continued TAXPAYER4 Taxpayer name and address continued ASSESSMENT_YEAR Year for which the property value is assessed TAX_YEAR Year for which the property taxes are due PLAT Plat number PROPERTY_TYPE Type of property MAIN_PT Property type on primary use of parcel SUB_PT1 Property type of secondary use of parcel SUB_PT2 Property type of tertiary use of parcel SUB_PT3 Property type of quaternary use of parcel MULTIPLE_USES Indicates whether parcel has multiple uses or not TAX_EXEMPT Indicates whether parcel is tax exempt EXEMPTCD1 Exempt code for first tax exempt portion EXEMPTCD2 Exempt code for second tax exempt portion EXEMPTCD3 Exempt code for third tax exempt portion EXEMPTCD4 Exempt code for fourth tax exempt portion PARCEL_AREA_SQFT Land area of parcel in square feet X X coordinate of parcel centroid (uses NAD 83 HARN Hennepin County coordinate system) Y Y coordinate of parcel centroid (uses NAD 83 HARN Hennepin County coordinate system) NEIGHBORHOOD Name of neighborhood the property is in COMMUNITY Name of community the property is in WARD Name of ward the property is in ZONING Name of zoning district the property is in LANDUSE Property's land use designation LANDVALUE Property's assessed land value as of January 2 of its assessment year BUILDINGVALUE Property's assessed building value as of January 2 of its assessment year TOTALVALUE Property's total assessed value as of January 2 of its assessment year EXEMPTSTATUS Indicates the status of property (if exempt) HOMESTEAD Indicates whether property is homesteaded BLDG_ID Unique identifier for buildings BUILDINGUSE Use classification of building YEARBUILT Year that the building was constructed BELOWGROUNDAREA Total square footage below grade ABOVEGROUNDAREA Total square footage above grade NUM_STORIES Number of stories in building GARAGE_PRESENT Indicates whether property has a garage PRIMARYHEATING Primary type of heating in building CONSTRUCTIONTYPE Style of construction EXTERIORTYPE Exterior finish of building ROOF Style of roof TOTAL_UNITS Total number of units FIREPLACES Number of fireplaces BATHROOMS Number of bathrooms BEDROOMS Number of bedrooms",eng,Tip: Check “Visit Source” link for download options.,MapIT Minneapolis,Open Data Minneapolis,,Web services,,,Minneapolis|OpenData|assessor,2017,2020-05-01,2017-2017,Minnesota--Minneapolis|Minnesota,"-93.329,44.890,-93.194,45.051","ENVELOPE(-93.329,-93.194,45.051,44.890)",Public,https://creativecommons.org/publicdomain/zero/1.0,ArcGIS FeatureLayer,ba5cc745-21c5-4ae9-954b-72dd8db6815a,05c-01,2026-10-08,published,https://hub.arcgis.com/datasets/306001981e1f40b988fba7edd23eb4ff_0,,ArcGIS Hub,DCAT API,https://opendata.minneapolismn.gov/api/feed/dcat-us/1.1.json,,,
b3c5e088edfa405da26454fd4dbfd9b6_0,05c-01,Assessors Parcel Data 2018 [Minnesota--Minneapolis],Assessors Parcel Data 2018,"Field Definitions PIN 13 digit tax ID for parcel ANUMBER Address number ANUMBERSUF Address number suffix ST_PRE_DIR Street direction that comes before street name ST_NAME Street name ST_TYPE Type of street (Ave, St, Ln etc.) ST_POST_DIR Street direction that comes after the street name AUNIT Unit number of address ZIPCODE Postal code FORMATTED_ADDRESS Full mailing address OWNERNAME Name of property owner TAXPAYER1 Taxpayer name TAXPAYER2 Taxpayer name and address TAXPAYER3 Taxpayer name and address continued TAXPAYER4 Taxpayer name and address continued ASSESSMENT_YEAR Year for which the property value is assessed TAX_YEAR Year for which the property taxes are due PLAT Plat number PROPERTY_TYPE Type of property MAIN_PT Property type on primary use of parcel SUB_PT1 Property type of secondary use of parcel SUB_PT2 Property type of tertiary use of parcel SUB_PT3 Property type of quaternary use of parcel MULTIPLE_USES Indicates whether parcel has multiple uses or not TAX_EXEMPT Indicates whether parcel is tax exempt EXEMPTCD1 Exempt code for first tax exempt portion EXEMPTCD2 Exempt code for second tax exempt portion EXEMPTCD3 Exempt code for third tax exempt portion EXEMPTCD4 Exempt code for fourth tax exempt portion PARCEL_AREA_SQFT Land area of parcel in square feet X X coordinate of parcel centroid (uses NAD 83 HARN Hennepin County coordinate system) Y Y coordinate of parcel centroid (uses NAD 83 HARN Hennepin County coordinate system) NEIGHBORHOOD Name of neighborhood the property is in COMMUNITY Name of community the property is in WARD Name of ward the property is in ZONING Name of zoning district the property is in LANDUSE Property's land use designation LANDVALUE Property's assessed land value as of January 2 of its assessment year BUILDINGVALUE Property's assessed building value as of January 2 of its assessment year TOTALVALUE Property's total assessed value as of January 2 of its assessment year EXEMPTSTATUS Indicates the status of property (if exempt) HOMESTEAD Indicates whether property is homesteaded BLDG_ID Unique identifier for buildings BUILDINGUSE Use classification of building YEARBUILT Year that the building was constructed BELOWGROUNDAREA Total square footage below grade ABOVEGROUNDAREA Total square footage above grade NUM_STORIES Number of stories in building GARAGE_PRESENT Indicates whether property has a garage PRIMARYHEATING Primary type of heating in building CONSTRUCTIONTYPE Style of construction EXTERIORTYPE Exterior finish of building ROOF Style of roof TOTAL_UNITS Total number of units FIREPLACES Number of fireplaces BATHROOMS Number of bathrooms BEDROOMS Number of bedrooms",eng,Tip: Check “Visit Source” link for download options.,MapIT Minneapolis,Open Data Minneapolis,,Web services,,,Minneapolis|OpenData|assessor,2018,2020-05-01,2018-2018,Minnesota--Minneapolis|Minnesota,"-93.329,44.890,-93.194,45.051","ENVELOPE(-93.329,-93.194,45.051,44.890)",Public,https://creativecommons.org/publicdomain/zero/1.0,ArcGIS FeatureLayer,ba5cc745-21c5-4ae9-954b-72dd8db6815a,05c-01,2026-10-08,published,https://hub.arcgis.com/datasets/b3c5e088edfa405da26454fd4dbfd9b6_0,,ArcGIS Hub,DCAT API,https://opendata.minneapolismn.gov/api/feed/dcat-us/1.1.json,,,
fca691f7fcbe4df2945972b9531c0a33_0,05c-01,Assessors Parcel Data 2019 [Minnesota--Minneapolis],Assessors Parcel Data 2019,"Field Definitions PIN 13 digit tax ID for parcel ANUMBER Address number ANUMBERSUF Address number suffix ST_PRE_DIR Street direction that comes before street name ST_NAME Street name ST_TYPE Type of street (Ave, St, Ln etc.) ST_POST_DIR Street direction that comes after the street name AUNIT Unit number of address ZIPCODE Postal code FORMATTED_ADDRESS Full mailing address OWNERNAME Name of property owner TAXPAYER1 Taxpayer name TAXPAYER2 Taxpayer name and address TAXPAYER3 Taxpayer name and address continued TAXPAYER4 Taxpayer name and address continued ASSESSMENT_YEAR Year for which the property value is assessed TAX_YEAR Year for which the property taxes are due PLAT Plat number PROPERTY_TYPE Type of property MAIN_PT Property type on primary use of parcel SUB_PT1 Property type of secondary use of parcel SUB_PT2 Property type of tertiary use of parcel SUB_PT3 Property type of quaternary use of parcel MULTIPLE_USES Indicates whether parcel has multiple uses or not TAX_EXEMPT Indicates whether parcel is tax exempt EXEMPTCD1 Exempt code for first tax exempt portion EXEMPTCD2 Exempt code for second tax exempt portion EXEMPTCD3 Exempt code for third tax exempt portion EXEMPTCD4 Exempt code for fourth tax exempt portion PARCEL_AREA_SQFT Land area of parcel in square feet X X coordinate of parcel centroid (uses NAD 83 HARN Hennepin County coordinate system) Y Y coordinate of parcel centroid (uses NAD 83 HARN Hennepin County coordinate system) NEIGHBORHOOD Name of neighborhood the property is in COMMUNITY Name of community the property is in WARD Name of ward the property is in ZONING Name of zoning district the property is in LANDUSE Property's land use designation LANDVALUE Property's assessed land value as of January 2 of its assessment year BUILDINGVALUE Property's assessed building value as of January 2 of its assessment year TOTALVALUE Property's total assessed value as of January 2 of its assessment year EXEMPTSTATUS Indicates the status of property (if exempt) HOMESTEAD Indicates whether property is homesteaded BLDG_ID Unique identifier for buildings BUILDINGUSE Use classification of building YEARBUILT Year that the building was constructed BELOWGROUNDAREA Total square footage below grade ABOVEGROUNDAREA Total square footage above grade NUM_STORIES Number of stories in building GARAGE_PRESENT Indicates whether property has a garage PRIMARYHEATING Primary type of heating in building CONSTRUCTIONTYPE Style of construction EXTERIORTYPE Exterior finish of building ROOF Style of roof TOTAL_UNITS Total number of units FIREPLACES Number of fireplaces BATHROOMS Number of bathrooms BEDROOMS Number of bedrooms",eng,Tip: Check “Visit Source” link for download options.,MapIT Minneapolis,Open Data Minneapolis,,Web services,,,Minneapolis|OpenData|assessor,2019,2020-04-30,2019-2019,Minnesota--Minneapolis|Minnesota,"-93.329,44.890,-93.194,45.051","ENVELOPE(-93.329,-93.194,45.051,44.890)",Public,https://creativecommons.org/publicdomain/zero/1.0,ArcGIS FeatureLayer,ba5cc745-21c5-4ae9-954b-72dd8db6815a,05c-01,2026-10-08,published,https://hub.arcgis.com/datasets/fca691f7fcbe4df2945972b9531c0a33_0,,ArcGIS Hub,DCAT API,https://opendata.minneapolismn.gov/api/feed/dcat-us/1.1.json,,,
c1a69db25f164ed1a05786ff57936aee_0,05c-01,Motorized Foot Scooter Trips October 2019 [Minnesota--Minneapolis],Motorized Foot Scooter Trips October 2019,"This data set includes all scooter trips for the month of October, within the City of Minneapolis for the pilot program that began in March 2019. We have removed data when trips were over 7 hours and less than 0 miles or greater than 24 miles. Field Descriptions TripID: a unique identifier for each trip created by the City of Minneapolis TripDuration: trip time in seconds TripDistance: trip distance in meters StartTime: time the trip started, rounded to the nearest half hour EndTime: time the trip ended, rounded to the nearest half hour StartCenterlineID: the street centerline GBSID or trail centerline Feature Unique ID the trip started on. Refer to the Street Centerline dataset here: http://opendata.minneapolismn.gov/datasets/mpls-centerline , and the trail centerline dataset here: https://gisdata.mn.gov/dataset/us-mn-state-metrogis-trans-metro-colabtiv-trails-bike StartCenterlineType: The type of centerline the trip started on, either street or trail. EndCenterlineID: the street centerline GBSID or trail centerline Feature Unique ID the trip ended on. Refer to the Street Centerline dataset here: http://opendata.minneapolismn.gov/datasets/mpls-centerline , and the trail centerline dataset here: https://gisdata.mn.gov/dataset/us-mn-state-metrogis-trans-metro-colabtiv-trails-bike EndCenterlineType: The type of centerline the trip ended on, either street or trail.",eng,Tip: Check “Visit Source” link for download options.,MapIT Minneapolis,Open Data Minneapolis,,Web services,,,Minneapolis|PublicWorks|opendata,2019,2020-11-09,2019-2019,Minnesota--Minneapolis|Minnesota,"-93.329,44.890,-93.194,45.051","ENVELOPE(-93.329,-93.194,45.051,44.890)",Public,https://creativecommons.org/publicdomain/zero/1.0,ArcGIS FeatureLayer,ba5cc745-21c5-4ae9-954b-72dd8db6815a,05c-01,2026-10-08,published,https://hub.arcgis.com/datasets/c1a69db25f164ed1a05786ff57936aee_0,,ArcGIS Hub,DCAT API,https://opendata.minneapolismn.gov/api/feed/dcat-us/1.1.json,,,
1eebb18148cf4f48a9a1669057eaa480_0,05c-01,Motorized Foot Scooter Trips September 2019 [Minnesota--Minneapolis],Motorized Foot Scooter Trips September 2019,"This data set includes all scooter trips for the month of September, within the City of Minneapolis for the pilot program that began in March 2019. We have removed data when trips were over 7 hours and less than 0 miles or greater than 24 miles. Field Descriptions TripID: a unique identifier for each trip created by the City of Minneapolis TripDuration: trip time in seconds TripDistance: trip distance in meters StartTime: time the trip started, rounded to the nearest half hour EndTime: time the trip ended, rounded to the nearest half hour StartCenterlineID: the street centerline GBSID or trail centerline Feature Unique ID the trip started on. Refer to the Street Centerline dataset here: http://opendata.minneapolismn.gov/datasets/mpls-centerline , and the trail centerline dataset here: https://gisdata.mn.gov/dataset/us-mn-state-metrogis-trans-metro-colabtiv-trails-bike StartCenterlineType: The type of centerline the trip started on, either street or trail. EndCenterlineID: the street centerline GBSID or trail centerline Feature Unique ID the trip ended on. Refer to the Street Centerline dataset here: http://opendata.minneapolismn.gov/datasets/mpls-centerline , and the trail centerline dataset here: https://gisdata.mn.gov/dataset/us-mn-state-metrogis-trans-metro-colabtiv-trails-bike EndCenterlineType: The type of centerline the trip ended on, either street or trail",eng,Tip: Check “Visit Source” link for download options.,MapIT Minneapolis,Open Data Minneapolis,,Web services,,,Minneapolis|PublicWorks|opendata,2019,2020-11-09,2019-2019,Minnesota--Minneapolis|Minnesota,"-93.329,44.890,-93.194,45.051","ENVELOPE(-93.329,-93.194,45.051,44.890)",Public,https://creativecommons.org/publicdomain/zero/1.0,ArcGIS FeatureLayer,ba5cc745-21c5-4ae9-954b-72dd8db6815a,05c-01,2026-10-08,published,https://hub.arcgis.com/datasets/1eebb18148cf4f48a9a1669057eaa480_0,,ArcGIS Hub,DCAT API,https://opendata.minneapolismn.gov/api/feed/dcat-us/1.1.json,,,
f803b3e2d78c45ec96d2aaa7a2e164cc_0,05c-01,Motorized Foot Scooter Trips August 2019 [Minnesota--Minneapolis],Motorized Foot Scooter Trips August 2019,"This data set includes all scooter trips for the month of August, within the City of Minneapolis for the pilot program that began in March 2019. We have removed data when trips were over 7 hours and less than 0 miles or greater than 24 miles. Field Descriptions TripID: a unique identifier for each trip created by the City of Minneapolis TripDuration: trip time in seconds TripDistance: trip distance in meters StartTime: time the trip started, rounded to the nearest half hour EndTime: time the trip ended, rounded to the nearest half hour StartCenterlineID: the street centerline GBSID or trail centerline Feature Unique ID the trip started on. Refer to the Street Centerline dataset here: http://opendata.minneapolismn.gov/datasets/mpls-centerline , and the trail centerline dataset here: https://gisdata.mn.gov/dataset/us-mn-state-metrogis-trans-metro-colabtiv-trails-bike StartCenterlineType: The type of centerline the trip started on, either street or trail. EndCenterlineID: the street centerline GBSID or trail centerline Feature Unique ID the trip ended on. Refer to the Street Centerline dataset here: http://opendata.minneapolismn.gov/datasets/mpls-centerline , and the trail centerline dataset here: https://gisdata.mn.gov/dataset/us-mn-state-metrogis-trans-metro-colabtiv-trails-bike EndCenterlineType: The type of centerline the trip ended on, either street or trail.",eng,Tip: Check “Visit Source” link for download options.,MapIT Minneapolis,Open Data Minneapolis,,Web services,,,Minneapolis|PublicWorks|opendata,2019,2020-11-09,2019-2019,Minnesota--Minneapolis|Minnesota,"-93.329,44.890,-93.194,45.051","ENVELOPE(-93.329,-93.194,45.051,44.890)",Public,https://creativecommons.org/publicdomain/zero/1.0,ArcGIS FeatureLayer,ba5cc745-21c5-4ae9-954b-72dd8db6815a,05c-01,2026-10-08,published,https://hub.arcgis.com/datasets/f803b3e2d78c45ec96d2aaa7a2e164cc_0,,ArcGIS Hub,DCAT API,https://opendata.minneapolismn.gov/api/feed/dcat-us/1.1.json,,,
ad9b4feddc4549caaf8be421375c9b8f_0,05c-01,Motorized Foot Scooter Trips July 2019 [Minnesota--Minneapolis],Motorized Foot Scooter Trips July 2019,"This data set includes all scooter trips for the month of July, within the City of Minneapolis for the pilot program that began in March 2019. We have removed data when trips were over 7 hours and less than 0 miles or greater than 24 miles. Field Descriptions TripID: a unique identifier for each trip created by the City of Minneapolis TripDuration: trip time in seconds TripDistance: trip distance in meters StartTime: time the trip started, rounded to the nearest half hour EndTime: time the trip ended, rounded to the nearest half hour StartCenterlineID: the street centerline GBSID or trail centerline Feature Unique ID the trip started on. Refer to the Street Centerline dataset here: http://opendata.minneapolismn.gov/datasets/mpls-centerline , and the trail centerline dataset here: https://gisdata.mn.gov/dataset/us-mn-state-metrogis-trans-metro-colabtiv-trails-bike StartCenterlineType: The type of centerline the trip started on, either street or trail. EndCenterlineID: the street centerline GBSID or trail centerline Feature Unique ID the trip ended on. Refer to the Street Centerline dataset here: http://opendata.minneapolismn.gov/datasets/mpls-centerline , and the trail centerline dataset here: https://gisdata.mn.gov/dataset/us-mn-state-metrogis-trans-metro-colabtiv-trails-bike EndCenterlineType: The type of centerline the trip ended on, either street or trail.",eng,Tip: Check “Visit Source” link for download options.,MapIT Minneapolis,Open Data Minneapolis,,Web services,,,Minneapolis|PublicWorks|opendata,2019,2020-11-09,2019-2019,Minnesota--Minneapolis|Minnesota,"-93.329,44.890,-93.194,45.051","ENVELOPE(-93.329,-93.194,45.051,44.890)",Public,https://creativecommons.org/publicdomain/zero/1.0,ArcGIS FeatureLayer,ba5cc745-21c5-4ae9-954b-72dd8db6815a,05c-01,2026-10-08,published,https://hub.arcgis.com/datasets/ad9b4feddc4549caaf8be421375c9b8f_0,,ArcGIS Hub,DCAT API,https://opendata.minneapolismn.gov/api/feed/dcat-us/1.1.json,,,
39025968b3ec46a6b81c87fe963abf45_0,05c-01,Motorized Foot Scooter Trips June 2019 [Minnesota--Minneapolis],Motorized Foot Scooter Trips June 2019,"This data set includes all scooter trips for the month of June, within the City of Minneapolis for the pilot program that began in March 2019. We have removed data when trips were over 7 hours and less than 0 miles or greater than 24 miles. Field Descriptions TripID: a unique identifier for each trip created by the City of Minneapolis TripDuration: trip time in seconds TripDistance: trip distance in meters StartTime: time the trip started, rounded to the nearest half hour EndTime: time the trip ended, rounded to the nearest half hour StartCenterlineID: the street centerline GBSID or trail centerline Feature Unique ID the trip started on. Refer to the Street Centerline dataset here: http://opendata.minneapolismn.gov/datasets/mpls-centerline , and the trail centerline dataset here: https://gisdata.mn.gov/dataset/us-mn-state-metrogis-trans-metro-colabtiv-trails-bike StartCenterlineType: The type of centerline the trip started on, either street or trail. EndCenterlineID: the street centerline GBSID or trail centerline Feature Unique ID the trip ended on. Refer to the Street Centerline dataset here: http://opendata.minneapolismn.gov/datasets/mpls-centerline , and the trail centerline dataset here: https://gisdata.mn.gov/dataset/us-mn-state-metrogis-trans-metro-colabtiv-trails-bike EndCenterlineType: The type of centerline the trip ended on, either street or trail.",eng,Tip: Check “Visit Source” link for download options.,MapIT Minneapolis,Open Data Minneapolis,,Web services,,,Minneapolis|PublicWorks|opendata,2019,2020-11-09,2019-2019,Minnesota--Minneapolis|Minnesota,"-93.329,44.890,-93.194,45.051","ENVELOPE(-93.329,-93.194,45.051,44.890)",Public,https://creativecommons.org/publicdomain/zero/1.0,ArcGIS FeatureLayer,ba5cc745-21c5-4ae9-954b-72dd8db6815a,05c-01,2026-10-08,published,https://hub.arcgis.com/datasets/39025968b3ec46a6b81c87fe963abf45_0,,ArcGIS Hub,DCAT API,https://opendata.minneapolismn.gov/api/feed/dcat-us/1.1.json,,,
7fff2f78728d40259c1cdfbe90b5471b_0,05c-01,Motorized Foot Scooter Trips May 2019 [Minnesota--Minneapolis],Motorized Foot Scooter Trips May 2019,"This data set includes all scooter trips for the month of May, within the City of Minneapolis for the pilot program that began in March 2019. We have removed data when trips were over 7 hours and less than 0 miles or greater than 24 miles. Field Descriptions TripID: a unique identifier for each trip created by the City of Minneapolis TripDuration: trip time in seconds TripDistance: trip distance in meters StartTime: time the trip started, rounded to the nearest half hour EndTime: time the trip ended, rounded to the nearest half hour StartCenterlineID: the street centerline GBSID or trail centerline Feature Unique ID the trip started on. Refer to the Street Centerline dataset here: http://opendata.minneapolismn.gov/datasets/mpls-centerline , and the trail centerline dataset here: https://gisdata.mn.gov/dataset/us-mn-state-metrogis-trans-metro-colabtiv-trails-bike StartCenterlineType: The type of centerline the trip started on, either street or trail. EndCenterlineID: the street centerline GBSID or trail centerline Feature Unique ID the trip ended on. Refer to the Street Centerline dataset here: http://opendata.minneapolismn.gov/datasets/mpls-centerline , and the trail centerline dataset here: https://gisdata.mn.gov/dataset/us-mn-state-metrogis-trans-metro-colabtiv-trails-bike EndCenterlineType: The type of centerline the trip ended on, either street or trail.",eng,Tip: Check “Visit Source” link for download options.,MapIT Minneapolis,Open Data Minneapolis,,Web services,,,Minneapolis|PublicWorks|opendata,2019,2020-11-09,2019-2019,Minnesota--Minneapolis|Minnesota,"-93.329,44.890,-93.194,45.051","ENVELOPE(-93.329,-93.194,45.051,44.890)",Public,https://creativecommons.org/publicdomain/zero/1.0,ArcGIS FeatureLayer,ba5cc745-21c5-4ae9-954b-72dd8db6815a,05c-01,2026-10-08,published,https://hub.arcgis.com/datasets/7fff2f78728d40259c1cdfbe90b5471b_0,,ArcGIS Hub,DCAT API,https://opendata.minneapolismn.gov/api/feed/dcat-us/1.1.json,,,
a5e99776bbab494da81deb9c79bab31d_0,05c-01,Water [Minnesota--Minneapolis],Water,"The major water bodies within the Minneapolis city limits. Includes polygons for the Mississippi River, major lakes, and streams. If there are any issues with the data in this map, service, or shp file please contact the Minneapolis GIS office .",eng,Tip: Check “Visit Source” link for download options.,MapIT Minneapolis,Open Data Minneapolis,,Web services,Polygon data,Environment|Inland Waters,water|Minneapolis|lakes|rivers|Environment,Last Modified: 2020-11-04,2020-11-03,2020-2020,Minnesota--Minneapolis|Minnesota,"-93.330,44.891,-93.190,45.052","ENVELOPE(-93.330,-93.190,45.052,44.891)",Public,https://creativecommons.org/publicdomain/zero/1.0,ArcGIS FeatureLayer,ba5cc745-21c5-4ae9-954b-72dd8db6815a,05c-01,2026-10-08,published,https://hub.arcgis.com/datasets/a5e99776bbab494da81deb9c79bab31d_0,,ArcGIS Hub,DCAT API,https://opendata.minneapolismn.gov/api/feed/dcat-us/1.1.json,,,
05d277839b8f49c68e3f8f7a411a505a_0,05c-01,PW Alleys [Minnesota--Minneapolis],PW Alleys,"For questions about this data please contact PublicWorksOpenData@minneapolismn.gov Attribute Overview : Alley centerline, Alley Right of Way only centerline, Text. Fields: Field Name Field Type Field Description OBJECTID Object ID Unique ID SYMBOL_NAME Text Graphic symbol name SEGMENT_ID Text Alley segment ID SECTION_ID Text Alley section ID PAVED Text Alley paved or unpaved MAINTENANCE_DISTRICT Long Integer Street maintenance district PLOW_ROUTE Text Alley plow route number WARD Text Council ward SEGMENT_LENGTH Double Graphic length COMMENTS Text Comments SOURCE Text Source of data SOURCE_DATE Date Source date ALLEY_CLINE_CREATED Date Graphic creation date ALLEY_CLINE_REVD Date Graphic revision date LEGAL_SOURCE Text Legal source Shape Geometry Geometry Shape.STLength() Double Graphic length Symbol Name Definitions: Symbol Name Definition ALLEY_RWAY Alley Centerline Right-of-Way Only ALLLEYDL Drivable Alley Centerline",eng,Tip: Check “Visit Source” link for download options.,MapIT Minneapolis,Open Data Minneapolis,,Web services,,,OpenData|Minneapolis|PublicWorks|Centerline|Alleys,Last Modified: 2025-09-09,2018-02-21,2025-2025,Minnesota--Minneapolis|Minnesota,"-93.329,44.891,-93.200,45.051","ENVELOPE(-93.329,-93.200,45.051,44.891)",Public,https://creativecommons.org/publicdomain/zero/1.0,ArcGIS FeatureLayer,ba5cc745-21c5-4ae9-954b-72dd8db6815a,05c-01,2026-10-08,published,https://hub.arcgis.com/datasets/05d277839b8f49c68e3f8f7a411a505a_0,,ArcGIS Hub,DCAT API,https://opendata.minneapolismn.gov/api/feed/dcat-us/1.1.json,,,
c79afc8bae7d44938c98959e7fe95f7d_0,05c-01,Fires Reported 2019 YTD [Minnesota--Minneapolis],Fires Reported 2019 YTD,,eng,Tip: Check “Visit Source” link for download options.,MapIT Minneapolis,Open Data Minneapolis,,Web services,,,PublicSafety|Minneapolis|OpenData,2019,2019-04-24,2019-2019,Minnesota--Minneapolis|Minnesota,"-93.412,44.872,-93.182,45.174","ENVELOPE(-93.412,-93.182,45.174,44.872)",Public,https://creativecommons.org/publicdomain/zero/1.0,ArcGIS FeatureLayer,ba5cc745-21c5-4ae9-954b-72dd8db6815a,05c-01,2026-10-08,published,https://hub.arcgis.com/datasets/c79afc8bae7d44938c98959e7fe95f7d_0,,ArcGIS Hub,DCAT API,https://opendata.minneapolismn.gov/api/feed/dcat-us/1.1.json,,,
7c294878f9634918950e82d3cd5d057b_0,05c-01,Damaged Properties (Public) [Minnesota--Minneapolis],Damaged Properties (Public),"Feature Layer dataset showing damaged properties due to the civil unrest that occurred in the City of Minneapolis during the week of May 25 - May 29, 2020. FAQ's Why was the data compiled?   To get a clear understanding of the extent of damage to the City as well as to begin the recovery process. How was the data collected?   Several teams were sent out and used grid maps to travel every street within the City Boundary. Teams used an application where they assigned a level of damage to buildings to pin point them. What do the different levels mean?   Affected : Affected: (0-25%): Habitable, Cosmetic damage to roof or siding, Damage to landscape and trees (no impact to access), Wet basement w/no damage, Cosmetic damage only   Minor : (25-50%): Uninhabitable, ≤18"" of water in living spaces, Damage to mechanical components, Non-structural damage to roof, Chimney damage, Non-structural damage to interior/exterior components, Multiple vertical cracks in Foundation, Damage/contamination to well and septic systems, Skirting, HVAC, and non-structural components have been impacted   Major : (50-75%): Uninhabitable, >18"" of water in living spaces, Any water on main floor w/water filled basement, Failure or partial failure of foundation, Failure or partial failure of roof or exterior walls, Failure or partial failure of structural elements of walls, Water in the floor system, Foundation damage or displacement   Destroyed : (>75%): Uninhabitable, Failure of ≥2 structural components, Threat of destruction, Frame is compromised-MH, Roof system is missing",eng,Tip: Check “Visit Source” link for download options.,MapIT Minneapolis,Open Data Minneapolis,,Web services,,,Minneapolis|DamageAssessment,Last Modified: 2020-06-30,2020-06-12,2020-2020,Minnesota--Minneapolis|Minnesota,"-93.328,44.895,-93.205,45.050","ENVELOPE(-93.328,-93.205,45.050,44.895)",Public,https://creativecommons.org/publicdomain/zero/1.0,ArcGIS FeatureLayer,ba5cc745-21c5-4ae9-954b-72dd8db6815a,05c-01,2026-10-08,published,https://hub.arcgis.com/datasets/7c294878f9634918950e82d3cd5d057b_0,,ArcGIS Hub,DCAT API,https://opendata.minneapolismn.gov/api/feed/dcat-us/1.1.json,,,
b2d457b622094730a55f1ec731fab250_0,05c-01,Fires Confirmed 2019 [Minnesota--Minneapolis],Fires Confirmed 2019,For questions about this data please contact FireOpenData@minneapolismn.gov,eng,Tip: Check “Visit Source” link for download options.,MapIT Minneapolis,Open Data Minneapolis,,Web services,,,PublicSafety|Minneapolis|OpenData|MFD|FireDepartment,2019,2020-05-12,2019-2019,Minnesota--Minneapolis|Minnesota,"-93.329,44.887,-93.184,45.050","ENVELOPE(-93.329,-93.184,45.050,44.887)",Public,https://creativecommons.org/publicdomain/zero/1.0,ArcGIS FeatureLayer,ba5cc745-21c5-4ae9-954b-72dd8db6815a,05c-01,2026-10-08,published,https://hub.arcgis.com/datasets/b2d457b622094730a55f1ec731fab250_0,,ArcGIS Hub,DCAT API,https://opendata.minneapolismn.gov/api/feed/dcat-us/1.1.json,,,
72a3ca0ed7e1460eaf2c520c6a507333_0,05c-01,Fires Confirmed 2018 [Minnesota--Minneapolis],Fires Confirmed 2018,For questions about this data please contact FireOpenData@minneapolismn.gov,eng,Tip: Check “Visit Source” link for download options.,MapIT Minneapolis,Open Data Minneapolis,,Web services,,,PublicSafety|Minneapolis|OpenData|MFD|FireDepartment,2018,2020-05-12,2018-2018,Minnesota--Minneapolis|Minnesota,"-93.329,44.871,-93.197,45.056","ENVELOPE(-93.329,-93.197,45.056,44.871)",Public,https://creativecommons.org/publicdomain/zero/1.0,ArcGIS FeatureLayer,ba5cc745-21c5-4ae9-954b-72dd8db6815a,05c-01,2026-10-08,published,https://hub.arcgis.com/datasets/72a3ca0ed7e1460eaf2c520c6a507333_0,,ArcGIS Hub,DCAT API,https://opendata.minneapolismn.gov/api/feed/dcat-us/1.1.json,,,
cd6adff91a1b4174a06572b634ee591a_0,05c-01,Fires Confirmed 2017 [Minnesota--Minneapolis],Fires Confirmed 2017,For questions about this data please contact FireOpenData@minneapolismn.gov,eng,Tip: Check “Visit Source” link for download options.,MapIT Minneapolis,Open Data Minneapolis,,Web services,,,PublicSafety|Minneapolis|OpenData|MFD|FireDepartment,2017,2020-05-12,2017-2017,Minnesota--Minneapolis|Minnesota,"-93.360,44.862,-93.197,45.096","ENVELOPE(-93.360,-93.197,45.096,44.862)",Public,https://creativecommons.org/publicdomain/zero/1.0,ArcGIS FeatureLayer,ba5cc745-21c5-4ae9-954b-72dd8db6815a,05c-01,2026-10-08,published,https://hub.arcgis.com/datasets/cd6adff91a1b4174a06572b634ee591a_0,,ArcGIS Hub,DCAT API,https://opendata.minneapolismn.gov/api/feed/dcat-us/1.1.json,,,
434846951cdd4287b9ad9880d8a4ab75_0,05c-01,Fires Confirmed 2016 [Minnesota--Minneapolis],Fires Confirmed 2016,For questions about this data please contact FireOpenData@minneapolismn.gov,eng,Tip: Check “Visit Source” link for download options.,MapIT Minneapolis,Open Data Minneapolis,,Web services,,,PublicSafety|Minneapolis|OpenData|MFD|FireDepartment,2016,2020-05-12,2016-2016,Minnesota--Minneapolis|Minnesota,"-93.336,0.000,0.000,45.050","ENVELOPE(-93.336,0.000,45.050,0.000)",Public,https://creativecommons.org/publicdomain/zero/1.0,ArcGIS FeatureLayer,ba5cc745-21c5-4ae9-954b-72dd8db6815a,05c-01,2026-10-08,published,https://hub.arcgis.com/datasets/434846951cdd4287b9ad9880d8a4ab75_0,,ArcGIS Hub,DCAT API,https://opendata.minneapolismn.gov/api/feed/dcat-us/1.1.json,,,
a35dcee707854e5194fa86056a0a665a_0,05c-01,PW Planimetric Lines [Minnesota--Minneapolis],PW Planimetric Lines,"For questions about this data please contact PublicWorksOpenData@minneapolismn.gov Attribute Overview: Alley Edge, Creek Edge, River Edge, Lake Edge, Pond Edge, Fence, Pool Edge, Sign Overhead, Wall, Bridge Edge, Curb and Gutter Edge, Curb and Gutter Obscured, Driveway Private Edge, Pavement Edge , Unpaved Edge, Parking Lot Edge, Boulevard Edge, Sidewalk Edge, Sidewalk Private Edge, Trail Edge, Woods Edge. Fields: Field Name Field Type Field Description OBJECTID Object ID Unique ID PLAN_LN_REVD Date Graphic revision date SOURCE Text Source of data SOURCE_DATE Date Source date PLAN_LN_CREATED Date Graphic creation date SYMBOL_NAME Text Graphic symbol name Shape Geometry Geometry Shape.STLength() Double Graphic length Symbol Name Attributes Symbol Name Definition ALLEY_EDGE Roadway Alley Edge BLVD_WALK_EDGE Sidewalk Boulevard Edge BRDG_EDGE Bridge Edge CREEK_EDGE Creek Edge CURB_GUTTER Curb and Gutter Edge CURB_OBSC Curb and Gutter Obscured DRIVE_EDGE_PVT Driveway Privage Edge FENCE Fence LAKE_EDGE Lake Edge POND_EDGE Pond Edge POOL_EDGE Pool Edge PRKG_LOT_EDGE Parking Lot Edge RIVE_EDGE River Edge ROAD_EDGE_PVMT Roadway Edge Pavement ROAD_EDGE_UPVD Roadway Edge Unpaved SWLK_EDGE Sidewalk Edge SWLK_EDGE_PVT Sidewalk Private Edge TRAIL_EDGE Trail Edge WALL Wall WOODS_EDGE Woods Edge",eng,Tip: Check “Visit Source” link for download options.,MapIT Minneapolis,Open Data Minneapolis,,Web services,,,OpenData|Minneapolis|PublicWorks|Planimetric|Lines,Last Modified: 2026-08-19,2018-02-21,2026-2026,Minnesota--Minneapolis|Minnesota,"-93.332,44.888,-93.185,45.052","ENVELOPE(-93.332,-93.185,45.052,44.888)",Public,https://creativecommons.org/publicdomain/zero/1.0,ArcGIS FeatureLayer,ba5cc745-21c5-4ae9-954b-72dd8db6815a,05c-01,2026-10-08,published,https://hub.arcgis.com/datasets/a35dcee707854e5194fa86056a0a665a_0,,ArcGIS Hub,DCAT API,https://opendata.minneapolismn.gov/api/feed/dcat-us/1.1.json,,,
8d885bc0bdcb44748c35f25a2ac710ca_0,05c-01,Public 311 2019 [Minnesota--Minneapolis],Public 311 2019,"For questions about this data please contact 311OpenData@minneapolismn.gov The data provided are public-facing service requests that were taken by 311 contact center agents, or through online and mobile applications, and entered the Lagan CRM system during 2019. The two main identifiers of data, with which users of the open data should converse with 311, are the Case ID and the Type Name field. Type name is the common used title for a service request among city staff, 311, and the community at large. Attribute Descriptions Case ID - Gives a unique identifying number associated with each case. Subject - This is the top level hierarchy definition of a service request. It is most closely associated with a department designation. Enquiry Type ID - An additional identification number . Reason - This is the 2nd level classification of a service request and reflects a program name or a division assigned to perform the service request. Type - This is the 3rd level classification describing what the service request specifically is for. It is the most common designation description used in the city. Title - Similar to the Type column, this describes more details about the incident. Open Date Time - This is the date and time stamp when the department, program, or division assigned to complete the task in a service request starts working that service request. Case Status - If case status = ""0"", it means the case is closed. If case status = ""1"", the case is still considered open. All cases with a case status of ""1"" should not have a closed date. Closed Date Time - The date a resolving department, division or program completed the service request. XCoord & YCoord - This is the coordinate the city provides of where the service request occurred in the WGS 84 web Mercator auxilliary sphere coordinate system. Service Request Definition List Abandoned Vehicle - a vehicle parked in a public right of way (street) that appears to have been left by its owner in excess of 72 consecutive hours or lacking vital component parts (City Ordinance 478.250). Abandoned Vehicle - Open311 - vehicle reported abandoned via the Minneapolis Mobile Application. Abandoned/Illegally Parked Bicycle - This is a report of an abandoned (or missing parts) bike by owner or someone else Air Pollution Complaint - air contaminants, fumes, or other offensive odors that occur outdoors and impacts the environment. Animal Complaint - Livability - nuisance conditions such as barking dog, stray pets Animal Complaint - Public Healt h - abandoned, mistreated or uncared for animal, excessive feces in yard causing health risks. Barricade Pickup/Placement - request for City staff to deploy or remove barricades from city street and or sidewalks. Bicycle Lane Issue - complaint for users of bike paths to report off-street bike path trail issues such as pavement, lighting, fencing, signs, debris, overgrown vegetation, etc. phones or other nuisance conditions on city bicycle paths. Bridge Complaint - structural issue that needs attention Chemical Spill - chemical contaminant spilled in any non-authorized location in the city. Commercial Food Safety/Sanitation Complaint - unclean or unhealthy conditions suspected at an eating establishment Debris in the Street or Alley - branches, appliances, or general objects that are blocking an alleyway or street. Debris Alley/Street - Open 311 - Debris in street or alley reported via the Minneapolis Mobile Application. Emergency Pollution Complaint same as land, air, water but emergency requiring contact with 911 Exterior Nuisance Complaint - nuisance conditions located on the exterior of a building, such as long grass, debris or trash, or long weeds. Exterior Nuisance - Self Service - nuisance conditions reportable on the 311 online applications on the website Fence or Guardrail Maintenance - report about a fence or guardrail along a city street that may be in disrepair Fire Hydrant Snow Issue - snow is impeding the normal operation of a fire hydrant….needs to be shoveled out. General Street Complaint - non-specific problem with a street that does not fit in any other type of street complaint Graffiti complaint/reporting - tagger or gang graffiti on properties, public signs, or any surface Graffiti - Open 311 - graffiti complaint made via Minneapolis Mobile Application Hydrant Issue - hydrant out of service, leaking water, damaged, etc Illegal Dumping Complaint - report of waste being disposed at a location other than where it was generated and there is proof of the dumping Land Pollution Complaint - contaminant suspected in land that may require environmental remediation to restore Licensing Complaint - complaints or concerns about a business either licensed by Minneapolis, or operating without a license. Newspaper Box Complaint - newspaper boxes for community newspapers, shoppers, or even major dailies in a state of disrepair, or not used, or obstructing the public right of way. Noise Pollution Complaint - excessive noise that disrupts peace and tranquility of neighborhoods. Parking Meter Citation Issue report that a defective meter/pay station may have cause the vehicle owner to get a ticket Parking Meter Problem - parking meter in need of attention or maintenance…possibly malfunctioning Parking Meter - Open311 - parking meter problem reported via Minneapolis Mobile Application. Parking Ramp/Lot Issue - problem with ramp such as lights out affecting safety, mechanical problems with equipment, cluttered or unsafe stairwells. Parking Violation Complaint - someone parked in a no parking zone, fire lane, etc. Parking Violation - Open311 - parking violation made via Minneapolis Mobile Application Permitted Work - report of concerns about construction work being done on private property after a permit has been obtained Pothole - report of pavement depression/defect Pothole - Open311 - pothole reported via Minneapolis Mobile Application Residential Conditions Complaint - a structural problem with a residential property with 1-3 dwelling units, such as stairwell needing repair, or a chimney in disrepair, or a broken window. Residential Conditions Complaint HOD (High Occupancy Dwelling) - a conditions complaint for properties with 4 or more residential dwelling units, or a mixed commercial and residential building, or a commercial building complaint. Residential Conditions Complaint Tenant - a complaint in which the tenant of a 1-3 unit residential dwelling unit is adversely affected by a condition in a property, such as nuisance conditions like pests, or heat issues, or malfunctioning equipment. Residential Conditions Complaint HOD Tenant - this is a tenant complaint in a residential building with 4 or more units, a mixed commercial and residential building, or a commercial building complaint. Residential Disability Zone - a vehicle parked in a zone reserved for disabled citizens illegally, or periodically can be reported here. Sand Barrell - request to have a sand barrel placed at a location in the City of Minneapolis Sewer Issues - report of sewer issues such as missing grate, odor, plugged basin, manhole cover issue, sewer backup, etc. Sidewalk Obstruction Complaint - an object or overhanging bush or tree that prevents public right of way on the sidewalk Sidewalk Snow & Ice Complaint - sidewalk that has not been maintained after a snow event or in a melt refreeze cycle. Sidewalk Snow and Ice - SS - sidewalk snow and ice complaint that is reported on the 311 website. Sidewalk Snow & Ice - Open311 - sidewalk snow & ice report via Minneapolis Mobile Application Sidewalk Structural Complaint - a sidewalk that is uneven, or fractured can be reported on this service request. Sidewalk Structural - Open311 - a sidewalk structural complaint made via Minneapolis Mobile Application Sign Complaint - a sign that is not permitted in the city, like a bandit sign for real estate purchasing companies, or other unwanted signs. Snow - Illegal Dumping - complaint about snow being shoveled and dumped back into the street or public right of way. Snow & Ice Complaint - this is a snow and ice complaint in a city street or alley Special Sweep - customer can request a street sweep of their street due to dirt or loose debris in the street Speed Wagon - a request for a speed indicator to be deployed on a city right of way (street) to indicate vehicle speeds Sports Equipment in Street - items that create obstructions for right of way in streets like portable basketball hoops. Street Light - New - a request for the city to deploy a new street light in a given city street/alley Street Light Trouble - street lights no longer working that need to be replaced Street Light Trouble - Open311 - street light issues reported via Minneapolis Mobile Application Streets Snow & Ice - Open311 - snow and ice complaint via Minneapolis Mobile Application Traffic Sign - New - request for a new traffic sign at an intersection, or somewhere in or near the public right of way Traffic Sign - Removal - request for an existing traffic sign to be removed Traffic Sign - Repair - request for a sign in some level of reported disrepair to be repaired or restored to fully functional condition Traffic Sign Repair - Open311 - sign repair requested via Minneapolis Mobile Application Traffic Signal - New/Modification - a request for a new traffic light at an intersection Traffic Signal Timing Issue - a problem with a light that causes delays or spillover traffic in other intersections due to poorly or disproportionate time given to one right of way over another. Traffic Signal Trouble - signal has lights out or is malfunctioning in some way Traffic Signal Trouble - Open311 - traffic signal trouble reported via Minneapolis Mobile Application Trees Down - report about a tree or tree branch that is obstruction the public right of way Unpermitted Work - report that indicates concern that a citizen or contractor is performing work on properties that requires a city of Minneapolis permit Urgent Pollution Complaint - land, air, water pollution complaints that need immediate attention Water Main Break - Report about water leaking or gushing from a main water pipe Water Pollution Complaint - can report concerns about suspected water pollution Water Quality Issues - reports about water having color, or fishy taste, or some other concern about the quality of water. Water Service Issue - report about frozen water pipes, leaks, low pressure, no water, etc. Zoning Ordinance Complaint - complaints about zoning regulations",eng,Tip: Check “Visit Source” link for download options.,MapIT Minneapolis,Open Data Minneapolis,,Web services,,,311|Minneapolis|OpenData,2019,2020-04-30,2019-2019,Minnesota--Minneapolis|Minnesota,"-93.354,0.000,14.883,5.080","ENVELOPE(-93.354,14.883,5.080,0.000)",Public,https://creativecommons.org/publicdomain/zero/1.0,ArcGIS FeatureLayer,ba5cc745-21c5-4ae9-954b-72dd8db6815a,05c-01,2026-10-08,published,https://hub.arcgis.com/datasets/8d885bc0bdcb44748c35f25a2ac710ca_0,,ArcGIS Hub,DCAT API,https://opendata.minneapolismn.gov/api/feed/dcat-us/1.1.json,,,
8f5df4f49e874a1ba3408a50dcb09864_0,05c-01,Public 311 2018 [Minnesota--Minneapolis],Public 311 2018,"For questions about this data please contact 311OpenData@minneapolismn.gov The data provided are public-facing service requests that were taken by 311 contact center agents, or through online and mobile applications, and entered the Lagan CRM system during 2018. The two main identifiers of data, with which users of the open data should converse with 311, are the Case ID and the Type Name field. Type name is the common used title for a service request among city staff, 311, and the community at large. Attribute Descriptions Case ID - Gives a unique identifying number associated with each case. Subject - This is the top level hierarchy definition of a service request. It is most closely associated with a department designation. Enquiry Type ID - An additional identification number . Reason - This is the 2nd level classification of a service request and reflects a program name or a division assigned to perform the service request. Type - This is the 3rd level classification describing what the service request specifically is for. It is the most common designation description used in the city. Title - Similar to the Type column, this describes more details about the incident. Open Date Time - This is the date and time stamp when the department, program, or division assigned to complete the task in a service request starts working that service request. Case Status - If case status = ""0"", it means the case is closed. If case status = ""1"", the case is still considered open. All cases with a case status of ""1"" should not have a closed date. Closed Date Time - The date a resolving department, division or program completed the service request. XCoord & YCoord - This is the coordinate the city provides of where the service request occurred in the WGS 84 web Mercator auxilliary sphere coordinate system. Service Request Definition List Abandoned Vehicle - a vehicle parked in a public right of way (street) that appears to have been left by its owner in excess of 72 consecutive hours or lacking vital component parts (City Ordinance 478.250). Abandoned Vehicle - Open311 - vehicle reported abandoned via the Minneapolis Mobile Application. Abandoned/Illegally Parked Bicycle - This is a report of an abandoned (or missing parts) bike by owner or someone else Air Pollution Complaint - air contaminants, fumes, or other offensive odors that occur outdoors and impacts the environment. Animal Complaint - Livability - nuisance conditions such as barking dog, stray pets Animal Complaint - Public Healt h - abandoned, mistreated or uncared for animal, excessive feces in yard causing health risks. Barricade Pickup/Placement - request for City staff to deploy or remove barricades from city street and or sidewalks. Bicycle Lane Issue - complaint for users of bike paths to report off-street bike path trail issues such as pavement, lighting, fencing, signs, debris, overgrown vegetation, etc. phones or other nuisance conditions on city bicycle paths. Bridge Complaint - structural issue that needs attention Chemical Spill - chemical contaminant spilled in any non-authorized location in the city. Commercial Food Safety/Sanitation Complaint - unclean or unhealthy conditions suspected at an eating establishment Debris in the Street or Alley - branches, appliances, or general objects that are blocking an alleyway or street. Debris Alley/Street - Open 311 - Debris in street or alley reported via the Minneapolis Mobile Application. Emergency Pollution Complaint same as land, air, water but emergency requiring contact with 911 Exterior Nuisance Complaint - nuisance conditions located on the exterior of a building, such as long grass, debris or trash, or long weeds. Exterior Nuisance - Self Service - nuisance conditions reportable on the 311 online applications on the website Fence or Guardrail Maintenance - report about a fence or guardrail along a city street that may be in disrepair Fire Hydrant Snow Issue - snow is impeding the normal operation of a fire hydrant….needs to be shoveled out. General Street Complaint - non-specific problem with a street that does not fit in any other type of street complaint Graffiti complaint/reporting - tagger or gang graffiti on properties, public signs, or any surface Graffiti - Open 311 - graffiti complaint made via Minneapolis Mobile Application Hydrant Issue - hydrant out of service, leaking water, damaged, etc Illegal Dumping Complaint - report of waste being disposed at a location other than where it was generated and there is proof of the dumping Land Pollution Complaint - contaminant suspected in land that may require environmental remediation to restore Licensing Complaint - complaints or concerns about a business either licensed by Minneapolis, or operating without a license. Newspaper Box Complaint - newspaper boxes for community newspapers, shoppers, or even major dailies in a state of disrepair, or not used, or obstructing the public right of way. Noise Pollution Complaint - excessive noise that disrupts peace and tranquility of neighborhoods. Parking Meter Citation Issue report that a defective meter/pay station may have cause the vehicle owner to get a ticket Parking Meter Problem - parking meter in need of attention or maintenance…possibly malfunctioning Parking Meter - Open311 - parking meter problem reported via Minneapolis Mobile Application. Parking Ramp/Lot Issue - problem with ramp such as lights out affecting safety, mechanical problems with equipment, cluttered or unsafe stairwells. Parking Violation Complaint - someone parked in a no parking zone, fire lane, etc. Parking Violation - Open311 - parking violation made via Minneapolis Mobile Application Permitted Work - report of concerns about construction work being done on private property after a permit has been obtained Pothole - report of pavement depression/defect Pothole - Open311 - pothole reported via Minneapolis Mobile Application Residential Conditions Complaint - a structural problem with a residential property with 1-3 dwelling units, such as stairwell needing repair, or a chimney in disrepair, or a broken window. Residential Conditions Complaint HOD (High Occupancy Dwelling) - a conditions complaint for properties with 4 or more residential dwelling units, or a mixed commercial and residential building, or a commercial building complaint. Residential Conditions Complaint Tenant - a complaint in which the tenant of a 1-3 unit residential dwelling unit is adversely affected by a condition in a property, such as nuisance conditions like pests, or heat issues, or malfunctioning equipment. Residential Conditions Complaint HOD Tenant - this is a tenant complaint in a residential building with 4 or more units, a mixed commercial and residential building, or a commercial building complaint. Residential Disability Zone - a vehicle parked in a zone reserved for disabled citizens illegally, or periodically can be reported here. Sand Barrell - request to have a sand barrel placed at a location in the City of Minneapolis Sewer Issues - report of sewer issues such as missing grate, odor, plugged basin, manhole cover issue, sewer backup, etc. Sidewalk Obstruction Complaint - an object or overhanging bush or tree that prevents public right of way on the sidewalk Sidewalk Snow & Ice Complaint - sidewalk that has not been maintained after a snow event or in a melt refreeze cycle. Sidewalk Snow and Ice - SS - sidewalk snow and ice complaint that is reported on the 311 website. Sidewalk Snow & Ice - Open311 - sidewalk snow & ice report via Minneapolis Mobile Application Sidewalk Structural Complaint - a sidewalk that is uneven, or fractured can be reported on this service request. Sidewalk Structural - Open311 - a sidewalk structural complaint made via Minneapolis Mobile Application Sign Complaint - a sign that is not permitted in the city, like a bandit sign for real estate purchasing companies, or other unwanted signs. Snow - Illegal Dumping - complaint about snow being shoveled and dumped back into the street or public right of way. Snow & Ice Complaint - this is a snow and ice complaint in a city street or alley Special Sweep - customer can request a street sweep of their street due to dirt or loose debris in the street Speed Wagon - a request for a speed indicator to be deployed on a city right of way (street) to indicate vehicle speeds Sports Equipment in Street - items that create obstructions for right of way in streets like portable basketball hoops. Street Light - New - a request for the city to deploy a new street light in a given city street/alley Street Light Trouble - street lights no longer working that need to be replaced Street Light Trouble - Open311 - street light issues reported via Minneapolis Mobile Application Streets Snow & Ice - Open311 - snow and ice complaint via Minneapolis Mobile Application Traffic Sign - New - request for a new traffic sign at an intersection, or somewhere in or near the public right of way Traffic Sign - Removal - request for an existing traffic sign to be removed Traffic Sign - Repair - request for a sign in some level of reported disrepair to be repaired or restored to fully functional condition Traffic Sign Repair - Open311 - sign repair requested via Minneapolis Mobile Application Traffic Signal - New/Modification - a request for a new traffic light at an intersection Traffic Signal Timing Issue - a problem with a light that causes delays or spillover traffic in other intersections due to poorly or disproportionate time given to one right of way over another. Traffic Signal Trouble - signal has lights out or is malfunctioning in some way Traffic Signal Trouble - Open311 - traffic signal trouble reported via Minneapolis Mobile Application Trees Down - report about a tree or tree branch that is obstruction the public right of way Unpermitted Work - report that indicates concern that a citizen or contractor is performing work on properties that requires a city of Minneapolis permit Urgent Pollution Complaint - land, air, water pollution complaints that need immediate attention Water Main Break - Report about water leaking or gushing from a main water pipe Water Pollution Complaint - can report concerns about suspected water pollution Water Quality Issues - reports about water having color, or fishy taste, or some other concern about the quality of water. Water Service Issue - report about frozen water pipes, leaks, low pressure, no water, etc. Zoning Ordinance Complaint - complaints about zoning regulations",eng,Tip: Check “Visit Source” link for download options.,MapIT Minneapolis,Open Data Minneapolis,,Web services,,,311|Minneapolis|OpenData,2018,2020-04-30,2018-2018,Minnesota--Minneapolis|Minnesota,"-93.354,0.000,14.883,5.080","ENVELOPE(-93.354,14.883,5.080,0.000)",Public,https://creativecommons.org/publicdomain/zero/1.0,ArcGIS FeatureLayer,ba5cc745-21c5-4ae9-954b-72dd8db6815a,05c-01,2026-10-08,published,https://hub.arcgis.com/datasets/8f5df4f49e874a1ba3408a50dcb09864_0,,ArcGIS Hub,DCAT API,https://opendata.minneapolismn.gov/api/feed/dcat-us/1.1.json,,,
1c385c6a474746c3a1dad82884839f9e_0,05c-01,Public 311 2017 [Minnesota--Minneapolis],Public 311 2017,"For questions about this data please contact 311OpenData@minneapolismn.gov The data provided are public-facing service requests that were taken by 311 contact center agents, or through online and mobile applications, and entered the Lagan CRM system during 2017. The two main identifiers of data, with which users of the open data should converse with 311, are the Case ID and the Type Name field. Type name is the common used title for a service request among city staff, 311, and the community at large. Attribute Descriptions Case ID - Gives a unique identifying number associated with each case. Subject - This is the top level hierarchy definition of a service request. It is most closely associated with a department designation. Enquiry Type ID - An additional identification number . Reason - This is the 2nd level classification of a service request and reflects a program name or a division assigned to perform the service request. Type - This is the 3rd level classification describing what the service request specifically is for. It is the most common designation description used in the city. Title - Similar to the Type column, this describes more details about the incident. Open Date Time - This is the date and time stamp when the department, program, or division assigned to complete the task in a service request starts working that service request. Case Status - If case status = ""0"", it means the case is closed. If case status = ""1"", the case is still considered open. All cases with a case status of ""1"" should not have a closed date. Closed Date Time - The date a resolving department, division or program completed the service request. XCoord & YCoord - This is the coordinate the city provides of where the service request occurred in the WGS 84 web Mercator auxilliary sphere coordinate system. Service Request Definition List Abandoned Vehicle - a vehicle parked in a public right of way (street) that appears to have been left by its owner in excess of 72 consecutive hours or lacking vital component parts (City Ordinance 478.250). Abandoned Vehicle - Open311 - vehicle reported abandoned via the Minneapolis Mobile Application. Abandoned/Illegally Parked Bicycle - This is a report of an abandoned (or missing parts) bike by owner or someone else Air Pollution Complaint - air contaminants, fumes, or other offensive odors that occur outdoors and impacts the environment. Animal Complaint - Livability - nuisance conditions such as barking dog, stray pets Animal Complaint - Public Healt h - abandoned, mistreated or uncared for animal, excessive feces in yard causing health risks. Barricade Pickup/Placement - request for City staff to deploy or remove barricades from city street and or sidewalks. Bicycle Lane Issue - complaint for users of bike paths to report off-street bike path trail issues such as pavement, lighting, fencing, signs, debris, overgrown vegetation, etc. phones or other nuisance conditions on city bicycle paths. Bridge Complaint - structural issue that needs attention Chemical Spill - chemical contaminant spilled in any non-authorized location in the city. Commercial Food Safety/Sanitation Complaint - unclean or unhealthy conditions suspected at an eating establishment Debris in the Street or Alley - branches, appliances, or general objects that are blocking an alleyway or street. Debris Alley/Street - Open 311 - Debris in street or alley reported via the Minneapolis Mobile Application. Emergency Pollution Complaint same as land, air, water but emergency requiring contact with 911 Exterior Nuisance Complaint - nuisance conditions located on the exterior of a building, such as long grass, debris or trash, or long weeds. Exterior Nuisance - Self Service - nuisance conditions reportable on the 311 online applications on the website Fence or Guardrail Maintenance - report about a fence or guardrail along a city street that may be in disrepair Fire Hydrant Snow Issue - snow is impeding the normal operation of a fire hydrant….needs to be shoveled out. General Street Complaint - non-specific problem with a street that does not fit in any other type of street complaint Graffiti complaint/reporting - tagger or gang graffiti on properties, public signs, or any surface Graffiti - Open 311 - graffiti complaint made via Minneapolis Mobile Application Hydrant Issue - hydrant out of service, leaking water, damaged, etc Illegal Dumping Complaint - report of waste being disposed at a location other than where it was generated and there is proof of the dumping Land Pollution Complaint - contaminant suspected in land that may require environmental remediation to restore Licensing Complaint - complaints or concerns about a business either licensed by Minneapolis, or operating without a license. Newspaper Box Complaint - newspaper boxes for community newspapers, shoppers, or even major dailies in a state of disrepair, or not used, or obstructing the public right of way. Noise Pollution Complaint - excessive noise that disrupts peace and tranquility of neighborhoods. Parking Meter Citation Issue report that a defective meter/pay station may have cause the vehicle owner to get a ticket Parking Meter Problem - parking meter in need of attention or maintenance…possibly malfunctioning Parking Meter - Open311 - parking meter problem reported via Minneapolis Mobile Application. Parking Ramp/Lot Issue - problem with ramp such as lights out affecting safety, mechanical problems with equipment, cluttered or unsafe stairwells. Parking Violation Complaint - someone parked in a no parking zone, fire lane, etc. Parking Violation - Open311 - parking violation made via Minneapolis Mobile Application Permitted Work - report of concerns about construction work being done on private property after a permit has been obtained Pothole - report of pavement depression/defect Pothole - Open311 - pothole reported via Minneapolis Mobile Application Residential Conditions Complaint - a structural problem with a residential property with 1-3 dwelling units, such as stairwell needing repair, or a chimney in disrepair, or a broken window. Residential Conditions Complaint HOD (High Occupancy Dwelling) - a conditions complaint for properties with 4 or more residential dwelling units, or a mixed commercial and residential building, or a commercial building complaint. Residential Conditions Complaint Tenant - a complaint in which the tenant of a 1-3 unit residential dwelling unit is adversely affected by a condition in a property, such as nuisance conditions like pests, or heat issues, or malfunctioning equipment. Residential Conditions Complaint HOD Tenant - this is a tenant complaint in a residential building with 4 or more units, a mixed commercial and residential building, or a commercial building complaint. Residential Disability Zone - a vehicle parked in a zone reserved for disabled citizens illegally, or periodically can be reported here. Sand Barrell - request to have a sand barrel placed at a location in the City of Minneapolis Sewer Issues - report of sewer issues such as missing grate, odor, plugged basin, manhole cover issue, sewer backup, etc. Sidewalk Obstruction Complaint - an object or overhanging bush or tree that prevents public right of way on the sidewalk Sidewalk Snow & Ice Complaint - sidewalk that has not been maintained after a snow event or in a melt refreeze cycle. Sidewalk Snow and Ice - SS - sidewalk snow and ice complaint that is reported on the 311 website. Sidewalk Snow & Ice - Open311 - sidewalk snow & ice report via Minneapolis Mobile Application Sidewalk Structural Complaint - a sidewalk that is uneven, or fractured can be reported on this service request. Sidewalk Structural - Open311 - a sidewalk structural complaint made via Minneapolis Mobile Application Sign Complaint - a sign that is not permitted in the city, like a bandit sign for real estate purchasing companies, or other unwanted signs. Snow - Illegal Dumping - complaint about snow being shoveled and dumped back into the street or public right of way. Snow & Ice Complaint - this is a snow and ice complaint in a city street or alley Special Sweep - customer can request a street sweep of their street due to dirt or loose debris in the street Speed Wagon - a request for a speed indicator to be deployed on a city right of way (street) to indicate vehicle speeds Sports Equipment in Street - items that create obstructions for right of way in streets like portable basketball hoops. Street Light - New - a request for the city to deploy a new street light in a given city street/alley Street Light Trouble - street lights no longer working that need to be replaced Street Light Trouble - Open311 - street light issues reported via Minneapolis Mobile Application Streets Snow & Ice - Open311 - snow and ice complaint via Minneapolis Mobile Application Traffic Sign - New - request for a new traffic sign at an intersection, or somewhere in or near the public right of way Traffic Sign - Removal - request for an existing traffic sign to be removed Traffic Sign - Repair - request for a sign in some level of reported disrepair to be repaired or restored to fully functional condition Traffic Sign Repair - Open311 - sign repair requested via Minneapolis Mobile Application Traffic Signal - New/Modification - a request for a new traffic light at an intersection Traffic Signal Timing Issue - a problem with a light that causes delays or spillover traffic in other intersections due to poorly or disproportionate time given to one right of way over another. Traffic Signal Trouble - signal has lights out or is malfunctioning in some way Traffic Signal Trouble - Open311 - traffic signal trouble reported via Minneapolis Mobile Application Trees Down - report about a tree or tree branch that is obstruction the public right of way Unpermitted Work - report that indicates concern that a citizen or contractor is performing work on properties that requires a city of Minneapolis permit Urgent Pollution Complaint - land, air, water pollution complaints that need immediate attention Water Main Break - Report about water leaking or gushing from a main water pipe Water Pollution Complaint - can report concerns about suspected water pollution Water Quality Issues - reports about water having color, or fishy taste, or some other concern about the quality of water. Water Service Issue - report about frozen water pipes, leaks, low pressure, no water, etc. Zoning Ordinance Complaint - complaints about zoning regulations",eng,Tip: Check “Visit Source” link for download options.,MapIT Minneapolis,Open Data Minneapolis,,Web services,,,311|Minneapolis|OpenData,2017,2020-04-30,2017-2017,Minnesota--Minneapolis|Minnesota,"-93.354,0.000,14.883,5.080","ENVELOPE(-93.354,14.883,5.080,0.000)",Public,https://creativecommons.org/publicdomain/zero/1.0,ArcGIS FeatureLayer,ba5cc745-21c5-4ae9-954b-72dd8db6815a,05c-01,2026-10-08,published,https://hub.arcgis.com/datasets/1c385c6a474746c3a1dad82884839f9e_0,,ArcGIS Hub,DCAT API,https://opendata.minneapolismn.gov/api/feed/dcat-us/1.1.json,,,
ae250c0412c24656b69b2d8a92468533_0,05c-01,Public 311 2016 [Minnesota--Minneapolis],Public 311 2016,"For questions about this data please contact 311OpenData@minneapolismn.gov The data provided are public-facing service requests that were taken by 311 contact center agents, or through online and mobile applications, and entered the Lagan CRM system during 2016. The two main identifiers of data, with which users of the open data should converse with 311, are the Case ID and the Type Name field. Type name is the common used title for a service request among city staff, 311, and the community at large. Attribute Descriptions Case ID - Gives a unique identifying number associated with each case. Subject - This is the top level hierarchy definition of a service request. It is most closely associated with a department designation. Enquiry Type ID - An additional identification number . Reason - This is the 2nd level classification of a service request and reflects a program name or a division assigned to perform the service request. Type - This is the 3rd level classification describing what the service request specifically is for. It is the most common designation description used in the city. Title - Similar to the Type column, this describes more details about the incident. Open Date Time - This is the date and time stamp when the department, program, or division assigned to complete the task in a service request starts working that service request. Case Status - If case status = ""0"", it means the case is closed. If case status = ""1"", the case is still considered open. All cases with a case status of ""1"" should not have a closed date. Closed Date Time - The date a resolving department, division or program completed the service request. XCoord & YCoord - This is the coordinate the city provides of where the service request occurred in the WGS 84 web Mercator auxilliary sphere coordinate system. Service Request Definition List Abandoned Vehicle - a vehicle parked in a public right of way (street) that appears to have been left by its owner in excess of 72 consecutive hours or lacking vital component parts (City Ordinance 478.250). Abandoned Vehicle - Open311 - vehicle reported abandoned via the Minneapolis Mobile Application. Abandoned/Illegally Parked Bicycle - This is a report of an abandoned (or missing parts) bike by owner or someone else Air Pollution Complaint - air contaminants, fumes, or other offensive odors that occur outdoors and impacts the environment. Animal Complaint - Livability - nuisance conditions such as barking dog, stray pets Animal Complaint - Public Healt h - abandoned, mistreated or uncared for animal, excessive feces in yard causing health risks. Barricade Pickup/Placement - request for City staff to deploy or remove barricades from city street and or sidewalks. Bicycle Lane Issue - complaint for users of bike paths to report off-street bike path trail issues such as pavement, lighting, fencing, signs, debris, overgrown vegetation, etc. phones or other nuisance conditions on city bicycle paths. Bridge Complaint - structural issue that needs attention Chemical Spill - chemical contaminant spilled in any non-authorized location in the city. Commercial Food Safety/Sanitation Complaint - unclean or unhealthy conditions suspected at an eating establishment Debris in the Street or Alley - branches, appliances, or general objects that are blocking an alleyway or street. Debris Alley/Street - Open 311 - Debris in street or alley reported via the Minneapolis Mobile Application. Emergency Pollution Complaint same as land, air, water but emergency requiring contact with 911 Exterior Nuisance Complaint - nuisance conditions located on the exterior of a building, such as long grass, debris or trash, or long weeds. Exterior Nuisance - Self Service - nuisance conditions reportable on the 311 online applications on the website Fence or Guardrail Maintenance - report about a fence or guardrail along a city street that may be in disrepair Fire Hydrant Snow Issue - snow is impeding the normal operation of a fire hydrant….needs to be shoveled out. General Street Complaint - non-specific problem with a street that does not fit in any other type of street complaint Graffiti complaint/reporting - tagger or gang graffiti on properties, public signs, or any surface Graffiti - Open 311 - graffiti complaint made via Minneapolis Mobile Application Hydrant Issue - hydrant out of service, leaking water, damaged, etc Illegal Dumping Complaint - report of waste being disposed at a location other than where it was generated and there is proof of the dumping Land Pollution Complaint - contaminant suspected in land that may require environmental remediation to restore Licensing Complaint - complaints or concerns about a business either licensed by Minneapolis, or operating without a license. Newspaper Box Complaint - newspaper boxes for community newspapers, shoppers, or even major dailies in a state of disrepair, or not used, or obstructing the public right of way. Noise Pollution Complaint - excessive noise that disrupts peace and tranquility of neighborhoods. Parking Meter Citation Issue report that a defective meter/pay station may have cause the vehicle owner to get a ticket Parking Meter Problem - parking meter in need of attention or maintenance…possibly malfunctioning Parking Meter - Open311 - parking meter problem reported via Minneapolis Mobile Application. Parking Ramp/Lot Issue - problem with ramp such as lights out affecting safety, mechanical problems with equipment, cluttered or unsafe stairwells. Parking Violation Complaint - someone parked in a no parking zone, fire lane, etc. Parking Violation - Open311 - parking violation made via Minneapolis Mobile Application Permitted Work - report of concerns about construction work being done on private property after a permit has been obtained Pothole - report of pavement depression/defect Pothole - Open311 - pothole reported via Minneapolis Mobile Application Residential Conditions Complaint - a structural problem with a residential property with 1-3 dwelling units, such as stairwell needing repair, or a chimney in disrepair, or a broken window. Residential Conditions Complaint HOD (High Occupancy Dwelling) - a conditions complaint for properties with 4 or more residential dwelling units, or a mixed commercial and residential building, or a commercial building complaint. Residential Conditions Complaint Tenant - a complaint in which the tenant of a 1-3 unit residential dwelling unit is adversely affected by a condition in a property, such as nuisance conditions like pests, or heat issues, or malfunctioning equipment. Residential Conditions Complaint HOD Tenant - this is a tenant complaint in a residential building with 4 or more units, a mixed commercial and residential building, or a commercial building complaint. Residential Disability Zone - a vehicle parked in a zone reserved for disabled citizens illegally, or periodically can be reported here. Sand Barrell - request to have a sand barrel placed at a location in the City of Minneapolis Sewer Issues - report of sewer issues such as missing grate, odor, plugged basin, manhole cover issue, sewer backup, etc. Sidewalk Obstruction Complaint - an object or overhanging bush or tree that prevents public right of way on the sidewalk Sidewalk Snow & Ice Complaint - sidewalk that has not been maintained after a snow event or in a melt refreeze cycle. Sidewalk Snow and Ice - SS - sidewalk snow and ice complaint that is reported on the 311 website. Sidewalk Snow & Ice - Open311 - sidewalk snow & ice report via Minneapolis Mobile Application Sidewalk Structural Complaint - a sidewalk that is uneven, or fractured can be reported on this service request. Sidewalk Structural - Open311 - a sidewalk structural complaint made via Minneapolis Mobile Application Sign Complaint - a sign that is not permitted in the city, like a bandit sign for real estate purchasing companies, or other unwanted signs. Snow - Illegal Dumping - complaint about snow being shoveled and dumped back into the street or public right of way. Snow & Ice Complaint - this is a snow and ice complaint in a city street or alley Special Sweep - customer can request a street sweep of their street due to dirt or loose debris in the street Speed Wagon - a request for a speed indicator to be deployed on a city right of way (street) to indicate vehicle speeds Sports Equipment in Street - items that create obstructions for right of way in streets like portable basketball hoops. Street Light - New - a request for the city to deploy a new street light in a given city street/alley Street Light Trouble - street lights no longer working that need to be replaced Street Light Trouble - Open311 - street light issues reported via Minneapolis Mobile Application Streets Snow & Ice - Open311 - snow and ice complaint via Minneapolis Mobile Application Traffic Sign - New - request for a new traffic sign at an intersection, or somewhere in or near the public right of way Traffic Sign - Removal - request for an existing traffic sign to be removed Traffic Sign - Repair - request for a sign in some level of reported disrepair to be repaired or restored to fully functional condition Traffic Sign Repair - Open311 - sign repair requested via Minneapolis Mobile Application Traffic Signal - New/Modification - a request for a new traffic light at an intersection Traffic Signal Timing Issue - a problem with a light that causes delays or spillover traffic in other intersections due to poorly or disproportionate time given to one right of way over another. Traffic Signal Trouble - signal has lights out or is malfunctioning in some way Traffic Signal Trouble - Open311 - traffic signal trouble reported via Minneapolis Mobile Application Trees Down - report about a tree or tree branch that is obstruction the public right of way Unpermitted Work - report that indicates concern that a citizen or contractor is performing work on properties that requires a city of Minneapolis permit Urgent Pollution Complaint - land, air, water pollution complaints that need immediate attention Water Main Break - Report about water leaking or gushing from a main water pipe Water Pollution Complaint - can report concerns about suspected water pollution Water Quality Issues - reports about water having color, or fishy taste, or some other concern about the quality of water. Water Service Issue - report about frozen water pipes, leaks, low pressure, no water, etc. Zoning Ordinance Complaint - complaints about zoning regulations",eng,Tip: Check “Visit Source” link for download options.,MapIT Minneapolis,Open Data Minneapolis,,Web services,,,311|Minneapolis|OpenData,2016,2020-04-30,2016-2016,Minnesota--Minneapolis|Minnesota,"-93.354,0.000,14.883,5.080","ENVELOPE(-93.354,14.883,5.080,0.000)",Public,https://creativecommons.org/publicdomain/zero/1.0,ArcGIS FeatureLayer,ba5cc745-21c5-4ae9-954b-72dd8db6815a,05c-01,2026-10-08,published,https://hub.arcgis.com/datasets/ae250c0412c24656b69b2d8a92468533_0,,ArcGIS Hub,DCAT API,https://opendata.minneapolismn.gov/api/feed/dcat-us/1.1.json,,,
e95ef4f73bd64ea7bf3af390db0539f7_0,05c-01,Public 311 2015 [Minnesota--Minneapolis],Public 311 2015,"For questions about this data please contact 311OpenData@minneapolismn.gov The data provided are public-facing service requests that were taken by 311 contact center agents, or through online and mobile applications, and entered the Lagan CRM system during 2015. The two main identifiers of data, with which users of the open data should converse with 311, are the Case ID and the Type Name field. Type name is the common used title for a service request among city staff, 311, and the community at large. Attribute Descriptions Case ID - Gives a unique identifying number associated with each case. Subject - This is the top level hierarchy definition of a service request. It is most closely associated with a department designation. Enquiry Type ID - An additional identification number . Reason - This is the 2nd level classification of a service request and reflects a program name or a division assigned to perform the service request. Type - This is the 3rd level classification describing what the service request specifically is for. It is the most common designation description used in the city. Title - Similar to the Type column, this describes more details about the incident. Open Date Time - This is the date and time stamp when the department, program, or division assigned to complete the task in a service request starts working that service request. Case Status - If case status = ""0"", it means the case is closed. If case status = ""1"", the case is still considered open. All cases with a case status of ""1"" should not have a closed date. Closed Date Time - The date a resolving department, division or program completed the service request. XCoord & YCoord - This is the coordinate the city provides of where the service request occurred in the WGS 84 web Mercator auxilliary sphere coordinate system. Service Request Definition List Abandoned Vehicle - a vehicle parked in a public right of way (street) that appears to have been left by its owner in excess of 72 consecutive hours or lacking vital component parts (City Ordinance 478.250). Abandoned Vehicle - Open311 - vehicle reported abandoned via the Minneapolis Mobile Application. Abandoned/Illegally Parked Bicycle - This is a report of an abandoned (or missing parts) bike by owner or someone else Air Pollution Complaint - air contaminants, fumes, or other offensive odors that occur outdoors and impacts the environment. Animal Complaint - Livability - nuisance conditions such as barking dog, stray pets Animal Complaint - Public Healt h - abandoned, mistreated or uncared for animal, excessive feces in yard causing health risks. Barricade Pickup/Placement - request for City staff to deploy or remove barricades from city street and or sidewalks. Bicycle Lane Issue - complaint for users of bike paths to report off-street bike path trail issues such as pavement, lighting, fencing, signs, debris, overgrown vegetation, etc. phones or other nuisance conditions on city bicycle paths. Bridge Complaint - structural issue that needs attention Chemical Spill - chemical contaminant spilled in any non-authorized location in the city. Commercial Food Safety/Sanitation Complaint - unclean or unhealthy conditions suspected at an eating establishment Debris in the Street or Alley - branches, appliances, or general objects that are blocking an alleyway or street. Debris Alley/Street - Open 311 - Debris in street or alley reported via the Minneapolis Mobile Application. Emergency Pollution Complaint same as land, air, water but emergency requiring contact with 911 Exterior Nuisance Complaint - nuisance conditions located on the exterior of a building, such as long grass, debris or trash, or long weeds. Exterior Nuisance - Self Service - nuisance conditions reportable on the 311 online applications on the website Fence or Guardrail Maintenance - report about a fence or guardrail along a city street that may be in disrepair Fire Hydrant Snow Issue - snow is impeding the normal operation of a fire hydrant….needs to be shoveled out. General Street Complaint - non-specific problem with a street that does not fit in any other type of street complaint Graffiti complaint/reporting - tagger or gang graffiti on properties, public signs, or any surface Graffiti - Open 311 - graffiti complaint made via Minneapolis Mobile Application Hydrant Issue - hydrant out of service, leaking water, damaged, etc Illegal Dumping Complaint - report of waste being disposed at a location other than where it was generated and there is proof of the dumping Land Pollution Complaint - contaminant suspected in land that may require environmental remediation to restore Licensing Complaint - complaints or concerns about a business either licensed by Minneapolis, or operating without a license. Newspaper Box Complaint - newspaper boxes for community newspapers, shoppers, or even major dailies in a state of disrepair, or not used, or obstructing the public right of way. Noise Pollution Complaint - excessive noise that disrupts peace and tranquility of neighborhoods. Parking Meter Citation Issue report that a defective meter/pay station may have cause the vehicle owner to get a ticket Parking Meter Problem - parking meter in need of attention or maintenance…possibly malfunctioning Parking Meter - Open311 - parking meter problem reported via Minneapolis Mobile Application. Parking Ramp/Lot Issue - problem with ramp such as lights out affecting safety, mechanical problems with equipment, cluttered or unsafe stairwells. Parking Violation Complaint - someone parked in a no parking zone, fire lane, etc. Parking Violation - Open311 - parking violation made via Minneapolis Mobile Application Permitted Work - report of concerns about construction work being done on private property after a permit has been obtained Pothole - report of pavement depression/defect Pothole - Open311 - pothole reported via Minneapolis Mobile Application Residential Conditions Complaint - a structural problem with a residential property with 1-3 dwelling units, such as stairwell needing repair, or a chimney in disrepair, or a broken window. Residential Conditions Complaint HOD (High Occupancy Dwelling) - a conditions complaint for properties with 4 or more residential dwelling units, or a mixed commercial and residential building, or a commercial building complaint. Residential Conditions Complaint Tenant - a complaint in which the tenant of a 1-3 unit residential dwelling unit is adversely affected by a condition in a property, such as nuisance conditions like pests, or heat issues, or malfunctioning equipment. Residential Conditions Complaint HOD Tenant - this is a tenant complaint in a residential building with 4 or more units, a mixed commercial and residential building, or a commercial building complaint. Residential Disability Zone - a vehicle parked in a zone reserved for disabled citizens illegally, or periodically can be reported here. Sand Barrell - request to have a sand barrel placed at a location in the City of Minneapolis Sewer Issues - report of sewer issues such as missing grate, odor, plugged basin, manhole cover issue, sewer backup, etc. Sidewalk Obstruction Complaint - an object or overhanging bush or tree that prevents public right of way on the sidewalk Sidewalk Snow & Ice Complaint - sidewalk that has not been maintained after a snow event or in a melt refreeze cycle. Sidewalk Snow and Ice - SS - sidewalk snow and ice complaint that is reported on the 311 website. Sidewalk Snow & Ice - Open311 - sidewalk snow & ice report via Minneapolis Mobile Application Sidewalk Structural Complaint - a sidewalk that is uneven, or fractured can be reported on this service request. Sidewalk Structural - Open311 - a sidewalk structural complaint made via Minneapolis Mobile Application Sign Complaint - a sign that is not permitted in the city, like a bandit sign for real estate purchasing companies, or other unwanted signs. Snow - Illegal Dumping - complaint about snow being shoveled and dumped back into the street or public right of way. Snow & Ice Complaint - this is a snow and ice complaint in a city street or alley Special Sweep - customer can request a street sweep of their street due to dirt or loose debris in the street Speed Wagon - a request for a speed indicator to be deployed on a city right of way (street) to indicate vehicle speeds Sports Equipment in Street - items that create obstructions for right of way in streets like portable basketball hoops. Street Light - New - a request for the city to deploy a new street light in a given city street/alley Street Light Trouble - street lights no longer working that need to be replaced Street Light Trouble - Open311 - street light issues reported via Minneapolis Mobile Application Streets Snow & Ice - Open311 - snow and ice complaint via Minneapolis Mobile Application Traffic Sign - New - request for a new traffic sign at an intersection, or somewhere in or near the public right of way Traffic Sign - Removal - request for an existing traffic sign to be removed Traffic Sign - Repair - request for a sign in some level of reported disrepair to be repaired or restored to fully functional condition Traffic Sign Repair - Open311 - sign repair requested via Minneapolis Mobile Application Traffic Signal - New/Modification - a request for a new traffic light at an intersection Traffic Signal Timing Issue - a problem with a light that causes delays or spillover traffic in other intersections due to poorly or disproportionate time given to one right of way over another. Traffic Signal Trouble - signal has lights out or is malfunctioning in some way Traffic Signal Trouble - Open311 - traffic signal trouble reported via Minneapolis Mobile Application Trees Down - report about a tree or tree branch that is obstruction the public right of way Unpermitted Work - report that indicates concern that a citizen or contractor is performing work on properties that requires a city of Minneapolis permit Urgent Pollution Complaint - land, air, water pollution complaints that need immediate attention Water Main Break - Report about water leaking or gushing from a main water pipe Water Pollution Complaint - can report concerns about suspected water pollution Water Quality Issues - reports about water having color, or fishy taste, or some other concern about the quality of water. Water Service Issue - report about frozen water pipes, leaks, low pressure, no water, etc. Zoning Ordinance Complaint - complaints about zoning regulations",eng,Tip: Check “Visit Source” link for download options.,MapIT Minneapolis,Open Data Minneapolis,,Web services,,,311|Minneapolis|OpenData,2015,2020-04-30,2015-2015,Minnesota--Minneapolis|Minnesota,"-93.354,0.000,14.883,5.080","ENVELOPE(-93.354,14.883,5.080,0.000)",Public,https://creativecommons.org/publicdomain/zero/1.0,ArcGIS FeatureLayer,ba5cc745-21c5-4ae9-954b-72dd8db6815a,05c-01,2026-10-08,published,https://hub.arcgis.com/datasets/e95ef4f73bd64ea7bf3af390db0539f7_0,,ArcGIS Hub,DCAT API,https://opendata.minneapolismn.gov/api/feed/dcat-us/1.1.json,,,
25c526d798fc403eb54d4ac963225de3_0,05c-01,Snow Emergency Kasota Tags 2019 2020 [Minnesota--Minneapolis],Snow Emergency Kasota Tags 2019 2020,"This is the information about the number and location of tags (parking tickets) during this snow emergency. Tag data will be retained for all Snow Emergencies in each snow season, until there is five full seasons of snow emergencies. Disclaimer: At this point we only have the tag data enclosed for day 2 and day 3 the snow emergencies. Day 1 tag data is collected manually and is not available at this time electronically. Tags Field Name Field Type Field Description FID Object ID Object ID Citation_N Text254 Citation Number Address Text 254 Address of the citation Latitude Numeric X Coordinate - Geocode Longitude Numeric Y Coordinate - Geocode Neighborho Text 254 Neighborhood Location Community Text 254 Community Location Ward Text 254 Ward Location Day_ID Numeric Snow Emergency Day Identifier Date Date Citation Date Code Text 254 Snow Emergency Parking Ordinance Descriptio Text 2 Snow Emergency Parking Ordinance Description Tow_Dist Double 15 Tow Districts Identifier Snow_Emerg Text Event Name",eng,Tip: Check “Visit Source” link for download options.,MapIT Minneapolis,Open Data Minneapolis,,Web services,,,Minneapolis|SnowEmergency|PublicWorks|2019|2020,2019,2020-01-21,2019-2019,Minnesota--Minneapolis|Minnesota,"-93.329,44.890,-93.194,45.051","ENVELOPE(-93.329,-93.194,45.051,44.890)",Public,https://creativecommons.org/publicdomain/zero/1.0,ArcGIS FeatureLayer,ba5cc745-21c5-4ae9-954b-72dd8db6815a,05c-01,2026-10-08,published,https://hub.arcgis.com/datasets/25c526d798fc403eb54d4ac963225de3_0,,ArcGIS Hub,DCAT API,https://opendata.minneapolismn.gov/api/feed/dcat-us/1.1.json,,,
72ef3a1d76b4472c97be170ddd3701fd_0,05c-01,Snow Emergency Kasota Tows 2019 2020 [Minnesota--Minneapolis],Snow Emergency Kasota Tows 2019 2020,"This is the information about the number and location of tows during this snow emergency. Tow data will be retained for all Snow Emergencies in each snow season, until there is five full seasons of snow emergencies. Disclaimer: There is an expected address error rate of between 8 and 14 percent. Snow Emergency Tows - 2019/2020 Season #2 Kasota (12/30/19 thru 1/1/20) Tows Field Name Field Type Field Description FID Object ID Object ID Call_Taken Text Date and time tag written Customer Text Snow Emergency Location Text Address Latitude Numeric X Coordinate - Geocode Longitude Numeric Y Coordinate - Geocode Day Text Day of event Ward Text Ward number 1 - 13 Community Text Name of Community Neighborho Text Name of Neighborhood Tow_Zone Text Tow District Snow_Emerg Text Event Name",eng,Tip: Check “Visit Source” link for download options.,MapIT Minneapolis,Open Data Minneapolis,,Web services,,,PublicWorks|Minneapolis|SnowEmergency|Tows|2019|2020,2019,2020-01-21,2019-2019,Minnesota--Minneapolis|Minnesota,"-93.329,44.890,-93.194,45.051","ENVELOPE(-93.329,-93.194,45.051,44.890)",Public,https://creativecommons.org/publicdomain/zero/1.0,ArcGIS FeatureLayer,ba5cc745-21c5-4ae9-954b-72dd8db6815a,05c-01,2026-10-08,published,https://hub.arcgis.com/datasets/72ef3a1d76b4472c97be170ddd3701fd_0,,ArcGIS Hub,DCAT API,https://opendata.minneapolismn.gov/api/feed/dcat-us/1.1.json,,,
0b12e290edb64816a7cd5270fdd6bacb_0,05c-01,Police Incidents 2016 [Minnesota--Minneapolis],Police Incidents 2016,For questions about this data please contact PoliceOpenData@minneapolismn.gov Police Incidents for 2016,eng,Tip: Check “Visit Source” link for download options.,MapIT Minneapolis,Open Data Minneapolis,,Web services,,,Minneapolis|OpenData|Police|PublicSafety|PoliceIncidents2016,2016,2017-03-06,2016-2016,Minnesota--Minneapolis|Minnesota,"-93.329,0.000,0.000,45.051","ENVELOPE(-93.329,0.000,45.051,0.000)",Public,https://creativecommons.org/publicdomain/zero/1.0,ArcGIS FeatureLayer,ba5cc745-21c5-4ae9-954b-72dd8db6815a,05c-01,2026-10-08,published,https://hub.arcgis.com/datasets/0b12e290edb64816a7cd5270fdd6bacb_0,,ArcGIS Hub,DCAT API,https://opendata.minneapolismn.gov/api/feed/dcat-us/1.1.json,,,
9d5dec2577394d3280766249b8e3bfac_0,05c-01,Goods and Services Corridor [Minnesota--Minneapolis],Goods and Services Corridor,"For questions about this data please contact CPEDOpenData@minneapolismn.gov Goods and Services Corridors serve two purposes within the Minneapolis 2040 Future Land Use Map. They indicate where commercial uses should front in relation to properties guided for commercial future land uses. They also identify where the establishment or expansion of commercial uses can be considered. Properties immediately adjacent to a Goods and Services Corridor may be considered for commercial activity, allowing for uses similar in scale and scope to the Neighborhood and Corridor Mixed Use categories. Fields: Field Name Field Type Field Description FID UniqueID Unique Identifier Shape Geometry Geometry ObjectID ObjectID Unique ID SHAPE_Leng Double Graphic length Corridor Text Corridor name",eng,Tip: Check “Visit Source” link for download options.,MapIT Minneapolis,Open Data Minneapolis,,Web services,,,Minneapolis|OpenData|cped|Minneapolis2040|ComprehensivePlan|Planning,Last Modified: 2019-02-01,2019-02-01,2019-2019,Minnesota--Minneapolis|Minnesota,"-93.329,44.891,-93.199,45.036","ENVELOPE(-93.329,-93.199,45.036,44.891)",Public,https://creativecommons.org/publicdomain/zero/1.0,ArcGIS FeatureLayer,ba5cc745-21c5-4ae9-954b-72dd8db6815a,05c-01,2026-10-08,published,https://hub.arcgis.com/datasets/9d5dec2577394d3280766249b8e3bfac_0,,ArcGIS Hub,DCAT API,https://opendata.minneapolismn.gov/api/feed/dcat-us/1.1.json,,,
e1c4353aad6f4010bfa809876bf6d051_0,05c-01,Snow Emergency Fremont Tags 2019 [Minnesota--Minneapolis],Snow Emergency Fremont Tags 2019,"This is the information about the number and location of tags (parking tickets) during this snow emergency. Tag data will be retained for all Snow Emergencies in each snow season, until there is five full seasons of snow emergencies. Disclaimer: At this point we only have the tag data enclosed for day 2 and day 3 the snow emergencies. Day 1 tag data is collected manually and is not available at this time electronically. Field Name Field Type Field Description FID Object ID Object ID Citation_N Text254 Citation Number Address Text 254 Address of the citation Latitude Numeric X Coordinate - Geocode Longitude Numeric Y Coordinate - Geocode Neighborho Text 254 Neighborhood Location Community Text 254 Community Location Ward Text 254 Ward Location Day_ID Numeric Snow Emergency Day Identifier Date Date Citation Date Code Text 254 Snow Emergency Parking Ordinance Descriptio Text 2 Snow Emergency Parking Ordinance Description Tow_Dist Double 15 Tow Districts Identifier Snow_Emerg Text Event Name",eng,Tip: Check “Visit Source” link for download options.,MapIT Minneapolis,Open Data Minneapolis,,Web services,,,2019|Minneapolis|PublicWorks|SnowEmergency|Tags,2019,2019-12-04,2019-2019,Minnesota--Minneapolis|Minnesota,"-93.328,44.891,-93.209,45.049","ENVELOPE(-93.328,-93.209,45.049,44.891)",Public,https://creativecommons.org/publicdomain/zero/1.0,ArcGIS FeatureLayer,ba5cc745-21c5-4ae9-954b-72dd8db6815a,05c-01,2026-10-08,published,https://hub.arcgis.com/datasets/e1c4353aad6f4010bfa809876bf6d051_0,,ArcGIS Hub,DCAT API,https://opendata.minneapolismn.gov/api/feed/dcat-us/1.1.json,,,
dc71f28326644345aaf482f986ed395c_0,05c-01,Snow Emergency Fremont Tows 2019 [Minnesota--Minneapolis],Snow Emergency Fremont Tows 2019,"Description This is the information about the number and location of tows during this snow emergency. Tow data will be retained for all Snow Emergencies in each snow season, until there is five full seasons of snow emergencies. Disclaimer: There is an expected address error rate of between 8 and 14 percent. Snow Emergency Tows - 2019/2020 Season #1 Fremont (11/27/19 thru 11/29/19) Field Name Field Type Field Description FID Object ID Object ID Call_Taken Text Date and time tag written Customer Text Snow Emergency Location Text Address Latitude Numeric X Coordinate - Geocode Longitude Numeric Y Coordinate - Geocode Day Text Day of event Ward Text Ward number 1 - 13 Community Text Name of Community Neighborho Text Name of Neighborhood Tow_Zone Text Tow District Snow_Emerg Text Event Name",eng,Tip: Check “Visit Source” link for download options.,MapIT Minneapolis,Open Data Minneapolis,,Web services,,,2019|Minneapolis|PublicWorks|SnowEmergency|Tows,2019,2019-12-04,2019-2019,Minnesota--Minneapolis|Minnesota,"-93.319,44.899,-93.215,45.040","ENVELOPE(-93.319,-93.215,45.040,44.899)",Public,https://creativecommons.org/publicdomain/zero/1.0,ArcGIS FeatureLayer,ba5cc745-21c5-4ae9-954b-72dd8db6815a,05c-01,2026-10-08,published,https://hub.arcgis.com/datasets/dc71f28326644345aaf482f986ed395c_0,,ArcGIS Hub,DCAT API,https://opendata.minneapolismn.gov/api/feed/dcat-us/1.1.json,,,
2b5c73187ce04666ae6f732cff748550_0,05c-01,Snow Emergency Diamond Lake Tows 2019 [Minnesota--Minneapolis],Snow Emergency Diamond Lake Tows 2019,"This is the information about the number and location of tows during this snow emergency. Tow data will be retained for all Snow Emergencies in each snow season, until there is five full seasons of snow emergencies. Disclaimer: There is an expected address error rate of between 8 and 14 percent. Snow Emergency Tows - 2018/2019 Season #6 Diamond Lake (3/10/19 thru 3/12/19) Field Name Field Type Field Description FID Object ID Object ID Call_Taken Text Date and time tag written Customer Text Snow Emergency Location Text Address Latitude Numeric X Coordinate - Geocode Longitude Numeric Y Coordinate - Geocode Neighborho Text Name of Neighborhood Ward Text Ward number 1 - 13 Community Text Name of Community Day_identi Text Day of Event TowDist Text Tow District",eng,Tip: Check “Visit Source” link for download options.,MapIT Minneapolis,Open Data Minneapolis,,Web services,,,Minneapolis|Tags|parking|2019|Minneapolis|PublicWorks|Tows|SnowEmergency,2019,2019-03-15,2019-2019,Minnesota--Minneapolis|Minnesota,"-93.321,44.899,-93.209,45.041","ENVELOPE(-93.321,-93.209,45.041,44.899)",Public,https://creativecommons.org/publicdomain/zero/1.0,ArcGIS FeatureLayer,ba5cc745-21c5-4ae9-954b-72dd8db6815a,05c-01,2026-10-08,published,https://hub.arcgis.com/datasets/2b5c73187ce04666ae6f732cff748550_0,,ArcGIS Hub,DCAT API,https://opendata.minneapolismn.gov/api/feed/dcat-us/1.1.json,,,
8ee899aa241d495f92968be8e42e4c7d_0,05c-01,Snow Emergency Diamond Lake Tags 2019 [Minnesota--Minneapolis],Snow Emergency Diamond Lake Tags 2019,"This is the information about the number and location of tags (parking tickets) during this snow emergency. Tag data will be retained for all Snow Emergencies in each snow season, until there is five full seasons of snow emergencies. Disclaimer: At this point we only have the tag data enclosed for day 2 and day 3 the snow emergencies. Day 1 tag data is collected manually and is not available at this time electronically. There is also an expected address error rate of between 5 and 10 percent. Snow Emergency Tags - 2018/2019 Season #6 Diamond Lake (3/10/19 thru 3/12/19) Field Name Field Type Field Description FID Object ID Object ID Citation_N Text254 Citation Number Date Date Citation Date Address Text 254 Address of the citation X_Coord Double 15 X Coordinate - Geocode Y_Coord Double 15 Y Coordinate - Geocode Ordinance Text 254 Snow Emergency Parking Ordinance Ordinanc_1 Text 254 Snow Emergency Parking Ordinance Description Ward Short Ward Location Neighborho Text 50 Neighborhood Location Community Text 50 Community Location Day_ID Text 2 Snow Emergency Day Identifier TowDist Double 15 Tow Districts Identifier",eng,Tip: Check “Visit Source” link for download options.,MapIT Minneapolis,Open Data Minneapolis,,Web services,,,Minneapolis|SnowEmergency|Tags|parking|2019|Minneapolis|SnowEmergency|PublicWorks|Tags|2019,2019,2019-03-15,2019-2019,Minnesota--Minneapolis|Minnesota,"-93.329,44.891,-93.208,45.050","ENVELOPE(-93.329,-93.208,45.050,44.891)",Public,https://creativecommons.org/publicdomain/zero/1.0,ArcGIS FeatureLayer,ba5cc745-21c5-4ae9-954b-72dd8db6815a,05c-01,2026-10-08,published,https://hub.arcgis.com/datasets/8ee899aa241d495f92968be8e42e4c7d_0,,ArcGIS Hub,DCAT API,https://opendata.minneapolismn.gov/api/feed/dcat-us/1.1.json,,,
aaf4274109f34ffd93ac71267c5b276e_0,05c-01,Motorized Foot Scooter Trips 2018 [Minnesota--Minneapolis],Motorized Foot Scooter Trips 2018,"This dataset includes all scooter trips within the City of Minneapolis for the pilot program from July 10 to November 30, 2018. We have removed data when trips were over 7 hours and less than 0 miles or greater than 24 miles. TripID: a unique identifier for each trip created by the City of Minneapolis TripDuration: trip time in seconds TripDistance: trip distance in meters StartTime: time the trip started, rounded to the nearest half hour EndTime: time the trip ended, rounded to the nearest half hour StartCenterlineID: the street centerline GBSID the trip started on. Refer to the Street Centerline dataset here: http://opendata.minneapolismn.gov/datasets/street-centerline EndCenterlineID: the street centerline GBSID the trip ended on. Refer to the Street Centerline dataset here: http://opendata.minneapolismn.gov/datasets/street-centerline",eng,Tip: Check “Visit Source” link for download options.,MapIT Minneapolis,Open Data Minneapolis,,Web services,,,Minneapolis|opendata|Scooter,2018,2019-03-04,2018-2018,Minnesota--Minneapolis|Minnesota,"-93.329,44.890,-93.194,45.051","ENVELOPE(-93.329,-93.194,45.051,44.890)",Public,https://creativecommons.org/publicdomain/zero/1.0,ArcGIS FeatureLayer,ba5cc745-21c5-4ae9-954b-72dd8db6815a,05c-01,2026-10-08,published,https://hub.arcgis.com/datasets/aaf4274109f34ffd93ac71267c5b276e_0,,ArcGIS Hub,DCAT API,https://opendata.minneapolismn.gov/api/feed/dcat-us/1.1.json,,,
2726be2ce37141de9969105666700b9b_0,05c-01,Snow Emergency Grant Tows 2015 [Minnesota--Minneapolis],Snow Emergency Grant Tows 2015,"This is the information about the number and location of tows during this snow emergency. Tow data will be retained for all Snow Emergencies in each snow season, until there is five full seasons of snow emergencies. Disclaimer: There is an expected address error rate of between 8 and 14 percent. Snow Emergency Tows - 2015/2016 Season #1 Grant (12/29/15 thru 12/31/15) Field Name Field Type Field Description Call Taken Text Date and time tag written Location Text Address X Coord Double X Coordinate - Geocode Y Coord. Double Y Coordinate - Geocode Day identifier Text Day of Snow Emergency",eng,Tip: Check “Visit Source” link for download options.,MapIT Minneapolis,Open Data Minneapolis,,Web services,,,PublicWorks|Minneapolis|Tows|SnowEmergency|2015,2015,2016-02-09,2015-2015,Minnesota--Minneapolis|Minnesota,"-93.317,44.892,-93.213,45.046","ENVELOPE(-93.317,-93.213,45.046,44.892)",Public,https://creativecommons.org/publicdomain/zero/1.0,ArcGIS FeatureLayer,ba5cc745-21c5-4ae9-954b-72dd8db6815a,05c-01,2026-10-08,published,https://hub.arcgis.com/datasets/2726be2ce37141de9969105666700b9b_0,,ArcGIS Hub,DCAT API,https://opendata.minneapolismn.gov/api/feed/dcat-us/1.1.json,,,
82b505b7a6004caca5f53bbe61e71366_0,05c-01,Snow Emergency Grant Tags 2015 [Minnesota--Minneapolis],Snow Emergency Grant Tags 2015,"This is the information about the number and location of tags (parking tickets) during this snow emergency. Tag data will be retained for all Snow Emergencies in each snow season, until there is five full seasons of snow emergencies. Disclaimer: At this point we only have the tag data enclosed for day 2 and day 3 the snow emergencies. Day 1 tag data is collected manually and is not available at this time electronically. There is also an expected address error rate of between 5 and 10 percent. Snow Emergency Tags - 2015/2016 Season #1 Grant (12/29/15 thru 12/31/15) Field Name Field Type Field Description Citation Double 15 Citation Number Date Date Citation Date Address Text 254 Address of the citation X_Coord Double 15 X Coordinate - Geocode Y_Coord Double 15 Y Coordinate - Geocode Ordinance Text 254 Snow Emergency Parking Ordinance Ordinanc_1 Text 254 Snow Emergency Parking Ordinance Description Ward Double 15 Ward Location Neighborho Text 254 Neighborhood Location Community Text 254 Community Location Day_ID Text 254 Snow Emergency Day Identifier",eng,Tip: Check “Visit Source” link for download options.,MapIT Minneapolis,Open Data Minneapolis,,Web services,,,PublicWorks|Minneapolis|SnowEmergency|Tags|parking|2015,2015,2016-03-31,2015-2015,Minnesota--Minneapolis|Minnesota,"-93.328,44.891,-93.205,45.050","ENVELOPE(-93.328,-93.205,45.050,44.891)",Public,https://creativecommons.org/publicdomain/zero/1.0,ArcGIS FeatureLayer,ba5cc745-21c5-4ae9-954b-72dd8db6815a,05c-01,2026-10-08,published,https://hub.arcgis.com/datasets/82b505b7a6004caca5f53bbe61e71366_0,,ArcGIS Hub,DCAT API,https://opendata.minneapolismn.gov/api/feed/dcat-us/1.1.json,,,
673e398341e246ecb47c1d4b61cec362_0,05c-01,Snow Emergency Jane Tags 2017 [Minnesota--Minneapolis],Snow Emergency Jane Tags 2017,"This is the information about the number and location of tags (parking tickets) during this snow emergency. Tag data will be retained for all Snow Emergencies in each snow season, until there is five full seasons of snow emergencies. Disclaimer: At this point we only have the tag data enclosed for day 2 and day 3 the snow emergencies. Day 1 tag data is collected manually and is not available at this time electronically. There is also an expected address error rate of between 5 and 10 percent. Snow Emergency Tags - 2016/2017 Season #2 Jane (1/11/17 thru 1/13/17) Field Name Field Type Field Description FID Object ID Object ID Citation_N Text254 Citation Number Date Date Citation Date Address Text 254 Address of the citation X_Coord Double 15 X Coordinate - Geocode Y_Coord Double 15 Y Coordinate - Geocode Ordinance Text 254 Snow Emergency Parking Ordinance Ordinanc_1 Text 254 Snow Emergency Parking Ordinance Description Ward Short Ward Location Neighborho Text 50 Neighborhood Location Community Text 50 Community Location Day_ID Text 2 Snow Emergency Day Identifier TowDist Double 15 Tow Districts Identifier",eng,Tip: Check “Visit Source” link for download options.,MapIT Minneapolis,Open Data Minneapolis,,Web services,,,PublicWorks|Minneapolis|SnowEmergency|Tags|parking|2017,2017,2017-01-24,2017-2017,Minnesota--Minneapolis|Minnesota,"-93.328,44.891,-93.205,45.051","ENVELOPE(-93.328,-93.205,45.051,44.891)",Public,https://creativecommons.org/publicdomain/zero/1.0,ArcGIS FeatureLayer,ba5cc745-21c5-4ae9-954b-72dd8db6815a,05c-01,2026-10-08,published,https://hub.arcgis.com/datasets/673e398341e246ecb47c1d4b61cec362_0,,ArcGIS Hub,DCAT API,https://opendata.minneapolismn.gov/api/feed/dcat-us/1.1.json,,,
7177e04c30464c06afea123aaea4710d_0,05c-01,Snow Emergency Jane Tows 2017 [Minnesota--Minneapolis],Snow Emergency Jane Tows 2017,"This is the information about the number and location of tows during this snow emergency. Tow data will be retained for all Snow Emergencies in each snow season, until there is five full seasons of snow emergencies. Disclaimer: There is an expected address error rate of between 8 and 14 percent. Snow Emergency Tows - 2016/2017 Season #2 Jane (1/11/17 thru 1/13/17) Field Name Field Type Field Description FID Object ID Object ID Call_Taken Text Date and time tag written Customer Text Snow Emergency Location Text Address Latitude Numeric X Coordinate - Geocode Longitude Numeric Y Coordinate - Geocode Day Text Day of event Ward Text Ward number 1 - 13 Community Text Name of Community Neighborho Text Name of Neighborhood Tow Text Tow District",eng,Tip: Check “Visit Source” link for download options.,MapIT Minneapolis,Open Data Minneapolis,,Web services,,,PublicWorks|Minneapolis|SnowEmergency|Tows|2017,2017,2017-01-25,2017-2017,Minnesota--Minneapolis|Minnesota,"-93.328,44.899,-93.207,45.051","ENVELOPE(-93.328,-93.207,45.051,44.899)",Public,https://creativecommons.org/publicdomain/zero/1.0,ArcGIS FeatureLayer,ba5cc745-21c5-4ae9-954b-72dd8db6815a,05c-01,2026-10-08,published,https://hub.arcgis.com/datasets/7177e04c30464c06afea123aaea4710d_0,,ArcGIS Hub,DCAT API,https://opendata.minneapolismn.gov/api/feed/dcat-us/1.1.json,,,
ebd26401443d4d28911adb5c367240db_0,05c-01,Snow Emergency Howe Tags 2018 [Minnesota--Minneapolis],Snow Emergency Howe Tags 2018,"This is the information about the number and location of tags (parking tickets) during this snow emergency. Tag data will be retained for all Snow Emergencies in each snow season, until there is five full seasons of snow emergencies. Disclaimer: At this point we only have the tag data enclosed for day 2 and day 3 the snow emergencies. Day 1 tag data is collected manually and is not available at this time electronically. There is also an expected address error rate of between 5 and 10 percent. Snow Emergency Tags - 2017/2018 Season #4 Howe (4/15/18 thru 4/17/18) Field Name Field Type Field Description FID Object ID Object ID Citation_N Text254 Citation Number Address Text 254 Address of the citation Latitude Numeric X Coordinate - Geocode Longitude Numeric Y Coordinate - Geocode Neighborho Text 254 Neighborhood Location Community Text 254 Community Location Ward Text 254 Ward Location Day_ID Numeric Snow Emergency Day Identifier Date Date Citation Date Code Text 254 Snow Emergency Parking Ordinance Descriptio Text 2 Snow Emergency Parking Ordinance Description Tow_Dist Double 15 Tow Districts Identifier",eng,Tip: Check “Visit Source” link for download options.,MapIT Minneapolis,Open Data Minneapolis,,Web services,,,Minneapolis|PublicWorks|2018|SnowEmergency|Tags,2018,2018-04-18,2018-2018,Minnesota--Minneapolis|Minnesota,"-93.328,44.891,-93.203,45.051","ENVELOPE(-93.328,-93.203,45.051,44.891)",Public,https://creativecommons.org/publicdomain/zero/1.0,ArcGIS FeatureLayer,ba5cc745-21c5-4ae9-954b-72dd8db6815a,05c-01,2026-10-08,published,https://hub.arcgis.com/datasets/ebd26401443d4d28911adb5c367240db_0,,ArcGIS Hub,DCAT API,https://opendata.minneapolismn.gov/api/feed/dcat-us/1.1.json,,,
