friendlier_id,reference_type,distribution_url,label
276100ab313f4bb992ad39d6e2020fdd_0,arcgis_dynamic_map_layer,https://enterprise.gisdata.mn.gov/aghost/rest/services/us_mn_state_dnr/water_bonanza_recharge_potential/MapServer/0,
276100ab313f4bb992ad39d6e2020fdd_1,arcgis_dynamic_map_layer,https://enterprise.gisdata.mn.gov/aghost/rest/services/us_mn_state_dnr/water_bonanza_recharge_potential/MapServer/1,
276100ab313f4bb992ad39d6e2020fdd_2,arcgis_dynamic_map_layer,https://enterprise.gisdata.mn.gov/aghost/rest/services/us_mn_state_dnr/water_bonanza_recharge_potential/MapServer/2,
7a448ee1a09a4fc781857128f75d8827_0,arcgis_dynamic_map_layer,https://gis.hennepin.us/arcgis/rest/services/HennepinData/LANDSLIDE_DATED/MapServer/0,
fd527cfaa7d645fd95631eb658cec4fa_12,arcgis_dynamic_map_layer,https://gis.hennepin.us/arcgis/rest/services/HennepinData/BOUNDARIES/MapServer/12,
90b2cef147c94a3f9fc0011aae0fa39c_11,arcgis_dynamic_map_layer,https://gis.hennepin.us/arcgis/rest/services/HennepinData/BOUNDARIES/MapServer/11,
d79e1a5432e44980877703f5371a1a70_1,arcgis_dynamic_map_layer,https://asr-arcgis01.ricecountymn.gov/arcgis/rest/services/Maps/TaxParcels/MapServer/1,
ec9dc2a51cb5478c91a85b90128adcf5_10,arcgis_dynamic_map_layer,https://gis.hennepin.us/arcgis/rest/services/HennepinData/BOUNDARIES/MapServer/10,
3a22d3f9d47a48c79c07f806bcfb63e5_1,arcgis_dynamic_map_layer,https://gis.hennepin.us/arcgis/rest/services/HennepinData/HEAT_WATCH/MapServer/1,
0332d23eb9544d27a76084822812f788_0,arcgis_dynamic_map_layer,https://gis.hennepin.us/arcgis/rest/services/HennepinData/HEAT_WATCH/MapServer/0,
58e9c48619a6471fa509be660c321b75_2,arcgis_dynamic_map_layer,https://gis.hennepin.us/arcgis/rest/services/HennepinData/HEAT_WATCH/MapServer/2,
31f8f02d067f4a7daedf2bb4b7fd7ac4_6,arcgis_dynamic_map_layer,https://gis.hennepin.us/arcgis/rest/services/HennepinData/BOUNDARIES/MapServer/6,
f066ef57b3fe40ebbfefaa318a261d75_2,arcgis_dynamic_map_layer,https://gis.hennepin.us/arcgis/rest/services/HennepinData/ENVIRONMENT/MapServer/2,
b9a198372ae44dde8d468c8950ae2502_4,arcgis_dynamic_map_layer,https://gis.hennepin.us/arcgis/rest/services/HennepinData/PLACES/MapServer/4,
f8a5f3d9a5334471a328a869364c1a53_4,arcgis_dynamic_map_layer,https://gis.hennepin.us/arcgis/rest/services/HennepinData/LAND_PROPERTY/MapServer/4,
c76bcca7eb564523b6a1cf2807cbc481_3,arcgis_dynamic_map_layer,https://gis.hennepin.us/arcgis/rest/services/HennepinData/PLACES/MapServer/3,
8dcdf020c0624a5494b492e36deaad5c_0,arcgis_dynamic_map_layer,https://gis.hennepin.us/arcgis/rest/services/HennepinData/ENVIRONMENT/MapServer/0,
94d7d1d48b1b49cbbe0aaa90bbcedac8_1,arcgis_dynamic_map_layer,https://gis.hennepin.us/arcgis/rest/services/HennepinData/ENVIRONMENT/MapServer/1,
c2ebd4556a2b477a8bd208da6972bea6_0,arcgis_dynamic_map_layer,https://gis.hennepin.us/arcgis/rest/services/HennepinData/LANDSLIDE_UNDATED/MapServer/0,
2c68a692df4b4e47af378a00452d85b0_0,arcgis_dynamic_map_layer,https://gis.hennepin.us/arcgis/rest/services/HennepinData/TRANSPORTATION/MapServer/0,
c36362ca783240ec974e29b87063a144_4,arcgis_dynamic_map_layer,https://gis.hennepin.us/arcgis/rest/services/HennepinData/BOUNDARIES/MapServer/4,
daa179d9af5442ed882c6a2b985e2c71_2,arcgis_dynamic_map_layer,https://gis.hennepin.us/arcgis/rest/services/HennepinData/PLACES/MapServer/2,
d47c495bda3f4458bdbfff0e6a842d70_1,arcgis_dynamic_map_layer,https://gis.hennepin.us/arcgis/rest/services/HennepinData/BOUNDARIES/MapServer/1,
938c8598f0a0439a8d612bb7894a05cc_1,arcgis_dynamic_map_layer,https://gis.hennepin.us/arcgis/rest/services/HennepinData/TRANSPORTATION/MapServer/1,
038b0504d5e74b708121a008abe0f0e9_0,arcgis_dynamic_map_layer,https://gis.hennepin.us/arcgis/rest/services/HennepinData/HEALTH/MapServer/0,
389b45bdb8b64b59858f87d544875557_1,arcgis_dynamic_map_layer,https://gis.hennepin.us/arcgis/rest/services/HennepinData/PLACES/MapServer/1,
173069c1f85943bea833c90710c87d85_0,arcgis_dynamic_map_layer,https://gis.hennepin.us/arcgis/rest/services/HennepinData/BOUNDARIES/MapServer/0,
21d4448963034222a8f54c23fbefe693_0,arcgis_dynamic_map_layer,https://gis.hennepin.us/arcgis/rest/services/HennepinData/PLACES/MapServer/0,
09428b0d61d84a04a9d6a2f9fbab0eec_6,arcgis_dynamic_map_layer,https://gis.hennepin.us/arcgis/rest/services/HennepinData/TRANSPORTATION/MapServer/6,
7a24f282f0d7497f9352519dbb3607e8_0,arcgis_dynamic_map_layer,https://gis.hennepin.us/arcgis/rest/services/HennepinData/LAND_PROPERTY/MapServer/0,
84bd64859ff44eda93a122ebed709d87_8,arcgis_dynamic_map_layer,https://gis2.co.dakota.mn.us/arcgis/rest/services/DCGIS_OL_PoliticalAdministrative/MapServer/8,
297fcd81118a4d5cbf2fd07ebdee628c_80,arcgis_dynamic_map_layer,https://gis2.co.dakota.mn.us/arcgis/rest/services/DCGIS_OL_PropertyInformation/MapServer/80,
d0300b02c56441438cd51ac3bc100eea_77,arcgis_dynamic_map_layer,https://gis2.co.dakota.mn.us/arcgis/rest/services/DCGIS_OL_PropertyInformation/MapServer/77,
0fd7fa4d5f91495ab929deed6aa5ec03_27,arcgis_dynamic_map_layer,https://gis2.co.dakota.mn.us/arcgis/rest/services/DCGIS_OL_PropertyInformation/MapServer/27,
def43a459b2348199307f4981f94ebbb_28,arcgis_dynamic_map_layer,https://gis2.co.dakota.mn.us/arcgis/rest/services/DCGIS_OL_PropertyInformation/MapServer/28,
950e4a4cab6b4114815e2424b74a8df9_29,arcgis_dynamic_map_layer,https://gis2.co.dakota.mn.us/arcgis/rest/services/DCGIS_OL_PropertyInformation/MapServer/29,
c47a909db8d5414c8e9e4d7703903df0_32,arcgis_dynamic_map_layer,https://gis2.co.dakota.mn.us/arcgis/rest/services/DCGIS_OL_PropertyInformation/MapServer/32,
489556b091284fa8af2d2131a9a4a65d_33,arcgis_dynamic_map_layer,https://gis2.co.dakota.mn.us/arcgis/rest/services/DCGIS_OL_PropertyInformation/MapServer/33,
c1e1bd395c144a82a045948ee8495a30_34,arcgis_dynamic_map_layer,https://gis2.co.dakota.mn.us/arcgis/rest/services/DCGIS_OL_PropertyInformation/MapServer/34,
d329fc871b2e4ceb9f2be6bb03e58ad6_35,arcgis_dynamic_map_layer,https://gis2.co.dakota.mn.us/arcgis/rest/services/DCGIS_OL_PropertyInformation/MapServer/35,
cdc5608eb9194404a6d5404e09d5ee11_36,arcgis_dynamic_map_layer,https://gis2.co.dakota.mn.us/arcgis/rest/services/DCGIS_OL_PropertyInformation/MapServer/36,
f723d8f36b7341249283a4c7d0073e69_37,arcgis_dynamic_map_layer,https://gis2.co.dakota.mn.us/arcgis/rest/services/DCGIS_OL_PropertyInformation/MapServer/37,
420143c9b08048df80a5470f2a29b266_39,arcgis_dynamic_map_layer,https://gis2.co.dakota.mn.us/arcgis/rest/services/DCGIS_OL_PropertyInformation/MapServer/39,
54fe80a28e254e3194fac4ad5f6bba8e_40,arcgis_dynamic_map_layer,https://gis2.co.dakota.mn.us/arcgis/rest/services/DCGIS_OL_PropertyInformation/MapServer/40,
516836dd7a4f4b0e81e087947a4e3276_38,arcgis_dynamic_map_layer,https://gis2.co.dakota.mn.us/arcgis/rest/services/DCGIS_OL_PropertyInformation/MapServer/38,
7f3d7036827f4fbc9fd9007c7bbdd124_42,arcgis_dynamic_map_layer,https://gis2.co.dakota.mn.us/arcgis/rest/services/DCGIS_OL_PropertyInformation/MapServer/42,
503da481d57c4b3c9fdd1ba681d538c8_41,arcgis_dynamic_map_layer,https://gis2.co.dakota.mn.us/arcgis/rest/services/DCGIS_OL_PropertyInformation/MapServer/41,
c7976667c1f342cc82da66ec6456a9c7_30,arcgis_dynamic_map_layer,https://gis2.co.dakota.mn.us/arcgis/rest/services/DCGIS_OL_PropertyInformation/MapServer/30,
5f7403cb34f846f8882f9e8df0c332c9_43,arcgis_dynamic_map_layer,https://gis2.co.dakota.mn.us/arcgis/rest/services/DCGIS_OL_PropertyInformation/MapServer/43,
7f74fb95a06c4c029c590f6fc11464ce_31,arcgis_dynamic_map_layer,https://gis2.co.dakota.mn.us/arcgis/rest/services/DCGIS_OL_PropertyInformation/MapServer/31,
48131cea0a654a81be948dbab7870c8e_0,arcgis_dynamic_map_layer,https://enterprise.gisdata.mn.gov/aghost/rest/services/us_mn_state_dnr/env_cropland_and_eco_analysis/MapServer/0,
48131cea0a654a81be948dbab7870c8e_1,arcgis_dynamic_map_layer,https://enterprise.gisdata.mn.gov/aghost/rest/services/us_mn_state_dnr/env_cropland_and_eco_analysis/MapServer/1,
48131cea0a654a81be948dbab7870c8e_2,arcgis_dynamic_map_layer,https://enterprise.gisdata.mn.gov/aghost/rest/services/us_mn_state_dnr/env_cropland_and_eco_analysis/MapServer/2,
48131cea0a654a81be948dbab7870c8e_3,arcgis_dynamic_map_layer,https://enterprise.gisdata.mn.gov/aghost/rest/services/us_mn_state_dnr/env_cropland_and_eco_analysis/MapServer/3,
48131cea0a654a81be948dbab7870c8e_4,arcgis_dynamic_map_layer,https://enterprise.gisdata.mn.gov/aghost/rest/services/us_mn_state_dnr/env_cropland_and_eco_analysis/MapServer/4,
48131cea0a654a81be948dbab7870c8e_5,arcgis_dynamic_map_layer,https://enterprise.gisdata.mn.gov/aghost/rest/services/us_mn_state_dnr/env_cropland_and_eco_analysis/MapServer/5,
44d0f0c20604463e9a0bd73d6ed7e6da_0,arcgis_dynamic_map_layer,https://enterprise.gisdata.mn.gov/aghost/rest/services/us_mn_state_dnr/env_annual_canopy_cover/MapServer/0,
44d0f0c20604463e9a0bd73d6ed7e6da_1,arcgis_dynamic_map_layer,https://enterprise.gisdata.mn.gov/aghost/rest/services/us_mn_state_dnr/env_annual_canopy_cover/MapServer/1,
44d0f0c20604463e9a0bd73d6ed7e6da_10,arcgis_dynamic_map_layer,https://enterprise.gisdata.mn.gov/aghost/rest/services/us_mn_state_dnr/env_annual_canopy_cover/MapServer/10,
44d0f0c20604463e9a0bd73d6ed7e6da_11,arcgis_dynamic_map_layer,https://enterprise.gisdata.mn.gov/aghost/rest/services/us_mn_state_dnr/env_annual_canopy_cover/MapServer/11,
44d0f0c20604463e9a0bd73d6ed7e6da_12,arcgis_dynamic_map_layer,https://enterprise.gisdata.mn.gov/aghost/rest/services/us_mn_state_dnr/env_annual_canopy_cover/MapServer/12,
44d0f0c20604463e9a0bd73d6ed7e6da_13,arcgis_dynamic_map_layer,https://enterprise.gisdata.mn.gov/aghost/rest/services/us_mn_state_dnr/env_annual_canopy_cover/MapServer/13,
44d0f0c20604463e9a0bd73d6ed7e6da_14,arcgis_dynamic_map_layer,https://enterprise.gisdata.mn.gov/aghost/rest/services/us_mn_state_dnr/env_annual_canopy_cover/MapServer/14,
44d0f0c20604463e9a0bd73d6ed7e6da_15,arcgis_dynamic_map_layer,https://enterprise.gisdata.mn.gov/aghost/rest/services/us_mn_state_dnr/env_annual_canopy_cover/MapServer/15,
44d0f0c20604463e9a0bd73d6ed7e6da_16,arcgis_dynamic_map_layer,https://enterprise.gisdata.mn.gov/aghost/rest/services/us_mn_state_dnr/env_annual_canopy_cover/MapServer/16,
44d0f0c20604463e9a0bd73d6ed7e6da_17,arcgis_dynamic_map_layer,https://enterprise.gisdata.mn.gov/aghost/rest/services/us_mn_state_dnr/env_annual_canopy_cover/MapServer/17,
44d0f0c20604463e9a0bd73d6ed7e6da_18,arcgis_dynamic_map_layer,https://enterprise.gisdata.mn.gov/aghost/rest/services/us_mn_state_dnr/env_annual_canopy_cover/MapServer/18,
44d0f0c20604463e9a0bd73d6ed7e6da_19,arcgis_dynamic_map_layer,https://enterprise.gisdata.mn.gov/aghost/rest/services/us_mn_state_dnr/env_annual_canopy_cover/MapServer/19,
44d0f0c20604463e9a0bd73d6ed7e6da_2,arcgis_dynamic_map_layer,https://enterprise.gisdata.mn.gov/aghost/rest/services/us_mn_state_dnr/env_annual_canopy_cover/MapServer/2,
44d0f0c20604463e9a0bd73d6ed7e6da_20,arcgis_dynamic_map_layer,https://enterprise.gisdata.mn.gov/aghost/rest/services/us_mn_state_dnr/env_annual_canopy_cover/MapServer/20,
44d0f0c20604463e9a0bd73d6ed7e6da_21,arcgis_dynamic_map_layer,https://enterprise.gisdata.mn.gov/aghost/rest/services/us_mn_state_dnr/env_annual_canopy_cover/MapServer/21,
44d0f0c20604463e9a0bd73d6ed7e6da_22,arcgis_dynamic_map_layer,https://enterprise.gisdata.mn.gov/aghost/rest/services/us_mn_state_dnr/env_annual_canopy_cover/MapServer/22,
44d0f0c20604463e9a0bd73d6ed7e6da_23,arcgis_dynamic_map_layer,https://enterprise.gisdata.mn.gov/aghost/rest/services/us_mn_state_dnr/env_annual_canopy_cover/MapServer/23,
44d0f0c20604463e9a0bd73d6ed7e6da_24,arcgis_dynamic_map_layer,https://enterprise.gisdata.mn.gov/aghost/rest/services/us_mn_state_dnr/env_annual_canopy_cover/MapServer/24,
44d0f0c20604463e9a0bd73d6ed7e6da_25,arcgis_dynamic_map_layer,https://enterprise.gisdata.mn.gov/aghost/rest/services/us_mn_state_dnr/env_annual_canopy_cover/MapServer/25,
44d0f0c20604463e9a0bd73d6ed7e6da_26,arcgis_dynamic_map_layer,https://enterprise.gisdata.mn.gov/aghost/rest/services/us_mn_state_dnr/env_annual_canopy_cover/MapServer/26,
44d0f0c20604463e9a0bd73d6ed7e6da_27,arcgis_dynamic_map_layer,https://enterprise.gisdata.mn.gov/aghost/rest/services/us_mn_state_dnr/env_annual_canopy_cover/MapServer/27,
44d0f0c20604463e9a0bd73d6ed7e6da_28,arcgis_dynamic_map_layer,https://enterprise.gisdata.mn.gov/aghost/rest/services/us_mn_state_dnr/env_annual_canopy_cover/MapServer/28,
44d0f0c20604463e9a0bd73d6ed7e6da_29,arcgis_dynamic_map_layer,https://enterprise.gisdata.mn.gov/aghost/rest/services/us_mn_state_dnr/env_annual_canopy_cover/MapServer/29,
44d0f0c20604463e9a0bd73d6ed7e6da_3,arcgis_dynamic_map_layer,https://enterprise.gisdata.mn.gov/aghost/rest/services/us_mn_state_dnr/env_annual_canopy_cover/MapServer/3,
44d0f0c20604463e9a0bd73d6ed7e6da_30,arcgis_dynamic_map_layer,https://enterprise.gisdata.mn.gov/aghost/rest/services/us_mn_state_dnr/env_annual_canopy_cover/MapServer/30,
44d0f0c20604463e9a0bd73d6ed7e6da_31,arcgis_dynamic_map_layer,https://enterprise.gisdata.mn.gov/aghost/rest/services/us_mn_state_dnr/env_annual_canopy_cover/MapServer/31,
44d0f0c20604463e9a0bd73d6ed7e6da_32,arcgis_dynamic_map_layer,https://enterprise.gisdata.mn.gov/aghost/rest/services/us_mn_state_dnr/env_annual_canopy_cover/MapServer/32,
44d0f0c20604463e9a0bd73d6ed7e6da_33,arcgis_dynamic_map_layer,https://enterprise.gisdata.mn.gov/aghost/rest/services/us_mn_state_dnr/env_annual_canopy_cover/MapServer/33,
44d0f0c20604463e9a0bd73d6ed7e6da_34,arcgis_dynamic_map_layer,https://enterprise.gisdata.mn.gov/aghost/rest/services/us_mn_state_dnr/env_annual_canopy_cover/MapServer/34,
44d0f0c20604463e9a0bd73d6ed7e6da_35,arcgis_dynamic_map_layer,https://enterprise.gisdata.mn.gov/aghost/rest/services/us_mn_state_dnr/env_annual_canopy_cover/MapServer/35,
44d0f0c20604463e9a0bd73d6ed7e6da_36,arcgis_dynamic_map_layer,https://enterprise.gisdata.mn.gov/aghost/rest/services/us_mn_state_dnr/env_annual_canopy_cover/MapServer/36,
44d0f0c20604463e9a0bd73d6ed7e6da_37,arcgis_dynamic_map_layer,https://enterprise.gisdata.mn.gov/aghost/rest/services/us_mn_state_dnr/env_annual_canopy_cover/MapServer/37,
44d0f0c20604463e9a0bd73d6ed7e6da_38,arcgis_dynamic_map_layer,https://enterprise.gisdata.mn.gov/aghost/rest/services/us_mn_state_dnr/env_annual_canopy_cover/MapServer/38,
44d0f0c20604463e9a0bd73d6ed7e6da_39,arcgis_dynamic_map_layer,https://enterprise.gisdata.mn.gov/aghost/rest/services/us_mn_state_dnr/env_annual_canopy_cover/MapServer/39,
44d0f0c20604463e9a0bd73d6ed7e6da_4,arcgis_dynamic_map_layer,https://enterprise.gisdata.mn.gov/aghost/rest/services/us_mn_state_dnr/env_annual_canopy_cover/MapServer/4,
44d0f0c20604463e9a0bd73d6ed7e6da_40,arcgis_dynamic_map_layer,https://enterprise.gisdata.mn.gov/aghost/rest/services/us_mn_state_dnr/env_annual_canopy_cover/MapServer/40,
44d0f0c20604463e9a0bd73d6ed7e6da_41,arcgis_dynamic_map_layer,https://enterprise.gisdata.mn.gov/aghost/rest/services/us_mn_state_dnr/env_annual_canopy_cover/MapServer/41,
44d0f0c20604463e9a0bd73d6ed7e6da_42,arcgis_dynamic_map_layer,https://enterprise.gisdata.mn.gov/aghost/rest/services/us_mn_state_dnr/env_annual_canopy_cover/MapServer/42,
44d0f0c20604463e9a0bd73d6ed7e6da_43,arcgis_dynamic_map_layer,https://enterprise.gisdata.mn.gov/aghost/rest/services/us_mn_state_dnr/env_annual_canopy_cover/MapServer/43,
44d0f0c20604463e9a0bd73d6ed7e6da_44,arcgis_dynamic_map_layer,https://enterprise.gisdata.mn.gov/aghost/rest/services/us_mn_state_dnr/env_annual_canopy_cover/MapServer/44,
44d0f0c20604463e9a0bd73d6ed7e6da_45,arcgis_dynamic_map_layer,https://enterprise.gisdata.mn.gov/aghost/rest/services/us_mn_state_dnr/env_annual_canopy_cover/MapServer/45,
44d0f0c20604463e9a0bd73d6ed7e6da_5,arcgis_dynamic_map_layer,https://enterprise.gisdata.mn.gov/aghost/rest/services/us_mn_state_dnr/env_annual_canopy_cover/MapServer/5,
44d0f0c20604463e9a0bd73d6ed7e6da_6,arcgis_dynamic_map_layer,https://enterprise.gisdata.mn.gov/aghost/rest/services/us_mn_state_dnr/env_annual_canopy_cover/MapServer/6,
44d0f0c20604463e9a0bd73d6ed7e6da_7,arcgis_dynamic_map_layer,https://enterprise.gisdata.mn.gov/aghost/rest/services/us_mn_state_dnr/env_annual_canopy_cover/MapServer/7,
44d0f0c20604463e9a0bd73d6ed7e6da_8,arcgis_dynamic_map_layer,https://enterprise.gisdata.mn.gov/aghost/rest/services/us_mn_state_dnr/env_annual_canopy_cover/MapServer/8,
44d0f0c20604463e9a0bd73d6ed7e6da_9,arcgis_dynamic_map_layer,https://enterprise.gisdata.mn.gov/aghost/rest/services/us_mn_state_dnr/env_annual_canopy_cover/MapServer/9,
d026d4e074bc4edf9eac0101f92d61f6_0,arcgis_dynamic_map_layer,https://enterprise.gisdata.mn.gov/aghost/rest/services/us_mn_state_dnr/elev_30m_digital_elevation_model/MapServer/0,
d026d4e074bc4edf9eac0101f92d61f6_1,arcgis_dynamic_map_layer,https://enterprise.gisdata.mn.gov/aghost/rest/services/us_mn_state_dnr/elev_30m_digital_elevation_model/MapServer/1,
d026d4e074bc4edf9eac0101f92d61f6_2,arcgis_dynamic_map_layer,https://enterprise.gisdata.mn.gov/aghost/rest/services/us_mn_state_dnr/elev_30m_digital_elevation_model/MapServer/2,
2a355f9d55624f69ad8f61ac96a82ebb_0,arcgis_dynamic_map_layer,https://enterprise.gisdata.mn.gov/aghost/rest/services/us_mn_state_dnr/biota_marschner_presettle_veg/MapServer/0,
2a355f9d55624f69ad8f61ac96a82ebb_1,arcgis_dynamic_map_layer,https://enterprise.gisdata.mn.gov/aghost/rest/services/us_mn_state_dnr/biota_marschner_presettle_veg/MapServer/1,
c09a05bb21394422b3d0bf9d4bd4cc7d_0,arcgis_dynamic_map_layer,https://enterprise.gisdata.mn.gov/aghost/rest/services/us_mn_state_dnr/biota_landcover_nlcd_mn_2011/MapServer/0,
c09a05bb21394422b3d0bf9d4bd4cc7d_1,arcgis_dynamic_map_layer,https://enterprise.gisdata.mn.gov/aghost/rest/services/us_mn_state_dnr/biota_landcover_nlcd_mn_2011/MapServer/1,
c09a05bb21394422b3d0bf9d4bd4cc7d_2,arcgis_dynamic_map_layer,https://enterprise.gisdata.mn.gov/aghost/rest/services/us_mn_state_dnr/biota_landcover_nlcd_mn_2011/MapServer/2,
c09a05bb21394422b3d0bf9d4bd4cc7d_3,arcgis_dynamic_map_layer,https://enterprise.gisdata.mn.gov/aghost/rest/services/us_mn_state_dnr/biota_landcover_nlcd_mn_2011/MapServer/3,
c09a05bb21394422b3d0bf9d4bd4cc7d_4,arcgis_dynamic_map_layer,https://enterprise.gisdata.mn.gov/aghost/rest/services/us_mn_state_dnr/biota_landcover_nlcd_mn_2011/MapServer/4,
c09a05bb21394422b3d0bf9d4bd4cc7d_5,arcgis_dynamic_map_layer,https://enterprise.gisdata.mn.gov/aghost/rest/services/us_mn_state_dnr/biota_landcover_nlcd_mn_2011/MapServer/5,
c09a05bb21394422b3d0bf9d4bd4cc7d_6,arcgis_dynamic_map_layer,https://enterprise.gisdata.mn.gov/aghost/rest/services/us_mn_state_dnr/biota_landcover_nlcd_mn_2011/MapServer/6,
c09a05bb21394422b3d0bf9d4bd4cc7d_7,arcgis_dynamic_map_layer,https://enterprise.gisdata.mn.gov/aghost/rest/services/us_mn_state_dnr/biota_landcover_nlcd_mn_2011/MapServer/7,
4ff683c103f34d21998824d6c132c563_0,arcgis_dynamic_map_layer,https://enterprise.gisdata.mn.gov/aghost/rest/services/us_mn_state_dnr/biota_landcover_nlcd_mn_2006/MapServer/0,
4ff683c103f34d21998824d6c132c563_1,arcgis_dynamic_map_layer,https://enterprise.gisdata.mn.gov/aghost/rest/services/us_mn_state_dnr/biota_landcover_nlcd_mn_2006/MapServer/1,
4ff683c103f34d21998824d6c132c563_2,arcgis_dynamic_map_layer,https://enterprise.gisdata.mn.gov/aghost/rest/services/us_mn_state_dnr/biota_landcover_nlcd_mn_2006/MapServer/2,
76e82e4ee5414c5aa362fedfbe019cae_0,arcgis_dynamic_map_layer,https://enterprise.gisdata.mn.gov/aghost/rest/services/us_mn_state_dnr/biota_landcover_nlcd_mn_2001/MapServer/0,
76e82e4ee5414c5aa362fedfbe019cae_1,arcgis_dynamic_map_layer,https://enterprise.gisdata.mn.gov/aghost/rest/services/us_mn_state_dnr/biota_landcover_nlcd_mn_2001/MapServer/1,
76e82e4ee5414c5aa362fedfbe019cae_2,arcgis_dynamic_map_layer,https://enterprise.gisdata.mn.gov/aghost/rest/services/us_mn_state_dnr/biota_landcover_nlcd_mn_2001/MapServer/2,
c11d5801226a4b80bc671f096f5d6d22_0,arcgis_dynamic_map_layer,https://enterprise.gisdata.mn.gov/aghost/rest/services/us_mn_state_health/water_graps_whaf/MapServer/0,
c11d5801226a4b80bc671f096f5d6d22_1,arcgis_dynamic_map_layer,https://enterprise.gisdata.mn.gov/aghost/rest/services/us_mn_state_health/water_graps_whaf/MapServer/1,
c11d5801226a4b80bc671f096f5d6d22_2,arcgis_dynamic_map_layer,https://enterprise.gisdata.mn.gov/aghost/rest/services/us_mn_state_health/water_graps_whaf/MapServer/2,
c11d5801226a4b80bc671f096f5d6d22_3,arcgis_dynamic_map_layer,https://enterprise.gisdata.mn.gov/aghost/rest/services/us_mn_state_health/water_graps_whaf/MapServer/3,
c11d5801226a4b80bc671f096f5d6d22_4,arcgis_dynamic_map_layer,https://enterprise.gisdata.mn.gov/aghost/rest/services/us_mn_state_health/water_graps_whaf/MapServer/4,
c11d5801226a4b80bc671f096f5d6d22_5,arcgis_dynamic_map_layer,https://enterprise.gisdata.mn.gov/aghost/rest/services/us_mn_state_health/water_graps_whaf/MapServer/5,
c11d5801226a4b80bc671f096f5d6d22_6,arcgis_dynamic_map_layer,https://enterprise.gisdata.mn.gov/aghost/rest/services/us_mn_state_health/water_graps_whaf/MapServer/6,
475040854e4940f1a294069156d4d814_0,arcgis_dynamic_map_layer,https://enterprise.gisdata.mn.gov/aghost/rest/services/us_mn_state_dnr/atmos_1991_2020_climate/MapServer/0,
475040854e4940f1a294069156d4d814_1,arcgis_dynamic_map_layer,https://enterprise.gisdata.mn.gov/aghost/rest/services/us_mn_state_dnr/atmos_1991_2020_climate/MapServer/1,
475040854e4940f1a294069156d4d814_10,arcgis_dynamic_map_layer,https://enterprise.gisdata.mn.gov/aghost/rest/services/us_mn_state_dnr/atmos_1991_2020_climate/MapServer/10,
475040854e4940f1a294069156d4d814_11,arcgis_dynamic_map_layer,https://enterprise.gisdata.mn.gov/aghost/rest/services/us_mn_state_dnr/atmos_1991_2020_climate/MapServer/11,
475040854e4940f1a294069156d4d814_12,arcgis_dynamic_map_layer,https://enterprise.gisdata.mn.gov/aghost/rest/services/us_mn_state_dnr/atmos_1991_2020_climate/MapServer/12,
475040854e4940f1a294069156d4d814_13,arcgis_dynamic_map_layer,https://enterprise.gisdata.mn.gov/aghost/rest/services/us_mn_state_dnr/atmos_1991_2020_climate/MapServer/13,
475040854e4940f1a294069156d4d814_14,arcgis_dynamic_map_layer,https://enterprise.gisdata.mn.gov/aghost/rest/services/us_mn_state_dnr/atmos_1991_2020_climate/MapServer/14,
475040854e4940f1a294069156d4d814_15,arcgis_dynamic_map_layer,https://enterprise.gisdata.mn.gov/aghost/rest/services/us_mn_state_dnr/atmos_1991_2020_climate/MapServer/15,
475040854e4940f1a294069156d4d814_16,arcgis_dynamic_map_layer,https://enterprise.gisdata.mn.gov/aghost/rest/services/us_mn_state_dnr/atmos_1991_2020_climate/MapServer/16,
475040854e4940f1a294069156d4d814_17,arcgis_dynamic_map_layer,https://enterprise.gisdata.mn.gov/aghost/rest/services/us_mn_state_dnr/atmos_1991_2020_climate/MapServer/17,
475040854e4940f1a294069156d4d814_18,arcgis_dynamic_map_layer,https://enterprise.gisdata.mn.gov/aghost/rest/services/us_mn_state_dnr/atmos_1991_2020_climate/MapServer/18,
475040854e4940f1a294069156d4d814_19,arcgis_dynamic_map_layer,https://enterprise.gisdata.mn.gov/aghost/rest/services/us_mn_state_dnr/atmos_1991_2020_climate/MapServer/19,
475040854e4940f1a294069156d4d814_2,arcgis_dynamic_map_layer,https://enterprise.gisdata.mn.gov/aghost/rest/services/us_mn_state_dnr/atmos_1991_2020_climate/MapServer/2,
475040854e4940f1a294069156d4d814_20,arcgis_dynamic_map_layer,https://enterprise.gisdata.mn.gov/aghost/rest/services/us_mn_state_dnr/atmos_1991_2020_climate/MapServer/20,
475040854e4940f1a294069156d4d814_21,arcgis_dynamic_map_layer,https://enterprise.gisdata.mn.gov/aghost/rest/services/us_mn_state_dnr/atmos_1991_2020_climate/MapServer/21,
475040854e4940f1a294069156d4d814_22,arcgis_dynamic_map_layer,https://enterprise.gisdata.mn.gov/aghost/rest/services/us_mn_state_dnr/atmos_1991_2020_climate/MapServer/22,
475040854e4940f1a294069156d4d814_23,arcgis_dynamic_map_layer,https://enterprise.gisdata.mn.gov/aghost/rest/services/us_mn_state_dnr/atmos_1991_2020_climate/MapServer/23,
475040854e4940f1a294069156d4d814_24,arcgis_dynamic_map_layer,https://enterprise.gisdata.mn.gov/aghost/rest/services/us_mn_state_dnr/atmos_1991_2020_climate/MapServer/24,
475040854e4940f1a294069156d4d814_25,arcgis_dynamic_map_layer,https://enterprise.gisdata.mn.gov/aghost/rest/services/us_mn_state_dnr/atmos_1991_2020_climate/MapServer/25,
475040854e4940f1a294069156d4d814_26,arcgis_dynamic_map_layer,https://enterprise.gisdata.mn.gov/aghost/rest/services/us_mn_state_dnr/atmos_1991_2020_climate/MapServer/26,
475040854e4940f1a294069156d4d814_27,arcgis_dynamic_map_layer,https://enterprise.gisdata.mn.gov/aghost/rest/services/us_mn_state_dnr/atmos_1991_2020_climate/MapServer/27,
475040854e4940f1a294069156d4d814_28,arcgis_dynamic_map_layer,https://enterprise.gisdata.mn.gov/aghost/rest/services/us_mn_state_dnr/atmos_1991_2020_climate/MapServer/28,
475040854e4940f1a294069156d4d814_29,arcgis_dynamic_map_layer,https://enterprise.gisdata.mn.gov/aghost/rest/services/us_mn_state_dnr/atmos_1991_2020_climate/MapServer/29,
475040854e4940f1a294069156d4d814_3,arcgis_dynamic_map_layer,https://enterprise.gisdata.mn.gov/aghost/rest/services/us_mn_state_dnr/atmos_1991_2020_climate/MapServer/3,
475040854e4940f1a294069156d4d814_30,arcgis_dynamic_map_layer,https://enterprise.gisdata.mn.gov/aghost/rest/services/us_mn_state_dnr/atmos_1991_2020_climate/MapServer/30,
475040854e4940f1a294069156d4d814_31,arcgis_dynamic_map_layer,https://enterprise.gisdata.mn.gov/aghost/rest/services/us_mn_state_dnr/atmos_1991_2020_climate/MapServer/31,
475040854e4940f1a294069156d4d814_32,arcgis_dynamic_map_layer,https://enterprise.gisdata.mn.gov/aghost/rest/services/us_mn_state_dnr/atmos_1991_2020_climate/MapServer/32,
475040854e4940f1a294069156d4d814_33,arcgis_dynamic_map_layer,https://enterprise.gisdata.mn.gov/aghost/rest/services/us_mn_state_dnr/atmos_1991_2020_climate/MapServer/33,
475040854e4940f1a294069156d4d814_34,arcgis_dynamic_map_layer,https://enterprise.gisdata.mn.gov/aghost/rest/services/us_mn_state_dnr/atmos_1991_2020_climate/MapServer/34,
475040854e4940f1a294069156d4d814_35,arcgis_dynamic_map_layer,https://enterprise.gisdata.mn.gov/aghost/rest/services/us_mn_state_dnr/atmos_1991_2020_climate/MapServer/35,
475040854e4940f1a294069156d4d814_36,arcgis_dynamic_map_layer,https://enterprise.gisdata.mn.gov/aghost/rest/services/us_mn_state_dnr/atmos_1991_2020_climate/MapServer/36,
475040854e4940f1a294069156d4d814_37,arcgis_dynamic_map_layer,https://enterprise.gisdata.mn.gov/aghost/rest/services/us_mn_state_dnr/atmos_1991_2020_climate/MapServer/37,
475040854e4940f1a294069156d4d814_38,arcgis_dynamic_map_layer,https://enterprise.gisdata.mn.gov/aghost/rest/services/us_mn_state_dnr/atmos_1991_2020_climate/MapServer/38,
475040854e4940f1a294069156d4d814_39,arcgis_dynamic_map_layer,https://enterprise.gisdata.mn.gov/aghost/rest/services/us_mn_state_dnr/atmos_1991_2020_climate/MapServer/39,
475040854e4940f1a294069156d4d814_4,arcgis_dynamic_map_layer,https://enterprise.gisdata.mn.gov/aghost/rest/services/us_mn_state_dnr/atmos_1991_2020_climate/MapServer/4,
475040854e4940f1a294069156d4d814_40,arcgis_dynamic_map_layer,https://enterprise.gisdata.mn.gov/aghost/rest/services/us_mn_state_dnr/atmos_1991_2020_climate/MapServer/40,
475040854e4940f1a294069156d4d814_41,arcgis_dynamic_map_layer,https://enterprise.gisdata.mn.gov/aghost/rest/services/us_mn_state_dnr/atmos_1991_2020_climate/MapServer/41,
475040854e4940f1a294069156d4d814_42,arcgis_dynamic_map_layer,https://enterprise.gisdata.mn.gov/aghost/rest/services/us_mn_state_dnr/atmos_1991_2020_climate/MapServer/42,
475040854e4940f1a294069156d4d814_43,arcgis_dynamic_map_layer,https://enterprise.gisdata.mn.gov/aghost/rest/services/us_mn_state_dnr/atmos_1991_2020_climate/MapServer/43,
475040854e4940f1a294069156d4d814_44,arcgis_dynamic_map_layer,https://enterprise.gisdata.mn.gov/aghost/rest/services/us_mn_state_dnr/atmos_1991_2020_climate/MapServer/44,
475040854e4940f1a294069156d4d814_45,arcgis_dynamic_map_layer,https://enterprise.gisdata.mn.gov/aghost/rest/services/us_mn_state_dnr/atmos_1991_2020_climate/MapServer/45,
475040854e4940f1a294069156d4d814_46,arcgis_dynamic_map_layer,https://enterprise.gisdata.mn.gov/aghost/rest/services/us_mn_state_dnr/atmos_1991_2020_climate/MapServer/46,
475040854e4940f1a294069156d4d814_47,arcgis_dynamic_map_layer,https://enterprise.gisdata.mn.gov/aghost/rest/services/us_mn_state_dnr/atmos_1991_2020_climate/MapServer/47,
475040854e4940f1a294069156d4d814_48,arcgis_dynamic_map_layer,https://enterprise.gisdata.mn.gov/aghost/rest/services/us_mn_state_dnr/atmos_1991_2020_climate/MapServer/48,
475040854e4940f1a294069156d4d814_49,arcgis_dynamic_map_layer,https://enterprise.gisdata.mn.gov/aghost/rest/services/us_mn_state_dnr/atmos_1991_2020_climate/MapServer/49,
475040854e4940f1a294069156d4d814_5,arcgis_dynamic_map_layer,https://enterprise.gisdata.mn.gov/aghost/rest/services/us_mn_state_dnr/atmos_1991_2020_climate/MapServer/5,
475040854e4940f1a294069156d4d814_50,arcgis_dynamic_map_layer,https://enterprise.gisdata.mn.gov/aghost/rest/services/us_mn_state_dnr/atmos_1991_2020_climate/MapServer/50,
475040854e4940f1a294069156d4d814_51,arcgis_dynamic_map_layer,https://enterprise.gisdata.mn.gov/aghost/rest/services/us_mn_state_dnr/atmos_1991_2020_climate/MapServer/51,
475040854e4940f1a294069156d4d814_52,arcgis_dynamic_map_layer,https://enterprise.gisdata.mn.gov/aghost/rest/services/us_mn_state_dnr/atmos_1991_2020_climate/MapServer/52,
475040854e4940f1a294069156d4d814_53,arcgis_dynamic_map_layer,https://enterprise.gisdata.mn.gov/aghost/rest/services/us_mn_state_dnr/atmos_1991_2020_climate/MapServer/53,
475040854e4940f1a294069156d4d814_54,arcgis_dynamic_map_layer,https://enterprise.gisdata.mn.gov/aghost/rest/services/us_mn_state_dnr/atmos_1991_2020_climate/MapServer/54,
475040854e4940f1a294069156d4d814_55,arcgis_dynamic_map_layer,https://enterprise.gisdata.mn.gov/aghost/rest/services/us_mn_state_dnr/atmos_1991_2020_climate/MapServer/55,
475040854e4940f1a294069156d4d814_56,arcgis_dynamic_map_layer,https://enterprise.gisdata.mn.gov/aghost/rest/services/us_mn_state_dnr/atmos_1991_2020_climate/MapServer/56,
475040854e4940f1a294069156d4d814_57,arcgis_dynamic_map_layer,https://enterprise.gisdata.mn.gov/aghost/rest/services/us_mn_state_dnr/atmos_1991_2020_climate/MapServer/57,
475040854e4940f1a294069156d4d814_58,arcgis_dynamic_map_layer,https://enterprise.gisdata.mn.gov/aghost/rest/services/us_mn_state_dnr/atmos_1991_2020_climate/MapServer/58,
475040854e4940f1a294069156d4d814_59,arcgis_dynamic_map_layer,https://enterprise.gisdata.mn.gov/aghost/rest/services/us_mn_state_dnr/atmos_1991_2020_climate/MapServer/59,
475040854e4940f1a294069156d4d814_6,arcgis_dynamic_map_layer,https://enterprise.gisdata.mn.gov/aghost/rest/services/us_mn_state_dnr/atmos_1991_2020_climate/MapServer/6,
475040854e4940f1a294069156d4d814_60,arcgis_dynamic_map_layer,https://enterprise.gisdata.mn.gov/aghost/rest/services/us_mn_state_dnr/atmos_1991_2020_climate/MapServer/60,
475040854e4940f1a294069156d4d814_61,arcgis_dynamic_map_layer,https://enterprise.gisdata.mn.gov/aghost/rest/services/us_mn_state_dnr/atmos_1991_2020_climate/MapServer/61,
475040854e4940f1a294069156d4d814_62,arcgis_dynamic_map_layer,https://enterprise.gisdata.mn.gov/aghost/rest/services/us_mn_state_dnr/atmos_1991_2020_climate/MapServer/62,
475040854e4940f1a294069156d4d814_63,arcgis_dynamic_map_layer,https://enterprise.gisdata.mn.gov/aghost/rest/services/us_mn_state_dnr/atmos_1991_2020_climate/MapServer/63,
475040854e4940f1a294069156d4d814_64,arcgis_dynamic_map_layer,https://enterprise.gisdata.mn.gov/aghost/rest/services/us_mn_state_dnr/atmos_1991_2020_climate/MapServer/64,
475040854e4940f1a294069156d4d814_65,arcgis_dynamic_map_layer,https://enterprise.gisdata.mn.gov/aghost/rest/services/us_mn_state_dnr/atmos_1991_2020_climate/MapServer/65,
475040854e4940f1a294069156d4d814_66,arcgis_dynamic_map_layer,https://enterprise.gisdata.mn.gov/aghost/rest/services/us_mn_state_dnr/atmos_1991_2020_climate/MapServer/66,
475040854e4940f1a294069156d4d814_67,arcgis_dynamic_map_layer,https://enterprise.gisdata.mn.gov/aghost/rest/services/us_mn_state_dnr/atmos_1991_2020_climate/MapServer/67,
475040854e4940f1a294069156d4d814_68,arcgis_dynamic_map_layer,https://enterprise.gisdata.mn.gov/aghost/rest/services/us_mn_state_dnr/atmos_1991_2020_climate/MapServer/68,
475040854e4940f1a294069156d4d814_69,arcgis_dynamic_map_layer,https://enterprise.gisdata.mn.gov/aghost/rest/services/us_mn_state_dnr/atmos_1991_2020_climate/MapServer/69,
475040854e4940f1a294069156d4d814_7,arcgis_dynamic_map_layer,https://enterprise.gisdata.mn.gov/aghost/rest/services/us_mn_state_dnr/atmos_1991_2020_climate/MapServer/7,
475040854e4940f1a294069156d4d814_70,arcgis_dynamic_map_layer,https://enterprise.gisdata.mn.gov/aghost/rest/services/us_mn_state_dnr/atmos_1991_2020_climate/MapServer/70,
475040854e4940f1a294069156d4d814_71,arcgis_dynamic_map_layer,https://enterprise.gisdata.mn.gov/aghost/rest/services/us_mn_state_dnr/atmos_1991_2020_climate/MapServer/71,
475040854e4940f1a294069156d4d814_72,arcgis_dynamic_map_layer,https://enterprise.gisdata.mn.gov/aghost/rest/services/us_mn_state_dnr/atmos_1991_2020_climate/MapServer/72,
475040854e4940f1a294069156d4d814_73,arcgis_dynamic_map_layer,https://enterprise.gisdata.mn.gov/aghost/rest/services/us_mn_state_dnr/atmos_1991_2020_climate/MapServer/73,
475040854e4940f1a294069156d4d814_74,arcgis_dynamic_map_layer,https://enterprise.gisdata.mn.gov/aghost/rest/services/us_mn_state_dnr/atmos_1991_2020_climate/MapServer/74,
475040854e4940f1a294069156d4d814_75,arcgis_dynamic_map_layer,https://enterprise.gisdata.mn.gov/aghost/rest/services/us_mn_state_dnr/atmos_1991_2020_climate/MapServer/75,
475040854e4940f1a294069156d4d814_76,arcgis_dynamic_map_layer,https://enterprise.gisdata.mn.gov/aghost/rest/services/us_mn_state_dnr/atmos_1991_2020_climate/MapServer/76,
475040854e4940f1a294069156d4d814_77,arcgis_dynamic_map_layer,https://enterprise.gisdata.mn.gov/aghost/rest/services/us_mn_state_dnr/atmos_1991_2020_climate/MapServer/77,
475040854e4940f1a294069156d4d814_78,arcgis_dynamic_map_layer,https://enterprise.gisdata.mn.gov/aghost/rest/services/us_mn_state_dnr/atmos_1991_2020_climate/MapServer/78,
475040854e4940f1a294069156d4d814_79,arcgis_dynamic_map_layer,https://enterprise.gisdata.mn.gov/aghost/rest/services/us_mn_state_dnr/atmos_1991_2020_climate/MapServer/79,
475040854e4940f1a294069156d4d814_8,arcgis_dynamic_map_layer,https://enterprise.gisdata.mn.gov/aghost/rest/services/us_mn_state_dnr/atmos_1991_2020_climate/MapServer/8,
475040854e4940f1a294069156d4d814_9,arcgis_dynamic_map_layer,https://enterprise.gisdata.mn.gov/aghost/rest/services/us_mn_state_dnr/atmos_1991_2020_climate/MapServer/9,
9010969c09b74d19a6af77b612eedb66_69,arcgis_dynamic_map_layer,https://gis2.co.dakota.mn.us/arcgis/rest/services/DCGIS_OL_PropertyInformation/MapServer/69,
21db0eb4def642bc84059e4a6a3eed14_0,arcgis_dynamic_map_layer,https://gis2.co.dakota.mn.us/arcgis/rest/services/DCGIS_OL_PropertyInformation/MapServer/0,
c359e11d9b824d3f9efe4318487cc841_41,arcgis_dynamic_map_layer,https://gis2.co.dakota.mn.us/arcgis/rest/services/DCGIS_OL_Transportation/MapServer/41,
9785dd74842d4d7781be0fe7c0cbfe62_71,arcgis_dynamic_map_layer,https://gis2.co.dakota.mn.us/arcgis/rest/services/DCGIS_OL_PropertyInformation/MapServer/71,
f43eb977f2d94b0ea09a48560601e2ec_50,arcgis_dynamic_map_layer,https://gis2.co.dakota.mn.us/arcgis/rest/services/DCGIS_OL_PropertyInformation/MapServer/50,
9a4c2f377f7147fca11e346e3f993b4a_0,arcgis_dynamic_map_layer,https://enterprise.gisdata.mn.gov/aghost/rest/services/us_mn_state_mda/agri_cropland_data_layer_2015/MapServer/0,
9a4c2f377f7147fca11e346e3f993b4a_1,arcgis_dynamic_map_layer,https://enterprise.gisdata.mn.gov/aghost/rest/services/us_mn_state_mda/agri_cropland_data_layer_2015/MapServer/1,
71bc3568b5584720a49fd7032e2c3725_0,arcgis_dynamic_map_layer,https://enterprise.gisdata.mn.gov/aghost/rest/services/us_mn_state_health/health_nitrate_risk/MapServer/0,
71bc3568b5584720a49fd7032e2c3725_1,arcgis_dynamic_map_layer,https://enterprise.gisdata.mn.gov/aghost/rest/services/us_mn_state_health/health_nitrate_risk/MapServer/1,
15f0569f86444ba2adb863c6f5a98c55_0,arcgis_dynamic_map_layer,https://enterprise.gisdata.mn.gov/aghost/rest/services/us_mn_state_health/geos_sensitivity_water_table/MapServer/0,
15f0569f86444ba2adb863c6f5a98c55_1,arcgis_dynamic_map_layer,https://enterprise.gisdata.mn.gov/aghost/rest/services/us_mn_state_health/geos_sensitivity_water_table/MapServer/1,
7975aabf6e1e42998a40a4b085ffefdf_1,arcgis_dynamic_map_layer,https://gis.hennepin.us/arcgis/rest/services/HennepinData/LAND_PROPERTY/MapServer/1,
692470f3af5146e4b93448c0f2ff66c8_2,arcgis_dynamic_map_layer,https://gis2.co.dakota.mn.us/arcgis/rest/services/DCGIS_OL_Elevation/MapServer/2,
3001c2722c9c4d12bf80c7f09aac8b13_0,arcgis_dynamic_map_layer,https://asr-arcgis01.ricecountymn.gov/arcgis/rest/services/Maps/Address/MapServer/0,
9a88fa02356748ef93976c36003cdc2c_0,arcgis_dynamic_map_layer,https://asr-arcgis01.ricecountymn.gov/arcgis/rest/services/Maps/DitchCenterlinesandDitchsheds/MapServer/0,
9a88fa02356748ef93976c36003cdc2c_1,arcgis_dynamic_map_layer,https://asr-arcgis01.ricecountymn.gov/arcgis/rest/services/Maps/DitchCenterlinesandDitchsheds/MapServer/1,
0f717fcbcbbf467f880d77c3302c0f78_0,arcgis_dynamic_map_layer,https://asr-arcgis01.ricecountymn.gov/arcgis/rest/services/Maps/Roads/MapServer/0,
d74cb00f51994092bd1a3823d907353c_94,arcgis_dynamic_map_layer,https://gis.ramseycountymn.gov/server/rest/services/Cadastral/CAD_GovernmentLot/MapServer/94,
ac548c5c94b84976a12cd8d7b670d02f_0,arcgis_dynamic_map_layer,https://asr-arcgis01.ricecountymn.gov/arcgis/rest/services/Maps/TaxParcelPoints/MapServer/0,
67d6d26fc68247eda56c4ab3f2496baa_0,arcgis_dynamic_map_layer,https://asr-arcgis01.ricecountymn.gov/arcgis/rest/services/Maps/BuildingFootprints/MapServer/0,
7bb64f20b3ab4d98931ad84f0ffd02d8_0,arcgis_dynamic_map_layer,https://enterprise.gisdata.mn.gov/aghost/rest/services/us_mn_state_mda/atmos_1991_2020_mn_precip_avg/MapServer/0,
7bb64f20b3ab4d98931ad84f0ffd02d8_1,arcgis_dynamic_map_layer,https://enterprise.gisdata.mn.gov/aghost/rest/services/us_mn_state_mda/atmos_1991_2020_mn_precip_avg/MapServer/1,
7bb64f20b3ab4d98931ad84f0ffd02d8_10,arcgis_dynamic_map_layer,https://enterprise.gisdata.mn.gov/aghost/rest/services/us_mn_state_mda/atmos_1991_2020_mn_precip_avg/MapServer/10,
7bb64f20b3ab4d98931ad84f0ffd02d8_11,arcgis_dynamic_map_layer,https://enterprise.gisdata.mn.gov/aghost/rest/services/us_mn_state_mda/atmos_1991_2020_mn_precip_avg/MapServer/11,
7bb64f20b3ab4d98931ad84f0ffd02d8_12,arcgis_dynamic_map_layer,https://enterprise.gisdata.mn.gov/aghost/rest/services/us_mn_state_mda/atmos_1991_2020_mn_precip_avg/MapServer/12,
7bb64f20b3ab4d98931ad84f0ffd02d8_13,arcgis_dynamic_map_layer,https://enterprise.gisdata.mn.gov/aghost/rest/services/us_mn_state_mda/atmos_1991_2020_mn_precip_avg/MapServer/13,
7bb64f20b3ab4d98931ad84f0ffd02d8_14,arcgis_dynamic_map_layer,https://enterprise.gisdata.mn.gov/aghost/rest/services/us_mn_state_mda/atmos_1991_2020_mn_precip_avg/MapServer/14,
7bb64f20b3ab4d98931ad84f0ffd02d8_15,arcgis_dynamic_map_layer,https://enterprise.gisdata.mn.gov/aghost/rest/services/us_mn_state_mda/atmos_1991_2020_mn_precip_avg/MapServer/15,
7bb64f20b3ab4d98931ad84f0ffd02d8_16,arcgis_dynamic_map_layer,https://enterprise.gisdata.mn.gov/aghost/rest/services/us_mn_state_mda/atmos_1991_2020_mn_precip_avg/MapServer/16,
7bb64f20b3ab4d98931ad84f0ffd02d8_17,arcgis_dynamic_map_layer,https://enterprise.gisdata.mn.gov/aghost/rest/services/us_mn_state_mda/atmos_1991_2020_mn_precip_avg/MapServer/17,
7bb64f20b3ab4d98931ad84f0ffd02d8_18,arcgis_dynamic_map_layer,https://enterprise.gisdata.mn.gov/aghost/rest/services/us_mn_state_mda/atmos_1991_2020_mn_precip_avg/MapServer/18,
7bb64f20b3ab4d98931ad84f0ffd02d8_19,arcgis_dynamic_map_layer,https://enterprise.gisdata.mn.gov/aghost/rest/services/us_mn_state_mda/atmos_1991_2020_mn_precip_avg/MapServer/19,
7bb64f20b3ab4d98931ad84f0ffd02d8_2,arcgis_dynamic_map_layer,https://enterprise.gisdata.mn.gov/aghost/rest/services/us_mn_state_mda/atmos_1991_2020_mn_precip_avg/MapServer/2,
7bb64f20b3ab4d98931ad84f0ffd02d8_20,arcgis_dynamic_map_layer,https://enterprise.gisdata.mn.gov/aghost/rest/services/us_mn_state_mda/atmos_1991_2020_mn_precip_avg/MapServer/20,
7bb64f20b3ab4d98931ad84f0ffd02d8_21,arcgis_dynamic_map_layer,https://enterprise.gisdata.mn.gov/aghost/rest/services/us_mn_state_mda/atmos_1991_2020_mn_precip_avg/MapServer/21,
7bb64f20b3ab4d98931ad84f0ffd02d8_22,arcgis_dynamic_map_layer,https://enterprise.gisdata.mn.gov/aghost/rest/services/us_mn_state_mda/atmos_1991_2020_mn_precip_avg/MapServer/22,
7bb64f20b3ab4d98931ad84f0ffd02d8_23,arcgis_dynamic_map_layer,https://enterprise.gisdata.mn.gov/aghost/rest/services/us_mn_state_mda/atmos_1991_2020_mn_precip_avg/MapServer/23,
7bb64f20b3ab4d98931ad84f0ffd02d8_24,arcgis_dynamic_map_layer,https://enterprise.gisdata.mn.gov/aghost/rest/services/us_mn_state_mda/atmos_1991_2020_mn_precip_avg/MapServer/24,
7bb64f20b3ab4d98931ad84f0ffd02d8_25,arcgis_dynamic_map_layer,https://enterprise.gisdata.mn.gov/aghost/rest/services/us_mn_state_mda/atmos_1991_2020_mn_precip_avg/MapServer/25,
7bb64f20b3ab4d98931ad84f0ffd02d8_3,arcgis_dynamic_map_layer,https://enterprise.gisdata.mn.gov/aghost/rest/services/us_mn_state_mda/atmos_1991_2020_mn_precip_avg/MapServer/3,
7bb64f20b3ab4d98931ad84f0ffd02d8_4,arcgis_dynamic_map_layer,https://enterprise.gisdata.mn.gov/aghost/rest/services/us_mn_state_mda/atmos_1991_2020_mn_precip_avg/MapServer/4,
7bb64f20b3ab4d98931ad84f0ffd02d8_5,arcgis_dynamic_map_layer,https://enterprise.gisdata.mn.gov/aghost/rest/services/us_mn_state_mda/atmos_1991_2020_mn_precip_avg/MapServer/5,
7bb64f20b3ab4d98931ad84f0ffd02d8_6,arcgis_dynamic_map_layer,https://enterprise.gisdata.mn.gov/aghost/rest/services/us_mn_state_mda/atmos_1991_2020_mn_precip_avg/MapServer/6,
7bb64f20b3ab4d98931ad84f0ffd02d8_7,arcgis_dynamic_map_layer,https://enterprise.gisdata.mn.gov/aghost/rest/services/us_mn_state_mda/atmos_1991_2020_mn_precip_avg/MapServer/7,
7bb64f20b3ab4d98931ad84f0ffd02d8_8,arcgis_dynamic_map_layer,https://enterprise.gisdata.mn.gov/aghost/rest/services/us_mn_state_mda/atmos_1991_2020_mn_precip_avg/MapServer/8,
7bb64f20b3ab4d98931ad84f0ffd02d8_9,arcgis_dynamic_map_layer,https://enterprise.gisdata.mn.gov/aghost/rest/services/us_mn_state_mda/atmos_1991_2020_mn_precip_avg/MapServer/9,
8955040a9b3c472186c1bf7fddaa9cb9_0,arcgis_dynamic_map_layer,https://enterprise.gisdata.mn.gov/aghost/rest/services/us_mn_state_mda/atmos_1981_2010_mn_precip_avg/MapServer/0,
8955040a9b3c472186c1bf7fddaa9cb9_1,arcgis_dynamic_map_layer,https://enterprise.gisdata.mn.gov/aghost/rest/services/us_mn_state_mda/atmos_1981_2010_mn_precip_avg/MapServer/1,
8955040a9b3c472186c1bf7fddaa9cb9_10,arcgis_dynamic_map_layer,https://enterprise.gisdata.mn.gov/aghost/rest/services/us_mn_state_mda/atmos_1981_2010_mn_precip_avg/MapServer/10,
8955040a9b3c472186c1bf7fddaa9cb9_11,arcgis_dynamic_map_layer,https://enterprise.gisdata.mn.gov/aghost/rest/services/us_mn_state_mda/atmos_1981_2010_mn_precip_avg/MapServer/11,
8955040a9b3c472186c1bf7fddaa9cb9_12,arcgis_dynamic_map_layer,https://enterprise.gisdata.mn.gov/aghost/rest/services/us_mn_state_mda/atmos_1981_2010_mn_precip_avg/MapServer/12,
8955040a9b3c472186c1bf7fddaa9cb9_2,arcgis_dynamic_map_layer,https://enterprise.gisdata.mn.gov/aghost/rest/services/us_mn_state_mda/atmos_1981_2010_mn_precip_avg/MapServer/2,
8955040a9b3c472186c1bf7fddaa9cb9_3,arcgis_dynamic_map_layer,https://enterprise.gisdata.mn.gov/aghost/rest/services/us_mn_state_mda/atmos_1981_2010_mn_precip_avg/MapServer/3,
8955040a9b3c472186c1bf7fddaa9cb9_4,arcgis_dynamic_map_layer,https://enterprise.gisdata.mn.gov/aghost/rest/services/us_mn_state_mda/atmos_1981_2010_mn_precip_avg/MapServer/4,
8955040a9b3c472186c1bf7fddaa9cb9_5,arcgis_dynamic_map_layer,https://enterprise.gisdata.mn.gov/aghost/rest/services/us_mn_state_mda/atmos_1981_2010_mn_precip_avg/MapServer/5,
8955040a9b3c472186c1bf7fddaa9cb9_6,arcgis_dynamic_map_layer,https://enterprise.gisdata.mn.gov/aghost/rest/services/us_mn_state_mda/atmos_1981_2010_mn_precip_avg/MapServer/6,
8955040a9b3c472186c1bf7fddaa9cb9_7,arcgis_dynamic_map_layer,https://enterprise.gisdata.mn.gov/aghost/rest/services/us_mn_state_mda/atmos_1981_2010_mn_precip_avg/MapServer/7,
8955040a9b3c472186c1bf7fddaa9cb9_8,arcgis_dynamic_map_layer,https://enterprise.gisdata.mn.gov/aghost/rest/services/us_mn_state_mda/atmos_1981_2010_mn_precip_avg/MapServer/8,
8955040a9b3c472186c1bf7fddaa9cb9_9,arcgis_dynamic_map_layer,https://enterprise.gisdata.mn.gov/aghost/rest/services/us_mn_state_mda/atmos_1981_2010_mn_precip_avg/MapServer/9,
757765ca1fb14ba9ba69e3001991d51d_0,arcgis_dynamic_map_layer,https://enterprise.gisdata.mn.gov/aghost/rest/services/us_mn_state_dnr/water_nat_wetlands_inventory/MapServer/0,
757765ca1fb14ba9ba69e3001991d51d_1,arcgis_dynamic_map_layer,https://enterprise.gisdata.mn.gov/aghost/rest/services/us_mn_state_dnr/water_nat_wetlands_inventory/MapServer/1,
757765ca1fb14ba9ba69e3001991d51d_2,arcgis_dynamic_map_layer,https://enterprise.gisdata.mn.gov/aghost/rest/services/us_mn_state_dnr/water_nat_wetlands_inventory/MapServer/2,
757765ca1fb14ba9ba69e3001991d51d_3,arcgis_dynamic_map_layer,https://enterprise.gisdata.mn.gov/aghost/rest/services/us_mn_state_dnr/water_nat_wetlands_inventory/MapServer/3,
757765ca1fb14ba9ba69e3001991d51d_4,arcgis_dynamic_map_layer,https://enterprise.gisdata.mn.gov/aghost/rest/services/us_mn_state_dnr/water_nat_wetlands_inventory/MapServer/4,
c4bbf4b8e45a48afba2d73f24089c187_0,arcgis_dynamic_map_layer,https://enterprise.gisdata.mn.gov/aghost/rest/services/us_mn_state_dnr/water_lake_bathymetry/MapServer/0,
c4bbf4b8e45a48afba2d73f24089c187_1,arcgis_dynamic_map_layer,https://enterprise.gisdata.mn.gov/aghost/rest/services/us_mn_state_dnr/water_lake_bathymetry/MapServer/1,
c4bbf4b8e45a48afba2d73f24089c187_2,arcgis_dynamic_map_layer,https://enterprise.gisdata.mn.gov/aghost/rest/services/us_mn_state_dnr/water_lake_bathymetry/MapServer/2,
c4bbf4b8e45a48afba2d73f24089c187_3,arcgis_dynamic_map_layer,https://enterprise.gisdata.mn.gov/aghost/rest/services/us_mn_state_dnr/water_lake_bathymetry/MapServer/3,
c4bbf4b8e45a48afba2d73f24089c187_4,arcgis_dynamic_map_layer,https://enterprise.gisdata.mn.gov/aghost/rest/services/us_mn_state_dnr/water_lake_bathymetry/MapServer/4,
b056066e71c84e6c94dab7f84bfc2fd2_0,arcgis_dynamic_map_layer,https://enterprise.gisdata.mn.gov/aghost/rest/services/us_mn_state_dnr/geos_hydrogeology_atlas_hg03/MapServer/0,
b056066e71c84e6c94dab7f84bfc2fd2_1,arcgis_dynamic_map_layer,https://enterprise.gisdata.mn.gov/aghost/rest/services/us_mn_state_dnr/geos_hydrogeology_atlas_hg03/MapServer/1,
2bf21a024b1a4df1be0b016b4751d649_0,arcgis_dynamic_map_layer,https://enterprise.gisdata.mn.gov/agsimg/rest/services/MnTopo/Generation_2_Minnesota_HPI/MapServer/0,
2bf21a024b1a4df1be0b016b4751d649_1,arcgis_dynamic_map_layer,https://enterprise.gisdata.mn.gov/agsimg/rest/services/MnTopo/Generation_2_Minnesota_HPI/MapServer/1,
2bf21a024b1a4df1be0b016b4751d649_2,arcgis_dynamic_map_layer,https://enterprise.gisdata.mn.gov/agsimg/rest/services/MnTopo/Generation_2_Minnesota_HPI/MapServer/2,
2bf21a024b1a4df1be0b016b4751d649_3,arcgis_dynamic_map_layer,https://enterprise.gisdata.mn.gov/agsimg/rest/services/MnTopo/Generation_2_Minnesota_HPI/MapServer/3,
2bf21a024b1a4df1be0b016b4751d649_4,arcgis_dynamic_map_layer,https://enterprise.gisdata.mn.gov/agsimg/rest/services/MnTopo/Generation_2_Minnesota_HPI/MapServer/4,
2bf21a024b1a4df1be0b016b4751d649_5,arcgis_dynamic_map_layer,https://enterprise.gisdata.mn.gov/agsimg/rest/services/MnTopo/Generation_2_Minnesota_HPI/MapServer/5,
2bf21a024b1a4df1be0b016b4751d649_6,arcgis_dynamic_map_layer,https://enterprise.gisdata.mn.gov/agsimg/rest/services/MnTopo/Generation_2_Minnesota_HPI/MapServer/6,
2bf21a024b1a4df1be0b016b4751d649_7,arcgis_dynamic_map_layer,https://enterprise.gisdata.mn.gov/agsimg/rest/services/MnTopo/Generation_2_Minnesota_HPI/MapServer/7,
4f784cd43ab34e09b7c8a28dde5182f2_14,arcgis_dynamic_map_layer,https://gis2.co.dakota.mn.us/arcgis/rest/services/DCGIS_OL_PoliticalAdministrative/MapServer/14,
bb17fc1a866a4f6396c33737e0bb0963_0,arcgis_dynamic_map_layer,https://gis.steele.mn/server/rest/services/gcportal_us_mn_co_steele/Tax_Parcels/MapServer/0,
8cb779e2c1a54befa787f6b5b9ed8870_0,arcgis_dynamic_map_layer,https://enterprise.gisdata.mn.gov/aghost/rest/services/us_mn_state_dnr/geos_nrcs_histosols/MapServer/0,
8cb779e2c1a54befa787f6b5b9ed8870_1,arcgis_dynamic_map_layer,https://enterprise.gisdata.mn.gov/aghost/rest/services/us_mn_state_dnr/geos_nrcs_histosols/MapServer/1,
8cb779e2c1a54befa787f6b5b9ed8870_2,arcgis_dynamic_map_layer,https://enterprise.gisdata.mn.gov/aghost/rest/services/us_mn_state_dnr/geos_nrcs_histosols/MapServer/2,
cf6a336df28c499ea83fcfd5b80f6b39_0,arcgis_dynamic_map_layer,https://enterprise.gisdata.mn.gov/aghost/rest/services/us_mn_state_dnr/geos_mineral_exp_docs_lehmann/MapServer/0,
cf6a336df28c499ea83fcfd5b80f6b39_1,arcgis_dynamic_map_layer,https://enterprise.gisdata.mn.gov/aghost/rest/services/us_mn_state_dnr/geos_mineral_exp_docs_lehmann/MapServer/1,
9202c0cdb94b489bb53dc834fb8a927e_0,arcgis_dynamic_map_layer,https://gis.steele.mn/server/rest/services/gcportal_us_mn_co_steele/Road_Centerlines/MapServer/0,
c92f5acf05a046d7a59b5108c721640f_0,arcgis_dynamic_map_layer,https://gis.steele.mn/server/rest/services/gcportal_us_mn_co_steele/Address_Points/MapServer/0,
a9c5fa193906424e93226d491da7dce7_8,arcgis_feature_layer,https://enterprise.gisdata.mn.gov/aghost/rest/services/us_mn_state_dnr/geos_aggregate_mapping/FeatureServer/8,
a9c5fa193906424e93226d491da7dce7_9,arcgis_feature_layer,https://enterprise.gisdata.mn.gov/aghost/rest/services/us_mn_state_dnr/geos_aggregate_mapping/FeatureServer/9,
af72129fafe24d90a62cbc05f0682c5c_0,arcgis_feature_layer,https://enterprise.gisdata.mn.gov/aghost/rest/services/us_mn_state_dnr/atmos_1971_2000_mn_precip_avg/FeatureServer/0,
7dfc0f065481429697114cf4894366a7_0,arcgis_feature_layer,https://enterprise.gisdata.mn.gov/aghost/rest/services/us_mn_state_dnr/biota_mlccs_npc_model_results/FeatureServer/0,
7dfc0f065481429697114cf4894366a7_1,arcgis_feature_layer,https://enterprise.gisdata.mn.gov/aghost/rest/services/us_mn_state_dnr/biota_mlccs_npc_model_results/FeatureServer/1,
7dfc0f065481429697114cf4894366a7_2,arcgis_feature_layer,https://enterprise.gisdata.mn.gov/aghost/rest/services/us_mn_state_dnr/biota_mlccs_npc_model_results/FeatureServer/2,
9d1d85f25800420f9d4ceb1cc572b039_0,arcgis_feature_layer,https://enterprise.gisdata.mn.gov/aghost/rest/services/us_mn_state_dnr/atmos_1969_1990_mn_precip_avg/FeatureServer/0,
9d1d85f25800420f9d4ceb1cc572b039_1,arcgis_feature_layer,https://enterprise.gisdata.mn.gov/aghost/rest/services/us_mn_state_dnr/atmos_1969_1990_mn_precip_avg/FeatureServer/1,
6fda393f898a402f96093c2730b0c46d_0,arcgis_feature_layer,https://enterprise.gisdata.mn.gov/aghost/rest/services/us_mn_state_dnr/env_working_lands_initiative_trg/FeatureServer/0,
d32a2ee4c1ea49e58fc92b625a4b23ee_0,arcgis_feature_layer,https://enterprise.gisdata.mn.gov/aghost/rest/services/us_mn_state_dnr/biota_floating_leaf_emergent_pub/FeatureServer/0,
d32a2ee4c1ea49e58fc92b625a4b23ee_1,arcgis_feature_layer,https://enterprise.gisdata.mn.gov/aghost/rest/services/us_mn_state_dnr/biota_floating_leaf_emergent_pub/FeatureServer/1,
d32a2ee4c1ea49e58fc92b625a4b23ee_2,arcgis_feature_layer,https://enterprise.gisdata.mn.gov/aghost/rest/services/us_mn_state_dnr/biota_floating_leaf_emergent_pub/FeatureServer/2,
9bfe71cc32f948819f35aa4c1a824dd4_2,arcgis_feature_layer,https://enterprise.gisdata.mn.gov/aghost/rest/services/us_mn_state_dnr/env_trout_lake_designation/FeatureServer/2,
1d89e0fbe00f44cfb544d78f47cd0d2a_0,arcgis_feature_layer,https://enterprise.gisdata.mn.gov/aghost/rest/services/us_mn_state_dnr/atmos_1961_1990_mn_temp_average/FeatureServer/0,
1d89e0fbe00f44cfb544d78f47cd0d2a_1,arcgis_feature_layer,https://enterprise.gisdata.mn.gov/aghost/rest/services/us_mn_state_dnr/atmos_1961_1990_mn_temp_average/FeatureServer/1,
6a40451ae0994de1aeceed827c011d33_0,arcgis_feature_layer,https://enterprise.gisdata.mn.gov/aghost/rest/services/us_mn_state_dnr/env_groundwater_dominated_lakes/FeatureServer/0,
015ddcb98aaf4c748d6fbafd16f7d386_0,arcgis_feature_layer,https://enterprise.gisdata.mn.gov/aghost/rest/services/us_mn_state_dnr/env_prairie_change_analysis_2008/FeatureServer/0,
fc7a26ed90c34afdb612d6775fa3dbeb_0,arcgis_feature_layer,https://enterprise.gisdata.mn.gov/aghost/rest/services/us_mn_state_dnr/env_watershed_health_lake_scores/FeatureServer/0,
e21d9b8054eb4263ad718ac31ecfbb1c_0,arcgis_feature_layer,https://enterprise.gisdata.mn.gov/aghost/rest/services/us_mn_state_dnr/env_watershed_health_assessment/FeatureServer/0,
e21d9b8054eb4263ad718ac31ecfbb1c_1,arcgis_feature_layer,https://enterprise.gisdata.mn.gov/aghost/rest/services/us_mn_state_dnr/env_watershed_health_assessment/FeatureServer/1,
e21d9b8054eb4263ad718ac31ecfbb1c_2,arcgis_feature_layer,https://enterprise.gisdata.mn.gov/aghost/rest/services/us_mn_state_dnr/env_watershed_health_assessment/FeatureServer/2,
e21d9b8054eb4263ad718ac31ecfbb1c_3,arcgis_feature_layer,https://enterprise.gisdata.mn.gov/aghost/rest/services/us_mn_state_dnr/env_watershed_health_assessment/FeatureServer/3,
bd38589df92243c3a819d5a5c288e5e9_0,arcgis_feature_layer,https://enterprise.gisdata.mn.gov/aghost/rest/services/us_mn_state_dnr/env_visual_sensitivity/FeatureServer/0,
9e7b0d7d59194797a691b66dde40fea1_0,arcgis_feature_layer,https://enterprise.gisdata.mn.gov/aghost/rest/services/us_mn_state_dnr/env_listed_infested_waters/FeatureServer/0,
8688b4b04b104e4fa104dc855281c6d6_0,arcgis_feature_layer,https://enterprise.gisdata.mn.gov/aghost/rest/services/us_mn_state_dnr/env_swap_coa/FeatureServer/0,
ad697abba20c48a3ae11f20d302dcc6c_0,arcgis_feature_layer,https://enterprise.gisdata.mn.gov/aghost/rest/services/us_mn_state_dnr/env_stream_trout_lakes/FeatureServer/0,
4b24c5853d9c42b08273a18b0e7ab2e4_0,arcgis_feature_layer,https://enterprise.gisdata.mn.gov/aghost/rest/services/us_mn_state_dnr/env_stream_prot_prio_wraps/FeatureServer/0,
0f4ca77d3f774b76b4db5dabfe444b1c_0,arcgis_feature_layer,https://enterprise.gisdata.mn.gov/aghost/rest/services/us_mn_state_dnr/env_st_louis_river_aoc_projects/FeatureServer/0,
d10c1a117aa144338ca4f32bebe36e72_0,arcgis_feature_layer,https://enterprise.gisdata.mn.gov/aghost/rest/services/us_mn_state_dnr/env_sna_conserv_opportunity_area/FeatureServer/0,
d10c1a117aa144338ca4f32bebe36e72_1,arcgis_feature_layer,https://enterprise.gisdata.mn.gov/aghost/rest/services/us_mn_state_dnr/env_sna_conserv_opportunity_area/FeatureServer/1,
d10c1a117aa144338ca4f32bebe36e72_10,arcgis_feature_layer,https://enterprise.gisdata.mn.gov/aghost/rest/services/us_mn_state_dnr/env_sna_conserv_opportunity_area/FeatureServer/10,
d10c1a117aa144338ca4f32bebe36e72_11,arcgis_feature_layer,https://enterprise.gisdata.mn.gov/aghost/rest/services/us_mn_state_dnr/env_sna_conserv_opportunity_area/FeatureServer/11,
d10c1a117aa144338ca4f32bebe36e72_12,arcgis_feature_layer,https://enterprise.gisdata.mn.gov/aghost/rest/services/us_mn_state_dnr/env_sna_conserv_opportunity_area/FeatureServer/12,
d10c1a117aa144338ca4f32bebe36e72_13,arcgis_feature_layer,https://enterprise.gisdata.mn.gov/aghost/rest/services/us_mn_state_dnr/env_sna_conserv_opportunity_area/FeatureServer/13,
d10c1a117aa144338ca4f32bebe36e72_14,arcgis_feature_layer,https://enterprise.gisdata.mn.gov/aghost/rest/services/us_mn_state_dnr/env_sna_conserv_opportunity_area/FeatureServer/14,
d10c1a117aa144338ca4f32bebe36e72_15,arcgis_feature_layer,https://enterprise.gisdata.mn.gov/aghost/rest/services/us_mn_state_dnr/env_sna_conserv_opportunity_area/FeatureServer/15,
d10c1a117aa144338ca4f32bebe36e72_16,arcgis_feature_layer,https://enterprise.gisdata.mn.gov/aghost/rest/services/us_mn_state_dnr/env_sna_conserv_opportunity_area/FeatureServer/16,
d10c1a117aa144338ca4f32bebe36e72_17,arcgis_feature_layer,https://enterprise.gisdata.mn.gov/aghost/rest/services/us_mn_state_dnr/env_sna_conserv_opportunity_area/FeatureServer/17,
d10c1a117aa144338ca4f32bebe36e72_18,arcgis_feature_layer,https://enterprise.gisdata.mn.gov/aghost/rest/services/us_mn_state_dnr/env_sna_conserv_opportunity_area/FeatureServer/18,
d10c1a117aa144338ca4f32bebe36e72_19,arcgis_feature_layer,https://enterprise.gisdata.mn.gov/aghost/rest/services/us_mn_state_dnr/env_sna_conserv_opportunity_area/FeatureServer/19,
d10c1a117aa144338ca4f32bebe36e72_2,arcgis_feature_layer,https://enterprise.gisdata.mn.gov/aghost/rest/services/us_mn_state_dnr/env_sna_conserv_opportunity_area/FeatureServer/2,
d10c1a117aa144338ca4f32bebe36e72_20,arcgis_feature_layer,https://enterprise.gisdata.mn.gov/aghost/rest/services/us_mn_state_dnr/env_sna_conserv_opportunity_area/FeatureServer/20,
d10c1a117aa144338ca4f32bebe36e72_21,arcgis_feature_layer,https://enterprise.gisdata.mn.gov/aghost/rest/services/us_mn_state_dnr/env_sna_conserv_opportunity_area/FeatureServer/21,
d10c1a117aa144338ca4f32bebe36e72_22,arcgis_feature_layer,https://enterprise.gisdata.mn.gov/aghost/rest/services/us_mn_state_dnr/env_sna_conserv_opportunity_area/FeatureServer/22,
d10c1a117aa144338ca4f32bebe36e72_3,arcgis_feature_layer,https://enterprise.gisdata.mn.gov/aghost/rest/services/us_mn_state_dnr/env_sna_conserv_opportunity_area/FeatureServer/3,
d10c1a117aa144338ca4f32bebe36e72_4,arcgis_feature_layer,https://enterprise.gisdata.mn.gov/aghost/rest/services/us_mn_state_dnr/env_sna_conserv_opportunity_area/FeatureServer/4,
d10c1a117aa144338ca4f32bebe36e72_5,arcgis_feature_layer,https://enterprise.gisdata.mn.gov/aghost/rest/services/us_mn_state_dnr/env_sna_conserv_opportunity_area/FeatureServer/5,
d10c1a117aa144338ca4f32bebe36e72_6,arcgis_feature_layer,https://enterprise.gisdata.mn.gov/aghost/rest/services/us_mn_state_dnr/env_sna_conserv_opportunity_area/FeatureServer/6,
d10c1a117aa144338ca4f32bebe36e72_7,arcgis_feature_layer,https://enterprise.gisdata.mn.gov/aghost/rest/services/us_mn_state_dnr/env_sna_conserv_opportunity_area/FeatureServer/7,
d10c1a117aa144338ca4f32bebe36e72_8,arcgis_feature_layer,https://enterprise.gisdata.mn.gov/aghost/rest/services/us_mn_state_dnr/env_sna_conserv_opportunity_area/FeatureServer/8,
d10c1a117aa144338ca4f32bebe36e72_9,arcgis_feature_layer,https://enterprise.gisdata.mn.gov/aghost/rest/services/us_mn_state_dnr/env_sna_conserv_opportunity_area/FeatureServer/9,
ae4177278d6a43ae8356a91f2b391959_0,arcgis_feature_layer,https://enterprise.gisdata.mn.gov/aghost/rest/services/us_mn_state_dnr/env_sentinel_lakes_slice_program/FeatureServer/0,
5d8d7cb16fa34a2291b3312e68f15971_0,arcgis_feature_layer,https://enterprise.gisdata.mn.gov/aghost/rest/services/us_mn_state_dnr/env_sensitive_lakeshore/FeatureServer/0,
5d8d7cb16fa34a2291b3312e68f15971_1,arcgis_feature_layer,https://enterprise.gisdata.mn.gov/aghost/rest/services/us_mn_state_dnr/env_sensitive_lakeshore/FeatureServer/1,
94f9fcc74eea4b4c870d5c8645f04ee9_0,arcgis_feature_layer,https://enterprise.gisdata.mn.gov/aghost/rest/services/us_mn_state_dnr/env_potentially_undisturbed_land/FeatureServer/0,
94f9fcc74eea4b4c870d5c8645f04ee9_1,arcgis_feature_layer,https://enterprise.gisdata.mn.gov/aghost/rest/services/us_mn_state_dnr/env_potentially_undisturbed_land/FeatureServer/1,
c4d5212d05634cb1846e34ea977d32ff_0,arcgis_feature_layer,https://enterprise.gisdata.mn.gov/aghost/rest/services/us_mn_state_dnr/env_pheasant_range_minnesota/FeatureServer/0,
6ce4962acfe740288ceb58c563e0ac35_0,arcgis_feature_layer,https://enterprise.gisdata.mn.gov/aghost/rest/services/us_mn_state_dnr/env_owl_breeding_obs_aitkin/FeatureServer/0,
6ce4962acfe740288ceb58c563e0ac35_1,arcgis_feature_layer,https://enterprise.gisdata.mn.gov/aghost/rest/services/us_mn_state_dnr/env_owl_breeding_obs_aitkin/FeatureServer/1,
6ce4962acfe740288ceb58c563e0ac35_2,arcgis_feature_layer,https://enterprise.gisdata.mn.gov/aghost/rest/services/us_mn_state_dnr/env_owl_breeding_obs_aitkin/FeatureServer/2,
ff0712be637b4cb8ae4e88191786df07_0,arcgis_feature_layer,https://enterprise.gisdata.mn.gov/aghost/rest/services/us_mn_state_dnr/env_oak_wilt_range_mn/FeatureServer/0,
1607fef990fe4040ac33d40a51362a26_0,arcgis_feature_layer,https://enterprise.gisdata.mn.gov/aghost/rest/services/us_mn_state_dnr/env_mrcca_shore_impact/FeatureServer/0,
2a93525b8342430abdb87df202a74735_0,arcgis_feature_layer,https://enterprise.gisdata.mn.gov/aghost/rest/services/us_mn_state_dnr/env_mrcca_restoration_priorities/FeatureServer/0,
0c75d22b85254bd79a46d061fb16b035_0,arcgis_feature_layer,https://enterprise.gisdata.mn.gov/aghost/rest/services/us_mn_state_dnr/env_mnwap_wildlife_action_netwrk/FeatureServer/0,
a12bf0c81bd94a1683cb5137f1f4158a_0,arcgis_feature_layer,https://enterprise.gisdata.mn.gov/aghost/rest/services/us_mn_state_dnr/env_mn_turkey_harvest/FeatureServer/0,
a12bf0c81bd94a1683cb5137f1f4158a_1,arcgis_feature_layer,https://enterprise.gisdata.mn.gov/aghost/rest/services/us_mn_state_dnr/env_mn_turkey_harvest/FeatureServer/1,
a12bf0c81bd94a1683cb5137f1f4158a_10,arcgis_feature_layer,https://enterprise.gisdata.mn.gov/aghost/rest/services/us_mn_state_dnr/env_mn_turkey_harvest/FeatureServer/10,
a12bf0c81bd94a1683cb5137f1f4158a_11,arcgis_feature_layer,https://enterprise.gisdata.mn.gov/aghost/rest/services/us_mn_state_dnr/env_mn_turkey_harvest/FeatureServer/11,
a12bf0c81bd94a1683cb5137f1f4158a_12,arcgis_feature_layer,https://enterprise.gisdata.mn.gov/aghost/rest/services/us_mn_state_dnr/env_mn_turkey_harvest/FeatureServer/12,
a12bf0c81bd94a1683cb5137f1f4158a_13,arcgis_feature_layer,https://enterprise.gisdata.mn.gov/aghost/rest/services/us_mn_state_dnr/env_mn_turkey_harvest/FeatureServer/13,
a12bf0c81bd94a1683cb5137f1f4158a_14,arcgis_feature_layer,https://enterprise.gisdata.mn.gov/aghost/rest/services/us_mn_state_dnr/env_mn_turkey_harvest/FeatureServer/14,
a12bf0c81bd94a1683cb5137f1f4158a_15,arcgis_feature_layer,https://enterprise.gisdata.mn.gov/aghost/rest/services/us_mn_state_dnr/env_mn_turkey_harvest/FeatureServer/15,
a12bf0c81bd94a1683cb5137f1f4158a_16,arcgis_feature_layer,https://enterprise.gisdata.mn.gov/aghost/rest/services/us_mn_state_dnr/env_mn_turkey_harvest/FeatureServer/16,
a12bf0c81bd94a1683cb5137f1f4158a_17,arcgis_feature_layer,https://enterprise.gisdata.mn.gov/aghost/rest/services/us_mn_state_dnr/env_mn_turkey_harvest/FeatureServer/17,
a12bf0c81bd94a1683cb5137f1f4158a_18,arcgis_feature_layer,https://enterprise.gisdata.mn.gov/aghost/rest/services/us_mn_state_dnr/env_mn_turkey_harvest/FeatureServer/18,
a12bf0c81bd94a1683cb5137f1f4158a_2,arcgis_feature_layer,https://enterprise.gisdata.mn.gov/aghost/rest/services/us_mn_state_dnr/env_mn_turkey_harvest/FeatureServer/2,
a12bf0c81bd94a1683cb5137f1f4158a_3,arcgis_feature_layer,https://enterprise.gisdata.mn.gov/aghost/rest/services/us_mn_state_dnr/env_mn_turkey_harvest/FeatureServer/3,
a12bf0c81bd94a1683cb5137f1f4158a_4,arcgis_feature_layer,https://enterprise.gisdata.mn.gov/aghost/rest/services/us_mn_state_dnr/env_mn_turkey_harvest/FeatureServer/4,
a12bf0c81bd94a1683cb5137f1f4158a_5,arcgis_feature_layer,https://enterprise.gisdata.mn.gov/aghost/rest/services/us_mn_state_dnr/env_mn_turkey_harvest/FeatureServer/5,
a12bf0c81bd94a1683cb5137f1f4158a_6,arcgis_feature_layer,https://enterprise.gisdata.mn.gov/aghost/rest/services/us_mn_state_dnr/env_mn_turkey_harvest/FeatureServer/6,
a12bf0c81bd94a1683cb5137f1f4158a_7,arcgis_feature_layer,https://enterprise.gisdata.mn.gov/aghost/rest/services/us_mn_state_dnr/env_mn_turkey_harvest/FeatureServer/7,
a12bf0c81bd94a1683cb5137f1f4158a_8,arcgis_feature_layer,https://enterprise.gisdata.mn.gov/aghost/rest/services/us_mn_state_dnr/env_mn_turkey_harvest/FeatureServer/8,
a12bf0c81bd94a1683cb5137f1f4158a_9,arcgis_feature_layer,https://enterprise.gisdata.mn.gov/aghost/rest/services/us_mn_state_dnr/env_mn_turkey_harvest/FeatureServer/9,
7c2982dffc9940ea8ed69bc71e98427d_0,arcgis_feature_layer,https://enterprise.gisdata.mn.gov/aghost/rest/services/us_mn_state_dnr/env_mn_springs_inventory/FeatureServer/0,
7a2fada9352f485292a1f79e7aeda458_0,arcgis_feature_layer,https://enterprise.gisdata.mn.gov/aghost/rest/services/us_mn_state_dnr/env_mn_moose_range/FeatureServer/0,
ef277672b70045b7a29be3da6d3e7a73_0,arcgis_feature_layer,https://arcgis.metc.state.mn.us/data2/rest/services/transportation/TIP_draft/FeatureServer/0,
87b53a073e33481db564305f9cab035b_0,arcgis_feature_layer,https://services1.arcgis.com/ziLNoRgqnICUM0q1/arcgis/rest/services/Elevation_Contours/FeatureServer/0,
66f964ad5f914de3b43c8a4ebb5a0c18_18,arcgis_feature_layer,https://enterprise.gisdata.mn.gov/aghost/rest/services/us_mn_state_pca/env_impaired_water_2020/FeatureServer/18,
457da64d3e284d69885533e7839fb9d6_0,arcgis_feature_layer,https://enterprise.gisdata.mn.gov/aghost/rest/services/us_mn_state_dnr/env_mn_moose_harvest/FeatureServer/0,
457da64d3e284d69885533e7839fb9d6_1,arcgis_feature_layer,https://enterprise.gisdata.mn.gov/aghost/rest/services/us_mn_state_dnr/env_mn_moose_harvest/FeatureServer/1,
457da64d3e284d69885533e7839fb9d6_2,arcgis_feature_layer,https://enterprise.gisdata.mn.gov/aghost/rest/services/us_mn_state_dnr/env_mn_moose_harvest/FeatureServer/2,
457da64d3e284d69885533e7839fb9d6_3,arcgis_feature_layer,https://enterprise.gisdata.mn.gov/aghost/rest/services/us_mn_state_dnr/env_mn_moose_harvest/FeatureServer/3,
4a68cd729ecb4a86b1f383958cda80e7_0,arcgis_feature_layer,https://services2.arcgis.com/CiQCvRGImIxsaFnM/arcgis/rest/services/Wright_County_MN_Address_Points/FeatureServer/0,
e53011f6bd944815bb8fa51331194c68_0,arcgis_feature_layer,https://services2.arcgis.com/CiQCvRGImIxsaFnM/arcgis/rest/services/Wright_County_Road_Centerlines/FeatureServer/0,
6bae27646e664fad990aa6018c60cb91_0,arcgis_feature_layer,https://services2.arcgis.com/CiQCvRGImIxsaFnM/arcgis/rest/services/Parcels_Wright_County/FeatureServer/0,
b3f7866444ed40e4a527b01a1e17cd0c_0,arcgis_feature_layer,https://enterprise.gisdata.mn.gov/aghost/rest/services/us_mn_state_health/water_groundwater_capture_zones/FeatureServer/0,
ef277672b70045b7a29be3da6d3e7a73_1,arcgis_feature_layer,https://arcgis.metc.state.mn.us/data2/rest/services/transportation/TIP_draft/FeatureServer/1,
87b53a073e33481db564305f9cab035b_1,arcgis_feature_layer,https://services1.arcgis.com/ziLNoRgqnICUM0q1/arcgis/rest/services/Elevation_Contours/FeatureServer/1,
66f964ad5f914de3b43c8a4ebb5a0c18_19,arcgis_feature_layer,https://enterprise.gisdata.mn.gov/aghost/rest/services/us_mn_state_pca/env_impaired_water_2020/FeatureServer/19,
7d6b8bd596d946ec9b031e1f003f5657_2,arcgis_feature_layer,https://arcgis.metc.state.mn.us/data1/rest/services/planning/Other_Plan_Areas_Public/FeatureServer/2,
b5ad73558c4c4135a2fb22123efaf9ce_0,arcgis_feature_layer,https://enterprise.gisdata.mn.gov/aghost/rest/services/us_mn_state_mngeo/bdry_zip_code_tab_areas_2010/FeatureServer/0,
277775d6801f42c9b8f24afe1955b495_0,arcgis_feature_layer,https://services1.arcgis.com/lQjrBHFnTgKBR9zX/arcgis/rest/services/MorrisonParcelsQ2/FeatureServer/0,
3203b00463c944028497b761456bf55e_0,arcgis_feature_layer,https://enterprise.gisdata.mn.gov/aghost/rest/services/us_mn_state_pca/env_nrs_priority_watersheds/FeatureServer/0,
3203b00463c944028497b761456bf55e_1,arcgis_feature_layer,https://enterprise.gisdata.mn.gov/aghost/rest/services/us_mn_state_pca/env_nrs_priority_watersheds/FeatureServer/1,
f539d6789ad7489fb3866bdf2396fe24_0,arcgis_feature_layer,https://enterprise.gisdata.mn.gov/aghost/rest/services/org_mn_mesb/bdry_fire/FeatureServer/0,
6ec41bb88359493c9439232e99e74f29_0,arcgis_feature_layer,https://arcgis.metc.state.mn.us/data1/rest/services/society/TBI_2023/FeatureServer/0,
6ec41bb88359493c9439232e99e74f29_1,arcgis_feature_layer,https://arcgis.metc.state.mn.us/data1/rest/services/society/TBI_2023/FeatureServer/1,
6ec41bb88359493c9439232e99e74f29_2,arcgis_feature_layer,https://arcgis.metc.state.mn.us/data1/rest/services/society/TBI_2023/FeatureServer/2,
6ec41bb88359493c9439232e99e74f29_3,arcgis_feature_layer,https://arcgis.metc.state.mn.us/data1/rest/services/society/TBI_2023/FeatureServer/3,
6ec41bb88359493c9439232e99e74f29_4,arcgis_feature_layer,https://arcgis.metc.state.mn.us/data1/rest/services/society/TBI_2023/FeatureServer/4,
6ec41bb88359493c9439232e99e74f29_5,arcgis_feature_layer,https://arcgis.metc.state.mn.us/data1/rest/services/society/TBI_2023/FeatureServer/5,
ef277672b70045b7a29be3da6d3e7a73_2,arcgis_feature_layer,https://arcgis.metc.state.mn.us/data2/rest/services/transportation/TIP_draft/FeatureServer/2,
66f964ad5f914de3b43c8a4ebb5a0c18_2,arcgis_feature_layer,https://enterprise.gisdata.mn.gov/aghost/rest/services/us_mn_state_pca/env_impaired_water_2020/FeatureServer/2,
6ec41bb88359493c9439232e99e74f29_6,arcgis_feature_layer,https://arcgis.metc.state.mn.us/data1/rest/services/society/TBI_2023/FeatureServer/6,
6ec41bb88359493c9439232e99e74f29_7,arcgis_feature_layer,https://arcgis.metc.state.mn.us/data1/rest/services/society/TBI_2023/FeatureServer/7,
6ec41bb88359493c9439232e99e74f29_8,arcgis_feature_layer,https://arcgis.metc.state.mn.us/data1/rest/services/society/TBI_2023/FeatureServer/8,
6ec41bb88359493c9439232e99e74f29_9,arcgis_feature_layer,https://arcgis.metc.state.mn.us/data1/rest/services/society/TBI_2023/FeatureServer/9,
574f06a992d44dbb9decb4f0bcf594e5_0,arcgis_feature_layer,https://arcgis.metc.state.mn.us/data1/rest/services/society/TBI_2021/FeatureServer/0,
574f06a992d44dbb9decb4f0bcf594e5_1,arcgis_feature_layer,https://arcgis.metc.state.mn.us/data1/rest/services/society/TBI_2021/FeatureServer/1,
574f06a992d44dbb9decb4f0bcf594e5_2,arcgis_feature_layer,https://arcgis.metc.state.mn.us/data1/rest/services/society/TBI_2021/FeatureServer/2,
574f06a992d44dbb9decb4f0bcf594e5_3,arcgis_feature_layer,https://arcgis.metc.state.mn.us/data1/rest/services/society/TBI_2021/FeatureServer/3,
574f06a992d44dbb9decb4f0bcf594e5_4,arcgis_feature_layer,https://arcgis.metc.state.mn.us/data1/rest/services/society/TBI_2021/FeatureServer/4,
574f06a992d44dbb9decb4f0bcf594e5_5,arcgis_feature_layer,https://arcgis.metc.state.mn.us/data1/rest/services/society/TBI_2021/FeatureServer/5,
574f06a992d44dbb9decb4f0bcf594e5_6,arcgis_feature_layer,https://arcgis.metc.state.mn.us/data1/rest/services/society/TBI_2021/FeatureServer/6,
574f06a992d44dbb9decb4f0bcf594e5_7,arcgis_feature_layer,https://arcgis.metc.state.mn.us/data1/rest/services/society/TBI_2021/FeatureServer/7,
15cdcdd4d7684ac0a091cd4ca65fe838_0,arcgis_feature_layer,https://arcgis.metc.state.mn.us/data1/rest/services/society/TBI_2019/FeatureServer/0,
15cdcdd4d7684ac0a091cd4ca65fe838_1,arcgis_feature_layer,https://arcgis.metc.state.mn.us/data1/rest/services/society/TBI_2019/FeatureServer/1,
15cdcdd4d7684ac0a091cd4ca65fe838_2,arcgis_feature_layer,https://arcgis.metc.state.mn.us/data1/rest/services/society/TBI_2019/FeatureServer/2,
15cdcdd4d7684ac0a091cd4ca65fe838_3,arcgis_feature_layer,https://arcgis.metc.state.mn.us/data1/rest/services/society/TBI_2019/FeatureServer/3,
15cdcdd4d7684ac0a091cd4ca65fe838_4,arcgis_feature_layer,https://arcgis.metc.state.mn.us/data1/rest/services/society/TBI_2019/FeatureServer/4,
15cdcdd4d7684ac0a091cd4ca65fe838_5,arcgis_feature_layer,https://arcgis.metc.state.mn.us/data1/rest/services/society/TBI_2019/FeatureServer/5,
15cdcdd4d7684ac0a091cd4ca65fe838_6,arcgis_feature_layer,https://arcgis.metc.state.mn.us/data1/rest/services/society/TBI_2019/FeatureServer/6,
15cdcdd4d7684ac0a091cd4ca65fe838_7,arcgis_feature_layer,https://arcgis.metc.state.mn.us/data1/rest/services/society/TBI_2019/FeatureServer/7,
d706c082afad412cb467d4c0bf2dab4c_0,arcgis_feature_layer,https://gisweb.co.aitkin.mn.us/arcgis/rest/services/Maintained_Forest_Roads/FeatureServer/0,
cbfd89b72ef24ce8ad0b94a431dd0777_0,arcgis_feature_layer,https://gisweb.co.aitkin.mn.us/arcgis/rest/services/Forest_Inventory/FeatureServer/0,
7c3642d641884938a579e95b2914c510_0,arcgis_feature_layer,https://gisweb.co.aitkin.mn.us/arcgis/rest/services/EMS_Boundaries/FeatureServer/0,
ef277672b70045b7a29be3da6d3e7a73_3,arcgis_feature_layer,https://arcgis.metc.state.mn.us/data2/rest/services/transportation/TIP_draft/FeatureServer/3,
66f964ad5f914de3b43c8a4ebb5a0c18_3,arcgis_feature_layer,https://enterprise.gisdata.mn.gov/aghost/rest/services/us_mn_state_pca/env_impaired_water_2020/FeatureServer/3,
3dc903e63c1f44c098b6719300d3c87f_737,arcgis_feature_layer,https://gisweb.co.aitkin.mn.us/arcgis/rest/services/Commissioner_Districts/FeatureServer/737,
3af11e38bde2499094765b594e5e96ba_0,arcgis_feature_layer,https://gisweb.co.aitkin.mn.us/arcgis/rest/services/Snowmobile_Trails/FeatureServer/0,
2508f87c3f934747819356a7200d7ff0_0,arcgis_feature_layer,https://gisweb.co.aitkin.mn.us/arcgis/rest/services/ATV_Trails/FeatureServer/0,
e1670028466e456284174ddbe82fe539_230,arcgis_feature_layer,https://gisweb.co.aitkin.mn.us/arcgis/rest/services/Zoning_Classifications/FeatureServer/230,
3cd285cbb13a43478d42e2ade3915403_0,arcgis_feature_layer,https://gisweb.co.aitkin.mn.us/arcgis/rest/services/ParcelTaxData/FeatureServer/0,
43f4153d135e4e96901c12c71ef12be2_0,arcgis_feature_layer,https://gisweb.co.aitkin.mn.us/arcgis/rest/services/Road_Centerlines/FeatureServer/0,
58c05d13d4ba4abdad3756607f326547_3,arcgis_feature_layer,https://arcgis.metc.state.mn.us/data2/rest/services/transportation/Transit_Stops/FeatureServer/3,
a67f5fc2f5cd4eaab86697ad89ff9e8f_0,arcgis_feature_layer,https://enterprise.gisdata.mn.gov/aghost/rest/services/us_mn_co_aitkin/loc_address_points/FeatureServer/0,
5f4bc177747c4e1b9e75300314d5fd4a_0,arcgis_feature_layer,https://enterprise.gisdata.mn.gov/aghost/rest/services/us_mn_state_pca/util_wastewater_gw_moni/FeatureServer/0,
fd89ea84b8b142e8871ba409db8c10b0_0,arcgis_feature_layer,https://enterprise.gisdata.mn.gov/aghost/rest/services/us_mn_state_pca/util_wastewater_facilities/FeatureServer/0,
4c20cc0f3b5449ceb12b6350260c84f1_0,arcgis_feature_layer,https://enterprise.gisdata.mn.gov/aghost/rest/services/us_mn_state_pca/util_wastewater_discharge/FeatureServer/0,
86ec22a22b9b46f6b1172dbf659b72c3_0,arcgis_feature_layer,https://enterprise.gisdata.mn.gov/aghost/rest/services/us_mn_state_pca/util_wastewater_areas_served/FeatureServer/0,
00d66d2869624d11ad44b12a4fd17079_0,arcgis_feature_layer,https://enterprise.gisdata.mn.gov/aghost/rest/services/us_mn_state_pca/util_ssts_licensed_business/FeatureServer/0,
23001ef7941c43f4baf7106a6f4c1e0f_0,arcgis_feature_layer,https://enterprise.gisdata.mn.gov/aghost/rest/services/us_mn_state_pca/util_solid_waste/FeatureServer/0,
23001ef7941c43f4baf7106a6f4c1e0f_1,arcgis_feature_layer,https://enterprise.gisdata.mn.gov/aghost/rest/services/us_mn_state_pca/util_solid_waste/FeatureServer/1,
3b42527d3e6e43cf9213edac1a2448c0_0,arcgis_feature_layer,https://enterprise.gisdata.mn.gov/aghost/rest/services/us_mn_state_pca/env_watershed_stressors_streams/FeatureServer/0,
53bfdc20c89a4aff863706b8cc0a8d0a_0,arcgis_feature_layer,https://enterprise.gisdata.mn.gov/aghost/rest/services/us_mn_state_pca/env_remediation_sites/FeatureServer/0,
53bfdc20c89a4aff863706b8cc0a8d0a_1,arcgis_feature_layer,https://enterprise.gisdata.mn.gov/aghost/rest/services/us_mn_state_pca/env_remediation_sites/FeatureServer/1,
53bfdc20c89a4aff863706b8cc0a8d0a_2,arcgis_feature_layer,https://enterprise.gisdata.mn.gov/aghost/rest/services/us_mn_state_pca/env_remediation_sites/FeatureServer/2,
86dfed6d6b644751aa8c5ab8610837b3_0,arcgis_feature_layer,https://enterprise.gisdata.mn.gov/aghost/rest/services/us_mn_state_pca/env_remediation_plp/FeatureServer/0,
a4394340bbf54f62a1293ac226120773_0,arcgis_feature_layer,https://enterprise.gisdata.mn.gov/aghost/rest/services/us_mn_state_pca/env_my_neighborhood/FeatureServer/0,
b1b799f314e643ee9dc72b5de2e26f92_0,arcgis_feature_layer,https://enterprise.gisdata.mn.gov/aghost/rest/services/us_mn_state_pca/env_mpca_agency_interests/FeatureServer/0,
d795914803964a0f829e582db699b988_0,arcgis_feature_layer,https://enterprise.gisdata.mn.gov/aghost/rest/services/us_mn_state_pca/env_mn_gw_contamination_atlas/FeatureServer/0,
d795914803964a0f829e582db699b988_1,arcgis_feature_layer,https://enterprise.gisdata.mn.gov/aghost/rest/services/us_mn_state_pca/env_mn_gw_contamination_atlas/FeatureServer/1,
d795914803964a0f829e582db699b988_2,arcgis_feature_layer,https://enterprise.gisdata.mn.gov/aghost/rest/services/us_mn_state_pca/env_mn_gw_contamination_atlas/FeatureServer/2,
02fb2175c6554f56b4f39ba6829e3817_0,arcgis_feature_layer,https://services7.arcgis.com/X4PP9wzxESU6h7Mz/arcgis/rest/services/HoustonParcels/FeatureServer/0,
66f964ad5f914de3b43c8a4ebb5a0c18_4,arcgis_feature_layer,https://enterprise.gisdata.mn.gov/aghost/rest/services/us_mn_state_pca/env_impaired_water_2020/FeatureServer/4,
d795914803964a0f829e582db699b988_3,arcgis_feature_layer,https://enterprise.gisdata.mn.gov/aghost/rest/services/us_mn_state_pca/env_mn_gw_contamination_atlas/FeatureServer/3,
d795914803964a0f829e582db699b988_4,arcgis_feature_layer,https://enterprise.gisdata.mn.gov/aghost/rest/services/us_mn_state_pca/env_mn_gw_contamination_atlas/FeatureServer/4,
d795914803964a0f829e582db699b988_5,arcgis_feature_layer,https://enterprise.gisdata.mn.gov/aghost/rest/services/us_mn_state_pca/env_mn_gw_contamination_atlas/FeatureServer/5,
5571979c204445a9ae1feb54f6754856_0,arcgis_feature_layer,https://enterprise.gisdata.mn.gov/aghost/rest/services/us_mn_state_pca/env_land_application_sites/FeatureServer/0,
c92ce4a85ba546408cd182167aca85f0_0,arcgis_feature_layer,https://enterprise.gisdata.mn.gov/aghost/rest/services/us_mn_state_pca/env_isw_permits/FeatureServer/0,
c92ce4a85ba546408cd182167aca85f0_1,arcgis_feature_layer,https://enterprise.gisdata.mn.gov/aghost/rest/services/us_mn_state_pca/env_isw_permits/FeatureServer/1,
3f5932aaac134fab913baa2333507019_0,arcgis_feature_layer,https://services.arcgis.com/8df8p0NlLFEShl0r/arcgis/rest/services/ci_all_gdb_2_view/FeatureServer/0,
4be09d9cd18449b8971d95900a88d356_0,arcgis_feature_layer,https://services.arcgis.com/8df8p0NlLFEShl0r/arcgis/rest/services/Minnesota_Fire_Stations/FeatureServer/0,
f94dd844c32a439d92ac901e0d4847a7_1,arcgis_feature_layer,https://arcgis.metc.state.mn.us/data1/rest/services/utility/ES_Utility_Area_Public/FeatureServer/1,
eea627ce674e4cc5ba621b1c800e9445_0,arcgis_feature_layer,https://services.arcgis.com/9OIuDHbyhmH91RfZ/arcgis/rest/services/EMSRB_Statewide/FeatureServer/0,
4f75c5f66069476184ef73383cf77512_0,arcgis_feature_layer,https://enterprise.gisdata.mn.gov/aghost/rest/services/MnTOPO_Flight_Swaths/FeatureServer/0,
0624c76a48fb4c6083fe0b81628c228a_0,arcgis_feature_layer,https://webgis.dot.state.mn.us/65agsf1/rest/services/sdw_govnt/CITY_TOWNSHIP_UNORG_TERR/FeatureServer/0,
d59f4c9d6cfd4bdc85a14d7dbd1fe218_0,arcgis_feature_layer,https://services2.arcgis.com/BLy9fHcJU1W8LU8M/arcgis/rest/services/legacy_pts_july2026/FeatureServer/0,
17490939be0c4773854a9bd536dca0ae_0,arcgis_feature_layer,https://arcgis.metc.state.mn.us/data1/rest/services/boundary/Counties_CTUs/FeatureServer/0,
17490939be0c4773854a9bd536dca0ae_1,arcgis_feature_layer,https://arcgis.metc.state.mn.us/data1/rest/services/boundary/Counties_CTUs/FeatureServer/1,
17490939be0c4773854a9bd536dca0ae_2,arcgis_feature_layer,https://arcgis.metc.state.mn.us/data1/rest/services/boundary/Counties_CTUs/FeatureServer/2,
17490939be0c4773854a9bd536dca0ae_3,arcgis_feature_layer,https://arcgis.metc.state.mn.us/data1/rest/services/boundary/Counties_CTUs/FeatureServer/3,
66f964ad5f914de3b43c8a4ebb5a0c18_5,arcgis_feature_layer,https://enterprise.gisdata.mn.gov/aghost/rest/services/us_mn_state_pca/env_impaired_water_2020/FeatureServer/5,
8996ffefeed04311b0b143bd163663e9_0,arcgis_feature_layer,https://arcgis.metc.state.mn.us/data1/rest/services/society/Other_Society_Public/FeatureServer/0,
fef37a7fa215473ba0ef1ec96520b0e3_0,arcgis_feature_layer,https://arcgis.metc.state.mn.us/data1/rest/services/water/Surface_Water/FeatureServer/0,
fef37a7fa215473ba0ef1ec96520b0e3_1,arcgis_feature_layer,https://arcgis.metc.state.mn.us/data1/rest/services/water/Surface_Water/FeatureServer/1,
a78f14f206d44fc2acda021ef71c0c5d_7,arcgis_feature_layer,https://arcgis.metc.state.mn.us/data1/rest/services/planning/Other_Plan_Areas_Public/FeatureServer/7,
68d979839fd44ae89084054c3f38e38f_0,arcgis_feature_layer,https://arcgis.metc.state.mn.us/data1/rest/services/geoscientific/Aggregate_Resources/FeatureServer/0,
68d979839fd44ae89084054c3f38e38f_1,arcgis_feature_layer,https://arcgis.metc.state.mn.us/data1/rest/services/geoscientific/Aggregate_Resources/FeatureServer/1,
68d979839fd44ae89084054c3f38e38f_2,arcgis_feature_layer,https://arcgis.metc.state.mn.us/data1/rest/services/geoscientific/Aggregate_Resources/FeatureServer/2,
41d8ce92ae0d423c95c03d1c215d5456_0,arcgis_feature_layer,https://arcgis.metc.state.mn.us/data2/rest/services/transportation/TAZ/FeatureServer/0,
1999e79a3252476b8e0419b87b6a3619_0,arcgis_feature_layer,https://arcgis.metc.state.mn.us/data1/rest/services/society/SAPH_Estimates/FeatureServer/0,
1999e79a3252476b8e0419b87b6a3619_1,arcgis_feature_layer,https://arcgis.metc.state.mn.us/data1/rest/services/society/SAPH_Estimates/FeatureServer/1,
1999e79a3252476b8e0419b87b6a3619_2,arcgis_feature_layer,https://arcgis.metc.state.mn.us/data1/rest/services/society/SAPH_Estimates/FeatureServer/2,
1999e79a3252476b8e0419b87b6a3619_3,arcgis_feature_layer,https://arcgis.metc.state.mn.us/data1/rest/services/society/SAPH_Estimates/FeatureServer/3,
1999e79a3252476b8e0419b87b6a3619_4,arcgis_feature_layer,https://arcgis.metc.state.mn.us/data1/rest/services/society/SAPH_Estimates/FeatureServer/4,
ca65f2aa87ff44bb93e674a50457ff31_0,arcgis_feature_layer,https://arcgis.metc.state.mn.us/data2/rest/services/transportation/RBTN_Destinations/FeatureServer/0,
6107ff87f76f46fa846f3c7a89652c8e_5,arcgis_feature_layer,https://arcgis.metc.state.mn.us/data2/rest/services/transportation/RBTN_Alignment_Corridor/FeatureServer/5,
fd92c42e9715450c967f5ad4eaa82358_2,arcgis_feature_layer,https://arcgis.metc.state.mn.us/data2/rest/services/transportation/RBTN_Alignment_Corridor/FeatureServer/2,
27bfa86554a147009737df76edf4ef06_6,arcgis_feature_layer,https://arcgis.metc.state.mn.us/data2/rest/services/transportation/RBTN_Alignment_Corridor/FeatureServer/6,
3725da4adb3841d9b84642e7ae1ea65d_0,arcgis_feature_layer,https://arcgis.metc.state.mn.us/data1/rest/services/society/Other_Society_Public_2/FeatureServer/0,
00eefa59bd16446086b7b98ea0244394_3,arcgis_feature_layer,https://arcgis.metc.state.mn.us/data2/rest/services/transportation/Regional_Solicitation/FeatureServer/3,
66f964ad5f914de3b43c8a4ebb5a0c18_6,arcgis_feature_layer,https://enterprise.gisdata.mn.gov/aghost/rest/services/us_mn_state_pca/env_impaired_water_2020/FeatureServer/6,
7453e8ef141d42a8a25dde662b8a8a72_2,arcgis_feature_layer,https://arcgis.metc.state.mn.us/data2/rest/services/transportation/Regional_Solicitation/FeatureServer/2,
8e550aa13bd9407eb02538470e9f2895_1,arcgis_feature_layer,https://arcgis.metc.state.mn.us/data2/rest/services/transportation/Regional_Solicitation/FeatureServer/1,
6ade67e4281b489b8a8666a3d28f282c_0,arcgis_feature_layer,https://arcgis.metc.state.mn.us/data2/rest/services/transportation/Regional_Solicitation/FeatureServer/0,
88fb200bbddc48008d4a4e8e5dceb373_0,arcgis_feature_layer,https://arcgis.metc.state.mn.us/data2/rest/services/transportation/TPP2050_Aviation/FeatureServer/0,
88fb200bbddc48008d4a4e8e5dceb373_1,arcgis_feature_layer,https://arcgis.metc.state.mn.us/data2/rest/services/transportation/TPP2050_Aviation/FeatureServer/1,
88fb200bbddc48008d4a4e8e5dceb373_2,arcgis_feature_layer,https://arcgis.metc.state.mn.us/data2/rest/services/transportation/TPP2050_Aviation/FeatureServer/2,
88fb200bbddc48008d4a4e8e5dceb373_3,arcgis_feature_layer,https://arcgis.metc.state.mn.us/data2/rest/services/transportation/TPP2050_Aviation/FeatureServer/3,
88fb200bbddc48008d4a4e8e5dceb373_4,arcgis_feature_layer,https://arcgis.metc.state.mn.us/data2/rest/services/transportation/TPP2050_Aviation/FeatureServer/4,
88fb200bbddc48008d4a4e8e5dceb373_5,arcgis_feature_layer,https://arcgis.metc.state.mn.us/data2/rest/services/transportation/TPP2050_Aviation/FeatureServer/5,
88fb200bbddc48008d4a4e8e5dceb373_6,arcgis_feature_layer,https://arcgis.metc.state.mn.us/data2/rest/services/transportation/TPP2050_Aviation/FeatureServer/6,
88fb200bbddc48008d4a4e8e5dceb373_7,arcgis_feature_layer,https://arcgis.metc.state.mn.us/data2/rest/services/transportation/TPP2050_Aviation/FeatureServer/7,
88fb200bbddc48008d4a4e8e5dceb373_8,arcgis_feature_layer,https://arcgis.metc.state.mn.us/data2/rest/services/transportation/TPP2050_Aviation/FeatureServer/8,
c95eda8fe3654a47aa863eaf2d9c1045_0,arcgis_feature_layer,https://arcgis.metc.state.mn.us/data2/rest/services/transportation/TPP2050_Transit/FeatureServer/0,
c95eda8fe3654a47aa863eaf2d9c1045_1,arcgis_feature_layer,https://arcgis.metc.state.mn.us/data2/rest/services/transportation/TPP2050_Transit/FeatureServer/1,
c95eda8fe3654a47aa863eaf2d9c1045_10,arcgis_feature_layer,https://arcgis.metc.state.mn.us/data2/rest/services/transportation/TPP2050_Transit/FeatureServer/10,
c95eda8fe3654a47aa863eaf2d9c1045_2,arcgis_feature_layer,https://arcgis.metc.state.mn.us/data2/rest/services/transportation/TPP2050_Transit/FeatureServer/2,
c95eda8fe3654a47aa863eaf2d9c1045_3,arcgis_feature_layer,https://arcgis.metc.state.mn.us/data2/rest/services/transportation/TPP2050_Transit/FeatureServer/3,
c95eda8fe3654a47aa863eaf2d9c1045_4,arcgis_feature_layer,https://arcgis.metc.state.mn.us/data2/rest/services/transportation/TPP2050_Transit/FeatureServer/4,
66f964ad5f914de3b43c8a4ebb5a0c18_7,arcgis_feature_layer,https://enterprise.gisdata.mn.gov/aghost/rest/services/us_mn_state_pca/env_impaired_water_2020/FeatureServer/7,
c95eda8fe3654a47aa863eaf2d9c1045_5,arcgis_feature_layer,https://arcgis.metc.state.mn.us/data2/rest/services/transportation/TPP2050_Transit/FeatureServer/5,
c95eda8fe3654a47aa863eaf2d9c1045_6,arcgis_feature_layer,https://arcgis.metc.state.mn.us/data2/rest/services/transportation/TPP2050_Transit/FeatureServer/6,
c95eda8fe3654a47aa863eaf2d9c1045_7,arcgis_feature_layer,https://arcgis.metc.state.mn.us/data2/rest/services/transportation/TPP2050_Transit/FeatureServer/7,
c95eda8fe3654a47aa863eaf2d9c1045_8,arcgis_feature_layer,https://arcgis.metc.state.mn.us/data2/rest/services/transportation/TPP2050_Transit/FeatureServer/8,
c95eda8fe3654a47aa863eaf2d9c1045_9,arcgis_feature_layer,https://arcgis.metc.state.mn.us/data2/rest/services/transportation/TPP2050_Transit/FeatureServer/9,
9d6e9ddbf7a54f49853cdeb1e386ec2a_0,arcgis_feature_layer,https://arcgis.metc.state.mn.us/data1/rest/services/planning/Other_Plan_Areas_Public/FeatureServer/0,
9d6e9ddbf7a54f49853cdeb1e386ec2a_1,arcgis_feature_layer,https://arcgis.metc.state.mn.us/data1/rest/services/planning/Other_Plan_Areas_Public/FeatureServer/1,
9d6e9ddbf7a54f49853cdeb1e386ec2a_2,arcgis_feature_layer,https://arcgis.metc.state.mn.us/data1/rest/services/planning/Other_Plan_Areas_Public/FeatureServer/2,
9d6e9ddbf7a54f49853cdeb1e386ec2a_3,arcgis_feature_layer,https://arcgis.metc.state.mn.us/data1/rest/services/planning/Other_Plan_Areas_Public/FeatureServer/3,
9d6e9ddbf7a54f49853cdeb1e386ec2a_4,arcgis_feature_layer,https://arcgis.metc.state.mn.us/data1/rest/services/planning/Other_Plan_Areas_Public/FeatureServer/4,
9d6e9ddbf7a54f49853cdeb1e386ec2a_6,arcgis_feature_layer,https://arcgis.metc.state.mn.us/data1/rest/services/planning/Other_Plan_Areas_Public/FeatureServer/6,
9d6e9ddbf7a54f49853cdeb1e386ec2a_7,arcgis_feature_layer,https://arcgis.metc.state.mn.us/data1/rest/services/planning/Other_Plan_Areas_Public/FeatureServer/7,
e83be8c028354d95a83b55a45f3cdc8f_0,arcgis_feature_layer,https://arcgis.metc.state.mn.us/data1/rest/services/boundary/Other_Boundary_Public/FeatureServer/0,
c0bca5584e704731880b81c646d5e271_2,arcgis_feature_layer,https://arcgis.metc.state.mn.us/data1/rest/services/planning/Land_Use/FeatureServer/2,
02083b659b744f3e8f0867cf06c8fdb4_0,arcgis_feature_layer,https://arcgis.metc.state.mn.us/data1/rest/services/planning/Land_Use/FeatureServer/0,
9ef6a323509b4eed8687fec3a8e30d61_0,arcgis_feature_layer,https://arcgis.metc.state.mn.us/data1/rest/services/society/Thrive_2040/FeatureServer/0,
cc02dc62364b42da970da54a29a9b08b_1,arcgis_feature_layer,https://arcgis.metc.state.mn.us/data1/rest/services/planning/Land_Use/FeatureServer/1,
19e6ba41c1284329bb023878b2744ebd_2,arcgis_feature_layer,https://arcgis.metc.state.mn.us/data2/rest/services/transportation/Transit_PR_PP/FeatureServer/2,
eeaf3ee7c3ae4e36bb36a4a5bb67bde6_2,arcgis_feature_layer,https://arcgis.metc.state.mn.us/data2/rest/services/transportation/Bike_Pedestrian/FeatureServer/2,
4290e058f923499c8fdcda6d8398e8c5_9,arcgis_feature_layer,https://arcgis.metc.state.mn.us/data2/rest/services/transportation/Other_Transit_Public/FeatureServer/9,
71a6be4b882d436e93cd09b433248bee_1,arcgis_feature_layer,https://arcgis.metc.state.mn.us/data1/rest/services/boundary/Metropolitan_Council/FeatureServer/1,
404867a86c554fa2b28c238e0346087d_0,arcgis_feature_layer,https://webgis.dot.state.mn.us/65agsf1/rest/services/sdw_trans/BIKEWAY/FeatureServer/0,
6dde75d937264557ba0f58fbb8539d93_0,arcgis_feature_layer,https://webgis.dot.state.mn.us/65agsf1/rest/services/sdw_incdt/PUBLIC_STATUS/FeatureServer/0,
56b0bbf6cfb3491f8aeca72eb6442216_2,arcgis_feature_layer,https://arcgis.metc.state.mn.us/data2/rest/services/transportation/Transit_Areas_1/FeatureServer/2,
6b4ed02055dd499e8130a26542aa8f70_3,arcgis_feature_layer,https://arcgis.metc.state.mn.us/data1/rest/services/planning/Other_Plan_Areas_Public/FeatureServer/3,
0e34823338934191bda0e770dc99e1dd_0,arcgis_feature_layer,https://arcgis.metc.state.mn.us/data1/rest/services/agriculture/Ag_Preserves/FeatureServer/0,
66f964ad5f914de3b43c8a4ebb5a0c18_8,arcgis_feature_layer,https://enterprise.gisdata.mn.gov/aghost/rest/services/us_mn_state_pca/env_impaired_water_2020/FeatureServer/8,
57f8e22ad3874d2b8e3445ee9e531b1d_0,arcgis_feature_layer,https://arcgis.metc.state.mn.us/data1/rest/services/parcels/Parcels_Aggregate/FeatureServer/0,
9c1267487c5e48c287262c21665d0389_0,arcgis_feature_layer,https://arcgis.metc.state.mn.us/data1/rest/services/parcels/Parcel_Points_Aggregate/FeatureServer/0,
1ec5c1f6c6674292ae6b096e6db1aab3_0,arcgis_feature_layer,https://arcgis.metc.state.mn.us/data1/rest/services/parcels/Parcel_Points/FeatureServer/0,
1ec5c1f6c6674292ae6b096e6db1aab3_1,arcgis_feature_layer,https://arcgis.metc.state.mn.us/data1/rest/services/parcels/Parcel_Points/FeatureServer/1,
1ec5c1f6c6674292ae6b096e6db1aab3_2,arcgis_feature_layer,https://arcgis.metc.state.mn.us/data1/rest/services/parcels/Parcel_Points/FeatureServer/2,
1ec5c1f6c6674292ae6b096e6db1aab3_3,arcgis_feature_layer,https://arcgis.metc.state.mn.us/data1/rest/services/parcels/Parcel_Points/FeatureServer/3,
66f964ad5f914de3b43c8a4ebb5a0c18_9,arcgis_feature_layer,https://enterprise.gisdata.mn.gov/aghost/rest/services/us_mn_state_pca/env_impaired_water_2020/FeatureServer/9,
6e2148787c434d2bb918e79914c0ec89_0,arcgis_feature_layer,https://enterprise.gisdata.mn.gov/aghost/rest/services/Hosted/water_public_drainage_systems_lesueur_gdb/FeatureServer/0,
6e2148787c434d2bb918e79914c0ec89_1,arcgis_feature_layer,https://enterprise.gisdata.mn.gov/aghost/rest/services/Hosted/water_public_drainage_systems_lesueur_gdb/FeatureServer/1,
6e2148787c434d2bb918e79914c0ec89_2,arcgis_feature_layer,https://enterprise.gisdata.mn.gov/aghost/rest/services/Hosted/water_public_drainage_systems_lesueur_gdb/FeatureServer/2,
deac40c801f246dd8b2d5031777921f2_0,arcgis_feature_layer,https://enterprise.gisdata.mn.gov/aghost/rest/services/Hosted/water_public_drainage_systems_lqpyb_gdb/FeatureServer/0,
deac40c801f246dd8b2d5031777921f2_1,arcgis_feature_layer,https://enterprise.gisdata.mn.gov/aghost/rest/services/Hosted/water_public_drainage_systems_lqpyb_gdb/FeatureServer/1,
deac40c801f246dd8b2d5031777921f2_2,arcgis_feature_layer,https://enterprise.gisdata.mn.gov/aghost/rest/services/Hosted/water_public_drainage_systems_lqpyb_gdb/FeatureServer/2,
deac40c801f246dd8b2d5031777921f2_3,arcgis_feature_layer,https://enterprise.gisdata.mn.gov/aghost/rest/services/Hosted/water_public_drainage_systems_lqpyb_gdb/FeatureServer/3,
d45ddeb64ac34536995d13112f905610_0,arcgis_feature_layer,https://enterprise.gisdata.mn.gov/aghost/rest/services/Hosted/water_public_drainage_systems_faribault_gdb/FeatureServer/0,
d45ddeb64ac34536995d13112f905610_1,arcgis_feature_layer,https://enterprise.gisdata.mn.gov/aghost/rest/services/Hosted/water_public_drainage_systems_faribault_gdb/FeatureServer/1,
d45ddeb64ac34536995d13112f905610_2,arcgis_feature_layer,https://enterprise.gisdata.mn.gov/aghost/rest/services/Hosted/water_public_drainage_systems_faribault_gdb/FeatureServer/2,
d45ddeb64ac34536995d13112f905610_3,arcgis_feature_layer,https://enterprise.gisdata.mn.gov/aghost/rest/services/Hosted/water_public_drainage_systems_faribault_gdb/FeatureServer/3,
194272df07984dd4818a07d79f3226ef_0,arcgis_feature_layer,https://enterprise.gisdata.mn.gov/aghost/rest/services/Hosted/water_public_drainage_systems_chippewa_gdb/FeatureServer/0,
194272df07984dd4818a07d79f3226ef_1,arcgis_feature_layer,https://enterprise.gisdata.mn.gov/aghost/rest/services/Hosted/water_public_drainage_systems_chippewa_gdb/FeatureServer/1,
194272df07984dd4818a07d79f3226ef_2,arcgis_feature_layer,https://enterprise.gisdata.mn.gov/aghost/rest/services/Hosted/water_public_drainage_systems_chippewa_gdb/FeatureServer/2,
8977cdc64c12406f82d9353bddaf378e_0,arcgis_feature_layer,https://enterprise.gisdata.mn.gov/aghost/rest/services/Hosted/water_public_drainage_systems_mcleod/FeatureServer/0,
8977cdc64c12406f82d9353bddaf378e_1,arcgis_feature_layer,https://enterprise.gisdata.mn.gov/aghost/rest/services/Hosted/water_public_drainage_systems_mcleod/FeatureServer/1,
2c400e1228ed40fa84ebd24179308567_0,arcgis_feature_layer,https://enterprise.gisdata.mn.gov/aghost/rest/services/us_mn_state_mngeo/health_facility_hospitals/FeatureServer/0,
8977cdc64c12406f82d9353bddaf378e_2,arcgis_feature_layer,https://enterprise.gisdata.mn.gov/aghost/rest/services/Hosted/water_public_drainage_systems_mcleod/FeatureServer/2,
fd1d67dbe0e04555adfe80f411397e84_0,arcgis_feature_layer,https://enterprise.gisdata.mn.gov/aghost/rest/services/Hosted/Public_Drainage_Systems_Hydrography_Buffalo_Red_River_Watershed_District_Minnesota/FeatureServer/0,
fd1d67dbe0e04555adfe80f411397e84_1,arcgis_feature_layer,https://enterprise.gisdata.mn.gov/aghost/rest/services/Hosted/Public_Drainage_Systems_Hydrography_Buffalo_Red_River_Watershed_District_Minnesota/FeatureServer/1,
fd1d67dbe0e04555adfe80f411397e84_2,arcgis_feature_layer,https://enterprise.gisdata.mn.gov/aghost/rest/services/Hosted/Public_Drainage_Systems_Hydrography_Buffalo_Red_River_Watershed_District_Minnesota/FeatureServer/2,
3b68ac22bd4644809c3b9e3d1e7da41f_0,arcgis_feature_layer,https://services.arcgis.com/8df8p0NlLFEShl0r/arcgis/rest/services/Ecological_Study_TCMA_Composite_Intrinsic_Suitability_1968/FeatureServer/0,
37c29c8fd6c94b5bb0766971d1776dad_0,arcgis_feature_layer,https://services.arcgis.com/8df8p0NlLFEShl0r/arcgis/rest/services/water_historic_landsurvey_gdb/FeatureServer/0,
37c29c8fd6c94b5bb0766971d1776dad_1,arcgis_feature_layer,https://services.arcgis.com/8df8p0NlLFEShl0r/arcgis/rest/services/water_historic_landsurvey_gdb/FeatureServer/1,
37c29c8fd6c94b5bb0766971d1776dad_2,arcgis_feature_layer,https://services.arcgis.com/8df8p0NlLFEShl0r/arcgis/rest/services/water_historic_landsurvey_gdb/FeatureServer/2,
37c29c8fd6c94b5bb0766971d1776dad_3,arcgis_feature_layer,https://services.arcgis.com/8df8p0NlLFEShl0r/arcgis/rest/services/water_historic_landsurvey_gdb/FeatureServer/3,
37c29c8fd6c94b5bb0766971d1776dad_4,arcgis_feature_layer,https://services.arcgis.com/8df8p0NlLFEShl0r/arcgis/rest/services/water_historic_landsurvey_gdb/FeatureServer/4,
ead09665fdfa43259097eabb1d615d24_0,arcgis_feature_layer,https://services.arcgis.com/8df8p0NlLFEShl0r/arcgis/rest/services/Twin_Cities_Metropolitan_Area_Generalized_Land_Use_1978/FeatureServer/0,
698e497b4a7b4f25b346630dd2e7bf45_0,arcgis_feature_layer,https://services.arcgis.com/8df8p0NlLFEShl0r/arcgis/rest/services/L1958_poly/FeatureServer/0,
b497f27cf6ff46f0ab30b12af3df69e0_2,arcgis_feature_layer,https://enterprise.gisdata.mn.gov/aghost/rest/services/us_mn_state_mngeo/bdry_mn_county_open_data_status/FeatureServer/2,
6db60e406b684b79944f6abf6a8bfdb7_0,arcgis_feature_layer,https://services.arcgis.com/8df8p0NlLFEShl0r/arcgis/rest/services/L1968_poly/FeatureServer/0,
63d288e50e8f4ab5ad4cc5a752b690b4_0,arcgis_feature_layer,https://enterprise.gisdata.mn.gov/aghost/rest/services/us_mn_state_mngeo/bdry_counties_minnesota/FeatureServer/0,
32e58c7ee9b446ce95b3be04bf8cd823_0,arcgis_feature_layer,https://enterprise.gisdata.mn.gov/aghost/rest/services/us_mn_state_mngeo/base_saip_photocenters_2009_14/FeatureServer/0,
40c4aaacfc7249cba8cafacf07bc8d8c_0,arcgis_feature_layer,https://enterprise.gisdata.mn.gov/aghost/rest/services/us_mn_state_mngeo/bdry_emerg_serv_zones_open/FeatureServer/0,
40c4aaacfc7249cba8cafacf07bc8d8c_1,arcgis_feature_layer,https://enterprise.gisdata.mn.gov/aghost/rest/services/us_mn_state_mngeo/bdry_emerg_serv_zones_open/FeatureServer/1,
d4c9bd4a3ec24b3bbefc680b0079add5_0,arcgis_feature_layer,https://enterprise.gisdata.mn.gov/aghost/rest/services/us_mn_co_wabasha/trans_roadcenterline/FeatureServer/0,
bf8ef9d0b3f1455c9af61ef6b60329e2_0,arcgis_feature_layer,https://enterprise.gisdata.mn.gov/aghost/rest/services/us_mn_co_wabasha/plan_parcelspolygon/FeatureServer/0,
bf8ef9d0b3f1455c9af61ef6b60329e2_1,arcgis_feature_layer,https://enterprise.gisdata.mn.gov/aghost/rest/services/us_mn_co_wabasha/plan_parcelspolygon/FeatureServer/1,
bf8ef9d0b3f1455c9af61ef6b60329e2_2,arcgis_feature_layer,https://enterprise.gisdata.mn.gov/aghost/rest/services/us_mn_co_wabasha/plan_parcelspolygon/FeatureServer/2,
e01e1874af44423794c8270fa9a5b2f1_0,arcgis_feature_layer,https://enterprise.gisdata.mn.gov/aghost/rest/services/us_mn_co_wabasha/loc_addresspoint/FeatureServer/0,
41f4f6cb72774b26ad965fd86dad1ecb_0,arcgis_feature_layer,https://enterprise.gisdata.mn.gov/aghost/rest/services/us_mn_co_lake/trans_road_centerlines/FeatureServer/0,
5096b16ebcba4370bacf075bde54b59d_0,arcgis_feature_layer,https://enterprise.gisdata.mn.gov/aghost/rest/services/us_mn_co_lake/plan_tax_parcels/FeatureServer/0,
cdf42e82be414490a39212bfaf4a2ea8_0,arcgis_feature_layer,https://enterprise.gisdata.mn.gov/aghost/rest/services/us_mn_co_lake/loc_address_points/FeatureServer/0,
3c41501306ee4f669a34dd4de4c96688_0,arcgis_feature_layer,https://enterprise.gisdata.mn.gov/aghost/rest/services/us_mn_co_itasca/plan_zoning/FeatureServer/0,
06a8b7a901ce4093a9f875e17b706541_0,arcgis_feature_layer,https://enterprise.gisdata.mn.gov/aghost/rest/services/us_mn_co_itasca/plan_townships/FeatureServer/0,
f567c8a8c5284e118324b0b88d027c17_0,arcgis_feature_layer,https://enterprise.gisdata.mn.gov/aghost/rest/services/us_mn_co_itasca/plan_sections/FeatureServer/0,
1b7d710c54b94db2a470433b888f17bd_0,arcgis_feature_layer,https://enterprise.gisdata.mn.gov/aghost/rest/services/us_mn_co_itasca/plan_parcels/FeatureServer/0,
caeb1403b54a4f62a4177539a7f9383b_0,arcgis_feature_layer,https://enterprise.gisdata.mn.gov/aghost/rest/services/us_mn_co_itasca/biota_forest_inventory/FeatureServer/0,
caeb1403b54a4f62a4177539a7f9383b_1,arcgis_feature_layer,https://enterprise.gisdata.mn.gov/aghost/rest/services/us_mn_co_itasca/biota_forest_inventory/FeatureServer/1,
caeb1403b54a4f62a4177539a7f9383b_10,arcgis_feature_layer,https://enterprise.gisdata.mn.gov/aghost/rest/services/us_mn_co_itasca/biota_forest_inventory/FeatureServer/10,
caeb1403b54a4f62a4177539a7f9383b_11,arcgis_feature_layer,https://enterprise.gisdata.mn.gov/aghost/rest/services/us_mn_co_itasca/biota_forest_inventory/FeatureServer/11,
caeb1403b54a4f62a4177539a7f9383b_2,arcgis_feature_layer,https://enterprise.gisdata.mn.gov/aghost/rest/services/us_mn_co_itasca/biota_forest_inventory/FeatureServer/2,
caeb1403b54a4f62a4177539a7f9383b_3,arcgis_feature_layer,https://enterprise.gisdata.mn.gov/aghost/rest/services/us_mn_co_itasca/biota_forest_inventory/FeatureServer/3,
caeb1403b54a4f62a4177539a7f9383b_4,arcgis_feature_layer,https://enterprise.gisdata.mn.gov/aghost/rest/services/us_mn_co_itasca/biota_forest_inventory/FeatureServer/4,
caeb1403b54a4f62a4177539a7f9383b_5,arcgis_feature_layer,https://enterprise.gisdata.mn.gov/aghost/rest/services/us_mn_co_itasca/biota_forest_inventory/FeatureServer/5,
caeb1403b54a4f62a4177539a7f9383b_6,arcgis_feature_layer,https://enterprise.gisdata.mn.gov/aghost/rest/services/us_mn_co_itasca/biota_forest_inventory/FeatureServer/6,
caeb1403b54a4f62a4177539a7f9383b_7,arcgis_feature_layer,https://enterprise.gisdata.mn.gov/aghost/rest/services/us_mn_co_itasca/biota_forest_inventory/FeatureServer/7,
caeb1403b54a4f62a4177539a7f9383b_8,arcgis_feature_layer,https://enterprise.gisdata.mn.gov/aghost/rest/services/us_mn_co_itasca/biota_forest_inventory/FeatureServer/8,
caeb1403b54a4f62a4177539a7f9383b_9,arcgis_feature_layer,https://enterprise.gisdata.mn.gov/aghost/rest/services/us_mn_co_itasca/biota_forest_inventory/FeatureServer/9,
159d8ed72f3a4086aa781025042f6e27_0,arcgis_feature_layer,https://enterprise.gisdata.mn.gov/aghost/rest/services/org_mn_mesb/bdry_msag_communities/FeatureServer/0,
cdc81f5d696046b38a598d53fb50be44_0,arcgis_feature_layer,https://enterprise.gisdata.mn.gov/aghost/rest/services/org_mn_mesb/bdry_mn_state_patrol/FeatureServer/0,
6c2c813b33144d49ba993bd86b3a58ba_0,arcgis_feature_layer,https://enterprise.gisdata.mn.gov/aghost/rest/services/us_mn_state_sos/bdry_votingdistricts/FeatureServer/0,
446a973217ce46da9cc96bf43120fbba_0,arcgis_feature_layer,https://enterprise.gisdata.mn.gov/aghost/rest/services/us_mn_state_sos/bdry_electionresults_2022_2030/FeatureServer/0,
446a973217ce46da9cc96bf43120fbba_1,arcgis_feature_layer,https://enterprise.gisdata.mn.gov/aghost/rest/services/us_mn_state_sos/bdry_electionresults_2022_2030/FeatureServer/1,
40bde6cc6dfc4623b665e6cdb0bda21c_0,arcgis_feature_layer,https://enterprise.gisdata.mn.gov/aghost/rest/services/us_mn_state_sos/bdry_electionresults_2012_2020/FeatureServer/0,
40bde6cc6dfc4623b665e6cdb0bda21c_1,arcgis_feature_layer,https://enterprise.gisdata.mn.gov/aghost/rest/services/us_mn_state_sos/bdry_electionresults_2012_2020/FeatureServer/1,
40bde6cc6dfc4623b665e6cdb0bda21c_2,arcgis_feature_layer,https://enterprise.gisdata.mn.gov/aghost/rest/services/us_mn_state_sos/bdry_electionresults_2012_2020/FeatureServer/2,
40bde6cc6dfc4623b665e6cdb0bda21c_3,arcgis_feature_layer,https://enterprise.gisdata.mn.gov/aghost/rest/services/us_mn_state_sos/bdry_electionresults_2012_2020/FeatureServer/3,
40bde6cc6dfc4623b665e6cdb0bda21c_4,arcgis_feature_layer,https://enterprise.gisdata.mn.gov/aghost/rest/services/us_mn_state_sos/bdry_electionresults_2012_2020/FeatureServer/4,
aebfea1f26cc4ebc91fdfff5665f3733_0,arcgis_feature_layer,https://enterprise.gisdata.mn.gov/aghost/rest/services/us_mn_state_pca/water_national_hydrography_data/FeatureServer/0,
aebfea1f26cc4ebc91fdfff5665f3733_1,arcgis_feature_layer,https://enterprise.gisdata.mn.gov/aghost/rest/services/us_mn_state_pca/water_national_hydrography_data/FeatureServer/1,
aebfea1f26cc4ebc91fdfff5665f3733_10,arcgis_feature_layer,https://enterprise.gisdata.mn.gov/aghost/rest/services/us_mn_state_pca/water_national_hydrography_data/FeatureServer/10,
aebfea1f26cc4ebc91fdfff5665f3733_11,arcgis_feature_layer,https://enterprise.gisdata.mn.gov/aghost/rest/services/us_mn_state_pca/water_national_hydrography_data/FeatureServer/11,
aebfea1f26cc4ebc91fdfff5665f3733_12,arcgis_feature_layer,https://enterprise.gisdata.mn.gov/aghost/rest/services/us_mn_state_pca/water_national_hydrography_data/FeatureServer/12,
aebfea1f26cc4ebc91fdfff5665f3733_13,arcgis_feature_layer,https://enterprise.gisdata.mn.gov/aghost/rest/services/us_mn_state_pca/water_national_hydrography_data/FeatureServer/13,
aebfea1f26cc4ebc91fdfff5665f3733_14,arcgis_feature_layer,https://enterprise.gisdata.mn.gov/aghost/rest/services/us_mn_state_pca/water_national_hydrography_data/FeatureServer/14,
aebfea1f26cc4ebc91fdfff5665f3733_15,arcgis_feature_layer,https://enterprise.gisdata.mn.gov/aghost/rest/services/us_mn_state_pca/water_national_hydrography_data/FeatureServer/15,
aebfea1f26cc4ebc91fdfff5665f3733_16,arcgis_feature_layer,https://enterprise.gisdata.mn.gov/aghost/rest/services/us_mn_state_pca/water_national_hydrography_data/FeatureServer/16,
aebfea1f26cc4ebc91fdfff5665f3733_17,arcgis_feature_layer,https://enterprise.gisdata.mn.gov/aghost/rest/services/us_mn_state_pca/water_national_hydrography_data/FeatureServer/17,
aebfea1f26cc4ebc91fdfff5665f3733_18,arcgis_feature_layer,https://enterprise.gisdata.mn.gov/aghost/rest/services/us_mn_state_pca/water_national_hydrography_data/FeatureServer/18,
aebfea1f26cc4ebc91fdfff5665f3733_19,arcgis_feature_layer,https://enterprise.gisdata.mn.gov/aghost/rest/services/us_mn_state_pca/water_national_hydrography_data/FeatureServer/19,
aebfea1f26cc4ebc91fdfff5665f3733_2,arcgis_feature_layer,https://enterprise.gisdata.mn.gov/aghost/rest/services/us_mn_state_pca/water_national_hydrography_data/FeatureServer/2,
aebfea1f26cc4ebc91fdfff5665f3733_20,arcgis_feature_layer,https://enterprise.gisdata.mn.gov/aghost/rest/services/us_mn_state_pca/water_national_hydrography_data/FeatureServer/20,
aebfea1f26cc4ebc91fdfff5665f3733_21,arcgis_feature_layer,https://enterprise.gisdata.mn.gov/aghost/rest/services/us_mn_state_pca/water_national_hydrography_data/FeatureServer/21,
aebfea1f26cc4ebc91fdfff5665f3733_22,arcgis_feature_layer,https://enterprise.gisdata.mn.gov/aghost/rest/services/us_mn_state_pca/water_national_hydrography_data/FeatureServer/22,
aebfea1f26cc4ebc91fdfff5665f3733_23,arcgis_feature_layer,https://enterprise.gisdata.mn.gov/aghost/rest/services/us_mn_state_pca/water_national_hydrography_data/FeatureServer/23,
aebfea1f26cc4ebc91fdfff5665f3733_24,arcgis_feature_layer,https://enterprise.gisdata.mn.gov/aghost/rest/services/us_mn_state_pca/water_national_hydrography_data/FeatureServer/24,
aebfea1f26cc4ebc91fdfff5665f3733_25,arcgis_feature_layer,https://enterprise.gisdata.mn.gov/aghost/rest/services/us_mn_state_pca/water_national_hydrography_data/FeatureServer/25,
aebfea1f26cc4ebc91fdfff5665f3733_26,arcgis_feature_layer,https://enterprise.gisdata.mn.gov/aghost/rest/services/us_mn_state_pca/water_national_hydrography_data/FeatureServer/26,
aebfea1f26cc4ebc91fdfff5665f3733_27,arcgis_feature_layer,https://enterprise.gisdata.mn.gov/aghost/rest/services/us_mn_state_pca/water_national_hydrography_data/FeatureServer/27,
aebfea1f26cc4ebc91fdfff5665f3733_28,arcgis_feature_layer,https://enterprise.gisdata.mn.gov/aghost/rest/services/us_mn_state_pca/water_national_hydrography_data/FeatureServer/28,
aebfea1f26cc4ebc91fdfff5665f3733_3,arcgis_feature_layer,https://enterprise.gisdata.mn.gov/aghost/rest/services/us_mn_state_pca/water_national_hydrography_data/FeatureServer/3,
aebfea1f26cc4ebc91fdfff5665f3733_4,arcgis_feature_layer,https://enterprise.gisdata.mn.gov/aghost/rest/services/us_mn_state_pca/water_national_hydrography_data/FeatureServer/4,
aebfea1f26cc4ebc91fdfff5665f3733_5,arcgis_feature_layer,https://enterprise.gisdata.mn.gov/aghost/rest/services/us_mn_state_pca/water_national_hydrography_data/FeatureServer/5,
aebfea1f26cc4ebc91fdfff5665f3733_6,arcgis_feature_layer,https://enterprise.gisdata.mn.gov/aghost/rest/services/us_mn_state_pca/water_national_hydrography_data/FeatureServer/6,
aebfea1f26cc4ebc91fdfff5665f3733_7,arcgis_feature_layer,https://enterprise.gisdata.mn.gov/aghost/rest/services/us_mn_state_pca/water_national_hydrography_data/FeatureServer/7,
aebfea1f26cc4ebc91fdfff5665f3733_8,arcgis_feature_layer,https://enterprise.gisdata.mn.gov/aghost/rest/services/us_mn_state_pca/water_national_hydrography_data/FeatureServer/8,
aebfea1f26cc4ebc91fdfff5665f3733_9,arcgis_feature_layer,https://enterprise.gisdata.mn.gov/aghost/rest/services/us_mn_state_pca/water_national_hydrography_data/FeatureServer/9,
4cbf24e9338144a9be5dda3d1b24b427_0,arcgis_feature_layer,https://enterprise.gisdata.mn.gov/aghost/rest/services/us_mn_state_pca/water_current_stream_wids/FeatureServer/0,
11235b11bdf4406a8ad1cc85b2add694_0,arcgis_feature_layer,https://enterprise.gisdata.mn.gov/aghost/rest/services/us_mn_state_pca/water_comprehensive_stream_wids/FeatureServer/0,
46bd4a1aec66400fa4378c1497ce6fd2_0,arcgis_feature_layer,https://enterprise.gisdata.mn.gov/aghost/rest/services/us_mn_state_pca/water_altered_watercourse/FeatureServer/0,
46bd4a1aec66400fa4378c1497ce6fd2_1,arcgis_feature_layer,https://enterprise.gisdata.mn.gov/aghost/rest/services/us_mn_state_pca/water_altered_watercourse/FeatureServer/1,
46bd4a1aec66400fa4378c1497ce6fd2_2,arcgis_feature_layer,https://enterprise.gisdata.mn.gov/aghost/rest/services/us_mn_state_pca/water_altered_watercourse/FeatureServer/2,
46bd4a1aec66400fa4378c1497ce6fd2_3,arcgis_feature_layer,https://enterprise.gisdata.mn.gov/aghost/rest/services/us_mn_state_pca/water_altered_watercourse/FeatureServer/3,
46bd4a1aec66400fa4378c1497ce6fd2_4,arcgis_feature_layer,https://enterprise.gisdata.mn.gov/aghost/rest/services/us_mn_state_pca/water_altered_watercourse/FeatureServer/4,
46bd4a1aec66400fa4378c1497ce6fd2_5,arcgis_feature_layer,https://enterprise.gisdata.mn.gov/aghost/rest/services/us_mn_state_pca/water_altered_watercourse/FeatureServer/5,
1ec5c1f6c6674292ae6b096e6db1aab3_4,arcgis_feature_layer,https://arcgis.metc.state.mn.us/data1/rest/services/parcels/Parcel_Points/FeatureServer/4,
d886e5f068ce4a0a8a6e3f2bd90fefea_0,arcgis_feature_layer,https://enterprise.gisdata.mn.gov/aghost/rest/services/us_mn_state_dnr/env_mn_deer_harvest/FeatureServer/0,
d886e5f068ce4a0a8a6e3f2bd90fefea_1,arcgis_feature_layer,https://enterprise.gisdata.mn.gov/aghost/rest/services/us_mn_state_dnr/env_mn_deer_harvest/FeatureServer/1,
d886e5f068ce4a0a8a6e3f2bd90fefea_10,arcgis_feature_layer,https://enterprise.gisdata.mn.gov/aghost/rest/services/us_mn_state_dnr/env_mn_deer_harvest/FeatureServer/10,
d886e5f068ce4a0a8a6e3f2bd90fefea_11,arcgis_feature_layer,https://enterprise.gisdata.mn.gov/aghost/rest/services/us_mn_state_dnr/env_mn_deer_harvest/FeatureServer/11,
d886e5f068ce4a0a8a6e3f2bd90fefea_12,arcgis_feature_layer,https://enterprise.gisdata.mn.gov/aghost/rest/services/us_mn_state_dnr/env_mn_deer_harvest/FeatureServer/12,
d886e5f068ce4a0a8a6e3f2bd90fefea_13,arcgis_feature_layer,https://enterprise.gisdata.mn.gov/aghost/rest/services/us_mn_state_dnr/env_mn_deer_harvest/FeatureServer/13,
d886e5f068ce4a0a8a6e3f2bd90fefea_14,arcgis_feature_layer,https://enterprise.gisdata.mn.gov/aghost/rest/services/us_mn_state_dnr/env_mn_deer_harvest/FeatureServer/14,
d886e5f068ce4a0a8a6e3f2bd90fefea_15,arcgis_feature_layer,https://enterprise.gisdata.mn.gov/aghost/rest/services/us_mn_state_dnr/env_mn_deer_harvest/FeatureServer/15,
d886e5f068ce4a0a8a6e3f2bd90fefea_16,arcgis_feature_layer,https://enterprise.gisdata.mn.gov/aghost/rest/services/us_mn_state_dnr/env_mn_deer_harvest/FeatureServer/16,
d886e5f068ce4a0a8a6e3f2bd90fefea_17,arcgis_feature_layer,https://enterprise.gisdata.mn.gov/aghost/rest/services/us_mn_state_dnr/env_mn_deer_harvest/FeatureServer/17,
d886e5f068ce4a0a8a6e3f2bd90fefea_18,arcgis_feature_layer,https://enterprise.gisdata.mn.gov/aghost/rest/services/us_mn_state_dnr/env_mn_deer_harvest/FeatureServer/18,
d886e5f068ce4a0a8a6e3f2bd90fefea_19,arcgis_feature_layer,https://enterprise.gisdata.mn.gov/aghost/rest/services/us_mn_state_dnr/env_mn_deer_harvest/FeatureServer/19,
d886e5f068ce4a0a8a6e3f2bd90fefea_2,arcgis_feature_layer,https://enterprise.gisdata.mn.gov/aghost/rest/services/us_mn_state_dnr/env_mn_deer_harvest/FeatureServer/2,
d886e5f068ce4a0a8a6e3f2bd90fefea_20,arcgis_feature_layer,https://enterprise.gisdata.mn.gov/aghost/rest/services/us_mn_state_dnr/env_mn_deer_harvest/FeatureServer/20,
d886e5f068ce4a0a8a6e3f2bd90fefea_21,arcgis_feature_layer,https://enterprise.gisdata.mn.gov/aghost/rest/services/us_mn_state_dnr/env_mn_deer_harvest/FeatureServer/21,
d886e5f068ce4a0a8a6e3f2bd90fefea_3,arcgis_feature_layer,https://enterprise.gisdata.mn.gov/aghost/rest/services/us_mn_state_dnr/env_mn_deer_harvest/FeatureServer/3,
d886e5f068ce4a0a8a6e3f2bd90fefea_4,arcgis_feature_layer,https://enterprise.gisdata.mn.gov/aghost/rest/services/us_mn_state_dnr/env_mn_deer_harvest/FeatureServer/4,
d886e5f068ce4a0a8a6e3f2bd90fefea_5,arcgis_feature_layer,https://enterprise.gisdata.mn.gov/aghost/rest/services/us_mn_state_dnr/env_mn_deer_harvest/FeatureServer/5,
d886e5f068ce4a0a8a6e3f2bd90fefea_6,arcgis_feature_layer,https://enterprise.gisdata.mn.gov/aghost/rest/services/us_mn_state_dnr/env_mn_deer_harvest/FeatureServer/6,
d886e5f068ce4a0a8a6e3f2bd90fefea_7,arcgis_feature_layer,https://enterprise.gisdata.mn.gov/aghost/rest/services/us_mn_state_dnr/env_mn_deer_harvest/FeatureServer/7,
d886e5f068ce4a0a8a6e3f2bd90fefea_8,arcgis_feature_layer,https://enterprise.gisdata.mn.gov/aghost/rest/services/us_mn_state_dnr/env_mn_deer_harvest/FeatureServer/8,
d886e5f068ce4a0a8a6e3f2bd90fefea_9,arcgis_feature_layer,https://enterprise.gisdata.mn.gov/aghost/rest/services/us_mn_state_dnr/env_mn_deer_harvest/FeatureServer/9,
771789f5a619484aa6bf56315a738cb2_0,arcgis_feature_layer,https://enterprise.gisdata.mn.gov/aghost/rest/services/us_mn_state_dnr/env_mn_bear_harvest/FeatureServer/0,
bdd0580acf9040f2bb1c841b12313fb4_0,arcgis_feature_layer,https://enterprise.gisdata.mn.gov/aghost/rest/services/us_mn_state_dnr/env_mlccs_regional_corr_areas/FeatureServer/0,
bdd0580acf9040f2bb1c841b12313fb4_1,arcgis_feature_layer,https://enterprise.gisdata.mn.gov/aghost/rest/services/us_mn_state_dnr/env_mlccs_regional_corr_areas/FeatureServer/1,
bdd0580acf9040f2bb1c841b12313fb4_2,arcgis_feature_layer,https://enterprise.gisdata.mn.gov/aghost/rest/services/us_mn_state_dnr/env_mlccs_regional_corr_areas/FeatureServer/2,
bdd0580acf9040f2bb1c841b12313fb4_3,arcgis_feature_layer,https://enterprise.gisdata.mn.gov/aghost/rest/services/us_mn_state_dnr/env_mlccs_regional_corr_areas/FeatureServer/3,
bdd0580acf9040f2bb1c841b12313fb4_4,arcgis_feature_layer,https://enterprise.gisdata.mn.gov/aghost/rest/services/us_mn_state_dnr/env_mlccs_regional_corr_areas/FeatureServer/4,
1ec5c1f6c6674292ae6b096e6db1aab3_5,arcgis_feature_layer,https://arcgis.metc.state.mn.us/data1/rest/services/parcels/Parcel_Points/FeatureServer/5,
1fdbf3a401514416a054c06ba4db1381_0,arcgis_feature_layer,https://enterprise.gisdata.mn.gov/aghost/rest/services/us_mn_state_pca/util_ms4_boundaries/FeatureServer/0,
bdd0580acf9040f2bb1c841b12313fb4_5,arcgis_feature_layer,https://enterprise.gisdata.mn.gov/aghost/rest/services/us_mn_state_dnr/env_mlccs_regional_corr_areas/FeatureServer/5,
fd93316a92ae4874a59cad66deccb6c2_0,arcgis_feature_layer,https://enterprise.gisdata.mn.gov/aghost/rest/services/us_mn_state_dnr/env_migratory_waterfowl_areas/FeatureServer/0,
fd93316a92ae4874a59cad66deccb6c2_1,arcgis_feature_layer,https://enterprise.gisdata.mn.gov/aghost/rest/services/us_mn_state_dnr/env_migratory_waterfowl_areas/FeatureServer/1,
fd93316a92ae4874a59cad66deccb6c2_2,arcgis_feature_layer,https://enterprise.gisdata.mn.gov/aghost/rest/services/us_mn_state_dnr/env_migratory_waterfowl_areas/FeatureServer/2,
15f755e9c29e442589c53c0910bed0cd_0,arcgis_feature_layer,https://enterprise.gisdata.mn.gov/aghost/rest/services/us_mn_state_dnr/env_mbs_lakes_and_aquatic_plants/FeatureServer/0,
15f755e9c29e442589c53c0910bed0cd_1,arcgis_feature_layer,https://enterprise.gisdata.mn.gov/aghost/rest/services/us_mn_state_dnr/env_mbs_lakes_and_aquatic_plants/FeatureServer/1,
15f755e9c29e442589c53c0910bed0cd_2,arcgis_feature_layer,https://enterprise.gisdata.mn.gov/aghost/rest/services/us_mn_state_dnr/env_mbs_lakes_and_aquatic_plants/FeatureServer/2,
86192c96ff1b43738b518bd0e58e5f69_0,arcgis_feature_layer,https://enterprise.gisdata.mn.gov/aghost/rest/services/us_mn_state_dnr/env_lakes_surveyed_by_mndnr/FeatureServer/0,
86192c96ff1b43738b518bd0e58e5f69_1,arcgis_feature_layer,https://enterprise.gisdata.mn.gov/aghost/rest/services/us_mn_state_dnr/env_lakes_surveyed_by_mndnr/FeatureServer/1,
f1784e6f0ec14960956218d2c81e7ecc_0,arcgis_feature_layer,https://enterprise.gisdata.mn.gov/aghost/rest/services/us_mn_state_dnr/env_lakes_phosphorus_sensitivity/FeatureServer/0,
dc159f8d412848f8819044a649577be6_0,arcgis_feature_layer,https://enterprise.gisdata.mn.gov/aghost/rest/services/us_mn_state_dnr/env_lakes_of_biological_signific/FeatureServer/0,
07cb777c931b4fe1b765af1b3ecbb6d1_0,arcgis_feature_layer,https://enterprise.gisdata.mn.gov/aghost/rest/services/us_mn_state_dnr/env_lake_plant_ibi/FeatureServer/0,
736cb0c1b369494884c991ebc5ee1563_0,arcgis_feature_layer,https://enterprise.gisdata.mn.gov/aghost/rest/services/us_mn_state_dnr/env_lake_benefit_cost_assessment/FeatureServer/0,
e3af06efe78b45798b0af8eff583a856_0,arcgis_feature_layer,https://enterprise.gisdata.mn.gov/aghost/rest/services/us_mn_state_dnr/env_ibi_lakes_stressors/FeatureServer/0,
4ea05e36ac5c48e094e8364b6773ed64_0,arcgis_feature_layer,https://enterprise.gisdata.mn.gov/aghost/rest/services/us_mn_state_dnr/env_ibi_lakes_fisheries/FeatureServer/0,
d5ea334a672645b6898e35d4623f817c_0,arcgis_feature_layer,https://enterprise.gisdata.mn.gov/aghost/rest/services/us_mn_state_dnr/env_green_infrastructure/FeatureServer/0,
db325ef0ebc0489d8d5c2f53021dd807_0,arcgis_feature_layer,https://enterprise.gisdata.mn.gov/aghost/rest/services/us_mn_state_dnr/env_forest_health_survey_2025/FeatureServer/0,
c06fd18aae7649ceb4a8349a7bc5e54e_0,arcgis_feature_layer,https://enterprise.gisdata.mn.gov/aghost/rest/services/us_mn_state_dnr/env_forest_health_survey_2024/FeatureServer/0,
65c6bf9c7f7846e7833dd066a91660f0_0,arcgis_feature_layer,https://enterprise.gisdata.mn.gov/aghost/rest/services/us_mn_state_dnr/env_forest_health_survey_2023/FeatureServer/0,
c5e2c33d6b1248ab944e7a7f1e6dd2e4_0,arcgis_feature_layer,https://enterprise.gisdata.mn.gov/aghost/rest/services/us_mn_state_dnr/env_forest_health_survey_2022/FeatureServer/0,
47fceb1c022b48e4904dd7dc2cf7d575_0,arcgis_feature_layer,https://enterprise.gisdata.mn.gov/aghost/rest/services/us_mn_state_dnr/env_forest_health_survey_2021/FeatureServer/0,
1ec5c1f6c6674292ae6b096e6db1aab3_6,arcgis_feature_layer,https://arcgis.metc.state.mn.us/data1/rest/services/parcels/Parcel_Points/FeatureServer/6,
1fdbf3a401514416a054c06ba4db1381_1,arcgis_feature_layer,https://enterprise.gisdata.mn.gov/aghost/rest/services/us_mn_state_pca/util_ms4_boundaries/FeatureServer/1,
687fb27c223d4ea2a719e1b560ff5c2d_0,arcgis_feature_layer,https://enterprise.gisdata.mn.gov/aghost/rest/services/us_mn_state_dnr/env_forest_health_survey_2019/FeatureServer/0,
ea7864fcd5ea46afbcfb95e4205c5461_0,arcgis_feature_layer,https://enterprise.gisdata.mn.gov/aghost/rest/services/us_mn_state_dnr/env_forest_health_survey_2018/FeatureServer/0,
e67d2d63a382461585ef4cdbbb388d21_0,arcgis_feature_layer,https://enterprise.gisdata.mn.gov/aghost/rest/services/us_mn_state_dnr/env_forest_health_survey_2017/FeatureServer/0,
dd2dd2d47add4eaca5d7090a0c84a474_0,arcgis_feature_layer,https://enterprise.gisdata.mn.gov/aghost/rest/services/us_mn_state_dnr/env_forest_health_survey_2016/FeatureServer/0,
cfba96b9f8fc4bc6acfd34122b94d6d6_0,arcgis_feature_layer,https://enterprise.gisdata.mn.gov/aghost/rest/services/us_mn_state_dnr/env_fast_forest_disturbances/FeatureServer/0,
6745989c79a0499e8d8d2d1193e3edbb_0,arcgis_feature_layer,https://enterprise.gisdata.mn.gov/aghost/rest/services/us_mn_state_dnr/env_dnr_r3_resource_sig_areas/FeatureServer/0,
e7ab6b65bc8c4e4aa41d7d0d1f855e8f_0,arcgis_feature_layer,https://enterprise.gisdata.mn.gov/aghost/rest/services/us_mn_state_dnr/env_designated_wildlife_lakes/FeatureServer/0,
e7ab6b65bc8c4e4aa41d7d0d1f855e8f_1,arcgis_feature_layer,https://enterprise.gisdata.mn.gov/aghost/rest/services/us_mn_state_dnr/env_designated_wildlife_lakes/FeatureServer/1,
f8e488bd709244ab99d3dc864a362bd3_0,arcgis_feature_layer,https://enterprise.gisdata.mn.gov/aghost/rest/services/us_mn_state_dnr/env_conservation_corridors/FeatureServer/0,
05bdf93c41f843ca867236c6f7190297_0,arcgis_feature_layer,https://enterprise.gisdata.mn.gov/aghost/rest/services/us_mn_state_dnr/env_buffer_protection_mn/FeatureServer/0,
05bdf93c41f843ca867236c6f7190297_1,arcgis_feature_layer,https://enterprise.gisdata.mn.gov/aghost/rest/services/us_mn_state_dnr/env_buffer_protection_mn/FeatureServer/1,
05bdf93c41f843ca867236c6f7190297_2,arcgis_feature_layer,https://enterprise.gisdata.mn.gov/aghost/rest/services/us_mn_state_dnr/env_buffer_protection_mn/FeatureServer/2,
301b8f25919e4b898eb7e7a5b94116f4_0,arcgis_feature_layer,https://enterprise.gisdata.mn.gov/aghost/rest/services/us_mn_state_dnr/env_aquatic_life_use_judgement/FeatureServer/0,
c87e7d2289ca43c8a18b06b6ab5ea0f5_0,arcgis_feature_layer,https://services2.arcgis.com/CiQCvRGImIxsaFnM/arcgis/rest/services/Park_Features_Wright_County_MN/FeatureServer/0,
1fdbf3a401514416a054c06ba4db1381_2,arcgis_feature_layer,https://enterprise.gisdata.mn.gov/aghost/rest/services/us_mn_state_pca/util_ms4_boundaries/FeatureServer/2,
7a23f64ec8154d9b8f20597da8fc30bc_1,arcgis_feature_layer,https://arcgis.metc.state.mn.us/data2/rest/services/transportation/Transit_Retail/FeatureServer/1,
2ca35daec04c40ac82fbe6002da9ef84_0,arcgis_feature_layer,https://arcgis.metc.state.mn.us/data1/rest/services/society/Equity_Considerations/FeatureServer/0,
2ca35daec04c40ac82fbe6002da9ef84_1,arcgis_feature_layer,https://arcgis.metc.state.mn.us/data1/rest/services/society/Equity_Considerations/FeatureServer/1,
2ca35daec04c40ac82fbe6002da9ef84_3,arcgis_feature_layer,https://arcgis.metc.state.mn.us/data1/rest/services/society/Equity_Considerations/FeatureServer/3,
2ca35daec04c40ac82fbe6002da9ef84_4,arcgis_feature_layer,https://arcgis.metc.state.mn.us/data1/rest/services/society/Equity_Considerations/FeatureServer/4,
2ca35daec04c40ac82fbe6002da9ef84_5,arcgis_feature_layer,https://arcgis.metc.state.mn.us/data1/rest/services/society/Equity_Considerations/FeatureServer/5,
2ca35daec04c40ac82fbe6002da9ef84_6,arcgis_feature_layer,https://arcgis.metc.state.mn.us/data1/rest/services/society/Equity_Considerations/FeatureServer/6,
2ca35daec04c40ac82fbe6002da9ef84_7,arcgis_feature_layer,https://arcgis.metc.state.mn.us/data1/rest/services/society/Equity_Considerations/FeatureServer/7,
2ca35daec04c40ac82fbe6002da9ef84_8,arcgis_feature_layer,https://arcgis.metc.state.mn.us/data1/rest/services/society/Equity_Considerations/FeatureServer/8,
038b92b603cf49f78137485d5cc66158_0,arcgis_feature_layer,https://arcgis.metc.state.mn.us/data1/rest/services/census/Census_1990/FeatureServer/0,
038b92b603cf49f78137485d5cc66158_1,arcgis_feature_layer,https://arcgis.metc.state.mn.us/data1/rest/services/census/Census_1990/FeatureServer/1,
038b92b603cf49f78137485d5cc66158_2,arcgis_feature_layer,https://arcgis.metc.state.mn.us/data1/rest/services/census/Census_1990/FeatureServer/2,
d97972aef1e84227954f322a1e0c0666_0,arcgis_feature_layer,https://arcgis.metc.state.mn.us/data1/rest/services/census/Counties_CTUs_2020/FeatureServer/0,
d97972aef1e84227954f322a1e0c0666_1,arcgis_feature_layer,https://arcgis.metc.state.mn.us/data1/rest/services/census/Counties_CTUs_2020/FeatureServer/1,
d97972aef1e84227954f322a1e0c0666_2,arcgis_feature_layer,https://arcgis.metc.state.mn.us/data1/rest/services/census/Counties_CTUs_2020/FeatureServer/2,
7a08e438838c413a80e99b01e639fa7c_0,arcgis_feature_layer,https://arcgis.metc.state.mn.us/data1/rest/services/census/Counties_CTUs_2010/FeatureServer/0,
7a08e438838c413a80e99b01e639fa7c_1,arcgis_feature_layer,https://arcgis.metc.state.mn.us/data1/rest/services/census/Counties_CTUs_2010/FeatureServer/1,
7a08e438838c413a80e99b01e639fa7c_2,arcgis_feature_layer,https://arcgis.metc.state.mn.us/data1/rest/services/census/Counties_CTUs_2010/FeatureServer/2,
dec95f1f051c4cc4b006163d8bf03665_0,arcgis_feature_layer,https://enterprise.gisdata.mn.gov/aghost/rest/services/us_mn_state_pca/env_tmdl_wla_for_ms4/FeatureServer/0,
697b625014f44704b06c2e1930653641_0,arcgis_feature_layer,https://arcgis.metc.state.mn.us/data1/rest/services/census/Counties_CTUs_2000/FeatureServer/0,
697b625014f44704b06c2e1930653641_1,arcgis_feature_layer,https://arcgis.metc.state.mn.us/data1/rest/services/census/Counties_CTUs_2000/FeatureServer/1,
697b625014f44704b06c2e1930653641_2,arcgis_feature_layer,https://arcgis.metc.state.mn.us/data1/rest/services/census/Counties_CTUs_2000/FeatureServer/2,
697b625014f44704b06c2e1930653641_3,arcgis_feature_layer,https://arcgis.metc.state.mn.us/data1/rest/services/census/Counties_CTUs_2000/FeatureServer/3,
d801b130d3f640c4832d3af7abee5b2c_0,arcgis_feature_layer,https://arcgis.metc.state.mn.us/data1/rest/services/planning/Other_Plan_Areas_Public/FeatureServer/0,
d3bb2bd7cbb549a5a951e71198074434_0,arcgis_feature_layer,https://arcgis.metc.state.mn.us/data1/rest/services/census/Census_2010_Population/FeatureServer/0,
d3bb2bd7cbb549a5a951e71198074434_1,arcgis_feature_layer,https://arcgis.metc.state.mn.us/data1/rest/services/census/Census_2010_Population/FeatureServer/1,
d3bb2bd7cbb549a5a951e71198074434_2,arcgis_feature_layer,https://arcgis.metc.state.mn.us/data1/rest/services/census/Census_2010_Population/FeatureServer/2,
2099571349384cb0abb05ec3d2d0ff63_0,arcgis_feature_layer,https://arcgis.metc.state.mn.us/data1/rest/services/census/Census_2010/FeatureServer/0,
2099571349384cb0abb05ec3d2d0ff63_1,arcgis_feature_layer,https://arcgis.metc.state.mn.us/data1/rest/services/census/Census_2010/FeatureServer/1,
2099571349384cb0abb05ec3d2d0ff63_2,arcgis_feature_layer,https://arcgis.metc.state.mn.us/data1/rest/services/census/Census_2010/FeatureServer/2,
2099571349384cb0abb05ec3d2d0ff63_3,arcgis_feature_layer,https://arcgis.metc.state.mn.us/data1/rest/services/census/Census_2010/FeatureServer/3,
2099571349384cb0abb05ec3d2d0ff63_4,arcgis_feature_layer,https://arcgis.metc.state.mn.us/data1/rest/services/census/Census_2010/FeatureServer/4,
2099571349384cb0abb05ec3d2d0ff63_5,arcgis_feature_layer,https://arcgis.metc.state.mn.us/data1/rest/services/census/Census_2010/FeatureServer/5,
1f590395723443e6a0ca2376f641a9bc_0,arcgis_feature_layer,https://arcgis.metc.state.mn.us/data1/rest/services/census/Census_2000_Population/FeatureServer/0,
1f590395723443e6a0ca2376f641a9bc_1,arcgis_feature_layer,https://arcgis.metc.state.mn.us/data1/rest/services/census/Census_2000_Population/FeatureServer/1,
1f590395723443e6a0ca2376f641a9bc_2,arcgis_feature_layer,https://arcgis.metc.state.mn.us/data1/rest/services/census/Census_2000_Population/FeatureServer/2,
9cde19ebff2b405a815c57c31cf11e5b_0,arcgis_feature_layer,https://arcgis.metc.state.mn.us/data1/rest/services/census/Census_2000/FeatureServer/0,
9cde19ebff2b405a815c57c31cf11e5b_1,arcgis_feature_layer,https://arcgis.metc.state.mn.us/data1/rest/services/census/Census_2000/FeatureServer/1,
9cde19ebff2b405a815c57c31cf11e5b_2,arcgis_feature_layer,https://arcgis.metc.state.mn.us/data1/rest/services/census/Census_2000/FeatureServer/2,
9cde19ebff2b405a815c57c31cf11e5b_3,arcgis_feature_layer,https://arcgis.metc.state.mn.us/data1/rest/services/census/Census_2000/FeatureServer/3,
9cde19ebff2b405a815c57c31cf11e5b_4,arcgis_feature_layer,https://arcgis.metc.state.mn.us/data1/rest/services/census/Census_2000/FeatureServer/4,
9cde19ebff2b405a815c57c31cf11e5b_5,arcgis_feature_layer,https://arcgis.metc.state.mn.us/data1/rest/services/census/Census_2000/FeatureServer/5,
9cde19ebff2b405a815c57c31cf11e5b_6,arcgis_feature_layer,https://arcgis.metc.state.mn.us/data1/rest/services/census/Census_2000/FeatureServer/6,
9cde19ebff2b405a815c57c31cf11e5b_7,arcgis_feature_layer,https://arcgis.metc.state.mn.us/data1/rest/services/census/Census_2000/FeatureServer/7,
9cde19ebff2b405a815c57c31cf11e5b_8,arcgis_feature_layer,https://arcgis.metc.state.mn.us/data1/rest/services/census/Census_2000/FeatureServer/8,
aae3b0841e424ef4b8a0ef94f80c24bb_0,arcgis_feature_layer,https://arcgis.metc.state.mn.us/data1/rest/services/census/Census_1990_Population/FeatureServer/0,
aae3b0841e424ef4b8a0ef94f80c24bb_1,arcgis_feature_layer,https://arcgis.metc.state.mn.us/data1/rest/services/census/Census_1990_Population/FeatureServer/1,
aae3b0841e424ef4b8a0ef94f80c24bb_2,arcgis_feature_layer,https://arcgis.metc.state.mn.us/data1/rest/services/census/Census_1990_Population/FeatureServer/2,
c456bf8b292d4962b10a358045e922cb_0,arcgis_feature_layer,https://arcgis.metc.state.mn.us/data1/rest/services/water/Water_Supply/FeatureServer/0,
eb220db477db4d5db832253eabbb3145_0,arcgis_feature_layer,https://arcgis.metc.state.mn.us/data1/rest/services/environment/Flood_Hazards/FeatureServer/0,
a49d6a6ea42146eea786fe9bba118d63_0,arcgis_feature_layer,https://arcgis.metc.state.mn.us/data2/rest/services/transportation/Transit_Retail/FeatureServer/0,
3e87085f17a744aa98661f73b833f161_1,arcgis_feature_layer,https://arcgis.metc.state.mn.us/data1/rest/services/society/Other_Society_Public/FeatureServer/1,
2bc04491f04447aaa9ce3c1324b33cfb_2,arcgis_feature_layer,https://arcgis.metc.state.mn.us/data1/rest/services/society/Other_Society_Public/FeatureServer/2,
b360a2696aa9407b986b7005b35ba422_0,arcgis_feature_layer,https://webgis.dot.state.mn.us/65agsf1/rest/services/sdw_govnt/STATE_PATROL_BOUNDARIES/FeatureServer/0,
2c28c3138742442abfaf396446658078_0,arcgis_feature_layer,https://webgis.dot.state.mn.us/65agsf1/rest/services/sdw_incdt/TURN_LANE_RIGHT/FeatureServer/0,
61b50a3aed3d471c8eeaf762e1af756a_0,arcgis_feature_layer,https://webgis.dot.state.mn.us/65agsf1/rest/services/sdw_incdt/TURN_LANE_LEFT/FeatureServer/0,
f7c3d86b80e047388402f55fbc868ea7_0,arcgis_feature_layer,https://webgis.dot.state.mn.us/65agsf1/rest/services/sdw_trans/ROUTES_TRUNK_HIGHWAY/FeatureServer/0,
beca90b1da9247be82eef19b4b75709b_0,arcgis_feature_layer,https://webgis.dot.state.mn.us/65agsf1/rest/services/sdw_govnt/TRIBAL_GOVERNMENT/FeatureServer/0,
c90fd4cb67a3401db609e64c98510415_0,arcgis_feature_layer,https://webgis.dot.state.mn.us/65agsf1/rest/services/sdw_incdt/THROUGH_LANES/FeatureServer/0,
4d6b820bf230404d83d14accc4cca137_0,arcgis_feature_layer,https://webgis.dot.state.mn.us/65agsf1/rest/services/sdw_incdt/TRAVEL_WIDTH/FeatureServer/0,
ae16e98d5e9142d6b41b9036f1ff7f4b_0,arcgis_feature_layer,https://arcgis.metc.state.mn.us/data2/rest/services/transportation/Transit_Areas_1/FeatureServer/0,
242eaeead3004eb196d51c0e6b7f9a88_0,arcgis_feature_layer,https://arcgis.metc.state.mn.us/data1/rest/services/utility/ES_Utility_Area_Public/FeatureServer/0,
88833e25c8ee4c2c9e7e499155b43162_2,arcgis_feature_layer,https://arcgis.metc.state.mn.us/data1/rest/services/boundary/Metropolitan_Council/FeatureServer/2,
64146e7fb10844cda9e0a1d9edd1d3f1_0,arcgis_feature_layer,https://enterprise.gisdata.mn.gov/aghost/rest/services/us_mn_state_pca/env_tmdl_allocation_areas/FeatureServer/0,
e674e45b91f944d088443762061e6315_3,arcgis_feature_layer,https://arcgis.metc.state.mn.us/data2/rest/services/transportation/Transit_Areas_1/FeatureServer/3,
74de68fe07c04d0bb9c430a5434b2a82_1,arcgis_feature_layer,https://arcgis.metc.state.mn.us/data1/rest/services/planning/Other_Plan_Areas_Public/FeatureServer/1,
e5065fc053a546a68ee5750da7c7eaa1_1,arcgis_feature_layer,https://arcgis.metc.state.mn.us/data2/rest/services/transportation/Transit_Areas_2/FeatureServer/1,
58025af3540444098fc3d4a0d0f85ea6_2,arcgis_feature_layer,https://arcgis.metc.state.mn.us/data1/rest/services/agriculture/Ag_Preserves/FeatureServer/2,
b6a13be8e327445e84f69c7bcb909e87_1,arcgis_feature_layer,https://arcgis.metc.state.mn.us/data2/rest/services/transportation/Transit_PR_PP/FeatureServer/1,
117f29e3d9c3467f9e1d3d2c6944693c_0,arcgis_feature_layer,https://arcgis.metc.state.mn.us/data1/rest/services/boundary/MC_Transit_Services/FeatureServer/0,
73fb67082b1a4b9abdd18d1e51d14210_1,arcgis_feature_layer,https://arcgis.metc.state.mn.us/data2/rest/services/transportation/Transit_Areas_1/FeatureServer/1,
02f78d46facc49a49d4b5efaff482ef5_0,arcgis_feature_layer,https://arcgis.metc.state.mn.us/data1/rest/services/census/Census_ACS/FeatureServer/0,
02f78d46facc49a49d4b5efaff482ef5_1,arcgis_feature_layer,https://arcgis.metc.state.mn.us/data1/rest/services/census/Census_ACS/FeatureServer/1,
02f78d46facc49a49d4b5efaff482ef5_2,arcgis_feature_layer,https://arcgis.metc.state.mn.us/data1/rest/services/census/Census_ACS/FeatureServer/2,
02f78d46facc49a49d4b5efaff482ef5_3,arcgis_feature_layer,https://arcgis.metc.state.mn.us/data1/rest/services/census/Census_ACS/FeatureServer/3,
02f78d46facc49a49d4b5efaff482ef5_4,arcgis_feature_layer,https://arcgis.metc.state.mn.us/data1/rest/services/census/Census_ACS/FeatureServer/4,
b05cc7043cef4189b4751ba13422ce07_0,arcgis_feature_layer,https://webgis.dot.state.mn.us/65agsf1/rest/services/sdw_incdt/STRAHNET_TYPE/FeatureServer/0,
b3f5bc05e1a34e4b8663de9878a5c6d1_0,arcgis_feature_layer,https://arcgis.metc.state.mn.us/data1/rest/services/census/Census_2020/FeatureServer/0,
b3f5bc05e1a34e4b8663de9878a5c6d1_1,arcgis_feature_layer,https://arcgis.metc.state.mn.us/data1/rest/services/census/Census_2020/FeatureServer/1,
b3f5bc05e1a34e4b8663de9878a5c6d1_2,arcgis_feature_layer,https://arcgis.metc.state.mn.us/data1/rest/services/census/Census_2020/FeatureServer/2,
b3f5bc05e1a34e4b8663de9878a5c6d1_3,arcgis_feature_layer,https://arcgis.metc.state.mn.us/data1/rest/services/census/Census_2020/FeatureServer/3,
b3f5bc05e1a34e4b8663de9878a5c6d1_4,arcgis_feature_layer,https://arcgis.metc.state.mn.us/data1/rest/services/census/Census_2020/FeatureServer/4,
b3f5bc05e1a34e4b8663de9878a5c6d1_5,arcgis_feature_layer,https://arcgis.metc.state.mn.us/data1/rest/services/census/Census_2020/FeatureServer/5,
b3f5bc05e1a34e4b8663de9878a5c6d1_6,arcgis_feature_layer,https://arcgis.metc.state.mn.us/data1/rest/services/census/Census_2020/FeatureServer/6,
b3f5bc05e1a34e4b8663de9878a5c6d1_7,arcgis_feature_layer,https://arcgis.metc.state.mn.us/data1/rest/services/census/Census_2020/FeatureServer/7,
64146e7fb10844cda9e0a1d9edd1d3f1_1,arcgis_feature_layer,https://enterprise.gisdata.mn.gov/aghost/rest/services/us_mn_state_pca/env_tmdl_allocation_areas/FeatureServer/1,
64146e7fb10844cda9e0a1d9edd1d3f1_2,arcgis_feature_layer,https://enterprise.gisdata.mn.gov/aghost/rest/services/us_mn_state_pca/env_tmdl_allocation_areas/FeatureServer/2,
64146e7fb10844cda9e0a1d9edd1d3f1_3,arcgis_feature_layer,https://enterprise.gisdata.mn.gov/aghost/rest/services/us_mn_state_pca/env_tmdl_allocation_areas/FeatureServer/3,
9b96390bec214305b688f241fcc38c25_0,arcgis_feature_layer,https://enterprise.gisdata.mn.gov/aghost/rest/services/us_mn_state_pca/env_sed_assessment_areas/FeatureServer/0,
e8377466eda84ddf8553d8bec0f8b0e0_0,arcgis_feature_layer,https://enterprise.gisdata.mn.gov/aghost/rest/services/us_mn_state_pca/env_river_tss_standards/FeatureServer/0,
d1520d882d694959a54e4f8490810dcf_0,arcgis_feature_layer,https://enterprise.gisdata.mn.gov/aghost/rest/services/us_mn_state_pca/env_institutional_controls/FeatureServer/0,
d1520d882d694959a54e4f8490810dcf_1,arcgis_feature_layer,https://enterprise.gisdata.mn.gov/aghost/rest/services/us_mn_state_pca/env_institutional_controls/FeatureServer/1,
f1d7f4ec2c564959b0e4346bdf546c40_0,arcgis_feature_layer,https://enterprise.gisdata.mn.gov/aghost/rest/services/us_mn_state_pca/env_feedlots/FeatureServer/0,
cf46049850324b138ebcfba163ee78f9_0,arcgis_feature_layer,https://enterprise.gisdata.mn.gov/aghost/rest/services/us_mn_state_pca/env_eda_surfacewater_stations/FeatureServer/0,
2a7ec94bef914aada084972f64228a5d_0,arcgis_feature_layer,https://enterprise.gisdata.mn.gov/aghost/rest/services/us_mn_state_pca/env_assessed_water_chloride/FeatureServer/0,
2a7ec94bef914aada084972f64228a5d_1,arcgis_feature_layer,https://enterprise.gisdata.mn.gov/aghost/rest/services/us_mn_state_pca/env_assessed_water_chloride/FeatureServer/1,
2a7ec94bef914aada084972f64228a5d_2,arcgis_feature_layer,https://enterprise.gisdata.mn.gov/aghost/rest/services/us_mn_state_pca/env_assessed_water_chloride/FeatureServer/2,
1b49ef6a4a924c3588b129a7b3f19c09_0,arcgis_feature_layer,https://enterprise.gisdata.mn.gov/aghost/rest/services/us_mn_state_pca/env_air_quality_permits/FeatureServer/0,
c9baec6944ea492ab73f63cc26013666_0,arcgis_feature_layer,https://enterprise.gisdata.mn.gov/aghost/rest/services/us_mn_state_dnr/trans_state_forest_roads/FeatureServer/0,
c57ace6ef3044a5297ce6e728feb0255_0,arcgis_feature_layer,https://enterprise.gisdata.mn.gov/aghost/rest/services/us_mn_state_dnr/trans_snowmobile_trails_mn/FeatureServer/0,
0fec5ab522304aeea30fe88a922168c3_0,arcgis_feature_layer,https://enterprise.gisdata.mn.gov/aghost/rest/services/us_mn_state_dnr/trans_hunter_walking_trails/FeatureServer/0,
5e8a2e67f2954268ac8f88cefb09f0df_0,arcgis_feature_layer,https://enterprise.gisdata.mn.gov/aghost/rest/services/us_mn_state_dnr/plan_mndnr_fisheries_acquisition/FeatureServer/0,
558e505f24c14114a07f21ab24c6e568_0,arcgis_feature_layer,https://enterprise.gisdata.mn.gov/aghost/rest/services/us_mn_state_dnr/env_wiski_groundwater_monitoring/FeatureServer/0,
cc1e0e9e4a5d4aa1bc48658089e8a16b_0,arcgis_feature_layer,https://enterprise.gisdata.mn.gov/aghost/rest/services/us_mn_state_dnr/env_wiski_coop_stream_gaging/FeatureServer/0,
2663ade71a5348928646fda202be25e1_0,arcgis_feature_layer,https://enterprise.gisdata.mn.gov/aghost/rest/services/us_mn_state_dnr/env_aquifer_properties/FeatureServer/0,
2663ade71a5348928646fda202be25e1_1,arcgis_feature_layer,https://enterprise.gisdata.mn.gov/aghost/rest/services/us_mn_state_dnr/env_aquifer_properties/FeatureServer/1,
e8377466eda84ddf8553d8bec0f8b0e0_1,arcgis_feature_layer,https://enterprise.gisdata.mn.gov/aghost/rest/services/us_mn_state_pca/env_river_tss_standards/FeatureServer/1,
c2f7fc66ab8449708cf898e0837a6cd1_0,arcgis_feature_layer,https://enterprise.gisdata.mn.gov/aghost/rest/services/us_mn_state_dnr/env_aq_ecological_basins/FeatureServer/0,
c2f7fc66ab8449708cf898e0837a6cd1_1,arcgis_feature_layer,https://enterprise.gisdata.mn.gov/aghost/rest/services/us_mn_state_dnr/env_aq_ecological_basins/FeatureServer/1,
c2f7fc66ab8449708cf898e0837a6cd1_2,arcgis_feature_layer,https://enterprise.gisdata.mn.gov/aghost/rest/services/us_mn_state_dnr/env_aq_ecological_basins/FeatureServer/2,
c2f7fc66ab8449708cf898e0837a6cd1_3,arcgis_feature_layer,https://enterprise.gisdata.mn.gov/aghost/rest/services/us_mn_state_dnr/env_aq_ecological_basins/FeatureServer/3,
a451392396c74acc921a3d2f3f32c5b2_0,arcgis_feature_layer,https://enterprise.gisdata.mn.gov/aghost/rest/services/us_mn_state_dnr/biota_dnr_native_plant_comm/FeatureServer/0,
a451392396c74acc921a3d2f3f32c5b2_1,arcgis_feature_layer,https://enterprise.gisdata.mn.gov/aghost/rest/services/us_mn_state_dnr/biota_dnr_native_plant_comm/FeatureServer/1,
a451392396c74acc921a3d2f3f32c5b2_2,arcgis_feature_layer,https://enterprise.gisdata.mn.gov/aghost/rest/services/us_mn_state_dnr/biota_dnr_native_plant_comm/FeatureServer/2,
a451392396c74acc921a3d2f3f32c5b2_3,arcgis_feature_layer,https://enterprise.gisdata.mn.gov/aghost/rest/services/us_mn_state_dnr/biota_dnr_native_plant_comm/FeatureServer/3,
a451392396c74acc921a3d2f3f32c5b2_4,arcgis_feature_layer,https://enterprise.gisdata.mn.gov/aghost/rest/services/us_mn_state_dnr/biota_dnr_native_plant_comm/FeatureServer/4,
a451392396c74acc921a3d2f3f32c5b2_5,arcgis_feature_layer,https://enterprise.gisdata.mn.gov/aghost/rest/services/us_mn_state_dnr/biota_dnr_native_plant_comm/FeatureServer/5,
a451392396c74acc921a3d2f3f32c5b2_6,arcgis_feature_layer,https://enterprise.gisdata.mn.gov/aghost/rest/services/us_mn_state_dnr/biota_dnr_native_plant_comm/FeatureServer/6,
a451392396c74acc921a3d2f3f32c5b2_7,arcgis_feature_layer,https://enterprise.gisdata.mn.gov/aghost/rest/services/us_mn_state_dnr/biota_dnr_native_plant_comm/FeatureServer/7,
da47707fb911419aa402ee9414a795fd_0,arcgis_feature_layer,https://enterprise.gisdata.mn.gov/aghost/rest/services/us_mn_state_dnr/biota_dnr_forest_inventory/FeatureServer/0,
7ef887d4cecb4605ad3d5d9c42c9d087_0,arcgis_feature_layer,https://enterprise.gisdata.mn.gov/aghost/rest/services/us_mn_state_dnr/biota_dnr_forest_inv_species/FeatureServer/0,
dccf6a1052c14bea84e5fc4baaafad68_0,arcgis_feature_layer,https://enterprise.gisdata.mn.gov/aghost/rest/services/us_mn_state_dnr/biota_dnr_forest_inv_nmerch/FeatureServer/0,
003d90ad2eff4935a6ae7b6e47be0812_0,arcgis_feature_layer,https://enterprise.gisdata.mn.gov/aghost/rest/services/us_mn_state_dnr/bdry_dnr_leg_hunting_prk_pub/FeatureServer/0,
3349987b253a4b4d9d10f2a1ed2913a3_0,arcgis_feature_layer,https://enterprise.gisdata.mn.gov/aghost/rest/services/us_mn_state_dnr/biota_dnr_forest_inv_diameter/FeatureServer/0,
0de0c5d7b48e4084932eaa662dd2c6f2_2,arcgis_feature_layer,https://enterprise.gisdata.mn.gov/aghost/rest/services/us_mn_state_dnr/bdry_state_forest/FeatureServer/2,
0de0c5d7b48e4084932eaa662dd2c6f2_3,arcgis_feature_layer,https://enterprise.gisdata.mn.gov/aghost/rest/services/us_mn_state_dnr/bdry_state_forest/FeatureServer/3,
0de0c5d7b48e4084932eaa662dd2c6f2_4,arcgis_feature_layer,https://enterprise.gisdata.mn.gov/aghost/rest/services/us_mn_state_dnr/bdry_state_forest/FeatureServer/4,
efb2f468b7dc440f8f60143456b978d2_3,arcgis_feature_layer,https://enterprise.gisdata.mn.gov/aghost/rest/services/us_mn_state_dnr/bdry_scientific_and_nat_areas/FeatureServer/3,
efb2f468b7dc440f8f60143456b978d2_4,arcgis_feature_layer,https://enterprise.gisdata.mn.gov/aghost/rest/services/us_mn_state_dnr/bdry_scientific_and_nat_areas/FeatureServer/4,
3b7e6b5d97964ca2b41ac32c69206ae7_0,arcgis_feature_layer,https://enterprise.gisdata.mn.gov/aghost/rest/services/us_mn_state_dnr/bdry_natural_area_registry/FeatureServer/0,
275daac450844f55bbd2efbc6a51584e_0,arcgis_feature_layer,https://enterprise.gisdata.mn.gov/aghost/rest/services/us_mn_state_dnr/bdry_dnr_wildlife_mgmt_areas_pub/FeatureServer/0,
a1f0f05706f34506879494c218216d16_0,arcgis_feature_layer,https://enterprise.gisdata.mn.gov/aghost/rest/services/us_mn_state_dnr/bdry_dnr_managed_areas/FeatureServer/0,
a1f0f05706f34506879494c218216d16_1,arcgis_feature_layer,https://enterprise.gisdata.mn.gov/aghost/rest/services/us_mn_state_dnr/bdry_dnr_managed_areas/FeatureServer/1,
a1f0f05706f34506879494c218216d16_2,arcgis_feature_layer,https://enterprise.gisdata.mn.gov/aghost/rest/services/us_mn_state_dnr/bdry_dnr_managed_areas/FeatureServer/2,
a1f0f05706f34506879494c218216d16_3,arcgis_feature_layer,https://enterprise.gisdata.mn.gov/aghost/rest/services/us_mn_state_dnr/bdry_dnr_managed_areas/FeatureServer/3,
4112b475ccf54c729ff35c06c1300f45_0,arcgis_feature_layer,https://enterprise.gisdata.mn.gov/aghost/rest/services/us_mn_state_pca/env_river_nutrient_standards/FeatureServer/0,
a42128766db2447cb77a247d4a074173_0,arcgis_feature_layer,https://enterprise.gisdata.mn.gov/aghost/rest/services/us_mn_state_dnr/bdry_dnr_lrs_prk/FeatureServer/0,
a42128766db2447cb77a247d4a074173_1,arcgis_feature_layer,https://enterprise.gisdata.mn.gov/aghost/rest/services/us_mn_state_dnr/bdry_dnr_lrs_prk/FeatureServer/1,
a42128766db2447cb77a247d4a074173_2,arcgis_feature_layer,https://enterprise.gisdata.mn.gov/aghost/rest/services/us_mn_state_dnr/bdry_dnr_lrs_prk/FeatureServer/2,
af93f7b6e9574f729e02304c788e74b8_0,arcgis_feature_layer,https://enterprise.gisdata.mn.gov/aghost/rest/services/us_mn_state_dnr/bdry_dnr_enforcement_admin/FeatureServer/0,
af93f7b6e9574f729e02304c788e74b8_1,arcgis_feature_layer,https://enterprise.gisdata.mn.gov/aghost/rest/services/us_mn_state_dnr/bdry_dnr_enforcement_admin/FeatureServer/1,
af93f7b6e9574f729e02304c788e74b8_2,arcgis_feature_layer,https://enterprise.gisdata.mn.gov/aghost/rest/services/us_mn_state_dnr/bdry_dnr_enforcement_admin/FeatureServer/2,
38055d5e2d44412c88194e24ad57278e_0,arcgis_feature_layer,https://enterprise.gisdata.mn.gov/aghost/rest/services/us_mn_state_bwsr/env_state_cons_bmp_locs/FeatureServer/0,
a1145fc92d314c1ba4d71fa35b4af873_0,arcgis_feature_layer,https://enterprise.gisdata.mn.gov/aghost/rest/services/us_mn_state_mda/env_emerald_ash_borer/FeatureServer/0,
a1145fc92d314c1ba4d71fa35b4af873_1,arcgis_feature_layer,https://enterprise.gisdata.mn.gov/aghost/rest/services/us_mn_state_mda/env_emerald_ash_borer/FeatureServer/1,
a1145fc92d314c1ba4d71fa35b4af873_2,arcgis_feature_layer,https://enterprise.gisdata.mn.gov/aghost/rest/services/us_mn_state_mda/env_emerald_ash_borer/FeatureServer/2,
a1145fc92d314c1ba4d71fa35b4af873_3,arcgis_feature_layer,https://enterprise.gisdata.mn.gov/aghost/rest/services/us_mn_state_mda/env_emerald_ash_borer/FeatureServer/3,
a1145fc92d314c1ba4d71fa35b4af873_4,arcgis_feature_layer,https://enterprise.gisdata.mn.gov/aghost/rest/services/us_mn_state_mda/env_emerald_ash_borer/FeatureServer/4,
a1145fc92d314c1ba4d71fa35b4af873_5,arcgis_feature_layer,https://enterprise.gisdata.mn.gov/aghost/rest/services/us_mn_state_mda/env_emerald_ash_borer/FeatureServer/5,
a1145fc92d314c1ba4d71fa35b4af873_6,arcgis_feature_layer,https://enterprise.gisdata.mn.gov/aghost/rest/services/us_mn_state_mda/env_emerald_ash_borer/FeatureServer/6,
a1145fc92d314c1ba4d71fa35b4af873_7,arcgis_feature_layer,https://enterprise.gisdata.mn.gov/aghost/rest/services/us_mn_state_mda/env_emerald_ash_borer/FeatureServer/7,
a1145fc92d314c1ba4d71fa35b4af873_8,arcgis_feature_layer,https://enterprise.gisdata.mn.gov/aghost/rest/services/us_mn_state_mda/env_emerald_ash_borer/FeatureServer/8,
138898ddbc5d4eadb4c884c61f8ebf28_0,arcgis_feature_layer,https://enterprise.gisdata.mn.gov/aghost/rest/services/us_mn_state_mda/env_agchem_incidents/FeatureServer/0,
138898ddbc5d4eadb4c884c61f8ebf28_1,arcgis_feature_layer,https://enterprise.gisdata.mn.gov/aghost/rest/services/us_mn_state_mda/env_agchem_incidents/FeatureServer/1,
138898ddbc5d4eadb4c884c61f8ebf28_2,arcgis_feature_layer,https://enterprise.gisdata.mn.gov/aghost/rest/services/us_mn_state_mda/env_agchem_incidents/FeatureServer/2,
138898ddbc5d4eadb4c884c61f8ebf28_3,arcgis_feature_layer,https://enterprise.gisdata.mn.gov/aghost/rest/services/us_mn_state_mda/env_agchem_incidents/FeatureServer/3,
138898ddbc5d4eadb4c884c61f8ebf28_4,arcgis_feature_layer,https://enterprise.gisdata.mn.gov/aghost/rest/services/us_mn_state_mda/env_agchem_incidents/FeatureServer/4,
62de22554e364568aea785209d3db41b_0,arcgis_feature_layer,https://enterprise.gisdata.mn.gov/aghost/rest/services/us_mn_state_health/water_wellhead_protection_areas/FeatureServer/0,
b196ee4fdba84af9aad2d93d23133c7a_0,arcgis_feature_layer,https://enterprise.gisdata.mn.gov/aghost/rest/services/us_mn_state_health/water_well_information_non_pws/FeatureServer/0,
b196ee4fdba84af9aad2d93d23133c7a_1,arcgis_feature_layer,https://enterprise.gisdata.mn.gov/aghost/rest/services/us_mn_state_health/water_well_information_non_pws/FeatureServer/1,
b196ee4fdba84af9aad2d93d23133c7a_10,arcgis_feature_layer,https://enterprise.gisdata.mn.gov/aghost/rest/services/us_mn_state_health/water_well_information_non_pws/FeatureServer/10,
b196ee4fdba84af9aad2d93d23133c7a_11,arcgis_feature_layer,https://enterprise.gisdata.mn.gov/aghost/rest/services/us_mn_state_health/water_well_information_non_pws/FeatureServer/11,
b196ee4fdba84af9aad2d93d23133c7a_12,arcgis_feature_layer,https://enterprise.gisdata.mn.gov/aghost/rest/services/us_mn_state_health/water_well_information_non_pws/FeatureServer/12,
b196ee4fdba84af9aad2d93d23133c7a_13,arcgis_feature_layer,https://enterprise.gisdata.mn.gov/aghost/rest/services/us_mn_state_health/water_well_information_non_pws/FeatureServer/13,
b196ee4fdba84af9aad2d93d23133c7a_14,arcgis_feature_layer,https://enterprise.gisdata.mn.gov/aghost/rest/services/us_mn_state_health/water_well_information_non_pws/FeatureServer/14,
b196ee4fdba84af9aad2d93d23133c7a_15,arcgis_feature_layer,https://enterprise.gisdata.mn.gov/aghost/rest/services/us_mn_state_health/water_well_information_non_pws/FeatureServer/15,
b196ee4fdba84af9aad2d93d23133c7a_16,arcgis_feature_layer,https://enterprise.gisdata.mn.gov/aghost/rest/services/us_mn_state_health/water_well_information_non_pws/FeatureServer/16,
b196ee4fdba84af9aad2d93d23133c7a_17,arcgis_feature_layer,https://enterprise.gisdata.mn.gov/aghost/rest/services/us_mn_state_health/water_well_information_non_pws/FeatureServer/17,
b196ee4fdba84af9aad2d93d23133c7a_18,arcgis_feature_layer,https://enterprise.gisdata.mn.gov/aghost/rest/services/us_mn_state_health/water_well_information_non_pws/FeatureServer/18,
4112b475ccf54c729ff35c06c1300f45_1,arcgis_feature_layer,https://enterprise.gisdata.mn.gov/aghost/rest/services/us_mn_state_pca/env_river_nutrient_standards/FeatureServer/1,
b196ee4fdba84af9aad2d93d23133c7a_19,arcgis_feature_layer,https://enterprise.gisdata.mn.gov/aghost/rest/services/us_mn_state_health/water_well_information_non_pws/FeatureServer/19,
b196ee4fdba84af9aad2d93d23133c7a_2,arcgis_feature_layer,https://enterprise.gisdata.mn.gov/aghost/rest/services/us_mn_state_health/water_well_information_non_pws/FeatureServer/2,
b196ee4fdba84af9aad2d93d23133c7a_20,arcgis_feature_layer,https://enterprise.gisdata.mn.gov/aghost/rest/services/us_mn_state_health/water_well_information_non_pws/FeatureServer/20,
b196ee4fdba84af9aad2d93d23133c7a_21,arcgis_feature_layer,https://enterprise.gisdata.mn.gov/aghost/rest/services/us_mn_state_health/water_well_information_non_pws/FeatureServer/21,
b196ee4fdba84af9aad2d93d23133c7a_22,arcgis_feature_layer,https://enterprise.gisdata.mn.gov/aghost/rest/services/us_mn_state_health/water_well_information_non_pws/FeatureServer/22,
b196ee4fdba84af9aad2d93d23133c7a_23,arcgis_feature_layer,https://enterprise.gisdata.mn.gov/aghost/rest/services/us_mn_state_health/water_well_information_non_pws/FeatureServer/23,
b196ee4fdba84af9aad2d93d23133c7a_24,arcgis_feature_layer,https://enterprise.gisdata.mn.gov/aghost/rest/services/us_mn_state_health/water_well_information_non_pws/FeatureServer/24,
b196ee4fdba84af9aad2d93d23133c7a_25,arcgis_feature_layer,https://enterprise.gisdata.mn.gov/aghost/rest/services/us_mn_state_health/water_well_information_non_pws/FeatureServer/25,
b196ee4fdba84af9aad2d93d23133c7a_26,arcgis_feature_layer,https://enterprise.gisdata.mn.gov/aghost/rest/services/us_mn_state_health/water_well_information_non_pws/FeatureServer/26,
b196ee4fdba84af9aad2d93d23133c7a_27,arcgis_feature_layer,https://enterprise.gisdata.mn.gov/aghost/rest/services/us_mn_state_health/water_well_information_non_pws/FeatureServer/27,
b196ee4fdba84af9aad2d93d23133c7a_28,arcgis_feature_layer,https://enterprise.gisdata.mn.gov/aghost/rest/services/us_mn_state_health/water_well_information_non_pws/FeatureServer/28,
0ca73db3a26d47459994b20dcd302ddc_0,arcgis_feature_layer,https://enterprise.gisdata.mn.gov/aghost/rest/services/us_mn_state_pca/env_orv_waters/FeatureServer/0,
0ca73db3a26d47459994b20dcd302ddc_1,arcgis_feature_layer,https://enterprise.gisdata.mn.gov/aghost/rest/services/us_mn_state_pca/env_orv_waters/FeatureServer/1,
0ca73db3a26d47459994b20dcd302ddc_2,arcgis_feature_layer,https://enterprise.gisdata.mn.gov/aghost/rest/services/us_mn_state_pca/env_orv_waters/FeatureServer/2,
0ca73db3a26d47459994b20dcd302ddc_3,arcgis_feature_layer,https://enterprise.gisdata.mn.gov/aghost/rest/services/us_mn_state_pca/env_orv_waters/FeatureServer/3,
c0dd8c1a3e274d49ab9910e1774d1dad_0,arcgis_feature_layer,https://enterprise.gisdata.mn.gov/aghost/rest/services/us_mn_state_pca/env_impaired_wetlands_2012/FeatureServer/0,
c0dd8c1a3e274d49ab9910e1774d1dad_1,arcgis_feature_layer,https://enterprise.gisdata.mn.gov/aghost/rest/services/us_mn_state_pca/env_impaired_wetlands_2012/FeatureServer/1,
2fb15b3662704cea80e929b9e718f6f6_0,arcgis_feature_layer,https://enterprise.gisdata.mn.gov/aghost/rest/services/us_mn_state_pca/env_impaired_wetlands_2010/FeatureServer/0,
2fb15b3662704cea80e929b9e718f6f6_1,arcgis_feature_layer,https://enterprise.gisdata.mn.gov/aghost/rest/services/us_mn_state_pca/env_impaired_wetlands_2010/FeatureServer/1,
0f9d5780d24c455f82241cd3852c2f8f_0,arcgis_feature_layer,https://enterprise.gisdata.mn.gov/aghost/rest/services/us_mn_state_pca/env_impaired_water_2024_draft/FeatureServer/0,
0f9d5780d24c455f82241cd3852c2f8f_1,arcgis_feature_layer,https://enterprise.gisdata.mn.gov/aghost/rest/services/us_mn_state_pca/env_impaired_water_2024_draft/FeatureServer/1,
0f9d5780d24c455f82241cd3852c2f8f_10,arcgis_feature_layer,https://enterprise.gisdata.mn.gov/aghost/rest/services/us_mn_state_pca/env_impaired_water_2024_draft/FeatureServer/10,
0f9d5780d24c455f82241cd3852c2f8f_11,arcgis_feature_layer,https://enterprise.gisdata.mn.gov/aghost/rest/services/us_mn_state_pca/env_impaired_water_2024_draft/FeatureServer/11,
0f9d5780d24c455f82241cd3852c2f8f_12,arcgis_feature_layer,https://enterprise.gisdata.mn.gov/aghost/rest/services/us_mn_state_pca/env_impaired_water_2024_draft/FeatureServer/12,
0f9d5780d24c455f82241cd3852c2f8f_13,arcgis_feature_layer,https://enterprise.gisdata.mn.gov/aghost/rest/services/us_mn_state_pca/env_impaired_water_2024_draft/FeatureServer/13,
0f9d5780d24c455f82241cd3852c2f8f_14,arcgis_feature_layer,https://enterprise.gisdata.mn.gov/aghost/rest/services/us_mn_state_pca/env_impaired_water_2024_draft/FeatureServer/14,
0f9d5780d24c455f82241cd3852c2f8f_15,arcgis_feature_layer,https://enterprise.gisdata.mn.gov/aghost/rest/services/us_mn_state_pca/env_impaired_water_2024_draft/FeatureServer/15,
0f9d5780d24c455f82241cd3852c2f8f_16,arcgis_feature_layer,https://enterprise.gisdata.mn.gov/aghost/rest/services/us_mn_state_pca/env_impaired_water_2024_draft/FeatureServer/16,
0f9d5780d24c455f82241cd3852c2f8f_2,arcgis_feature_layer,https://enterprise.gisdata.mn.gov/aghost/rest/services/us_mn_state_pca/env_impaired_water_2024_draft/FeatureServer/2,
0f9d5780d24c455f82241cd3852c2f8f_3,arcgis_feature_layer,https://enterprise.gisdata.mn.gov/aghost/rest/services/us_mn_state_pca/env_impaired_water_2024_draft/FeatureServer/3,
0f9d5780d24c455f82241cd3852c2f8f_4,arcgis_feature_layer,https://enterprise.gisdata.mn.gov/aghost/rest/services/us_mn_state_pca/env_impaired_water_2024_draft/FeatureServer/4,
0f9d5780d24c455f82241cd3852c2f8f_5,arcgis_feature_layer,https://enterprise.gisdata.mn.gov/aghost/rest/services/us_mn_state_pca/env_impaired_water_2024_draft/FeatureServer/5,
0f9d5780d24c455f82241cd3852c2f8f_6,arcgis_feature_layer,https://enterprise.gisdata.mn.gov/aghost/rest/services/us_mn_state_pca/env_impaired_water_2024_draft/FeatureServer/6,
0f9d5780d24c455f82241cd3852c2f8f_7,arcgis_feature_layer,https://enterprise.gisdata.mn.gov/aghost/rest/services/us_mn_state_pca/env_impaired_water_2024_draft/FeatureServer/7,
0f9d5780d24c455f82241cd3852c2f8f_8,arcgis_feature_layer,https://enterprise.gisdata.mn.gov/aghost/rest/services/us_mn_state_pca/env_impaired_water_2024_draft/FeatureServer/8,
0f9d5780d24c455f82241cd3852c2f8f_9,arcgis_feature_layer,https://enterprise.gisdata.mn.gov/aghost/rest/services/us_mn_state_pca/env_impaired_water_2024_draft/FeatureServer/9,
78de14a2b14549dcaee015b299997c47_0,arcgis_feature_layer,https://enterprise.gisdata.mn.gov/aghost/rest/services/us_mn_state_pca/env_impaired_water_2022_proposed/FeatureServer/0,
78de14a2b14549dcaee015b299997c47_1,arcgis_feature_layer,https://enterprise.gisdata.mn.gov/aghost/rest/services/us_mn_state_pca/env_impaired_water_2022_proposed/FeatureServer/1,
78de14a2b14549dcaee015b299997c47_10,arcgis_feature_layer,https://enterprise.gisdata.mn.gov/aghost/rest/services/us_mn_state_pca/env_impaired_water_2022_proposed/FeatureServer/10,
78de14a2b14549dcaee015b299997c47_11,arcgis_feature_layer,https://enterprise.gisdata.mn.gov/aghost/rest/services/us_mn_state_pca/env_impaired_water_2022_proposed/FeatureServer/11,
78de14a2b14549dcaee015b299997c47_12,arcgis_feature_layer,https://enterprise.gisdata.mn.gov/aghost/rest/services/us_mn_state_pca/env_impaired_water_2022_proposed/FeatureServer/12,
78de14a2b14549dcaee015b299997c47_13,arcgis_feature_layer,https://enterprise.gisdata.mn.gov/aghost/rest/services/us_mn_state_pca/env_impaired_water_2022_proposed/FeatureServer/13,
78de14a2b14549dcaee015b299997c47_14,arcgis_feature_layer,https://enterprise.gisdata.mn.gov/aghost/rest/services/us_mn_state_pca/env_impaired_water_2022_proposed/FeatureServer/14,
78de14a2b14549dcaee015b299997c47_15,arcgis_feature_layer,https://enterprise.gisdata.mn.gov/aghost/rest/services/us_mn_state_pca/env_impaired_water_2022_proposed/FeatureServer/15,
78de14a2b14549dcaee015b299997c47_16,arcgis_feature_layer,https://enterprise.gisdata.mn.gov/aghost/rest/services/us_mn_state_pca/env_impaired_water_2022_proposed/FeatureServer/16,
78de14a2b14549dcaee015b299997c47_17,arcgis_feature_layer,https://enterprise.gisdata.mn.gov/aghost/rest/services/us_mn_state_pca/env_impaired_water_2022_proposed/FeatureServer/17,
78de14a2b14549dcaee015b299997c47_18,arcgis_feature_layer,https://enterprise.gisdata.mn.gov/aghost/rest/services/us_mn_state_pca/env_impaired_water_2022_proposed/FeatureServer/18,
78de14a2b14549dcaee015b299997c47_19,arcgis_feature_layer,https://enterprise.gisdata.mn.gov/aghost/rest/services/us_mn_state_pca/env_impaired_water_2022_proposed/FeatureServer/19,
78de14a2b14549dcaee015b299997c47_2,arcgis_feature_layer,https://enterprise.gisdata.mn.gov/aghost/rest/services/us_mn_state_pca/env_impaired_water_2022_proposed/FeatureServer/2,
78de14a2b14549dcaee015b299997c47_3,arcgis_feature_layer,https://enterprise.gisdata.mn.gov/aghost/rest/services/us_mn_state_pca/env_impaired_water_2022_proposed/FeatureServer/3,
78de14a2b14549dcaee015b299997c47_4,arcgis_feature_layer,https://enterprise.gisdata.mn.gov/aghost/rest/services/us_mn_state_pca/env_impaired_water_2022_proposed/FeatureServer/4,
78de14a2b14549dcaee015b299997c47_5,arcgis_feature_layer,https://enterprise.gisdata.mn.gov/aghost/rest/services/us_mn_state_pca/env_impaired_water_2022_proposed/FeatureServer/5,
78de14a2b14549dcaee015b299997c47_6,arcgis_feature_layer,https://enterprise.gisdata.mn.gov/aghost/rest/services/us_mn_state_pca/env_impaired_water_2022_proposed/FeatureServer/6,
78de14a2b14549dcaee015b299997c47_7,arcgis_feature_layer,https://enterprise.gisdata.mn.gov/aghost/rest/services/us_mn_state_pca/env_impaired_water_2022_proposed/FeatureServer/7,
78de14a2b14549dcaee015b299997c47_8,arcgis_feature_layer,https://enterprise.gisdata.mn.gov/aghost/rest/services/us_mn_state_pca/env_impaired_water_2022_proposed/FeatureServer/8,
78de14a2b14549dcaee015b299997c47_9,arcgis_feature_layer,https://enterprise.gisdata.mn.gov/aghost/rest/services/us_mn_state_pca/env_impaired_water_2022_proposed/FeatureServer/9,
0cc71a190111493685a86ca1067d655b_0,arcgis_feature_layer,https://enterprise.gisdata.mn.gov/aghost/rest/services/us_mn_state_pca/env_impaired_water_2022/FeatureServer/0,
0cc71a190111493685a86ca1067d655b_1,arcgis_feature_layer,https://enterprise.gisdata.mn.gov/aghost/rest/services/us_mn_state_pca/env_impaired_water_2022/FeatureServer/1,
0cc71a190111493685a86ca1067d655b_10,arcgis_feature_layer,https://enterprise.gisdata.mn.gov/aghost/rest/services/us_mn_state_pca/env_impaired_water_2022/FeatureServer/10,
0cc71a190111493685a86ca1067d655b_11,arcgis_feature_layer,https://enterprise.gisdata.mn.gov/aghost/rest/services/us_mn_state_pca/env_impaired_water_2022/FeatureServer/11,
0cc71a190111493685a86ca1067d655b_12,arcgis_feature_layer,https://enterprise.gisdata.mn.gov/aghost/rest/services/us_mn_state_pca/env_impaired_water_2022/FeatureServer/12,
0cc71a190111493685a86ca1067d655b_13,arcgis_feature_layer,https://enterprise.gisdata.mn.gov/aghost/rest/services/us_mn_state_pca/env_impaired_water_2022/FeatureServer/13,
0cc71a190111493685a86ca1067d655b_14,arcgis_feature_layer,https://enterprise.gisdata.mn.gov/aghost/rest/services/us_mn_state_pca/env_impaired_water_2022/FeatureServer/14,
0cc71a190111493685a86ca1067d655b_15,arcgis_feature_layer,https://enterprise.gisdata.mn.gov/aghost/rest/services/us_mn_state_pca/env_impaired_water_2022/FeatureServer/15,
0cc71a190111493685a86ca1067d655b_16,arcgis_feature_layer,https://enterprise.gisdata.mn.gov/aghost/rest/services/us_mn_state_pca/env_impaired_water_2022/FeatureServer/16,
0cc71a190111493685a86ca1067d655b_17,arcgis_feature_layer,https://enterprise.gisdata.mn.gov/aghost/rest/services/us_mn_state_pca/env_impaired_water_2022/FeatureServer/17,
0cc71a190111493685a86ca1067d655b_18,arcgis_feature_layer,https://enterprise.gisdata.mn.gov/aghost/rest/services/us_mn_state_pca/env_impaired_water_2022/FeatureServer/18,
0cc71a190111493685a86ca1067d655b_19,arcgis_feature_layer,https://enterprise.gisdata.mn.gov/aghost/rest/services/us_mn_state_pca/env_impaired_water_2022/FeatureServer/19,
0cc71a190111493685a86ca1067d655b_2,arcgis_feature_layer,https://enterprise.gisdata.mn.gov/aghost/rest/services/us_mn_state_pca/env_impaired_water_2022/FeatureServer/2,
0cc71a190111493685a86ca1067d655b_3,arcgis_feature_layer,https://enterprise.gisdata.mn.gov/aghost/rest/services/us_mn_state_pca/env_impaired_water_2022/FeatureServer/3,
0cc71a190111493685a86ca1067d655b_4,arcgis_feature_layer,https://enterprise.gisdata.mn.gov/aghost/rest/services/us_mn_state_pca/env_impaired_water_2022/FeatureServer/4,
0cc71a190111493685a86ca1067d655b_5,arcgis_feature_layer,https://enterprise.gisdata.mn.gov/aghost/rest/services/us_mn_state_pca/env_impaired_water_2022/FeatureServer/5,
0cc71a190111493685a86ca1067d655b_6,arcgis_feature_layer,https://enterprise.gisdata.mn.gov/aghost/rest/services/us_mn_state_pca/env_impaired_water_2022/FeatureServer/6,
0cc71a190111493685a86ca1067d655b_7,arcgis_feature_layer,https://enterprise.gisdata.mn.gov/aghost/rest/services/us_mn_state_pca/env_impaired_water_2022/FeatureServer/7,
0cc71a190111493685a86ca1067d655b_8,arcgis_feature_layer,https://enterprise.gisdata.mn.gov/aghost/rest/services/us_mn_state_pca/env_impaired_water_2022/FeatureServer/8,
0cc71a190111493685a86ca1067d655b_9,arcgis_feature_layer,https://enterprise.gisdata.mn.gov/aghost/rest/services/us_mn_state_pca/env_impaired_water_2022/FeatureServer/9,
eb86e59d6cec4785b62ea288976492a0_0,arcgis_feature_layer,https://enterprise.gisdata.mn.gov/aghost/rest/services/us_mn_state_pca/env_impaired_water_2018/FeatureServer/0,
eb86e59d6cec4785b62ea288976492a0_1,arcgis_feature_layer,https://enterprise.gisdata.mn.gov/aghost/rest/services/us_mn_state_pca/env_impaired_water_2018/FeatureServer/1,
eb86e59d6cec4785b62ea288976492a0_10,arcgis_feature_layer,https://enterprise.gisdata.mn.gov/aghost/rest/services/us_mn_state_pca/env_impaired_water_2018/FeatureServer/10,
eb86e59d6cec4785b62ea288976492a0_11,arcgis_feature_layer,https://enterprise.gisdata.mn.gov/aghost/rest/services/us_mn_state_pca/env_impaired_water_2018/FeatureServer/11,
eb86e59d6cec4785b62ea288976492a0_2,arcgis_feature_layer,https://enterprise.gisdata.mn.gov/aghost/rest/services/us_mn_state_pca/env_impaired_water_2018/FeatureServer/2,
eb86e59d6cec4785b62ea288976492a0_3,arcgis_feature_layer,https://enterprise.gisdata.mn.gov/aghost/rest/services/us_mn_state_pca/env_impaired_water_2018/FeatureServer/3,
eb86e59d6cec4785b62ea288976492a0_4,arcgis_feature_layer,https://enterprise.gisdata.mn.gov/aghost/rest/services/us_mn_state_pca/env_impaired_water_2018/FeatureServer/4,
eb86e59d6cec4785b62ea288976492a0_5,arcgis_feature_layer,https://enterprise.gisdata.mn.gov/aghost/rest/services/us_mn_state_pca/env_impaired_water_2018/FeatureServer/5,
eb86e59d6cec4785b62ea288976492a0_6,arcgis_feature_layer,https://enterprise.gisdata.mn.gov/aghost/rest/services/us_mn_state_pca/env_impaired_water_2018/FeatureServer/6,
eb86e59d6cec4785b62ea288976492a0_7,arcgis_feature_layer,https://enterprise.gisdata.mn.gov/aghost/rest/services/us_mn_state_pca/env_impaired_water_2018/FeatureServer/7,
eb86e59d6cec4785b62ea288976492a0_8,arcgis_feature_layer,https://enterprise.gisdata.mn.gov/aghost/rest/services/us_mn_state_pca/env_impaired_water_2018/FeatureServer/8,
42c0b260a7e241409b271428372b58b9_0,arcgis_feature_layer,https://enterprise.gisdata.mn.gov/aghost/rest/services/us_mn_state_dnr/elev_mrcca_bluff_impact/FeatureServer/0,
23f321bf89ad486cb88142e31e61bf00_0,arcgis_feature_layer,https://enterprise.gisdata.mn.gov/aghost/rest/services/us_mn_state_dnr/biota_wild_rice_lakes_dnr_wld/FeatureServer/0,
7d36b51a738e4a5c80adac69293a0323_0,arcgis_feature_layer,https://enterprise.gisdata.mn.gov/aghost/rest/services/us_mn_state_dnr/biota_se_mn_high_bio_sites_x_own/FeatureServer/0,
7d36b51a738e4a5c80adac69293a0323_1,arcgis_feature_layer,https://enterprise.gisdata.mn.gov/aghost/rest/services/us_mn_state_dnr/biota_se_mn_high_bio_sites_x_own/FeatureServer/1,
bf3b753500cb410491848a331cf77eb6_0,arcgis_feature_layer,https://enterprise.gisdata.mn.gov/aghost/rest/services/us_mn_state_dnr/biota_original_pls_vegetation/FeatureServer/0,
180718f2111f43ee8767c7fde916ef47_0,arcgis_feature_layer,https://enterprise.gisdata.mn.gov/aghost/rest/services/us_mn_state_dnr/biota_original_pls_bearing_trees/FeatureServer/0,
68e8c15fc6684c7d932668c60e9c6973_0,arcgis_feature_layer,https://enterprise.gisdata.mn.gov/aghost/rest/services/us_mn_state_dnr/biota_muskie_lakes_in_mn/FeatureServer/0,
e3f3d444ab454f73ad89f740d3fd3569_0,arcgis_feature_layer,https://enterprise.gisdata.mn.gov/aghost/rest/services/us_mn_state_dnr/biota_mrcca_vegetation/FeatureServer/0,
f0026cd6f81b4dda8d2cd7aa3091b415_0,arcgis_feature_layer,https://enterprise.gisdata.mn.gov/aghost/rest/services/us_mn_state_dnr/biota_mcbs_railroad_prairies/FeatureServer/0,
d620cd39cc6846ed9b590f77b889c36a_0,arcgis_feature_layer,https://enterprise.gisdata.mn.gov/aghost/rest/services/us_mn_state_dnr/biota_landcover_mlccs/FeatureServer/0,
d620cd39cc6846ed9b590f77b889c36a_1,arcgis_feature_layer,https://enterprise.gisdata.mn.gov/aghost/rest/services/us_mn_state_dnr/biota_landcover_mlccs/FeatureServer/1,
b6b166e943c74bebbafa52d35532cd2f_0,arcgis_feature_layer,https://enterprise.gisdata.mn.gov/aghost/rest/services/us_mn_state_dnr/biota_landcover_landsat_tm_1996/FeatureServer/0,
ac0093dadf6b4b7ba736a7dffee18011_0,arcgis_feature_layer,https://enterprise.gisdata.mn.gov/aghost/rest/services/us_mn_state_dnr/biota_landcover_landsat_tm_1990/FeatureServer/0,
86dfdd60d139453ab16c8564d266b7e3_0,arcgis_feature_layer,https://enterprise.gisdata.mn.gov/aghost/rest/services/us_mn_state_dnr/biota_dnr_wild_rice_presence/FeatureServer/0,
1d6f531e85f347ea8ec8d14c1e0bf9e0_0,arcgis_feature_layer,https://enterprise.gisdata.mn.gov/aghost/rest/services/us_mn_state_dnr/biota_dnr_forestry_npc_obs/FeatureServer/0,
fc50a130b5ae4509a996e40c2d961237_0,arcgis_feature_layer,https://enterprise.gisdata.mn.gov/aghost/rest/services/us_mn_state_dnr/biota_dnr_forest_stand_inventory/FeatureServer/0,
f55a62f213d24ee7a9cb26d5f0a53c3f_0,arcgis_feature_layer,https://enterprise.gisdata.mn.gov/aghost/rest/services/us_mn_state_dnr/biota_dnr_annual_stand_exam_pub/FeatureServer/0,
957b74f4eae64e52b9806f05a60452fe_0,arcgis_feature_layer,https://enterprise.gisdata.mn.gov/aghost/rest/services/us_mn_state_dnr/biota_dnr_10yr_stand_exam_list/FeatureServer/0,
c38c95d582e64b16afe838cbe5fabbf9_0,arcgis_feature_layer,https://enterprise.gisdata.mn.gov/aghost/rest/services/us_mn_state_dnr/biota_cisco_refuge_lakes/FeatureServer/0,
8534e2b5331a418c88a9ad9ae4472de2_0,arcgis_feature_layer,https://enterprise.gisdata.mn.gov/aghost/rest/services/us_mn_state_dnr/biota_bald_eagle_nest_locations/FeatureServer/0,
104e6232d2d140069cafa9455f652b3a_0,arcgis_feature_layer,https://enterprise.gisdata.mn.gov/aghost/rest/services/us_mn_state_dnr/bdry_wild_and_scenic_river_admin/FeatureServer/0,
3876945680fe4c4e94b3faa82543eadc_0,arcgis_feature_layer,https://enterprise.gisdata.mn.gov/aghost/rest/services/us_mn_state_dnr/bdry_watershed_protection_areas/FeatureServer/0,
bfc819e7fc674709b083bfead78c91a9_0,arcgis_feature_layer,https://enterprise.gisdata.mn.gov/aghost/rest/services/us_mn_state_dnr/bdry_turkey_permit_areas/FeatureServer/0,
cf5f11b563bb4491bb90b856dc6af594_0,arcgis_feature_layer,https://enterprise.gisdata.mn.gov/aghost/rest/services/us_mn_state_dnr/bdry_state_of_minnesota/FeatureServer/0,
cf5f11b563bb4491bb90b856dc6af594_1,arcgis_feature_layer,https://enterprise.gisdata.mn.gov/aghost/rest/services/us_mn_state_dnr/bdry_state_of_minnesota/FeatureServer/1,
cf5f11b563bb4491bb90b856dc6af594_2,arcgis_feature_layer,https://enterprise.gisdata.mn.gov/aghost/rest/services/us_mn_state_dnr/bdry_state_of_minnesota/FeatureServer/2,
cf5f11b563bb4491bb90b856dc6af594_3,arcgis_feature_layer,https://enterprise.gisdata.mn.gov/aghost/rest/services/us_mn_state_dnr/bdry_state_of_minnesota/FeatureServer/3,
cf5f11b563bb4491bb90b856dc6af594_4,arcgis_feature_layer,https://enterprise.gisdata.mn.gov/aghost/rest/services/us_mn_state_dnr/bdry_state_of_minnesota/FeatureServer/4,
91289aac79f54140805b9b0bbd469e6f_0,arcgis_feature_layer,https://enterprise.gisdata.mn.gov/aghost/rest/services/us_mn_state_dnr/bdry_st_louis_river_aoc/FeatureServer/0,
87314f8ee26649d793e22e40331d1dc4_2,arcgis_feature_layer,https://enterprise.gisdata.mn.gov/aghost/rest/services/us_mn_state_dnr/bdry_seed_source_control_zones/FeatureServer/2,
f0149c15712f4749893983044e0e92a9_0,arcgis_feature_layer,https://enterprise.gisdata.mn.gov/aghost/rest/services/us_mn_state_dnr/bdry_ruffed_grouse_mgmt_areas/FeatureServer/0,
f0149c15712f4749893983044e0e92a9_1,arcgis_feature_layer,https://enterprise.gisdata.mn.gov/aghost/rest/services/us_mn_state_dnr/bdry_ruffed_grouse_mgmt_areas/FeatureServer/1,
8082563f394549a8b50a7498e8168f5e_0,arcgis_feature_layer,https://enterprise.gisdata.mn.gov/aghost/rest/services/us_mn_state_dnr/bdry_north_south_furbearer_zones/FeatureServer/0,
5e9d029cbae04a9a9016482434607df1_0,arcgis_feature_layer,https://enterprise.gisdata.mn.gov/aghost/rest/services/us_mn_state_dnr/bdry_north_shore_mgmt_zone/FeatureServer/0,
34897636a9d74a80b3b6823f421fd4c7_0,arcgis_feature_layer,https://enterprise.gisdata.mn.gov/aghost/rest/services/us_mn_state_dnr/bdry_mrcca_eo_79_19/FeatureServer/0,
e3490646e16c4875995d361cc650cd8c_0,arcgis_feature_layer,https://enterprise.gisdata.mn.gov/aghost/rest/services/us_mn_state_dnr/bdry_mrcca_boundary/FeatureServer/0,
ecbef25461164cd0858d1952d1718eea_0,arcgis_feature_layer,https://enterprise.gisdata.mn.gov/aghost/rest/services/us_mn_state_dnr/bdry_mississippi_r_critical_area/FeatureServer/0,
e9c928fe1a9b4d7ea53db57bf36a7abc_0,arcgis_feature_layer,https://enterprise.gisdata.mn.gov/aghost/rest/services/us_mn_state_dnr/bdry_lscr_districts/FeatureServer/0,
612838d65fdf437a8c9cda1d1c56302a_0,arcgis_feature_layer,https://enterprise.gisdata.mn.gov/aghost/rest/services/us_mn_state_dnr/bdry_inland_commercial_fishing/FeatureServer/0,
612838d65fdf437a8c9cda1d1c56302a_1,arcgis_feature_layer,https://enterprise.gisdata.mn.gov/aghost/rest/services/us_mn_state_dnr/bdry_inland_commercial_fishing/FeatureServer/1,
1b608d6a45b348f692a3244d576a6b54_0,arcgis_feature_layer,https://enterprise.gisdata.mn.gov/aghost/rest/services/us_mn_state_dnr/bdry_groundwater_mgmt_areas/FeatureServer/0,
200f6f22deaa4d3f9cf69031cc8a8a73_0,arcgis_feature_layer,https://enterprise.gisdata.mn.gov/aghost/rest/services/us_mn_state_dnr/bdry_fisher_marten_bobcat_zones/FeatureServer/0,
66d8b8e776ae4dc9b4d0aaac538e32e4_0,arcgis_feature_layer,https://enterprise.gisdata.mn.gov/aghost/rest/services/us_mn_state_dnr/bdry_farmland_forest_zones/FeatureServer/0,
6faff3c5440c40d8a8aacaf9725b804c_0,arcgis_feature_layer,https://enterprise.gisdata.mn.gov/aghost/rest/services/us_mn_state_dnr/bdry_elk_zones/FeatureServer/0,
6faff3c5440c40d8a8aacaf9725b804c_1,arcgis_feature_layer,https://enterprise.gisdata.mn.gov/aghost/rest/services/us_mn_state_dnr/bdry_elk_zones/FeatureServer/1,
6faff3c5440c40d8a8aacaf9725b804c_2,arcgis_feature_layer,https://enterprise.gisdata.mn.gov/aghost/rest/services/us_mn_state_dnr/bdry_elk_zones/FeatureServer/2,
b3f5bc05e1a34e4b8663de9878a5c6d1_8,arcgis_feature_layer,https://arcgis.metc.state.mn.us/data1/rest/services/census/Census_2020/FeatureServer/8,
b196ee4fdba84af9aad2d93d23133c7a_29,arcgis_feature_layer,https://enterprise.gisdata.mn.gov/aghost/rest/services/us_mn_state_health/water_well_information_non_pws/FeatureServer/29,
eb86e59d6cec4785b62ea288976492a0_9,arcgis_feature_layer,https://enterprise.gisdata.mn.gov/aghost/rest/services/us_mn_state_pca/env_impaired_water_2018/FeatureServer/9,
b196ee4fdba84af9aad2d93d23133c7a_3,arcgis_feature_layer,https://enterprise.gisdata.mn.gov/aghost/rest/services/us_mn_state_health/water_well_information_non_pws/FeatureServer/3,
b196ee4fdba84af9aad2d93d23133c7a_30,arcgis_feature_layer,https://enterprise.gisdata.mn.gov/aghost/rest/services/us_mn_state_health/water_well_information_non_pws/FeatureServer/30,
b196ee4fdba84af9aad2d93d23133c7a_31,arcgis_feature_layer,https://enterprise.gisdata.mn.gov/aghost/rest/services/us_mn_state_health/water_well_information_non_pws/FeatureServer/31,
b196ee4fdba84af9aad2d93d23133c7a_32,arcgis_feature_layer,https://enterprise.gisdata.mn.gov/aghost/rest/services/us_mn_state_health/water_well_information_non_pws/FeatureServer/32,
b196ee4fdba84af9aad2d93d23133c7a_33,arcgis_feature_layer,https://enterprise.gisdata.mn.gov/aghost/rest/services/us_mn_state_health/water_well_information_non_pws/FeatureServer/33,
b196ee4fdba84af9aad2d93d23133c7a_34,arcgis_feature_layer,https://enterprise.gisdata.mn.gov/aghost/rest/services/us_mn_state_health/water_well_information_non_pws/FeatureServer/34,
b196ee4fdba84af9aad2d93d23133c7a_35,arcgis_feature_layer,https://enterprise.gisdata.mn.gov/aghost/rest/services/us_mn_state_health/water_well_information_non_pws/FeatureServer/35,
b196ee4fdba84af9aad2d93d23133c7a_36,arcgis_feature_layer,https://enterprise.gisdata.mn.gov/aghost/rest/services/us_mn_state_health/water_well_information_non_pws/FeatureServer/36,
b196ee4fdba84af9aad2d93d23133c7a_37,arcgis_feature_layer,https://enterprise.gisdata.mn.gov/aghost/rest/services/us_mn_state_health/water_well_information_non_pws/FeatureServer/37,
b196ee4fdba84af9aad2d93d23133c7a_38,arcgis_feature_layer,https://enterprise.gisdata.mn.gov/aghost/rest/services/us_mn_state_health/water_well_information_non_pws/FeatureServer/38,
b196ee4fdba84af9aad2d93d23133c7a_39,arcgis_feature_layer,https://enterprise.gisdata.mn.gov/aghost/rest/services/us_mn_state_health/water_well_information_non_pws/FeatureServer/39,
b196ee4fdba84af9aad2d93d23133c7a_4,arcgis_feature_layer,https://enterprise.gisdata.mn.gov/aghost/rest/services/us_mn_state_health/water_well_information_non_pws/FeatureServer/4,
b196ee4fdba84af9aad2d93d23133c7a_40,arcgis_feature_layer,https://enterprise.gisdata.mn.gov/aghost/rest/services/us_mn_state_health/water_well_information_non_pws/FeatureServer/40,
b196ee4fdba84af9aad2d93d23133c7a_41,arcgis_feature_layer,https://enterprise.gisdata.mn.gov/aghost/rest/services/us_mn_state_health/water_well_information_non_pws/FeatureServer/41,
b196ee4fdba84af9aad2d93d23133c7a_42,arcgis_feature_layer,https://enterprise.gisdata.mn.gov/aghost/rest/services/us_mn_state_health/water_well_information_non_pws/FeatureServer/42,
b196ee4fdba84af9aad2d93d23133c7a_43,arcgis_feature_layer,https://enterprise.gisdata.mn.gov/aghost/rest/services/us_mn_state_health/water_well_information_non_pws/FeatureServer/43,
b196ee4fdba84af9aad2d93d23133c7a_44,arcgis_feature_layer,https://enterprise.gisdata.mn.gov/aghost/rest/services/us_mn_state_health/water_well_information_non_pws/FeatureServer/44,
b196ee4fdba84af9aad2d93d23133c7a_45,arcgis_feature_layer,https://enterprise.gisdata.mn.gov/aghost/rest/services/us_mn_state_health/water_well_information_non_pws/FeatureServer/45,
b196ee4fdba84af9aad2d93d23133c7a_46,arcgis_feature_layer,https://enterprise.gisdata.mn.gov/aghost/rest/services/us_mn_state_health/water_well_information_non_pws/FeatureServer/46,
b196ee4fdba84af9aad2d93d23133c7a_47,arcgis_feature_layer,https://enterprise.gisdata.mn.gov/aghost/rest/services/us_mn_state_health/water_well_information_non_pws/FeatureServer/47,
6ae02e3aa4eb4a669273310f7007b554_0,arcgis_feature_layer,https://arcgis.metc.state.mn.us/data1/rest/services/census/Census_2020_Crosswalk/FeatureServer/0,
b196ee4fdba84af9aad2d93d23133c7a_48,arcgis_feature_layer,https://enterprise.gisdata.mn.gov/aghost/rest/services/us_mn_state_health/water_well_information_non_pws/FeatureServer/48,
b196ee4fdba84af9aad2d93d23133c7a_49,arcgis_feature_layer,https://enterprise.gisdata.mn.gov/aghost/rest/services/us_mn_state_health/water_well_information_non_pws/FeatureServer/49,
b196ee4fdba84af9aad2d93d23133c7a_5,arcgis_feature_layer,https://enterprise.gisdata.mn.gov/aghost/rest/services/us_mn_state_health/water_well_information_non_pws/FeatureServer/5,
b196ee4fdba84af9aad2d93d23133c7a_50,arcgis_feature_layer,https://enterprise.gisdata.mn.gov/aghost/rest/services/us_mn_state_health/water_well_information_non_pws/FeatureServer/50,
b196ee4fdba84af9aad2d93d23133c7a_51,arcgis_feature_layer,https://enterprise.gisdata.mn.gov/aghost/rest/services/us_mn_state_health/water_well_information_non_pws/FeatureServer/51,
b196ee4fdba84af9aad2d93d23133c7a_52,arcgis_feature_layer,https://enterprise.gisdata.mn.gov/aghost/rest/services/us_mn_state_health/water_well_information_non_pws/FeatureServer/52,
b196ee4fdba84af9aad2d93d23133c7a_53,arcgis_feature_layer,https://enterprise.gisdata.mn.gov/aghost/rest/services/us_mn_state_health/water_well_information_non_pws/FeatureServer/53,
b196ee4fdba84af9aad2d93d23133c7a_54,arcgis_feature_layer,https://enterprise.gisdata.mn.gov/aghost/rest/services/us_mn_state_health/water_well_information_non_pws/FeatureServer/54,
b196ee4fdba84af9aad2d93d23133c7a_55,arcgis_feature_layer,https://enterprise.gisdata.mn.gov/aghost/rest/services/us_mn_state_health/water_well_information_non_pws/FeatureServer/55,
b196ee4fdba84af9aad2d93d23133c7a_56,arcgis_feature_layer,https://enterprise.gisdata.mn.gov/aghost/rest/services/us_mn_state_health/water_well_information_non_pws/FeatureServer/56,
b196ee4fdba84af9aad2d93d23133c7a_57,arcgis_feature_layer,https://enterprise.gisdata.mn.gov/aghost/rest/services/us_mn_state_health/water_well_information_non_pws/FeatureServer/57,
b196ee4fdba84af9aad2d93d23133c7a_58,arcgis_feature_layer,https://enterprise.gisdata.mn.gov/aghost/rest/services/us_mn_state_health/water_well_information_non_pws/FeatureServer/58,
b196ee4fdba84af9aad2d93d23133c7a_59,arcgis_feature_layer,https://enterprise.gisdata.mn.gov/aghost/rest/services/us_mn_state_health/water_well_information_non_pws/FeatureServer/59,
b196ee4fdba84af9aad2d93d23133c7a_6,arcgis_feature_layer,https://enterprise.gisdata.mn.gov/aghost/rest/services/us_mn_state_health/water_well_information_non_pws/FeatureServer/6,
b196ee4fdba84af9aad2d93d23133c7a_7,arcgis_feature_layer,https://enterprise.gisdata.mn.gov/aghost/rest/services/us_mn_state_health/water_well_information_non_pws/FeatureServer/7,
b196ee4fdba84af9aad2d93d23133c7a_8,arcgis_feature_layer,https://enterprise.gisdata.mn.gov/aghost/rest/services/us_mn_state_health/water_well_information_non_pws/FeatureServer/8,
b196ee4fdba84af9aad2d93d23133c7a_9,arcgis_feature_layer,https://enterprise.gisdata.mn.gov/aghost/rest/services/us_mn_state_health/water_well_information_non_pws/FeatureServer/9,
6ae02e3aa4eb4a669273310f7007b554_1,arcgis_feature_layer,https://arcgis.metc.state.mn.us/data1/rest/services/census/Census_2020_Crosswalk/FeatureServer/1,
fe7af8e3fc584f868f58faf28a284ae5_0,arcgis_feature_layer,https://enterprise.gisdata.mn.gov/aghost/rest/services/us_mn_state_pca/env_impaired_water_2016/FeatureServer/0,
114f4131017e4c66bac93cf89219c3eb_0,arcgis_feature_layer,https://enterprise.gisdata.mn.gov/aghost/rest/services/us_mn_state_dnr/bdry_eastern_seed_zones_mn/FeatureServer/0,
295f92730a234f1ead84e4c0aaad598f_0,arcgis_feature_layer,https://enterprise.gisdata.mn.gov/aghost/rest/services/us_mn_state_dnr/bdry_dnr_waters_admin/FeatureServer/0,
d7224d5e80ac44219605521704a0f23f_0,arcgis_feature_layer,https://enterprise.gisdata.mn.gov/aghost/rest/services/us_mn_state_dnr/bdry_dnr_walk_in_access_sites/FeatureServer/0,
ef9e35e450924acbbaeb90b0342bf886_0,arcgis_feature_layer,https://enterprise.gisdata.mn.gov/aghost/rest/services/us_mn_state_dnr/bdry_dnr_parks_and_trails_admin/FeatureServer/0,
ef9e35e450924acbbaeb90b0342bf886_1,arcgis_feature_layer,https://enterprise.gisdata.mn.gov/aghost/rest/services/us_mn_state_dnr/bdry_dnr_parks_and_trails_admin/FeatureServer/1,
f23a58ca77b74de4a0207b9199c56479_0,arcgis_feature_layer,https://enterprise.gisdata.mn.gov/aghost/rest/services/us_mn_state_dnr/bdry_dnr_forestry_admin/FeatureServer/0,
113ca68f4e184339a9ee4b93ab35bbd4_0,arcgis_feature_layer,https://enterprise.gisdata.mn.gov/aghost/rest/services/us_mn_state_dnr/bdry_dnr_eco_and_water_res_admin/FeatureServer/0,
7dc0e44471104469b517cc225174f0e0_0,arcgis_feature_layer,https://enterprise.gisdata.mn.gov/aghost/rest/services/us_mn_state_dnr/bdry_dnr_apm_areas/FeatureServer/0,
74954ba3604c4ce9bc82f72b1d5e14f5_0,arcgis_feature_layer,https://enterprise.gisdata.mn.gov/aghost/rest/services/us_mn_state_dnr/bdry_dnr_admin_regions/FeatureServer/0,
31ae0cfd54f94892aa07583108f8e4d2_0,arcgis_feature_layer,https://enterprise.gisdata.mn.gov/aghost/rest/services/us_mn_state_dnr/bdry_deer_permit_areas/FeatureServer/0,
047d947ac83b45f39d59da02f5be9bd3_0,arcgis_feature_layer,https://enterprise.gisdata.mn.gov/aghost/rest/services/us_mn_state_dnr/bdry_climate_divisions/FeatureServer/0,
71f721280e7a42c486d434cb847a599b_2,arcgis_feature_layer,https://enterprise.gisdata.mn.gov/aghost/rest/services/us_mn_state_dnr/bdry_boundary_waters_canoe_area/FeatureServer/2,
462a01a51e484076922517cb90e29cf3_0,arcgis_feature_layer,https://enterprise.gisdata.mn.gov/aghost/rest/services/us_mn_state_dnr/bdry_bear_permit_areas/FeatureServer/0,
6d8f394826814dcd84d346534b29d76c_0,arcgis_feature_layer,https://enterprise.gisdata.mn.gov/aghost/rest/services/us_mn_state_dnr/base_historic_airphoto_index/FeatureServer/0,
5ed29d216eb145e4ba0f69456a83500a_0,arcgis_feature_layer,https://enterprise.gisdata.mn.gov/aghost/rest/services/us_mn_state_dnr/base_2009_wsr_oblique_cir_index/FeatureServer/0,
6ae02e3aa4eb4a669273310f7007b554_2,arcgis_feature_layer,https://arcgis.metc.state.mn.us/data1/rest/services/census/Census_2020_Crosswalk/FeatureServer/2,
fe7af8e3fc584f868f58faf28a284ae5_1,arcgis_feature_layer,https://enterprise.gisdata.mn.gov/aghost/rest/services/us_mn_state_pca/env_impaired_water_2016/FeatureServer/1,
de8aeb026769412cb7e8e4ef581cef96_0,arcgis_feature_layer,https://enterprise.gisdata.mn.gov/aghost/rest/services/us_mn_state_health/water_drinking_water_supply/FeatureServer/0,
6ae02e3aa4eb4a669273310f7007b554_3,arcgis_feature_layer,https://arcgis.metc.state.mn.us/data1/rest/services/census/Census_2020_Crosswalk/FeatureServer/3,
fe7af8e3fc584f868f58faf28a284ae5_10,arcgis_feature_layer,https://enterprise.gisdata.mn.gov/aghost/rest/services/us_mn_state_pca/env_impaired_water_2016/FeatureServer/10,
de8aeb026769412cb7e8e4ef581cef96_1,arcgis_feature_layer,https://enterprise.gisdata.mn.gov/aghost/rest/services/us_mn_state_health/water_drinking_water_supply/FeatureServer/1,
6ae02e3aa4eb4a669273310f7007b554_4,arcgis_feature_layer,https://arcgis.metc.state.mn.us/data1/rest/services/census/Census_2020_Crosswalk/FeatureServer/4,
fe7af8e3fc584f868f58faf28a284ae5_11,arcgis_feature_layer,https://enterprise.gisdata.mn.gov/aghost/rest/services/us_mn_state_pca/env_impaired_water_2016/FeatureServer/11,
6ae02e3aa4eb4a669273310f7007b554_5,arcgis_feature_layer,https://arcgis.metc.state.mn.us/data1/rest/services/census/Census_2020_Crosswalk/FeatureServer/5,
fe7af8e3fc584f868f58faf28a284ae5_2,arcgis_feature_layer,https://enterprise.gisdata.mn.gov/aghost/rest/services/us_mn_state_pca/env_impaired_water_2016/FeatureServer/2,
439fa95550fc421b84973335fe21eb27_0,arcgis_feature_layer,https://enterprise.gisdata.mn.gov/aghost/rest/services/us_mn_state_mngeo/bdry_state_of_minnesota/FeatureServer/0,
8159243e8b024922b3a2ea19b0c899dd_0,arcgis_feature_layer,https://enterprise.gisdata.mn.gov/aghost/rest/services/us_mn_state_dnr/water_mn_public_waters/FeatureServer/0,
8159243e8b024922b3a2ea19b0c899dd_1,arcgis_feature_layer,https://enterprise.gisdata.mn.gov/aghost/rest/services/us_mn_state_dnr/water_mn_public_waters/FeatureServer/1,
91b9fef7838540c58816b3e3551c25c8_0,arcgis_feature_layer,https://enterprise.gisdata.mn.gov/aghost/rest/services/us_mn_state_dnr/water_dnr_fema_dfirm/FeatureServer/0,
91b9fef7838540c58816b3e3551c25c8_1,arcgis_feature_layer,https://enterprise.gisdata.mn.gov/aghost/rest/services/us_mn_state_dnr/water_dnr_fema_dfirm/FeatureServer/1,
91b9fef7838540c58816b3e3551c25c8_2,arcgis_feature_layer,https://enterprise.gisdata.mn.gov/aghost/rest/services/us_mn_state_dnr/water_dnr_fema_dfirm/FeatureServer/2,
91b9fef7838540c58816b3e3551c25c8_3,arcgis_feature_layer,https://enterprise.gisdata.mn.gov/aghost/rest/services/us_mn_state_dnr/water_dnr_fema_dfirm/FeatureServer/3,
6ae02e3aa4eb4a669273310f7007b554_6,arcgis_feature_layer,https://arcgis.metc.state.mn.us/data1/rest/services/census/Census_2020_Crosswalk/FeatureServer/6,
fe7af8e3fc584f868f58faf28a284ae5_3,arcgis_feature_layer,https://enterprise.gisdata.mn.gov/aghost/rest/services/us_mn_state_pca/env_impaired_water_2016/FeatureServer/3,
91b9fef7838540c58816b3e3551c25c8_4,arcgis_feature_layer,https://enterprise.gisdata.mn.gov/aghost/rest/services/us_mn_state_dnr/water_dnr_fema_dfirm/FeatureServer/4,
91b9fef7838540c58816b3e3551c25c8_5,arcgis_feature_layer,https://enterprise.gisdata.mn.gov/aghost/rest/services/us_mn_state_dnr/water_dnr_fema_dfirm/FeatureServer/5,
91b9fef7838540c58816b3e3551c25c8_6,arcgis_feature_layer,https://enterprise.gisdata.mn.gov/aghost/rest/services/us_mn_state_dnr/water_dnr_fema_dfirm/FeatureServer/6,
91b9fef7838540c58816b3e3551c25c8_7,arcgis_feature_layer,https://enterprise.gisdata.mn.gov/aghost/rest/services/us_mn_state_dnr/water_dnr_fema_dfirm/FeatureServer/7,
e21f9058e0504a99b118273c8a433b7d_0,arcgis_feature_layer,https://enterprise.gisdata.mn.gov/aghost/rest/services/us_mn_state_dnr/struc_mn_dams_inventory_pub/FeatureServer/0,
d31253eecfae4158a7c19c37b5fe4bdb_0,arcgis_feature_layer,https://enterprise.gisdata.mn.gov/aghost/rest/services/us_mn_state_dnr/geos_karst_feature_inventory_pts/FeatureServer/0,
d31253eecfae4158a7c19c37b5fe4bdb_1,arcgis_feature_layer,https://enterprise.gisdata.mn.gov/aghost/rest/services/us_mn_state_dnr/geos_karst_feature_inventory_pts/FeatureServer/1,
d31253eecfae4158a7c19c37b5fe4bdb_2,arcgis_feature_layer,https://enterprise.gisdata.mn.gov/aghost/rest/services/us_mn_state_dnr/geos_karst_feature_inventory_pts/FeatureServer/2,
89297213073247bc84a58dfdd6fe5ca6_0,arcgis_feature_layer,https://enterprise.gisdata.mn.gov/aghost/rest/services/us_mn_state_dnr/env_wildfires_tracked_by_mndnr/FeatureServer/0,
91d8ff04ca1e4f24b1849abba8d1d7db_0,arcgis_feature_layer,https://enterprise.gisdata.mn.gov/aghost/rest/services/us_mn_state_dnr/env_invasive_terrestrial_obs/FeatureServer/0,
91d8ff04ca1e4f24b1849abba8d1d7db_1,arcgis_feature_layer,https://enterprise.gisdata.mn.gov/aghost/rest/services/us_mn_state_dnr/env_invasive_terrestrial_obs/FeatureServer/1,
91d8ff04ca1e4f24b1849abba8d1d7db_10,arcgis_feature_layer,https://enterprise.gisdata.mn.gov/aghost/rest/services/us_mn_state_dnr/env_invasive_terrestrial_obs/FeatureServer/10,
91d8ff04ca1e4f24b1849abba8d1d7db_11,arcgis_feature_layer,https://enterprise.gisdata.mn.gov/aghost/rest/services/us_mn_state_dnr/env_invasive_terrestrial_obs/FeatureServer/11,
91d8ff04ca1e4f24b1849abba8d1d7db_12,arcgis_feature_layer,https://enterprise.gisdata.mn.gov/aghost/rest/services/us_mn_state_dnr/env_invasive_terrestrial_obs/FeatureServer/12,
91d8ff04ca1e4f24b1849abba8d1d7db_13,arcgis_feature_layer,https://enterprise.gisdata.mn.gov/aghost/rest/services/us_mn_state_dnr/env_invasive_terrestrial_obs/FeatureServer/13,
91d8ff04ca1e4f24b1849abba8d1d7db_2,arcgis_feature_layer,https://enterprise.gisdata.mn.gov/aghost/rest/services/us_mn_state_dnr/env_invasive_terrestrial_obs/FeatureServer/2,
91d8ff04ca1e4f24b1849abba8d1d7db_3,arcgis_feature_layer,https://enterprise.gisdata.mn.gov/aghost/rest/services/us_mn_state_dnr/env_invasive_terrestrial_obs/FeatureServer/3,
91d8ff04ca1e4f24b1849abba8d1d7db_4,arcgis_feature_layer,https://enterprise.gisdata.mn.gov/aghost/rest/services/us_mn_state_dnr/env_invasive_terrestrial_obs/FeatureServer/4,
91d8ff04ca1e4f24b1849abba8d1d7db_5,arcgis_feature_layer,https://enterprise.gisdata.mn.gov/aghost/rest/services/us_mn_state_dnr/env_invasive_terrestrial_obs/FeatureServer/5,
91d8ff04ca1e4f24b1849abba8d1d7db_6,arcgis_feature_layer,https://enterprise.gisdata.mn.gov/aghost/rest/services/us_mn_state_dnr/env_invasive_terrestrial_obs/FeatureServer/6,
6ae02e3aa4eb4a669273310f7007b554_7,arcgis_feature_layer,https://arcgis.metc.state.mn.us/data1/rest/services/census/Census_2020_Crosswalk/FeatureServer/7,
fe7af8e3fc584f868f58faf28a284ae5_4,arcgis_feature_layer,https://enterprise.gisdata.mn.gov/aghost/rest/services/us_mn_state_pca/env_impaired_water_2016/FeatureServer/4,
91d8ff04ca1e4f24b1849abba8d1d7db_7,arcgis_feature_layer,https://enterprise.gisdata.mn.gov/aghost/rest/services/us_mn_state_dnr/env_invasive_terrestrial_obs/FeatureServer/7,
91d8ff04ca1e4f24b1849abba8d1d7db_8,arcgis_feature_layer,https://enterprise.gisdata.mn.gov/aghost/rest/services/us_mn_state_dnr/env_invasive_terrestrial_obs/FeatureServer/8,
91d8ff04ca1e4f24b1849abba8d1d7db_9,arcgis_feature_layer,https://enterprise.gisdata.mn.gov/aghost/rest/services/us_mn_state_dnr/env_invasive_terrestrial_obs/FeatureServer/9,
caf847f24e0548d486ad744b488188c9_0,arcgis_feature_layer,https://enterprise.gisdata.mn.gov/aghost/rest/services/us_mn_state_dnr/env_invasive_aquatic_obs/FeatureServer/0,
caf847f24e0548d486ad744b488188c9_1,arcgis_feature_layer,https://enterprise.gisdata.mn.gov/aghost/rest/services/us_mn_state_dnr/env_invasive_aquatic_obs/FeatureServer/1,
caf847f24e0548d486ad744b488188c9_2,arcgis_feature_layer,https://enterprise.gisdata.mn.gov/aghost/rest/services/us_mn_state_dnr/env_invasive_aquatic_obs/FeatureServer/2,
caf847f24e0548d486ad744b488188c9_3,arcgis_feature_layer,https://enterprise.gisdata.mn.gov/aghost/rest/services/us_mn_state_dnr/env_invasive_aquatic_obs/FeatureServer/3,
caf847f24e0548d486ad744b488188c9_4,arcgis_feature_layer,https://enterprise.gisdata.mn.gov/aghost/rest/services/us_mn_state_dnr/env_invasive_aquatic_obs/FeatureServer/4,
caf847f24e0548d486ad744b488188c9_5,arcgis_feature_layer,https://enterprise.gisdata.mn.gov/aghost/rest/services/us_mn_state_dnr/env_invasive_aquatic_obs/FeatureServer/5,
caf847f24e0548d486ad744b488188c9_6,arcgis_feature_layer,https://enterprise.gisdata.mn.gov/aghost/rest/services/us_mn_state_dnr/env_invasive_aquatic_obs/FeatureServer/6,
caf847f24e0548d486ad744b488188c9_7,arcgis_feature_layer,https://enterprise.gisdata.mn.gov/aghost/rest/services/us_mn_state_dnr/env_invasive_aquatic_obs/FeatureServer/7,
caf847f24e0548d486ad744b488188c9_8,arcgis_feature_layer,https://enterprise.gisdata.mn.gov/aghost/rest/services/us_mn_state_dnr/env_invasive_aquatic_obs/FeatureServer/8,
6ae02e3aa4eb4a669273310f7007b554_8,arcgis_feature_layer,https://arcgis.metc.state.mn.us/data1/rest/services/census/Census_2020_Crosswalk/FeatureServer/8,
c4cc41295c49483eb818bc9a493f4766_0,arcgis_feature_layer,https://webgis.dot.state.mn.us/65agsf1/rest/services/sdw_trans/STREET_NAME/FeatureServer/0,
774310298d3e42ddbaef35c4eb6608d1_0,arcgis_feature_layer,https://webgis.dot.state.mn.us/65agsf1/rest/services/sdw_trans/STATUTORY_ROUTE/FeatureServer/0,
d1f0e952a71744fd9d8dbb422914b4b6_0,arcgis_feature_layer,https://webgis.dot.state.mn.us/65agsf1/rest/services/sdw_trans/ROUTES_STATE_AID/FeatureServer/0,
a5201776c89e4382a831f3084939fd45_3,arcgis_feature_layer,https://arcgis.metc.state.mn.us/data2/rest/services/transportation/Bike_Pedestrian/FeatureServer/3,
7b979ffa58224b169cb8f957f775558f_4,arcgis_feature_layer,https://arcgis.metc.state.mn.us/data2/rest/services/transportation/Bike_Pedestrian/FeatureServer/4,
3bf24fda3ca34002b8748e5343b0bdf0_0,arcgis_feature_layer,https://arcgis.metc.state.mn.us/data2/rest/services/transportation/Bike_Pedestrian/FeatureServer/0,
4dde06c524844bb69e091b9b7e9f45dc_0,arcgis_feature_layer,https://webgis.dot.state.mn.us/65agsf1/rest/services/sdw_incdt/SHOULDER_UNPAVED_LEFT/FeatureServer/0,
4240b78f99c64d4c962032a9bcc43425_0,arcgis_feature_layer,https://webgis.dot.state.mn.us/65agsf1/rest/services/sdw_incdt/SHOULDER_PAVED_LEFT/FeatureServer/0,
afddf9d4a09847bf8c5948982b342439_0,arcgis_feature_layer,https://webgis.dot.state.mn.us/65agsf1/rest/services/sdw_incdt/SHOULDER_PAVED_RIGHT/FeatureServer/0,
fe7af8e3fc584f868f58faf28a284ae5_5,arcgis_feature_layer,https://enterprise.gisdata.mn.gov/aghost/rest/services/us_mn_state_pca/env_impaired_water_2016/FeatureServer/5,
82b97e4746934c41a61c173d56ce43f0_0,arcgis_feature_layer,https://webgis.dot.state.mn.us/65agsf1/rest/services/sdw_incdt/BASIC_PAVEMENT_TYPE/FeatureServer/0,
21ad3dce436f43fbb81ccbda1ea97629_0,arcgis_feature_layer,https://webgis.dot.state.mn.us/65agsf1/rest/services/sdw_trans/ROUNDABOUTS/FeatureServer/0,
0312b408dce547e488af5f96fe5dcf65_0,arcgis_feature_layer,https://webgis.dot.state.mn.us/65agsf1/rest/services/sdw_incdt/PARKING_RIGHT/FeatureServer/0,
3e1b8848022d487f85f1a62af8de83e1_0,arcgis_feature_layer,https://webgis.dot.state.mn.us/65agsf1/rest/services/sdw_incdt/PARKING_LEFT/FeatureServer/0,
4b3fadb78a404aec99b4ef8dc057770a_0,arcgis_feature_layer,https://webgis.dot.state.mn.us/65agsf1/rest/services/sdw_trans/ROUTES_PRIMARY/FeatureServer/0,
dd3c8b62a23b4034ade4be5d21faaf22_0,arcgis_feature_layer,https://webgis.dot.state.mn.us/65agsf1/rest/services/sdw_govnt/WINTER_MAINTENANCE_SUBDISTRICT/FeatureServer/0,
a7eed6bd8a24474ba340a31e49891bbc_0,arcgis_feature_layer,https://webgis.dot.state.mn.us/65agsf1/rest/services/sdw_govnt/WINTER_MAINTENANCE_SUBAREAS/FeatureServer/0,
d0a7599e9d5e48a1b7f208d16b578c97_0,arcgis_feature_layer,https://webgis.dot.state.mn.us/65agsf1/rest/services/sdw_govnt/SUMMER_MAINTENANCE_SUBAREAS/FeatureServer/0,
924fddcfe1c94cfd8ad12d7f7ba78da4_0,arcgis_feature_layer,https://webgis.dot.state.mn.us/65agsf1/rest/services/sdw_govnt/SUMMER_MAINTENANCE_SUBDISTRICT/FeatureServer/0,
fb6168c4078e4f61bccb69fa4b702afb_0,arcgis_feature_layer,https://webgis.dot.state.mn.us/65agsf1/rest/services/sdw_trans/ROUTES/FeatureServer/0,
50d0361beeb941388ac5bb8622f1dd7c_0,arcgis_feature_layer,https://webgis.dot.state.mn.us/65agsf1/rest/services/sdw_incdt/CONTROL_SECTION/FeatureServer/0,
0bb81f4c333340869c06ba51bc93e0f9_0,arcgis_feature_layer,https://webgis.dot.state.mn.us/65agsf1/rest/services/sdw_govnt/JURISDICTIONAL_CROSSWALK/FeatureServer/0,
8de949297c694b9596934167bcc966ff_0,arcgis_feature_layer,https://webgis.dot.state.mn.us/65agsf1/rest/services/sdw_incdt/MEDIAN/FeatureServer/0,
124e7800617c42feb30432fb7d60d486_0,arcgis_feature_layer,https://webgis.dot.state.mn.us/65agsf1/rest/services/sdw_trans/MEMORIAL_ROUTE/FeatureServer/0,
039b90caac6c4b84be1ec78f8b03e7e2_0,arcgis_feature_layer,https://webgis.dot.state.mn.us/65agsf1/rest/services/sdw_govnt/CONSTRUCTION_DISTRICT/FeatureServer/0,
918c58ec22ec400f8ff03bb4c0ece4af_0,arcgis_feature_layer,https://webgis.dot.state.mn.us/65agsf1/rest/services/sdw_infra/REFERENCE_POST/FeatureServer/0,
3e4273117efd428796ad311a2178caee_0,arcgis_feature_layer,https://webgis.dot.state.mn.us/65agsf1/rest/services/sdw_incdt/CURB/FeatureServer/0,
fe7af8e3fc584f868f58faf28a284ae5_6,arcgis_feature_layer,https://enterprise.gisdata.mn.gov/aghost/rest/services/us_mn_state_pca/env_impaired_water_2016/FeatureServer/6,
113c66da1d374bf489267745e0720221_0,arcgis_feature_layer,https://webgis.dot.state.mn.us/65agsf1/rest/services/sdw_trans/COINCIDENT_ROUTE/FeatureServer/0,
ada7d5c6a73e4eba9f9984915f24506c_0,arcgis_feature_layer,https://webgis.dot.state.mn.us/65agsf1/rest/services/sdw_incdt/ADDITIONAL_LANE_RIGHT/FeatureServer/0,
bc50aaf9f06149e9ab2d52d581370e63_0,arcgis_feature_layer,https://webgis.dot.state.mn.us/65agsf1/rest/services/sdw_incdt/ADDITIONAL_LANE_LEFT/FeatureServer/0,
c5ef350f4dc3456db09f5aca8e8afb3b_0,arcgis_feature_layer,https://webgis.dot.state.mn.us/65agsf1/rest/services/sdw_incdt/TOLL/FeatureServer/0,
989e33190dad45cebea971106c2b4551_0,arcgis_feature_layer,https://webgis.dot.state.mn.us/65agsf1/rest/services/sdw_incdt/TRAFFIC_ACCESS_CONTRL/FeatureServer/0,
0da569b08c9e4caeadea2ac174bbd9a5_0,arcgis_feature_layer,https://webgis.dot.state.mn.us/65agsf1/rest/services/sdw_infra/ROADWAY_WEATHER_INFO_SITES/FeatureServer/0,
baa61669bfb1471492b9e95962ca92d4_0,arcgis_feature_layer,https://webgis.dot.state.mn.us/65agsf1/rest/services/sdw_trans/STATE_AID_NONEXISTENT_ROUTE/FeatureServer/0,
42923bcddafe4909b4eed0a03dea893a_0,arcgis_feature_layer,https://webgis.dot.state.mn.us/65agsf1/rest/services/sdw_incdt/AADT_SEGMENT_CURRENT/FeatureServer/0,
1f76b5d407cb442994bc57a636de07f4_0,arcgis_feature_layer,https://webgis.dot.state.mn.us/65agsf1/rest/services/sdw_incdt/NATL_TRUCK_NETWORK/FeatureServer/0,
7382aa57b0d0471da6a34929ff445253_0,arcgis_feature_layer,https://webgis.dot.state.mn.us/65agsf1/rest/services/sdw_incdt/FACILITY_TYPE/FeatureServer/0,
e059ccb81dcc440ab1b3733e19060b3e_0,arcgis_feature_layer,https://webgis.dot.state.mn.us/65agsf1/rest/services/sdw_govnt/REGIONAL_DEVELOPMENT_ORG/FeatureServer/0,
6d6ae6c4dfe1407fa0efc914c12895e7_0,arcgis_feature_layer,https://webgis.dot.state.mn.us/65agsf1/rest/services/sdw_incdt/NHS/FeatureServer/0,
bca87a397c794879a0663b2b290c1133_0,arcgis_feature_layer,https://services.arcgis.com/3x9exxBaH0fQHR1s/arcgis/rest/services/FillmoreCountyParcels_20260702/FeatureServer/0,
f9e32539acb94053a9c172e95fca5fa8_0,arcgis_feature_layer,https://webgis.dot.state.mn.us/65agsf1/rest/services/sdw_infra/MNDOT_FACILITIES/FeatureServer/0,
9b8a7a723a49403d95ceb1fc2f70b292_0,arcgis_feature_layer,https://webgis.dot.state.mn.us/65agsf1/rest/services/sdw_govnt/METRO_PLANNING_AREA/FeatureServer/0,
e3e95e64d5a4452aab998c3a94eb2e8f_0,arcgis_feature_layer,https://webgis.dot.state.mn.us/65agsf1/rest/services/sdw_incdt/HOV/FeatureServer/0,
43e0c7618c534fe5a1f5cd3378194f4d_0,arcgis_feature_layer,https://webgis.dot.state.mn.us/65agsf1/rest/services/sdw_incdt/FUNCTIONAL_CLASS/FeatureServer/0,
f53af12d8b144f1d9f198e33b73acf13_0,arcgis_feature_layer,https://webgis.dot.state.mn.us/65agsf1/rest/services/sdw_incdt/FEDERAL_URBAN_CODE/FeatureServer/0,
ac3bb27d04fb45bfaecf62ee36614c4d_0,arcgis_feature_layer,https://webgis.dot.state.mn.us/65agsf1/rest/services/sdw_govnt/CITIES/FeatureServer/0,
d204aeb1d3b4431a8b468b6b14908397_0,arcgis_feature_layer,https://webgis.dot.state.mn.us/65agsf1/rest/services/sdw_govnt/FED_ADJUST_URBAN_AREA/FeatureServer/0,
ab5055c738bd41318a47ba1837e9eb30_0,arcgis_feature_layer,https://webgis.dot.state.mn.us/65agsf1/rest/services/sdw_govnt/ATP_DISTRICT/FeatureServer/0,
182b48fd464544f188160d9063aa659b_0,arcgis_feature_layer,https://webgis.dot.state.mn.us/65agsf1/rest/services/sdw_infra/BRIDGES/FeatureServer/0,
fe7af8e3fc584f868f58faf28a284ae5_7,arcgis_feature_layer,https://enterprise.gisdata.mn.gov/aghost/rest/services/us_mn_state_pca/env_impaired_water_2016/FeatureServer/7,
a348d5cb9d3b49a1bccc2560730d4cbe_0,arcgis_feature_layer,https://webgis.dot.state.mn.us/65agsf1/rest/services/sdw_trans/AIRPORT_INFLUENCE_AREAS/FeatureServer/0,
a60212250c3546a6a433ac9d18944f59_0,arcgis_feature_layer,https://webgis.dot.state.mn.us/65agsf1/rest/services/sdw_trans/AIRPORT_RUNWAY/FeatureServer/0,
8a017ba1148f488cb2c7cf8330764d5b_0,arcgis_feature_layer,https://webgis.dot.state.mn.us/65agsf1/rest/services/sdw_incdt/HCAADT_HISTORY/FeatureServer/0,
f3e04d902eeb45ee90a7c6da04a4d718_0,arcgis_feature_layer,https://webgis.dot.state.mn.us/65agsf1/rest/services/sdw_incdt/AADT_HISTORY_SAMPLED/FeatureServer/0,
223c1fe1cdb74668910c0568660bf7a8_0,arcgis_feature_layer,https://webgis.dot.state.mn.us/65agsf1/rest/services/sdw_trans/AIRPORT/FeatureServer/0,
7e6ab49c68094f12afa2deb5094461f4_1,arcgis_feature_layer,https://arcgis.metc.state.mn.us/data1/rest/services/agriculture/Ag_Preserves/FeatureServer/1,
7e1dc13aa91242aea8746a37a793c6dd_0,arcgis_feature_layer,https://enterprise.gisdata.mn.gov/aghost/rest/services/Hosted/Public_Drainage_Systems_Hydrography_Brown_County_Minnesota/FeatureServer/0,
7e1dc13aa91242aea8746a37a793c6dd_1,arcgis_feature_layer,https://enterprise.gisdata.mn.gov/aghost/rest/services/Hosted/Public_Drainage_Systems_Hydrography_Brown_County_Minnesota/FeatureServer/1,
7e1dc13aa91242aea8746a37a793c6dd_2,arcgis_feature_layer,https://enterprise.gisdata.mn.gov/aghost/rest/services/Hosted/Public_Drainage_Systems_Hydrography_Brown_County_Minnesota/FeatureServer/2,
7e1dc13aa91242aea8746a37a793c6dd_3,arcgis_feature_layer,https://enterprise.gisdata.mn.gov/aghost/rest/services/Hosted/Public_Drainage_Systems_Hydrography_Brown_County_Minnesota/FeatureServer/3,
0fa7cdfb27fc4d2f89dc1418e3634541_0,arcgis_feature_layer,https://enterprise.gisdata.mn.gov/aghost/rest/services/Hosted/geos_landslide_inventory/FeatureServer/0,
0fa7cdfb27fc4d2f89dc1418e3634541_1,arcgis_feature_layer,https://enterprise.gisdata.mn.gov/aghost/rest/services/Hosted/geos_landslide_inventory/FeatureServer/1,
0fa7cdfb27fc4d2f89dc1418e3634541_2,arcgis_feature_layer,https://enterprise.gisdata.mn.gov/aghost/rest/services/Hosted/geos_landslide_inventory/FeatureServer/2,
0fa7cdfb27fc4d2f89dc1418e3634541_3,arcgis_feature_layer,https://enterprise.gisdata.mn.gov/aghost/rest/services/Hosted/geos_landslide_inventory/FeatureServer/3,
0fa7cdfb27fc4d2f89dc1418e3634541_4,arcgis_feature_layer,https://enterprise.gisdata.mn.gov/aghost/rest/services/Hosted/geos_landslide_inventory/FeatureServer/4,
0fa7cdfb27fc4d2f89dc1418e3634541_5,arcgis_feature_layer,https://enterprise.gisdata.mn.gov/aghost/rest/services/Hosted/geos_landslide_inventory/FeatureServer/5,
7165bef203de488bb45a6fc233e3ded8_0,arcgis_feature_layer,https://gis.wasecacounty.gov/arcgis/rest/services/Public/Cadastral/FeatureServer/0,
557c02d3b50042dd9fda6a9f8424052a_0,arcgis_feature_layer,https://arcgis.metc.state.mn.us/data1/rest/services/location/Address_Points/FeatureServer/0,
136b28bd0d874076b702ca55b9aafffc_0,arcgis_feature_layer,https://arcgis.metc.state.mn.us/data1/rest/services/parcels/Parcels/FeatureServer/0,
136b28bd0d874076b702ca55b9aafffc_1,arcgis_feature_layer,https://arcgis.metc.state.mn.us/data1/rest/services/parcels/Parcels/FeatureServer/1,
136b28bd0d874076b702ca55b9aafffc_2,arcgis_feature_layer,https://arcgis.metc.state.mn.us/data1/rest/services/parcels/Parcels/FeatureServer/2,
fe7af8e3fc584f868f58faf28a284ae5_8,arcgis_feature_layer,https://enterprise.gisdata.mn.gov/aghost/rest/services/us_mn_state_pca/env_impaired_water_2016/FeatureServer/8,
136b28bd0d874076b702ca55b9aafffc_3,arcgis_feature_layer,https://arcgis.metc.state.mn.us/data1/rest/services/parcels/Parcels/FeatureServer/3,
136b28bd0d874076b702ca55b9aafffc_4,arcgis_feature_layer,https://arcgis.metc.state.mn.us/data1/rest/services/parcels/Parcels/FeatureServer/4,
136b28bd0d874076b702ca55b9aafffc_5,arcgis_feature_layer,https://arcgis.metc.state.mn.us/data1/rest/services/parcels/Parcels/FeatureServer/5,
136b28bd0d874076b702ca55b9aafffc_6,arcgis_feature_layer,https://arcgis.metc.state.mn.us/data1/rest/services/parcels/Parcels/FeatureServer/6,
27d9f56cfec6454688110d08ae6826a0_0,arcgis_feature_layer,https://arcgis.metc.state.mn.us/data1/rest/services/parcels/Parcels_2025/FeatureServer/0,
27d9f56cfec6454688110d08ae6826a0_1,arcgis_feature_layer,https://arcgis.metc.state.mn.us/data1/rest/services/parcels/Parcels_2025/FeatureServer/1,
27d9f56cfec6454688110d08ae6826a0_2,arcgis_feature_layer,https://arcgis.metc.state.mn.us/data1/rest/services/parcels/Parcels_2025/FeatureServer/2,
fe7af8e3fc584f868f58faf28a284ae5_9,arcgis_feature_layer,https://enterprise.gisdata.mn.gov/aghost/rest/services/us_mn_state_pca/env_impaired_water_2016/FeatureServer/9,
8704715f6f0d492385c8eafa33edeb5d_0,arcgis_feature_layer,https://enterprise.gisdata.mn.gov/aghost/rest/services/us_mn_state_pca/env_impaired_water_2014/FeatureServer/0,
8704715f6f0d492385c8eafa33edeb5d_1,arcgis_feature_layer,https://enterprise.gisdata.mn.gov/aghost/rest/services/us_mn_state_pca/env_impaired_water_2014/FeatureServer/1,
8704715f6f0d492385c8eafa33edeb5d_2,arcgis_feature_layer,https://enterprise.gisdata.mn.gov/aghost/rest/services/us_mn_state_pca/env_impaired_water_2014/FeatureServer/2,
8704715f6f0d492385c8eafa33edeb5d_3,arcgis_feature_layer,https://enterprise.gisdata.mn.gov/aghost/rest/services/us_mn_state_pca/env_impaired_water_2014/FeatureServer/3,
8704715f6f0d492385c8eafa33edeb5d_4,arcgis_feature_layer,https://enterprise.gisdata.mn.gov/aghost/rest/services/us_mn_state_pca/env_impaired_water_2014/FeatureServer/4,
8704715f6f0d492385c8eafa33edeb5d_5,arcgis_feature_layer,https://enterprise.gisdata.mn.gov/aghost/rest/services/us_mn_state_pca/env_impaired_water_2014/FeatureServer/5,
5434b8ee63a548de8ef253d07e5c2a35_0,arcgis_feature_layer,https://enterprise.gisdata.mn.gov/aghost/rest/services/us_mn_state_pca/env_impaired_streams_2012/FeatureServer/0,
9f0c08307ce14c8fb23dec156e71854f_0,arcgis_feature_layer,https://enterprise.gisdata.mn.gov/aghost/rest/services/us_mn_state_pca/env_impaired_lakes_2012/FeatureServer/0,
9f0c08307ce14c8fb23dec156e71854f_1,arcgis_feature_layer,https://enterprise.gisdata.mn.gov/aghost/rest/services/us_mn_state_pca/env_impaired_lakes_2012/FeatureServer/1,
e1a52ed4955946399bccbb16c6f24d53_0,arcgis_feature_layer,https://enterprise.gisdata.mn.gov/aghost/rest/services/us_mn_state_pca/env_impaired_lakes_2010/FeatureServer/0,
e1a52ed4955946399bccbb16c6f24d53_1,arcgis_feature_layer,https://enterprise.gisdata.mn.gov/aghost/rest/services/us_mn_state_pca/env_impaired_lakes_2010/FeatureServer/1,
ae5acd1baae3433390320d7cf1b7d038_0,arcgis_feature_layer,https://enterprise.gisdata.mn.gov/aghost/rest/services/us_mn_state_pca/env_feedlot_vuln_gw_areas/FeatureServer/0,
b27b9c736d74425e8e44f0e360c22567_0,arcgis_feature_layer,https://enterprise.gisdata.mn.gov/aghost/rest/services/us_mn_state_pca/env_ej_mpca_census/FeatureServer/0,
b27b9c736d74425e8e44f0e360c22567_1,arcgis_feature_layer,https://enterprise.gisdata.mn.gov/aghost/rest/services/us_mn_state_pca/env_ej_mpca_census/FeatureServer/1,
82b24f41e4da45ecae257e961eb787c0_1,arcgis_feature_layer,https://services9.arcgis.com/LLh6i97mwBitl1k5/arcgis/rest/services/Current_Minnesota_Local_General_Sales_and_Use_Tax_Area_Boundaries_2026Q4/FeatureServer/1,
82b24f41e4da45ecae257e961eb787c0_2,arcgis_feature_layer,https://services9.arcgis.com/LLh6i97mwBitl1k5/arcgis/rest/services/Current_Minnesota_Local_General_Sales_and_Use_Tax_Area_Boundaries_2026Q4/FeatureServer/2,
72162081e03b4ccca9cddd44cbed2dbf_0,arcgis_feature_layer,https://enterprise.gisdata.mn.gov/aghost/rest/services/us_mn_state_pca/env_closed_landfill/FeatureServer/0,
72162081e03b4ccca9cddd44cbed2dbf_1,arcgis_feature_layer,https://enterprise.gisdata.mn.gov/aghost/rest/services/us_mn_state_pca/env_closed_landfill/FeatureServer/1,
72162081e03b4ccca9cddd44cbed2dbf_2,arcgis_feature_layer,https://enterprise.gisdata.mn.gov/aghost/rest/services/us_mn_state_pca/env_closed_landfill/FeatureServer/2,
72162081e03b4ccca9cddd44cbed2dbf_3,arcgis_feature_layer,https://enterprise.gisdata.mn.gov/aghost/rest/services/us_mn_state_pca/env_closed_landfill/FeatureServer/3,
afc3957e9c784a6cab13370f17be8ad7_0,arcgis_feature_layer,https://enterprise.gisdata.mn.gov/aghost/rest/services/us_mn_state_pca/env_assessed_wetlands_2012/FeatureServer/0,
afc3957e9c784a6cab13370f17be8ad7_1,arcgis_feature_layer,https://enterprise.gisdata.mn.gov/aghost/rest/services/us_mn_state_pca/env_assessed_wetlands_2012/FeatureServer/1,
1d559f4e7ab34c45a41aba3f7faa22ef_0,arcgis_feature_layer,https://enterprise.gisdata.mn.gov/aghost/rest/services/us_mn_state_pca/env_assessed_wetlands_2010/FeatureServer/0,
220692cbd6ba43d299fa60a0f8ef5df5_0,arcgis_feature_layer,https://enterprise.gisdata.mn.gov/aghost/rest/services/us_mn_state_pca/env_assessed_water_2026_draft/FeatureServer/0,
220692cbd6ba43d299fa60a0f8ef5df5_1,arcgis_feature_layer,https://enterprise.gisdata.mn.gov/aghost/rest/services/us_mn_state_pca/env_assessed_water_2026_draft/FeatureServer/1,
220692cbd6ba43d299fa60a0f8ef5df5_2,arcgis_feature_layer,https://enterprise.gisdata.mn.gov/aghost/rest/services/us_mn_state_pca/env_assessed_water_2026_draft/FeatureServer/2,
220692cbd6ba43d299fa60a0f8ef5df5_3,arcgis_feature_layer,https://enterprise.gisdata.mn.gov/aghost/rest/services/us_mn_state_pca/env_assessed_water_2026_draft/FeatureServer/3,
220692cbd6ba43d299fa60a0f8ef5df5_4,arcgis_feature_layer,https://enterprise.gisdata.mn.gov/aghost/rest/services/us_mn_state_pca/env_assessed_water_2026_draft/FeatureServer/4,
220692cbd6ba43d299fa60a0f8ef5df5_5,arcgis_feature_layer,https://enterprise.gisdata.mn.gov/aghost/rest/services/us_mn_state_pca/env_assessed_water_2026_draft/FeatureServer/5,
cbda80aab4d84ee58e8c4d7010ad6c7e_0,arcgis_feature_layer,https://enterprise.gisdata.mn.gov/aghost/rest/services/us_mn_state_pca/env_assessed_water_2024/FeatureServer/0,
cbda80aab4d84ee58e8c4d7010ad6c7e_1,arcgis_feature_layer,https://enterprise.gisdata.mn.gov/aghost/rest/services/us_mn_state_pca/env_assessed_water_2024/FeatureServer/1,
cbda80aab4d84ee58e8c4d7010ad6c7e_2,arcgis_feature_layer,https://enterprise.gisdata.mn.gov/aghost/rest/services/us_mn_state_pca/env_assessed_water_2024/FeatureServer/2,
cbda80aab4d84ee58e8c4d7010ad6c7e_3,arcgis_feature_layer,https://enterprise.gisdata.mn.gov/aghost/rest/services/us_mn_state_pca/env_assessed_water_2024/FeatureServer/3,
cbda80aab4d84ee58e8c4d7010ad6c7e_4,arcgis_feature_layer,https://enterprise.gisdata.mn.gov/aghost/rest/services/us_mn_state_pca/env_assessed_water_2024/FeatureServer/4,
cbda80aab4d84ee58e8c4d7010ad6c7e_5,arcgis_feature_layer,https://enterprise.gisdata.mn.gov/aghost/rest/services/us_mn_state_pca/env_assessed_water_2024/FeatureServer/5,
6162bf1e3145488fa25f69b50ed84944_0,arcgis_feature_layer,https://enterprise.gisdata.mn.gov/aghost/rest/services/us_mn_state_pca/env_assessed_water_2022/FeatureServer/0,
6162bf1e3145488fa25f69b50ed84944_1,arcgis_feature_layer,https://enterprise.gisdata.mn.gov/aghost/rest/services/us_mn_state_pca/env_assessed_water_2022/FeatureServer/1,
6162bf1e3145488fa25f69b50ed84944_2,arcgis_feature_layer,https://enterprise.gisdata.mn.gov/aghost/rest/services/us_mn_state_pca/env_assessed_water_2022/FeatureServer/2,
6162bf1e3145488fa25f69b50ed84944_3,arcgis_feature_layer,https://enterprise.gisdata.mn.gov/aghost/rest/services/us_mn_state_pca/env_assessed_water_2022/FeatureServer/3,
6162bf1e3145488fa25f69b50ed84944_4,arcgis_feature_layer,https://enterprise.gisdata.mn.gov/aghost/rest/services/us_mn_state_pca/env_assessed_water_2022/FeatureServer/4,
6162bf1e3145488fa25f69b50ed84944_5,arcgis_feature_layer,https://enterprise.gisdata.mn.gov/aghost/rest/services/us_mn_state_pca/env_assessed_water_2022/FeatureServer/5,
5a003821845e49e5bdeedbb0e5db7162_0,arcgis_feature_layer,https://enterprise.gisdata.mn.gov/aghost/rest/services/us_mn_state_pca/env_assessed_water_2020/FeatureServer/0,
5a003821845e49e5bdeedbb0e5db7162_1,arcgis_feature_layer,https://enterprise.gisdata.mn.gov/aghost/rest/services/us_mn_state_pca/env_assessed_water_2020/FeatureServer/1,
5a003821845e49e5bdeedbb0e5db7162_2,arcgis_feature_layer,https://enterprise.gisdata.mn.gov/aghost/rest/services/us_mn_state_pca/env_assessed_water_2020/FeatureServer/2,
5a003821845e49e5bdeedbb0e5db7162_3,arcgis_feature_layer,https://enterprise.gisdata.mn.gov/aghost/rest/services/us_mn_state_pca/env_assessed_water_2020/FeatureServer/3,
5a003821845e49e5bdeedbb0e5db7162_4,arcgis_feature_layer,https://enterprise.gisdata.mn.gov/aghost/rest/services/us_mn_state_pca/env_assessed_water_2020/FeatureServer/4,
5a003821845e49e5bdeedbb0e5db7162_5,arcgis_feature_layer,https://enterprise.gisdata.mn.gov/aghost/rest/services/us_mn_state_pca/env_assessed_water_2020/FeatureServer/5,
3b1cfcd58ee74c76ac1b815de24d722c_0,arcgis_feature_layer,https://enterprise.gisdata.mn.gov/aghost/rest/services/us_mn_state_pca/env_assessed_water_2018/FeatureServer/0,
3b1cfcd58ee74c76ac1b815de24d722c_1,arcgis_feature_layer,https://enterprise.gisdata.mn.gov/aghost/rest/services/us_mn_state_pca/env_assessed_water_2018/FeatureServer/1,
3b1cfcd58ee74c76ac1b815de24d722c_2,arcgis_feature_layer,https://enterprise.gisdata.mn.gov/aghost/rest/services/us_mn_state_pca/env_assessed_water_2018/FeatureServer/2,
3b1cfcd58ee74c76ac1b815de24d722c_3,arcgis_feature_layer,https://enterprise.gisdata.mn.gov/aghost/rest/services/us_mn_state_pca/env_assessed_water_2018/FeatureServer/3,
3b1cfcd58ee74c76ac1b815de24d722c_4,arcgis_feature_layer,https://enterprise.gisdata.mn.gov/aghost/rest/services/us_mn_state_pca/env_assessed_water_2018/FeatureServer/4,
3b1cfcd58ee74c76ac1b815de24d722c_5,arcgis_feature_layer,https://enterprise.gisdata.mn.gov/aghost/rest/services/us_mn_state_pca/env_assessed_water_2018/FeatureServer/5,
a37d5c3926144ba496c3ecc721ac61fa_0,arcgis_feature_layer,https://enterprise.gisdata.mn.gov/aghost/rest/services/us_mn_state_pca/env_assessed_streams_2012/FeatureServer/0,
ba84fe85a9ae45c7ad7b3b079fa565b7_0,arcgis_feature_layer,https://enterprise.gisdata.mn.gov/aghost/rest/services/us_mn_state_pca/env_assessed_streams_2010/FeatureServer/0,
de07e486418f47d3a7c4f77026815df0_0,arcgis_feature_layer,https://enterprise.gisdata.mn.gov/aghost/rest/services/us_mn_state_pca/env_assessed_lakes_2012/FeatureServer/0,
de07e486418f47d3a7c4f77026815df0_1,arcgis_feature_layer,https://enterprise.gisdata.mn.gov/aghost/rest/services/us_mn_state_pca/env_assessed_lakes_2012/FeatureServer/1,
4573853ed1244a7f9b3081d1425d1198_0,arcgis_feature_layer,https://enterprise.gisdata.mn.gov/aghost/rest/services/us_mn_state_pca/env_assessed_lakes_2010/FeatureServer/0,
a334160bc9794ac791c6c14407348738_0,arcgis_feature_layer,https://enterprise.gisdata.mn.gov/aghost/rest/services/us_mn_state_mngeo/util_uswtdb/FeatureServer/0,
bbc0be7fd6594623a9d3f03294bbe8a9_0,arcgis_feature_layer,https://enterprise.gisdata.mn.gov/aghost/rest/services/us_mn_state_mngeo/util_telephone_exchange/FeatureServer/0,
f1b545bcc02f42fcb9b9eada85c32494_0,arcgis_feature_layer,https://enterprise.gisdata.mn.gov/aghost/rest/services/us_mn_state_mngeo/util_eusa/FeatureServer/0,
515028a0cb3a42e0b6470b2af035121c_0,arcgis_feature_layer,https://enterprise.gisdata.mn.gov/aghost/rest/services/us_mn_state_mngeo/trans_road_centerlines_open/FeatureServer/0,
515028a0cb3a42e0b6470b2af035121c_1,arcgis_feature_layer,https://enterprise.gisdata.mn.gov/aghost/rest/services/us_mn_state_mngeo/trans_road_centerlines_open/FeatureServer/1,
3deae54c24114f2bb59287c1498e9e44_0,arcgis_feature_layer,https://enterprise.gisdata.mn.gov/aghost/rest/services/us_mn_state_mngeo/society_correctional_facilities/FeatureServer/0,
69148d3959194a05a23964cc60f6517b_0,arcgis_feature_layer,https://enterprise.gisdata.mn.gov/aghost/rest/services/us_mn_state_mngeo/plan_parcels_open/FeatureServer/0,
69148d3959194a05a23964cc60f6517b_1,arcgis_feature_layer,https://enterprise.gisdata.mn.gov/aghost/rest/services/us_mn_state_mngeo/plan_parcels_open/FeatureServer/1,
e291df8ece734baba9a58f43911b94a2_0,arcgis_feature_layer,https://enterprise.gisdata.mn.gov/aghost/rest/services/us_mn_state_mngeo/loc_pop_centers/FeatureServer/0,
e291df8ece734baba9a58f43911b94a2_1,arcgis_feature_layer,https://enterprise.gisdata.mn.gov/aghost/rest/services/us_mn_state_mngeo/loc_pop_centers/FeatureServer/1,
a2411dfe6ab34975b9de7e119963d639_0,arcgis_feature_layer,https://enterprise.gisdata.mn.gov/aghost/rest/services/us_mn_state_mngeo/loc_index_3dgeo_500m_tilescheme/FeatureServer/0,
93ef82996330439bbb2c6113664f3362_0,arcgis_feature_layer,https://enterprise.gisdata.mn.gov/aghost/rest/services/us_mn_state_mngeo/loc_index_3dgeo_1000m_tilescheme/FeatureServer/0,
c9a9b12194c84cafac058ba8a9ca9e02_0,arcgis_feature_layer,https://enterprise.gisdata.mn.gov/aghost/rest/services/us_mn_state_mngeo/loc_geographic_names_usgs_gnis/FeatureServer/0,
56cea28c38114c3e9f772e2f72eab35e_0,arcgis_feature_layer,https://enterprise.gisdata.mn.gov/aghost/rest/services/us_mn_state_mngeo/loc_addresses_zip9_open/FeatureServer/0,
39e1d5e08885476c82adcad9896681b6_0,arcgis_feature_layer,https://enterprise.gisdata.mn.gov/aghost/rest/services/us_mn_state_mngeo/loc_addresses_open/FeatureServer/0,
39e1d5e08885476c82adcad9896681b6_1,arcgis_feature_layer,https://enterprise.gisdata.mn.gov/aghost/rest/services/us_mn_state_mngeo/loc_addresses_open/FeatureServer/1,
a18a475e17dd458e86388183e1db4aa8_0,arcgis_feature_layer,https://enterprise.gisdata.mn.gov/aghost/rest/services/us_mn_state_mngeo/health_facility_nursing_boarding/FeatureServer/0,
2396668679a640788852c916fdae6045_0,arcgis_feature_layer,https://enterprise.gisdata.mn.gov/aghost/rest/services/us_mn_state_mngeo/econ_child_care/FeatureServer/0,
798b1b7aa2074f4a976d9a7c763f20d2_0,arcgis_feature_layer,https://enterprise.gisdata.mn.gov/aghost/rest/services/us_mn_state_mngeo/bdry_zip_code_tabulation_areas/FeatureServer/0,
09b810c5499841a8b89ecdbef7229386_0,arcgis_feature_layer,https://enterprise.gisdata.mn.gov/aghost/rest/services/us_mn_state_mngeo/bdry_regional_development_orgs/FeatureServer/0,
0510237911a14af8a51debd139586bab_0,arcgis_feature_layer,https://enterprise.gisdata.mn.gov/aghost/rest/services/us_mn_state_mde/struc_schooldistrictctr_2000s/FeatureServer/0,
0510237911a14af8a51debd139586bab_1,arcgis_feature_layer,https://enterprise.gisdata.mn.gov/aghost/rest/services/us_mn_state_mde/struc_schooldistrictctr_2000s/FeatureServer/1,
0510237911a14af8a51debd139586bab_2,arcgis_feature_layer,https://enterprise.gisdata.mn.gov/aghost/rest/services/us_mn_state_mde/struc_schooldistrictctr_2000s/FeatureServer/2,
ce1a06d6b8384408bdc7687b6f0f86e9_0,arcgis_feature_layer,https://enterprise.gisdata.mn.gov/aghost/rest/services/us_mn_state_mde/struc_school_program_locs/FeatureServer/0,
b8a11a94b9cc420ca6c9d8bcce3b1b83_0,arcgis_feature_layer,https://enterprise.gisdata.mn.gov/aghost/rest/services/us_mn_state_mde/struc_school_buildings/FeatureServer/0,
c292b5072a644c999d38054205937304_0,arcgis_feature_layer,https://enterprise.gisdata.mn.gov/aghost/rest/services/us_mn_state_mde/struc_pubschool_2000s/FeatureServer/0,
c292b5072a644c999d38054205937304_1,arcgis_feature_layer,https://enterprise.gisdata.mn.gov/aghost/rest/services/us_mn_state_mde/struc_pubschool_2000s/FeatureServer/1,
c292b5072a644c999d38054205937304_2,arcgis_feature_layer,https://enterprise.gisdata.mn.gov/aghost/rest/services/us_mn_state_mde/struc_pubschool_2000s/FeatureServer/2,
c292b5072a644c999d38054205937304_3,arcgis_feature_layer,https://enterprise.gisdata.mn.gov/aghost/rest/services/us_mn_state_mde/struc_pubschool_2000s/FeatureServer/3,
c292b5072a644c999d38054205937304_4,arcgis_feature_layer,https://enterprise.gisdata.mn.gov/aghost/rest/services/us_mn_state_mde/struc_pubschool_2000s/FeatureServer/4,
c292b5072a644c999d38054205937304_5,arcgis_feature_layer,https://enterprise.gisdata.mn.gov/aghost/rest/services/us_mn_state_mde/struc_pubschool_2000s/FeatureServer/5,
c292b5072a644c999d38054205937304_6,arcgis_feature_layer,https://enterprise.gisdata.mn.gov/aghost/rest/services/us_mn_state_mde/struc_pubschool_2000s/FeatureServer/6,
fc3c51831631403792c621994cd7e967_0,arcgis_feature_layer,https://enterprise.gisdata.mn.gov/aghost/rest/services/us_mn_state_mde/struc_nonpubschool_2000s/FeatureServer/0,
fc3c51831631403792c621994cd7e967_1,arcgis_feature_layer,https://enterprise.gisdata.mn.gov/aghost/rest/services/us_mn_state_mde/struc_nonpubschool_2000s/FeatureServer/1,
fc3c51831631403792c621994cd7e967_2,arcgis_feature_layer,https://enterprise.gisdata.mn.gov/aghost/rest/services/us_mn_state_mde/struc_nonpubschool_2000s/FeatureServer/2,
73308a41e24348efaa2dc9e448606d39_0,arcgis_feature_layer,https://enterprise.gisdata.mn.gov/aghost/rest/services/us_mn_state_mda/water_fall_fert_restriction_2026/FeatureServer/0,
b69e16f09cea4d1a95ec129f1d1ac300_0,arcgis_feature_layer,https://enterprise.gisdata.mn.gov/aghost/rest/services/us_mn_state_bwsr/env_cov_crop_res/FeatureServer/0,
caf847f24e0548d486ad744b488188c9_9,arcgis_feature_layer,https://enterprise.gisdata.mn.gov/aghost/rest/services/us_mn_state_dnr/env_invasive_aquatic_obs/FeatureServer/9,
b69e16f09cea4d1a95ec129f1d1ac300_1,arcgis_feature_layer,https://enterprise.gisdata.mn.gov/aghost/rest/services/us_mn_state_bwsr/env_cov_crop_res/FeatureServer/1,
b69e16f09cea4d1a95ec129f1d1ac300_2,arcgis_feature_layer,https://enterprise.gisdata.mn.gov/aghost/rest/services/us_mn_state_bwsr/env_cov_crop_res/FeatureServer/2,
b69e16f09cea4d1a95ec129f1d1ac300_3,arcgis_feature_layer,https://enterprise.gisdata.mn.gov/aghost/rest/services/us_mn_state_bwsr/env_cov_crop_res/FeatureServer/3,
a9ff826ad8e24c85be6e69dd763c6c4b_0,arcgis_feature_layer,https://enterprise.gisdata.mn.gov/aghost/rest/services/us_mn_state_bwsr/env_living_landscapes_priority/FeatureServer/0,
4ba60ab8bb0346a8abe9cb4f98648f85_0,arcgis_feature_layer,https://enterprise.gisdata.mn.gov/aghost/rest/services/us_mn_state_bwsr/bdry_bwsr_rim_cons_easements/FeatureServer/0,
982c1fa99b3a424d9a19a0934eff8b6b_0,arcgis_feature_layer,https://enterprise.gisdata.mn.gov/aghost/rest/services/us_mn_state_bwsr/bdry_bank_service_areas/FeatureServer/0,
44af90e9c3944e7b8a81fe1df92e770b_0,arcgis_feature_layer,https://enterprise.gisdata.mn.gov/aghost/rest/services/us_mn_state_bwsr/bdry_1w1p_planning_areas/FeatureServer/0,
bc0287a8b2204e88861aa8b13f6f4dab_0,arcgis_feature_layer,https://enterprise.gisdata.mn.gov/aghost/rest/services/us_mn_state_mda/agri_agroecoregions/FeatureServer/0,
3a9d864061f742e6b0b3fd537d843eef_0,arcgis_feature_layer,https://enterprise.gisdata.mn.gov/aghost/rest/services/us_mn_state_health/water_source_water_assess_surf/FeatureServer/0,
8b7333de140045a189e2dd431a16e4c8_0,arcgis_feature_layer,https://enterprise.gisdata.mn.gov/aghost/rest/services/us_mn_state_health/water_source_water_assess_areas/FeatureServer/0,
0d9f255e2a684936a7c71c6e4d1af5ca_0,arcgis_feature_layer,https://enterprise.gisdata.mn.gov/aghost/rest/services/us_mn_state_health/water_mgmnt_area_surface_water/FeatureServer/0,
215b2c5e69c841bc88d9e99297eabaf7_0,arcgis_feature_layer,https://enterprise.gisdata.mn.gov/aghost/rest/services/us_mn_state_health/water_drinking_water_supply_sw/FeatureServer/0,
0adaf76ee3e5488083d6e25a19473e4f_0,arcgis_feature_layer,https://enterprise.gisdata.mn.gov/aghost/rest/services/us_mn_state_dnr/biota_wma_landcover_pub/FeatureServer/0,
73308a41e24348efaa2dc9e448606d39_1,arcgis_feature_layer,https://enterprise.gisdata.mn.gov/aghost/rest/services/us_mn_state_mda/water_fall_fert_restriction_2026/FeatureServer/1,
215b2c5e69c841bc88d9e99297eabaf7_1,arcgis_feature_layer,https://enterprise.gisdata.mn.gov/aghost/rest/services/us_mn_state_health/water_drinking_water_supply_sw/FeatureServer/1,
f2c02d79135d4de9baaf3b77639d85fd_0,arcgis_feature_layer,https://enterprise.gisdata.mn.gov/aghost/rest/services/us_mn_state_health/bdry_svi_index_2020/FeatureServer/0,
f2c02d79135d4de9baaf3b77639d85fd_1,arcgis_feature_layer,https://enterprise.gisdata.mn.gov/aghost/rest/services/us_mn_state_health/bdry_svi_index_2020/FeatureServer/1,
f2c02d79135d4de9baaf3b77639d85fd_2,arcgis_feature_layer,https://enterprise.gisdata.mn.gov/aghost/rest/services/us_mn_state_health/bdry_svi_index_2020/FeatureServer/2,
ff923bd158cd4351b37ba7987a9034c0_0,arcgis_feature_layer,https://enterprise.gisdata.mn.gov/aghost/rest/services/us_mn_state_health/geos_special_well_const_areas/FeatureServer/0,
ff923bd158cd4351b37ba7987a9034c0_1,arcgis_feature_layer,https://enterprise.gisdata.mn.gov/aghost/rest/services/us_mn_state_health/geos_special_well_const_areas/FeatureServer/1,
8d4841462cc34a34b183c6ba31815237_0,arcgis_feature_layer,https://enterprise.gisdata.mn.gov/aghost/rest/services/us_mn_state_health/bdry_noncommunity_districts/FeatureServer/0,
8d4841462cc34a34b183c6ba31815237_1,arcgis_feature_layer,https://enterprise.gisdata.mn.gov/aghost/rest/services/us_mn_state_health/bdry_noncommunity_districts/FeatureServer/1,
8d4841462cc34a34b183c6ba31815237_2,arcgis_feature_layer,https://enterprise.gisdata.mn.gov/aghost/rest/services/us_mn_state_health/bdry_noncommunity_districts/FeatureServer/2,
8d4841462cc34a34b183c6ba31815237_3,arcgis_feature_layer,https://enterprise.gisdata.mn.gov/aghost/rest/services/us_mn_state_health/bdry_noncommunity_districts/FeatureServer/3,
8d4841462cc34a34b183c6ba31815237_4,arcgis_feature_layer,https://enterprise.gisdata.mn.gov/aghost/rest/services/us_mn_state_health/bdry_noncommunity_districts/FeatureServer/4,
8d4841462cc34a34b183c6ba31815237_5,arcgis_feature_layer,https://enterprise.gisdata.mn.gov/aghost/rest/services/us_mn_state_health/bdry_noncommunity_districts/FeatureServer/5,
129c778d5dc14d519f18b687b0de9f6f_0,arcgis_feature_layer,https://enterprise.gisdata.mn.gov/aghost/rest/services/us_mn_state_bah/agri_bah_field_staff/FeatureServer/0,
796cba407b014bfcae4d5f0050dd4c68_0,arcgis_feature_layer,https://enterprise.gisdata.mn.gov/aghost/rest/services/us_mn_state_mde/bdry_school_district_boundaries/FeatureServer/0,
eb537c3ba85d45b5b64c8d881cf241e5_0,arcgis_feature_layer,https://enterprise.gisdata.mn.gov/aghost/rest/services/us_mn_state_mde/bdry_school_district_2020s/FeatureServer/0,
eb537c3ba85d45b5b64c8d881cf241e5_1,arcgis_feature_layer,https://enterprise.gisdata.mn.gov/aghost/rest/services/us_mn_state_mde/bdry_school_district_2020s/FeatureServer/1,
eb537c3ba85d45b5b64c8d881cf241e5_2,arcgis_feature_layer,https://enterprise.gisdata.mn.gov/aghost/rest/services/us_mn_state_mde/bdry_school_district_2020s/FeatureServer/2,
eb537c3ba85d45b5b64c8d881cf241e5_3,arcgis_feature_layer,https://enterprise.gisdata.mn.gov/aghost/rest/services/us_mn_state_mde/bdry_school_district_2020s/FeatureServer/3,
eb537c3ba85d45b5b64c8d881cf241e5_4,arcgis_feature_layer,https://enterprise.gisdata.mn.gov/aghost/rest/services/us_mn_state_mde/bdry_school_district_2020s/FeatureServer/4,
390d3b2a569d421d9ef5970fa2794c56_0,arcgis_feature_layer,https://enterprise.gisdata.mn.gov/aghost/rest/services/us_mn_state_mde/bdry_school_district_2010s/FeatureServer/0,
390d3b2a569d421d9ef5970fa2794c56_1,arcgis_feature_layer,https://enterprise.gisdata.mn.gov/aghost/rest/services/us_mn_state_mde/bdry_school_district_2010s/FeatureServer/1,
390d3b2a569d421d9ef5970fa2794c56_2,arcgis_feature_layer,https://enterprise.gisdata.mn.gov/aghost/rest/services/us_mn_state_mde/bdry_school_district_2010s/FeatureServer/2,
390d3b2a569d421d9ef5970fa2794c56_3,arcgis_feature_layer,https://enterprise.gisdata.mn.gov/aghost/rest/services/us_mn_state_mde/bdry_school_district_2010s/FeatureServer/3,
390d3b2a569d421d9ef5970fa2794c56_4,arcgis_feature_layer,https://enterprise.gisdata.mn.gov/aghost/rest/services/us_mn_state_mde/bdry_school_district_2010s/FeatureServer/4,
390d3b2a569d421d9ef5970fa2794c56_5,arcgis_feature_layer,https://enterprise.gisdata.mn.gov/aghost/rest/services/us_mn_state_mde/bdry_school_district_2010s/FeatureServer/5,
cfb2da4b8adb4fa88654cd6e7b604b9b_0,arcgis_feature_layer,https://enterprise.gisdata.mn.gov/aghost/rest/services/us_mn_state_dnr/biota_mcbs_sites_of_biodiversity/FeatureServer/0,
73308a41e24348efaa2dc9e448606d39_2,arcgis_feature_layer,https://enterprise.gisdata.mn.gov/aghost/rest/services/us_mn_state_mda/water_fall_fert_restriction_2026/FeatureServer/2,
390d3b2a569d421d9ef5970fa2794c56_6,arcgis_feature_layer,https://enterprise.gisdata.mn.gov/aghost/rest/services/us_mn_state_mde/bdry_school_district_2010s/FeatureServer/6,
390d3b2a569d421d9ef5970fa2794c56_7,arcgis_feature_layer,https://enterprise.gisdata.mn.gov/aghost/rest/services/us_mn_state_mde/bdry_school_district_2010s/FeatureServer/7,
390d3b2a569d421d9ef5970fa2794c56_8,arcgis_feature_layer,https://enterprise.gisdata.mn.gov/aghost/rest/services/us_mn_state_mde/bdry_school_district_2010s/FeatureServer/8,
390d3b2a569d421d9ef5970fa2794c56_9,arcgis_feature_layer,https://enterprise.gisdata.mn.gov/aghost/rest/services/us_mn_state_mde/bdry_school_district_2010s/FeatureServer/9,
4b5dd3d98a19492198ee936c7f125c3b_0,arcgis_feature_layer,https://enterprise.gisdata.mn.gov/aghost/rest/services/us_mn_state_mde/bdry_school_district_2000s/FeatureServer/0,
4b5dd3d98a19492198ee936c7f125c3b_1,arcgis_feature_layer,https://enterprise.gisdata.mn.gov/aghost/rest/services/us_mn_state_mde/bdry_school_district_2000s/FeatureServer/1,
4b5dd3d98a19492198ee936c7f125c3b_2,arcgis_feature_layer,https://enterprise.gisdata.mn.gov/aghost/rest/services/us_mn_state_mde/bdry_school_district_2000s/FeatureServer/2,
4b5dd3d98a19492198ee936c7f125c3b_3,arcgis_feature_layer,https://enterprise.gisdata.mn.gov/aghost/rest/services/us_mn_state_mde/bdry_school_district_2000s/FeatureServer/3,
4b5dd3d98a19492198ee936c7f125c3b_4,arcgis_feature_layer,https://enterprise.gisdata.mn.gov/aghost/rest/services/us_mn_state_mde/bdry_school_district_2000s/FeatureServer/4,
4b5dd3d98a19492198ee936c7f125c3b_5,arcgis_feature_layer,https://enterprise.gisdata.mn.gov/aghost/rest/services/us_mn_state_mde/bdry_school_district_2000s/FeatureServer/5,
4b5dd3d98a19492198ee936c7f125c3b_6,arcgis_feature_layer,https://enterprise.gisdata.mn.gov/aghost/rest/services/us_mn_state_mde/bdry_school_district_2000s/FeatureServer/6,
4b5dd3d98a19492198ee936c7f125c3b_7,arcgis_feature_layer,https://enterprise.gisdata.mn.gov/aghost/rest/services/us_mn_state_mde/bdry_school_district_2000s/FeatureServer/7,
4b5dd3d98a19492198ee936c7f125c3b_8,arcgis_feature_layer,https://enterprise.gisdata.mn.gov/aghost/rest/services/us_mn_state_mde/bdry_school_district_2000s/FeatureServer/8,
4b5dd3d98a19492198ee936c7f125c3b_9,arcgis_feature_layer,https://enterprise.gisdata.mn.gov/aghost/rest/services/us_mn_state_mde/bdry_school_district_2000s/FeatureServer/9,
b8d2674d4ec449f3936014b689e6ab6b_0,arcgis_feature_layer,https://enterprise.gisdata.mn.gov/aghost/rest/services/us_mn_state_mde/bdry_school_district_1990s/FeatureServer/0,
b8d2674d4ec449f3936014b689e6ab6b_1,arcgis_feature_layer,https://enterprise.gisdata.mn.gov/aghost/rest/services/us_mn_state_mde/bdry_school_district_1990s/FeatureServer/1,
b8d2674d4ec449f3936014b689e6ab6b_10,arcgis_feature_layer,https://enterprise.gisdata.mn.gov/aghost/rest/services/us_mn_state_mde/bdry_school_district_1990s/FeatureServer/10,
b8d2674d4ec449f3936014b689e6ab6b_2,arcgis_feature_layer,https://enterprise.gisdata.mn.gov/aghost/rest/services/us_mn_state_mde/bdry_school_district_1990s/FeatureServer/2,
b8d2674d4ec449f3936014b689e6ab6b_3,arcgis_feature_layer,https://enterprise.gisdata.mn.gov/aghost/rest/services/us_mn_state_mde/bdry_school_district_1990s/FeatureServer/3,
b8d2674d4ec449f3936014b689e6ab6b_4,arcgis_feature_layer,https://enterprise.gisdata.mn.gov/aghost/rest/services/us_mn_state_mde/bdry_school_district_1990s/FeatureServer/4,
b8d2674d4ec449f3936014b689e6ab6b_5,arcgis_feature_layer,https://enterprise.gisdata.mn.gov/aghost/rest/services/us_mn_state_mde/bdry_school_district_1990s/FeatureServer/5,
b8d2674d4ec449f3936014b689e6ab6b_6,arcgis_feature_layer,https://enterprise.gisdata.mn.gov/aghost/rest/services/us_mn_state_mde/bdry_school_district_1990s/FeatureServer/6,
b8d2674d4ec449f3936014b689e6ab6b_7,arcgis_feature_layer,https://enterprise.gisdata.mn.gov/aghost/rest/services/us_mn_state_mde/bdry_school_district_1990s/FeatureServer/7,
6b16d8ff221842339b5a5ddbf6505ffb_0,arcgis_feature_layer,https://enterprise.gisdata.mn.gov/aghost/rest/services/us_mn_state_dnr/biota_dnr_native_prairies/FeatureServer/0,
73308a41e24348efaa2dc9e448606d39_3,arcgis_feature_layer,https://enterprise.gisdata.mn.gov/aghost/rest/services/us_mn_state_mda/water_fall_fert_restriction_2026/FeatureServer/3,
27d9f56cfec6454688110d08ae6826a0_3,arcgis_feature_layer,https://arcgis.metc.state.mn.us/data1/rest/services/parcels/Parcels_2025/FeatureServer/3,
b8d2674d4ec449f3936014b689e6ab6b_8,arcgis_feature_layer,https://enterprise.gisdata.mn.gov/aghost/rest/services/us_mn_state_mde/bdry_school_district_1990s/FeatureServer/8,
b8d2674d4ec449f3936014b689e6ab6b_9,arcgis_feature_layer,https://enterprise.gisdata.mn.gov/aghost/rest/services/us_mn_state_mde/bdry_school_district_1990s/FeatureServer/9,
6045d8113a1340e6a7490dcfe7c746d9_0,arcgis_feature_layer,https://enterprise.gisdata.mn.gov/aghost/rest/services/us_mn_state_mde/bdry_school_district_1972/FeatureServer/0,
970a560c7d684a819748883bf2526689_0,arcgis_feature_layer,https://enterprise.gisdata.mn.gov/aghost/rest/services/us_mn_state_mde/bdry_school_attendance_areas/FeatureServer/0,
9a3b791e3b23446fad6d77e8e363966c_0,arcgis_feature_layer,https://enterprise.gisdata.mn.gov/aghost/rest/services/us_mn_state_mde/bdry_school_attend_2020s/FeatureServer/0,
9a3b791e3b23446fad6d77e8e363966c_1,arcgis_feature_layer,https://enterprise.gisdata.mn.gov/aghost/rest/services/us_mn_state_mde/bdry_school_attend_2020s/FeatureServer/1,
9a3b791e3b23446fad6d77e8e363966c_2,arcgis_feature_layer,https://enterprise.gisdata.mn.gov/aghost/rest/services/us_mn_state_mde/bdry_school_attend_2020s/FeatureServer/2,
9a3b791e3b23446fad6d77e8e363966c_3,arcgis_feature_layer,https://enterprise.gisdata.mn.gov/aghost/rest/services/us_mn_state_mde/bdry_school_attend_2020s/FeatureServer/3,
9a3b791e3b23446fad6d77e8e363966c_4,arcgis_feature_layer,https://enterprise.gisdata.mn.gov/aghost/rest/services/us_mn_state_mde/bdry_school_attend_2020s/FeatureServer/4,
f6f0245f1c53406193989d52b61d5910_0,arcgis_feature_layer,https://enterprise.gisdata.mn.gov/aghost/rest/services/us_mn_state_mde/bdry_school_attend_2010s/FeatureServer/0,
f6f0245f1c53406193989d52b61d5910_1,arcgis_feature_layer,https://enterprise.gisdata.mn.gov/aghost/rest/services/us_mn_state_mde/bdry_school_attend_2010s/FeatureServer/1,
f6f0245f1c53406193989d52b61d5910_2,arcgis_feature_layer,https://enterprise.gisdata.mn.gov/aghost/rest/services/us_mn_state_mde/bdry_school_attend_2010s/FeatureServer/2,
f6f0245f1c53406193989d52b61d5910_3,arcgis_feature_layer,https://enterprise.gisdata.mn.gov/aghost/rest/services/us_mn_state_mde/bdry_school_attend_2010s/FeatureServer/3,
f6f0245f1c53406193989d52b61d5910_4,arcgis_feature_layer,https://enterprise.gisdata.mn.gov/aghost/rest/services/us_mn_state_mde/bdry_school_attend_2010s/FeatureServer/4,
f6f0245f1c53406193989d52b61d5910_5,arcgis_feature_layer,https://enterprise.gisdata.mn.gov/aghost/rest/services/us_mn_state_mde/bdry_school_attend_2010s/FeatureServer/5,
f6f0245f1c53406193989d52b61d5910_6,arcgis_feature_layer,https://enterprise.gisdata.mn.gov/aghost/rest/services/us_mn_state_mde/bdry_school_attend_2010s/FeatureServer/6,
f6f0245f1c53406193989d52b61d5910_7,arcgis_feature_layer,https://enterprise.gisdata.mn.gov/aghost/rest/services/us_mn_state_mde/bdry_school_attend_2010s/FeatureServer/7,
f6f0245f1c53406193989d52b61d5910_8,arcgis_feature_layer,https://enterprise.gisdata.mn.gov/aghost/rest/services/us_mn_state_mde/bdry_school_attend_2010s/FeatureServer/8,
f6f0245f1c53406193989d52b61d5910_9,arcgis_feature_layer,https://enterprise.gisdata.mn.gov/aghost/rest/services/us_mn_state_mde/bdry_school_attend_2010s/FeatureServer/9,
c4795cc3e1a54c4a86eef4cf38e0af6d_0,arcgis_feature_layer,https://enterprise.gisdata.mn.gov/aghost/rest/services/us_mn_state_mde/bdry_school_attend_2000s/FeatureServer/0,
c4795cc3e1a54c4a86eef4cf38e0af6d_1,arcgis_feature_layer,https://enterprise.gisdata.mn.gov/aghost/rest/services/us_mn_state_mde/bdry_school_attend_2000s/FeatureServer/1,
c4795cc3e1a54c4a86eef4cf38e0af6d_2,arcgis_feature_layer,https://enterprise.gisdata.mn.gov/aghost/rest/services/us_mn_state_mde/bdry_school_attend_2000s/FeatureServer/2,
abe3d669d65e4566bcd956cda970ca88_0,arcgis_feature_layer,https://enterprise.gisdata.mn.gov/aghost/rest/services/us_mn_state_dnr/biota_dnr_groundwater_npc/FeatureServer/0,
27d9f56cfec6454688110d08ae6826a0_4,arcgis_feature_layer,https://arcgis.metc.state.mn.us/data1/rest/services/parcels/Parcels_2025/FeatureServer/4,
73308a41e24348efaa2dc9e448606d39_4,arcgis_feature_layer,https://enterprise.gisdata.mn.gov/aghost/rest/services/us_mn_state_mda/water_fall_fert_restriction_2026/FeatureServer/4,
c4795cc3e1a54c4a86eef4cf38e0af6d_3,arcgis_feature_layer,https://enterprise.gisdata.mn.gov/aghost/rest/services/us_mn_state_mde/bdry_school_attend_2000s/FeatureServer/3,
c4795cc3e1a54c4a86eef4cf38e0af6d_4,arcgis_feature_layer,https://enterprise.gisdata.mn.gov/aghost/rest/services/us_mn_state_mde/bdry_school_attend_2000s/FeatureServer/4,
c4795cc3e1a54c4a86eef4cf38e0af6d_5,arcgis_feature_layer,https://enterprise.gisdata.mn.gov/aghost/rest/services/us_mn_state_mde/bdry_school_attend_2000s/FeatureServer/5,
c4795cc3e1a54c4a86eef4cf38e0af6d_6,arcgis_feature_layer,https://enterprise.gisdata.mn.gov/aghost/rest/services/us_mn_state_mde/bdry_school_attend_2000s/FeatureServer/6,
c4795cc3e1a54c4a86eef4cf38e0af6d_7,arcgis_feature_layer,https://enterprise.gisdata.mn.gov/aghost/rest/services/us_mn_state_mde/bdry_school_attend_2000s/FeatureServer/7,
9cd4a064c78e46b9a80d4964d3f96b12_0,arcgis_feature_layer,https://enterprise.gisdata.mn.gov/aghost/rest/services/org_mn_mesb/bdry_psap/FeatureServer/0,
935a958babea40bdaf582860e4080d87_0,arcgis_feature_layer,https://enterprise.gisdata.mn.gov/aghost/rest/services/org_mn_mesb/bdry_law/FeatureServer/0,
747e10f7146845d2a9cd4579faa37757_0,arcgis_feature_layer,https://enterprise.gisdata.mn.gov/aghost/rest/services/org_mn_mesb/bdry_esz/FeatureServer/0,
cda5d34d8d134b899e3b6aef69dddc23_0,arcgis_feature_layer,https://enterprise.gisdata.mn.gov/aghost/rest/services/org_mn_mesb/bdry_ems/FeatureServer/0,
e1e373827f4d42c396193e8aa45d61a1_0,arcgis_feature_layer,https://arcgis.metc.state.mn.us/data1/rest/services/planning/Regional_Parks_Trails/FeatureServer/0,
e1e373827f4d42c396193e8aa45d61a1_1,arcgis_feature_layer,https://arcgis.metc.state.mn.us/data1/rest/services/planning/Regional_Parks_Trails/FeatureServer/1,
e1e373827f4d42c396193e8aa45d61a1_2,arcgis_feature_layer,https://arcgis.metc.state.mn.us/data1/rest/services/planning/Regional_Parks_Trails/FeatureServer/2,
e1e373827f4d42c396193e8aa45d61a1_3,arcgis_feature_layer,https://arcgis.metc.state.mn.us/data1/rest/services/planning/Regional_Parks_Trails/FeatureServer/3,
e1e373827f4d42c396193e8aa45d61a1_4,arcgis_feature_layer,https://arcgis.metc.state.mn.us/data1/rest/services/planning/Regional_Parks_Trails/FeatureServer/4,
27d9f56cfec6454688110d08ae6826a0_5,arcgis_feature_layer,https://arcgis.metc.state.mn.us/data1/rest/services/parcels/Parcels_2025/FeatureServer/5,
73308a41e24348efaa2dc9e448606d39_5,arcgis_feature_layer,https://enterprise.gisdata.mn.gov/aghost/rest/services/us_mn_state_mda/water_fall_fert_restriction_2026/FeatureServer/5,
6b1a8d6d1a814d2cb18592882c60d022_3,arcgis_feature_layer,https://arcgis.metc.state.mn.us/data1/rest/services/boundary/Counties_CTUs/FeatureServer/3,
5d71998b92654a379900b02928cb6309_0,arcgis_feature_layer,https://gis.ramseycountymn.gov/server/rest/services/Cadastral/CAD_AttributedParcelPoly_ViewOnly/FeatureServer/0,
acb2f4c6e3954f6094ea60a376a7fcd0_0,arcgis_feature_layer,https://webgis.dot.state.mn.us/65agsf1/rest/services/sdw_incdt/SHOULDER_UNPAVED_RGHT/FeatureServer/0,
72d6f8d7e41a434da9d14e104242ef84_0,arcgis_feature_layer,https://gis.ramseycountymn.gov/server/rest/services/Survey/CAD_Section_ViewOnly/FeatureServer/0,
e9ce093cd231469592cf38d21870b6c6_0,arcgis_feature_layer,https://gis.ramseycountymn.gov/server/rest/services/Survey/CAD_QuarterSection_ViewOnly/FeatureServer/0,
b85e295f7f0147d59d1435c6b2e2ee8a_0,arcgis_feature_layer,https://gis.ramseycountymn.gov/server/rest/services/Structure/STRUC_Transportation_ViewOnly/FeatureServer/0,
575651c75b394f448810358ce0a131d9_0,arcgis_feature_layer,https://gis.ramseycountymn.gov/server/rest/services/Structure/STRUC_Recreation_ViewOnly/FeatureServer/0,
a8350c28fbe448e7bce5dff6ca7fc3c7_0,arcgis_feature_layer,https://gis.ramseycountymn.gov/server/rest/services/Structure/STRUC_Parking_ViewOnly/FeatureServer/0,
9cb6813610894c8ca76e20374bba0a4d_0,arcgis_feature_layer,https://enterprise.gisdata.mn.gov/aghost/rest/services/us_mn_state_dnr/biota_dnr_forest_inv_old_growth/FeatureServer/0,
27d9f56cfec6454688110d08ae6826a0_6,arcgis_feature_layer,https://arcgis.metc.state.mn.us/data1/rest/services/parcels/Parcels_2025/FeatureServer/6,
73308a41e24348efaa2dc9e448606d39_6,arcgis_feature_layer,https://enterprise.gisdata.mn.gov/aghost/rest/services/us_mn_state_mda/water_fall_fert_restriction_2026/FeatureServer/6,
baff9cbaa8a44ee980e18431058ae526_0,arcgis_feature_layer,https://gis.ramseycountymn.gov/server/rest/services/Survey/CAD_Township_ViewOnly/FeatureServer/0,
9da0577fc41e4642ad6ef5d0011cd59b_0,arcgis_feature_layer,https://gis.ramseycountymn.gov/server/rest/services/Survey/CAD_HalfSection_ViewOnly/FeatureServer/0,
033881ec4dba4f8d898d4a051bae2c77_25,arcgis_feature_layer,https://gis.ramseycountymn.gov/server/rest/services/Boundary/BOUND_CommissionerDistrict2022_ViewOnly/FeatureServer/25,
8237c22226b14ebbb81b57315250f05b_0,arcgis_feature_layer,https://gis.ramseycountymn.gov/server/rest/services/Survey/CAD_QuarterQuarterSection_ViewOnly/FeatureServer/0,
4ff2637f13eb4165ac4df01f8aa8f2a4_0,arcgis_feature_layer,https://gis.ramseycountymn.gov/server/rest/services/Boundary/BOUND_CurrentPrecinct_ViewOnly/FeatureServer/0,
68b369feb7144782b4b88c37e5c585c8_0,arcgis_feature_layer,https://gis.ramseycountymn.gov/server/rest/services/Survey/LOC_Benchmark_ViewOnly/FeatureServer/0,
9817e165061f480d81ba174f1a203218_0,arcgis_feature_layer,https://gis.ramseycountymn.gov/server/rest/services/Survey/LOC_SectionCorner_ViewOnly/FeatureServer/0,
b2319a19c2674be4acee55dec0dc6b3f_66,arcgis_feature_layer,https://gis.ramseycountymn.gov/server/rest/services/Cadastral/CAD_TaxParcel_ViewOnly/FeatureServer/66,
1f6eeb5051b14fc4bfb4850866d8c7b2_19,arcgis_feature_layer,https://gis.ramseycountymn.gov/server/rest/services/Cadastral/CAD_ConveyanceDivision_ViewOnly/FeatureServer/19,
1e9749e448554efd9b89d46faa23f767_0,arcgis_feature_layer,https://gis.ramseycountymn.gov/server/rest/services/Cadastral/CAD_Landtie_ViewOnly/FeatureServer/0,
5eb7f348b9284cb3a8b73b4876bab262_70,arcgis_feature_layer,https://gis.ramseycountymn.gov/server/rest/services/Cadastral/CAD_Easement_ViewOnly/FeatureServer/70,
e7ad55298b7840a7ad8a5d5188851e24_64,arcgis_feature_layer,https://gis.ramseycountymn.gov/server/rest/services/Cadastral/CAD_SpecialSurvey_ViewOnly/FeatureServer/64,
8eee6739b2cd44c68360d0f905af8dbe_0,arcgis_feature_layer,https://gis.ramseycountymn.gov/server/rest/services/Cadastral/CAD_ParcelInfo/FeatureServer/0,
41dc1b9b3a3c41519f27c2d55017f5af_0,arcgis_feature_layer,https://gis.ramseycountymn.gov/server/rest/services/Physical_Environment/WATER_WaterLine_ViewOnly/FeatureServer/0,
122c55bf35db4192832aa6f61bbbea75_0,arcgis_feature_layer,https://gis.ramseycountymn.gov/server/rest/services/Physical_Environment/ENIV_SSURGO_ViewOnly/FeatureServer/0,
77abcf90efcf48bdb6fca736bd5d80de_0,arcgis_feature_layer,https://gis.ramseycountymn.gov/server/rest/services/Cadastral/CAD_RightOfWay_ViewOnly/FeatureServer/0,
3f6116964d224684bf40f6ba572454bb_0,arcgis_feature_layer,https://gis.ramseycountymn.gov/server/rest/services/Cadastral/CAD_HistoricRightOfWay_ViewOnly/FeatureServer/0,
d736157160f04ebda427eb5ea104524f_0,arcgis_feature_layer,https://gis.ramseycountymn.gov/server/rest/services/Cadastral/CAD_AttributedPersonalProperty_ViewOnly/FeatureServer/0,
e03ba9bac0404493a367cf33146bd5c9_0,arcgis_feature_layer,https://gis.ramseycountymn.gov/server/rest/services/Physical_Environment/WATER_WaterBody_ViewOnly/FeatureServer/0,
7ba382477ae54a5b87884c622dae57f1_0,arcgis_feature_layer,https://gis.ramseycountymn.gov/server/rest/services/Transportation/TRANS_Railroad/FeatureServer/0,
9cb6813610894c8ca76e20374bba0a4d_1,arcgis_feature_layer,https://enterprise.gisdata.mn.gov/aghost/rest/services/us_mn_state_dnr/biota_dnr_forest_inv_old_growth/FeatureServer/1,
73308a41e24348efaa2dc9e448606d39_7,arcgis_feature_layer,https://enterprise.gisdata.mn.gov/aghost/rest/services/us_mn_state_mda/water_fall_fert_restriction_2026/FeatureServer/7,
965a77aee5c648819fab826584b13e4e_0,arcgis_feature_layer,https://gis.ramseycountymn.gov/server/rest/services/Transportation/TRANS_StreetSimple_ViewOnly/FeatureServer/0,
50a2589a9e51483e9a4af6d58a1ee696_0,arcgis_feature_layer,https://gis.ramseycountymn.gov/server/rest/services/Transportation/TRANS_Street_ViewOnly/FeatureServer/0,
fdd129d06c3640b49aeb3ba0c92dabb9_28,arcgis_feature_layer,https://gis.ramseycountymn.gov/server/rest/services/Boundary/BOUND_City_ViewOnly/FeatureServer/28,
b7cf8db969134745aa94cba19f479149_0,arcgis_feature_layer,https://gis.ramseycountymn.gov/server/rest/services/Structure/STRUC_Building_ViewOnly/FeatureServer/0,
5ac96acaf00948a0a110681d332d06a6_0,arcgis_feature_layer,https://gis.ramseycountymn.gov/server/rest/services/Structure/STRUC_Miscellaneous_ViewOnly/FeatureServer/0,
49fb4ef13dfb42c882a198987c4c4897_43,arcgis_feature_layer,https://gis.ramseycountymn.gov/server/rest/services/Society/SOC_Park_View_Only/FeatureServer/43,
81d586fe3c0d4bc3a73bda6b484fde30_0,arcgis_feature_layer,https://gis.ramseycountymn.gov/server/rest/services/Cadastral/CAD_AttributedParcelPoint_ViewOnly/FeatureServer/0,
beeff49ca87d4dd6aac3e93244cb13ee_0,arcgis_feature_layer,https://gis.ramseycountymn.gov/server/rest/services/Location/LOC_Address_ViewOnly/FeatureServer/0,
e181438e4cb640bcb4bdcc7aa6e28f39_0,arcgis_feature_layer,https://arcgis.metc.state.mn.us/data1/rest/services/planning/IMG2050/FeatureServer/0,
558450eac2974d2bb9ec3d5b178d09b0_0,arcgis_feature_layer,https://arcgis.metc.state.mn.us/data1/rest/services/planning/MUSA/FeatureServer/0,
558450eac2974d2bb9ec3d5b178d09b0_1,arcgis_feature_layer,https://arcgis.metc.state.mn.us/data1/rest/services/planning/MUSA/FeatureServer/1,
558450eac2974d2bb9ec3d5b178d09b0_2,arcgis_feature_layer,https://arcgis.metc.state.mn.us/data1/rest/services/planning/MUSA/FeatureServer/2,
558450eac2974d2bb9ec3d5b178d09b0_3,arcgis_feature_layer,https://arcgis.metc.state.mn.us/data1/rest/services/planning/MUSA/FeatureServer/3,
558450eac2974d2bb9ec3d5b178d09b0_4,arcgis_feature_layer,https://arcgis.metc.state.mn.us/data1/rest/services/planning/MUSA/FeatureServer/4,
558450eac2974d2bb9ec3d5b178d09b0_5,arcgis_feature_layer,https://arcgis.metc.state.mn.us/data1/rest/services/planning/MUSA/FeatureServer/5,
558450eac2974d2bb9ec3d5b178d09b0_6,arcgis_feature_layer,https://arcgis.metc.state.mn.us/data1/rest/services/planning/MUSA/FeatureServer/6,
558450eac2974d2bb9ec3d5b178d09b0_7,arcgis_feature_layer,https://arcgis.metc.state.mn.us/data1/rest/services/planning/MUSA/FeatureServer/7,
558450eac2974d2bb9ec3d5b178d09b0_8,arcgis_feature_layer,https://arcgis.metc.state.mn.us/data1/rest/services/planning/MUSA/FeatureServer/8,
558450eac2974d2bb9ec3d5b178d09b0_9,arcgis_feature_layer,https://arcgis.metc.state.mn.us/data1/rest/services/planning/MUSA/FeatureServer/9,
619074eaf3e347c8aa4dc1773303448d_0,arcgis_feature_layer,https://enterprise.gisdata.mn.gov/aghost/rest/services/us_mn_state_dnr/bdry_dnr_wildlife_admin/FeatureServer/0,
336eddb5b52c491f80c007c077394fa4_0,arcgis_feature_layer,https://arcgis.metc.state.mn.us/data1/rest/services/parcels/Parcels_2023/FeatureServer/0,
73308a41e24348efaa2dc9e448606d39_8,arcgis_feature_layer,https://enterprise.gisdata.mn.gov/aghost/rest/services/us_mn_state_mda/water_fall_fert_restriction_2026/FeatureServer/8,
029de972fb944fbf9606dd147def1056_0,arcgis_feature_layer,https://arcgis.metc.state.mn.us/data1/rest/services/planning/PLU/FeatureServer/0,
029de972fb944fbf9606dd147def1056_1,arcgis_feature_layer,https://arcgis.metc.state.mn.us/data1/rest/services/planning/PLU/FeatureServer/1,
029de972fb944fbf9606dd147def1056_2,arcgis_feature_layer,https://arcgis.metc.state.mn.us/data1/rest/services/planning/PLU/FeatureServer/2,
029de972fb944fbf9606dd147def1056_3,arcgis_feature_layer,https://arcgis.metc.state.mn.us/data1/rest/services/planning/PLU/FeatureServer/3,
575c35bc39ce45e4a989669b9f4449bc_0,arcgis_feature_layer,https://enterprise.gisdata.mn.gov/aghost/rest/services/us_mn_state_mngeo/plan_gov_own_open/FeatureServer/0,
42c956f07a714d76b242b5fdafe4e9a3_0,arcgis_feature_layer,https://webgis.dot.state.mn.us/65agsf1/rest/services/sdw_trans/ROUTES_PRIMARY_MEASURES/FeatureServer/0,
c104ba2d60f14fb29827386680a4828f_0,arcgis_feature_layer,https://webgis.dot.state.mn.us/65agsf1/rest/services/sdw_trans/ROUTE_SYSTEM_LOOKUP/FeatureServer/0,
3f3ee3b140564bc588b773512276f24b_0,arcgis_feature_layer,https://webgis.dot.state.mn.us/65agsf1/rest/services/sdw_infra/LOCKS_AND_DAMS/FeatureServer/0,
7fb9bb44724c4e4e9f7d3c265d89d45c_0,arcgis_feature_layer,https://webgis.dot.state.mn.us/65agsf1/rest/services/sdw_incdt/HCAADT_SEGMENT_CURRENT/FeatureServer/0,
c284fcd5b78644f0923f9903ed5dfa08_0,arcgis_feature_layer,https://webgis.dot.state.mn.us/65agsf1/rest/services/sdw_incdt/HCAADT_LOCATIONS_CURRENT/FeatureServer/0,
4ec4be193c8c481b9057b4be4dedbe80_0,arcgis_feature_layer,https://webgis.dot.state.mn.us/65agsf1/rest/services/sdw_incdt/AADT_LOCATIONS_CURRENT/FeatureServer/0,
0d0828f3958349309263a6203b31cc4e_0,arcgis_feature_layer,https://enterprise.gisdata.mn.gov/aghost/rest/services/us_mn_state_health/water_drinking_water_supply_vuln/FeatureServer/0,
3a71aaab703a4454823758b1810f31a5_0,arcgis_feature_layer,https://enterprise.gisdata.mn.gov/aghost/rest/services/us_mn_state_dnr/trans_ohv_trails_mn/FeatureServer/0,
ff548af5cbba4259966882b17539ce82_0,arcgis_feature_layer,https://enterprise.gisdata.mn.gov/aghost/rest/services/us_mn_state_dnr/geos_boring_hole_locations/FeatureServer/0,
ff548af5cbba4259966882b17539ce82_1,arcgis_feature_layer,https://enterprise.gisdata.mn.gov/aghost/rest/services/us_mn_state_dnr/geos_boring_hole_locations/FeatureServer/1,
ff548af5cbba4259966882b17539ce82_2,arcgis_feature_layer,https://enterprise.gisdata.mn.gov/aghost/rest/services/us_mn_state_dnr/geos_boring_hole_locations/FeatureServer/2,
ff548af5cbba4259966882b17539ce82_3,arcgis_feature_layer,https://enterprise.gisdata.mn.gov/aghost/rest/services/us_mn_state_dnr/geos_boring_hole_locations/FeatureServer/3,
69c6cb1f62cc47c481769e500d0a064f_68,arcgis_feature_layer,https://gis.ramseycountymn.gov/server/rest/services/Cadastral/CAD_SimultaneousConveyance/FeatureServer/68,
3ed5cf58c7de4e738c64e4488587edaa_0,arcgis_feature_layer,https://gis.ramseycountymn.gov/server/rest/services/Physical_Environment/ELEV_Contour_ViewOnly/FeatureServer/0,
c993e5c4be6c4317b97b37011785268f_0,arcgis_feature_layer,https://enterprise.gisdata.mn.gov/aghost/rest/services/us_mn_state_dnr/biota_nhis_calcareous_fens/FeatureServer/0,
87ccab06cbf94db9b5a3028330d40efd_0,arcgis_feature_layer,https://enterprise.gisdata.mn.gov/aghost/rest/services/us_mn_state_dnr/bdry_dnr_fisheries_admin/FeatureServer/0,
9d62ddd9d50c45cbb727648a246c0f7b_0,arcgis_feature_layer,https://enterprise.gisdata.mn.gov/aghost/rest/services/us_mn_state_pca/env_impaired_water_2026_draft/FeatureServer/0,
9d62ddd9d50c45cbb727648a246c0f7b_1,arcgis_feature_layer,https://enterprise.gisdata.mn.gov/aghost/rest/services/us_mn_state_pca/env_impaired_water_2026_draft/FeatureServer/1,
9d62ddd9d50c45cbb727648a246c0f7b_10,arcgis_feature_layer,https://enterprise.gisdata.mn.gov/aghost/rest/services/us_mn_state_pca/env_impaired_water_2026_draft/FeatureServer/10,
9d62ddd9d50c45cbb727648a246c0f7b_11,arcgis_feature_layer,https://enterprise.gisdata.mn.gov/aghost/rest/services/us_mn_state_pca/env_impaired_water_2026_draft/FeatureServer/11,
9d62ddd9d50c45cbb727648a246c0f7b_12,arcgis_feature_layer,https://enterprise.gisdata.mn.gov/aghost/rest/services/us_mn_state_pca/env_impaired_water_2026_draft/FeatureServer/12,
9d62ddd9d50c45cbb727648a246c0f7b_13,arcgis_feature_layer,https://enterprise.gisdata.mn.gov/aghost/rest/services/us_mn_state_pca/env_impaired_water_2026_draft/FeatureServer/13,
9d62ddd9d50c45cbb727648a246c0f7b_14,arcgis_feature_layer,https://enterprise.gisdata.mn.gov/aghost/rest/services/us_mn_state_pca/env_impaired_water_2026_draft/FeatureServer/14,
9d62ddd9d50c45cbb727648a246c0f7b_15,arcgis_feature_layer,https://enterprise.gisdata.mn.gov/aghost/rest/services/us_mn_state_pca/env_impaired_water_2026_draft/FeatureServer/15,
9d62ddd9d50c45cbb727648a246c0f7b_16,arcgis_feature_layer,https://enterprise.gisdata.mn.gov/aghost/rest/services/us_mn_state_pca/env_impaired_water_2026_draft/FeatureServer/16,
336eddb5b52c491f80c007c077394fa4_1,arcgis_feature_layer,https://arcgis.metc.state.mn.us/data1/rest/services/parcels/Parcels_2023/FeatureServer/1,
12e18d9bb4db4a1fa5385de26c1d4101_0,arcgis_feature_layer,https://enterprise.gisdata.mn.gov/aghost/rest/services/us_mn_state_mda/water_aquifer_vulnerability/FeatureServer/0,
9d62ddd9d50c45cbb727648a246c0f7b_2,arcgis_feature_layer,https://enterprise.gisdata.mn.gov/aghost/rest/services/us_mn_state_pca/env_impaired_water_2026_draft/FeatureServer/2,
9d62ddd9d50c45cbb727648a246c0f7b_3,arcgis_feature_layer,https://enterprise.gisdata.mn.gov/aghost/rest/services/us_mn_state_pca/env_impaired_water_2026_draft/FeatureServer/3,
9d62ddd9d50c45cbb727648a246c0f7b_4,arcgis_feature_layer,https://enterprise.gisdata.mn.gov/aghost/rest/services/us_mn_state_pca/env_impaired_water_2026_draft/FeatureServer/4,
9d62ddd9d50c45cbb727648a246c0f7b_5,arcgis_feature_layer,https://enterprise.gisdata.mn.gov/aghost/rest/services/us_mn_state_pca/env_impaired_water_2026_draft/FeatureServer/5,
9d62ddd9d50c45cbb727648a246c0f7b_6,arcgis_feature_layer,https://enterprise.gisdata.mn.gov/aghost/rest/services/us_mn_state_pca/env_impaired_water_2026_draft/FeatureServer/6,
9d62ddd9d50c45cbb727648a246c0f7b_7,arcgis_feature_layer,https://enterprise.gisdata.mn.gov/aghost/rest/services/us_mn_state_pca/env_impaired_water_2026_draft/FeatureServer/7,
9d62ddd9d50c45cbb727648a246c0f7b_8,arcgis_feature_layer,https://enterprise.gisdata.mn.gov/aghost/rest/services/us_mn_state_pca/env_impaired_water_2026_draft/FeatureServer/8,
9d62ddd9d50c45cbb727648a246c0f7b_9,arcgis_feature_layer,https://enterprise.gisdata.mn.gov/aghost/rest/services/us_mn_state_pca/env_impaired_water_2026_draft/FeatureServer/9,
1466758c531b4734bd21f8945f46fbe7_0,arcgis_feature_layer,https://enterprise.gisdata.mn.gov/aghost/rest/services/us_mn_state_pca/env_wild_rice_inventory_pca/FeatureServer/0,
1466758c531b4734bd21f8945f46fbe7_1,arcgis_feature_layer,https://enterprise.gisdata.mn.gov/aghost/rest/services/us_mn_state_pca/env_wild_rice_inventory_pca/FeatureServer/1,
10e72bd5b4874e3a95ec4c616f81f2b2_0,arcgis_feature_layer,https://enterprise.gisdata.mn.gov/aghost/rest/services/us_mn_state_pca/env_impaired_water_2022_draft/FeatureServer/0,
10e72bd5b4874e3a95ec4c616f81f2b2_1,arcgis_feature_layer,https://enterprise.gisdata.mn.gov/aghost/rest/services/us_mn_state_pca/env_impaired_water_2022_draft/FeatureServer/1,
10e72bd5b4874e3a95ec4c616f81f2b2_10,arcgis_feature_layer,https://enterprise.gisdata.mn.gov/aghost/rest/services/us_mn_state_pca/env_impaired_water_2022_draft/FeatureServer/10,
10e72bd5b4874e3a95ec4c616f81f2b2_11,arcgis_feature_layer,https://enterprise.gisdata.mn.gov/aghost/rest/services/us_mn_state_pca/env_impaired_water_2022_draft/FeatureServer/11,
10e72bd5b4874e3a95ec4c616f81f2b2_12,arcgis_feature_layer,https://enterprise.gisdata.mn.gov/aghost/rest/services/us_mn_state_pca/env_impaired_water_2022_draft/FeatureServer/12,
10e72bd5b4874e3a95ec4c616f81f2b2_13,arcgis_feature_layer,https://enterprise.gisdata.mn.gov/aghost/rest/services/us_mn_state_pca/env_impaired_water_2022_draft/FeatureServer/13,
10e72bd5b4874e3a95ec4c616f81f2b2_14,arcgis_feature_layer,https://enterprise.gisdata.mn.gov/aghost/rest/services/us_mn_state_pca/env_impaired_water_2022_draft/FeatureServer/14,
10e72bd5b4874e3a95ec4c616f81f2b2_15,arcgis_feature_layer,https://enterprise.gisdata.mn.gov/aghost/rest/services/us_mn_state_pca/env_impaired_water_2022_draft/FeatureServer/15,
10e72bd5b4874e3a95ec4c616f81f2b2_16,arcgis_feature_layer,https://enterprise.gisdata.mn.gov/aghost/rest/services/us_mn_state_pca/env_impaired_water_2022_draft/FeatureServer/16,
10e72bd5b4874e3a95ec4c616f81f2b2_17,arcgis_feature_layer,https://enterprise.gisdata.mn.gov/aghost/rest/services/us_mn_state_pca/env_impaired_water_2022_draft/FeatureServer/17,
10e72bd5b4874e3a95ec4c616f81f2b2_18,arcgis_feature_layer,https://enterprise.gisdata.mn.gov/aghost/rest/services/us_mn_state_pca/env_impaired_water_2022_draft/FeatureServer/18,
10e72bd5b4874e3a95ec4c616f81f2b2_19,arcgis_feature_layer,https://enterprise.gisdata.mn.gov/aghost/rest/services/us_mn_state_pca/env_impaired_water_2022_draft/FeatureServer/19,
10e72bd5b4874e3a95ec4c616f81f2b2_2,arcgis_feature_layer,https://enterprise.gisdata.mn.gov/aghost/rest/services/us_mn_state_pca/env_impaired_water_2022_draft/FeatureServer/2,
10e72bd5b4874e3a95ec4c616f81f2b2_3,arcgis_feature_layer,https://enterprise.gisdata.mn.gov/aghost/rest/services/us_mn_state_pca/env_impaired_water_2022_draft/FeatureServer/3,
10e72bd5b4874e3a95ec4c616f81f2b2_4,arcgis_feature_layer,https://enterprise.gisdata.mn.gov/aghost/rest/services/us_mn_state_pca/env_impaired_water_2022_draft/FeatureServer/4,
10e72bd5b4874e3a95ec4c616f81f2b2_5,arcgis_feature_layer,https://enterprise.gisdata.mn.gov/aghost/rest/services/us_mn_state_pca/env_impaired_water_2022_draft/FeatureServer/5,
10e72bd5b4874e3a95ec4c616f81f2b2_6,arcgis_feature_layer,https://enterprise.gisdata.mn.gov/aghost/rest/services/us_mn_state_pca/env_impaired_water_2022_draft/FeatureServer/6,
10e72bd5b4874e3a95ec4c616f81f2b2_7,arcgis_feature_layer,https://enterprise.gisdata.mn.gov/aghost/rest/services/us_mn_state_pca/env_impaired_water_2022_draft/FeatureServer/7,
10e72bd5b4874e3a95ec4c616f81f2b2_8,arcgis_feature_layer,https://enterprise.gisdata.mn.gov/aghost/rest/services/us_mn_state_pca/env_impaired_water_2022_draft/FeatureServer/8,
10e72bd5b4874e3a95ec4c616f81f2b2_9,arcgis_feature_layer,https://enterprise.gisdata.mn.gov/aghost/rest/services/us_mn_state_pca/env_impaired_water_2022_draft/FeatureServer/9,
fbc6c35059894add9476f94753df37b6_0,arcgis_feature_layer,https://enterprise.gisdata.mn.gov/aghost/rest/services/us_mn_state_pca/env_impaired_streams_2010/FeatureServer/0,
5805c0b285814e1c8d58159015a639ed_0,arcgis_feature_layer,https://enterprise.gisdata.mn.gov/aghost/rest/services/us_mn_state_mngeo/util_fcc/FeatureServer/0,
336eddb5b52c491f80c007c077394fa4_2,arcgis_feature_layer,https://arcgis.metc.state.mn.us/data1/rest/services/parcels/Parcels_2023/FeatureServer/2,
67588f31a1214bad901cfae35d6da8c3_0,arcgis_feature_layer,https://enterprise.gisdata.mn.gov/aghost/rest/services/us_mn_state_mda/util_ethanol_plant_locations/FeatureServer/0,
1f3685e9ae7242e3bca8319bc60b9d2c_0,arcgis_feature_layer,https://enterprise.gisdata.mn.gov/aghost/rest/services/us_mn_state_mngeo/plan_mngeo_trs/FeatureServer/0,
1f3685e9ae7242e3bca8319bc60b9d2c_1,arcgis_feature_layer,https://enterprise.gisdata.mn.gov/aghost/rest/services/us_mn_state_mngeo/plan_mngeo_trs/FeatureServer/1,
1f3685e9ae7242e3bca8319bc60b9d2c_2,arcgis_feature_layer,https://enterprise.gisdata.mn.gov/aghost/rest/services/us_mn_state_mngeo/plan_mngeo_trs/FeatureServer/2,
1f3685e9ae7242e3bca8319bc60b9d2c_3,arcgis_feature_layer,https://enterprise.gisdata.mn.gov/aghost/rest/services/us_mn_state_mngeo/plan_mngeo_trs/FeatureServer/3,
1f3685e9ae7242e3bca8319bc60b9d2c_4,arcgis_feature_layer,https://enterprise.gisdata.mn.gov/aghost/rest/services/us_mn_state_mngeo/plan_mngeo_trs/FeatureServer/4,
10e478a4051a46d1b05f02337643d92e_0,arcgis_feature_layer,https://enterprise.gisdata.mn.gov/aghost/rest/services/us_mn_state_mngeo/biota_landcover_ripbisf_1990s/FeatureServer/0,
10e478a4051a46d1b05f02337643d92e_1,arcgis_feature_layer,https://enterprise.gisdata.mn.gov/aghost/rest/services/us_mn_state_mngeo/biota_landcover_ripbisf_1990s/FeatureServer/1,
116a40a39b184dfcafca5a4fb5faa7da_0,arcgis_feature_layer,https://enterprise.gisdata.mn.gov/aghost/rest/services/us_mn_state_mngeo/biota_landcover_mlmis_1969/FeatureServer/0,
b1645123a70a4128bc877beac3dc748c_0,arcgis_feature_layer,https://enterprise.gisdata.mn.gov/aghost/rest/services/us_mn_state_mngeo/biota_landcover_beltclea_1986/FeatureServer/0,
b1645123a70a4128bc877beac3dc748c_1,arcgis_feature_layer,https://enterprise.gisdata.mn.gov/aghost/rest/services/us_mn_state_mngeo/biota_landcover_beltclea_1986/FeatureServer/1,
b02794b39e1e4125a3c89b059195f3dc_0,arcgis_feature_layer,https://enterprise.gisdata.mn.gov/aghost/rest/services/us_mn_state_dnr/water_nat_wetlands_inv_2009_2014/FeatureServer/0,
b02794b39e1e4125a3c89b059195f3dc_1,arcgis_feature_layer,https://enterprise.gisdata.mn.gov/aghost/rest/services/us_mn_state_dnr/water_nat_wetlands_inv_2009_2014/FeatureServer/1,
b02794b39e1e4125a3c89b059195f3dc_2,arcgis_feature_layer,https://enterprise.gisdata.mn.gov/aghost/rest/services/us_mn_state_dnr/water_nat_wetlands_inv_2009_2014/FeatureServer/2,
b02794b39e1e4125a3c89b059195f3dc_3,arcgis_feature_layer,https://enterprise.gisdata.mn.gov/aghost/rest/services/us_mn_state_dnr/water_nat_wetlands_inv_2009_2014/FeatureServer/3,
da098fb741874d168cf03e22b64a2d39_0,arcgis_feature_layer,https://enterprise.gisdata.mn.gov/aghost/rest/services/us_mn_state_dnr/water_major_river_centerlines/FeatureServer/0,
336eddb5b52c491f80c007c077394fa4_3,arcgis_feature_layer,https://arcgis.metc.state.mn.us/data1/rest/services/parcels/Parcels_2023/FeatureServer/3,
b30e1b9916ea4a739670330d91f02a5d_0,arcgis_feature_layer,https://enterprise.gisdata.mn.gov/aghost/rest/services/us_mn_state_mda/geos_soil_temp_network/FeatureServer/0,
d26eb1d402e84c4db9a302d29f4fc1c9_0,arcgis_feature_layer,https://enterprise.gisdata.mn.gov/aghost/rest/services/us_mn_state_dnr/water_dnr_hydrography/FeatureServer/0,
d26eb1d402e84c4db9a302d29f4fc1c9_1,arcgis_feature_layer,https://enterprise.gisdata.mn.gov/aghost/rest/services/us_mn_state_dnr/water_dnr_hydrography/FeatureServer/1,
10c4cf094c834bc7b6668d8f0316b062_0,arcgis_feature_layer,https://enterprise.gisdata.mn.gov/aghost/rest/services/us_mn_state_dnr/env_rare_natural_communities_pub/FeatureServer/0,
10c4cf094c834bc7b6668d8f0316b062_1,arcgis_feature_layer,https://enterprise.gisdata.mn.gov/aghost/rest/services/us_mn_state_dnr/env_rare_natural_communities_pub/FeatureServer/1,
e33f8c1bd2854b25957a88c64197f500_0,arcgis_feature_layer,https://enterprise.gisdata.mn.gov/aghost/rest/services/us_mn_state_dnr/trans_water_trails_minnesota/FeatureServer/0,
a2244a38d9f34dc1a3f4cbcb0901af40_0,arcgis_feature_layer,https://enterprise.gisdata.mn.gov/aghost/rest/services/us_mn_state_dnr/trans_state_trails_minnesota/FeatureServer/0,
336eddb5b52c491f80c007c077394fa4_4,arcgis_feature_layer,https://arcgis.metc.state.mn.us/data1/rest/services/parcels/Parcels_2023/FeatureServer/4,
336eddb5b52c491f80c007c077394fa4_5,arcgis_feature_layer,https://arcgis.metc.state.mn.us/data1/rest/services/parcels/Parcels_2023/FeatureServer/5,
336eddb5b52c491f80c007c077394fa4_6,arcgis_feature_layer,https://arcgis.metc.state.mn.us/data1/rest/services/parcels/Parcels_2023/FeatureServer/6,
ec439bc92b5b4d769cf775f4fa0a1b1e_0,arcgis_feature_layer,https://arcgis.metc.state.mn.us/data1/rest/services/parcels/Parcel_Points_2022/FeatureServer/0,
ec439bc92b5b4d769cf775f4fa0a1b1e_1,arcgis_feature_layer,https://arcgis.metc.state.mn.us/data1/rest/services/parcels/Parcel_Points_2022/FeatureServer/1,
ec439bc92b5b4d769cf775f4fa0a1b1e_2,arcgis_feature_layer,https://arcgis.metc.state.mn.us/data1/rest/services/parcels/Parcel_Points_2022/FeatureServer/2,
ec439bc92b5b4d769cf775f4fa0a1b1e_3,arcgis_feature_layer,https://arcgis.metc.state.mn.us/data1/rest/services/parcels/Parcel_Points_2022/FeatureServer/3,
ec439bc92b5b4d769cf775f4fa0a1b1e_4,arcgis_feature_layer,https://arcgis.metc.state.mn.us/data1/rest/services/parcels/Parcel_Points_2022/FeatureServer/4,
ec439bc92b5b4d769cf775f4fa0a1b1e_5,arcgis_feature_layer,https://arcgis.metc.state.mn.us/data1/rest/services/parcels/Parcel_Points_2022/FeatureServer/5,
ec439bc92b5b4d769cf775f4fa0a1b1e_6,arcgis_feature_layer,https://arcgis.metc.state.mn.us/data1/rest/services/parcels/Parcel_Points_2022/FeatureServer/6,
ec439bc92b5b4d769cf775f4fa0a1b1e_7,arcgis_feature_layer,https://arcgis.metc.state.mn.us/data1/rest/services/parcels/Parcel_Points_2022/FeatureServer/7,
3b064dfe73cc49daa4afc2a811ab7fa5_0,arcgis_feature_layer,https://arcgis.metc.state.mn.us/data1/rest/services/parcels/Parcels_2024/FeatureServer/0,
3b064dfe73cc49daa4afc2a811ab7fa5_1,arcgis_feature_layer,https://arcgis.metc.state.mn.us/data1/rest/services/parcels/Parcels_2024/FeatureServer/1,
3b064dfe73cc49daa4afc2a811ab7fa5_2,arcgis_feature_layer,https://arcgis.metc.state.mn.us/data1/rest/services/parcels/Parcels_2024/FeatureServer/2,
fbaf1000f1ff45e0acc4057e3d88a5e8_0,arcgis_feature_layer,https://enterprise.gisdata.mn.gov/aghost/rest/services/us_mn_state_mda/env_spongy_moth/FeatureServer/0,
3b064dfe73cc49daa4afc2a811ab7fa5_3,arcgis_feature_layer,https://arcgis.metc.state.mn.us/data1/rest/services/parcels/Parcels_2024/FeatureServer/3,
3b064dfe73cc49daa4afc2a811ab7fa5_4,arcgis_feature_layer,https://arcgis.metc.state.mn.us/data1/rest/services/parcels/Parcels_2024/FeatureServer/4,
3b064dfe73cc49daa4afc2a811ab7fa5_5,arcgis_feature_layer,https://arcgis.metc.state.mn.us/data1/rest/services/parcels/Parcels_2024/FeatureServer/5,
3b064dfe73cc49daa4afc2a811ab7fa5_6,arcgis_feature_layer,https://arcgis.metc.state.mn.us/data1/rest/services/parcels/Parcels_2024/FeatureServer/6,
f0a63fe53817415896d19f53b16f49cc_0,arcgis_feature_layer,https://arcgis.metc.state.mn.us/data1/rest/services/parcels/Parcels_2022/FeatureServer/0,
f0a63fe53817415896d19f53b16f49cc_1,arcgis_feature_layer,https://arcgis.metc.state.mn.us/data1/rest/services/parcels/Parcels_2022/FeatureServer/1,
f0a63fe53817415896d19f53b16f49cc_2,arcgis_feature_layer,https://arcgis.metc.state.mn.us/data1/rest/services/parcels/Parcels_2022/FeatureServer/2,
f0a63fe53817415896d19f53b16f49cc_3,arcgis_feature_layer,https://arcgis.metc.state.mn.us/data1/rest/services/parcels/Parcels_2022/FeatureServer/3,
f0a63fe53817415896d19f53b16f49cc_4,arcgis_feature_layer,https://arcgis.metc.state.mn.us/data1/rest/services/parcels/Parcels_2022/FeatureServer/4,
f0a63fe53817415896d19f53b16f49cc_5,arcgis_feature_layer,https://arcgis.metc.state.mn.us/data1/rest/services/parcels/Parcels_2022/FeatureServer/5,
f0a63fe53817415896d19f53b16f49cc_6,arcgis_feature_layer,https://arcgis.metc.state.mn.us/data1/rest/services/parcels/Parcels_2022/FeatureServer/6,
b8fbbfe08eb74da686611605501467ed_0,arcgis_feature_layer,https://arcgis.metc.state.mn.us/data1/rest/services/parcels/Parcels_2021/FeatureServer/0,
b8fbbfe08eb74da686611605501467ed_1,arcgis_feature_layer,https://arcgis.metc.state.mn.us/data1/rest/services/parcels/Parcels_2021/FeatureServer/1,
b8fbbfe08eb74da686611605501467ed_2,arcgis_feature_layer,https://arcgis.metc.state.mn.us/data1/rest/services/parcels/Parcels_2021/FeatureServer/2,
b8fbbfe08eb74da686611605501467ed_3,arcgis_feature_layer,https://arcgis.metc.state.mn.us/data1/rest/services/parcels/Parcels_2021/FeatureServer/3,
b8fbbfe08eb74da686611605501467ed_4,arcgis_feature_layer,https://arcgis.metc.state.mn.us/data1/rest/services/parcels/Parcels_2021/FeatureServer/4,
b8fbbfe08eb74da686611605501467ed_5,arcgis_feature_layer,https://arcgis.metc.state.mn.us/data1/rest/services/parcels/Parcels_2021/FeatureServer/5,
b8fbbfe08eb74da686611605501467ed_6,arcgis_feature_layer,https://arcgis.metc.state.mn.us/data1/rest/services/parcels/Parcels_2021/FeatureServer/6,
a789985ca4b8469885943a06e4dd0cd3_0,arcgis_feature_layer,https://arcgis.metc.state.mn.us/data1/rest/services/parcels/Parcel_Points_2025/FeatureServer/0,
a789985ca4b8469885943a06e4dd0cd3_1,arcgis_feature_layer,https://arcgis.metc.state.mn.us/data1/rest/services/parcels/Parcel_Points_2025/FeatureServer/1,
a789985ca4b8469885943a06e4dd0cd3_2,arcgis_feature_layer,https://arcgis.metc.state.mn.us/data1/rest/services/parcels/Parcel_Points_2025/FeatureServer/2,
a789985ca4b8469885943a06e4dd0cd3_3,arcgis_feature_layer,https://arcgis.metc.state.mn.us/data1/rest/services/parcels/Parcel_Points_2025/FeatureServer/3,
a789985ca4b8469885943a06e4dd0cd3_4,arcgis_feature_layer,https://arcgis.metc.state.mn.us/data1/rest/services/parcels/Parcel_Points_2025/FeatureServer/4,
a789985ca4b8469885943a06e4dd0cd3_5,arcgis_feature_layer,https://arcgis.metc.state.mn.us/data1/rest/services/parcels/Parcel_Points_2025/FeatureServer/5,
a789985ca4b8469885943a06e4dd0cd3_6,arcgis_feature_layer,https://arcgis.metc.state.mn.us/data1/rest/services/parcels/Parcel_Points_2025/FeatureServer/6,
a789985ca4b8469885943a06e4dd0cd3_7,arcgis_feature_layer,https://arcgis.metc.state.mn.us/data1/rest/services/parcels/Parcel_Points_2025/FeatureServer/7,
c7beac64d2124af6b40b76d790e151a4_0,arcgis_feature_layer,https://arcgis.metc.state.mn.us/data1/rest/services/parcels/Parcel_Points_2024/FeatureServer/0,
c7beac64d2124af6b40b76d790e151a4_1,arcgis_feature_layer,https://arcgis.metc.state.mn.us/data1/rest/services/parcels/Parcel_Points_2024/FeatureServer/1,
c7beac64d2124af6b40b76d790e151a4_2,arcgis_feature_layer,https://arcgis.metc.state.mn.us/data1/rest/services/parcels/Parcel_Points_2024/FeatureServer/2,
c7beac64d2124af6b40b76d790e151a4_3,arcgis_feature_layer,https://arcgis.metc.state.mn.us/data1/rest/services/parcels/Parcel_Points_2024/FeatureServer/3,
c7beac64d2124af6b40b76d790e151a4_4,arcgis_feature_layer,https://arcgis.metc.state.mn.us/data1/rest/services/parcels/Parcel_Points_2024/FeatureServer/4,
c7beac64d2124af6b40b76d790e151a4_5,arcgis_feature_layer,https://arcgis.metc.state.mn.us/data1/rest/services/parcels/Parcel_Points_2024/FeatureServer/5,
c7beac64d2124af6b40b76d790e151a4_6,arcgis_feature_layer,https://arcgis.metc.state.mn.us/data1/rest/services/parcels/Parcel_Points_2024/FeatureServer/6,
c7beac64d2124af6b40b76d790e151a4_7,arcgis_feature_layer,https://arcgis.metc.state.mn.us/data1/rest/services/parcels/Parcel_Points_2024/FeatureServer/7,
5367145ced2a414896b8a2308fb2d6b9_0,arcgis_feature_layer,https://arcgis.metc.state.mn.us/data1/rest/services/parcels/Parcel_Points_2023/FeatureServer/0,
5367145ced2a414896b8a2308fb2d6b9_1,arcgis_feature_layer,https://arcgis.metc.state.mn.us/data1/rest/services/parcels/Parcel_Points_2023/FeatureServer/1,
5367145ced2a414896b8a2308fb2d6b9_2,arcgis_feature_layer,https://arcgis.metc.state.mn.us/data1/rest/services/parcels/Parcel_Points_2023/FeatureServer/2,
5367145ced2a414896b8a2308fb2d6b9_3,arcgis_feature_layer,https://arcgis.metc.state.mn.us/data1/rest/services/parcels/Parcel_Points_2023/FeatureServer/3,
5367145ced2a414896b8a2308fb2d6b9_4,arcgis_feature_layer,https://arcgis.metc.state.mn.us/data1/rest/services/parcels/Parcel_Points_2023/FeatureServer/4,
e38d404eff4e43d397e26ab8fb04611a_0,arcgis_feature_layer,https://enterprise.gisdata.mn.gov/aghost/rest/services/us_mn_state_mda/env_nitrate_well_test/FeatureServer/0,
5367145ced2a414896b8a2308fb2d6b9_5,arcgis_feature_layer,https://arcgis.metc.state.mn.us/data1/rest/services/parcels/Parcel_Points_2023/FeatureServer/5,
5367145ced2a414896b8a2308fb2d6b9_6,arcgis_feature_layer,https://arcgis.metc.state.mn.us/data1/rest/services/parcels/Parcel_Points_2023/FeatureServer/6,
5367145ced2a414896b8a2308fb2d6b9_7,arcgis_feature_layer,https://arcgis.metc.state.mn.us/data1/rest/services/parcels/Parcel_Points_2023/FeatureServer/7,
75230e00edc6418283af8e941e1c58e5_0,arcgis_feature_layer,https://arcgis.metc.state.mn.us/data1/rest/services/parcels/Parcel_Points_2021/FeatureServer/0,
75230e00edc6418283af8e941e1c58e5_1,arcgis_feature_layer,https://arcgis.metc.state.mn.us/data1/rest/services/parcels/Parcel_Points_2021/FeatureServer/1,
75230e00edc6418283af8e941e1c58e5_2,arcgis_feature_layer,https://arcgis.metc.state.mn.us/data1/rest/services/parcels/Parcel_Points_2021/FeatureServer/2,
75230e00edc6418283af8e941e1c58e5_3,arcgis_feature_layer,https://arcgis.metc.state.mn.us/data1/rest/services/parcels/Parcel_Points_2021/FeatureServer/3,
75230e00edc6418283af8e941e1c58e5_4,arcgis_feature_layer,https://arcgis.metc.state.mn.us/data1/rest/services/parcels/Parcel_Points_2021/FeatureServer/4,
75230e00edc6418283af8e941e1c58e5_5,arcgis_feature_layer,https://arcgis.metc.state.mn.us/data1/rest/services/parcels/Parcel_Points_2021/FeatureServer/5,
75230e00edc6418283af8e941e1c58e5_6,arcgis_feature_layer,https://arcgis.metc.state.mn.us/data1/rest/services/parcels/Parcel_Points_2021/FeatureServer/6,
75230e00edc6418283af8e941e1c58e5_7,arcgis_feature_layer,https://arcgis.metc.state.mn.us/data1/rest/services/parcels/Parcel_Points_2021/FeatureServer/7,
2de650d171ad4a55bec2b292c0e3dba7_1,arcgis_feature_layer,https://arcgis.metc.state.mn.us/data2/rest/services/transportation/Road_Centerlines/FeatureServer/1,
3acbb515e1754670896b467f79d15ff5_0,arcgis_feature_layer,https://arcgis.metc.state.mn.us/data1/rest/services/location/Address_Points_Modifications/FeatureServer/0,
614698911771452c8f75e28619c91b75_0,arcgis_feature_layer,https://arcgis.metc.state.mn.us/data2/rest/services/transportation/Road_Centerlines/FeatureServer/0,
28588b891c104db989f870ac70fd444c_0,arcgis_feature_layer,https://arcgis.metc.state.mn.us/data2/rest/services/transportation/Transit_Shelters/FeatureServer/0,
28588b891c104db989f870ac70fd444c_1,arcgis_feature_layer,https://arcgis.metc.state.mn.us/data2/rest/services/transportation/Transit_Shelters/FeatureServer/1,
28588b891c104db989f870ac70fd444c_2,arcgis_feature_layer,https://arcgis.metc.state.mn.us/data2/rest/services/transportation/Transit_Shelters/FeatureServer/2,
e38d404eff4e43d397e26ab8fb04611a_1,arcgis_feature_layer,https://enterprise.gisdata.mn.gov/aghost/rest/services/us_mn_state_mda/env_nitrate_well_test/FeatureServer/1,
28588b891c104db989f870ac70fd444c_3,arcgis_feature_layer,https://arcgis.metc.state.mn.us/data2/rest/services/transportation/Transit_Shelters/FeatureServer/3,
b76ef586d87c4d2a97447fefec8da819_3,arcgis_feature_layer,https://arcgis.metc.state.mn.us/data1/rest/services/utility/ES_Utility_Asset_Public/FeatureServer/3,
10af0bf9ae5b46209619ebfde7c79ed2_5,arcgis_feature_layer,https://arcgis.metc.state.mn.us/data2/rest/services/transportation/Other_Transit_Public/FeatureServer/5,
083cb19fe26c46a78b3961371fb7c49e_3,arcgis_feature_layer,https://arcgis.metc.state.mn.us/data2/rest/services/transportation/Transit_SAP/FeatureServer/3,
6745b51432554e38b7b6528db0683814_0,arcgis_feature_layer,https://arcgis.metc.state.mn.us/data1/rest/services/structure/Other_Structure_Public/FeatureServer/0,
9befd5b5e17641458c7a355e8e8af22f_1,arcgis_feature_layer,https://arcgis.metc.state.mn.us/data1/rest/services/structure/Other_Structure_Public/FeatureServer/1,
c315925bd49a4fb9935c19448a5a901f_0,arcgis_feature_layer,https://arcgis.metc.state.mn.us/data1/rest/services/water/Priority_Waters/FeatureServer/0,
c315925bd49a4fb9935c19448a5a901f_1,arcgis_feature_layer,https://arcgis.metc.state.mn.us/data1/rest/services/water/Priority_Waters/FeatureServer/1,
c315925bd49a4fb9935c19448a5a901f_2,arcgis_feature_layer,https://arcgis.metc.state.mn.us/data1/rest/services/water/Priority_Waters/FeatureServer/2,
aab052defc1945f681321907186a825d_2,arcgis_feature_layer,https://arcgis.metc.state.mn.us/data2/rest/services/transportation/Transit_Stops/FeatureServer/2,
be3077f28b4142939827aea858b76957_1,arcgis_feature_layer,https://arcgis.metc.state.mn.us/data2/rest/services/transportation/Transit_Stops/FeatureServer/1,
61a8ee4135344526a5823ab8c71a79f1_0,arcgis_feature_layer,https://enterprise.gisdata.mn.gov/aghost/rest/services/us_mn_state_mda/env_gypsy_moth/FeatureServer/0,
8963d9215e8642d7b5b3024746774f3b_0,arcgis_feature_layer,https://enterprise.gisdata.mn.gov/aghost/rest/services/us_mn_state_mda/biota_bmsb/FeatureServer/0,
79da3cf3b65d456f8ea1d8b33698f607_0,arcgis_feature_layer,https://enterprise.gisdata.mn.gov/aghost/rest/services/us_mn_state_mda/bdry_border_entities/FeatureServer/0,
79da3cf3b65d456f8ea1d8b33698f607_1,arcgis_feature_layer,https://enterprise.gisdata.mn.gov/aghost/rest/services/us_mn_state_mda/bdry_border_entities/FeatureServer/1,
79da3cf3b65d456f8ea1d8b33698f607_2,arcgis_feature_layer,https://enterprise.gisdata.mn.gov/aghost/rest/services/us_mn_state_mda/bdry_border_entities/FeatureServer/2,
e941c1ac31a944c488b261b6a419739f_0,arcgis_feature_layer,https://enterprise.gisdata.mn.gov/aghost/rest/services/us_mn_state_mda/base_urban_areas/FeatureServer/0,
6e6a8c32fdf24fc99c61915925e6bba7_0,arcgis_feature_layer,https://enterprise.gisdata.mn.gov/aghost/rest/services/us_mn_state_dot/geos_surf_geol/FeatureServer/0,
4fa343f6c0db43e6b0f5e0c469dc1d30_0,arcgis_feature_layer,https://enterprise.gisdata.mn.gov/aghost/rest/services/us_mn_state_dot/geos_land_sed/FeatureServer/0,
4fa343f6c0db43e6b0f5e0c469dc1d30_1,arcgis_feature_layer,https://enterprise.gisdata.mn.gov/aghost/rest/services/us_mn_state_dot/geos_land_sed/FeatureServer/1,
4fa343f6c0db43e6b0f5e0c469dc1d30_2,arcgis_feature_layer,https://enterprise.gisdata.mn.gov/aghost/rest/services/us_mn_state_dot/geos_land_sed/FeatureServer/2,
254b839fad56473c82428a2d8e0b9f27_0,arcgis_feature_layer,https://enterprise.gisdata.mn.gov/aghost/rest/services/us_mn_state_dot/biota_wild_rice/FeatureServer/0,
942b2e228f0f4f669763a8db178905a4_0,arcgis_feature_layer,https://enterprise.gisdata.mn.gov/aghost/rest/services/us_mn_state_dnr/water_strahler_stream_order/FeatureServer/0,
ad5983f428b84b4fbc8adfb946a06c3b_0,arcgis_feature_layer,https://enterprise.gisdata.mn.gov/aghost/rest/services/us_mn_state_dnr/water_shallow_lakes_id_by_wldlif/FeatureServer/0,
ad5983f428b84b4fbc8adfb946a06c3b_1,arcgis_feature_layer,https://enterprise.gisdata.mn.gov/aghost/rest/services/us_mn_state_dnr/water_shallow_lakes_id_by_wldlif/FeatureServer/1,
c31c3d00c015485b84a9d2a8e02aa696_0,arcgis_feature_layer,https://enterprise.gisdata.mn.gov/aghost/rest/services/us_mn_state_dnr/water_measured_kittle_routes/FeatureServer/0,
10d514bdb22b49fb971bd8c67abfde5f_0,arcgis_feature_layer,https://enterprise.gisdata.mn.gov/aghost/rest/services/us_mn_state_dnr/water_large_lakes_in_minnesota/FeatureServer/0,
048d84827c9940ce96e37a813a53c8e2_0,arcgis_feature_layer,https://enterprise.gisdata.mn.gov/aghost/rest/services/us_mn_state_dnr/water_lake_superior_basin/FeatureServer/0,
8d2132ccfb0b49018da95824506d4dfa_0,arcgis_feature_layer,https://enterprise.gisdata.mn.gov/aghost/rest/services/us_mn_state_dnr/water_lake_basin_morphology/FeatureServer/0,
8d2132ccfb0b49018da95824506d4dfa_1,arcgis_feature_layer,https://enterprise.gisdata.mn.gov/aghost/rest/services/us_mn_state_dnr/water_lake_basin_morphology/FeatureServer/1,
8dc7c07f51e44ae8816be25796c36c5e_0,arcgis_feature_layer,https://enterprise.gisdata.mn.gov/aghost/rest/services/us_mn_state_dnr/water_lake_basin_littoral_zones/FeatureServer/0,
8dc7c07f51e44ae8816be25796c36c5e_1,arcgis_feature_layer,https://enterprise.gisdata.mn.gov/aghost/rest/services/us_mn_state_dnr/water_lake_basin_littoral_zones/FeatureServer/1,
dfa71b71d55941789ef649ee52f03883_0,arcgis_feature_layer,https://enterprise.gisdata.mn.gov/aghost/rest/services/us_mn_state_dnr/water_fisheries_reclamations/FeatureServer/0,
dfa71b71d55941789ef649ee52f03883_1,arcgis_feature_layer,https://enterprise.gisdata.mn.gov/aghost/rest/services/us_mn_state_dnr/water_fisheries_reclamations/FeatureServer/1,
49babc6c5052422499fa5c996a3ddd39_0,arcgis_feature_layer,https://enterprise.gisdata.mn.gov/aghost/rest/services/us_mn_state_dnr/water_dnr_hydrography_from_lidar/FeatureServer/0,
49babc6c5052422499fa5c996a3ddd39_1,arcgis_feature_layer,https://enterprise.gisdata.mn.gov/aghost/rest/services/us_mn_state_dnr/water_dnr_hydrography_from_lidar/FeatureServer/1,
49babc6c5052422499fa5c996a3ddd39_2,arcgis_feature_layer,https://enterprise.gisdata.mn.gov/aghost/rest/services/us_mn_state_dnr/water_dnr_hydrography_from_lidar/FeatureServer/2,
49babc6c5052422499fa5c996a3ddd39_3,arcgis_feature_layer,https://enterprise.gisdata.mn.gov/aghost/rest/services/us_mn_state_dnr/water_dnr_hydrography_from_lidar/FeatureServer/3,
49babc6c5052422499fa5c996a3ddd39_4,arcgis_feature_layer,https://enterprise.gisdata.mn.gov/aghost/rest/services/us_mn_state_dnr/water_dnr_hydrography_from_lidar/FeatureServer/4,
28d6a3aa5bc8431bb90af36ac80974af_0,arcgis_feature_layer,https://enterprise.gisdata.mn.gov/aghost/rest/services/us_mn_state_dnr/struc_state_forest_campgrounds/FeatureServer/0,
28d6a3aa5bc8431bb90af36ac80974af_1,arcgis_feature_layer,https://enterprise.gisdata.mn.gov/aghost/rest/services/us_mn_state_dnr/struc_state_forest_campgrounds/FeatureServer/1,
a6e3b14752ff4a6fa91a6b44c385ff6e_0,arcgis_feature_layer,https://enterprise.gisdata.mn.gov/aghost/rest/services/us_mn_state_dnr/struc_parks_and_trails_campsites/FeatureServer/0,
2f3d810557004199bbaa1ba7387959b5_0,arcgis_feature_layer,https://enterprise.gisdata.mn.gov/aghost/rest/services/us_mn_state_dnr/struc_fishing_sites_in_minnesota/FeatureServer/0,
c90e8f624b714e3498a4c21b4e52df32_0,arcgis_feature_layer,https://enterprise.gisdata.mn.gov/aghost/rest/services/us_mn_state_dnr/trans_state_park_trails_roads/FeatureServer/0,
d06cdf7fdd5d40288ea1a4002e56cb52_0,arcgis_feature_layer,https://enterprise.gisdata.mn.gov/aghost/rest/services/us_mn_state_dnr/plan_stateland_dnr/FeatureServer/0,
d06cdf7fdd5d40288ea1a4002e56cb52_1,arcgis_feature_layer,https://enterprise.gisdata.mn.gov/aghost/rest/services/us_mn_state_dnr/plan_stateland_dnr/FeatureServer/1,
d06cdf7fdd5d40288ea1a4002e56cb52_10,arcgis_feature_layer,https://enterprise.gisdata.mn.gov/aghost/rest/services/us_mn_state_dnr/plan_stateland_dnr/FeatureServer/10,
d06cdf7fdd5d40288ea1a4002e56cb52_11,arcgis_feature_layer,https://enterprise.gisdata.mn.gov/aghost/rest/services/us_mn_state_dnr/plan_stateland_dnr/FeatureServer/11,
d06cdf7fdd5d40288ea1a4002e56cb52_12,arcgis_feature_layer,https://enterprise.gisdata.mn.gov/aghost/rest/services/us_mn_state_dnr/plan_stateland_dnr/FeatureServer/12,
d06cdf7fdd5d40288ea1a4002e56cb52_13,arcgis_feature_layer,https://enterprise.gisdata.mn.gov/aghost/rest/services/us_mn_state_dnr/plan_stateland_dnr/FeatureServer/13,
d06cdf7fdd5d40288ea1a4002e56cb52_14,arcgis_feature_layer,https://enterprise.gisdata.mn.gov/aghost/rest/services/us_mn_state_dnr/plan_stateland_dnr/FeatureServer/14,
d06cdf7fdd5d40288ea1a4002e56cb52_2,arcgis_feature_layer,https://enterprise.gisdata.mn.gov/aghost/rest/services/us_mn_state_dnr/plan_stateland_dnr/FeatureServer/2,
d06cdf7fdd5d40288ea1a4002e56cb52_3,arcgis_feature_layer,https://enterprise.gisdata.mn.gov/aghost/rest/services/us_mn_state_dnr/plan_stateland_dnr/FeatureServer/3,
d06cdf7fdd5d40288ea1a4002e56cb52_4,arcgis_feature_layer,https://enterprise.gisdata.mn.gov/aghost/rest/services/us_mn_state_dnr/plan_stateland_dnr/FeatureServer/4,
d06cdf7fdd5d40288ea1a4002e56cb52_5,arcgis_feature_layer,https://enterprise.gisdata.mn.gov/aghost/rest/services/us_mn_state_dnr/plan_stateland_dnr/FeatureServer/5,
d06cdf7fdd5d40288ea1a4002e56cb52_6,arcgis_feature_layer,https://enterprise.gisdata.mn.gov/aghost/rest/services/us_mn_state_dnr/plan_stateland_dnr/FeatureServer/6,
d06cdf7fdd5d40288ea1a4002e56cb52_7,arcgis_feature_layer,https://enterprise.gisdata.mn.gov/aghost/rest/services/us_mn_state_dnr/plan_stateland_dnr/FeatureServer/7,
d06cdf7fdd5d40288ea1a4002e56cb52_8,arcgis_feature_layer,https://enterprise.gisdata.mn.gov/aghost/rest/services/us_mn_state_dnr/plan_stateland_dnr/FeatureServer/8,
d06cdf7fdd5d40288ea1a4002e56cb52_9,arcgis_feature_layer,https://enterprise.gisdata.mn.gov/aghost/rest/services/us_mn_state_dnr/plan_stateland_dnr/FeatureServer/9,
8c1cac2220794236b8098fce3764110d_0,arcgis_feature_layer,https://enterprise.gisdata.mn.gov/aghost/rest/services/us_mn_state_dnr/env_trout_stream_special_regs/FeatureServer/0,
8c1cac2220794236b8098fce3764110d_1,arcgis_feature_layer,https://enterprise.gisdata.mn.gov/aghost/rest/services/us_mn_state_dnr/env_trout_stream_special_regs/FeatureServer/1,
8c1cac2220794236b8098fce3764110d_2,arcgis_feature_layer,https://enterprise.gisdata.mn.gov/aghost/rest/services/us_mn_state_dnr/env_trout_stream_special_regs/FeatureServer/2,
43392623c7dc471da0b84615b3a0faa4_0,arcgis_feature_layer,https://enterprise.gisdata.mn.gov/aghost/rest/services/us_mn_state_dnr/env_trout_stream_designations/FeatureServer/0,
099d61e5630a4d3d90f653ccc5f0db6b_0,arcgis_feature_layer,https://enterprise.gisdata.mn.gov/aghost/rest/services/us_mn_state_bwsr/bdry_watershed_mgmt_dist_orgs/FeatureServer/0,
317f05359f1446acad8ab9414fd2bd10_0,arcgis_feature_layer,https://enterprise.gisdata.mn.gov/aghost/rest/services/us_mn_state_dnr/struc_water_access_sites/FeatureServer/0,
f24c1f2b315a43549a494a7cefc643b1_0,arcgis_feature_layer,https://enterprise.gisdata.mn.gov/aghost/rest/services/us_mn_state_bwsr/bdry_wetland_banking_easements/FeatureServer/0,
4fd56626c8fb4538ad9f4ccfd1ad9fe1_0,arcgis_feature_layer,https://enterprise.gisdata.mn.gov/aghost/rest/services/us_mn_state_mda/agri_csb_2022/FeatureServer/0,
d887279047ae4ecc9e57c1cc05e2fee7_0,arcgis_feature_layer,https://enterprise.gisdata.mn.gov/aghost/rest/services/us_mn_state_mda/agri_csb_2021/FeatureServer/0,
4d61d20fd56c40a3b9f91b716beafc32_0,arcgis_feature_layer,https://enterprise.gisdata.mn.gov/aghost/rest/services/us_mn_state_mda/agri_csb_2020/FeatureServer/0,
fc18ea36e29d4b92ad2a47880c04ab40_0,arcgis_feature_layer,https://enterprise.gisdata.mn.gov/aghost/rest/services/us_mn_state_mda/agri_csb_2019/FeatureServer/0,
dd212908aa894720b2f2b6b93e4a6dde_0,arcgis_feature_layer,https://enterprise.gisdata.mn.gov/aghost/rest/services/us_mn_state_mda/agri_csb_2018/FeatureServer/0,
19ed875c89a34b3d865bea1929b038d4_0,arcgis_feature_layer,https://enterprise.gisdata.mn.gov/aghost/rest/services/us_mn_state_mda/agri_csb_2017/FeatureServer/0,
e8a7f72e6621404daf80ca38e57058a1_0,arcgis_feature_layer,https://enterprise.gisdata.mn.gov/aghost/rest/services/us_mn_state_mda/agri_csb_2016/FeatureServer/0,
0449056519434257949ad57e76beaf43_0,arcgis_feature_layer,https://enterprise.gisdata.mn.gov/aghost/rest/services/us_mn_state_mda/agri_csb_2015/FeatureServer/0,
9ec68dea89b74f6fb4a1bf11e97a0f4d_0,arcgis_feature_layer,https://enterprise.gisdata.mn.gov/aghost/rest/services/us_mn_state_mda/agri_mawqcp_areas/FeatureServer/0,
0d1578a108ac49a68e94ce6010402ce6_0,arcgis_feature_layer,https://enterprise.gisdata.mn.gov/aghost/rest/services/us_mn_state_pca/env_assessed_water_2014/FeatureServer/0,
0d1578a108ac49a68e94ce6010402ce6_1,arcgis_feature_layer,https://enterprise.gisdata.mn.gov/aghost/rest/services/us_mn_state_pca/env_assessed_water_2014/FeatureServer/1,
0d1578a108ac49a68e94ce6010402ce6_2,arcgis_feature_layer,https://enterprise.gisdata.mn.gov/aghost/rest/services/us_mn_state_pca/env_assessed_water_2014/FeatureServer/2,
0d1578a108ac49a68e94ce6010402ce6_3,arcgis_feature_layer,https://enterprise.gisdata.mn.gov/aghost/rest/services/us_mn_state_pca/env_assessed_water_2014/FeatureServer/3,
0d1578a108ac49a68e94ce6010402ce6_4,arcgis_feature_layer,https://enterprise.gisdata.mn.gov/aghost/rest/services/us_mn_state_pca/env_assessed_water_2014/FeatureServer/4,
0d1578a108ac49a68e94ce6010402ce6_5,arcgis_feature_layer,https://enterprise.gisdata.mn.gov/aghost/rest/services/us_mn_state_pca/env_assessed_water_2014/FeatureServer/5,
feb54e44e46542aeb9eb942121971dae_0,arcgis_feature_layer,https://enterprise.gisdata.mn.gov/aghost/rest/services/us_mn_state_dnr/geos_groundwater_atlas_chemistry/FeatureServer/0,
feb54e44e46542aeb9eb942121971dae_1,arcgis_feature_layer,https://enterprise.gisdata.mn.gov/aghost/rest/services/us_mn_state_dnr/geos_groundwater_atlas_chemistry/FeatureServer/1,
17407acecc394042a5c9f8b86a8d5085_0,arcgis_feature_layer,https://enterprise.gisdata.mn.gov/aghost/rest/services/us_mn_state_dnr/geos_blue_mounds_state_park/FeatureServer/0,
17407acecc394042a5c9f8b86a8d5085_1,arcgis_feature_layer,https://enterprise.gisdata.mn.gov/aghost/rest/services/us_mn_state_dnr/geos_blue_mounds_state_park/FeatureServer/1,
17407acecc394042a5c9f8b86a8d5085_2,arcgis_feature_layer,https://enterprise.gisdata.mn.gov/aghost/rest/services/us_mn_state_dnr/geos_blue_mounds_state_park/FeatureServer/2,
17407acecc394042a5c9f8b86a8d5085_3,arcgis_feature_layer,https://enterprise.gisdata.mn.gov/aghost/rest/services/us_mn_state_dnr/geos_blue_mounds_state_park/FeatureServer/3,
17407acecc394042a5c9f8b86a8d5085_4,arcgis_feature_layer,https://enterprise.gisdata.mn.gov/aghost/rest/services/us_mn_state_dnr/geos_blue_mounds_state_park/FeatureServer/4,
17407acecc394042a5c9f8b86a8d5085_5,arcgis_feature_layer,https://enterprise.gisdata.mn.gov/aghost/rest/services/us_mn_state_dnr/geos_blue_mounds_state_park/FeatureServer/5,
17407acecc394042a5c9f8b86a8d5085_6,arcgis_feature_layer,https://enterprise.gisdata.mn.gov/aghost/rest/services/us_mn_state_dnr/geos_blue_mounds_state_park/FeatureServer/6,
17407acecc394042a5c9f8b86a8d5085_7,arcgis_feature_layer,https://enterprise.gisdata.mn.gov/aghost/rest/services/us_mn_state_dnr/geos_blue_mounds_state_park/FeatureServer/7,
e246e6ef8b7e43ab9b5542bbd7a5da8b_0,arcgis_feature_layer,https://enterprise.gisdata.mn.gov/aghost/rest/services/us_mn_state_dnr/geos_groundwater_provinces_mn/FeatureServer/0,
08a402f9dead45ab88d076eca33ebd74_0,arcgis_feature_layer,https://enterprise.gisdata.mn.gov/aghost/rest/services/us_mn_state_dnr/struc_fish_hatcheries/FeatureServer/0,
ee70abbc572c46d189f7aa4a0966536c_0,arcgis_feature_layer,https://arcgis.metc.state.mn.us/data2/rest/services/transportation/Transit_Stops/FeatureServer/0,
2d9c1510994f4dca9662503e96818c3b_0,arcgis_feature_layer,https://enterprise.gisdata.mn.gov/aghost/rest/services/us_mn_state_pca/env_impaired_water_2024_proposed/FeatureServer/0,
2d9c1510994f4dca9662503e96818c3b_1,arcgis_feature_layer,https://enterprise.gisdata.mn.gov/aghost/rest/services/us_mn_state_pca/env_impaired_water_2024_proposed/FeatureServer/1,
2d9c1510994f4dca9662503e96818c3b_10,arcgis_feature_layer,https://enterprise.gisdata.mn.gov/aghost/rest/services/us_mn_state_pca/env_impaired_water_2024_proposed/FeatureServer/10,
2d9c1510994f4dca9662503e96818c3b_11,arcgis_feature_layer,https://enterprise.gisdata.mn.gov/aghost/rest/services/us_mn_state_pca/env_impaired_water_2024_proposed/FeatureServer/11,
2d9c1510994f4dca9662503e96818c3b_12,arcgis_feature_layer,https://enterprise.gisdata.mn.gov/aghost/rest/services/us_mn_state_pca/env_impaired_water_2024_proposed/FeatureServer/12,
2d9c1510994f4dca9662503e96818c3b_13,arcgis_feature_layer,https://enterprise.gisdata.mn.gov/aghost/rest/services/us_mn_state_pca/env_impaired_water_2024_proposed/FeatureServer/13,
2d9c1510994f4dca9662503e96818c3b_14,arcgis_feature_layer,https://enterprise.gisdata.mn.gov/aghost/rest/services/us_mn_state_pca/env_impaired_water_2024_proposed/FeatureServer/14,
2d9c1510994f4dca9662503e96818c3b_15,arcgis_feature_layer,https://enterprise.gisdata.mn.gov/aghost/rest/services/us_mn_state_pca/env_impaired_water_2024_proposed/FeatureServer/15,
2d9c1510994f4dca9662503e96818c3b_16,arcgis_feature_layer,https://enterprise.gisdata.mn.gov/aghost/rest/services/us_mn_state_pca/env_impaired_water_2024_proposed/FeatureServer/16,
2d9c1510994f4dca9662503e96818c3b_2,arcgis_feature_layer,https://enterprise.gisdata.mn.gov/aghost/rest/services/us_mn_state_pca/env_impaired_water_2024_proposed/FeatureServer/2,
2d9c1510994f4dca9662503e96818c3b_3,arcgis_feature_layer,https://enterprise.gisdata.mn.gov/aghost/rest/services/us_mn_state_pca/env_impaired_water_2024_proposed/FeatureServer/3,
2d9c1510994f4dca9662503e96818c3b_4,arcgis_feature_layer,https://enterprise.gisdata.mn.gov/aghost/rest/services/us_mn_state_pca/env_impaired_water_2024_proposed/FeatureServer/4,
2d9c1510994f4dca9662503e96818c3b_5,arcgis_feature_layer,https://enterprise.gisdata.mn.gov/aghost/rest/services/us_mn_state_pca/env_impaired_water_2024_proposed/FeatureServer/5,
2d9c1510994f4dca9662503e96818c3b_6,arcgis_feature_layer,https://enterprise.gisdata.mn.gov/aghost/rest/services/us_mn_state_pca/env_impaired_water_2024_proposed/FeatureServer/6,
2d9c1510994f4dca9662503e96818c3b_7,arcgis_feature_layer,https://enterprise.gisdata.mn.gov/aghost/rest/services/us_mn_state_pca/env_impaired_water_2024_proposed/FeatureServer/7,
2d9c1510994f4dca9662503e96818c3b_8,arcgis_feature_layer,https://enterprise.gisdata.mn.gov/aghost/rest/services/us_mn_state_pca/env_impaired_water_2024_proposed/FeatureServer/8,
2d9c1510994f4dca9662503e96818c3b_9,arcgis_feature_layer,https://enterprise.gisdata.mn.gov/aghost/rest/services/us_mn_state_pca/env_impaired_water_2024_proposed/FeatureServer/9,
9152888e541347428ce4ca6a718c8fd0_0,arcgis_feature_layer,https://enterprise.gisdata.mn.gov/aghost/rest/services/us_mn_state_dnr/geos_dnr_watersheds/FeatureServer/0,
9152888e541347428ce4ca6a718c8fd0_1,arcgis_feature_layer,https://enterprise.gisdata.mn.gov/aghost/rest/services/us_mn_state_dnr/geos_dnr_watersheds/FeatureServer/1,
9152888e541347428ce4ca6a718c8fd0_2,arcgis_feature_layer,https://enterprise.gisdata.mn.gov/aghost/rest/services/us_mn_state_dnr/geos_dnr_watersheds/FeatureServer/2,
9152888e541347428ce4ca6a718c8fd0_3,arcgis_feature_layer,https://enterprise.gisdata.mn.gov/aghost/rest/services/us_mn_state_dnr/geos_dnr_watersheds/FeatureServer/3,
9152888e541347428ce4ca6a718c8fd0_4,arcgis_feature_layer,https://enterprise.gisdata.mn.gov/aghost/rest/services/us_mn_state_dnr/geos_dnr_watersheds/FeatureServer/4,
9152888e541347428ce4ca6a718c8fd0_5,arcgis_feature_layer,https://enterprise.gisdata.mn.gov/aghost/rest/services/us_mn_state_dnr/geos_dnr_watersheds/FeatureServer/5,
9152888e541347428ce4ca6a718c8fd0_6,arcgis_feature_layer,https://enterprise.gisdata.mn.gov/aghost/rest/services/us_mn_state_dnr/geos_dnr_watersheds/FeatureServer/6,
9152888e541347428ce4ca6a718c8fd0_7,arcgis_feature_layer,https://enterprise.gisdata.mn.gov/aghost/rest/services/us_mn_state_dnr/geos_dnr_watersheds/FeatureServer/7,
df7027185dcd4aa4b6c70fc84053fa2a_0,arcgis_feature_layer,https://arcgis.metc.state.mn.us/data2/rest/services/transportation/Transit_Lines/FeatureServer/0,
1af69170fbfb4ded98e7478672f9ac47_6,arcgis_feature_layer,https://arcgis.metc.state.mn.us/data2/rest/services/transportation/Transit_Lines/FeatureServer/6,
b7eb58a4729348e4a30ce7e53fb9a870_0,arcgis_feature_layer,https://enterprise.gisdata.mn.gov/aghost/rest/services/us_mn_state_dnr/struc_dnr_wld_mgmt_areas_pub/FeatureServer/0,
3ca6b2e8690a461998d72f3e800df51b_5,arcgis_feature_layer,https://arcgis.metc.state.mn.us/data2/rest/services/transportation/Transit_Lines/FeatureServer/5,
bb4bc63319b1450aba1e70196c0ed8ae_4,arcgis_feature_layer,https://arcgis.metc.state.mn.us/data2/rest/services/transportation/Transit_Lines/FeatureServer/4,
94281a103e324fd4a1c7266af9e94310_3,arcgis_feature_layer,https://arcgis.metc.state.mn.us/data2/rest/services/transportation/Transit_Lines/FeatureServer/3,
68a5645e3b6848a79c8ffdd11514a85a_1,arcgis_feature_layer,https://arcgis.metc.state.mn.us/data2/rest/services/transportation/Transit_Lines/FeatureServer/1,
f8b8526a4e4f4fb4ad4c44f8a78f4318_2,arcgis_feature_layer,https://arcgis.metc.state.mn.us/data1/rest/services/utility/ES_Utility_Asset_Public/FeatureServer/2,
f2f0e3b2234d45f1a90d4b84a3cdff44_0,arcgis_feature_layer,https://arcgis.metc.state.mn.us/data1/rest/services/utility/ES_Utility_Asset_Public/FeatureServer/0,
cff2dfe3aa974781a12a585c7b441cbf_0,arcgis_feature_layer,https://arcgis.metc.state.mn.us/data1/rest/services/water/Water_Body/FeatureServer/0,
29edded7482647ac9c2926cf56aa0164_4,arcgis_feature_layer,https://arcgis.metc.state.mn.us/data1/rest/services/utility/ES_Utility_Asset_Public/FeatureServer/4,
dcb3513614d34514bcc2c52571183ad3_2,arcgis_feature_layer,https://arcgis.metc.state.mn.us/data2/rest/services/transportation/Other_Transit_Public/FeatureServer/2,
469904c55c62452982234a850acd4631_1,arcgis_feature_layer,https://arcgis.metc.state.mn.us/data2/rest/services/transportation/Other_Transit_Public/FeatureServer/1,
c920b202e0d44c62af7469757e761401_0,arcgis_feature_layer,https://arcgis.metc.state.mn.us/data2/rest/services/transportation/Transitways/FeatureServer/0,
c920b202e0d44c62af7469757e761401_1,arcgis_feature_layer,https://arcgis.metc.state.mn.us/data2/rest/services/transportation/Transitways/FeatureServer/1,
c920b202e0d44c62af7469757e761401_4,arcgis_feature_layer,https://arcgis.metc.state.mn.us/data2/rest/services/transportation/Transitways/FeatureServer/4,
47982f6fe37248bbae997c16c81b4163_7,arcgis_feature_layer,https://arcgis.metc.state.mn.us/data2/rest/services/transportation/Other_Transit_Public/FeatureServer/7,
03ed7049e0ab44efbfa11e9bf93c85d5_6,arcgis_feature_layer,https://arcgis.metc.state.mn.us/data2/rest/services/transportation/Other_Transit_Public/FeatureServer/6,
1a2009827d714c69b7c4d174b00fff8a_0,arcgis_feature_layer,https://arcgis.metc.state.mn.us/data2/rest/services/transportation/Transit_SAP/FeatureServer/0,
e204604f9693490cbad47705070a0dd7_7,arcgis_feature_layer,https://arcgis.metc.state.mn.us/data2/rest/services/transportation/Transit_SAP/FeatureServer/7,
3b4f2f03b5fe432fa24fbaa457177c11_8,arcgis_feature_layer,https://arcgis.metc.state.mn.us/data2/rest/services/transportation/Transit_SAP/FeatureServer/8,
3c74422c39d04b9da67438eb14599975_6,arcgis_feature_layer,https://arcgis.metc.state.mn.us/data2/rest/services/transportation/Transit_SAP/FeatureServer/6,
3269a16fe8dd422194546620099bd232_5,arcgis_feature_layer,https://arcgis.metc.state.mn.us/data2/rest/services/transportation/Transit_SAP/FeatureServer/5,
2966944035ea48a4b5d2153a695fcbcb_4,arcgis_feature_layer,https://arcgis.metc.state.mn.us/data2/rest/services/transportation/Transit_SAP/FeatureServer/4,
d6c96615cef445a597b9c5badbf0c380_2,arcgis_feature_layer,https://arcgis.metc.state.mn.us/data2/rest/services/transportation/Transit_SAP/FeatureServer/2,
a0d1107894c04877a581c618e73d3f5b_1,arcgis_feature_layer,https://arcgis.metc.state.mn.us/data2/rest/services/transportation/Transit_SAP/FeatureServer/1,
b7eb58a4729348e4a30ce7e53fb9a870_1,arcgis_feature_layer,https://enterprise.gisdata.mn.gov/aghost/rest/services/us_mn_state_dnr/struc_dnr_wld_mgmt_areas_pub/FeatureServer/1,
b5b21d1776644c99999efd8bff5f16e2_0,arcgis_feature_layer,https://arcgis.metc.state.mn.us/data2/rest/services/transportation/Transit_PR_PP/FeatureServer/0,
dce4c0c13853491090bffe6998c5181d_4,arcgis_feature_layer,https://arcgis.metc.state.mn.us/data2/rest/services/transportation/Transit_Areas_1/FeatureServer/4,
1eae59ef82a348ecad32fb0804b90926_0,arcgis_feature_layer,https://arcgis.metc.state.mn.us/data2/rest/services/transportation/Transit_Areas_2/FeatureServer/0,
4d457b28300b415d8cc9b04d039935ae_2,arcgis_feature_layer,https://arcgis.metc.state.mn.us/data1/rest/services/utility/ES_Utility_Area_Public/FeatureServer/2,
78a526696e30497eb779afbc7cc90209_1,arcgis_feature_layer,https://arcgis.metc.state.mn.us/data1/rest/services/utility/ES_Utility_Asset_Public/FeatureServer/1,
3268f3d771ed4144807dfca4422b5431_2,arcgis_feature_layer,https://arcgis.metc.state.mn.us/data2/rest/services/transportation/Transit_Lines/FeatureServer/2,
d7903b83244a4878bcfb31f362bf5787_0,arcgis_feature_layer,https://services.arcgis.com/8df8p0NlLFEShl0r/arcgis/rest/services/D_07_Geochronology_Database/FeatureServer/0,
69b3b2d5156b4188a605bd58072cc9bb_0,arcgis_feature_layer,https://services.arcgis.com/8df8p0NlLFEShl0r/arcgis/rest/services/D_06__Structure_Database/FeatureServer/0,
4a105e06b129469da3ab2e29adf936a7_1,arcgis_feature_layer,https://services.arcgis.com/8df8p0NlLFEShl0r/arcgis/rest/services/D_05_Bedrock_Geology_2025/FeatureServer/1,
4a105e06b129469da3ab2e29adf936a7_10,arcgis_feature_layer,https://services.arcgis.com/8df8p0NlLFEShl0r/arcgis/rest/services/D_05_Bedrock_Geology_2025/FeatureServer/10,
4a105e06b129469da3ab2e29adf936a7_11,arcgis_feature_layer,https://services.arcgis.com/8df8p0NlLFEShl0r/arcgis/rest/services/D_05_Bedrock_Geology_2025/FeatureServer/11,
4a105e06b129469da3ab2e29adf936a7_13,arcgis_feature_layer,https://services.arcgis.com/8df8p0NlLFEShl0r/arcgis/rest/services/D_05_Bedrock_Geology_2025/FeatureServer/13,
4a105e06b129469da3ab2e29adf936a7_14,arcgis_feature_layer,https://services.arcgis.com/8df8p0NlLFEShl0r/arcgis/rest/services/D_05_Bedrock_Geology_2025/FeatureServer/14,
4a105e06b129469da3ab2e29adf936a7_16,arcgis_feature_layer,https://services.arcgis.com/8df8p0NlLFEShl0r/arcgis/rest/services/D_05_Bedrock_Geology_2025/FeatureServer/16,
4a105e06b129469da3ab2e29adf936a7_17,arcgis_feature_layer,https://services.arcgis.com/8df8p0NlLFEShl0r/arcgis/rest/services/D_05_Bedrock_Geology_2025/FeatureServer/17,
4a105e06b129469da3ab2e29adf936a7_18,arcgis_feature_layer,https://services.arcgis.com/8df8p0NlLFEShl0r/arcgis/rest/services/D_05_Bedrock_Geology_2025/FeatureServer/18,
4a105e06b129469da3ab2e29adf936a7_19,arcgis_feature_layer,https://services.arcgis.com/8df8p0NlLFEShl0r/arcgis/rest/services/D_05_Bedrock_Geology_2025/FeatureServer/19,
4a105e06b129469da3ab2e29adf936a7_2,arcgis_feature_layer,https://services.arcgis.com/8df8p0NlLFEShl0r/arcgis/rest/services/D_05_Bedrock_Geology_2025/FeatureServer/2,
4a105e06b129469da3ab2e29adf936a7_21,arcgis_feature_layer,https://services.arcgis.com/8df8p0NlLFEShl0r/arcgis/rest/services/D_05_Bedrock_Geology_2025/FeatureServer/21,
4a105e06b129469da3ab2e29adf936a7_3,arcgis_feature_layer,https://services.arcgis.com/8df8p0NlLFEShl0r/arcgis/rest/services/D_05_Bedrock_Geology_2025/FeatureServer/3,
4a105e06b129469da3ab2e29adf936a7_4,arcgis_feature_layer,https://services.arcgis.com/8df8p0NlLFEShl0r/arcgis/rest/services/D_05_Bedrock_Geology_2025/FeatureServer/4,
4a105e06b129469da3ab2e29adf936a7_6,arcgis_feature_layer,https://services.arcgis.com/8df8p0NlLFEShl0r/arcgis/rest/services/D_05_Bedrock_Geology_2025/FeatureServer/6,
4a105e06b129469da3ab2e29adf936a7_8,arcgis_feature_layer,https://services.arcgis.com/8df8p0NlLFEShl0r/arcgis/rest/services/D_05_Bedrock_Geology_2025/FeatureServer/8,
4a105e06b129469da3ab2e29adf936a7_9,arcgis_feature_layer,https://services.arcgis.com/8df8p0NlLFEShl0r/arcgis/rest/services/D_05_Bedrock_Geology_2025/FeatureServer/9,
6ce64c4b0fe64d70ac9441b8624afc9b_0,arcgis_feature_layer,https://services.arcgis.com/8df8p0NlLFEShl0r/arcgis/rest/services/Minnesota_Bedrock_Outcrop/FeatureServer/0,
1427f0d1156e44a584e4b8bd68aa5bc7_0,arcgis_feature_layer,https://services.arcgis.com/8df8p0NlLFEShl0r/arcgis/rest/services/D_01_Surficial_Geology_WFL1/FeatureServer/0,
ae9ccd616a374c409338d20c6a6bff0e_0,arcgis_feature_layer,https://arcgis.metc.state.mn.us/data2/rest/services/transportation/TPP2050_Bike_Pedestrian/FeatureServer/0,
ae9ccd616a374c409338d20c6a6bff0e_1,arcgis_feature_layer,https://arcgis.metc.state.mn.us/data2/rest/services/transportation/TPP2050_Bike_Pedestrian/FeatureServer/1,
ae9ccd616a374c409338d20c6a6bff0e_2,arcgis_feature_layer,https://arcgis.metc.state.mn.us/data2/rest/services/transportation/TPP2050_Bike_Pedestrian/FeatureServer/2,
ae9ccd616a374c409338d20c6a6bff0e_3,arcgis_feature_layer,https://arcgis.metc.state.mn.us/data2/rest/services/transportation/TPP2050_Bike_Pedestrian/FeatureServer/3,
fa1530a44b0e4d6eb5268957c5dd9a49_3,arcgis_feature_layer,https://arcgis.metc.state.mn.us/data2/rest/services/transportation/Other_Transit_Public/FeatureServer/3,
1b61d6b80e7c42d08606d8b6d506a270_0,arcgis_feature_layer,https://arcgis.metc.state.mn.us/data2/rest/services/transportation/Other_Transit_Public/FeatureServer/0,
b7eb58a4729348e4a30ce7e53fb9a870_2,arcgis_feature_layer,https://enterprise.gisdata.mn.gov/aghost/rest/services/us_mn_state_dnr/struc_dnr_wld_mgmt_areas_pub/FeatureServer/2,
7aa5d017c1fa4cb7a611d96369fcf2dc_0,arcgis_feature_layer,https://arcgis.metc.state.mn.us/data1/rest/services/boundary/Metropolitan_Council/FeatureServer/0,
af4dccc1771e41638da1584c0698c583_0,arcgis_feature_layer,https://services2.arcgis.com/CiQCvRGImIxsaFnM/arcgis/rest/services/Wright_County_Park_Trails/FeatureServer/0,
422bbbbb083f444fb107707e606ff140_2,arcgis_feature_layer,https://arcgis.metc.state.mn.us/data1/rest/services/boundary/MC_Transit_Services/FeatureServer/2,
5e1e00b8f62c4f77a6d09af6bfd1df42_4,arcgis_feature_layer,https://arcgis.metc.state.mn.us/data2/rest/services/transportation/Other_Transit_Public/FeatureServer/4,
61c8d26d555e4cdea96ba1280f8b7b29_2,arcgis_feature_layer,https://arcgis.metc.state.mn.us/data1/rest/services/structure/Other_Structure_Public/FeatureServer/2,
7c8e9e6c073c423ab76c800f47e0415f_4,arcgis_feature_layer,https://arcgis.metc.state.mn.us/data1/rest/services/planning/Other_Plan_Areas_Public/FeatureServer/4,
7e314628872246a2b614ab3129b48c50_3,arcgis_feature_layer,https://arcgis.metc.state.mn.us/data2/rest/services/transportation/Transit_Areas_2/FeatureServer/3,
726ca23e14fa4aeca7b10bd289711e70_1,arcgis_feature_layer,https://arcgis.metc.state.mn.us/data1/rest/services/planning/PPP/FeatureServer/1,
2eea42951475461fa6ad3555b0825bf0_2,arcgis_feature_layer,https://arcgis.metc.state.mn.us/data1/rest/services/planning/PPP/FeatureServer/2,
0469e8fa6d7147c7819110a6ea259fe6_0,arcgis_feature_layer,https://arcgis.metc.state.mn.us/data1/rest/services/planning/Public_Parcels_MetroCTUs/FeatureServer/0,
5bf46466a6c44a66a31f1ac40094b457_0,arcgis_feature_layer,https://enterprise.gisdata.mn.gov/aghost/rest/services/us_mn_state_dnr/struc_dnr_walk_in_access_trails/FeatureServer/0,
f6a23d34cbb64c4fa8021d8c492f4939_0,arcgis_feature_layer,https://arcgis.metc.state.mn.us/data1/rest/services/census/Census_2020_Population/FeatureServer/0,
f6a23d34cbb64c4fa8021d8c492f4939_1,arcgis_feature_layer,https://arcgis.metc.state.mn.us/data1/rest/services/census/Census_2020_Population/FeatureServer/1,
f6a23d34cbb64c4fa8021d8c492f4939_2,arcgis_feature_layer,https://arcgis.metc.state.mn.us/data1/rest/services/census/Census_2020_Population/FeatureServer/2,
f6a23d34cbb64c4fa8021d8c492f4939_3,arcgis_feature_layer,https://arcgis.metc.state.mn.us/data1/rest/services/census/Census_2020_Population/FeatureServer/3,
f6a23d34cbb64c4fa8021d8c492f4939_4,arcgis_feature_layer,https://arcgis.metc.state.mn.us/data1/rest/services/census/Census_2020_Population/FeatureServer/4,
f6a23d34cbb64c4fa8021d8c492f4939_5,arcgis_feature_layer,https://arcgis.metc.state.mn.us/data1/rest/services/census/Census_2020_Population/FeatureServer/5,
f70069de20464372b75f3edcab7db3a5_0,arcgis_feature_layer,https://enterprise.gisdata.mn.gov/aghost/rest/services/us_mn_state_dnr/env_swap_habitats/FeatureServer/0,
3d08352d6924465786752dc446f6ba71_2,arcgis_feature_layer,https://arcgis.metc.state.mn.us/data1/rest/services/planning/IMG2050/FeatureServer/2,
a5b34c1fbc874f33a5fe09f22a7e836a_1,arcgis_feature_layer,https://arcgis.metc.state.mn.us/data1/rest/services/planning/IMG2050/FeatureServer/1,
980dad1f5e884b70b9a0c29e8ddb094f_0,arcgis_feature_layer,https://services2.arcgis.com/BLy9fHcJU1W8LU8M/arcgis/rest/services/Lessard-Sams_Outdoor_Heritage_Council_(LSOHC)_Sections/FeatureServer/0,
caaf0b000d90478cbbc8901b15f52e49_0,arcgis_feature_layer,https://arcgis.metc.state.mn.us/data2/rest/services/transportation/TPP2050_Highway/FeatureServer/0,
caaf0b000d90478cbbc8901b15f52e49_1,arcgis_feature_layer,https://arcgis.metc.state.mn.us/data2/rest/services/transportation/TPP2050_Highway/FeatureServer/1,
caaf0b000d90478cbbc8901b15f52e49_2,arcgis_feature_layer,https://arcgis.metc.state.mn.us/data2/rest/services/transportation/TPP2050_Highway/FeatureServer/2,
caaf0b000d90478cbbc8901b15f52e49_3,arcgis_feature_layer,https://arcgis.metc.state.mn.us/data2/rest/services/transportation/TPP2050_Highway/FeatureServer/3,
caaf0b000d90478cbbc8901b15f52e49_4,arcgis_feature_layer,https://arcgis.metc.state.mn.us/data2/rest/services/transportation/TPP2050_Highway/FeatureServer/4,
328189ada4d04c3c849e5c05d82da847_0,arcgis_feature_layer,https://enterprise.gisdata.mn.gov/aghost/rest/services/us_mn_state_dnr/struc_dnr_buildings/FeatureServer/0,
3442c914daa74811a320ce5a8f97142c_0,arcgis_feature_layer,https://enterprise.gisdata.mn.gov/aghost/rest/services/us_mn_state_dnr/struc_culvert_inventory_pub/FeatureServer/0,
3442c914daa74811a320ce5a8f97142c_1,arcgis_feature_layer,https://enterprise.gisdata.mn.gov/aghost/rest/services/us_mn_state_dnr/struc_culvert_inventory_pub/FeatureServer/1,
3442c914daa74811a320ce5a8f97142c_2,arcgis_feature_layer,https://enterprise.gisdata.mn.gov/aghost/rest/services/us_mn_state_dnr/struc_culvert_inventory_pub/FeatureServer/2,
dfa70fcba96e4d24ac73fef484b2da9c_10,arcgis_feature_layer,https://enterprise.gisdata.mn.gov/aghost/rest/services/us_mn_state_dnr/plan_mndnr_public_land_survey/FeatureServer/10,
dfa70fcba96e4d24ac73fef484b2da9c_11,arcgis_feature_layer,https://enterprise.gisdata.mn.gov/aghost/rest/services/us_mn_state_dnr/plan_mndnr_public_land_survey/FeatureServer/11,
dfa70fcba96e4d24ac73fef484b2da9c_12,arcgis_feature_layer,https://enterprise.gisdata.mn.gov/aghost/rest/services/us_mn_state_dnr/plan_mndnr_public_land_survey/FeatureServer/12,
dfa70fcba96e4d24ac73fef484b2da9c_13,arcgis_feature_layer,https://enterprise.gisdata.mn.gov/aghost/rest/services/us_mn_state_dnr/plan_mndnr_public_land_survey/FeatureServer/13,
dfa70fcba96e4d24ac73fef484b2da9c_14,arcgis_feature_layer,https://enterprise.gisdata.mn.gov/aghost/rest/services/us_mn_state_dnr/plan_mndnr_public_land_survey/FeatureServer/14,
dfa70fcba96e4d24ac73fef484b2da9c_15,arcgis_feature_layer,https://enterprise.gisdata.mn.gov/aghost/rest/services/us_mn_state_dnr/plan_mndnr_public_land_survey/FeatureServer/15,
dfa70fcba96e4d24ac73fef484b2da9c_16,arcgis_feature_layer,https://enterprise.gisdata.mn.gov/aghost/rest/services/us_mn_state_dnr/plan_mndnr_public_land_survey/FeatureServer/16,
dfa70fcba96e4d24ac73fef484b2da9c_17,arcgis_feature_layer,https://enterprise.gisdata.mn.gov/aghost/rest/services/us_mn_state_dnr/plan_mndnr_public_land_survey/FeatureServer/17,
dfa70fcba96e4d24ac73fef484b2da9c_4,arcgis_feature_layer,https://enterprise.gisdata.mn.gov/aghost/rest/services/us_mn_state_dnr/plan_mndnr_public_land_survey/FeatureServer/4,
dfa70fcba96e4d24ac73fef484b2da9c_5,arcgis_feature_layer,https://enterprise.gisdata.mn.gov/aghost/rest/services/us_mn_state_dnr/plan_mndnr_public_land_survey/FeatureServer/5,
dfa70fcba96e4d24ac73fef484b2da9c_6,arcgis_feature_layer,https://enterprise.gisdata.mn.gov/aghost/rest/services/us_mn_state_dnr/plan_mndnr_public_land_survey/FeatureServer/6,
dfa70fcba96e4d24ac73fef484b2da9c_7,arcgis_feature_layer,https://enterprise.gisdata.mn.gov/aghost/rest/services/us_mn_state_dnr/plan_mndnr_public_land_survey/FeatureServer/7,
dfa70fcba96e4d24ac73fef484b2da9c_8,arcgis_feature_layer,https://enterprise.gisdata.mn.gov/aghost/rest/services/us_mn_state_dnr/plan_mndnr_public_land_survey/FeatureServer/8,
dfa70fcba96e4d24ac73fef484b2da9c_9,arcgis_feature_layer,https://enterprise.gisdata.mn.gov/aghost/rest/services/us_mn_state_dnr/plan_mndnr_public_land_survey/FeatureServer/9,
85b1b3a42b6649d7b3a0704a8be529a8_0,arcgis_feature_layer,https://enterprise.gisdata.mn.gov/aghost/rest/services/us_mn_state_dnr/loc_index_qq_quad_tile_scheme/FeatureServer/0,
85b1b3a42b6649d7b3a0704a8be529a8_1,arcgis_feature_layer,https://enterprise.gisdata.mn.gov/aghost/rest/services/us_mn_state_dnr/loc_index_qq_quad_tile_scheme/FeatureServer/1,
36103107d3b84414b95c4c225c5b6c88_0,arcgis_feature_layer,https://enterprise.gisdata.mn.gov/aghost/rest/services/us_mn_state_dnr/loc_index_q250k_tile_scheme/FeatureServer/0,
42bf50e37e1f4ce2a8ec24569f0e3e34_0,arcgis_feature_layer,https://enterprise.gisdata.mn.gov/aghost/rest/services/us_mn_state_dnr/loc_index_q100k_tile_scheme/FeatureServer/0,
1ef8d9f0700b465e9d3d601e08123ffc_0,arcgis_feature_layer,https://enterprise.gisdata.mn.gov/aghost/rest/services/us_mn_state_dnr/loc_index_q024k_tile_scheme/FeatureServer/0,
44d9a7d134c34895a6477560dabad3ab_0,arcgis_feature_layer,https://enterprise.gisdata.mn.gov/aghost/rest/services/us_mn_state_dnr/loc_index_225sec_tile_scheme/FeatureServer/0,
44b400dda3854ff3a639d001a6ba17ad_0,arcgis_feature_layer,https://enterprise.gisdata.mn.gov/aghost/rest/services/us_mn_state_dnr/loc_index_15min_tile_scheme/FeatureServer/0,
a883589d33ea452884413040017a0457_0,arcgis_feature_layer,https://enterprise.gisdata.mn.gov/aghost/rest/services/us_mn_state_dnr/geos_surficial_sands/FeatureServer/0,
eadf2fab3cc14d30a68f3d74d9b5c20a_0,arcgis_feature_layer,https://services9.arcgis.com/LLh6i97mwBitl1k5/arcgis/rest/services/bdry_salestax_areas_archive_2026Q4_gdb/FeatureServer/0,
eadf2fab3cc14d30a68f3d74d9b5c20a_1,arcgis_feature_layer,https://services9.arcgis.com/LLh6i97mwBitl1k5/arcgis/rest/services/bdry_salestax_areas_archive_2026Q4_gdb/FeatureServer/1,
eadf2fab3cc14d30a68f3d74d9b5c20a_10,arcgis_feature_layer,https://services9.arcgis.com/LLh6i97mwBitl1k5/arcgis/rest/services/bdry_salestax_areas_archive_2026Q4_gdb/FeatureServer/10,
eadf2fab3cc14d30a68f3d74d9b5c20a_11,arcgis_feature_layer,https://services9.arcgis.com/LLh6i97mwBitl1k5/arcgis/rest/services/bdry_salestax_areas_archive_2026Q4_gdb/FeatureServer/11,
eadf2fab3cc14d30a68f3d74d9b5c20a_12,arcgis_feature_layer,https://services9.arcgis.com/LLh6i97mwBitl1k5/arcgis/rest/services/bdry_salestax_areas_archive_2026Q4_gdb/FeatureServer/12,
eadf2fab3cc14d30a68f3d74d9b5c20a_13,arcgis_feature_layer,https://services9.arcgis.com/LLh6i97mwBitl1k5/arcgis/rest/services/bdry_salestax_areas_archive_2026Q4_gdb/FeatureServer/13,
eadf2fab3cc14d30a68f3d74d9b5c20a_14,arcgis_feature_layer,https://services9.arcgis.com/LLh6i97mwBitl1k5/arcgis/rest/services/bdry_salestax_areas_archive_2026Q4_gdb/FeatureServer/14,
eadf2fab3cc14d30a68f3d74d9b5c20a_15,arcgis_feature_layer,https://services9.arcgis.com/LLh6i97mwBitl1k5/arcgis/rest/services/bdry_salestax_areas_archive_2026Q4_gdb/FeatureServer/15,
eadf2fab3cc14d30a68f3d74d9b5c20a_16,arcgis_feature_layer,https://services9.arcgis.com/LLh6i97mwBitl1k5/arcgis/rest/services/bdry_salestax_areas_archive_2026Q4_gdb/FeatureServer/16,
eadf2fab3cc14d30a68f3d74d9b5c20a_17,arcgis_feature_layer,https://services9.arcgis.com/LLh6i97mwBitl1k5/arcgis/rest/services/bdry_salestax_areas_archive_2026Q4_gdb/FeatureServer/17,
eadf2fab3cc14d30a68f3d74d9b5c20a_18,arcgis_feature_layer,https://services9.arcgis.com/LLh6i97mwBitl1k5/arcgis/rest/services/bdry_salestax_areas_archive_2026Q4_gdb/FeatureServer/18,
eadf2fab3cc14d30a68f3d74d9b5c20a_19,arcgis_feature_layer,https://services9.arcgis.com/LLh6i97mwBitl1k5/arcgis/rest/services/bdry_salestax_areas_archive_2026Q4_gdb/FeatureServer/19,
eadf2fab3cc14d30a68f3d74d9b5c20a_2,arcgis_feature_layer,https://services9.arcgis.com/LLh6i97mwBitl1k5/arcgis/rest/services/bdry_salestax_areas_archive_2026Q4_gdb/FeatureServer/2,
eadf2fab3cc14d30a68f3d74d9b5c20a_20,arcgis_feature_layer,https://services9.arcgis.com/LLh6i97mwBitl1k5/arcgis/rest/services/bdry_salestax_areas_archive_2026Q4_gdb/FeatureServer/20,
eadf2fab3cc14d30a68f3d74d9b5c20a_21,arcgis_feature_layer,https://services9.arcgis.com/LLh6i97mwBitl1k5/arcgis/rest/services/bdry_salestax_areas_archive_2026Q4_gdb/FeatureServer/21,
eadf2fab3cc14d30a68f3d74d9b5c20a_22,arcgis_feature_layer,https://services9.arcgis.com/LLh6i97mwBitl1k5/arcgis/rest/services/bdry_salestax_areas_archive_2026Q4_gdb/FeatureServer/22,
eadf2fab3cc14d30a68f3d74d9b5c20a_23,arcgis_feature_layer,https://services9.arcgis.com/LLh6i97mwBitl1k5/arcgis/rest/services/bdry_salestax_areas_archive_2026Q4_gdb/FeatureServer/23,
eadf2fab3cc14d30a68f3d74d9b5c20a_24,arcgis_feature_layer,https://services9.arcgis.com/LLh6i97mwBitl1k5/arcgis/rest/services/bdry_salestax_areas_archive_2026Q4_gdb/FeatureServer/24,
eadf2fab3cc14d30a68f3d74d9b5c20a_25,arcgis_feature_layer,https://services9.arcgis.com/LLh6i97mwBitl1k5/arcgis/rest/services/bdry_salestax_areas_archive_2026Q4_gdb/FeatureServer/25,
eadf2fab3cc14d30a68f3d74d9b5c20a_26,arcgis_feature_layer,https://services9.arcgis.com/LLh6i97mwBitl1k5/arcgis/rest/services/bdry_salestax_areas_archive_2026Q4_gdb/FeatureServer/26,
eadf2fab3cc14d30a68f3d74d9b5c20a_27,arcgis_feature_layer,https://services9.arcgis.com/LLh6i97mwBitl1k5/arcgis/rest/services/bdry_salestax_areas_archive_2026Q4_gdb/FeatureServer/27,
eadf2fab3cc14d30a68f3d74d9b5c20a_28,arcgis_feature_layer,https://services9.arcgis.com/LLh6i97mwBitl1k5/arcgis/rest/services/bdry_salestax_areas_archive_2026Q4_gdb/FeatureServer/28,
eadf2fab3cc14d30a68f3d74d9b5c20a_29,arcgis_feature_layer,https://services9.arcgis.com/LLh6i97mwBitl1k5/arcgis/rest/services/bdry_salestax_areas_archive_2026Q4_gdb/FeatureServer/29,
eadf2fab3cc14d30a68f3d74d9b5c20a_3,arcgis_feature_layer,https://services9.arcgis.com/LLh6i97mwBitl1k5/arcgis/rest/services/bdry_salestax_areas_archive_2026Q4_gdb/FeatureServer/3,
eadf2fab3cc14d30a68f3d74d9b5c20a_30,arcgis_feature_layer,https://services9.arcgis.com/LLh6i97mwBitl1k5/arcgis/rest/services/bdry_salestax_areas_archive_2026Q4_gdb/FeatureServer/30,
eadf2fab3cc14d30a68f3d74d9b5c20a_4,arcgis_feature_layer,https://services9.arcgis.com/LLh6i97mwBitl1k5/arcgis/rest/services/bdry_salestax_areas_archive_2026Q4_gdb/FeatureServer/4,
eadf2fab3cc14d30a68f3d74d9b5c20a_5,arcgis_feature_layer,https://services9.arcgis.com/LLh6i97mwBitl1k5/arcgis/rest/services/bdry_salestax_areas_archive_2026Q4_gdb/FeatureServer/5,
eadf2fab3cc14d30a68f3d74d9b5c20a_6,arcgis_feature_layer,https://services9.arcgis.com/LLh6i97mwBitl1k5/arcgis/rest/services/bdry_salestax_areas_archive_2026Q4_gdb/FeatureServer/6,
eadf2fab3cc14d30a68f3d74d9b5c20a_7,arcgis_feature_layer,https://services9.arcgis.com/LLh6i97mwBitl1k5/arcgis/rest/services/bdry_salestax_areas_archive_2026Q4_gdb/FeatureServer/7,
eadf2fab3cc14d30a68f3d74d9b5c20a_8,arcgis_feature_layer,https://services9.arcgis.com/LLh6i97mwBitl1k5/arcgis/rest/services/bdry_salestax_areas_archive_2026Q4_gdb/FeatureServer/8,
eadf2fab3cc14d30a68f3d74d9b5c20a_9,arcgis_feature_layer,https://services9.arcgis.com/LLh6i97mwBitl1k5/arcgis/rest/services/bdry_salestax_areas_archive_2026Q4_gdb/FeatureServer/9,
d8528f576aea478a86abd07099cb0a1d_0,arcgis_feature_layer,https://enterprise.gisdata.mn.gov/aghost/rest/services/us_mn_state_dnr/geos_surface_karst_feature_devel/FeatureServer/0,
d8528f576aea478a86abd07099cb0a1d_1,arcgis_feature_layer,https://enterprise.gisdata.mn.gov/aghost/rest/services/us_mn_state_dnr/geos_surface_karst_feature_devel/FeatureServer/1,
91ef630ab3794faaa850921f3eebe53f_0,arcgis_feature_layer,https://enterprise.gisdata.mn.gov/aghost/rest/services/us_mn_state_dnr/geos_potentially_wet_histosols/FeatureServer/0,
173d3993a9f2433bb093c970ac3e8d38_0,arcgis_feature_layer,https://enterprise.gisdata.mn.gov/aghost/rest/services/us_mn_state_dnr/geos_peat_inventory/FeatureServer/0,
800809e5eeb34f8687e03e05aaa8d513_0,arcgis_feature_layer,https://enterprise.gisdata.mn.gov/aghost/rest/services/us_mn_state_dnr/geos_mtsimon_hinckley_aquifer/FeatureServer/0,
3242279480c24fb797c85211414e84c8_0,arcgis_feature_layer,https://enterprise.gisdata.mn.gov/aghost/rest/services/us_mn_state_dnr/geos_mineral_exp_docs_minarchive/FeatureServer/0,
3242279480c24fb797c85211414e84c8_1,arcgis_feature_layer,https://enterprise.gisdata.mn.gov/aghost/rest/services/us_mn_state_dnr/geos_mineral_exp_docs_minarchive/FeatureServer/1,
3242279480c24fb797c85211414e84c8_2,arcgis_feature_layer,https://enterprise.gisdata.mn.gov/aghost/rest/services/us_mn_state_dnr/geos_mineral_exp_docs_minarchive/FeatureServer/2,
3242279480c24fb797c85211414e84c8_3,arcgis_feature_layer,https://enterprise.gisdata.mn.gov/aghost/rest/services/us_mn_state_dnr/geos_mineral_exp_docs_minarchive/FeatureServer/3,
3242279480c24fb797c85211414e84c8_4,arcgis_feature_layer,https://enterprise.gisdata.mn.gov/aghost/rest/services/us_mn_state_dnr/geos_mineral_exp_docs_minarchive/FeatureServer/4,
3242279480c24fb797c85211414e84c8_5,arcgis_feature_layer,https://enterprise.gisdata.mn.gov/aghost/rest/services/us_mn_state_dnr/geos_mineral_exp_docs_minarchive/FeatureServer/5,
0fff6a888a3046298350ad5bfad23e19_0,arcgis_feature_layer,https://enterprise.gisdata.mn.gov/aghost/rest/services/us_mn_state_dnr/geos_mineral_dnr_projects/FeatureServer/0,
278ecae336024131bf466642b7dbda4a_0,arcgis_feature_layer,https://enterprise.gisdata.mn.gov/aghost/rest/services/us_mn_state_dnr/geos_land_type_associations/FeatureServer/0,
cde55d26842d4f4e94641adef0efbf10_0,arcgis_feature_layer,https://enterprise.gisdata.mn.gov/aghost/rest/services/us_mn_state_dnr/env_score_the_shore_pub/FeatureServer/0,
a9c5fa193906424e93226d491da7dce7_0,arcgis_feature_layer,https://enterprise.gisdata.mn.gov/aghost/rest/services/us_mn_state_dnr/geos_aggregate_mapping/FeatureServer/0,
a9c5fa193906424e93226d491da7dce7_1,arcgis_feature_layer,https://enterprise.gisdata.mn.gov/aghost/rest/services/us_mn_state_dnr/geos_aggregate_mapping/FeatureServer/1,
a9c5fa193906424e93226d491da7dce7_10,arcgis_feature_layer,https://enterprise.gisdata.mn.gov/aghost/rest/services/us_mn_state_dnr/geos_aggregate_mapping/FeatureServer/10,
a9c5fa193906424e93226d491da7dce7_2,arcgis_feature_layer,https://enterprise.gisdata.mn.gov/aghost/rest/services/us_mn_state_dnr/geos_aggregate_mapping/FeatureServer/2,
a9c5fa193906424e93226d491da7dce7_3,arcgis_feature_layer,https://enterprise.gisdata.mn.gov/aghost/rest/services/us_mn_state_dnr/geos_aggregate_mapping/FeatureServer/3,
a9c5fa193906424e93226d491da7dce7_4,arcgis_feature_layer,https://enterprise.gisdata.mn.gov/aghost/rest/services/us_mn_state_dnr/geos_aggregate_mapping/FeatureServer/4,
a9c5fa193906424e93226d491da7dce7_5,arcgis_feature_layer,https://enterprise.gisdata.mn.gov/aghost/rest/services/us_mn_state_dnr/geos_aggregate_mapping/FeatureServer/5,
a9c5fa193906424e93226d491da7dce7_6,arcgis_feature_layer,https://enterprise.gisdata.mn.gov/aghost/rest/services/us_mn_state_dnr/geos_aggregate_mapping/FeatureServer/6,
a9c5fa193906424e93226d491da7dce7_7,arcgis_feature_layer,https://enterprise.gisdata.mn.gov/aghost/rest/services/us_mn_state_dnr/geos_aggregate_mapping/FeatureServer/7,
caaf0b000d90478cbbc8901b15f52e49_5,arcgis_feature_layer,https://arcgis.metc.state.mn.us/data2/rest/services/transportation/TPP2050_Highway/FeatureServer/5,
caaf0b000d90478cbbc8901b15f52e49_6,arcgis_feature_layer,https://arcgis.metc.state.mn.us/data2/rest/services/transportation/TPP2050_Highway/FeatureServer/6,
d005e387eb2041e1aaed189c3c692d48_0,arcgis_feature_layer,https://arcgis.metc.state.mn.us/data2/rest/services/transportation/TPP2050_Freight/FeatureServer/0,
d005e387eb2041e1aaed189c3c692d48_1,arcgis_feature_layer,https://arcgis.metc.state.mn.us/data2/rest/services/transportation/TPP2050_Freight/FeatureServer/1,
d005e387eb2041e1aaed189c3c692d48_2,arcgis_feature_layer,https://arcgis.metc.state.mn.us/data2/rest/services/transportation/TPP2050_Freight/FeatureServer/2,
d005e387eb2041e1aaed189c3c692d48_3,arcgis_feature_layer,https://arcgis.metc.state.mn.us/data2/rest/services/transportation/TPP2050_Freight/FeatureServer/3,
d005e387eb2041e1aaed189c3c692d48_4,arcgis_feature_layer,https://arcgis.metc.state.mn.us/data2/rest/services/transportation/TPP2050_Freight/FeatureServer/4,
d005e387eb2041e1aaed189c3c692d48_5,arcgis_feature_layer,https://arcgis.metc.state.mn.us/data2/rest/services/transportation/TPP2050_Freight/FeatureServer/5,
d005e387eb2041e1aaed189c3c692d48_6,arcgis_feature_layer,https://arcgis.metc.state.mn.us/data2/rest/services/transportation/TPP2050_Freight/FeatureServer/6,
54eb2d6974d34383a336f164e2a51b4a_0,arcgis_feature_layer,https://services2.arcgis.com/BLy9fHcJU1W8LU8M/arcgis/rest/services/L2012/FeatureServer/0,
d28c3e68015049f5a16955684d2b324c_2,arcgis_feature_layer,https://arcgis.metc.state.mn.us/data1/rest/services/environment/Flood_Hazards/FeatureServer/2,
97182cc5f9bb405f995d47727ace309e_1,arcgis_feature_layer,https://arcgis.metc.state.mn.us/data1/rest/services/environment/Flood_Hazards/FeatureServer/1,
5cf9198d97124ce494eb0cf5837cdf0f_0,arcgis_feature_layer,https://services2.arcgis.com/BLy9fHcJU1W8LU8M/arcgis/rest/services/S2012/FeatureServer/0,
453c0f3d03524469b0cbd30bc7ddc897_0,arcgis_feature_layer,https://services2.arcgis.com/BLy9fHcJU1W8LU8M/arcgis/rest/services/cng2012/FeatureServer/0,
5781d84f9c744747bebae6d0b67ad834_0,arcgis_feature_layer,https://services2.arcgis.com/BLy9fHcJU1W8LU8M/arcgis/rest/services/cng2022/FeatureServer/0,
23e48132d82d4898a3e80bb615fa1d9b_0,arcgis_feature_layer,https://services2.arcgis.com/BLy9fHcJU1W8LU8M/arcgis/rest/services/house2022/FeatureServer/0,
eb2f9531e1634a90833b187c8135ff34_0,arcgis_feature_layer,https://services2.arcgis.com/BLy9fHcJU1W8LU8M/arcgis/rest/services/senate2022/FeatureServer/0,
6607744f7c044d4d9d416d68e227a8ec_0,arcgis_feature_layer,https://arcgis.metc.state.mn.us/data2/rest/services/transportation/TIP_final/FeatureServer/0,
6607744f7c044d4d9d416d68e227a8ec_1,arcgis_feature_layer,https://arcgis.metc.state.mn.us/data2/rest/services/transportation/TIP_final/FeatureServer/1,
6607744f7c044d4d9d416d68e227a8ec_2,arcgis_feature_layer,https://arcgis.metc.state.mn.us/data2/rest/services/transportation/TIP_final/FeatureServer/2,
6607744f7c044d4d9d416d68e227a8ec_3,arcgis_feature_layer,https://arcgis.metc.state.mn.us/data2/rest/services/transportation/TIP_final/FeatureServer/3,
ee9d7a270bd4436eb1e2ce8c38e5b777_0,arcgis_feature_layer,https://arcgis.metc.state.mn.us/data2/rest/services/transportation/Functional_Class/FeatureServer/0,
fd74124b5c6c4c56a7996612ca652957_1,arcgis_feature_layer,https://arcgis.metc.state.mn.us/data2/rest/services/transportation/Functional_Class/FeatureServer/1,
cea33d26c60540fd971c44d90b723878_1,arcgis_feature_layer,https://arcgis.metc.state.mn.us/data2/rest/services/transportation/TAZ/FeatureServer/1,
0b51e57a8cac48d5a9d606911eda9198_3,arcgis_feature_layer,https://arcgis.metc.state.mn.us/data2/rest/services/transportation/TAZ/FeatureServer/3,
1de9005d738247afac8d6dd5475c2b7d_0,arcgis_feature_layer,https://arcgis.metc.state.mn.us/data2/rest/services/transportation/Stop_Maintenance/FeatureServer/0,
3a5257076c814bfa87295f33505cca05_1,arcgis_feature_layer,https://arcgis.metc.state.mn.us/data2/rest/services/transportation/Stop_Maintenance/FeatureServer/1,
72205f4c8ce64f4ca13e05e995bc6e0b_1,arcgis_feature_layer,https://arcgis.metc.state.mn.us/data2/rest/services/transportation/Bike_Pedestrian/FeatureServer/1,
0886bf6cfb8d454f82041f54d9a7c251_0,arcgis_feature_layer,https://arcgis.metc.state.mn.us/data2/rest/services/transportation/DTAT_Transitways/FeatureServer/0,
0886bf6cfb8d454f82041f54d9a7c251_1,arcgis_feature_layer,https://arcgis.metc.state.mn.us/data2/rest/services/transportation/DTAT_Transitways/FeatureServer/1,
0886bf6cfb8d454f82041f54d9a7c251_2,arcgis_feature_layer,https://arcgis.metc.state.mn.us/data2/rest/services/transportation/DTAT_Transitways/FeatureServer/2,
e9fb4b228ca34564b9cfd01fa9b1815f_0,arcgis_feature_layer,https://arcgis.metc.state.mn.us/data2/rest/services/transportation/DTAT_Permits/FeatureServer/0,
e9fb4b228ca34564b9cfd01fa9b1815f_1,arcgis_feature_layer,https://arcgis.metc.state.mn.us/data2/rest/services/transportation/DTAT_Permits/FeatureServer/1,
dfce895794034600929425f0aeacbe0c_0,arcgis_feature_layer,https://enterprise.gisdata.mn.gov/aghost/rest/services/Hosted/water_public_drainage_systems_sibley_gdb/FeatureServer/0,
dfce895794034600929425f0aeacbe0c_1,arcgis_feature_layer,https://enterprise.gisdata.mn.gov/aghost/rest/services/Hosted/water_public_drainage_systems_sibley_gdb/FeatureServer/1,
dfce895794034600929425f0aeacbe0c_2,arcgis_feature_layer,https://enterprise.gisdata.mn.gov/aghost/rest/services/Hosted/water_public_drainage_systems_sibley_gdb/FeatureServer/2,
dfce895794034600929425f0aeacbe0c_3,arcgis_feature_layer,https://enterprise.gisdata.mn.gov/aghost/rest/services/Hosted/water_public_drainage_systems_sibley_gdb/FeatureServer/3,
1bd4e32492b14d40bf69e3b34a5a87e4_0,arcgis_feature_layer,https://enterprise.gisdata.mn.gov/aghost/rest/services/Hosted/water_public_drainage_systems_wrwd_gdb/FeatureServer/0,
1bd4e32492b14d40bf69e3b34a5a87e4_1,arcgis_feature_layer,https://enterprise.gisdata.mn.gov/aghost/rest/services/Hosted/water_public_drainage_systems_wrwd_gdb/FeatureServer/1,
1bd4e32492b14d40bf69e3b34a5a87e4_2,arcgis_feature_layer,https://enterprise.gisdata.mn.gov/aghost/rest/services/Hosted/water_public_drainage_systems_wrwd_gdb/FeatureServer/2,
05a4cd747fa44707a12b53f531764e41_0,arcgis_feature_layer,https://enterprise.gisdata.mn.gov/aghost/rest/services/Hosted/water_public_drainage_systems_nfcrw_gdb/FeatureServer/0,
05a4cd747fa44707a12b53f531764e41_1,arcgis_feature_layer,https://enterprise.gisdata.mn.gov/aghost/rest/services/Hosted/water_public_drainage_systems_nfcrw_gdb/FeatureServer/1,
05a4cd747fa44707a12b53f531764e41_2,arcgis_feature_layer,https://enterprise.gisdata.mn.gov/aghost/rest/services/Hosted/water_public_drainage_systems_nfcrw_gdb/FeatureServer/2,
05a4cd747fa44707a12b53f531764e41_3,arcgis_feature_layer,https://enterprise.gisdata.mn.gov/aghost/rest/services/Hosted/water_public_drainage_systems_nfcrw_gdb/FeatureServer/3,
05a4cd747fa44707a12b53f531764e41_4,arcgis_feature_layer,https://enterprise.gisdata.mn.gov/aghost/rest/services/Hosted/water_public_drainage_systems_nfcrw_gdb/FeatureServer/4,
e4608ffa71bc402ab180cca5db5052fa_0,arcgis_feature_layer,https://enterprise.gisdata.mn.gov/aghost/rest/services/Hosted/Public_Drainage_Systems_Hydrography_Freeborn_County_Minnesota/FeatureServer/0,
e4608ffa71bc402ab180cca5db5052fa_1,arcgis_feature_layer,https://enterprise.gisdata.mn.gov/aghost/rest/services/Hosted/Public_Drainage_Systems_Hydrography_Freeborn_County_Minnesota/FeatureServer/1,
e4608ffa71bc402ab180cca5db5052fa_2,arcgis_feature_layer,https://enterprise.gisdata.mn.gov/aghost/rest/services/Hosted/Public_Drainage_Systems_Hydrography_Freeborn_County_Minnesota/FeatureServer/2,
e4608ffa71bc402ab180cca5db5052fa_3,arcgis_feature_layer,https://enterprise.gisdata.mn.gov/aghost/rest/services/Hosted/Public_Drainage_Systems_Hydrography_Freeborn_County_Minnesota/FeatureServer/3,
5e98533386e846c79684da1f83c7c6bf_0,arcgis_feature_layer,https://enterprise.gisdata.mn.gov/aghost/rest/services/Hosted/Public_Drainage_Systems_Blue_Earth_County_Minnesota/FeatureServer/0,
5e98533386e846c79684da1f83c7c6bf_1,arcgis_feature_layer,https://enterprise.gisdata.mn.gov/aghost/rest/services/Hosted/Public_Drainage_Systems_Blue_Earth_County_Minnesota/FeatureServer/1,
5e98533386e846c79684da1f83c7c6bf_2,arcgis_feature_layer,https://enterprise.gisdata.mn.gov/aghost/rest/services/Hosted/Public_Drainage_Systems_Blue_Earth_County_Minnesota/FeatureServer/2,
5e98533386e846c79684da1f83c7c6bf_3,arcgis_feature_layer,https://enterprise.gisdata.mn.gov/aghost/rest/services/Hosted/Public_Drainage_Systems_Blue_Earth_County_Minnesota/FeatureServer/3,
5e98533386e846c79684da1f83c7c6bf_4,arcgis_feature_layer,https://enterprise.gisdata.mn.gov/aghost/rest/services/Hosted/Public_Drainage_Systems_Blue_Earth_County_Minnesota/FeatureServer/4,
5e98533386e846c79684da1f83c7c6bf_5,arcgis_feature_layer,https://enterprise.gisdata.mn.gov/aghost/rest/services/Hosted/Public_Drainage_Systems_Blue_Earth_County_Minnesota/FeatureServer/5,
9152888e541347428ce4ca6a718c8fd0_8,arcgis_feature_layer,https://enterprise.gisdata.mn.gov/aghost/rest/services/us_mn_state_dnr/geos_dnr_watersheds/FeatureServer/8,
2cd2f7084f634ed291a98912e40204a9_0,arcgis_feature_layer,https://enterprise.gisdata.mn.gov/aghost/rest/services/us_mn_state_pca/env_assessed_water_2016/FeatureServer/0,
2cd2f7084f634ed291a98912e40204a9_1,arcgis_feature_layer,https://enterprise.gisdata.mn.gov/aghost/rest/services/us_mn_state_pca/env_assessed_water_2016/FeatureServer/1,
2cd2f7084f634ed291a98912e40204a9_2,arcgis_feature_layer,https://enterprise.gisdata.mn.gov/aghost/rest/services/us_mn_state_pca/env_assessed_water_2016/FeatureServer/2,
2cd2f7084f634ed291a98912e40204a9_3,arcgis_feature_layer,https://enterprise.gisdata.mn.gov/aghost/rest/services/us_mn_state_pca/env_assessed_water_2016/FeatureServer/3,
2cd2f7084f634ed291a98912e40204a9_4,arcgis_feature_layer,https://enterprise.gisdata.mn.gov/aghost/rest/services/us_mn_state_pca/env_assessed_water_2016/FeatureServer/4,
2cd2f7084f634ed291a98912e40204a9_5,arcgis_feature_layer,https://enterprise.gisdata.mn.gov/aghost/rest/services/us_mn_state_pca/env_assessed_water_2016/FeatureServer/5,
d67ee8b50aa94a96bce91acf5c5c882a_0,arcgis_feature_layer,https://enterprise.gisdata.mn.gov/aghost/rest/services/us_mn_state_dnr/geos_dnr_watersheds_2010_2023/FeatureServer/0,
d67ee8b50aa94a96bce91acf5c5c882a_1,arcgis_feature_layer,https://enterprise.gisdata.mn.gov/aghost/rest/services/us_mn_state_dnr/geos_dnr_watersheds_2010_2023/FeatureServer/1,
d67ee8b50aa94a96bce91acf5c5c882a_2,arcgis_feature_layer,https://enterprise.gisdata.mn.gov/aghost/rest/services/us_mn_state_dnr/geos_dnr_watersheds_2010_2023/FeatureServer/2,
d67ee8b50aa94a96bce91acf5c5c882a_3,arcgis_feature_layer,https://enterprise.gisdata.mn.gov/aghost/rest/services/us_mn_state_dnr/geos_dnr_watersheds_2010_2023/FeatureServer/3,
d67ee8b50aa94a96bce91acf5c5c882a_4,arcgis_feature_layer,https://enterprise.gisdata.mn.gov/aghost/rest/services/us_mn_state_dnr/geos_dnr_watersheds_2010_2023/FeatureServer/4,
d67ee8b50aa94a96bce91acf5c5c882a_5,arcgis_feature_layer,https://enterprise.gisdata.mn.gov/aghost/rest/services/us_mn_state_dnr/geos_dnr_watersheds_2010_2023/FeatureServer/5,
d67ee8b50aa94a96bce91acf5c5c882a_6,arcgis_feature_layer,https://enterprise.gisdata.mn.gov/aghost/rest/services/us_mn_state_dnr/geos_dnr_watersheds_2010_2023/FeatureServer/6,
d67ee8b50aa94a96bce91acf5c5c882a_7,arcgis_feature_layer,https://enterprise.gisdata.mn.gov/aghost/rest/services/us_mn_state_dnr/geos_dnr_watersheds_2010_2023/FeatureServer/7,
03ffc04cc6cd423aaa097079bef8ec15_0,arcgis_feature_layer,https://enterprise.gisdata.mn.gov/aghost/rest/services/us_mn_state_dnr/geos_dimension_stone/FeatureServer/0,
03ffc04cc6cd423aaa097079bef8ec15_1,arcgis_feature_layer,https://enterprise.gisdata.mn.gov/aghost/rest/services/us_mn_state_dnr/geos_dimension_stone/FeatureServer/1,
cb1c7c765c89413eb3bb338dbe0e3f29_0,arcgis_feature_layer,https://enterprise.gisdata.mn.gov/aghost/rest/services/us_mn_state_dnr/water_trout_streams_pls_sections/FeatureServer/0,
cb1c7c765c89413eb3bb338dbe0e3f29_1,arcgis_feature_layer,https://enterprise.gisdata.mn.gov/aghost/rest/services/us_mn_state_dnr/water_trout_streams_pls_sections/FeatureServer/1,
3c84436653e54d1cb0682bebe2722b39_0,arcgis_feature_layer,https://enterprise.gisdata.mn.gov/aghost/rest/services/us_mn_state_dnr/water_wild_and_scenic_rec_rivers/FeatureServer/0,
c19bb308e4ae4863a4cb595784b14d6b_0,arcgis_feature_layer,https://enterprise.gisdata.mn.gov/aghost/rest/services/us_mn_state_dnr/geos_hydrogeology_atlas_hg01/FeatureServer/0,
c6c97394a2264090b8cfbd6cb837e096_0,arcgis_feature_layer,https://enterprise.gisdata.mn.gov/aghost/rest/services/us_mn_state_dnr/water_fishing_in_neighborhood/FeatureServer/0,
670159c260b2479c8fc641dc7915b844_0,arcgis_feature_layer,https://enterprise.gisdata.mn.gov/aghost/rest/services/us_mn_state_dnr/geos_ecological_class_system/FeatureServer/0,
670159c260b2479c8fc641dc7915b844_1,arcgis_feature_layer,https://enterprise.gisdata.mn.gov/aghost/rest/services/us_mn_state_dnr/geos_ecological_class_system/FeatureServer/1,
670159c260b2479c8fc641dc7915b844_2,arcgis_feature_layer,https://enterprise.gisdata.mn.gov/aghost/rest/services/us_mn_state_dnr/geos_ecological_class_system/FeatureServer/2,
01e9624e59dc40af85c43c45b3598576_0,arcgis_feature_layer,https://enterprise.gisdata.mn.gov/aghost/rest/services/us_mn_state_pca/env_assessed_water_2020_proposed/FeatureServer/0,
01e9624e59dc40af85c43c45b3598576_1,arcgis_feature_layer,https://enterprise.gisdata.mn.gov/aghost/rest/services/us_mn_state_pca/env_assessed_water_2020_proposed/FeatureServer/1,
01e9624e59dc40af85c43c45b3598576_2,arcgis_feature_layer,https://enterprise.gisdata.mn.gov/aghost/rest/services/us_mn_state_pca/env_assessed_water_2020_proposed/FeatureServer/2,
01e9624e59dc40af85c43c45b3598576_3,arcgis_feature_layer,https://enterprise.gisdata.mn.gov/aghost/rest/services/us_mn_state_pca/env_assessed_water_2020_proposed/FeatureServer/3,
01e9624e59dc40af85c43c45b3598576_4,arcgis_feature_layer,https://enterprise.gisdata.mn.gov/aghost/rest/services/us_mn_state_pca/env_assessed_water_2020_proposed/FeatureServer/4,
01e9624e59dc40af85c43c45b3598576_5,arcgis_feature_layer,https://enterprise.gisdata.mn.gov/aghost/rest/services/us_mn_state_pca/env_assessed_water_2020_proposed/FeatureServer/5,
707006af199843ecb9375a602505f3e2_0,arcgis_feature_layer,https://enterprise.gisdata.mn.gov/aghost/rest/services/us_mn_state_pca/env_impaired_water_2020_proposed/FeatureServer/0,
2355a66b68b74c8a926e54ca1e6c92e2_0,arcgis_feature_layer,https://arcgis.metc.state.mn.us/data1/rest/services/planning/PPP/FeatureServer/0,
707006af199843ecb9375a602505f3e2_1,arcgis_feature_layer,https://enterprise.gisdata.mn.gov/aghost/rest/services/us_mn_state_pca/env_impaired_water_2020_proposed/FeatureServer/1,
707006af199843ecb9375a602505f3e2_10,arcgis_feature_layer,https://enterprise.gisdata.mn.gov/aghost/rest/services/us_mn_state_pca/env_impaired_water_2020_proposed/FeatureServer/10,
707006af199843ecb9375a602505f3e2_11,arcgis_feature_layer,https://enterprise.gisdata.mn.gov/aghost/rest/services/us_mn_state_pca/env_impaired_water_2020_proposed/FeatureServer/11,
707006af199843ecb9375a602505f3e2_12,arcgis_feature_layer,https://enterprise.gisdata.mn.gov/aghost/rest/services/us_mn_state_pca/env_impaired_water_2020_proposed/FeatureServer/12,
707006af199843ecb9375a602505f3e2_13,arcgis_feature_layer,https://enterprise.gisdata.mn.gov/aghost/rest/services/us_mn_state_pca/env_impaired_water_2020_proposed/FeatureServer/13,
707006af199843ecb9375a602505f3e2_14,arcgis_feature_layer,https://enterprise.gisdata.mn.gov/aghost/rest/services/us_mn_state_pca/env_impaired_water_2020_proposed/FeatureServer/14,
707006af199843ecb9375a602505f3e2_15,arcgis_feature_layer,https://enterprise.gisdata.mn.gov/aghost/rest/services/us_mn_state_pca/env_impaired_water_2020_proposed/FeatureServer/15,
707006af199843ecb9375a602505f3e2_16,arcgis_feature_layer,https://enterprise.gisdata.mn.gov/aghost/rest/services/us_mn_state_pca/env_impaired_water_2020_proposed/FeatureServer/16,
707006af199843ecb9375a602505f3e2_17,arcgis_feature_layer,https://enterprise.gisdata.mn.gov/aghost/rest/services/us_mn_state_pca/env_impaired_water_2020_proposed/FeatureServer/17,
707006af199843ecb9375a602505f3e2_18,arcgis_feature_layer,https://enterprise.gisdata.mn.gov/aghost/rest/services/us_mn_state_pca/env_impaired_water_2020_proposed/FeatureServer/18,
707006af199843ecb9375a602505f3e2_19,arcgis_feature_layer,https://enterprise.gisdata.mn.gov/aghost/rest/services/us_mn_state_pca/env_impaired_water_2020_proposed/FeatureServer/19,
707006af199843ecb9375a602505f3e2_2,arcgis_feature_layer,https://enterprise.gisdata.mn.gov/aghost/rest/services/us_mn_state_pca/env_impaired_water_2020_proposed/FeatureServer/2,
707006af199843ecb9375a602505f3e2_3,arcgis_feature_layer,https://enterprise.gisdata.mn.gov/aghost/rest/services/us_mn_state_pca/env_impaired_water_2020_proposed/FeatureServer/3,
707006af199843ecb9375a602505f3e2_4,arcgis_feature_layer,https://enterprise.gisdata.mn.gov/aghost/rest/services/us_mn_state_pca/env_impaired_water_2020_proposed/FeatureServer/4,
707006af199843ecb9375a602505f3e2_5,arcgis_feature_layer,https://enterprise.gisdata.mn.gov/aghost/rest/services/us_mn_state_pca/env_impaired_water_2020_proposed/FeatureServer/5,
707006af199843ecb9375a602505f3e2_6,arcgis_feature_layer,https://enterprise.gisdata.mn.gov/aghost/rest/services/us_mn_state_pca/env_impaired_water_2020_proposed/FeatureServer/6,
707006af199843ecb9375a602505f3e2_7,arcgis_feature_layer,https://enterprise.gisdata.mn.gov/aghost/rest/services/us_mn_state_pca/env_impaired_water_2020_proposed/FeatureServer/7,
707006af199843ecb9375a602505f3e2_8,arcgis_feature_layer,https://enterprise.gisdata.mn.gov/aghost/rest/services/us_mn_state_pca/env_impaired_water_2020_proposed/FeatureServer/8,
707006af199843ecb9375a602505f3e2_9,arcgis_feature_layer,https://enterprise.gisdata.mn.gov/aghost/rest/services/us_mn_state_pca/env_impaired_water_2020_proposed/FeatureServer/9,
6cbd7615249c4d34abbc5446716f7705_0,arcgis_feature_layer,https://webgis.dot.state.mn.us/65agsf1/rest/services/sdw_trans/NAVIGABLE_WATERS/FeatureServer/0,
7f7721fc03cc4e18aa1ea9aac02efb40_0,arcgis_feature_layer,https://webgis.dot.state.mn.us/65agsf1/rest/services/sdw_trans/SCENIC_BYWAY/FeatureServer/0,
b69c033c3a04460fbd2428e81403bd02_0,arcgis_feature_layer,https://webgis.dot.state.mn.us/65agsf1/rest/services/sdw_infra/REST_AREAS/FeatureServer/0,
fdfd618653194b9aa40ea91764a5be4a_0,arcgis_feature_layer,https://enterprise.gisdata.mn.gov/aghost/rest/services/us_mn_state_dnr/plan_state_peatleases/FeatureServer/0,
fdfd618653194b9aa40ea91764a5be4a_1,arcgis_feature_layer,https://enterprise.gisdata.mn.gov/aghost/rest/services/us_mn_state_dnr/plan_state_peatleases/FeatureServer/1,
fdfd618653194b9aa40ea91764a5be4a_2,arcgis_feature_layer,https://enterprise.gisdata.mn.gov/aghost/rest/services/us_mn_state_dnr/plan_state_peatleases/FeatureServer/2,
fdfd618653194b9aa40ea91764a5be4a_3,arcgis_feature_layer,https://enterprise.gisdata.mn.gov/aghost/rest/services/us_mn_state_dnr/plan_state_peatleases/FeatureServer/3,
0d9e0d712c124755933408980351f797_0,arcgis_feature_layer,https://enterprise.gisdata.mn.gov/aghost/rest/services/us_mn_state_dnr/plan_state_minleases/FeatureServer/0,
0d9e0d712c124755933408980351f797_1,arcgis_feature_layer,https://enterprise.gisdata.mn.gov/aghost/rest/services/us_mn_state_dnr/plan_state_minleases/FeatureServer/1,
0d9e0d712c124755933408980351f797_2,arcgis_feature_layer,https://enterprise.gisdata.mn.gov/aghost/rest/services/us_mn_state_dnr/plan_state_minleases/FeatureServer/2,
0d9e0d712c124755933408980351f797_3,arcgis_feature_layer,https://enterprise.gisdata.mn.gov/aghost/rest/services/us_mn_state_dnr/plan_state_minleases/FeatureServer/3,
cf4baf3c439247b4b51aaefa62cd9f37_0,arcgis_feature_layer,https://enterprise.gisdata.mn.gov/aghost/rest/services/us_mn_state_pca/env_impaired_water_2024/FeatureServer/0,
cf4baf3c439247b4b51aaefa62cd9f37_1,arcgis_feature_layer,https://enterprise.gisdata.mn.gov/aghost/rest/services/us_mn_state_pca/env_impaired_water_2024/FeatureServer/1,
cf4baf3c439247b4b51aaefa62cd9f37_10,arcgis_feature_layer,https://enterprise.gisdata.mn.gov/aghost/rest/services/us_mn_state_pca/env_impaired_water_2024/FeatureServer/10,
cf4baf3c439247b4b51aaefa62cd9f37_11,arcgis_feature_layer,https://enterprise.gisdata.mn.gov/aghost/rest/services/us_mn_state_pca/env_impaired_water_2024/FeatureServer/11,
cf4baf3c439247b4b51aaefa62cd9f37_12,arcgis_feature_layer,https://enterprise.gisdata.mn.gov/aghost/rest/services/us_mn_state_pca/env_impaired_water_2024/FeatureServer/12,
cf4baf3c439247b4b51aaefa62cd9f37_13,arcgis_feature_layer,https://enterprise.gisdata.mn.gov/aghost/rest/services/us_mn_state_pca/env_impaired_water_2024/FeatureServer/13,
cf4baf3c439247b4b51aaefa62cd9f37_14,arcgis_feature_layer,https://enterprise.gisdata.mn.gov/aghost/rest/services/us_mn_state_pca/env_impaired_water_2024/FeatureServer/14,
cf4baf3c439247b4b51aaefa62cd9f37_15,arcgis_feature_layer,https://enterprise.gisdata.mn.gov/aghost/rest/services/us_mn_state_pca/env_impaired_water_2024/FeatureServer/15,
cf4baf3c439247b4b51aaefa62cd9f37_16,arcgis_feature_layer,https://enterprise.gisdata.mn.gov/aghost/rest/services/us_mn_state_pca/env_impaired_water_2024/FeatureServer/16,
cf4baf3c439247b4b51aaefa62cd9f37_2,arcgis_feature_layer,https://enterprise.gisdata.mn.gov/aghost/rest/services/us_mn_state_pca/env_impaired_water_2024/FeatureServer/2,
cf4baf3c439247b4b51aaefa62cd9f37_3,arcgis_feature_layer,https://enterprise.gisdata.mn.gov/aghost/rest/services/us_mn_state_pca/env_impaired_water_2024/FeatureServer/3,
cf4baf3c439247b4b51aaefa62cd9f37_4,arcgis_feature_layer,https://enterprise.gisdata.mn.gov/aghost/rest/services/us_mn_state_pca/env_impaired_water_2024/FeatureServer/4,
cf4baf3c439247b4b51aaefa62cd9f37_5,arcgis_feature_layer,https://enterprise.gisdata.mn.gov/aghost/rest/services/us_mn_state_pca/env_impaired_water_2024/FeatureServer/5,
cf4baf3c439247b4b51aaefa62cd9f37_6,arcgis_feature_layer,https://enterprise.gisdata.mn.gov/aghost/rest/services/us_mn_state_pca/env_impaired_water_2024/FeatureServer/6,
cf4baf3c439247b4b51aaefa62cd9f37_7,arcgis_feature_layer,https://enterprise.gisdata.mn.gov/aghost/rest/services/us_mn_state_pca/env_impaired_water_2024/FeatureServer/7,
cf4baf3c439247b4b51aaefa62cd9f37_8,arcgis_feature_layer,https://enterprise.gisdata.mn.gov/aghost/rest/services/us_mn_state_pca/env_impaired_water_2024/FeatureServer/8,
cf4baf3c439247b4b51aaefa62cd9f37_9,arcgis_feature_layer,https://enterprise.gisdata.mn.gov/aghost/rest/services/us_mn_state_pca/env_impaired_water_2024/FeatureServer/9,
66f964ad5f914de3b43c8a4ebb5a0c18_0,arcgis_feature_layer,https://enterprise.gisdata.mn.gov/aghost/rest/services/us_mn_state_pca/env_impaired_water_2020/FeatureServer/0,
66f964ad5f914de3b43c8a4ebb5a0c18_1,arcgis_feature_layer,https://enterprise.gisdata.mn.gov/aghost/rest/services/us_mn_state_pca/env_impaired_water_2020/FeatureServer/1,
66f964ad5f914de3b43c8a4ebb5a0c18_10,arcgis_feature_layer,https://enterprise.gisdata.mn.gov/aghost/rest/services/us_mn_state_pca/env_impaired_water_2020/FeatureServer/10,
66f964ad5f914de3b43c8a4ebb5a0c18_11,arcgis_feature_layer,https://enterprise.gisdata.mn.gov/aghost/rest/services/us_mn_state_pca/env_impaired_water_2020/FeatureServer/11,
66f964ad5f914de3b43c8a4ebb5a0c18_12,arcgis_feature_layer,https://enterprise.gisdata.mn.gov/aghost/rest/services/us_mn_state_pca/env_impaired_water_2020/FeatureServer/12,
66f964ad5f914de3b43c8a4ebb5a0c18_13,arcgis_feature_layer,https://enterprise.gisdata.mn.gov/aghost/rest/services/us_mn_state_pca/env_impaired_water_2020/FeatureServer/13,
66f964ad5f914de3b43c8a4ebb5a0c18_14,arcgis_feature_layer,https://enterprise.gisdata.mn.gov/aghost/rest/services/us_mn_state_pca/env_impaired_water_2020/FeatureServer/14,
66f964ad5f914de3b43c8a4ebb5a0c18_15,arcgis_feature_layer,https://enterprise.gisdata.mn.gov/aghost/rest/services/us_mn_state_pca/env_impaired_water_2020/FeatureServer/15,
66f964ad5f914de3b43c8a4ebb5a0c18_16,arcgis_feature_layer,https://enterprise.gisdata.mn.gov/aghost/rest/services/us_mn_state_pca/env_impaired_water_2020/FeatureServer/16,
66f964ad5f914de3b43c8a4ebb5a0c18_17,arcgis_feature_layer,https://enterprise.gisdata.mn.gov/aghost/rest/services/us_mn_state_pca/env_impaired_water_2020/FeatureServer/17,
58f632f7ced84340a2f0fcbe0077ab6f,arcgis_image_map_layer,https://enterprise.gisdata.mn.gov/aghost/rest/services/us_mn_state_dnr/env_historic_public_waters_inv/ImageServer,
ab593372b70548b4b974ea1a2bf758c1,arcgis_image_map_layer,https://enterprise.gisdata.mn.gov/agsimg/rest/services/MnTopo/2nd_Generation_Seamless_Lidar_DEM/ImageServer,
262179571e4a4b568ec62df6ebd4d7f9,arcgis_image_map_layer,https://arcgis.metc.state.mn.us/image/rest/services/GISRaster/LandSurfaceTemperature2022/ImageServer,
28fdcd94b804449d9516e6dcc68c7f66,arcgis_image_map_layer,https://arcgis.metc.state.mn.us/image/rest/services/GISRaster/LandSurfaceTemperature2016/ImageServer,
1c3b68addfd84dad86840702f8d88755,arcgis_image_map_layer,https://gis.hennepin.us/arcgis/rest/services/ImageServices/Temp_AM/ImageServer,
268bef30d60b4a4f8239037766d57e3a,arcgis_image_map_layer,https://gis.hennepin.us/arcgis/rest/services/ImageServices/HeatIndex_AM/ImageServer,
f43b02fd894946efbcd17aee5e5650a0,arcgis_image_map_layer,https://gis.hennepin.us/arcgis/rest/services/ImageServices/Temp_PM/ImageServer,
867d542752a44835a459d57b3cae9b68,arcgis_image_map_layer,https://gis.hennepin.us/arcgis/rest/services/ImageServices/HeatIndex_PM/ImageServer,
2c03049ff66c42ecbc14dbad665da432,arcgis_image_map_layer,https://gis.hennepin.us/arcgis/rest/services/ImageServices/Temp_AF/ImageServer,
7710086c5f374ddfb3e5a762ea7dc488,arcgis_image_map_layer,https://gis.hennepin.us/arcgis/rest/services/ImageServices/HeatIndex_AF/ImageServer,
447586518097407fa2f022add329a14c,arcgis_image_map_layer,https://tiledimageservices.arcgis.com/8df8p0NlLFEShl0r/arcgis/rest/services/Twin_Cities_Metro_Area_Road_Surface_Area__2022/ImageServer,
57fa34b8fb14436e80fe71290781f5c5,arcgis_image_map_layer,https://tiledimageservices.arcgis.com/8df8p0NlLFEShl0r/arcgis/rest/services/Twin_Cities_Metropolitan_Area_1_Meter_Urban_Tree_Canopy_Assessment__2015/ImageServer,
4c9b8d3793e34bce853cd8bd96af3c07,arcgis_image_map_layer,https://tiledimageservices.arcgis.com/8df8p0NlLFEShl0r/arcgis/rest/services/Rochester_1_Meter_Land_Cover_Classification_2015/ImageServer,
4d0cc07ca8bd42fcb161981c8f8a483b,arcgis_image_map_layer,https://tiledimageservices.arcgis.com/8df8p0NlLFEShl0r/arcgis/rest/services/Duluth_1_Meter_Land_Cover_Classification_2015/ImageServer,
db405832a16f4961b17450f23c43c223,arcgis_image_map_layer,https://tiledimageservices.arcgis.com/8df8p0NlLFEShl0r/arcgis/rest/services/Twin_Cities_Metropolitan_Area_1_Meter_Land_Cover_Classification__2015/ImageServer,
3d8084ec1cfa4b9ca3ecf69e10bda3d2,arcgis_image_map_layer,https://gisimg.co.dakota.mn.us/arcgis/rest/services/AerialPhotography/2025AirPhotoLeafOn6Inch_Fall/ImageServer,
5b1764d18acb419fb888a28db606311b,arcgis_image_map_layer,https://gis6.uspatial.umn.edu/arcgis/rest/services/solar/MnDSMRef/ImageServer,
c3cdb0ca0be84f3f98c51e401e74a0b6,arcgis_image_map_layer,https://gis6.uspatial.umn.edu/arcgis/rest/services/solar/MNSolarRef/ImageServer,
dda074c0d2b14f77845619ea258435f6,arcgis_image_map_layer,https://gisimg.co.dakota.mn.us/arcgis/rest/services/AerialPhotography/2006AirPhotoLeafOnHalfMeter/ImageServer,
52ef27126eea4072bc6ab595b984949c,arcgis_image_map_layer,https://gisimg.co.dakota.mn.us/arcgis/rest/services/AerialPhotography/2006AirPhotoLeafOff1Meter/ImageServer,
db489ad95bf64f60a1589dd610ad01e4,arcgis_image_map_layer,https://gisimg.co.dakota.mn.us/arcgis/rest/services/AerialPhotography/2005AirPhotoLeafOn1Meter/ImageServer,
6cddf57253dd4d3eae7647cff680ff7f,arcgis_image_map_layer,https://gisimg.co.dakota.mn.us/arcgis/rest/services/AerialPhotography/2008AirPhotoLeafOff12Inch/ImageServer,
4e38d9d639a54d69b54e447feb31188f,arcgis_image_map_layer,https://gisimg.co.dakota.mn.us/arcgis/rest/services/AerialPhotography/2008AirPhotoLeafOff6Inch/ImageServer,
19870bff27314f878720611a12a2ee10,arcgis_image_map_layer,https://gisimg.co.dakota.mn.us/arcgis/rest/services/AerialPhotography/2009AirPhotoLeafOn12Inch/ImageServer,
e551fc78aa5143b8a14c8761afd4b72c,arcgis_image_map_layer,https://gisimg.co.dakota.mn.us/arcgis/rest/services/AerialPhotography/2010AirPhotoLeafOff6Inch/ImageServer,
19f4d4e28b7c4d21adae0d1c4270150c,arcgis_image_map_layer,https://gisimg.co.dakota.mn.us/arcgis/rest/services/AerialPhotography/2011AirPhotoLeafOn12Inch/ImageServer,
6d5341817d7d4b9f97c7fdd63b540ea1,arcgis_image_map_layer,https://gisimg.co.dakota.mn.us/arcgis/rest/services/AerialPhotography/2011AirPhotoLeafOn6Inch/ImageServer,
875917f53a5e41bd8d27589da0970442,arcgis_image_map_layer,https://gisimg.co.dakota.mn.us/arcgis/rest/services/AerialPhotography/2013AirPhotoLeafOff6Inch/ImageServer,
297e02244ce64676b830302e7840b539,arcgis_image_map_layer,https://gisimg.co.dakota.mn.us/arcgis/rest/services/AerialPhotography/2014AirPhotoLeafOff6Inch_Spring/ImageServer,
2c44f46c989942f0828e164f4441c36b,arcgis_image_map_layer,https://gisimg.co.dakota.mn.us/arcgis/rest/services/AerialPhotography/2016AirPhotoLeafOff6Inch/ImageServer,
520bb1ede1924e009f8a37a41b57e2b2,arcgis_image_map_layer,https://gisimg.co.dakota.mn.us/arcgis/rest/services/AerialPhotography/2015AirPhotoLeafOff6Inch/ImageServer,
3ef4cfcc2f2e43218ac3242e29e18bc0,arcgis_image_map_layer,https://gisimg.co.dakota.mn.us/arcgis/rest/services/AerialPhotography/2015AirPhotoLeafOff6Inch_Spring/ImageServer,
ac24835edfae46ee968f8e380b6776d7,arcgis_image_map_layer,https://gisimg.co.dakota.mn.us/arcgis/rest/services/AerialPhotography/2016AirPhotoLeafOn6Inch/ImageServer,
9db1b85fa78447b8b86270264abede8a,arcgis_image_map_layer,https://gisimg.co.dakota.mn.us/arcgis/rest/services/AerialPhotography/1991AirPhotoLeafOff1Meter/ImageServer,
742c2bd85e684189a1bfca0bb8618edf,arcgis_image_map_layer,https://gisimg.co.dakota.mn.us/arcgis/rest/services/AerialPhotography/2000AirPhotoLeafOff6TenthsMeter/ImageServer,
7bbe19a24e284f81a351e660d5255570,arcgis_image_map_layer,https://gisimg.co.dakota.mn.us/arcgis/rest/services/AerialPhotography/2002AirPhotoLeafOnThreeQuarterMeter/ImageServer,
f9edf98f7399411c8357c946d03166a0,arcgis_image_map_layer,https://gisimg.co.dakota.mn.us/arcgis/rest/services/AerialPhotography/1997AirPhotoLeafOff6TenthsMeter/ImageServer,
035e7d48bd9d44a590ad9f073c504ea9,arcgis_image_map_layer,https://gisimg.co.dakota.mn.us/arcgis/rest/services/AerialPhotography/1974AirPhotoLeafOn/ImageServer,
eb6fd8a7002443c7b7148e3fd949cd89,arcgis_image_map_layer,https://gisimg.co.dakota.mn.us/arcgis/rest/services/AerialPhotography/1970AirPhotoLeafOn/ImageServer,
312f627b962446c985931076450730d8,arcgis_image_map_layer,https://gisimg.co.dakota.mn.us/arcgis/rest/services/AerialPhotography/1964AirPhotoLeafOn/ImageServer,
771ab9cf1bd84ad29f7edd62cacb6358,arcgis_image_map_layer,https://gisimg.co.dakota.mn.us/arcgis/rest/services/AerialPhotography/1951AirPhotoLeafOn/ImageServer,
27faead4cbbb4efaae961023c88f5b0b,arcgis_image_map_layer,https://gisimg.co.dakota.mn.us/arcgis/rest/services/AerialPhotography/1957AirPhotoLeafOn/ImageServer,
ee3709ef1de547c1aca6ee55ca35dc37,arcgis_image_map_layer,https://gisimg.co.dakota.mn.us/arcgis/rest/services/AerialPhotography/1937AirPhotoLeafOn/ImageServer,
909c8aee77ed49d895f66eef9654e0e6,arcgis_image_map_layer,https://gisimg.co.dakota.mn.us/arcgis/rest/services/AerialPhotography/1927AirPhotoLeafOn/ImageServer,
363c42e6e6a1478a9c5b6f3dbf4d8175,arcgis_image_map_layer,https://gisimg.co.dakota.mn.us/arcgis/rest/services/AerialPhotography/2022AirPhotoLeafOn6Inch_Fall/ImageServer,
273decab74d04e6998b7db3142980767,arcgis_image_map_layer,https://gisimg.co.dakota.mn.us/arcgis/rest/services/AerialPhotography/2025AirPhotoLeafOff6Inch_Spring/ImageServer,
04040e0aa0814741aaf205ffa9e7d16e,arcgis_image_map_layer,https://gisimg.co.dakota.mn.us/arcgis/rest/services/AerialPhotography/2024AirPhotoLeafOn6Inch_Spring/ImageServer,
fdd31fd4826144319030abcdaaa0f052,arcgis_image_map_layer,https://gisimg.co.dakota.mn.us/arcgis/rest/services/AerialPhotography/2017AirPhotoLeafOff6Inch/ImageServer,
cb352f6a50494d40859538bd9e977597,arcgis_image_map_layer,https://gisimg.co.dakota.mn.us/arcgis/rest/services/AerialPhotography/2017AirPhotoLeafOff6Inch_Spring/ImageServer,
08eb7c0ca81b425785f30d8ed63fd625,arcgis_image_map_layer,https://gisimg.co.dakota.mn.us/arcgis/rest/services/AerialPhotography/2024AirPhotoLeafOn6Inch_Fall/ImageServer,
ff6f0430d9b04d0a9ce93d8377fc3a9a,arcgis_image_map_layer,https://gisimg.co.dakota.mn.us/arcgis/rest/services/AerialPhotography/2018AirPhotoLeafOff6Inch_Fall/ImageServer,
8ef348d5073d47219faaf6a0900a83a7,arcgis_image_map_layer,https://gisimg.co.dakota.mn.us/arcgis/rest/services/AerialPhotography/2019AirPhotoLeafOff6Inch_Spring/ImageServer,
f159873a0314410cbcda456ed713954d,arcgis_image_map_layer,https://gisimg.co.dakota.mn.us/arcgis/rest/services/AerialPhotography/2019AirPhotoLeafOn3Inch_Fall/ImageServer,
daf47df4b81c46c3b83a861b1c402f82,arcgis_image_map_layer,https://gisimg.co.dakota.mn.us/arcgis/rest/services/AerialPhotography/2020AirPhotoLeafOff6inch_Spring/ImageServer,
54fc92d59dcb48588f59f5950bcf885c,arcgis_image_map_layer,https://gisimg.co.dakota.mn.us/arcgis/rest/services/AerialPhotography/2020AirPhotoLeafOn6Inch_Fall/ImageServer,
c194d9af301242d999b0dc53cfa900a5,arcgis_image_map_layer,https://gisimg.co.dakota.mn.us/arcgis/rest/services/AerialPhotography/2021AirPhotoLeafOff6inch_Spring/ImageServer,
490b3fb51e474855af7f4401423a9877,arcgis_image_map_layer,https://gisimg.co.dakota.mn.us/arcgis/rest/services/AerialPhotography/2021AirPhotoLeafOn6Inch_Fall/ImageServer,
f3e14e66be354d74a370c74ada8c48e9,arcgis_image_map_layer,https://gisimg.co.dakota.mn.us/arcgis/rest/services/AerialPhotography/2022AirPhotoLeafOff6inch_Spring/ImageServer,
419b9d3e849a436689e6de75924624bc,arcgis_image_map_layer,https://gisimg.co.dakota.mn.us/arcgis/rest/services/AerialPhotography/2023AirPhotoLeafOff6Inch_Spring/ImageServer,
4c7faa8f4005420c95b750ce07fc593a,arcgis_image_map_layer,https://enterprise.gisdata.mn.gov/aghost/rest/services/us_mn_state_pca/geos_gw_recharge_1996_2010_mean/ImageServer,
9e143e44bf644b7e9a2e7003783014e9,arcgis_image_map_layer,https://gisimg.co.dakota.mn.us/arcgis/rest/services/AerialPhotography/2023AirPhotoLeafOn6Inch_Fall/ImageServer,
d0a6b41ab67c4eed942f3cf2d6ccbc90,arcgis_image_map_layer,https://enterprise.gisdata.mn.gov/aghost/rest/services/us_mn_state_dnr/biota_landcover_gap/ImageServer,
3e3cd8fea2b14f248913e44c83e24f2d,arcgis_image_map_layer,https://enterprise.gisdata.mn.gov/agsimg/rest/services/MnTopo_Work_Units/Douglas_County_Work_Unit/ImageServer,
198169ca920c4cd0bd51a3a1f81883a7,arcgis_image_map_layer,https://enterprise.gisdata.mn.gov/agsimg/rest/services/MnTopo_Work_Units/Red_River_Work_Unit_2/ImageServer,
78396485950d42ea99bd7e1f4e26a1b8,arcgis_image_map_layer,https://enterprise.gisdata.mn.gov/agsimg/rest/services/MnTopo_Work_Units/Red_River_Work_Unit_4/ImageServer,
61d67f7b8fd94fd68b06679a45dfb145,arcgis_image_map_layer,https://enterprise.gisdata.mn.gov/agsimg/rest/services/MnTopo_Work_Units/Red_River_Work_Unit_1/ImageServer,
9529e8e3843941809e4b3c31e9a97f5d,arcgis_image_map_layer,https://enterprise.gisdata.mn.gov/agsimg/rest/services/MnTopo_Work_Units/Red_River_Work_Unit_3/ImageServer,
5a50e7c816044ff2843bc5c318b5123a,arcgis_image_map_layer,https://enterprise.gisdata.mn.gov/agsimg/rest/services/MnTopo_Work_Units/Central_Mississippi_Work_Unit_1/ImageServer,
d09e8539ef224100aefe716c812d1d8d,arcgis_image_map_layer,https://enterprise.gisdata.mn.gov/aghost/rest/services/us_mn_state_mngeo/plan_public_lands_mn_1983/ImageServer,
0bbbde55954a4b3aad4d79d0d0057d28,arcgis_image_map_layer,https://enterprise.gisdata.mn.gov/aghost/rest/services/us_mn_state_mda/agri_cropland_data_layer_2014/ImageServer,
b41b508719bf40dca98a283ca2368c02,arcgis_image_map_layer,https://enterprise.gisdata.mn.gov/aghost/rest/services/us_mn_state_mda/agri_cropland_data_layer_2013/ImageServer,
f564ddb31c5f4a868132c02dae342e49,arcgis_image_map_layer,https://enterprise.gisdata.mn.gov/aghost/rest/services/us_mn_state_mda/agri_cropland_data_layer_2012/ImageServer,
42783e7e99684ad7b2ce5849285ff9f3,arcgis_image_map_layer,https://enterprise.gisdata.mn.gov/aghost/rest/services/us_mn_state_mda/agri_cropland_data_layer_2011/ImageServer,
8df5a50e5ae54a50a4a9fd342fda07a3,arcgis_image_map_layer,https://enterprise.gisdata.mn.gov/aghost/rest/services/us_mn_state_mda/agri_cropland_data_layer_2010/ImageServer,
2f74e2ac5ce040db89587cf1dcab5949,arcgis_image_map_layer,https://enterprise.gisdata.mn.gov/aghost/rest/services/us_mn_state_mda/agri_cropland_data_layer_2009/ImageServer,
598ce2faf8754b07b53136deba024bb7,arcgis_image_map_layer,https://enterprise.gisdata.mn.gov/aghost/rest/services/us_mn_state_mda/agri_cropland_data_layer_2008/ImageServer,
a92c74ef151f48028ecc3e444f7a0bba,arcgis_image_map_layer,https://enterprise.gisdata.mn.gov/aghost/rest/services/us_mn_state_mda/agri_cropland_data_layer_2007/ImageServer,
147e9ecdcb534eddb0b77f2196455c5a,arcgis_image_map_layer,https://enterprise.gisdata.mn.gov/aghost/rest/services/us_mn_state_mda/agri_cropland_data_layer_2006/ImageServer,
5c24c289f80f49eaa2151c9f2e8b8b63,arcgis_image_map_layer,https://enterprise.gisdata.mn.gov/aghost/rest/services/us_mn_state_mda/agri_cropland_data_layer_2025/ImageServer,
5ad54ef0b9ca40b29c4913dfe7d5e88a,arcgis_image_map_layer,https://enterprise.gisdata.mn.gov/aghost/rest/services/us_mn_state_mda/agri_cropland_data_layer_2024/ImageServer,
5aba83eeaf004f96b7fdaec87d66b0af,arcgis_image_map_layer,https://enterprise.gisdata.mn.gov/aghost/rest/services/us_mn_state_mda/agri_cropland_data_layer_2023/ImageServer,
9e942ba2aced494d8760616a0b8e3918,arcgis_image_map_layer,https://enterprise.gisdata.mn.gov/aghost/rest/services/us_mn_state_mda/agri_cropland_data_layer_2022/ImageServer,
2b1db8ebc8754167af22ba5c4d4a7c1e,arcgis_image_map_layer,https://enterprise.gisdata.mn.gov/aghost/rest/services/us_mn_state_mda/agri_cropland_data_layer_2021/ImageServer,
b913cd8769d94774af5f70fe320f66b1,arcgis_image_map_layer,https://enterprise.gisdata.mn.gov/aghost/rest/services/us_mn_state_mda/agri_cropland_data_layer_2020/ImageServer,
a27f1972b43541f8867282d57926f73a,arcgis_image_map_layer,https://enterprise.gisdata.mn.gov/aghost/rest/services/us_mn_state_mda/agri_cropland_data_layer_2019/ImageServer,
a28c437536a5488a93482eaeffd48a6d,arcgis_image_map_layer,https://enterprise.gisdata.mn.gov/aghost/rest/services/us_mn_state_mda/agri_cropland_data_layer_2018/ImageServer,
6567f21fe9d24fc09bf564aa0a260e02,arcgis_image_map_layer,https://enterprise.gisdata.mn.gov/aghost/rest/services/us_mn_state_mda/agri_cropland_data_layer_2017/ImageServer,
4781c53916874e66aea67b8782d00ffd,arcgis_image_map_layer,https://enterprise.gisdata.mn.gov/aghost/rest/services/us_mn_state_mda/agri_cropland_data_layer_2016/ImageServer,
3c9612c0705f4e17aa10dc1104977d40,arcgis_image_map_layer,https://enterprise.gisdata.mn.gov/aghost/rest/services/us_mn_state_dot/water_prehist_hydrography/ImageServer,
474851bf54954f698096e9c640c834b3,arcgis_image_map_layer,https://enterprise.gisdata.mn.gov/aghost/rest/services/us_mn_state_dot/water_hist_hydrography/ImageServer,
f6e9b480c62e4446b256d13127fc4876,arcgis_image_map_layer,https://enterprise.gisdata.mn.gov/aghost/rest/services/us_mn_state_dot/society_hist_ped_lcp/ImageServer,
5f11cacb860c443e9a4b37e0d326f5a1,arcgis_image_map_layer,https://enterprise.gisdata.mn.gov/aghost/rest/services/us_mn_state_dot/elev_visibility/ImageServer,
3e5eeb1f4db3431abcb3568c7bf53587,arcgis_image_map_layer,https://enterprise.gisdata.mn.gov/aghost/rest/services/us_mn_state_dot/elev_topo_wet_10m/ImageServer,
2cb6c76ee2384bfb8a7fff5cc4ec9b03,arcgis_image_map_layer,https://enterprise.gisdata.mn.gov/aghost/rest/services/us_mn_state_dot/elev_dtm_30m_condpr_a/ImageServer,
0e26d48fa32842f2acd8f80e028d9d96,arcgis_image_map_layer,https://enterprise.gisdata.mn.gov/aghost/rest/services/us_mn_state_dot/biota_hist_veg/ImageServer,
d82e692a71fa4ff08511f00c111c6b8d,arcgis_image_map_layer,https://enterprise.gisdata.mn.gov/aghost/rest/services/us_mn_state_dnr/water_lake_bathy_shaded_relief/ImageServer,
edc1ffac09254187b98a294fd8d9eaa8,arcgis_image_map_layer,https://enterprise.gisdata.mn.gov/agsimg/rest/services/MnTopo/Gen_2_2M_DEM/ImageServer,
fe0aa68af730461eb2106be15572e42b,arcgis_image_map_layer,https://enterprise.gisdata.mn.gov/agsimg/rest/services/MnTopo/Gen_2_1M_DEM/ImageServer,
694bd187aa7e454d9871a77d6044ad3c,arcgis_image_map_layer,https://enterprise.gisdata.mn.gov/aghost/rest/services/us_mn_state_dnr/geos_hydrogeology_atlas_hg02/ImageServer,
909f7265fe4040629ecee6ed742444a8,arcgis_image_map_layer,https://mgs-gispub.mngs.umn.edu/arcgis/rest/services/mosaics/D_03_Depth_to_Bedrock_2025/ImageServer,
32f9f4c0bd8940609464742946c8da90,arcgis_image_map_layer,https://enterprise.gisdata.mn.gov/aghost/rest/services/us_mn_state_dnr/geos_mrcca_soil_erosion_suscept/ImageServer,
8e8e02c2b34d4bff8d88fd8c1d8d8c87,arcgis_image_map_layer,https://enterprise.gisdata.mn.gov/aghost/rest/services/us_mn_state_bwsr/geos_usfs_histosols/ImageServer,
81583aeb32da4bf08f03286d22989826,arcgis_image_map_layer,https://enterprise.gisdata.mn.gov/agsimg/rest/services/MnTopo_Work_Units/Becker_County/ImageServer,
79094c65c3e24c0391a20f3cf94834d1,arcgis_image_map_layer,https://enterprise.gisdata.mn.gov/agsimg/rest/services/MnTopo_Work_Units/Rainy_Lake/ImageServer,
32faddb495774df29d3c7a5976b7a71a,arcgis_image_map_layer,https://enterprise.gisdata.mn.gov/agsimg/rest/services/MnTopo_Work_Units/Minnesota_River_West_Work_Unit_3/ImageServer,
5f67c7dade2b48e48864bff6542c0074,arcgis_image_map_layer,https://enterprise.gisdata.mn.gov/agsimg/rest/services/MnTopo_Work_Units/Minnesota_River_West_Work_Unit_2/ImageServer,
dfbc8852a2aa4af2a04a01fe147fe7bc,arcgis_image_map_layer,https://enterprise.gisdata.mn.gov/agsimg/rest/services/MnTopo_Work_Units/Minnesota_River_West_Work_Unit_1/ImageServer,
5ca8023cd2484d1cb464f74f209506f8,arcgis_image_map_layer,https://enterprise.gisdata.mn.gov/agsimg/rest/services/MnTopo_Work_Units/Minnesota_River_East_Work_Unit_2/ImageServer,
d7ae70771b4a4a1a910a502cc3546514,arcgis_image_map_layer,https://enterprise.gisdata.mn.gov/agsimg/rest/services/MnTopo_Work_Units/Minnesota_River_East_Work_Unit_1/ImageServer,
1912e5ff28db4ace8951295367781ee3,arcgis_image_map_layer,https://enterprise.gisdata.mn.gov/agsimg/rest/services/MnTopo_Work_Units/Lake_Superior/ImageServer,
afef4fcdae3f4bde94ae92890cb13777,arcgis_image_map_layer,https://enterprise.gisdata.mn.gov/agsimg/rest/services/MnTopo_Work_Units/Missouri_Big_Sioux_Work_Unit/ImageServer,
724eeca5d3ab48589cc893fc9e5218a2,arcgis_image_map_layer,https://enterprise.gisdata.mn.gov/agsimg/rest/services/MnTopo_Work_Units/Lower_Mississippi_work_unit_4/ImageServer,
61caa8c017454987a7de31bf6c5a0618,arcgis_image_map_layer,https://enterprise.gisdata.mn.gov/agsimg/rest/services/MnTopo_Work_Units/Lower_Mississippi_Work_Unit_3/ImageServer,
9506fb10126e4e2e83ce23eac5f08cfb,arcgis_image_map_layer,https://enterprise.gisdata.mn.gov/agsimg/rest/services/MnTopo_Work_Units/Lower_Mississippi_Work_Unit_1/ImageServer,
2f349947f9b040aeae41733071a17fd3,arcgis_image_map_layer,https://enterprise.gisdata.mn.gov/agsimg/rest/services/MnTopo_Work_Units/Lower_Mississippi_work_unit_5/ImageServer,
50c3271985d94146895ce583cf987aee,arcgis_image_map_layer,https://enterprise.gisdata.mn.gov/agsimg/rest/services/MnTopo_Work_Units/Lower_Mississippi_Work_Unit_2/ImageServer,
6df98039de8243a6926b56270d23d1fb,arcgis_image_map_layer,https://enterprise.gisdata.mn.gov/agsimg/rest/services/MnTopo_Work_Units/Central_Mississippi_Work_Unit_2/ImageServer,
e546c341087f45ee9963d12b6d2f81dd,arcgis_image_map_layer,https://enterprise.gisdata.mn.gov/agsimg/rest/services/MnTopo_Work_Units/Central_Mississippi_Work_Unit_6/ImageServer,
ae289bc3c7b64e8495acc5f0c5899eb7,arcgis_image_map_layer,https://enterprise.gisdata.mn.gov/agsimg/rest/services/MnTopo_Work_Units/Central_Mississippi_Work_Unit_5/ImageServer,
acfbbbdac1d2403b95ee3be95c4710f8,arcgis_image_map_layer,https://enterprise.gisdata.mn.gov/agsimg/rest/services/MnTopo_Work_Units/Central_Mississippi_Work_Unit_4/ImageServer,
9fe7a021fc48406082e22773e292d926,arcgis_image_map_layer,https://enterprise.gisdata.mn.gov/agsimg/rest/services/MnTopo_Work_Units/Central_Mississippi_Work_Unit_3/ImageServer,
da996f8d27fb4f3abe212674eddf7594,arcgis_image_map_layer,https://enterprise.gisdata.mn.gov/agsimg/rest/services/MnTopo_Work_Units/Upper_Mississippi_Work_Unit_1/ImageServer,
46bd3dd2a8ed474ca154237a77f04043,arcgis_image_map_layer,https://enterprise.gisdata.mn.gov/agsimg/rest/services/MnTopo_Work_Units/Upper_Mississippi_Work_Unit_3/ImageServer,
d59a9be8e65948b09884d58ec63c6bc6,arcgis_image_map_layer,https://enterprise.gisdata.mn.gov/agsimg/rest/services/MnTopo_Work_Units/Upper_Mississippi_Work_Unit_6/ImageServer,
906943391ac04e84bbd1196c153d5d51,arcgis_image_map_layer,https://enterprise.gisdata.mn.gov/agsimg/rest/services/MnTopo_Work_Units/Upper_Mississippi_Work_Unit_5/ImageServer,
5d4bf5323bba486e97fd5434e95d53e2,arcgis_image_map_layer,https://enterprise.gisdata.mn.gov/agsimg/rest/services/MnTopo_Work_Units/Upper_Mississippi_Work_Unit_4/ImageServer,
0725383c7aa540c7ba71a8474d2d9e9b,arcgis_image_map_layer,https://enterprise.gisdata.mn.gov/agsimg/rest/services/MnTopo_Work_Units/Upper_Mississippi_Work_Unit_2/ImageServer,
a9c5fa193906424e93226d491da7dce7_8,documentation_external,https://gis.data.mn.gov/datasets/minnesota::projects-and-status-1,
a9c5fa193906424e93226d491da7dce7_9,documentation_external,https://gis.data.mn.gov/datasets/minnesota::armp-aggmines-attach,
af72129fafe24d90a62cbc05f0682c5c_0,documentation_external,https://gis.data.mn.gov/datasets/minnesota::normal-annual-precipitation-average-minnesota-1971-2000-1,
7dfc0f065481429697114cf4894366a7_0,documentation_external,https://gis.data.mn.gov/datasets/minnesota::predict-um-mlccs-natural-1,
7dfc0f065481429697114cf4894366a7_1,documentation_external,https://gis.data.mn.gov/datasets/minnesota::predict-nlcd-natural-1,
7dfc0f065481429697114cf4894366a7_2,documentation_external,https://gis.data.mn.gov/datasets/minnesota::predict-mlccs-natural-areas-1,
9d1d85f25800420f9d4ceb1cc572b039_0,documentation_external,https://gis.data.mn.gov/datasets/minnesota::mn-precipitation-average-1969-1990-contour-lines-1,
9d1d85f25800420f9d4ceb1cc572b039_1,documentation_external,https://gis.data.mn.gov/datasets/minnesota::mn-precipitation-average-1969-1990-polygons-1,
6fda393f898a402f96093c2730b0c46d_0,documentation_external,https://gis.data.mn.gov/datasets/minnesota::working-lands-initiative-target-areas-1,
d32a2ee4c1ea49e58fc92b625a4b23ee_0,documentation_external,https://gis.data.mn.gov/datasets/minnesota::flem-summary,
d32a2ee4c1ea49e58fc92b625a4b23ee_1,documentation_external,https://gis.data.mn.gov/datasets/minnesota::lake-plant-stands,
d32a2ee4c1ea49e58fc92b625a4b23ee_2,documentation_external,https://gis.data.mn.gov/datasets/minnesota::flem-survey-taxa,
9bfe71cc32f948819f35aa4c1a824dd4_2,documentation_external,https://gis.data.mn.gov/datasets/minnesota::dnr-hydrography-trout-lake-designation-1,
1d89e0fbe00f44cfb544d78f47cd0d2a_0,documentation_external,https://gis.data.mn.gov/datasets/minnesota::temp-yr30-ln1-1,
1d89e0fbe00f44cfb544d78f47cd0d2a_1,documentation_external,https://gis.data.mn.gov/datasets/minnesota::temp-yr30-py1-1,
6a40451ae0994de1aeceed827c011d33_0,documentation_external,https://gis.data.mn.gov/datasets/minnesota::dnr-hydrography-groundwater-dominated-lakes-1,
015ddcb98aaf4c748d6fbafd16f7d386_0,documentation_external,https://gis.data.mn.gov/datasets/minnesota::prairie-change-analysis-1991-2008-1,
fc7a26ed90c34afdb612d6775fa3dbeb_0,documentation_external,https://gis.data.mn.gov/datasets/minnesota::watershed-health-assessment-for-lakes-scores-1,
e21d9b8054eb4263ad718ac31ecfbb1c_0,documentation_external,https://gis.data.mn.gov/datasets/minnesota::dnr-watersheds-dnr-level-08-all-catchments-5,
e21d9b8054eb4263ad718ac31ecfbb1c_1,documentation_external,https://gis.data.mn.gov/datasets/minnesota::dnr-watersheds-dnr-level-04-huc-08-majors-5,
e21d9b8054eb4263ad718ac31ecfbb1c_2,documentation_external,https://gis.data.mn.gov/datasets/minnesota::catchment-scores-1,
e21d9b8054eb4263ad718ac31ecfbb1c_3,documentation_external,https://gis.data.mn.gov/datasets/minnesota::major-scores-1,
bd38589df92243c3a819d5a5c288e5e9_0,documentation_external,https://gis.data.mn.gov/datasets/minnesota::visual-sensitivity-classifications-1,
9e7b0d7d59194797a691b66dde40fea1_0,documentation_external,https://gis.data.mn.gov/datasets/minnesota::listed-infested-waters-1,
8688b4b04b104e4fa104dc855281c6d6_0,documentation_external,https://gis.data.mn.gov/datasets/minnesota::state-wildlife-action-plan-conservation-opportunity-areas,
ad697abba20c48a3ae11f20d302dcc6c_0,documentation_external,https://gis.data.mn.gov/datasets/minnesota::dnr-hydrography-stream-trout-lakes-1,
4b24c5853d9c42b08273a18b0e7ab2e4_0,documentation_external,https://gis.data.mn.gov/datasets/minnesota::stream-protection-priorities-1,
0f4ca77d3f774b76b4db5dabfe444b1c_0,documentation_external,https://gis.data.mn.gov/datasets/minnesota::mn-st-louis-river-area-of-concern-habitat-projects-non-management-action-1,
d10c1a117aa144338ca4f32bebe36e72_0,documentation_external,https://gis.data.mn.gov/datasets/minnesota::marxan-toimi-uplands-1,
d10c1a117aa144338ca4f32bebe36e72_1,documentation_external,https://gis.data.mn.gov/datasets/minnesota::marxan-the-coteaus-1,
d10c1a117aa144338ca4f32bebe36e72_10,documentation_external,https://gis.data.mn.gov/datasets/minnesota::marxan-nashwauk-uplands-1,
d10c1a117aa144338ca4f32bebe36e72_11,documentation_external,https://gis.data.mn.gov/datasets/minnesota::marxan-minnesota-river-prairie-1,
d10c1a117aa144338ca4f32bebe36e72_12,documentation_external,https://gis.data.mn.gov/datasets/minnesota::marxan-mille-lacs-uplands-1,
d10c1a117aa144338ca4f32bebe36e72_13,documentation_external,https://gis.data.mn.gov/datasets/minnesota::marxan-laurentian-uplands-1,
d10c1a117aa144338ca4f32bebe36e72_14,documentation_external,https://gis.data.mn.gov/datasets/minnesota::marxan-hardwood-hills-1,
d10c1a117aa144338ca4f32bebe36e72_15,documentation_external,https://gis.data.mn.gov/datasets/minnesota::marxan-glacial-lake-superior-plain-1,
d10c1a117aa144338ca4f32bebe36e72_16,documentation_external,https://gis.data.mn.gov/datasets/minnesota::marxan-chippewa-plains-1,
d10c1a117aa144338ca4f32bebe36e72_17,documentation_external,https://gis.data.mn.gov/datasets/minnesota::marxan-border-lakes-1,
d10c1a117aa144338ca4f32bebe36e72_18,documentation_external,https://gis.data.mn.gov/datasets/minnesota::marxan-big-woods-1,
d10c1a117aa144338ca4f32bebe36e72_19,documentation_external,https://gis.data.mn.gov/datasets/minnesota::marxan-aspen-parkland-1,
d10c1a117aa144338ca4f32bebe36e72_2,documentation_external,https://gis.data.mn.gov/datasets/minnesota::marxan-the-blufflands-1,
d10c1a117aa144338ca4f32bebe36e72_20,documentation_external,https://gis.data.mn.gov/datasets/minnesota::marxan-anoka-sand-plain-1,
d10c1a117aa144338ca4f32bebe36e72_21,documentation_external,https://gis.data.mn.gov/datasets/minnesota::marxan-agassiz-lowlands-littlefork-uplands-1,
d10c1a117aa144338ca4f32bebe36e72_22,documentation_external,https://gis.data.mn.gov/datasets/minnesota::conservation-opportunity-areas-1,
d10c1a117aa144338ca4f32bebe36e72_3,documentation_external,https://gis.data.mn.gov/datasets/minnesota::marxan-tamarack-lowlands-st-louis-moraines-1,
d10c1a117aa144338ca4f32bebe36e72_4,documentation_external,https://gis.data.mn.gov/datasets/minnesota::marxan-st-paul-baldwin-plains-1,
d10c1a117aa144338ca4f32bebe36e72_5,documentation_external,https://gis.data.mn.gov/datasets/minnesota::marxan-rochester-plateau-1,
d10c1a117aa144338ca4f32bebe36e72_6,documentation_external,https://gis.data.mn.gov/datasets/minnesota::marxan-red-river-prairie-1,
d10c1a117aa144338ca4f32bebe36e72_7,documentation_external,https://gis.data.mn.gov/datasets/minnesota::marxan-pine-moraines-outwash-plains-1,
d10c1a117aa144338ca4f32bebe36e72_8,documentation_external,https://gis.data.mn.gov/datasets/minnesota::marxan-oak-savanna-1,
d10c1a117aa144338ca4f32bebe36e72_9,documentation_external,https://gis.data.mn.gov/datasets/minnesota::marxan-north-shore-highlands-1,
ae4177278d6a43ae8356a91f2b391959_0,documentation_external,https://gis.data.mn.gov/datasets/minnesota::dnr-hydrography-dnr-sentinel-lakes-slice-program-1,
5d8d7cb16fa34a2291b3312e68f15971_0,documentation_external,https://gis.data.mn.gov/datasets/minnesota::sensitive-lakeshore-sensitivity-index-1,
5d8d7cb16fa34a2291b3312e68f15971_1,documentation_external,https://gis.data.mn.gov/datasets/minnesota::sensitive-lakeshore-highly-sensitive-shoreland-1,
94f9fcc74eea4b4c870d5c8645f04ee9_0,documentation_external,https://gis.data.mn.gov/datasets/minnesota::mn-pudl-protected-1,
94f9fcc74eea4b4c870d5c8645f04ee9_1,documentation_external,https://gis.data.mn.gov/datasets/minnesota::mn-pudl-1,
c4d5212d05634cb1846e34ea977d32ff_0,documentation_external,https://gis.data.mn.gov/datasets/minnesota::minnesota-pheasant-range-1,
6ce4962acfe740288ceb58c563e0ac35_0,documentation_external,https://gis.data.mn.gov/datasets/minnesota::breeding-owls-obs-aitkin-1,
6ce4962acfe740288ceb58c563e0ac35_1,documentation_external,https://gis.data.mn.gov/datasets/minnesota::raised-bogs-st-louis-1,
6ce4962acfe740288ceb58c563e0ac35_2,documentation_external,https://gis.data.mn.gov/datasets/minnesota::raised-bogs-aitkin-1,
ff0712be637b4cb8ae4e88191786df07_0,documentation_external,https://gis.data.mn.gov/datasets/minnesota::oak-wilt-range-in-minnesota-1,
1607fef990fe4040ac33d40a51362a26_0,documentation_external,https://gis.data.mn.gov/datasets/minnesota::mississippi-river-corridor-critical-area-mrcca-shore-impact-zones-siz-1,
2a93525b8342430abdb87df202a74735_0,documentation_external,https://gis.data.mn.gov/datasets/minnesota::mississippi-river-corridor-critical-area-mrcca-restoration-priorities-1,
0c75d22b85254bd79a46d061fb16b035_0,documentation_external,https://gis.data.mn.gov/datasets/minnesota::mnwap-wildlife-action-network-1,
a12bf0c81bd94a1683cb5137f1f4158a_0,documentation_external,https://gis.data.mn.gov/datasets/minnesota::turkey-harvest-2015-spring-1,
a12bf0c81bd94a1683cb5137f1f4158a_1,documentation_external,https://gis.data.mn.gov/datasets/minnesota::turkey-harvest-2014-spring-1,
a12bf0c81bd94a1683cb5137f1f4158a_10,documentation_external,https://gis.data.mn.gov/datasets/minnesota::turkey-harvest-2010-fall-1,
a12bf0c81bd94a1683cb5137f1f4158a_11,documentation_external,https://gis.data.mn.gov/datasets/minnesota::turkey-harvest-2009-spring-1,
a12bf0c81bd94a1683cb5137f1f4158a_12,documentation_external,https://gis.data.mn.gov/datasets/minnesota::turkey-harvest-2009-fall-1,
a12bf0c81bd94a1683cb5137f1f4158a_13,documentation_external,https://gis.data.mn.gov/datasets/minnesota::turkey-harvest-2008-spring-1,
a12bf0c81bd94a1683cb5137f1f4158a_14,documentation_external,https://gis.data.mn.gov/datasets/minnesota::turkey-harvest-2008-fall-1,
a12bf0c81bd94a1683cb5137f1f4158a_15,documentation_external,https://gis.data.mn.gov/datasets/minnesota::turkey-harvest-2007-spring-1,
a12bf0c81bd94a1683cb5137f1f4158a_16,documentation_external,https://gis.data.mn.gov/datasets/minnesota::turkey-harvest-2007-fall-1,
a12bf0c81bd94a1683cb5137f1f4158a_17,documentation_external,https://gis.data.mn.gov/datasets/minnesota::turkey-harvest-2006-spring-1,
a12bf0c81bd94a1683cb5137f1f4158a_18,documentation_external,https://gis.data.mn.gov/datasets/minnesota::turkey-harvest-2006-fall-1,
a12bf0c81bd94a1683cb5137f1f4158a_2,documentation_external,https://gis.data.mn.gov/datasets/minnesota::turkey-harvest-2014-fall-1,
a12bf0c81bd94a1683cb5137f1f4158a_3,documentation_external,https://gis.data.mn.gov/datasets/minnesota::turkey-harvest-2013-spring-1,
a12bf0c81bd94a1683cb5137f1f4158a_4,documentation_external,https://gis.data.mn.gov/datasets/minnesota::turkey-harvest-2013-fall-1,
a12bf0c81bd94a1683cb5137f1f4158a_5,documentation_external,https://gis.data.mn.gov/datasets/minnesota::turkey-harvest-2012-spring-1,
a12bf0c81bd94a1683cb5137f1f4158a_6,documentation_external,https://gis.data.mn.gov/datasets/minnesota::turkey-harvest-2012-fall-1,
a12bf0c81bd94a1683cb5137f1f4158a_7,documentation_external,https://gis.data.mn.gov/datasets/minnesota::turkey-harvest-2011-spring-1,
a12bf0c81bd94a1683cb5137f1f4158a_8,documentation_external,https://gis.data.mn.gov/datasets/minnesota::turkey-harvest-2011-fall-1,
a12bf0c81bd94a1683cb5137f1f4158a_9,documentation_external,https://gis.data.mn.gov/datasets/minnesota::turkey-harvest-2010-spring-1,
7c2982dffc9940ea8ed69bc71e98427d_0,documentation_external,https://gis.data.mn.gov/datasets/minnesota::springs-in-minnesota-1,
7a2fada9352f485292a1f79e7aeda458_0,documentation_external,https://gis.data.mn.gov/datasets/minnesota::moose-range-in-minnesota-1,
58f632f7ced84340a2f0fcbe0077ab6f,documentation_external,https://gis.data.mn.gov/datasets/minnesota::historical-public-waters-inventory-pwi-maps,
ef277672b70045b7a29be3da6d3e7a73_0,documentation_external,https://gis.data.mn.gov/datasets/minnesota::tip-draft-point,
87b53a073e33481db564305f9cab035b_0,documentation_external,https://gis.data.mn.gov/datasets/hennepin::elevation-contours-10ft,
66f964ad5f914de3b43c8a4ebb5a0c18_18,documentation_external,https://gis.data.mn.gov/datasets/minnesota::corrected-wetlands-minnesota-2020,
457da64d3e284d69885533e7839fb9d6_0,documentation_external,https://gis.data.mn.gov/datasets/minnesota::moose-harvest-2009-1,
457da64d3e284d69885533e7839fb9d6_1,documentation_external,https://gis.data.mn.gov/datasets/minnesota::moose-harvest-2008-1,
457da64d3e284d69885533e7839fb9d6_2,documentation_external,https://gis.data.mn.gov/datasets/minnesota::moose-harvest-2007-1,
457da64d3e284d69885533e7839fb9d6_3,documentation_external,https://gis.data.mn.gov/datasets/minnesota::moose-harvest-2006-1,
276100ab313f4bb992ad39d6e2020fdd_0,documentation_external,https://gis.data.mn.gov/datasets/minnesota::npc-1,
276100ab313f4bb992ad39d6e2020fdd_1,documentation_external,https://gis.data.mn.gov/datasets/minnesota::bon-area-1,
276100ab313f4bb992ad39d6e2020fdd_2,documentation_external,https://gis.data.mn.gov/maps/minnesota::bonanza-grid-data-1,
4a68cd729ecb4a86b1f383958cda80e7_0,documentation_external,https://gis.data.mn.gov/datasets/wrightgis::wright-county-mn-address-points,
e53011f6bd944815bb8fa51331194c68_0,documentation_external,https://gis.data.mn.gov/datasets/wrightgis::wright-county-road-centerlines,
6bae27646e664fad990aa6018c60cb91_0,documentation_external,https://gis.data.mn.gov/datasets/wrightgis::parcels-wright-county,
b3f7866444ed40e4a527b01a1e17cd0c_0,documentation_external,https://gis.data.mn.gov/datasets/minnesota::groundwater-capture-area-1,
ef277672b70045b7a29be3da6d3e7a73_1,documentation_external,https://gis.data.mn.gov/datasets/minnesota::tip-draft-line,
87b53a073e33481db564305f9cab035b_1,documentation_external,https://gis.data.mn.gov/datasets/hennepin::elevation-contours-2ft,
66f964ad5f914de3b43c8a4ebb5a0c18_19,documentation_external,https://gis.data.mn.gov/datasets/minnesota::corrected-lakes-minnesota-2020,
ab593372b70548b4b974ea1a2bf758c1,documentation_external,https://gis.data.mn.gov/datasets/minnesota::statewide-seamless-0-5m-lidar-dem-minnesota-2nd-generation-,
7d6b8bd596d946ec9b031e1f003f5657_2,documentation_external,https://gis.data.mn.gov/datasets/minnesota::metro-hra-small-area-rents,
b5ad73558c4c4135a2fb22123efaf9ce_0,documentation_external,https://gis.data.mn.gov/datasets/minnesota::zip-code-tabulation-areas-5-digit-zcta5-minnesota-2010,
277775d6801f42c9b8f24afe1955b495_0,documentation_external,https://gis.data.mn.gov/datasets/277775d6801f42c9b8f24afe1955b495_0,
3203b00463c944028497b761456bf55e_0,documentation_external,https://gis.data.mn.gov/datasets/minnesota::in-state-phosphorus,
3203b00463c944028497b761456bf55e_1,documentation_external,https://gis.data.mn.gov/datasets/minnesota::in-state-nitrate,
f539d6789ad7489fb3866bdf2396fe24_0,documentation_external,https://gis.data.mn.gov/datasets/minnesota::fire-departments-in-the-metropolitan-emergency-services-board-10-county-region-minnesota,
6ec41bb88359493c9439232e99e74f29_0,documentation_external,https://gis.data.mn.gov/datasets/minnesota::travel-behavior-inventory-2023-day,
6ec41bb88359493c9439232e99e74f29_1,documentation_external,https://gis.data.mn.gov/datasets/minnesota::travel-behavior-inventory-2023-household,
6ec41bb88359493c9439232e99e74f29_2,documentation_external,https://gis.data.mn.gov/datasets/minnesota::travel-behavior-inventory-2023-linkedtrip,
6ec41bb88359493c9439232e99e74f29_3,documentation_external,https://gis.data.mn.gov/datasets/minnesota::travel-behavior-inventory-2023-locations,
6ec41bb88359493c9439232e99e74f29_4,documentation_external,https://gis.data.mn.gov/datasets/minnesota::travel-behavior-inventory-2023-person,
6ec41bb88359493c9439232e99e74f29_5,documentation_external,https://gis.data.mn.gov/datasets/minnesota::travel-behavior-inventory-2023-trip,
ef277672b70045b7a29be3da6d3e7a73_2,documentation_external,https://gis.data.mn.gov/datasets/minnesota::tip-draft-full-table,
7a448ee1a09a4fc781857128f75d8827_0,documentation_external,https://gis.data.mn.gov/datasets/hennepin::landslide-inventory-dated,
66f964ad5f914de3b43c8a4ebb5a0c18_2,documentation_external,https://gis.data.mn.gov/datasets/minnesota::impaired-lake-points-partially-within-reservations-minnesota-2020,
6ec41bb88359493c9439232e99e74f29_6,documentation_external,https://gis.data.mn.gov/datasets/minnesota::travel-behavior-inventory-2023-trip-purpose,
6ec41bb88359493c9439232e99e74f29_7,documentation_external,https://gis.data.mn.gov/datasets/minnesota::travel-behavior-inventory-2023-vehicle,
6ec41bb88359493c9439232e99e74f29_8,documentation_external,https://gis.data.mn.gov/datasets/minnesota::travel-behavior-inventory-metadata-values,
6ec41bb88359493c9439232e99e74f29_9,documentation_external,https://gis.data.mn.gov/datasets/minnesota::travel-behavior-inventory-metadata-variables,
574f06a992d44dbb9decb4f0bcf594e5_0,documentation_external,https://gis.data.mn.gov/datasets/minnesota::travel-behavior-inventory-2021-day,
574f06a992d44dbb9decb4f0bcf594e5_1,documentation_external,https://gis.data.mn.gov/datasets/minnesota::travel-behavior-inventory-2021-household,
574f06a992d44dbb9decb4f0bcf594e5_2,documentation_external,https://gis.data.mn.gov/datasets/minnesota::travel-behavior-inventory-2021-linked-trip,
574f06a992d44dbb9decb4f0bcf594e5_3,documentation_external,https://gis.data.mn.gov/datasets/minnesota::travel-behavior-inventory-2021-locations,
574f06a992d44dbb9decb4f0bcf594e5_4,documentation_external,https://gis.data.mn.gov/datasets/minnesota::travel-behavior-inventory-2021-person,
574f06a992d44dbb9decb4f0bcf594e5_5,documentation_external,https://gis.data.mn.gov/datasets/minnesota::travel-behavior-inventory-2021-trip,
574f06a992d44dbb9decb4f0bcf594e5_6,documentation_external,https://gis.data.mn.gov/datasets/minnesota::travel-behavior-inventory-2021-trip-purpose,
574f06a992d44dbb9decb4f0bcf594e5_7,documentation_external,https://gis.data.mn.gov/datasets/minnesota::travel-behavior-inventory-2021-vehicle,
15cdcdd4d7684ac0a091cd4ca65fe838_0,documentation_external,https://gis.data.mn.gov/datasets/minnesota::travel-behavior-inventory-2019-day,
15cdcdd4d7684ac0a091cd4ca65fe838_1,documentation_external,https://gis.data.mn.gov/datasets/minnesota::travel-behavior-inventory-2019-household,
15cdcdd4d7684ac0a091cd4ca65fe838_2,documentation_external,https://gis.data.mn.gov/datasets/minnesota::travel-behavior-inventory-2019-linked-trip,
15cdcdd4d7684ac0a091cd4ca65fe838_3,documentation_external,https://gis.data.mn.gov/datasets/minnesota::travel-behavior-inventory-2019-locations,
15cdcdd4d7684ac0a091cd4ca65fe838_4,documentation_external,https://gis.data.mn.gov/datasets/minnesota::travel-behavior-inventory-2019-person,
15cdcdd4d7684ac0a091cd4ca65fe838_5,documentation_external,https://gis.data.mn.gov/datasets/minnesota::travel-behavior-inventory-2019-trip,
15cdcdd4d7684ac0a091cd4ca65fe838_6,documentation_external,https://gis.data.mn.gov/datasets/minnesota::travel-behavior-inventory-2019-trip-purpose,
15cdcdd4d7684ac0a091cd4ca65fe838_7,documentation_external,https://gis.data.mn.gov/datasets/minnesota::travel-behavior-inventory-2019-vehicle,
d706c082afad412cb467d4c0bf2dab4c_0,documentation_external,https://gis.data.mn.gov/datasets/minnesota::maintained-forest-roads-aitkin-county-mn,
cbfd89b72ef24ce8ad0b94a431dd0777_0,documentation_external,https://gis.data.mn.gov/datasets/minnesota::forest-inventory-aitkin-county-mn,
7c3642d641884938a579e95b2914c510_0,documentation_external,https://gis.data.mn.gov/datasets/minnesota::ems-boundaries-aitkin-county-mn,
ef277672b70045b7a29be3da6d3e7a73_3,documentation_external,https://gis.data.mn.gov/datasets/minnesota::tip-draft-unmapped,
fd527cfaa7d645fd95631eb658cec4fa_12,documentation_external,https://gis.data.mn.gov/datasets/hennepin::zip-codes,
66f964ad5f914de3b43c8a4ebb5a0c18_3,documentation_external,https://gis.data.mn.gov/datasets/minnesota::impaired-lake-points-minnesota-2020,
3dc903e63c1f44c098b6719300d3c87f_737,documentation_external,https://gis.data.mn.gov/datasets/minnesota::commissioner-districts-aitkin-county-mn,
3af11e38bde2499094765b594e5e96ba_0,documentation_external,https://gis.data.mn.gov/datasets/minnesota::grant-in-aid-snowmobile-trails-aitkin-county-mn,
2508f87c3f934747819356a7200d7ff0_0,documentation_external,https://gis.data.mn.gov/datasets/minnesota::grant-in-aid-atv-trails-aitkin-county-mn,
e1670028466e456284174ddbe82fe539_230,documentation_external,https://gis.data.mn.gov/datasets/minnesota::zoning-classifications-aitkin-county-mn,
3cd285cbb13a43478d42e2ade3915403_0,documentation_external,https://gis.data.mn.gov/datasets/minnesota::tax-parcels-aitkin-county-mn,
43f4153d135e4e96901c12c71ef12be2_0,documentation_external,https://gis.data.mn.gov/datasets/minnesota::road-centerlines-aitkin-county-mn,
58c05d13d4ba4abdad3756607f326547_3,documentation_external,https://gis.data.mn.gov/datasets/minnesota::metro-transit-stop-boardings-and-alightings,
a67f5fc2f5cd4eaab86697ad89ff9e8f_0,documentation_external,https://gis.data.mn.gov/datasets/minnesota::address-points-aitkin-county-minnesota-2,
5f4bc177747c4e1b9e75300314d5fd4a_0,documentation_external,https://gis.data.mn.gov/datasets/minnesota::mpca-wastewater-program-groundwater-monitoring-sites,
fd89ea84b8b142e8871ba409db8c10b0_0,documentation_external,https://gis.data.mn.gov/datasets/minnesota::wastewater-facilities-in-minnesota,
4c20cc0f3b5449ceb12b6350260c84f1_0,documentation_external,https://gis.data.mn.gov/datasets/minnesota::wastewater-facility-discharge-locations-in-minnesota,
86ec22a22b9b46f6b1172dbf659b72c3_0,documentation_external,https://gis.data.mn.gov/datasets/minnesota::areas-served-by-wastewater-facilities-in-minnesota,
00d66d2869624d11ad44b12a4fd17079_0,documentation_external,https://gis.data.mn.gov/datasets/minnesota::subsurface-sewage-treatment-system-ssts-licensed-businesses,
23001ef7941c43f4baf7106a6f4c1e0f_0,documentation_external,https://gis.data.mn.gov/datasets/minnesota::mpca-solid-waste-monitoring,
23001ef7941c43f4baf7106a6f4c1e0f_1,documentation_external,https://gis.data.mn.gov/datasets/minnesota::mpca-solid-waste-sites,
3b42527d3e6e43cf9213edac1a2448c0_0,documentation_external,https://gis.data.mn.gov/datasets/minnesota::water-quality-stressors-identified,
53bfdc20c89a4aff863706b8cc0a8d0a_0,documentation_external,https://gis.data.mn.gov/datasets/minnesota::mpca-remediation-sites-1,
53bfdc20c89a4aff863706b8cc0a8d0a_1,documentation_external,https://gis.data.mn.gov/datasets/minnesota::remediation-activity,
53bfdc20c89a4aff863706b8cc0a8d0a_2,documentation_external,https://gis.data.mn.gov/datasets/minnesota::remediation-activities,
86dfed6d6b644751aa8c5ab8610837b3_0,documentation_external,https://gis.data.mn.gov/datasets/minnesota::permanent-list-of-priorities-plp,
a4394340bbf54f62a1293ac226120773_0,documentation_external,https://gis.data.mn.gov/datasets/minnesota::whats-in-my-neighborhood-sites-1,
b1b799f314e643ee9dc72b5de2e26f92_0,documentation_external,https://gis.data.mn.gov/datasets/minnesota::mpca-agency-interests,
d795914803964a0f829e582db699b988_0,documentation_external,https://gis.data.mn.gov/datasets/minnesota::minnesota-groundwater-contamination-atlas-wells-contamination-results-summary,
d795914803964a0f829e582db699b988_1,documentation_external,https://gis.data.mn.gov/datasets/minnesota::minnesota-groundwater-contamination-atlas-sites-no-contamination-area,
d795914803964a0f829e582db699b988_2,documentation_external,https://gis.data.mn.gov/datasets/minnesota::minnesota-groundwater-contamination-atlas-sites,
02fb2175c6554f56b4f39ba6829e3817_0,documentation_external,https://gis.data.mn.gov/datasets/02fb2175c6554f56b4f39ba6829e3817_0,
90b2cef147c94a3f9fc0011aae0fa39c_11,documentation_external,https://gis.data.mn.gov/datasets/hennepin::ward-districts-1,
66f964ad5f914de3b43c8a4ebb5a0c18_4,documentation_external,https://gis.data.mn.gov/datasets/minnesota::delisted-lake-points-minnesota-2020,
d795914803964a0f829e582db699b988_3,documentation_external,https://gis.data.mn.gov/datasets/minnesota::minnesota-groundwater-contamination-atlas-contamination-boundaries,
d795914803964a0f829e582db699b988_4,documentation_external,https://gis.data.mn.gov/datasets/minnesota::minnesota-groundwater-contamination-atlas-potential-source-areas,
d795914803964a0f829e582db699b988_5,documentation_external,https://gis.data.mn.gov/datasets/minnesota::minnesota-groundwater-contamination-atlas-contamination-areas-of-concern,
5571979c204445a9ae1feb54f6754856_0,documentation_external,https://gis.data.mn.gov/datasets/minnesota::land-application-sites-in-minnesota,
c92ce4a85ba546408cd182167aca85f0_0,documentation_external,https://gis.data.mn.gov/datasets/minnesota::mpca-industrial-stormwater-permits-and-no-exposure-exclusions-1,
c92ce4a85ba546408cd182167aca85f0_1,documentation_external,https://gis.data.mn.gov/datasets/minnesota::mpca-industrial-stormwater-permit-monitoring-locations,
d79e1a5432e44980877703f5371a1a70_1,documentation_external,https://gis.data.mn.gov/datasets/rice::tax-parcels-rice-county-minnesota,
262179571e4a4b568ec62df6ebd4d7f9,documentation_external,https://gis.data.mn.gov/datasets/minnesota::land-surface-temperature-2022,
28fdcd94b804449d9516e6dcc68c7f66,documentation_external,https://gis.data.mn.gov/datasets/minnesota::land-surface-temperature-2016,
3f5932aaac134fab913baa2333507019_0,documentation_external,https://gis.data.mn.gov/datasets/UMN::minnesota-law-enforcement,
4be09d9cd18449b8971d95900a88d356_0,documentation_external,https://gis.data.mn.gov/datasets/UMN::minnesota-fire-stations-1,
f94dd844c32a439d92ac901e0d4847a7_1,documentation_external,https://gis.data.mn.gov/datasets/minnesota::long-term-wastewater-service-area-1,
eea627ce674e4cc5ba621b1c800e9445_0,documentation_external,https://gis.data.mn.gov/datasets/minnesota::minnesota-emergency-medical-service-boundaries,
4f75c5f66069476184ef73383cf77512_0,documentation_external,https://gis.data.mn.gov/datasets/minnesota::statewide-lidar-flight-swaths-second-generation,
0624c76a48fb4c6083fe0b81628c228a_0,documentation_external,https://gis.data.mn.gov/datasets/mndot::city-township-and-unorganized-territory-in-minnesota,
d59f4c9d6cfd4bdc85a14d7dbd1fe218_0,documentation_external,https://gis.data.mn.gov/datasets/d59f4c9d6cfd4bdc85a14d7dbd1fe218_0,
17490939be0c4773854a9bd536dca0ae_0,documentation_external,https://gis.data.mn.gov/datasets/minnesota::ctus-2,
17490939be0c4773854a9bd536dca0ae_1,documentation_external,https://gis.data.mn.gov/datasets/minnesota::counties-and-ctus,
17490939be0c4773854a9bd536dca0ae_2,documentation_external,https://gis.data.mn.gov/datasets/minnesota::counties-1,
17490939be0c4773854a9bd536dca0ae_3,documentation_external,https://gis.data.mn.gov/datasets/minnesota::county-ctu-lookup-table,
ec9dc2a51cb5478c91a85b90128adcf5_10,documentation_external,https://gis.data.mn.gov/datasets/hennepin::voting-precincts,
66f964ad5f914de3b43c8a4ebb5a0c18_5,documentation_external,https://gis.data.mn.gov/datasets/minnesota::corrected-wetlands-points-minnesota-2020,
8996ffefeed04311b0b143bd163663e9_0,documentation_external,https://gis.data.mn.gov/datasets/minnesota::census-1990-mndot-county-mcd,
fef37a7fa215473ba0ef1ec96520b0e3_0,documentation_external,https://gis.data.mn.gov/datasets/minnesota::surface-water-groundwater-interaction-basin,
fef37a7fa215473ba0ef1ec96520b0e3_1,documentation_external,https://gis.data.mn.gov/datasets/minnesota::surface-water-groundwater-interaction-stream,
a78f14f206d44fc2acda021ef71c0c5d_7,documentation_external,https://gis.data.mn.gov/datasets/minnesota::transit-density-policies-1,
68d979839fd44ae89084054c3f38e38f_0,documentation_external,https://gis.data.mn.gov/datasets/minnesota::aggregate-resources-1997,
68d979839fd44ae89084054c3f38e38f_1,documentation_external,https://gis.data.mn.gov/datasets/minnesota::aggregate-resources-2020,
68d979839fd44ae89084054c3f38e38f_2,documentation_external,https://gis.data.mn.gov/datasets/minnesota::aggregate-resources-2040,
41d8ce92ae0d423c95c03d1c215d5456_0,documentation_external,https://gis.data.mn.gov/datasets/minnesota::transportation-analysis-zones-taz-2010,
1999e79a3252476b8e0419b87b6a3619_0,documentation_external,https://gis.data.mn.gov/datasets/minnesota::small-area-estimates-block-group,
1999e79a3252476b8e0419b87b6a3619_1,documentation_external,https://gis.data.mn.gov/datasets/minnesota::small-area-estimates-school-district,
1999e79a3252476b8e0419b87b6a3619_2,documentation_external,https://gis.data.mn.gov/datasets/minnesota::small-area-estimates-taz,
1999e79a3252476b8e0419b87b6a3619_3,documentation_external,https://gis.data.mn.gov/datasets/minnesota::small-area-estimates-tract,
1999e79a3252476b8e0419b87b6a3619_4,documentation_external,https://gis.data.mn.gov/datasets/minnesota::small-area-estimates-zcta,
ca65f2aa87ff44bb93e674a50457ff31_0,documentation_external,https://gis.data.mn.gov/datasets/minnesota::regional-bicycle-transportation-network-rbtn-destinations,
6107ff87f76f46fa846f3c7a89652c8e_5,documentation_external,https://gis.data.mn.gov/datasets/minnesota::regional-bicycle-transportation-network-rbtn-corridor-centerlines,
fd92c42e9715450c967f5ad4eaa82358_2,documentation_external,https://gis.data.mn.gov/datasets/minnesota::regional-bicycle-transportation-network-rbtn-alignments,
27bfa86554a147009737df76edf4ef06_6,documentation_external,https://gis.data.mn.gov/datasets/minnesota::regional-bicycle-transportation-network-rbtn-corridors,
3725da4adb3841d9b84642e7ae1ea65d_0,documentation_external,https://gis.data.mn.gov/datasets/minnesota::metropolitan-job-density,
00eefa59bd16446086b7b98ea0244394_3,documentation_external,https://gis.data.mn.gov/datasets/minnesota::regional-solicitation-supplementary,
3a22d3f9d47a48c79c07f806bcfb63e5_1,documentation_external,https://gis.data.mn.gov/datasets/hennepin::urban-heat-island-morning-traverse,
66f964ad5f914de3b43c8a4ebb5a0c18_6,documentation_external,https://gis.data.mn.gov/datasets/minnesota::corrected-lake-points-minnesota-2020,
7453e8ef141d42a8a25dde662b8a8a72_2,documentation_external,https://gis.data.mn.gov/datasets/minnesota::regional-solicitation-2026-polygons,
8e550aa13bd9407eb02538470e9f2895_1,documentation_external,https://gis.data.mn.gov/datasets/minnesota::regional-solicitation-2026-lines,
6ade67e4281b489b8a8666a3d28f282c_0,documentation_external,https://gis.data.mn.gov/datasets/minnesota::regional-solicitation-2026-points,
88fb200bbddc48008d4a4e8e5dceb373_0,documentation_external,https://gis.data.mn.gov/datasets/minnesota::tall-towers-and-vor-locations,
88fb200bbddc48008d4a4e8e5dceb373_1,documentation_external,https://gis.data.mn.gov/datasets/minnesota::aviation-facilities-point,
88fb200bbddc48008d4a4e8e5dceb373_2,documentation_external,https://gis.data.mn.gov/datasets/minnesota::airport-class-point,
88fb200bbddc48008d4a4e8e5dceb373_3,documentation_external,https://gis.data.mn.gov/datasets/minnesota::airport-runways,
88fb200bbddc48008d4a4e8e5dceb373_4,documentation_external,https://gis.data.mn.gov/datasets/minnesota::aviation-areas,
88fb200bbddc48008d4a4e8e5dceb373_5,documentation_external,https://gis.data.mn.gov/datasets/minnesota::airport-land-area,
88fb200bbddc48008d4a4e8e5dceb373_6,documentation_external,https://gis.data.mn.gov/datasets/minnesota::airport-influence-area-6nm,
88fb200bbddc48008d4a4e8e5dceb373_7,documentation_external,https://gis.data.mn.gov/datasets/minnesota::airport-influence-area-3nm,
88fb200bbddc48008d4a4e8e5dceb373_8,documentation_external,https://gis.data.mn.gov/datasets/minnesota::aircraft-permitted-water,
c95eda8fe3654a47aa863eaf2d9c1045_0,documentation_external,https://gis.data.mn.gov/datasets/minnesota::park-and-ride-lots-transit-centers,
c95eda8fe3654a47aa863eaf2d9c1045_1,documentation_external,https://gis.data.mn.gov/datasets/minnesota::transitway-alignments,
c95eda8fe3654a47aa863eaf2d9c1045_10,documentation_external,https://gis.data.mn.gov/datasets/minnesota::freestanding-town-centers,
c95eda8fe3654a47aa863eaf2d9c1045_2,documentation_external,https://gis.data.mn.gov/datasets/minnesota::transit-signal-priority-corridors,
c95eda8fe3654a47aa863eaf2d9c1045_3,documentation_external,https://gis.data.mn.gov/datasets/minnesota::transit-advantages,
c95eda8fe3654a47aa863eaf2d9c1045_4,documentation_external,https://gis.data.mn.gov/datasets/minnesota::regular-route-transit,
1c3b68addfd84dad86840702f8d88755,documentation_external,https://gis.data.mn.gov/datasets/hennepin::urban-heat-island-morning-temperature,
66f964ad5f914de3b43c8a4ebb5a0c18_7,documentation_external,https://gis.data.mn.gov/datasets/minnesota::impaired-streams-wholly-within-reservations-minnesota-2020,
c95eda8fe3654a47aa863eaf2d9c1045_5,documentation_external,https://gis.data.mn.gov/datasets/minnesota::high-frequency-network,
c95eda8fe3654a47aa863eaf2d9c1045_6,documentation_external,https://gis.data.mn.gov/datasets/minnesota::ez-pass,
c95eda8fe3654a47aa863eaf2d9c1045_7,documentation_external,https://gis.data.mn.gov/datasets/minnesota::bus-only-shoulders,
c95eda8fe3654a47aa863eaf2d9c1045_8,documentation_external,https://gis.data.mn.gov/datasets/minnesota::transit-market-areas,
c95eda8fe3654a47aa863eaf2d9c1045_9,documentation_external,https://gis.data.mn.gov/datasets/minnesota::transit-capital-levy-communities,
9d6e9ddbf7a54f49853cdeb1e386ec2a_0,documentation_external,https://gis.data.mn.gov/datasets/minnesota::historic-holc-neighborhood-appraisal-1,
9d6e9ddbf7a54f49853cdeb1e386ec2a_1,documentation_external,https://gis.data.mn.gov/datasets/minnesota::lca-project-profiles-1,
9d6e9ddbf7a54f49853cdeb1e386ec2a_2,documentation_external,https://gis.data.mn.gov/datasets/minnesota::metro-hra-small-area-rents-1,
9d6e9ddbf7a54f49853cdeb1e386ec2a_3,documentation_external,https://gis.data.mn.gov/datasets/minnesota::seed-eligibility-areas-1,
9d6e9ddbf7a54f49853cdeb1e386ec2a_4,documentation_external,https://gis.data.mn.gov/datasets/minnesota::tod-grant-areas-all,
9d6e9ddbf7a54f49853cdeb1e386ec2a_6,documentation_external,https://gis.data.mn.gov/datasets/minnesota::growth-management-policy-areas-1996-1,
9d6e9ddbf7a54f49853cdeb1e386ec2a_7,documentation_external,https://gis.data.mn.gov/datasets/minnesota::transit-density-policies,
e83be8c028354d95a83b55a45f3cdc8f_0,documentation_external,https://gis.data.mn.gov/datasets/minnesota::metropolitan-collaborative-parks,
c0bca5584e704731880b81c646d5e271_2,documentation_external,https://gis.data.mn.gov/datasets/minnesota::generalized-land-use-2025,
02083b659b744f3e8f0867cf06c8fdb4_0,documentation_external,https://gis.data.mn.gov/datasets/minnesota::metropolitan-generalized-land-use-2020,
9ef6a323509b4eed8687fec3a8e30d61_0,documentation_external,https://gis.data.mn.gov/datasets/minnesota::thrive-2040-community-designation,
cc02dc62364b42da970da54a29a9b08b_1,documentation_external,https://gis.data.mn.gov/datasets/minnesota::metropolitan-generalized-land-use-historical,
19e6ba41c1284329bb023878b2744ebd_2,documentation_external,https://gis.data.mn.gov/datasets/minnesota::park-and-ride-annual-survey,
eeaf3ee7c3ae4e36bb36a4a5bb67bde6_2,documentation_external,https://gis.data.mn.gov/datasets/minnesota::metropolitan-collaborative-trails-and-bikeways,
4290e058f923499c8fdcda6d8398e8c5_9,documentation_external,https://gis.data.mn.gov/datasets/minnesota::metro-transit-streets-and-adaptations,
71a6be4b882d436e93cd09b433248bee_1,documentation_external,https://gis.data.mn.gov/datasets/minnesota::metropolitan-council-sector-representatives,
404867a86c554fa2b28c238e0346087d_0,documentation_external,https://gis.data.mn.gov/datasets/mndot::bikeways-in-minnesota,
6dde75d937264557ba0f58fbb8539d93_0,documentation_external,https://gis.data.mn.gov/datasets/mndot::roadway-public-status-in-minnesota-1,
56b0bbf6cfb3491f8aeca72eb6442216_2,documentation_external,https://gis.data.mn.gov/datasets/minnesota::transit-capital-levy-communities-1,
6b4ed02055dd499e8130a26542aa8f70_3,documentation_external,https://gis.data.mn.gov/datasets/minnesota::seed-eligibility-areas,
0e34823338934191bda0e770dc99e1dd_0,documentation_external,https://gis.data.mn.gov/datasets/minnesota::agricultural-preserves-2022-2,
268bef30d60b4a4f8239037766d57e3a,documentation_external,https://gis.data.mn.gov/datasets/hennepin::urban-heat-island-morning-heat-index-,
66f964ad5f914de3b43c8a4ebb5a0c18_8,documentation_external,https://gis.data.mn.gov/datasets/minnesota::impaired-streams-partially-within-reservations-minnesota-2020,
57f8e22ad3874d2b8e3445ee9e531b1d_0,documentation_external,https://gis.data.mn.gov/datasets/minnesota::metropolitan-7-county-parcel-polygons-aggregate,
9c1267487c5e48c287262c21665d0389_0,documentation_external,https://gis.data.mn.gov/datasets/minnesota::metropolitan-7-county-parcel-points-aggregate,
1ec5c1f6c6674292ae6b096e6db1aab3_0,documentation_external,https://gis.data.mn.gov/datasets/minnesota::anoka-county-parcel-points-2,
1ec5c1f6c6674292ae6b096e6db1aab3_1,documentation_external,https://gis.data.mn.gov/datasets/minnesota::carver-county-parcel-points-2,
1ec5c1f6c6674292ae6b096e6db1aab3_2,documentation_external,https://gis.data.mn.gov/datasets/minnesota::dakota-county-parcel-points-2,
1ec5c1f6c6674292ae6b096e6db1aab3_3,documentation_external,https://gis.data.mn.gov/datasets/minnesota::hennepin-county-parcel-points-2,
0332d23eb9544d27a76084822812f788_0,documentation_external,https://gis.data.mn.gov/datasets/hennepin::urban-heat-island-evening-traverse,
f43b02fd894946efbcd17aee5e5650a0,documentation_external,https://gis.data.mn.gov/datasets/hennepin::urban-heat-island-evening-temperature-,
867d542752a44835a459d57b3cae9b68,documentation_external,https://gis.data.mn.gov/datasets/hennepin::urban-heat-island-evening-heat-index,
58e9c48619a6471fa509be660c321b75_2,documentation_external,https://gis.data.mn.gov/datasets/hennepin::urban-heat-island-afternoon-traverse,
2c03049ff66c42ecbc14dbad665da432,documentation_external,https://gis.data.mn.gov/datasets/hennepin::urban-heat-island-afternoon-temperature,
7710086c5f374ddfb3e5a762ea7dc488,documentation_external,https://gis.data.mn.gov/datasets/hennepin::urban-heat-island-afternoon-heat-index,
31f8f02d067f4a7daedf2bb4b7fd7ac4_6,documentation_external,https://gis.data.mn.gov/datasets/hennepin::school-districts-2,
f066ef57b3fe40ebbfefaa318a261d75_2,documentation_external,https://gis.data.mn.gov/datasets/hennepin::priority-natural-resource-corridors,
b9a198372ae44dde8d468c8950ae2502_4,documentation_external,https://gis.data.mn.gov/datasets/hennepin::police-stations,
f8a5f3d9a5334471a328a869364c1a53_4,documentation_external,https://gis.data.mn.gov/datasets/hennepin::pls-points,
c76bcca7eb564523b6a1cf2807cbc481_3,documentation_external,https://gis.data.mn.gov/datasets/hennepin::parks-in-hennepin-county,
8dcdf020c0624a5494b492e36deaad5c_0,documentation_external,https://gis.data.mn.gov/datasets/hennepin::hazardous-waste-generators,
94d7d1d48b1b49cbbe0aaa90bbcedac8_1,documentation_external,https://gis.data.mn.gov/datasets/hennepin::minnesota-land-cover-classification-system-mlccs,
c2ebd4556a2b477a8bd208da6972bea6_0,documentation_external,https://gis.data.mn.gov/datasets/hennepin::landslide-inventory-undated,
2c68a692df4b4e47af378a00452d85b0_0,documentation_external,https://gis.data.mn.gov/datasets/hennepin::hennepin-county-street-centerlines,
c36362ca783240ec974e29b87063a144_4,documentation_external,https://gis.data.mn.gov/datasets/hennepin::hennepin-county-municipalities,
daa179d9af5442ed882c6a2b985e2c71_2,documentation_external,https://gis.data.mn.gov/datasets/hennepin::hennepin-county-facilities,
d47c495bda3f4458bdbfff0e6a842d70_1,documentation_external,https://gis.data.mn.gov/datasets/hennepin::hennepin-county-boundary-1,
938c8598f0a0439a8d612bb7894a05cc_1,documentation_external,https://gis.data.mn.gov/datasets/hennepin::hennepin-county-bike-and-pedestrian-system,
038b0504d5e74b708121a008abe0f0e9_0,documentation_external,https://gis.data.mn.gov/datasets/hennepin::hcmc-clinics,
389b45bdb8b64b59858f87d544875557_1,documentation_external,https://gis.data.mn.gov/datasets/hennepin::fire-stations,
173069c1f85943bea833c90710c87d85_0,documentation_external,https://gis.data.mn.gov/datasets/hennepin::commissioner-districts,
21d4448963034222a8f54c23fbefe693_0,documentation_external,https://gis.data.mn.gov/datasets/hennepin::city-halls,
66f964ad5f914de3b43c8a4ebb5a0c18_9,documentation_external,https://gis.data.mn.gov/datasets/minnesota::impaired-streams-minnesota-2020,
09428b0d61d84a04a9d6a2f9fbab0eec_6,documentation_external,https://gis.data.mn.gov/datasets/hennepin::bikeway-gaps,
7a24f282f0d7497f9352519dbb3607e8_0,documentation_external,https://gis.data.mn.gov/datasets/hennepin::address-points,
447586518097407fa2f022add329a14c,documentation_external,https://gis.data.mn.gov/content/UMN::twin-cities-metro-area-road-surface-area-2022,
57fa34b8fb14436e80fe71290781f5c5,documentation_external,https://gis.data.mn.gov/content/UMN::twin-cities-metropolitan-area-1-meter-urban-tree-canopy-assessment-2015,
6e2148787c434d2bb918e79914c0ec89_0,documentation_external,https://gis.data.mn.gov/datasets/minnesota::profile-pts-2,
6e2148787c434d2bb918e79914c0ec89_1,documentation_external,https://gis.data.mn.gov/datasets/minnesota::drainage-centerlines-10,
6e2148787c434d2bb918e79914c0ec89_2,documentation_external,https://gis.data.mn.gov/datasets/minnesota::ditchshed-7,
deac40c801f246dd8b2d5031777921f2_0,documentation_external,https://gis.data.mn.gov/datasets/minnesota::ditchshed-5,
deac40c801f246dd8b2d5031777921f2_1,documentation_external,https://gis.data.mn.gov/datasets/minnesota::drainage-centerlines-8,
deac40c801f246dd8b2d5031777921f2_2,documentation_external,https://gis.data.mn.gov/datasets/minnesota::drainage-authorities-7,
deac40c801f246dd8b2d5031777921f2_3,documentation_external,https://gis.data.mn.gov/datasets/minnesota::systems-7,
d45ddeb64ac34536995d13112f905610_0,documentation_external,https://gis.data.mn.gov/datasets/minnesota::drainage-centerlines-4,
d45ddeb64ac34536995d13112f905610_1,documentation_external,https://gis.data.mn.gov/datasets/minnesota::ditchshed-2,
d45ddeb64ac34536995d13112f905610_2,documentation_external,https://gis.data.mn.gov/datasets/minnesota::drainage-authorities-4,
d45ddeb64ac34536995d13112f905610_3,documentation_external,https://gis.data.mn.gov/datasets/minnesota::systems-4,
194272df07984dd4818a07d79f3226ef_0,documentation_external,https://gis.data.mn.gov/datasets/minnesota::drainage-centerlines-3,
194272df07984dd4818a07d79f3226ef_1,documentation_external,https://gis.data.mn.gov/datasets/minnesota::drainage-authorities-3,
194272df07984dd4818a07d79f3226ef_2,documentation_external,https://gis.data.mn.gov/datasets/minnesota::systems-2,
8977cdc64c12406f82d9353bddaf378e_0,documentation_external,https://gis.data.mn.gov/datasets/minnesota::drainage-centerlines,
8977cdc64c12406f82d9353bddaf378e_1,documentation_external,https://gis.data.mn.gov/datasets/minnesota::drainage-authorities,
2c400e1228ed40fa84ebd24179308567_0,documentation_external,https://gis.data.mn.gov/datasets/minnesota::minnesota-hospitals-1,
8977cdc64c12406f82d9353bddaf378e_2,documentation_external,https://gis.data.mn.gov/datasets/minnesota::systems,
fd1d67dbe0e04555adfe80f411397e84_0,documentation_external,https://gis.data.mn.gov/datasets/minnesota::drainage-centerlines-2,
fd1d67dbe0e04555adfe80f411397e84_1,documentation_external,https://gis.data.mn.gov/datasets/minnesota::drainage-authorities-2,
fd1d67dbe0e04555adfe80f411397e84_2,documentation_external,https://gis.data.mn.gov/datasets/minnesota::systems-3,
4c9b8d3793e34bce853cd8bd96af3c07,documentation_external,https://gis.data.mn.gov/content/UMN::rochester-1-meter-land-cover-classification-2015,
4d0cc07ca8bd42fcb161981c8f8a483b,documentation_external,https://gis.data.mn.gov/content/UMN::duluth-1-meter-land-cover-classification-2015,
3b68ac22bd4644809c3b9e3d1e7da41f_0,documentation_external,https://gis.data.mn.gov/datasets/UMN::shapefile-of-the-1968-ecological-study-for-the-twin-cities-metropolitan-area-composite-intrinsic-suitability,
db405832a16f4961b17450f23c43c223,documentation_external,https://gis.data.mn.gov/content/UMN::twin-cities-metropolitan-area-1-meter-land-cover-classification-2015,
84bd64859ff44eda93a122ebed709d87_8,documentation_external,https://gis.data.mn.gov/datasets/DakotaCounty::county-commissioner-districts-2022-dakota-county-minnesota,
3d8084ec1cfa4b9ca3ecf69e10bda3d2,documentation_external,https://gis.data.mn.gov/datasets/DakotaCounty::2025-air-photo-leaf-on-6-inch-fall-dakota-county-minnesota,
37c29c8fd6c94b5bb0766971d1776dad_0,documentation_external,https://gis.data.mn.gov/datasets/UMN::original-land-survey-bottoms,
37c29c8fd6c94b5bb0766971d1776dad_1,documentation_external,https://gis.data.mn.gov/datasets/UMN::original-land-survey-lakes,
37c29c8fd6c94b5bb0766971d1776dad_2,documentation_external,https://gis.data.mn.gov/datasets/UMN::original-land-survey-mississippiriver,
37c29c8fd6c94b5bb0766971d1776dad_3,documentation_external,https://gis.data.mn.gov/datasets/UMN::original-land-survey-streams,
37c29c8fd6c94b5bb0766971d1776dad_4,documentation_external,https://gis.data.mn.gov/datasets/UMN::original-land-survey-wetlands,
ead09665fdfa43259097eabb1d615d24_0,documentation_external,https://gis.data.mn.gov/datasets/UMN::land-use-twin-cities-metropolitan-area-1978,
698e497b4a7b4f25b346630dd2e7bf45_0,documentation_external,https://gis.data.mn.gov/datasets/UMN::land-use-twin-cities-metropolitan-area-1958,
b497f27cf6ff46f0ab30b12af3df69e0_2,documentation_external,https://gis.data.mn.gov/datasets/minnesota::status-of-free-and-open-public-geospatial-data-from-minnesota-counties-1,
6db60e406b684b79944f6abf6a8bfdb7_0,documentation_external,https://gis.data.mn.gov/datasets/UMN::land-use-twin-cities-metropolitan-area-1968,
5b1764d18acb419fb888a28db606311b,documentation_external,https://gis.data.mn.gov/datasets/UMN::digital-surface-model-minnesota-2006-2012,
c3cdb0ca0be84f3f98c51e401e74a0b6,documentation_external,https://gis.data.mn.gov/datasets/UMN::solar-insolation-minnesota-2006-2012,
63d288e50e8f4ab5ad4cc5a752b690b4_0,documentation_external,https://gis.data.mn.gov/datasets/minnesota::minnesota-counties-1,
32e58c7ee9b446ce95b3be04bf8cd823_0,documentation_external,https://gis.data.mn.gov/datasets/minnesota::spring-aerial-imagery-photo-center-points-and-acquisition-dates-minnesota-2009-2014-1,
40c4aaacfc7249cba8cafacf07bc8d8c_0,documentation_external,https://gis.data.mn.gov/datasets/minnesota::emergency-service-zones-compiled-from-opt-in-open-data-counties-minnesota-metadata-layer-1,
40c4aaacfc7249cba8cafacf07bc8d8c_1,documentation_external,https://gis.data.mn.gov/datasets/minnesota::bdry-emerg-serv-zones-open-1,
d4c9bd4a3ec24b3bbefc680b0079add5_0,documentation_external,https://gis.data.mn.gov/datasets/minnesota::road-centerlines-wabasha-county-minnesota,
bf8ef9d0b3f1455c9af61ef6b60329e2_0,documentation_external,https://gis.data.mn.gov/datasets/minnesota::plan-parcelspolygon,
bf8ef9d0b3f1455c9af61ef6b60329e2_1,documentation_external,https://gis.data.mn.gov/datasets/minnesota::nonjoined-parcels,
bf8ef9d0b3f1455c9af61ef6b60329e2_2,documentation_external,https://gis.data.mn.gov/datasets/minnesota::mngac-schema-fc,
e01e1874af44423794c8270fa9a5b2f1_0,documentation_external,https://gis.data.mn.gov/datasets/minnesota::address-points-wabasha-county-minnesota,
41f4f6cb72774b26ad965fd86dad1ecb_0,documentation_external,https://gis.data.mn.gov/datasets/minnesota::road-centerlines-lake-county-minnesota,
5096b16ebcba4370bacf075bde54b59d_0,documentation_external,https://gis.data.mn.gov/datasets/minnesota::tax-parcels-lake-county-minnesota,
cdf42e82be414490a39212bfaf4a2ea8_0,documentation_external,https://gis.data.mn.gov/datasets/minnesota::address-points-lake-county-minnesota-1,
3c41501306ee4f669a34dd4de4c96688_0,documentation_external,https://gis.data.mn.gov/datasets/minnesota::zoning-itasca-county-minnesota,
06a8b7a901ce4093a9f875e17b706541_0,documentation_external,https://gis.data.mn.gov/datasets/minnesota::public-land-survey-system-plss-townships-itasca-county-minnesota,
f567c8a8c5284e118324b0b88d027c17_0,documentation_external,https://gis.data.mn.gov/datasets/minnesota::public-land-survey-system-plss-sections-itasca-county-minnesota,
1b7d710c54b94db2a470433b888f17bd_0,documentation_external,https://gis.data.mn.gov/datasets/minnesota::tax-parcels-itasca-county-minnesota,
caeb1403b54a4f62a4177539a7f9383b_0,documentation_external,https://gis.data.mn.gov/datasets/minnesota::forestinv-1,
caeb1403b54a4f62a4177539a7f9383b_1,documentation_external,https://gis.data.mn.gov/datasets/minnesota::conservfor,
caeb1403b54a4f62a4177539a7f9383b_10,documentation_external,https://gis.data.mn.gov/datasets/minnesota::dnr-oldgrowth,
caeb1403b54a4f62a4177539a7f9383b_11,documentation_external,https://gis.data.mn.gov/datasets/minnesota::dnr-fi,
caeb1403b54a4f62a4177539a7f9383b_2,documentation_external,https://gis.data.mn.gov/datasets/minnesota::geocommons-resources-geocommons-resource-dnr-fi-1,
caeb1403b54a4f62a4177539a7f9383b_3,documentation_external,https://gis.data.mn.gov/datasets/minnesota::geocommons-resources-geocommons-resource-fi-1,
caeb1403b54a4f62a4177539a7f9383b_4,documentation_external,https://gis.data.mn.gov/datasets/minnesota::geocommons-resources-geocommons-resource-usfs-fi-1,
caeb1403b54a4f62a4177539a7f9383b_5,documentation_external,https://gis.data.mn.gov/datasets/minnesota::geocommons-resources-geocommons-resource-dnr-oldgrowth-1,
caeb1403b54a4f62a4177539a7f9383b_6,documentation_external,https://gis.data.mn.gov/datasets/minnesota::geocommons-resources-geocommons-resource-multiagency-fi-2001-1-1,
caeb1403b54a4f62a4177539a7f9383b_7,documentation_external,https://gis.data.mn.gov/datasets/minnesota::usfs-fi,
caeb1403b54a4f62a4177539a7f9383b_8,documentation_external,https://gis.data.mn.gov/datasets/minnesota::multiagency-fi-2001,
caeb1403b54a4f62a4177539a7f9383b_9,documentation_external,https://gis.data.mn.gov/datasets/minnesota::fi,
159d8ed72f3a4086aa781025042f6e27_0,documentation_external,https://gis.data.mn.gov/datasets/minnesota::msag-communities-in-the-metropolitan-emergency-services-board-10-county-region-minnesota,
cdc81f5d696046b38a598d53fb50be44_0,documentation_external,https://gis.data.mn.gov/datasets/minnesota::minnesota-state-patrol-and-text-to-9-1-1-in-the-metropolitan-emergency-services-board-10-county-region-minnesota,
6c2c813b33144d49ba993bd86b3a58ba_0,documentation_external,https://gis.data.mn.gov/datasets/minnesota::voting-districts-minnesota-1,
446a973217ce46da9cc96bf43120fbba_0,documentation_external,https://gis.data.mn.gov/datasets/minnesota::general-election-results-by-precinct-2024,
446a973217ce46da9cc96bf43120fbba_1,documentation_external,https://gis.data.mn.gov/datasets/minnesota::general-election-results-by-precinct-2022,
40bde6cc6dfc4623b665e6cdb0bda21c_0,documentation_external,https://gis.data.mn.gov/datasets/minnesota::general-election-results-by-precinct-2020,
40bde6cc6dfc4623b665e6cdb0bda21c_1,documentation_external,https://gis.data.mn.gov/datasets/minnesota::general-election-results-by-precinct-2018,
40bde6cc6dfc4623b665e6cdb0bda21c_2,documentation_external,https://gis.data.mn.gov/datasets/minnesota::general-election-results-by-precinct-2016,
40bde6cc6dfc4623b665e6cdb0bda21c_3,documentation_external,https://gis.data.mn.gov/datasets/minnesota::general-election-results-by-precinct-2014,
40bde6cc6dfc4623b665e6cdb0bda21c_4,documentation_external,https://gis.data.mn.gov/datasets/minnesota::general-election-results-by-precinct-2012,
aebfea1f26cc4ebc91fdfff5665f3733_0,documentation_external,https://gis.data.mn.gov/datasets/minnesota::nhdpointeventfc,
aebfea1f26cc4ebc91fdfff5665f3733_1,documentation_external,https://gis.data.mn.gov/datasets/minnesota::nhdpoint,
aebfea1f26cc4ebc91fdfff5665f3733_10,documentation_external,https://gis.data.mn.gov/datasets/minnesota::wbdhu16,
aebfea1f26cc4ebc91fdfff5665f3733_11,documentation_external,https://gis.data.mn.gov/datasets/minnesota::wbdhu14,
aebfea1f26cc4ebc91fdfff5665f3733_12,documentation_external,https://gis.data.mn.gov/datasets/minnesota::wbdhu12,
aebfea1f26cc4ebc91fdfff5665f3733_13,documentation_external,https://gis.data.mn.gov/datasets/minnesota::wbdhu10,
aebfea1f26cc4ebc91fdfff5665f3733_14,documentation_external,https://gis.data.mn.gov/datasets/minnesota::nhdwaterbody,
aebfea1f26cc4ebc91fdfff5665f3733_15,documentation_external,https://gis.data.mn.gov/datasets/minnesota::nhdareaeventfc,
aebfea1f26cc4ebc91fdfff5665f3733_16,documentation_external,https://gis.data.mn.gov/datasets/minnesota::nhdarea,
aebfea1f26cc4ebc91fdfff5665f3733_17,documentation_external,https://gis.data.mn.gov/datasets/minnesota::externalcrosswalk,
aebfea1f26cc4ebc91fdfff5665f3733_18,documentation_external,https://gis.data.mn.gov/datasets/minnesota::nhdfcode,
aebfea1f26cc4ebc91fdfff5665f3733_19,documentation_external,https://gis.data.mn.gov/datasets/minnesota::nhdfeaturetometadata,
aebfea1f26cc4ebc91fdfff5665f3733_2,documentation_external,https://gis.data.mn.gov/datasets/minnesota::wbdline,
aebfea1f26cc4ebc91fdfff5665f3733_20,documentation_external,https://gis.data.mn.gov/datasets/minnesota::nhdflow,
aebfea1f26cc4ebc91fdfff5665f3733_21,documentation_external,https://gis.data.mn.gov/datasets/minnesota::nhdflowlinevaa,
aebfea1f26cc4ebc91fdfff5665f3733_22,documentation_external,https://gis.data.mn.gov/datasets/minnesota::nhdmetadata,
aebfea1f26cc4ebc91fdfff5665f3733_23,documentation_external,https://gis.data.mn.gov/datasets/minnesota::nhdprocessingparameters,
aebfea1f26cc4ebc91fdfff5665f3733_24,documentation_external,https://gis.data.mn.gov/datasets/minnesota::nhdreachcodemaintenance,
aebfea1f26cc4ebc91fdfff5665f3733_25,documentation_external,https://gis.data.mn.gov/datasets/minnesota::nhdreachcrossreference,
aebfea1f26cc4ebc91fdfff5665f3733_26,documentation_external,https://gis.data.mn.gov/datasets/minnesota::nhdsourcecitation,
aebfea1f26cc4ebc91fdfff5665f3733_27,documentation_external,https://gis.data.mn.gov/datasets/minnesota::nhdstatus,
aebfea1f26cc4ebc91fdfff5665f3733_28,documentation_external,https://gis.data.mn.gov/datasets/minnesota::nhdverticalrelationship,
aebfea1f26cc4ebc91fdfff5665f3733_3,documentation_external,https://gis.data.mn.gov/datasets/minnesota::nhdlineeventfc,
aebfea1f26cc4ebc91fdfff5665f3733_4,documentation_external,https://gis.data.mn.gov/datasets/minnesota::nhdline,
aebfea1f26cc4ebc91fdfff5665f3733_5,documentation_external,https://gis.data.mn.gov/datasets/minnesota::nhdflowline,
aebfea1f26cc4ebc91fdfff5665f3733_6,documentation_external,https://gis.data.mn.gov/datasets/minnesota::wbdhu8,
aebfea1f26cc4ebc91fdfff5665f3733_7,documentation_external,https://gis.data.mn.gov/datasets/minnesota::wbdhu6,
aebfea1f26cc4ebc91fdfff5665f3733_8,documentation_external,https://gis.data.mn.gov/datasets/minnesota::wbdhu4-1,
aebfea1f26cc4ebc91fdfff5665f3733_9,documentation_external,https://gis.data.mn.gov/datasets/minnesota::wbdhu2,
4cbf24e9338144a9be5dda3d1b24b427_0,documentation_external,https://gis.data.mn.gov/datasets/minnesota::current-stream-water-units-in-minnesota,
11235b11bdf4406a8ad1cc85b2add694_0,documentation_external,https://gis.data.mn.gov/datasets/minnesota::comprehensive-stream-wids,
46bd4a1aec66400fa4378c1497ce6fd2_0,documentation_external,https://gis.data.mn.gov/datasets/minnesota::altered-watercourse,
46bd4a1aec66400fa4378c1497ce6fd2_1,documentation_external,https://gis.data.mn.gov/datasets/minnesota::aw-type-decoder,
46bd4a1aec66400fa4378c1497ce6fd2_2,documentation_external,https://gis.data.mn.gov/datasets/minnesota::hemfeaturetometadata,
46bd4a1aec66400fa4378c1497ce6fd2_3,documentation_external,https://gis.data.mn.gov/datasets/minnesota::hemmetadata,
46bd4a1aec66400fa4378c1497ce6fd2_4,documentation_external,https://gis.data.mn.gov/datasets/minnesota::hemsourcecitation,
46bd4a1aec66400fa4378c1497ce6fd2_5,documentation_external,https://gis.data.mn.gov/datasets/minnesota::hem-event-tables,
dda074c0d2b14f77845619ea258435f6,documentation_external,https://gis.data.mn.gov/datasets/DakotaCounty::2006-air-photo-leaf-on-0-5-meter-summer-dakota-county-minnesota,
52ef27126eea4072bc6ab595b984949c,documentation_external,https://gis.data.mn.gov/datasets/DakotaCounty::2006-air-photo-leaf-off-1-meter-spring-dakota-county-minnesota,
db489ad95bf64f60a1589dd610ad01e4,documentation_external,https://gis.data.mn.gov/datasets/DakotaCounty::2005-air-photo-leaf-on-1-meter-spring-dakota-county-minnesota,
6cddf57253dd4d3eae7647cff680ff7f,documentation_external,https://gis.data.mn.gov/datasets/DakotaCounty::2008-air-photo-leaf-off-12-inch-spring-dakota-county-minnesota,
4e38d9d639a54d69b54e447feb31188f,documentation_external,https://gis.data.mn.gov/datasets/DakotaCounty::2008-air-photo-leaf-off-6-inch-spring-dakota-county-minnesota,
19870bff27314f878720611a12a2ee10,documentation_external,https://gis.data.mn.gov/datasets/DakotaCounty::2009-air-photo-leaf-on-12-inch-spring-dakota-county-minnesota,
e551fc78aa5143b8a14c8761afd4b72c,documentation_external,https://gis.data.mn.gov/datasets/DakotaCounty::2010-air-photo-leaf-off-6-inch-spring-dakota-county-minnesota,
19f4d4e28b7c4d21adae0d1c4270150c,documentation_external,https://gis.data.mn.gov/datasets/DakotaCounty::2011-air-photo-leaf-off-12-inch-spring-dakota-county-minnesota,
6d5341817d7d4b9f97c7fdd63b540ea1,documentation_external,https://gis.data.mn.gov/datasets/DakotaCounty::2011-air-photo-leaf-off-6-inch-spring-dakota-county-minnesota,
875917f53a5e41bd8d27589da0970442,documentation_external,https://gis.data.mn.gov/datasets/DakotaCounty::2013-air-photo-leaf-off-6-inch-spring-dakota-county-minnesota,
297e02244ce64676b830302e7840b539,documentation_external,https://gis.data.mn.gov/datasets/DakotaCounty::2014-air-photo-leaf-off-6-inch-spring-dakota-county-minnesota,
2c44f46c989942f0828e164f4441c36b,documentation_external,https://gis.data.mn.gov/datasets/DakotaCounty::2016-air-photo-leaf-off-6-inch-spring-dakota-county-minnesota,
520bb1ede1924e009f8a37a41b57e2b2,documentation_external,https://gis.data.mn.gov/datasets/DakotaCounty::2015-air-photo-leaf-off-6-inch-spring-dakota-county-minnesota,
3ef4cfcc2f2e43218ac3242e29e18bc0,documentation_external,https://gis.data.mn.gov/datasets/DakotaCounty::2015-air-photo-leaf-off-6-inch-spring-dakota-county-minnesota-partial,
ac24835edfae46ee968f8e380b6776d7,documentation_external,https://gis.data.mn.gov/datasets/DakotaCounty::2016-air-photo-leaf-on-6-inch-dakota-county-minnesota,
9db1b85fa78447b8b86270264abede8a,documentation_external,https://gis.data.mn.gov/datasets/DakotaCounty::1991-air-photo-leaf-off-1-meter-spring-dakota-county-minnesota,
742c2bd85e684189a1bfca0bb8618edf,documentation_external,https://gis.data.mn.gov/datasets/DakotaCounty::2000-air-photo-leaf-off-0-6-meter-spring-dakota-county-minnesota,
7bbe19a24e284f81a351e660d5255570,documentation_external,https://gis.data.mn.gov/datasets/DakotaCounty::2002-air-photo-leaf-on-0-75-meter-dakota-county-minnesota,
f9edf98f7399411c8357c946d03166a0,documentation_external,https://gis.data.mn.gov/datasets/DakotaCounty::1997-air-photo-leaf-off-0-6-meter-spring-dakota-county-minnesota,
035e7d48bd9d44a590ad9f073c504ea9,documentation_external,https://gis.data.mn.gov/datasets/DakotaCounty::1974-air-photo-dakota-county-minnesota,
eb6fd8a7002443c7b7148e3fd949cd89,documentation_external,https://gis.data.mn.gov/datasets/DakotaCounty::1970-air-photo-leaf-on-dakota-county-minnesota,
312f627b962446c985931076450730d8,documentation_external,https://gis.data.mn.gov/datasets/DakotaCounty::1964-air-photo-dakota-county-minnesota,
771ab9cf1bd84ad29f7edd62cacb6358,documentation_external,https://gis.data.mn.gov/datasets/DakotaCounty::1951-air-photo-dakota-county-minnesota,
27faead4cbbb4efaae961023c88f5b0b,documentation_external,https://gis.data.mn.gov/datasets/DakotaCounty::1957-air-photo-dakota-county-minnesota,
ee3709ef1de547c1aca6ee55ca35dc37,documentation_external,https://gis.data.mn.gov/datasets/DakotaCounty::1937-air-photo-dakota-county-minnesota,
909c8aee77ed49d895f66eef9654e0e6,documentation_external,https://gis.data.mn.gov/datasets/DakotaCounty::1927-air-photo-leaf-on-dakota-county-minnesota,
297fcd81118a4d5cbf2fd07ebdee628c_80,documentation_external,https://gis.data.mn.gov/datasets/DakotaCounty::sheriff-foreclosure-sales-2025-dakota-county-mn,
d0300b02c56441438cd51ac3bc100eea_77,documentation_external,https://gis.data.mn.gov/datasets/DakotaCounty::sheriff-foreclosure-sales-2024-dakota-county-mn,
0fd7fa4d5f91495ab929deed6aa5ec03_27,documentation_external,https://gis.data.mn.gov/datasets/DakotaCounty::sheriff-foreclosure-sales-2023-dakota-county-mn,
def43a459b2348199307f4981f94ebbb_28,documentation_external,https://gis.data.mn.gov/datasets/DakotaCounty::sheriff-foreclosure-sales-2022-dakota-county-mn,
950e4a4cab6b4114815e2424b74a8df9_29,documentation_external,https://gis.data.mn.gov/datasets/DakotaCounty::sheriff-foreclosure-sales-2021-dakota-county-mn,
c47a909db8d5414c8e9e4d7703903df0_32,documentation_external,https://gis.data.mn.gov/datasets/DakotaCounty::sheriff-foreclosure-sales-2018-dakota-county-mn,
489556b091284fa8af2d2131a9a4a65d_33,documentation_external,https://gis.data.mn.gov/datasets/DakotaCounty::sheriff-foreclosure-sales-2017-dakota-county-mn,
c1e1bd395c144a82a045948ee8495a30_34,documentation_external,https://gis.data.mn.gov/datasets/DakotaCounty::sheriff-foreclosure-sales-2016-dakota-county-mn,
d329fc871b2e4ceb9f2be6bb03e58ad6_35,documentation_external,https://gis.data.mn.gov/datasets/DakotaCounty::sheriffs-foreclosure-sales-2015-dakota-county-mn,
cdc5608eb9194404a6d5404e09d5ee11_36,documentation_external,https://gis.data.mn.gov/datasets/DakotaCounty::sheriff-foreclosure-sales-2014-dakota-county-mn,
f723d8f36b7341249283a4c7d0073e69_37,documentation_external,https://gis.data.mn.gov/datasets/DakotaCounty::sheriff-foreclosure-sales-2013-dakota-county-mn,
420143c9b08048df80a5470f2a29b266_39,documentation_external,https://gis.data.mn.gov/datasets/DakotaCounty::sheriff-foreclosure-sales-2011-dakota-county-mn,
54fe80a28e254e3194fac4ad5f6bba8e_40,documentation_external,https://gis.data.mn.gov/datasets/DakotaCounty::sheriff-foreclosure-sales-2010-dakota-county-mn,
516836dd7a4f4b0e81e087947a4e3276_38,documentation_external,https://gis.data.mn.gov/datasets/DakotaCounty::sheriff-foreclosure-sales-2012-dakota-county-mn-1,
7f3d7036827f4fbc9fd9007c7bbdd124_42,documentation_external,https://gis.data.mn.gov/datasets/DakotaCounty::sheriff-foreclosure-sales-2008-dakota-county-mn,
503da481d57c4b3c9fdd1ba681d538c8_41,documentation_external,https://gis.data.mn.gov/datasets/DakotaCounty::sheriff-foreclosure-sales-2009-dakota-county-mn,
c7976667c1f342cc82da66ec6456a9c7_30,documentation_external,https://gis.data.mn.gov/datasets/DakotaCounty::sheriff-foreclosure-sales-2020-dakota-county-mn,
5f7403cb34f846f8882f9e8df0c332c9_43,documentation_external,https://gis.data.mn.gov/datasets/DakotaCounty::sheriff-foreclosure-sales-2007-dakota-county-mn,
7f74fb95a06c4c029c590f6fc11464ce_31,documentation_external,https://gis.data.mn.gov/datasets/DakotaCounty::sheriff-foreclosure-sales-2019-dakota-county-mn,
363c42e6e6a1478a9c5b6f3dbf4d8175,documentation_external,https://gis.data.mn.gov/datasets/DakotaCounty::2022-air-photo-leaf-on-6-inch-fall-dakota-county-minnesota,
273decab74d04e6998b7db3142980767,documentation_external,https://gis.data.mn.gov/datasets/DakotaCounty::2025-air-photo-leaf-off-6-inch-spring-dakota-county-minnesota,
04040e0aa0814741aaf205ffa9e7d16e,documentation_external,https://gis.data.mn.gov/datasets/DakotaCounty::2024-air-photo-leaf-on-6-inch-spring-dakota-county-minnesota,
fdd31fd4826144319030abcdaaa0f052,documentation_external,https://gis.data.mn.gov/datasets/DakotaCounty::2017-air-photo-leaf-off-6-inch-fall-dakota-county-minnesota,
cb352f6a50494d40859538bd9e977597,documentation_external,https://gis.data.mn.gov/datasets/DakotaCounty::2017-air-photo-leaf-off-6-inch-spring-dakota-county-minnesota,
08eb7c0ca81b425785f30d8ed63fd625,documentation_external,https://gis.data.mn.gov/datasets/DakotaCounty::2024-air-photo-leaf-on-6-inch-fall-dakota-county-minnesota,
ff6f0430d9b04d0a9ce93d8377fc3a9a,documentation_external,https://gis.data.mn.gov/datasets/DakotaCounty::2018-air-photo-leaf-off-6-inch-fall-dakota-county-minnesota,
8ef348d5073d47219faaf6a0900a83a7,documentation_external,https://gis.data.mn.gov/datasets/DakotaCounty::2019-air-photo-leaf-off-6-inch-spring-dakota-county-minnesota,
f159873a0314410cbcda456ed713954d,documentation_external,https://gis.data.mn.gov/datasets/DakotaCounty::2019-air-photo-leaf-on-3-inch-fall-dakota-county-minnesota,
daf47df4b81c46c3b83a861b1c402f82,documentation_external,https://gis.data.mn.gov/datasets/DakotaCounty::2020-air-photo-leaf-off-6-inch-spring-dakota-county-minnesota,
54fc92d59dcb48588f59f5950bcf885c,documentation_external,https://gis.data.mn.gov/datasets/DakotaCounty::2020-air-photo-leaf-on-6-inch-fall-dakota-county-minnesota,
1ec5c1f6c6674292ae6b096e6db1aab3_4,documentation_external,https://gis.data.mn.gov/datasets/minnesota::ramsey-county-parcel-points-2,
d886e5f068ce4a0a8a6e3f2bd90fefea_0,documentation_external,https://gis.data.mn.gov/datasets/minnesota::deer-harvest-2014-1,
d886e5f068ce4a0a8a6e3f2bd90fefea_1,documentation_external,https://gis.data.mn.gov/datasets/minnesota::deer-harvest-2013-1,
d886e5f068ce4a0a8a6e3f2bd90fefea_10,documentation_external,https://gis.data.mn.gov/datasets/minnesota::deer-harvest-2004-1,
d886e5f068ce4a0a8a6e3f2bd90fefea_11,documentation_external,https://gis.data.mn.gov/datasets/minnesota::deer-harvest-2003-1,
d886e5f068ce4a0a8a6e3f2bd90fefea_12,documentation_external,https://gis.data.mn.gov/datasets/minnesota::deer-harvest-2002-1,
d886e5f068ce4a0a8a6e3f2bd90fefea_13,documentation_external,https://gis.data.mn.gov/datasets/minnesota::deer-harvest-2001-1,
d886e5f068ce4a0a8a6e3f2bd90fefea_14,documentation_external,https://gis.data.mn.gov/datasets/minnesota::deer-harvest-2000-1,
d886e5f068ce4a0a8a6e3f2bd90fefea_15,documentation_external,https://gis.data.mn.gov/datasets/minnesota::deer-harvest-1999-1,
d886e5f068ce4a0a8a6e3f2bd90fefea_16,documentation_external,https://gis.data.mn.gov/datasets/minnesota::deer-harvest-1998-1,
d886e5f068ce4a0a8a6e3f2bd90fefea_17,documentation_external,https://gis.data.mn.gov/datasets/minnesota::deer-harvest-1997-1,
d886e5f068ce4a0a8a6e3f2bd90fefea_18,documentation_external,https://gis.data.mn.gov/datasets/minnesota::deer-harvest-1996-1,
d886e5f068ce4a0a8a6e3f2bd90fefea_19,documentation_external,https://gis.data.mn.gov/datasets/minnesota::deer-harvest-1995-1,
d886e5f068ce4a0a8a6e3f2bd90fefea_2,documentation_external,https://gis.data.mn.gov/datasets/minnesota::deer-harvest-2012-1,
d886e5f068ce4a0a8a6e3f2bd90fefea_20,documentation_external,https://gis.data.mn.gov/datasets/minnesota::deer-harvest-1994-1,
d886e5f068ce4a0a8a6e3f2bd90fefea_21,documentation_external,https://gis.data.mn.gov/datasets/minnesota::deer-harvest-1993-1,
d886e5f068ce4a0a8a6e3f2bd90fefea_3,documentation_external,https://gis.data.mn.gov/datasets/minnesota::deer-harvest-2011-1,
d886e5f068ce4a0a8a6e3f2bd90fefea_4,documentation_external,https://gis.data.mn.gov/datasets/minnesota::deer-harvest-2010-1,
d886e5f068ce4a0a8a6e3f2bd90fefea_5,documentation_external,https://gis.data.mn.gov/datasets/minnesota::deer-harvest-2009-1,
d886e5f068ce4a0a8a6e3f2bd90fefea_6,documentation_external,https://gis.data.mn.gov/datasets/minnesota::deer-harvest-2008-1,
d886e5f068ce4a0a8a6e3f2bd90fefea_7,documentation_external,https://gis.data.mn.gov/datasets/minnesota::deer-harvest-2007-1,
d886e5f068ce4a0a8a6e3f2bd90fefea_8,documentation_external,https://gis.data.mn.gov/datasets/minnesota::deer-harvest-2006-1,
d886e5f068ce4a0a8a6e3f2bd90fefea_9,documentation_external,https://gis.data.mn.gov/datasets/minnesota::deer-harvest-2005-1,
771789f5a619484aa6bf56315a738cb2_0,documentation_external,https://gis.data.mn.gov/datasets/minnesota::minnesota-bear-harvest-1,
bdd0580acf9040f2bb1c841b12313fb4_0,documentation_external,https://gis.data.mn.gov/datasets/minnesota::mlccs-regionally-significant-ecological-areas-2014-2020-1,
bdd0580acf9040f2bb1c841b12313fb4_1,documentation_external,https://gis.data.mn.gov/datasets/minnesota::mlccs-regionally-significant-ecological-areas-2014-1,
bdd0580acf9040f2bb1c841b12313fb4_2,documentation_external,https://gis.data.mn.gov/datasets/minnesota::mlccs-regionally-significant-ecological-areas-2008-1,
bdd0580acf9040f2bb1c841b12313fb4_3,documentation_external,https://gis.data.mn.gov/datasets/minnesota::mlccs-regional-ecological-corridors-2014-2020-1,
bdd0580acf9040f2bb1c841b12313fb4_4,documentation_external,https://gis.data.mn.gov/datasets/minnesota::mlccs-regional-ecological-corridors-2014-1,
1ec5c1f6c6674292ae6b096e6db1aab3_5,documentation_external,https://gis.data.mn.gov/datasets/minnesota::scott-county-parcel-points-2,
c194d9af301242d999b0dc53cfa900a5,documentation_external,https://gis.data.mn.gov/datasets/DakotaCounty::2021-air-photo-leaf-off-6-inch-spring-dakota-county-minnesota,
1fdbf3a401514416a054c06ba4db1381_0,documentation_external,https://gis.data.mn.gov/datasets/minnesota::platted-areas-ms4-general-permit,
bdd0580acf9040f2bb1c841b12313fb4_5,documentation_external,https://gis.data.mn.gov/datasets/minnesota::mlccs-regional-ecological-corridors-2008-1,
fd93316a92ae4874a59cad66deccb6c2_0,documentation_external,https://gis.data.mn.gov/datasets/minnesota::migratory-waterfowl-feeding-and-resting-areas-points-1,
fd93316a92ae4874a59cad66deccb6c2_1,documentation_external,https://gis.data.mn.gov/datasets/minnesota::migratory-waterfowl-feeding-and-resting-areas-4,
fd93316a92ae4874a59cad66deccb6c2_2,documentation_external,https://gis.data.mn.gov/datasets/minnesota::mwfra-122816-1,
15f755e9c29e442589c53c0910bed0cd_0,documentation_external,https://gis.data.mn.gov/datasets/minnesota::mbs-plants-1,
15f755e9c29e442589c53c0910bed0cd_1,documentation_external,https://gis.data.mn.gov/datasets/minnesota::mbs-lakes-1,
15f755e9c29e442589c53c0910bed0cd_2,documentation_external,https://gis.data.mn.gov/datasets/minnesota::mbs-lakes-plants-1,
86192c96ff1b43738b518bd0e58e5f69_0,documentation_external,https://gis.data.mn.gov/datasets/minnesota::dnr-hydrography-fisheries-surveyed-lakes-surveys-1,
86192c96ff1b43738b518bd0e58e5f69_1,documentation_external,https://gis.data.mn.gov/datasets/minnesota::all-surveys-1,
f1784e6f0ec14960956218d2c81e7ecc_0,documentation_external,https://gis.data.mn.gov/datasets/minnesota::lakes-of-phosphorus-sensitivity-significance-1,
dc159f8d412848f8819044a649577be6_0,documentation_external,https://gis.data.mn.gov/datasets/minnesota::lakes-of-biological-significance-1,
07cb777c931b4fe1b765af1b3ecbb6d1_0,documentation_external,https://gis.data.mn.gov/datasets/minnesota::lake-plant-eutrophication-ibi-1,
736cb0c1b369494884c991ebc5ee1563_0,documentation_external,https://gis.data.mn.gov/datasets/minnesota::lake-benefitcost-assessment-1,
e3af06efe78b45798b0af8eff583a856_0,documentation_external,https://gis.data.mn.gov/datasets/minnesota::stressors-to-impaired-or-vulnerable-lakes-based-on-fish-ibi-1,
4ea05e36ac5c48e094e8364b6773ed64_0,documentation_external,https://gis.data.mn.gov/datasets/minnesota::lakes-with-dnr-fisheries-ibi-scores-1,
d5ea334a672645b6898e35d4623f817c_0,documentation_external,https://gis.data.mn.gov/datasets/minnesota::central-region-green-infrastructure-1,
db325ef0ebc0489d8d5c2f53021dd807_0,documentation_external,https://gis.data.mn.gov/datasets/minnesota::forest-health-survey-2025-minnesota-1,
c06fd18aae7649ceb4a8349a7bc5e54e_0,documentation_external,https://gis.data.mn.gov/datasets/minnesota::forest-health-survey-2024-minnesota-1,
65c6bf9c7f7846e7833dd066a91660f0_0,documentation_external,https://gis.data.mn.gov/datasets/minnesota::forest-health-survey-2023-minnesota-1,
c5e2c33d6b1248ab944e7a7f1e6dd2e4_0,documentation_external,https://gis.data.mn.gov/datasets/minnesota::forest-health-survey-2022-minnesota-1,
47fceb1c022b48e4904dd7dc2cf7d575_0,documentation_external,https://gis.data.mn.gov/datasets/minnesota::forest-health-survey-2021-minnesota-1,
1ec5c1f6c6674292ae6b096e6db1aab3_6,documentation_external,https://gis.data.mn.gov/datasets/minnesota::washington-county-parcel-points-2,
490b3fb51e474855af7f4401423a9877,documentation_external,https://gis.data.mn.gov/datasets/DakotaCounty::2021-air-photo-leaf-on-6-inch-fall-dakota-county-minnesota,
1fdbf3a401514416a054c06ba4db1381_1,documentation_external,https://gis.data.mn.gov/datasets/minnesota::ms4-boundaries,
687fb27c223d4ea2a719e1b560ff5c2d_0,documentation_external,https://gis.data.mn.gov/datasets/minnesota::forest-health-survey-2019-minnesota-1,
ea7864fcd5ea46afbcfb95e4205c5461_0,documentation_external,https://gis.data.mn.gov/datasets/minnesota::forest-health-survey-2018-minnesota-1,
e67d2d63a382461585ef4cdbbb388d21_0,documentation_external,https://gis.data.mn.gov/datasets/minnesota::forest-health-survey-2017-minnesota-1,
dd2dd2d47add4eaca5d7090a0c84a474_0,documentation_external,https://gis.data.mn.gov/datasets/minnesota::forest-health-survey-2016-minnesota-1,
cfba96b9f8fc4bc6acfd34122b94d6d6_0,documentation_external,https://gis.data.mn.gov/datasets/minnesota::most-recent-fast-forest-disturbances-in-minnesota-version-4-0-1,
6745989c79a0499e8d8d2d1193e3edbb_0,documentation_external,https://gis.data.mn.gov/datasets/minnesota::central-region-regionally-significant-ecological-areas-1,
e7ab6b65bc8c4e4aa41d7d0d1f855e8f_0,documentation_external,https://gis.data.mn.gov/datasets/minnesota::designated-wildlife-lakes-points-1,
e7ab6b65bc8c4e4aa41d7d0d1f855e8f_1,documentation_external,https://gis.data.mn.gov/datasets/minnesota::designated-wildlife-lakes-3,
48131cea0a654a81be948dbab7870c8e_0,documentation_external,https://gis.data.mn.gov/maps/minnesota::steep-slopes-1,
48131cea0a654a81be948dbab7870c8e_1,documentation_external,https://gis.data.mn.gov/maps/minnesota::potential-perennial-and-cover-crop-areas-1,
48131cea0a654a81be948dbab7870c8e_2,documentation_external,https://gis.data.mn.gov/maps/minnesota::patch-connections-1,
48131cea0a654a81be948dbab7870c8e_3,documentation_external,https://gis.data.mn.gov/maps/minnesota::flood-prone-and-erodible-areas-1,
48131cea0a654a81be948dbab7870c8e_4,documentation_external,https://gis.data.mn.gov/maps/minnesota::ecological-patches-1,
48131cea0a654a81be948dbab7870c8e_5,documentation_external,https://gis.data.mn.gov/maps/minnesota::nlcd-2006-hybrid-1,
f8e488bd709244ab99d3dc864a362bd3_0,documentation_external,https://gis.data.mn.gov/datasets/minnesota::metro-conservation-corridors-1,
05bdf93c41f843ca867236c6f7190297_0,documentation_external,https://gis.data.mn.gov/datasets/minnesota::pw-watercourse-removals-1,
05bdf93c41f843ca867236c6f7190297_1,documentation_external,https://gis.data.mn.gov/datasets/minnesota::pw-watercourse-public-ditches-combined-1,
05bdf93c41f843ca867236c6f7190297_2,documentation_external,https://gis.data.mn.gov/datasets/minnesota::pw-basins-for-buffer-map-1,
301b8f25919e4b898eb7e7a5b94116f4_0,documentation_external,https://gis.data.mn.gov/datasets/minnesota::lakes-with-aquatic-life-use-judgement-based-on-fish-ibi-1,
44d0f0c20604463e9a0bd73d6ed7e6da_0,documentation_external,https://gis.data.mn.gov/maps/minnesota::cover-2018,
44d0f0c20604463e9a0bd73d6ed7e6da_1,documentation_external,https://gis.data.mn.gov/maps/minnesota::cover-2017,
44d0f0c20604463e9a0bd73d6ed7e6da_10,documentation_external,https://gis.data.mn.gov/maps/minnesota::cover-2008,
c87e7d2289ca43c8a18b06b6ab5ea0f5_0,documentation_external,https://gis.data.mn.gov/datasets/wrightgis::park-features-wright-county-mn,
f3e14e66be354d74a370c74ada8c48e9,documentation_external,https://gis.data.mn.gov/datasets/DakotaCounty::2022-air-photo-leaf-off-6-inch-spring-dakota-county-minnesota,
1fdbf3a401514416a054c06ba4db1381_2,documentation_external,https://gis.data.mn.gov/datasets/minnesota::large-census-urban-areas-2020,
44d0f0c20604463e9a0bd73d6ed7e6da_11,documentation_external,https://gis.data.mn.gov/maps/minnesota::cover-2007,
44d0f0c20604463e9a0bd73d6ed7e6da_12,documentation_external,https://gis.data.mn.gov/maps/minnesota::cover-2006,
44d0f0c20604463e9a0bd73d6ed7e6da_13,documentation_external,https://gis.data.mn.gov/maps/minnesota::cover-2005,
44d0f0c20604463e9a0bd73d6ed7e6da_14,documentation_external,https://gis.data.mn.gov/maps/minnesota::cover-2004,
44d0f0c20604463e9a0bd73d6ed7e6da_15,documentation_external,https://gis.data.mn.gov/maps/minnesota::cover-2003,
44d0f0c20604463e9a0bd73d6ed7e6da_16,documentation_external,https://gis.data.mn.gov/maps/minnesota::cover-2002,
44d0f0c20604463e9a0bd73d6ed7e6da_17,documentation_external,https://gis.data.mn.gov/maps/minnesota::cover-2001,
44d0f0c20604463e9a0bd73d6ed7e6da_18,documentation_external,https://gis.data.mn.gov/maps/minnesota::cover-2000,
44d0f0c20604463e9a0bd73d6ed7e6da_19,documentation_external,https://gis.data.mn.gov/maps/minnesota::cover-1999,
44d0f0c20604463e9a0bd73d6ed7e6da_2,documentation_external,https://gis.data.mn.gov/maps/minnesota::cover-2016,
44d0f0c20604463e9a0bd73d6ed7e6da_20,documentation_external,https://gis.data.mn.gov/maps/minnesota::cover-1998,
44d0f0c20604463e9a0bd73d6ed7e6da_21,documentation_external,https://gis.data.mn.gov/maps/minnesota::cover-1997,
44d0f0c20604463e9a0bd73d6ed7e6da_22,documentation_external,https://gis.data.mn.gov/maps/minnesota::cover-1996,
44d0f0c20604463e9a0bd73d6ed7e6da_23,documentation_external,https://gis.data.mn.gov/maps/minnesota::cover-1995,
44d0f0c20604463e9a0bd73d6ed7e6da_24,documentation_external,https://gis.data.mn.gov/maps/minnesota::cover-1994,
44d0f0c20604463e9a0bd73d6ed7e6da_25,documentation_external,https://gis.data.mn.gov/maps/minnesota::cover-1993,
44d0f0c20604463e9a0bd73d6ed7e6da_26,documentation_external,https://gis.data.mn.gov/maps/minnesota::cover-1992,
44d0f0c20604463e9a0bd73d6ed7e6da_27,documentation_external,https://gis.data.mn.gov/maps/minnesota::cover-1991,
44d0f0c20604463e9a0bd73d6ed7e6da_28,documentation_external,https://gis.data.mn.gov/maps/minnesota::cover-1990,
44d0f0c20604463e9a0bd73d6ed7e6da_29,documentation_external,https://gis.data.mn.gov/maps/minnesota::cover-1989,
7a23f64ec8154d9b8f20597da8fc30bc_1,documentation_external,https://gis.data.mn.gov/datasets/minnesota::metro-transit-go-to-card-retailers,
419b9d3e849a436689e6de75924624bc,documentation_external,https://gis.data.mn.gov/datasets/DakotaCounty::2023-air-photo-leaf-off-6-inch-spring-dakota-county-minnesota,
4c7faa8f4005420c95b750ce07fc593a,documentation_external,https://gis.data.mn.gov/datasets/minnesota::mean-annual-potential-groundwater-recharge-rates-from-1996-2010-for-minnesota,
2ca35daec04c40ac82fbe6002da9ef84_0,documentation_external,https://gis.data.mn.gov/datasets/minnesota::equity-considerations-tracts-overview,
2ca35daec04c40ac82fbe6002da9ef84_1,documentation_external,https://gis.data.mn.gov/datasets/minnesota::equity-considerations-acp-and-aca-current,
2ca35daec04c40ac82fbe6002da9ef84_3,documentation_external,https://gis.data.mn.gov/datasets/minnesota::equity-considerations-overview,
2ca35daec04c40ac82fbe6002da9ef84_4,documentation_external,https://gis.data.mn.gov/datasets/minnesota::equity-considerations-full,
2ca35daec04c40ac82fbe6002da9ef84_5,documentation_external,https://gis.data.mn.gov/datasets/minnesota::equity-considerations-part1,
2ca35daec04c40ac82fbe6002da9ef84_6,documentation_external,https://gis.data.mn.gov/datasets/minnesota::equity-considerations-part2,
2ca35daec04c40ac82fbe6002da9ef84_7,documentation_external,https://gis.data.mn.gov/datasets/minnesota::equity-considerations-part3,
2ca35daec04c40ac82fbe6002da9ef84_8,documentation_external,https://gis.data.mn.gov/datasets/minnesota::equity-considerations-part4,
038b92b603cf49f78137485d5cc66158_0,documentation_external,https://gis.data.mn.gov/datasets/minnesota::census-1990-tlg-tract,
038b92b603cf49f78137485d5cc66158_1,documentation_external,https://gis.data.mn.gov/datasets/minnesota::census-1990-tlg-block-group,
038b92b603cf49f78137485d5cc66158_2,documentation_external,https://gis.data.mn.gov/datasets/minnesota::census-1990-tlg-block,
d97972aef1e84227954f322a1e0c0666_0,documentation_external,https://gis.data.mn.gov/datasets/minnesota::census-2020-ctus,
d97972aef1e84227954f322a1e0c0666_1,documentation_external,https://gis.data.mn.gov/datasets/minnesota::census-2020-counties,
d97972aef1e84227954f322a1e0c0666_2,documentation_external,https://gis.data.mn.gov/datasets/minnesota::census-2020-counties-and-ctus,
7a08e438838c413a80e99b01e639fa7c_0,documentation_external,https://gis.data.mn.gov/datasets/minnesota::census-2010-ctus,
7a08e438838c413a80e99b01e639fa7c_1,documentation_external,https://gis.data.mn.gov/datasets/minnesota::census-2010-counties,
7a08e438838c413a80e99b01e639fa7c_2,documentation_external,https://gis.data.mn.gov/datasets/minnesota::census-2010-counties-and-ctus,
9e143e44bf644b7e9a2e7003783014e9,documentation_external,https://gis.data.mn.gov/datasets/DakotaCounty::2023-air-photo-leaf-on-6-inch-fall-dakota-county-minnesota,
dec95f1f051c4cc4b006163d8bf03665_0,documentation_external,https://gis.data.mn.gov/datasets/minnesota::tmdl-wasteload-allocation-areas-for-ms4s,
697b625014f44704b06c2e1930653641_0,documentation_external,https://gis.data.mn.gov/datasets/minnesota::census-2000-ctus,
697b625014f44704b06c2e1930653641_1,documentation_external,https://gis.data.mn.gov/datasets/minnesota::census-2000-counties,
697b625014f44704b06c2e1930653641_2,documentation_external,https://gis.data.mn.gov/datasets/minnesota::census-2000-counties-and-ctus,
697b625014f44704b06c2e1930653641_3,documentation_external,https://gis.data.mn.gov/datasets/minnesota::census-2000-county-ctu-lookup-table,
d801b130d3f640c4832d3af7abee5b2c_0,documentation_external,https://gis.data.mn.gov/datasets/minnesota::historic-holc-neighborhood-appraisal,
d3bb2bd7cbb549a5a951e71198074434_0,documentation_external,https://gis.data.mn.gov/datasets/minnesota::census-2010-population-block,
d3bb2bd7cbb549a5a951e71198074434_1,documentation_external,https://gis.data.mn.gov/datasets/minnesota::census-2010-population-block-group,
d3bb2bd7cbb549a5a951e71198074434_2,documentation_external,https://gis.data.mn.gov/datasets/minnesota::census-2010-population-tract,
2099571349384cb0abb05ec3d2d0ff63_0,documentation_external,https://gis.data.mn.gov/datasets/minnesota::census-2010-tiger-block,
2099571349384cb0abb05ec3d2d0ff63_1,documentation_external,https://gis.data.mn.gov/datasets/minnesota::census-2010-tiger-block-group,
2099571349384cb0abb05ec3d2d0ff63_2,documentation_external,https://gis.data.mn.gov/datasets/minnesota::census-2010-tiger-county,
2099571349384cb0abb05ec3d2d0ff63_3,documentation_external,https://gis.data.mn.gov/datasets/minnesota::census-2010-tiger-county-sub,
2099571349384cb0abb05ec3d2d0ff63_4,documentation_external,https://gis.data.mn.gov/datasets/minnesota::census-2010-tiger-tract,
2099571349384cb0abb05ec3d2d0ff63_5,documentation_external,https://gis.data.mn.gov/datasets/minnesota::census-2010-tiger-water,
1f590395723443e6a0ca2376f641a9bc_0,documentation_external,https://gis.data.mn.gov/datasets/minnesota::census-2000-population-block,
1f590395723443e6a0ca2376f641a9bc_1,documentation_external,https://gis.data.mn.gov/datasets/minnesota::census-2000-population-block-group,
1f590395723443e6a0ca2376f641a9bc_2,documentation_external,https://gis.data.mn.gov/datasets/minnesota::census-2000-population-tract,
9cde19ebff2b405a815c57c31cf11e5b_0,documentation_external,https://gis.data.mn.gov/datasets/minnesota::census-2000-tiger-block,
9cde19ebff2b405a815c57c31cf11e5b_1,documentation_external,https://gis.data.mn.gov/datasets/minnesota::census-2000-tiger-block-group,
9cde19ebff2b405a815c57c31cf11e5b_2,documentation_external,https://gis.data.mn.gov/datasets/minnesota::census-2000-tiger-county,
9cde19ebff2b405a815c57c31cf11e5b_3,documentation_external,https://gis.data.mn.gov/datasets/minnesota::census-2000-tiger-county-sub,
9cde19ebff2b405a815c57c31cf11e5b_4,documentation_external,https://gis.data.mn.gov/datasets/minnesota::census-2000-tiger-taz,
9cde19ebff2b405a815c57c31cf11e5b_5,documentation_external,https://gis.data.mn.gov/datasets/minnesota::census-2000-tiger-tract,
9cde19ebff2b405a815c57c31cf11e5b_6,documentation_external,https://gis.data.mn.gov/datasets/minnesota::census-2000-tiger-urban-area-cluster,
9cde19ebff2b405a815c57c31cf11e5b_7,documentation_external,https://gis.data.mn.gov/datasets/minnesota::census-2000-tiger-water,
9cde19ebff2b405a815c57c31cf11e5b_8,documentation_external,https://gis.data.mn.gov/datasets/minnesota::census-2000-tiger-zip-code-tab-areas,
aae3b0841e424ef4b8a0ef94f80c24bb_0,documentation_external,https://gis.data.mn.gov/datasets/minnesota::census-1990-population-tract,
aae3b0841e424ef4b8a0ef94f80c24bb_1,documentation_external,https://gis.data.mn.gov/datasets/minnesota::census-1990-population-block-group,
aae3b0841e424ef4b8a0ef94f80c24bb_2,documentation_external,https://gis.data.mn.gov/datasets/minnesota::census-1990-population-block,
c456bf8b292d4962b10a358045e922cb_0,documentation_external,https://gis.data.mn.gov/datasets/minnesota::community-water-supply-system-types-and-sources,
eb220db477db4d5db832253eabbb3145_0,documentation_external,https://gis.data.mn.gov/datasets/minnesota::flood-hazards-transit-stops,
a49d6a6ea42146eea786fe9bba118d63_0,documentation_external,https://gis.data.mn.gov/datasets/minnesota::metro-transit-fare-retailers,
3e87085f17a744aa98661f73b833f161_1,documentation_external,https://gis.data.mn.gov/datasets/minnesota::job-and-activity-centers,
2bc04491f04447aaa9ce3c1324b33cfb_2,documentation_external,https://gis.data.mn.gov/datasets/minnesota::census-workplace-area-characteristics,
b360a2696aa9407b986b7005b35ba422_0,documentation_external,https://gis.data.mn.gov/datasets/mndot::mndps-state-patrol-boundaries,
2c28c3138742442abfaf396446658078_0,documentation_external,https://gis.data.mn.gov/datasets/mndot::turn-lane-right-in-minnesota,
61b50a3aed3d471c8eeaf762e1af756a_0,documentation_external,https://gis.data.mn.gov/datasets/mndot::turn-lane-left-in-minnesota,
f7c3d86b80e047388402f55fbc868ea7_0,documentation_external,https://gis.data.mn.gov/datasets/mndot::trunk-highways-in-minnesota,
beca90b1da9247be82eef19b4b75709b_0,documentation_external,https://gis.data.mn.gov/datasets/mndot::tribal-government-in-minnesota,
c90fd4cb67a3401db609e64c98510415_0,documentation_external,https://gis.data.mn.gov/datasets/mndot::through-lanes-in-minnesota,
4d6b820bf230404d83d14accc4cca137_0,documentation_external,https://gis.data.mn.gov/datasets/mndot::through-lanes-width-in-minnesota,
ae16e98d5e9142d6b41b9036f1ff7f4b_0,documentation_external,https://gis.data.mn.gov/datasets/minnesota::downtown-fare-zones,
242eaeead3004eb196d51c0e6b7f9a88_0,documentation_external,https://gis.data.mn.gov/datasets/minnesota::treatment-plants-access-flood-hazards,
88833e25c8ee4c2c9e7e499155b43162_2,documentation_external,https://gis.data.mn.gov/datasets/minnesota::metropolitan-council-advisory-committee-districts,
64146e7fb10844cda9e0a1d9edd1d3f1_0,documentation_external,https://gis.data.mn.gov/datasets/minnesota::tmdl-streams,
e674e45b91f944d088443762061e6315_3,documentation_external,https://gis.data.mn.gov/datasets/minnesota::metro-transit-market-areas,
74de68fe07c04d0bb9c430a5434b2a82_1,documentation_external,https://gis.data.mn.gov/datasets/minnesota::lca-project-profiles,
e5065fc053a546a68ee5750da7c7eaa1_1,documentation_external,https://gis.data.mn.gov/datasets/minnesota::station-area-half-mile-buffer,
58025af3540444098fc3d4a0d0f85ea6_2,documentation_external,https://gis.data.mn.gov/datasets/minnesota::agricultural-preserves-2024,
b6a13be8e327445e84f69c7bcb909e87_1,documentation_external,https://gis.data.mn.gov/datasets/minnesota::park-and-pool-lots,
117f29e3d9c3467f9e1d3d2c6944693c_0,documentation_external,https://gis.data.mn.gov/datasets/minnesota::metro-move-service-area,
73fb67082b1a4b9abdd18d1e51d14210_1,documentation_external,https://gis.data.mn.gov/datasets/minnesota::metro-micro-zones,
02f78d46facc49a49d4b5efaff482ef5_0,documentation_external,https://gis.data.mn.gov/datasets/minnesota::census-acs-block-group,
02f78d46facc49a49d4b5efaff482ef5_1,documentation_external,https://gis.data.mn.gov/datasets/minnesota::census-acs-mcd,
02f78d46facc49a49d4b5efaff482ef5_2,documentation_external,https://gis.data.mn.gov/datasets/minnesota::census-acs-schooldistrict,
02f78d46facc49a49d4b5efaff482ef5_3,documentation_external,https://gis.data.mn.gov/datasets/minnesota::census-acs-tract,
02f78d46facc49a49d4b5efaff482ef5_4,documentation_external,https://gis.data.mn.gov/datasets/minnesota::census-acs-zip-code,
b05cc7043cef4189b4751ba13422ce07_0,documentation_external,https://gis.data.mn.gov/datasets/mndot::strategic-highway-network-in-minnesota,
b3f5bc05e1a34e4b8663de9878a5c6d1_0,documentation_external,https://gis.data.mn.gov/datasets/minnesota::census-2020-tiger-block,
b3f5bc05e1a34e4b8663de9878a5c6d1_1,documentation_external,https://gis.data.mn.gov/datasets/minnesota::census-2020-tiger-collar-block,
b3f5bc05e1a34e4b8663de9878a5c6d1_2,documentation_external,https://gis.data.mn.gov/datasets/minnesota::census-2020-tiger-block-group,
b3f5bc05e1a34e4b8663de9878a5c6d1_3,documentation_external,https://gis.data.mn.gov/datasets/minnesota::census-2020-tiger-collar-block-group,
b3f5bc05e1a34e4b8663de9878a5c6d1_4,documentation_external,https://gis.data.mn.gov/datasets/minnesota::census-2020-tiger-county-sub,
b3f5bc05e1a34e4b8663de9878a5c6d1_5,documentation_external,https://gis.data.mn.gov/datasets/minnesota::census-2020-tiger-collar-county-sub,
b3f5bc05e1a34e4b8663de9878a5c6d1_6,documentation_external,https://gis.data.mn.gov/datasets/minnesota::census-2020-tiger-tract,
b3f5bc05e1a34e4b8663de9878a5c6d1_7,documentation_external,https://gis.data.mn.gov/datasets/minnesota::census-2020-tiger-collar-tract,
64146e7fb10844cda9e0a1d9edd1d3f1_1,documentation_external,https://gis.data.mn.gov/datasets/minnesota::tmdl-project-areas,
64146e7fb10844cda9e0a1d9edd1d3f1_2,documentation_external,https://gis.data.mn.gov/datasets/minnesota::tmdl-lakes,
64146e7fb10844cda9e0a1d9edd1d3f1_3,documentation_external,https://gis.data.mn.gov/datasets/minnesota::tmdl-allocation-areas-1,
9b96390bec214305b688f241fcc38c25_0,documentation_external,https://gis.data.mn.gov/datasets/minnesota::st-louis-river-area-of-concern-sediment-assessment-areas,
e8377466eda84ddf8553d8bec0f8b0e0_0,documentation_external,https://gis.data.mn.gov/datasets/minnesota::river-tss-regions-standards-wids-minnesota,
d1520d882d694959a54e4f8490810dcf_0,documentation_external,https://gis.data.mn.gov/datasets/minnesota::institutional-controls,
d1520d882d694959a54e4f8490810dcf_1,documentation_external,https://gis.data.mn.gov/datasets/minnesota::institutional-controls-areas,
f1d7f4ec2c564959b0e4346bdf546c40_0,documentation_external,https://gis.data.mn.gov/datasets/minnesota::feedlots-in-minnesota-2,
cf46049850324b138ebcfba163ee78f9_0,documentation_external,https://gis.data.mn.gov/datasets/minnesota::surface-water-stations-mpca-environmental-data-access,
2a7ec94bef914aada084972f64228a5d_0,documentation_external,https://gis.data.mn.gov/datasets/minnesota::assessed-lakes-and-wetlands-chloride-points,
2a7ec94bef914aada084972f64228a5d_1,documentation_external,https://gis.data.mn.gov/datasets/minnesota::assessed-streams-chloride,
2a7ec94bef914aada084972f64228a5d_2,documentation_external,https://gis.data.mn.gov/datasets/minnesota::assessed-lakes-and-wetlands-chloride-polygons,
1b49ef6a4a924c3588b129a7b3f19c09_0,documentation_external,https://gis.data.mn.gov/datasets/minnesota::mpca-air-quality-permits-1,
c9baec6944ea492ab73f63cc26013666_0,documentation_external,https://gis.data.mn.gov/datasets/minnesota::mndnr-administered-state-forest-roads-1,
c57ace6ef3044a5297ce6e728feb0255_0,documentation_external,https://gis.data.mn.gov/datasets/minnesota::minnesota-snowmobile-trails-1,
0fec5ab522304aeea30fe88a922168c3_0,documentation_external,https://gis.data.mn.gov/datasets/minnesota::hunter-walking-trails-1,
5e8a2e67f2954268ac8f88cefb09f0df_0,documentation_external,https://gis.data.mn.gov/datasets/minnesota::state-aquatic-management-area-ama-aquisitions-1,
558e505f24c14114a07f21ab24c6e568_0,documentation_external,https://gis.data.mn.gov/datasets/minnesota::dnr-cooperative-ground-water-monitoring-locations-1,
cc1e0e9e4a5d4aa1bc48658089e8a16b_0,documentation_external,https://gis.data.mn.gov/datasets/minnesota::dnr-mpca-cooperative-stream-gaging-locations-1,
2663ade71a5348928646fda202be25e1_0,documentation_external,https://gis.data.mn.gov/datasets/minnesota::aquifer-properties-all-values-1,
2663ade71a5348928646fda202be25e1_1,documentation_external,https://gis.data.mn.gov/datasets/minnesota::aquifer-properties-all-values-table-1,
e8377466eda84ddf8553d8bec0f8b0e0_1,documentation_external,https://gis.data.mn.gov/datasets/minnesota::tss-regions,
c2f7fc66ab8449708cf898e0837a6cd1_0,documentation_external,https://gis.data.mn.gov/datasets/minnesota::open-water-and-fringe,
c2f7fc66ab8449708cf898e0837a6cd1_1,documentation_external,https://gis.data.mn.gov/datasets/minnesota::open-water-boundaries,
c2f7fc66ab8449708cf898e0837a6cd1_2,documentation_external,https://gis.data.mn.gov/datasets/minnesota::aquatic-communities,
c2f7fc66ab8449708cf898e0837a6cd1_3,documentation_external,https://gis.data.mn.gov/datasets/minnesota::aquatic-basins,
a451392396c74acc921a3d2f3f32c5b2_0,documentation_external,https://gis.data.mn.gov/datasets/minnesota::npc-raw-data,
a451392396c74acc921a3d2f3f32c5b2_1,documentation_external,https://gis.data.mn.gov/datasets/minnesota::npc-raw-candidate-data-pat-2,
a451392396c74acc921a3d2f3f32c5b2_2,documentation_external,https://gis.data.mn.gov/datasets/minnesota::npc-raw-candidate-data-for-2,
a451392396c74acc921a3d2f3f32c5b2_3,documentation_external,https://gis.data.mn.gov/datasets/minnesota::npc-raw-candidate-data-faw-2,
a451392396c74acc921a3d2f3f32c5b2_4,documentation_external,https://gis.data.mn.gov/datasets/minnesota::npc-raw-candidate-data-ewr-2,
a451392396c74acc921a3d2f3f32c5b2_5,documentation_external,https://gis.data.mn.gov/datasets/minnesota::dnr-npc-and-land-cover-parks-and-trails-2,
a451392396c74acc921a3d2f3f32c5b2_6,documentation_external,https://gis.data.mn.gov/datasets/minnesota::dnr-npc-land-cover-ewr-2,
a451392396c74acc921a3d2f3f32c5b2_7,documentation_external,https://gis.data.mn.gov/datasets/minnesota::dnr-native-plant-communities-2,
da47707fb911419aa402ee9414a795fd_0,documentation_external,https://gis.data.mn.gov/datasets/minnesota::mndnr-forest-inventory-1,
7ef887d4cecb4605ad3d5d9c42c9d087_0,documentation_external,https://gis.data.mn.gov/datasets/minnesota::mndnr-forest-inventory-species-1,
dccf6a1052c14bea84e5fc4baaafad68_0,documentation_external,https://gis.data.mn.gov/datasets/minnesota::mndnr-forest-inventory-nonmerch-1,
003d90ad2eff4935a6ae7b6e47be0812_0,documentation_external,https://gis.data.mn.gov/datasets/minnesota::state-parks-and-state-recreation-areas-lands-open-to-public-hunting,
3349987b253a4b4d9d10f2a1ed2913a3_0,documentation_external,https://gis.data.mn.gov/datasets/minnesota::mndnr-forest-inventory-diameter-1,
0de0c5d7b48e4084932eaa662dd2c6f2_2,documentation_external,https://gis.data.mn.gov/datasets/minnesota::state-forest-other-lands-1,
0de0c5d7b48e4084932eaa662dd2c6f2_3,documentation_external,https://gis.data.mn.gov/datasets/minnesota::state-forest-management-units-1,
0de0c5d7b48e4084932eaa662dd2c6f2_4,documentation_external,https://gis.data.mn.gov/datasets/minnesota::state-forest-boundaries-1,
efb2f468b7dc440f8f60143456b978d2_3,documentation_external,https://gis.data.mn.gov/datasets/minnesota::sna-parking-1,
efb2f468b7dc440f8f60143456b978d2_4,documentation_external,https://gis.data.mn.gov/datasets/minnesota::scientific-and-natural-area-boundaries-1,
3b7e6b5d97964ca2b41ac32c69206ae7_0,documentation_external,https://gis.data.mn.gov/datasets/minnesota::natural-area-registry-1,
275daac450844f55bbd2efbc6a51584e_0,documentation_external,https://gis.data.mn.gov/datasets/minnesota::publicly-accessible-state-wildlife-management-areas-1,
a1f0f05706f34506879494c218216d16_0,documentation_external,https://gis.data.mn.gov/datasets/minnesota::dnr-stat-plan-areas-metadata-1,
a1f0f05706f34506879494c218216d16_1,documentation_external,https://gis.data.mn.gov/datasets/minnesota::dnr-management-units-metadata-1,
a1f0f05706f34506879494c218216d16_2,documentation_external,https://gis.data.mn.gov/datasets/minnesota::dnr-stat-plan-areas-1,
a1f0f05706f34506879494c218216d16_3,documentation_external,https://gis.data.mn.gov/datasets/minnesota::dnr-management-units-1,
4112b475ccf54c729ff35c06c1300f45_0,documentation_external,https://gis.data.mn.gov/datasets/minnesota::river-nutrient-regions-standards-wids-minnesota,
a42128766db2447cb77a247d4a074173_0,documentation_external,https://gis.data.mn.gov/datasets/minnesota::dnr-management-units-prk-ref-pts-1,
a42128766db2447cb77a247d4a074173_1,documentation_external,https://gis.data.mn.gov/datasets/minnesota::dnr-stat-plan-areas-prk-1,
a42128766db2447cb77a247d4a074173_2,documentation_external,https://gis.data.mn.gov/datasets/minnesota::dnr-management-units-prk-1,
af93f7b6e9574f729e02304c788e74b8_0,documentation_external,https://gis.data.mn.gov/datasets/minnesota::dnr-enforcement-officer-patrol-areas-1,
af93f7b6e9574f729e02304c788e74b8_1,documentation_external,https://gis.data.mn.gov/datasets/minnesota::dnr-enforcement-administrative-region-areas-1,
af93f7b6e9574f729e02304c788e74b8_2,documentation_external,https://gis.data.mn.gov/datasets/minnesota::dnr-enforcement-administrative-district-areas-1,
38055d5e2d44412c88194e24ad57278e_0,documentation_external,https://gis.data.mn.gov/datasets/minnesota::state-funded-best-management-practices-bwsr-elink,
a1145fc92d314c1ba4d71fa35b4af873_0,documentation_external,https://gis.data.mn.gov/datasets/minnesota::emerald-ash-borer-trees-1,
a1145fc92d314c1ba4d71fa35b4af873_1,documentation_external,https://gis.data.mn.gov/datasets/minnesota::eab-bioagent-recovery-1,
a1145fc92d314c1ba4d71fa35b4af873_2,documentation_external,https://gis.data.mn.gov/datasets/minnesota::emerald-ash-borer-biocontrol-1,
a1145fc92d314c1ba4d71fa35b4af873_3,documentation_external,https://gis.data.mn.gov/datasets/minnesota::eab-introduction-risk-2,
a1145fc92d314c1ba4d71fa35b4af873_4,documentation_external,https://gis.data.mn.gov/datasets/minnesota::eab-quarantines-2,
a1145fc92d314c1ba4d71fa35b4af873_5,documentation_external,https://gis.data.mn.gov/datasets/minnesota::eab-generally-infested-areas-2,
a1145fc92d314c1ba4d71fa35b4af873_6,documentation_external,https://gis.data.mn.gov/datasets/minnesota::eab-dissolved-quarantines-1,
a1145fc92d314c1ba4d71fa35b4af873_7,documentation_external,https://gis.data.mn.gov/datasets/minnesota::eab-dissolved-2,
a1145fc92d314c1ba4d71fa35b4af873_8,documentation_external,https://gis.data.mn.gov/datasets/minnesota::countysummary-2,
138898ddbc5d4eadb4c884c61f8ebf28_0,documentation_external,https://gis.data.mn.gov/datasets/minnesota::env-small-spill-investigations-1,
138898ddbc5d4eadb4c884c61f8ebf28_1,documentation_external,https://gis.data.mn.gov/datasets/minnesota::env-old-emergency-incidents-1,
138898ddbc5d4eadb4c884c61f8ebf28_2,documentation_external,https://gis.data.mn.gov/datasets/minnesota::env-incident-investigations-1,
138898ddbc5d4eadb4c884c61f8ebf28_3,documentation_external,https://gis.data.mn.gov/datasets/minnesota::env-incident-contingency-areas-1,
138898ddbc5d4eadb4c884c61f8ebf28_4,documentation_external,https://gis.data.mn.gov/datasets/minnesota::invinfo-1,
62de22554e364568aea785209d3db41b_0,documentation_external,https://gis.data.mn.gov/datasets/minnesota::wellhead-protection-areas-1,
b196ee4fdba84af9aad2d93d23133c7a_0,documentation_external,https://gis.data.mn.gov/datasets/minnesota::unloc-wells,
b196ee4fdba84af9aad2d93d23133c7a_1,documentation_external,https://gis.data.mn.gov/datasets/minnesota::allwells,
b196ee4fdba84af9aad2d93d23133c7a_10,documentation_external,https://gis.data.mn.gov/datasets/minnesota::c5pl,
b196ee4fdba84af9aad2d93d23133c7a_11,documentation_external,https://gis.data.mn.gov/datasets/minnesota::c5rm,
b196ee4fdba84af9aad2d93d23133c7a_12,documentation_external,https://gis.data.mn.gov/datasets/minnesota::c5st,
b196ee4fdba84af9aad2d93d23133c7a_13,documentation_external,https://gis.data.mn.gov/datasets/minnesota::c5wl,
b196ee4fdba84af9aad2d93d23133c7a_14,documentation_external,https://gis.data.mn.gov/datasets/minnesota::casejnt-1,
b196ee4fdba84af9aad2d93d23133c7a_15,documentation_external,https://gis.data.mn.gov/datasets/minnesota::casemtl-1,
b196ee4fdba84af9aad2d93d23133c7a_16,documentation_external,https://gis.data.mn.gov/datasets/minnesota::casetype-1,
b196ee4fdba84af9aad2d93d23133c7a_17,documentation_external,https://gis.data.mn.gov/datasets/minnesota::color-1,
b196ee4fdba84af9aad2d93d23133c7a_18,documentation_external,https://gis.data.mn.gov/datasets/minnesota::county,
4112b475ccf54c729ff35c06c1300f45_1,documentation_external,https://gis.data.mn.gov/datasets/minnesota::river-nutrient-regions-minnesota,
b196ee4fdba84af9aad2d93d23133c7a_19,documentation_external,https://gis.data.mn.gov/datasets/minnesota::data-src-1,
b196ee4fdba84af9aad2d93d23133c7a_2,documentation_external,https://gis.data.mn.gov/datasets/minnesota::addr-typ-2,
b196ee4fdba84af9aad2d93d23133c7a_20,documentation_external,https://gis.data.mn.gov/datasets/minnesota::datmcode-1,
b196ee4fdba84af9aad2d93d23133c7a_21,documentation_external,https://gis.data.mn.gov/datasets/minnesota::drilflud-1,
b196ee4fdba84af9aad2d93d23133c7a_22,documentation_external,https://gis.data.mn.gov/datasets/minnesota::drilmeth-1,
b196ee4fdba84af9aad2d93d23133c7a_23,documentation_external,https://gis.data.mn.gov/datasets/minnesota::elev-mc-1,
b196ee4fdba84af9aad2d93d23133c7a_24,documentation_external,https://gis.data.mn.gov/datasets/minnesota::gcmcode-1,
b196ee4fdba84af9aad2d93d23133c7a_25,documentation_external,https://gis.data.mn.gov/datasets/minnesota::geocentry-1,
b196ee4fdba84af9aad2d93d23133c7a_26,documentation_external,https://gis.data.mn.gov/datasets/minnesota::geocprg-1,
b196ee4fdba84af9aad2d93d23133c7a_27,documentation_external,https://gis.data.mn.gov/datasets/minnesota::geocsrc-1,
b196ee4fdba84af9aad2d93d23133c7a_28,documentation_external,https://gis.data.mn.gov/datasets/minnesota::grout-1,
0ca73db3a26d47459994b20dcd302ddc_0,documentation_external,https://gis.data.mn.gov/datasets/minnesota::orvwfens,
0ca73db3a26d47459994b20dcd302ddc_1,documentation_external,https://gis.data.mn.gov/datasets/minnesota::orvwstreams,
0ca73db3a26d47459994b20dcd302ddc_2,documentation_external,https://gis.data.mn.gov/datasets/minnesota::orvwsnas,
0ca73db3a26d47459994b20dcd302ddc_3,documentation_external,https://gis.data.mn.gov/datasets/minnesota::orvwlakes,
c0dd8c1a3e274d49ab9910e1774d1dad_0,documentation_external,https://gis.data.mn.gov/datasets/minnesota::env-impaired-wetlands-2012-pts,
c0dd8c1a3e274d49ab9910e1774d1dad_1,documentation_external,https://gis.data.mn.gov/datasets/minnesota::env-impaired-wetlands-2012,
2fb15b3662704cea80e929b9e718f6f6_0,documentation_external,https://gis.data.mn.gov/datasets/minnesota::env-impaired-wetlands-2010-pts,
2fb15b3662704cea80e929b9e718f6f6_1,documentation_external,https://gis.data.mn.gov/datasets/minnesota::env-impaired-wetlands-2010,
0f9d5780d24c455f82241cd3852c2f8f_0,documentation_external,https://gis.data.mn.gov/datasets/minnesota::impaired-wetland-points-minnesota-draft-2024,
0f9d5780d24c455f82241cd3852c2f8f_1,documentation_external,https://gis.data.mn.gov/datasets/minnesota::impaired-lake-points-partially-within-reservations-minnesota-draft-2024,
0f9d5780d24c455f82241cd3852c2f8f_10,documentation_external,https://gis.data.mn.gov/datasets/minnesota::corrected-streams-minnesota-draft-2024,
0f9d5780d24c455f82241cd3852c2f8f_11,documentation_external,https://gis.data.mn.gov/datasets/minnesota::impaired-wetlands-minnesota-draft-2024,
0f9d5780d24c455f82241cd3852c2f8f_12,documentation_external,https://gis.data.mn.gov/datasets/minnesota::impaired-lakes-partially-within-reservations-minnesota-draft-2024,
0f9d5780d24c455f82241cd3852c2f8f_13,documentation_external,https://gis.data.mn.gov/datasets/minnesota::impaired-lakes-minnesota-draft-2024,
0f9d5780d24c455f82241cd3852c2f8f_14,documentation_external,https://gis.data.mn.gov/datasets/minnesota::delisted-lakes-minnesota-draft-2024,
0f9d5780d24c455f82241cd3852c2f8f_15,documentation_external,https://gis.data.mn.gov/datasets/minnesota::corrected-wetlands-minnesota-draft-2024,
0f9d5780d24c455f82241cd3852c2f8f_16,documentation_external,https://gis.data.mn.gov/datasets/minnesota::corrected-lakes-minnesota-draft-2024,
0f9d5780d24c455f82241cd3852c2f8f_2,documentation_external,https://gis.data.mn.gov/datasets/minnesota::impaired-lake-points-minnesota-draft-2024,
0f9d5780d24c455f82241cd3852c2f8f_3,documentation_external,https://gis.data.mn.gov/datasets/minnesota::delisted-lake-points-minnesota-draft-2024,
0f9d5780d24c455f82241cd3852c2f8f_4,documentation_external,https://gis.data.mn.gov/datasets/minnesota::corrected-wetlands-points-minnesota-draft-2024,
0f9d5780d24c455f82241cd3852c2f8f_5,documentation_external,https://gis.data.mn.gov/datasets/minnesota::corrected-lake-points-minnesota-draft-2024,
0f9d5780d24c455f82241cd3852c2f8f_6,documentation_external,https://gis.data.mn.gov/datasets/minnesota::impaired-streams-partially-within-reservations-minnesota-draft-2024,
0f9d5780d24c455f82241cd3852c2f8f_7,documentation_external,https://gis.data.mn.gov/datasets/minnesota::impaired-streams-minnesota-draft-2024,
0f9d5780d24c455f82241cd3852c2f8f_8,documentation_external,https://gis.data.mn.gov/datasets/minnesota::impaired-beaches-minnesota-draft-2024,
0f9d5780d24c455f82241cd3852c2f8f_9,documentation_external,https://gis.data.mn.gov/datasets/minnesota::delist-2024-draft-streams,
78de14a2b14549dcaee015b299997c47_0,documentation_external,https://gis.data.mn.gov/datasets/minnesota::impaired-2022-proposed-wetlands-points,
78de14a2b14549dcaee015b299997c47_1,documentation_external,https://gis.data.mn.gov/datasets/minnesota::impaired-2022-proposed-lakes-points-whollywithinreservation,
78de14a2b14549dcaee015b299997c47_10,documentation_external,https://gis.data.mn.gov/datasets/minnesota::impaired-2022-proposed-beaches,
78de14a2b14549dcaee015b299997c47_11,documentation_external,https://gis.data.mn.gov/datasets/minnesota::delist-2022-proposed-streams,
78de14a2b14549dcaee015b299997c47_12,documentation_external,https://gis.data.mn.gov/datasets/minnesota::correction-2022-proposed-streams,
78de14a2b14549dcaee015b299997c47_13,documentation_external,https://gis.data.mn.gov/datasets/minnesota::impaired-2022-proposed-wetlands,
78de14a2b14549dcaee015b299997c47_14,documentation_external,https://gis.data.mn.gov/datasets/minnesota::impaired-2022-proposed-lakes-whollywithinreservation,
78de14a2b14549dcaee015b299997c47_15,documentation_external,https://gis.data.mn.gov/datasets/minnesota::impaired-2022-proposed-lakes-partiallywithinreservation,
78de14a2b14549dcaee015b299997c47_16,documentation_external,https://gis.data.mn.gov/datasets/minnesota::impaired-2022-proposed-lakes,
78de14a2b14549dcaee015b299997c47_17,documentation_external,https://gis.data.mn.gov/datasets/minnesota::delist-2022-proposed-lakes,
78de14a2b14549dcaee015b299997c47_18,documentation_external,https://gis.data.mn.gov/datasets/minnesota::correction-2022-proposed-wetlands,
78de14a2b14549dcaee015b299997c47_19,documentation_external,https://gis.data.mn.gov/datasets/minnesota::correction-2022-proposed-lakes,
78de14a2b14549dcaee015b299997c47_2,documentation_external,https://gis.data.mn.gov/datasets/minnesota::impaired-2022-proposed-lakes-points-partiallywithinreservation,
78de14a2b14549dcaee015b299997c47_3,documentation_external,https://gis.data.mn.gov/datasets/minnesota::impaired-2022-proposed-lakes-points,
78de14a2b14549dcaee015b299997c47_4,documentation_external,https://gis.data.mn.gov/datasets/minnesota::delist-2022-proposed-lakes-points,
78de14a2b14549dcaee015b299997c47_5,documentation_external,https://gis.data.mn.gov/datasets/minnesota::correction-2022-proposed-wetlands-points,
78de14a2b14549dcaee015b299997c47_6,documentation_external,https://gis.data.mn.gov/datasets/minnesota::correction-2022-proposed-lakes-points,
78de14a2b14549dcaee015b299997c47_7,documentation_external,https://gis.data.mn.gov/datasets/minnesota::impaired-2022-proposed-streams-whollywithinreservation,
78de14a2b14549dcaee015b299997c47_8,documentation_external,https://gis.data.mn.gov/datasets/minnesota::impaired-2022-proposed-streams-partiallywithinreservation,
78de14a2b14549dcaee015b299997c47_9,documentation_external,https://gis.data.mn.gov/datasets/minnesota::impaired-2022-proposed-streams,
0cc71a190111493685a86ca1067d655b_0,documentation_external,https://gis.data.mn.gov/datasets/minnesota::impaired-2022-wetlands-points,
0cc71a190111493685a86ca1067d655b_1,documentation_external,https://gis.data.mn.gov/datasets/minnesota::impaired-2022-lakes-points-whollywithinreservation,
0cc71a190111493685a86ca1067d655b_10,documentation_external,https://gis.data.mn.gov/datasets/minnesota::impaired-2022-beaches,
0cc71a190111493685a86ca1067d655b_11,documentation_external,https://gis.data.mn.gov/datasets/minnesota::delist-2022-streams,
0cc71a190111493685a86ca1067d655b_12,documentation_external,https://gis.data.mn.gov/datasets/minnesota::correction-2022-streams,
0cc71a190111493685a86ca1067d655b_13,documentation_external,https://gis.data.mn.gov/datasets/minnesota::impaired-2022-wetlands,
0cc71a190111493685a86ca1067d655b_14,documentation_external,https://gis.data.mn.gov/datasets/minnesota::impaired-2022-lakes-whollywithinreservation,
0cc71a190111493685a86ca1067d655b_15,documentation_external,https://gis.data.mn.gov/datasets/minnesota::impaired-2022-lakes-partiallywithinreservation,
0cc71a190111493685a86ca1067d655b_16,documentation_external,https://gis.data.mn.gov/datasets/minnesota::impaired-2022-lakes,
0cc71a190111493685a86ca1067d655b_17,documentation_external,https://gis.data.mn.gov/datasets/minnesota::delist-2022-lakes,
0cc71a190111493685a86ca1067d655b_18,documentation_external,https://gis.data.mn.gov/datasets/minnesota::correction-2022-wetlands,
0cc71a190111493685a86ca1067d655b_19,documentation_external,https://gis.data.mn.gov/datasets/minnesota::correction-2022-lakes,
0cc71a190111493685a86ca1067d655b_2,documentation_external,https://gis.data.mn.gov/datasets/minnesota::impaired-2022-lakes-points-partiallywithinreservation,
0cc71a190111493685a86ca1067d655b_3,documentation_external,https://gis.data.mn.gov/datasets/minnesota::impaired-2022-lakes-points,
0cc71a190111493685a86ca1067d655b_4,documentation_external,https://gis.data.mn.gov/datasets/minnesota::delist-2022-lakes-points,
0cc71a190111493685a86ca1067d655b_5,documentation_external,https://gis.data.mn.gov/datasets/minnesota::correction-2022-wetlands-points,
0cc71a190111493685a86ca1067d655b_6,documentation_external,https://gis.data.mn.gov/datasets/minnesota::correction-2022-lakes-points,
0cc71a190111493685a86ca1067d655b_7,documentation_external,https://gis.data.mn.gov/datasets/minnesota::impaired-2022-streams-whollywithinreservation,
0cc71a190111493685a86ca1067d655b_8,documentation_external,https://gis.data.mn.gov/datasets/minnesota::impaired-2022-streams-partiallywithinreservation,
0cc71a190111493685a86ca1067d655b_9,documentation_external,https://gis.data.mn.gov/datasets/minnesota::impaired-2022-streams,
eb86e59d6cec4785b62ea288976492a0_0,documentation_external,https://gis.data.mn.gov/datasets/minnesota::impaired-wetlands-points-minnesota-2018,
eb86e59d6cec4785b62ea288976492a0_1,documentation_external,https://gis.data.mn.gov/datasets/minnesota::impaired-lakes-points-wholly-within-reservations-minnesota-2018,
eb86e59d6cec4785b62ea288976492a0_10,documentation_external,https://gis.data.mn.gov/datasets/minnesota::impaired-lakes-partially-within-reservations-minnesota-2018,
eb86e59d6cec4785b62ea288976492a0_11,documentation_external,https://gis.data.mn.gov/datasets/minnesota::impaired-lakes-minnesota-2018,
eb86e59d6cec4785b62ea288976492a0_2,documentation_external,https://gis.data.mn.gov/datasets/minnesota::impaired-lakes-points-partially-within-reservations-minnesota-2018,
eb86e59d6cec4785b62ea288976492a0_3,documentation_external,https://gis.data.mn.gov/datasets/minnesota::impaired-lakes-points-minnesota-2018,
eb86e59d6cec4785b62ea288976492a0_4,documentation_external,https://gis.data.mn.gov/datasets/minnesota::impaired-streams-wholly-within-reservations-minnesota-2018,
eb86e59d6cec4785b62ea288976492a0_5,documentation_external,https://gis.data.mn.gov/datasets/minnesota::impaired-streams-partially-within-reservations-minnesota-2018,
eb86e59d6cec4785b62ea288976492a0_6,documentation_external,https://gis.data.mn.gov/datasets/minnesota::impaired-streams-minnesota-2018,
eb86e59d6cec4785b62ea288976492a0_7,documentation_external,https://gis.data.mn.gov/datasets/minnesota::impaired-beaches-minnesota-2018,
eb86e59d6cec4785b62ea288976492a0_8,documentation_external,https://gis.data.mn.gov/datasets/minnesota::impaired-wetlands-minnesota-2018,
44d0f0c20604463e9a0bd73d6ed7e6da_3,documentation_external,https://gis.data.mn.gov/maps/minnesota::cover-2015,
44d0f0c20604463e9a0bd73d6ed7e6da_30,documentation_external,https://gis.data.mn.gov/maps/minnesota::cover-1988,
44d0f0c20604463e9a0bd73d6ed7e6da_31,documentation_external,https://gis.data.mn.gov/maps/minnesota::cover-1987,
44d0f0c20604463e9a0bd73d6ed7e6da_32,documentation_external,https://gis.data.mn.gov/maps/minnesota::cover-1986,
44d0f0c20604463e9a0bd73d6ed7e6da_33,documentation_external,https://gis.data.mn.gov/maps/minnesota::cover-1985,
44d0f0c20604463e9a0bd73d6ed7e6da_34,documentation_external,https://gis.data.mn.gov/maps/minnesota::cover-1984,
44d0f0c20604463e9a0bd73d6ed7e6da_35,documentation_external,https://gis.data.mn.gov/maps/minnesota::cover-1983,
44d0f0c20604463e9a0bd73d6ed7e6da_36,documentation_external,https://gis.data.mn.gov/maps/minnesota::cover-1982,
44d0f0c20604463e9a0bd73d6ed7e6da_37,documentation_external,https://gis.data.mn.gov/maps/minnesota::cover-1981,
44d0f0c20604463e9a0bd73d6ed7e6da_38,documentation_external,https://gis.data.mn.gov/maps/minnesota::cover-1980,
44d0f0c20604463e9a0bd73d6ed7e6da_39,documentation_external,https://gis.data.mn.gov/maps/minnesota::cover-1979,
44d0f0c20604463e9a0bd73d6ed7e6da_4,documentation_external,https://gis.data.mn.gov/maps/minnesota::cover-2014,
44d0f0c20604463e9a0bd73d6ed7e6da_40,documentation_external,https://gis.data.mn.gov/maps/minnesota::cover-1978,
44d0f0c20604463e9a0bd73d6ed7e6da_41,documentation_external,https://gis.data.mn.gov/maps/minnesota::cover-1977,
44d0f0c20604463e9a0bd73d6ed7e6da_42,documentation_external,https://gis.data.mn.gov/maps/minnesota::cover-1976,
44d0f0c20604463e9a0bd73d6ed7e6da_43,documentation_external,https://gis.data.mn.gov/maps/minnesota::cover-1975,
44d0f0c20604463e9a0bd73d6ed7e6da_44,documentation_external,https://gis.data.mn.gov/maps/minnesota::cover-1974,
44d0f0c20604463e9a0bd73d6ed7e6da_45,documentation_external,https://gis.data.mn.gov/maps/minnesota::cover-1973,
44d0f0c20604463e9a0bd73d6ed7e6da_5,documentation_external,https://gis.data.mn.gov/maps/minnesota::cover-2013,
44d0f0c20604463e9a0bd73d6ed7e6da_6,documentation_external,https://gis.data.mn.gov/maps/minnesota::cover-2012,
44d0f0c20604463e9a0bd73d6ed7e6da_7,documentation_external,https://gis.data.mn.gov/maps/minnesota::cover-2011,
44d0f0c20604463e9a0bd73d6ed7e6da_8,documentation_external,https://gis.data.mn.gov/maps/minnesota::cover-2010,
44d0f0c20604463e9a0bd73d6ed7e6da_9,documentation_external,https://gis.data.mn.gov/maps/minnesota::cover-2009,
42c0b260a7e241409b271428372b58b9_0,documentation_external,https://gis.data.mn.gov/datasets/minnesota::mississippi-river-corridor-critical-area-mrcca-bluff-impact-zones-1,
d026d4e074bc4edf9eac0101f92d61f6_0,documentation_external,https://gis.data.mn.gov/maps/minnesota::shaded-relief-image-color-1,
d026d4e074bc4edf9eac0101f92d61f6_1,documentation_external,https://gis.data.mn.gov/maps/minnesota::shaded-relief-image-black-and-white-1,
d026d4e074bc4edf9eac0101f92d61f6_2,documentation_external,https://gis.data.mn.gov/maps/minnesota::digital-elevation-model-30m-1,
23f321bf89ad486cb88142e31e61bf00_0,documentation_external,https://gis.data.mn.gov/datasets/minnesota::wild-rice-lakes-identified-by-dnr-wildlife-1,
7d36b51a738e4a5c80adac69293a0323_0,documentation_external,https://gis.data.mn.gov/datasets/minnesota::high-bio-sites-project-boundary-1,
7d36b51a738e4a5c80adac69293a0323_1,documentation_external,https://gis.data.mn.gov/datasets/minnesota::high-bio-sites-critical-habitat-zones-1,
bf3b753500cb410491848a331cf77eb6_0,documentation_external,https://gis.data.mn.gov/datasets/minnesota::pls-corners-with-native-vegetation-information-1,
180718f2111f43ee8767c7fde916ef47_0,documentation_external,https://gis.data.mn.gov/datasets/minnesota::original-land-survey-bearing-trees-1,
68e8c15fc6684c7d932668c60e9c6973_0,documentation_external,https://gis.data.mn.gov/datasets/minnesota::dnr-hydrography-muskie-lakes-1,
e3f3d444ab454f73ad89f740d3fd3569_0,documentation_external,https://gis.data.mn.gov/datasets/minnesota::mississippi-river-corridor-critical-area-mrcca-significant-existing-vegetative-stands-1,
f0026cd6f81b4dda8d2cd7aa3091b415_0,documentation_external,https://gis.data.mn.gov/datasets/minnesota::mcbs-railroad-rights-of-way-prairies-1,
2a355f9d55624f69ad8f61ac96a82ebb_0,documentation_external,https://gis.data.mn.gov/datasets/minnesota::marschner-presettlement-vegetation-1,
2a355f9d55624f69ad8f61ac96a82ebb_1,documentation_external,https://gis.data.mn.gov/maps/minnesota::marschner-presettlement-vegetation-image-1,
c09a05bb21394422b3d0bf9d4bd4cc7d_0,documentation_external,https://gis.data.mn.gov/maps/minnesota::nlcd-2011-mn-tree-canopy-standard-error-1,
c09a05bb21394422b3d0bf9d4bd4cc7d_1,documentation_external,https://gis.data.mn.gov/maps/minnesota::nlcd-2011-mn-tree-canopy-analytical-1,
c09a05bb21394422b3d0bf9d4bd4cc7d_2,documentation_external,https://gis.data.mn.gov/maps/minnesota::nlcd-2011-mn-tree-canopy-1,
c09a05bb21394422b3d0bf9d4bd4cc7d_3,documentation_external,https://gis.data.mn.gov/maps/minnesota::nlcd-2011-mn-landcover-1,
c09a05bb21394422b3d0bf9d4bd4cc7d_4,documentation_external,https://gis.data.mn.gov/maps/minnesota::nlcd-2011-mn-impervious-1,
c09a05bb21394422b3d0bf9d4bd4cc7d_5,documentation_external,https://gis.data.mn.gov/maps/minnesota::nlcd-2006-to-2011-mn-landcover-change-1,
c09a05bb21394422b3d0bf9d4bd4cc7d_6,documentation_external,https://gis.data.mn.gov/maps/minnesota::nlcd-2006-to-2011-mn-impervious-change-1,
c09a05bb21394422b3d0bf9d4bd4cc7d_7,documentation_external,https://gis.data.mn.gov/maps/minnesota::nlcd-2001-to-2011-mn-landcover-change-1,
4ff683c103f34d21998824d6c132c563_0,documentation_external,https://gis.data.mn.gov/maps/minnesota::nlcd-mn-2006-land-cover-change-1,
4ff683c103f34d21998824d6c132c563_1,documentation_external,https://gis.data.mn.gov/maps/minnesota::nlcd-mn-2006-land-cover-1,
4ff683c103f34d21998824d6c132c563_2,documentation_external,https://gis.data.mn.gov/maps/minnesota::nlcd-mn-2006-imperviousness-1,
76e82e4ee5414c5aa362fedfbe019cae_0,documentation_external,https://gis.data.mn.gov/maps/minnesota::nlcd-mn-2001-tree-canopy-1,
76e82e4ee5414c5aa362fedfbe019cae_1,documentation_external,https://gis.data.mn.gov/maps/minnesota::nlcd-mn-2001-land-cover-1,
76e82e4ee5414c5aa362fedfbe019cae_2,documentation_external,https://gis.data.mn.gov/maps/minnesota::nlcd-mn-2001-imperviousness-1,
d620cd39cc6846ed9b590f77b889c36a_0,documentation_external,https://gis.data.mn.gov/datasets/minnesota::mlccs-metadata-1,
d620cd39cc6846ed9b590f77b889c36a_1,documentation_external,https://gis.data.mn.gov/datasets/minnesota::landcover-minnesota-land-cover-classification-system-1,
b6b166e943c74bebbafa52d35532cd2f_0,documentation_external,https://gis.data.mn.gov/datasets/minnesota::land-cover-forested-area-minnesota-1990s-1,
ac0093dadf6b4b7ba736a7dffee18011_0,documentation_external,https://gis.data.mn.gov/datasets/minnesota::land-use-cover-agricultural-and-transition-areas-minnesota-1990-1,
d0a6b41ab67c4eed942f3cf2d6ccbc90,documentation_external,https://gis.data.mn.gov/datasets/minnesota::gap-land-cover-raster-1,
86dfdd60d139453ab16c8564d266b7e3_0,documentation_external,https://gis.data.mn.gov/datasets/minnesota::lccmr-modeled-wild-rice-presence-2023-1,
1d6f531e85f347ea8ec8d14c1e0bf9e0_0,documentation_external,https://gis.data.mn.gov/datasets/minnesota::forestry-ecs-worksheet-geodatabase-1,
fc50a130b5ae4509a996e40c2d961237_0,documentation_external,https://gis.data.mn.gov/datasets/minnesota::minnesota-dnr-historic-forest-stand-inventory,
f55a62f213d24ee7a9cb26d5f0a53c3f_0,documentation_external,https://gis.data.mn.gov/datasets/minnesota::fiscal-year-2027-annual-stand-exam-list-1,
957b74f4eae64e52b9806f05a60452fe_0,documentation_external,https://gis.data.mn.gov/datasets/minnesota::10-year-stand-exam-list-mndnr-1,
c38c95d582e64b16afe838cbe5fabbf9_0,documentation_external,https://gis.data.mn.gov/datasets/minnesota::cisco-refuge-lakes-minnesota-1,
8534e2b5331a418c88a9ad9ae4472de2_0,documentation_external,https://gis.data.mn.gov/datasets/minnesota::bald-eagle-nest-locations-1,
104e6232d2d140069cafa9455f652b3a_0,documentation_external,https://gis.data.mn.gov/datasets/minnesota::wild-scenic-and-recreational-river-wsr-boundaries-and-districts-1,
3876945680fe4c4e94b3faa82543eadc_0,documentation_external,https://gis.data.mn.gov/datasets/minnesota::peatland-watershed-protection-areas-wpas-1,
bfc819e7fc674709b083bfead78c91a9_0,documentation_external,https://gis.data.mn.gov/datasets/minnesota::minnesota-turkey-permit-areas-1,
cf5f11b563bb4491bb90b856dc6af594_0,documentation_external,https://gis.data.mn.gov/datasets/minnesota::state-of-minnesota-500-1,
cf5f11b563bb4491bb90b856dc6af594_1,documentation_external,https://gis.data.mn.gov/datasets/minnesota::state-of-minnesota-250-1,
cf5f11b563bb4491bb90b856dc6af594_2,documentation_external,https://gis.data.mn.gov/datasets/minnesota::state-of-minnesota-1500-1,
cf5f11b563bb4491bb90b856dc6af594_3,documentation_external,https://gis.data.mn.gov/datasets/minnesota::state-of-minnesota-1000-1,
cf5f11b563bb4491bb90b856dc6af594_4,documentation_external,https://gis.data.mn.gov/datasets/minnesota::state-of-minnesota-2,
91289aac79f54140805b9b0bbd469e6f_0,documentation_external,https://gis.data.mn.gov/datasets/minnesota::st-louis-river-area-of-concern-aoc-1,
87314f8ee26649d793e22e40331d1dc4_2,documentation_external,https://gis.data.mn.gov/datasets/minnesota::seed-source-control-seed-zones-of-minnesota-1,
f0149c15712f4749893983044e0e92a9_0,documentation_external,https://gis.data.mn.gov/datasets/minnesota::access-points-1,
f0149c15712f4749893983044e0e92a9_1,documentation_external,https://gis.data.mn.gov/datasets/minnesota::ruffed-grouse-mgmt-areas-1,
8082563f394549a8b50a7498e8168f5e_0,documentation_external,https://gis.data.mn.gov/datasets/minnesota::north-south-furbearer-zones-1,
5e9d029cbae04a9a9016482434607df1_0,documentation_external,https://gis.data.mn.gov/datasets/minnesota::north-shore-management-zone-boundary-1,
34897636a9d74a80b3b6823f421fd4c7_0,documentation_external,https://gis.data.mn.gov/datasets/minnesota::historic-mississippi-river-corridor-critical-area-mrcca-executive-order-79-19-districts-1,
e3490646e16c4875995d361cc650cd8c_0,documentation_external,https://gis.data.mn.gov/datasets/minnesota::mississippi-river-corridor-critical-area-mrcca-boundary-1,
ecbef25461164cd0858d1952d1718eea_0,documentation_external,https://gis.data.mn.gov/datasets/minnesota::mississippi-river-corridor-critical-area-mrcca-district-boundaries-1,
e9c928fe1a9b4d7ea53db57bf36a7abc_0,documentation_external,https://gis.data.mn.gov/datasets/minnesota::lower-st-croix-national-scenic-riverway-lscr-boundary-districts-in-minnesota-1,
612838d65fdf437a8c9cda1d1c56302a_0,documentation_external,https://gis.data.mn.gov/datasets/minnesota::icfa-waters-1,
612838d65fdf437a8c9cda1d1c56302a_1,documentation_external,https://gis.data.mn.gov/datasets/minnesota::icfa-areas-1,
1b608d6a45b348f692a3244d576a6b54_0,documentation_external,https://gis.data.mn.gov/datasets/minnesota::groundwater-management-areas-minnesota-1,
200f6f22deaa4d3f9cf69031cc8a8a73_0,documentation_external,https://gis.data.mn.gov/datasets/minnesota::bobcat-fisher-and-marten-zone-1,
66d8b8e776ae4dc9b4d0aaac538e32e4_0,documentation_external,https://gis.data.mn.gov/datasets/minnesota::farmland-and-forest-furbearer-zones-1,
6faff3c5440c40d8a8aacaf9725b804c_0,documentation_external,https://gis.data.mn.gov/datasets/minnesota::mn-elk-zones-1,
6faff3c5440c40d8a8aacaf9725b804c_1,documentation_external,https://gis.data.mn.gov/datasets/minnesota::kittson-historic-zones-1,
6faff3c5440c40d8a8aacaf9725b804c_2,documentation_external,https://gis.data.mn.gov/datasets/minnesota::grygla-historic-zones-1,
b3f5bc05e1a34e4b8663de9878a5c6d1_8,documentation_external,https://gis.data.mn.gov/datasets/minnesota::census-2020-tiger-county,
b196ee4fdba84af9aad2d93d23133c7a_29,documentation_external,https://gis.data.mn.gov/datasets/minnesota::gr-units-1,
eb86e59d6cec4785b62ea288976492a0_9,documentation_external,https://gis.data.mn.gov/datasets/minnesota::impaired-lakes-wholly-within-reservations-minnesota-2018,
b196ee4fdba84af9aad2d93d23133c7a_3,documentation_external,https://gis.data.mn.gov/datasets/minnesota::agency-2,
b196ee4fdba84af9aad2d93d23133c7a_30,documentation_external,https://gis.data.mn.gov/datasets/minnesota::hardness-1,
b196ee4fdba84af9aad2d93d23133c7a_31,documentation_external,https://gis.data.mn.gov/datasets/minnesota::inpt-src-1,
b196ee4fdba84af9aad2d93d23133c7a_32,documentation_external,https://gis.data.mn.gov/datasets/minnesota::lcm-1,
b196ee4fdba84af9aad2d93d23133c7a_33,documentation_external,https://gis.data.mn.gov/datasets/minnesota::loc-mc-1,
b196ee4fdba84af9aad2d93d23133c7a_34,documentation_external,https://gis.data.mn.gov/datasets/minnesota::loc-src-1,
b196ee4fdba84af9aad2d93d23133c7a_35,documentation_external,https://gis.data.mn.gov/datasets/minnesota::logical-1,
b196ee4fdba84af9aad2d93d23133c7a_36,documentation_external,https://gis.data.mn.gov/datasets/minnesota::lth-code-1,
b196ee4fdba84af9aad2d93d23133c7a_37,documentation_external,https://gis.data.mn.gov/datasets/minnesota::map-dir-1,
b196ee4fdba84af9aad2d93d23133c7a_38,documentation_external,https://gis.data.mn.gov/datasets/minnesota::measdev-1,
b196ee4fdba84af9aad2d93d23133c7a_39,documentation_external,https://gis.data.mn.gov/datasets/minnesota::measpnt-1,
b196ee4fdba84af9aad2d93d23133c7a_4,documentation_external,https://gis.data.mn.gov/datasets/minnesota::aquifer-2,
b196ee4fdba84af9aad2d93d23133c7a_40,documentation_external,https://gis.data.mn.gov/datasets/minnesota::meastype-1,
b196ee4fdba84af9aad2d93d23133c7a_41,documentation_external,https://gis.data.mn.gov/datasets/minnesota::mgsquad-1,
b196ee4fdba84af9aad2d93d23133c7a_42,documentation_external,https://gis.data.mn.gov/datasets/minnesota::mgswelllog-1,
b196ee4fdba84af9aad2d93d23133c7a_43,documentation_external,https://gis.data.mn.gov/datasets/minnesota::mncity-1,
b196ee4fdba84af9aad2d93d23133c7a_44,documentation_external,https://gis.data.mn.gov/datasets/minnesota::phsecode-1,
b196ee4fdba84af9aad2d93d23133c7a_45,documentation_external,https://gis.data.mn.gov/datasets/minnesota::poll-typ-1,
b196ee4fdba84af9aad2d93d23133c7a_46,documentation_external,https://gis.data.mn.gov/datasets/minnesota::program-1,
b196ee4fdba84af9aad2d93d23133c7a_47,documentation_external,https://gis.data.mn.gov/datasets/minnesota::pttype-1,
6ae02e3aa4eb4a669273310f7007b554_0,documentation_external,https://gis.data.mn.gov/datasets/minnesota::crosswalk-2010-block-group-to-2020-block-group,
b196ee4fdba84af9aad2d93d23133c7a_48,documentation_external,https://gis.data.mn.gov/datasets/minnesota::pumptype-1,
b196ee4fdba84af9aad2d93d23133c7a_49,documentation_external,https://gis.data.mn.gov/datasets/minnesota::q-codes-1,
b196ee4fdba84af9aad2d93d23133c7a_5,documentation_external,https://gis.data.mn.gov/datasets/minnesota::c5ad,
b196ee4fdba84af9aad2d93d23133c7a_50,documentation_external,https://gis.data.mn.gov/datasets/minnesota::roadtype-1,
b196ee4fdba84af9aad2d93d23133c7a_51,documentation_external,https://gis.data.mn.gov/datasets/minnesota::scrntype-1,
b196ee4fdba84af9aad2d93d23133c7a_52,documentation_external,https://gis.data.mn.gov/datasets/minnesota::status-2,
b196ee4fdba84af9aad2d93d23133c7a_53,documentation_external,https://gis.data.mn.gov/datasets/minnesota::str-code-1,
b196ee4fdba84af9aad2d93d23133c7a_54,documentation_external,https://gis.data.mn.gov/datasets/minnesota::str-geol-1,
b196ee4fdba84af9aad2d93d23133c7a_55,documentation_external,https://gis.data.mn.gov/datasets/minnesota::str-meth-1,
b196ee4fdba84af9aad2d93d23133c7a_56,documentation_external,https://gis.data.mn.gov/datasets/minnesota::str-src-1,
b196ee4fdba84af9aad2d93d23133c7a_57,documentation_external,https://gis.data.mn.gov/datasets/minnesota::township-1,
b196ee4fdba84af9aad2d93d23133c7a_58,documentation_external,https://gis.data.mn.gov/datasets/minnesota::use-1,
b196ee4fdba84af9aad2d93d23133c7a_59,documentation_external,https://gis.data.mn.gov/datasets/minnesota::usstate-1,
b196ee4fdba84af9aad2d93d23133c7a_6,documentation_external,https://gis.data.mn.gov/datasets/minnesota::c5an,
b196ee4fdba84af9aad2d93d23133c7a_7,documentation_external,https://gis.data.mn.gov/datasets/minnesota::c5c1-1,
b196ee4fdba84af9aad2d93d23133c7a_8,documentation_external,https://gis.data.mn.gov/datasets/minnesota::c5c2,
b196ee4fdba84af9aad2d93d23133c7a_9,documentation_external,https://gis.data.mn.gov/datasets/minnesota::c5id,
c11d5801226a4b80bc671f096f5d6d22_0,documentation_external,https://gis.data.mn.gov/datasets/minnesota::water-cwi-nitrate-1,
c11d5801226a4b80bc671f096f5d6d22_1,documentation_external,https://gis.data.mn.gov/datasets/minnesota::water-cwi-arsenic-1,
c11d5801226a4b80bc671f096f5d6d22_2,documentation_external,https://gis.data.mn.gov/datasets/minnesota::water-mda-township-nitrate-testing-2,
c11d5801226a4b80bc671f096f5d6d22_3,documentation_external,https://gis.data.mn.gov/datasets/minnesota::water-dwsma-mda-gw-rule-2,
c11d5801226a4b80bc671f096f5d6d22_4,documentation_external,https://gis.data.mn.gov/datasets/minnesota::loc-water-wells-per-section-2,
c11d5801226a4b80bc671f096f5d6d22_5,documentation_external,https://gis.data.mn.gov/datasets/minnesota::loc-cwi-primary-aquifers-by-section-2,
c11d5801226a4b80bc671f096f5d6d22_6,documentation_external,https://gis.data.mn.gov/maps/minnesota::water-wells-poll-sens-1,
6ae02e3aa4eb4a669273310f7007b554_1,documentation_external,https://gis.data.mn.gov/datasets/minnesota::crosswalk-2010-block-to-2020-block,
fe7af8e3fc584f868f58faf28a284ae5_0,documentation_external,https://gis.data.mn.gov/datasets/minnesota::impaired-wetlands-points-minnesota-2016,
114f4131017e4c66bac93cf89219c3eb_0,documentation_external,https://gis.data.mn.gov/datasets/minnesota::eastern-seed-zones-esz-v2-2-in-minnesota-1,
295f92730a234f1ead84e4c0aaad598f_0,documentation_external,https://gis.data.mn.gov/datasets/minnesota::mndnr-area-hydrologist-administrative-areas-1,
d7224d5e80ac44219605521704a0f23f_0,documentation_external,https://gis.data.mn.gov/datasets/minnesota::minnesota-walk-in-access-sites-1,
ef9e35e450924acbbaeb90b0342bf886_0,documentation_external,https://gis.data.mn.gov/datasets/minnesota::dnr-parks-and-trails-districts-1,
ef9e35e450924acbbaeb90b0342bf886_1,documentation_external,https://gis.data.mn.gov/datasets/minnesota::dnr-parks-and-trails-areas-1,
f23a58ca77b74de4a0207b9199c56479_0,documentation_external,https://gis.data.mn.gov/datasets/minnesota::dnr-division-of-forestry-administrative-areas-1,
113ca68f4e184339a9ee4b93ab35bbd4_0,documentation_external,https://gis.data.mn.gov/datasets/minnesota::dnr-division-of-ecological-and-water-resources-district-boundaries-1,
7dc0e44471104469b517cc225174f0e0_0,documentation_external,https://gis.data.mn.gov/datasets/minnesota::aquatic-plant-management-work-areas-1,
74954ba3604c4ce9bc82f72b1d5e14f5_0,documentation_external,https://gis.data.mn.gov/datasets/minnesota::dnr-regions-1,
31ae0cfd54f94892aa07583108f8e4d2_0,documentation_external,https://gis.data.mn.gov/datasets/minnesota::minnesota-deer-permit-areas-1,
047d947ac83b45f39d59da02f5be9bd3_0,documentation_external,https://gis.data.mn.gov/datasets/minnesota::minnesota-climate-divisions-1,
71f721280e7a42c486d434cb847a599b_2,documentation_external,https://gis.data.mn.gov/datasets/minnesota::bwca-boundary-based-on-the-1978-legislation-1,
462a01a51e484076922517cb90e29cf3_0,documentation_external,https://gis.data.mn.gov/datasets/minnesota::minnesota-bear-permit-area-1,
6d8f394826814dcd84d346534b29d76c_0,documentation_external,https://gis.data.mn.gov/datasets/minnesota::index-of-historic-airphotos-avaliable-via-mndnrs-webserver-1,
5ed29d216eb145e4ba0f69456a83500a_0,documentation_external,https://gis.data.mn.gov/datasets/minnesota::2009-wild-and-scenic-river-aerial-oblique-cir-photo-index-1,
475040854e4940f1a294069156d4d814_0,documentation_external,https://gis.data.mn.gov/datasets/minnesota::tmin-winter-record-delta-contours-1,
475040854e4940f1a294069156d4d814_1,documentation_external,https://gis.data.mn.gov/datasets/minnesota::tmin-summer-record-delta-contours-1,
475040854e4940f1a294069156d4d814_10,documentation_external,https://gis.data.mn.gov/datasets/minnesota::tmax-winter-record-delta-contours-1,
475040854e4940f1a294069156d4d814_11,documentation_external,https://gis.data.mn.gov/datasets/minnesota::tmax-summer-record-delta-contours-1,
475040854e4940f1a294069156d4d814_12,documentation_external,https://gis.data.mn.gov/datasets/minnesota::tmax-spring-record-delta-contours-1,
475040854e4940f1a294069156d4d814_13,documentation_external,https://gis.data.mn.gov/datasets/minnesota::tmax-norms-winter-1991-2020-contours-1,
475040854e4940f1a294069156d4d814_14,documentation_external,https://gis.data.mn.gov/datasets/minnesota::tmax-norms-summer-1991-2020-contours-1,
6ae02e3aa4eb4a669273310f7007b554_2,documentation_external,https://gis.data.mn.gov/datasets/minnesota::crosswalk-2010-tract-to-2020-tract,
fe7af8e3fc584f868f58faf28a284ae5_1,documentation_external,https://gis.data.mn.gov/datasets/minnesota::impaired-lakes-points-wholly-within-reservations-minnesota-2016,
475040854e4940f1a294069156d4d814_15,documentation_external,https://gis.data.mn.gov/datasets/minnesota::tmax-norms-spring-1991-2020-contours-1,
475040854e4940f1a294069156d4d814_16,documentation_external,https://gis.data.mn.gov/datasets/minnesota::tmax-norms-fall-1991-2020-contours-1,
475040854e4940f1a294069156d4d814_17,documentation_external,https://gis.data.mn.gov/datasets/minnesota::tmax-norms-annual-1991-2020-contours-1,
475040854e4940f1a294069156d4d814_18,documentation_external,https://gis.data.mn.gov/datasets/minnesota::tmax-fall-record-delta-contours-1,
475040854e4940f1a294069156d4d814_19,documentation_external,https://gis.data.mn.gov/datasets/minnesota::tmax-annual-record-delta-contours-1,
475040854e4940f1a294069156d4d814_2,documentation_external,https://gis.data.mn.gov/datasets/minnesota::tmin-spring-record-delta-contours-1,
475040854e4940f1a294069156d4d814_20,documentation_external,https://gis.data.mn.gov/datasets/minnesota::tave-winter-record-delta-contours-1,
475040854e4940f1a294069156d4d814_21,documentation_external,https://gis.data.mn.gov/datasets/minnesota::tave-summer-record-delta-contours-1,
475040854e4940f1a294069156d4d814_22,documentation_external,https://gis.data.mn.gov/datasets/minnesota::tave-spring-record-delta-contours-1,
475040854e4940f1a294069156d4d814_23,documentation_external,https://gis.data.mn.gov/datasets/minnesota::tave-norms-winter-1991-2020-contours-1,
475040854e4940f1a294069156d4d814_24,documentation_external,https://gis.data.mn.gov/datasets/minnesota::tave-norms-summer-1991-2020-contours-1,
475040854e4940f1a294069156d4d814_25,documentation_external,https://gis.data.mn.gov/datasets/minnesota::tave-norms-spring-1991-2020-contours-1,
475040854e4940f1a294069156d4d814_26,documentation_external,https://gis.data.mn.gov/datasets/minnesota::tave-norms-fall-1991-2020-contours-1,
475040854e4940f1a294069156d4d814_27,documentation_external,https://gis.data.mn.gov/datasets/minnesota::tave-norms-annual-1991-2020-contours-1,
475040854e4940f1a294069156d4d814_28,documentation_external,https://gis.data.mn.gov/datasets/minnesota::tave-fall-record-delta-contours-1,
475040854e4940f1a294069156d4d814_29,documentation_external,https://gis.data.mn.gov/datasets/minnesota::tave-annual-record-delta-contours-1,
475040854e4940f1a294069156d4d814_3,documentation_external,https://gis.data.mn.gov/datasets/minnesota::tmin-norms-winter-1991-2020-contours-1,
475040854e4940f1a294069156d4d814_30,documentation_external,https://gis.data.mn.gov/datasets/minnesota::prcp-winter-record-delta-contours-1,
475040854e4940f1a294069156d4d814_31,documentation_external,https://gis.data.mn.gov/datasets/minnesota::prcp-summer-record-delta-contours-1,
475040854e4940f1a294069156d4d814_32,documentation_external,https://gis.data.mn.gov/datasets/minnesota::prcp-spring-record-delta-contours-1,
475040854e4940f1a294069156d4d814_33,documentation_external,https://gis.data.mn.gov/datasets/minnesota::prcp-norms-winter-1991-2020-contours-1,
475040854e4940f1a294069156d4d814_34,documentation_external,https://gis.data.mn.gov/datasets/minnesota::prcp-norms-summer-1991-2020-contours-1,
475040854e4940f1a294069156d4d814_35,documentation_external,https://gis.data.mn.gov/datasets/minnesota::prcp-norms-spring-1991-2020-contours-1,
de8aeb026769412cb7e8e4ef581cef96_0,documentation_external,https://gis.data.mn.gov/datasets/minnesota::drinking-water-supply-management-area-dwsma,
6ae02e3aa4eb4a669273310f7007b554_3,documentation_external,https://gis.data.mn.gov/datasets/minnesota::crosswalk-2020-block-group-to-2010-block-group,
fe7af8e3fc584f868f58faf28a284ae5_10,documentation_external,https://gis.data.mn.gov/datasets/minnesota::impaired-lakes-partially-within-reservations-minnesota-2016,
475040854e4940f1a294069156d4d814_36,documentation_external,https://gis.data.mn.gov/datasets/minnesota::prcp-norms-fall-1991-2020-contours-1,
475040854e4940f1a294069156d4d814_37,documentation_external,https://gis.data.mn.gov/datasets/minnesota::prcp-norms-annual-1991-2020-contours-1,
475040854e4940f1a294069156d4d814_38,documentation_external,https://gis.data.mn.gov/datasets/minnesota::prcp-fall-record-delta-contours-1,
475040854e4940f1a294069156d4d814_39,documentation_external,https://gis.data.mn.gov/datasets/minnesota::prcp-annual-record-delta-contours-1,
475040854e4940f1a294069156d4d814_4,documentation_external,https://gis.data.mn.gov/datasets/minnesota::tmin-norms-summer-1991-2020-contours-1,
475040854e4940f1a294069156d4d814_40,documentation_external,https://gis.data.mn.gov/maps/minnesota::tmin-winter-record-delta-1,
475040854e4940f1a294069156d4d814_41,documentation_external,https://gis.data.mn.gov/maps/minnesota::tmin-summer-record-delta-1,
475040854e4940f1a294069156d4d814_42,documentation_external,https://gis.data.mn.gov/maps/minnesota::tmin-spring-record-delta-1,
475040854e4940f1a294069156d4d814_43,documentation_external,https://gis.data.mn.gov/maps/minnesota::tmin-norms-winter-1991-2020-1,
475040854e4940f1a294069156d4d814_44,documentation_external,https://gis.data.mn.gov/maps/minnesota::tmin-norms-summer-1991-2020-1,
475040854e4940f1a294069156d4d814_45,documentation_external,https://gis.data.mn.gov/maps/minnesota::tmin-norms-spring-1991-2020-1,
475040854e4940f1a294069156d4d814_46,documentation_external,https://gis.data.mn.gov/maps/minnesota::tmin-norms-fall-1991-2020-1,
475040854e4940f1a294069156d4d814_47,documentation_external,https://gis.data.mn.gov/maps/minnesota::tmin-norms-annual-1991-2020-1,
475040854e4940f1a294069156d4d814_48,documentation_external,https://gis.data.mn.gov/maps/minnesota::tmin-fall-record-delta-1,
475040854e4940f1a294069156d4d814_49,documentation_external,https://gis.data.mn.gov/maps/minnesota::tmin-annual-record-delta-1,
475040854e4940f1a294069156d4d814_5,documentation_external,https://gis.data.mn.gov/datasets/minnesota::tmin-norms-spring-1991-2020-contours-1,
475040854e4940f1a294069156d4d814_50,documentation_external,https://gis.data.mn.gov/maps/minnesota::tmax-winter-record-delta-1,
475040854e4940f1a294069156d4d814_51,documentation_external,https://gis.data.mn.gov/maps/minnesota::tmax-summer-record-delta-1,
475040854e4940f1a294069156d4d814_52,documentation_external,https://gis.data.mn.gov/maps/minnesota::tmax-spring-record-delta-1,
475040854e4940f1a294069156d4d814_53,documentation_external,https://gis.data.mn.gov/maps/minnesota::tmax-norms-winter-1991-2020-1,
475040854e4940f1a294069156d4d814_54,documentation_external,https://gis.data.mn.gov/maps/minnesota::tmax-norms-summer-1991-2020-1,
475040854e4940f1a294069156d4d814_55,documentation_external,https://gis.data.mn.gov/maps/minnesota::tmax-norms-spring-1991-2020-1,
475040854e4940f1a294069156d4d814_56,documentation_external,https://gis.data.mn.gov/maps/minnesota::tmax-norms-fall-1991-2020-1,
475040854e4940f1a294069156d4d814_57,documentation_external,https://gis.data.mn.gov/maps/minnesota::tmax-norms-annual-1991-2020-1,
de8aeb026769412cb7e8e4ef581cef96_1,documentation_external,https://gis.data.mn.gov/datasets/minnesota::drinking-water-supply-management-area-vulnerability,
6ae02e3aa4eb4a669273310f7007b554_4,documentation_external,https://gis.data.mn.gov/datasets/minnesota::crosswalk-2020-block-group-to-2020-counties-and-ctus,
fe7af8e3fc584f868f58faf28a284ae5_11,documentation_external,https://gis.data.mn.gov/datasets/minnesota::impaired-lakes-minnesota-2016,
475040854e4940f1a294069156d4d814_58,documentation_external,https://gis.data.mn.gov/maps/minnesota::tmax-fall-record-delta-1,
475040854e4940f1a294069156d4d814_59,documentation_external,https://gis.data.mn.gov/maps/minnesota::tmax-annual-record-delta-1,
475040854e4940f1a294069156d4d814_6,documentation_external,https://gis.data.mn.gov/datasets/minnesota::tmin-norms-fall-1991-2020-contours-1,
475040854e4940f1a294069156d4d814_60,documentation_external,https://gis.data.mn.gov/maps/minnesota::tave-winter-record-delta-1,
475040854e4940f1a294069156d4d814_61,documentation_external,https://gis.data.mn.gov/maps/minnesota::tave-summer-record-delta-1,
475040854e4940f1a294069156d4d814_62,documentation_external,https://gis.data.mn.gov/maps/minnesota::tave-spring-record-delta-1,
475040854e4940f1a294069156d4d814_63,documentation_external,https://gis.data.mn.gov/maps/minnesota::tave-norms-winter-1991-2020-1,
475040854e4940f1a294069156d4d814_64,documentation_external,https://gis.data.mn.gov/maps/minnesota::tave-norms-summer-1991-2020-1,
475040854e4940f1a294069156d4d814_65,documentation_external,https://gis.data.mn.gov/maps/minnesota::tave-norms-spring-1991-2020-1,
475040854e4940f1a294069156d4d814_66,documentation_external,https://gis.data.mn.gov/maps/minnesota::tave-norms-fall-1991-2020-1,
475040854e4940f1a294069156d4d814_67,documentation_external,https://gis.data.mn.gov/maps/minnesota::tave-norms-annual-1991-2020-1,
475040854e4940f1a294069156d4d814_68,documentation_external,https://gis.data.mn.gov/maps/minnesota::tave-fall-record-delta-1,
475040854e4940f1a294069156d4d814_69,documentation_external,https://gis.data.mn.gov/maps/minnesota::tave-annual-record-delta-1,
475040854e4940f1a294069156d4d814_7,documentation_external,https://gis.data.mn.gov/datasets/minnesota::tmin-norms-annual-1991-2020-contours-1,
475040854e4940f1a294069156d4d814_70,documentation_external,https://gis.data.mn.gov/maps/minnesota::prcp-winter-record-delta-1,
475040854e4940f1a294069156d4d814_71,documentation_external,https://gis.data.mn.gov/maps/minnesota::prcp-summer-record-delta-1,
475040854e4940f1a294069156d4d814_72,documentation_external,https://gis.data.mn.gov/maps/minnesota::prcp-spring-record-delta-1,
475040854e4940f1a294069156d4d814_73,documentation_external,https://gis.data.mn.gov/maps/minnesota::prcp-norms-winter-1991-2020-1,
475040854e4940f1a294069156d4d814_74,documentation_external,https://gis.data.mn.gov/maps/minnesota::prcp-norms-summer-1991-2020-1,
475040854e4940f1a294069156d4d814_75,documentation_external,https://gis.data.mn.gov/maps/minnesota::prcp-norms-spring-1991-2020-1,
475040854e4940f1a294069156d4d814_76,documentation_external,https://gis.data.mn.gov/maps/minnesota::prcp-norms-fall-1991-2020-1,
6ae02e3aa4eb4a669273310f7007b554_5,documentation_external,https://gis.data.mn.gov/datasets/minnesota::crosswalk-2020-block-to-2010-block,
fe7af8e3fc584f868f58faf28a284ae5_2,documentation_external,https://gis.data.mn.gov/datasets/minnesota::impaired-lakes-points-partially-within-reservations-minnesota-2016,
475040854e4940f1a294069156d4d814_77,documentation_external,https://gis.data.mn.gov/maps/minnesota::prcp-norms-annual-1991-2020-1,
475040854e4940f1a294069156d4d814_78,documentation_external,https://gis.data.mn.gov/maps/minnesota::prcp-fall-record-delta-1,
475040854e4940f1a294069156d4d814_79,documentation_external,https://gis.data.mn.gov/maps/minnesota::prcp-annual-record-delta-1,
475040854e4940f1a294069156d4d814_8,documentation_external,https://gis.data.mn.gov/datasets/minnesota::tmin-fall-record-delta-contours-1,
475040854e4940f1a294069156d4d814_9,documentation_external,https://gis.data.mn.gov/datasets/minnesota::tmin-annual-record-delta-contours-1,
439fa95550fc421b84973335fe21eb27_0,documentation_external,https://gis.data.mn.gov/datasets/minnesota::minnesota-boundary-1,
9010969c09b74d19a6af77b612eedb66_69,documentation_external,https://gis.data.mn.gov/datasets/DakotaCounty::property-subdivisions-dakota-county-minnesota,
21db0eb4def642bc84059e4a6a3eed14_0,documentation_external,https://gis.data.mn.gov/datasets/DakotaCounty::address-points-dakota-county-minnesota,
c359e11d9b824d3f9efe4318487cc841_41,documentation_external,https://gis.data.mn.gov/datasets/DakotaCounty::road-centerlines-streets-dakota-county-minnesota,
9785dd74842d4d7781be0fe7c0cbfe62_71,documentation_external,https://gis.data.mn.gov/datasets/DakotaCounty::tax-parcels-dakota-county-minnesota,
8159243e8b024922b3a2ea19b0c899dd_0,documentation_external,https://gis.data.mn.gov/datasets/minnesota::public-waters-watercourses-delineations-1,
8159243e8b024922b3a2ea19b0c899dd_1,documentation_external,https://gis.data.mn.gov/datasets/minnesota::public-waters-basin-delineations-1,
91b9fef7838540c58816b3e3551c25c8_0,documentation_external,https://gis.data.mn.gov/datasets/minnesota::est-base-flood-elevations-1,
91b9fef7838540c58816b3e3551c25c8_1,documentation_external,https://gis.data.mn.gov/datasets/minnesota::cross-sections-1,
91b9fef7838540c58816b3e3551c25c8_2,documentation_external,https://gis.data.mn.gov/datasets/minnesota::base-flood-elevations-1,
91b9fef7838540c58816b3e3551c25c8_3,documentation_external,https://gis.data.mn.gov/datasets/minnesota::panel-scheme-unmodernized-1,
6ae02e3aa4eb4a669273310f7007b554_6,documentation_external,https://gis.data.mn.gov/datasets/minnesota::crosswalk-2020-block-to-2020-counties-and-ctus,
fe7af8e3fc584f868f58faf28a284ae5_3,documentation_external,https://gis.data.mn.gov/datasets/minnesota::impaired-lakes-points-minnesota-2016,
91b9fef7838540c58816b3e3551c25c8_4,documentation_external,https://gis.data.mn.gov/datasets/minnesota::flood-hazard-zones-unmodernized-1,
91b9fef7838540c58816b3e3551c25c8_5,documentation_external,https://gis.data.mn.gov/datasets/minnesota::flood-hazard-zones-1,
91b9fef7838540c58816b3e3551c25c8_6,documentation_external,https://gis.data.mn.gov/datasets/minnesota::dfirm-panel-scheme-1,
91b9fef7838540c58816b3e3551c25c8_7,documentation_external,https://gis.data.mn.gov/datasets/minnesota::dfirm-lomr-1,
e21f9058e0504a99b118273c8a433b7d_0,documentation_external,https://gis.data.mn.gov/datasets/minnesota::inventory-of-dams-in-minnesota-1,
d31253eecfae4158a7c19c37b5fe4bdb_0,documentation_external,https://gis.data.mn.gov/datasets/minnesota::karst-feature-inventory-points-2,
d31253eecfae4158a7c19c37b5fe4bdb_1,documentation_external,https://gis.data.mn.gov/datasets/minnesota::remarks-2,
d31253eecfae4158a7c19c37b5fe4bdb_2,documentation_external,https://gis.data.mn.gov/datasets/minnesota::sinkhole-measurements-2,
89297213073247bc84a58dfdd6fe5ca6_0,documentation_external,https://gis.data.mn.gov/datasets/minnesota::wildfires-tracked-by-minnesota-dnr-1,
91d8ff04ca1e4f24b1849abba8d1d7db_0,documentation_external,https://gis.data.mn.gov/datasets/minnesota::terrestrial-invasive-species-worms-pt-1,
91d8ff04ca1e4f24b1849abba8d1d7db_1,documentation_external,https://gis.data.mn.gov/datasets/minnesota::terrestrial-invasive-species-plants-pt-1,
91d8ff04ca1e4f24b1849abba8d1d7db_10,documentation_external,https://gis.data.mn.gov/datasets/minnesota::terrestrial-invasive-species-plants-py-1,
91d8ff04ca1e4f24b1849abba8d1d7db_11,documentation_external,https://gis.data.mn.gov/datasets/minnesota::terrestrial-invasive-species-observations-py-1,
91d8ff04ca1e4f24b1849abba8d1d7db_12,documentation_external,https://gis.data.mn.gov/datasets/minnesota::terrestrial-invasive-species-insects-py-1,
91d8ff04ca1e4f24b1849abba8d1d7db_13,documentation_external,https://gis.data.mn.gov/datasets/minnesota::terrestrial-invasive-species-diseases-py-1,
91d8ff04ca1e4f24b1849abba8d1d7db_2,documentation_external,https://gis.data.mn.gov/datasets/minnesota::terrestrial-invasive-species-observations-pt-1,
91d8ff04ca1e4f24b1849abba8d1d7db_3,documentation_external,https://gis.data.mn.gov/datasets/minnesota::terrestrial-invasive-species-insects-pt-1,
91d8ff04ca1e4f24b1849abba8d1d7db_4,documentation_external,https://gis.data.mn.gov/datasets/minnesota::terrestrial-invasive-species-diseases-pt-1,
91d8ff04ca1e4f24b1849abba8d1d7db_5,documentation_external,https://gis.data.mn.gov/datasets/minnesota::terrestrial-invasive-species-animals-pt-1,
91d8ff04ca1e4f24b1849abba8d1d7db_6,documentation_external,https://gis.data.mn.gov/datasets/minnesota::terrestrial-invasive-species-plants-ln-1,
6ae02e3aa4eb4a669273310f7007b554_7,documentation_external,https://gis.data.mn.gov/datasets/minnesota::crosswalk-2020-tract-to-2010-tract,
fe7af8e3fc584f868f58faf28a284ae5_4,documentation_external,https://gis.data.mn.gov/datasets/minnesota::impaired-streams-wholly-within-reservations-minnesota-2016,
91d8ff04ca1e4f24b1849abba8d1d7db_7,documentation_external,https://gis.data.mn.gov/datasets/minnesota::terrestrial-invasive-species-observations-ln-1,
91d8ff04ca1e4f24b1849abba8d1d7db_8,documentation_external,https://gis.data.mn.gov/datasets/minnesota::terrestrial-invasive-species-insects-ln-1,
91d8ff04ca1e4f24b1849abba8d1d7db_9,documentation_external,https://gis.data.mn.gov/datasets/minnesota::terrestrial-invasive-species-worms-py-1,
caf847f24e0548d486ad744b488188c9_0,documentation_external,https://gis.data.mn.gov/datasets/minnesota::aquatic-invasive-species-plants-pt-1,
caf847f24e0548d486ad744b488188c9_1,documentation_external,https://gis.data.mn.gov/datasets/minnesota::aquatic-invasive-species-observations-pt-1,
caf847f24e0548d486ad744b488188c9_2,documentation_external,https://gis.data.mn.gov/datasets/minnesota::aquatic-invasive-species-diseases-pt-1,
caf847f24e0548d486ad744b488188c9_3,documentation_external,https://gis.data.mn.gov/datasets/minnesota::aquatic-invasive-species-animals-pt-1,
caf847f24e0548d486ad744b488188c9_4,documentation_external,https://gis.data.mn.gov/datasets/minnesota::aquatic-invasive-species-plants-ln-1,
caf847f24e0548d486ad744b488188c9_5,documentation_external,https://gis.data.mn.gov/datasets/minnesota::aquatic-invasive-species-observations-ln-1,
caf847f24e0548d486ad744b488188c9_6,documentation_external,https://gis.data.mn.gov/datasets/minnesota::aquatic-invasive-species-animals-ln-1,
caf847f24e0548d486ad744b488188c9_7,documentation_external,https://gis.data.mn.gov/datasets/minnesota::aquatic-invasive-species-plants-py-1,
caf847f24e0548d486ad744b488188c9_8,documentation_external,https://gis.data.mn.gov/datasets/minnesota::aquatic-invasive-species-observations-py-1,
6ae02e3aa4eb4a669273310f7007b554_8,documentation_external,https://gis.data.mn.gov/datasets/minnesota::crosswalk-2020-tract-to-2020-counties-and-ctus,
c4cc41295c49483eb818bc9a493f4766_0,documentation_external,https://gis.data.mn.gov/datasets/mndot::street-names-in-minnesota,
774310298d3e42ddbaef35c4eb6608d1_0,documentation_external,https://gis.data.mn.gov/datasets/mndot::statutory-routes-in-minnesota,
d1f0e952a71744fd9d8dbb422914b4b6_0,documentation_external,https://gis.data.mn.gov/datasets/mndot::state-aid-routes-in-minnesota,
a5201776c89e4382a831f3084939fd45_3,documentation_external,https://gis.data.mn.gov/datasets/minnesota::regional-bikeway-system-inventory,
7b979ffa58224b169cb8f957f775558f_4,documentation_external,https://gis.data.mn.gov/datasets/minnesota::regional-bicycle-barriers-crossing-improvements-areas,
3bf24fda3ca34002b8748e5343b0bdf0_0,documentation_external,https://gis.data.mn.gov/datasets/minnesota::regional-bicycle-barriers,
4dde06c524844bb69e091b9b7e9f45dc_0,documentation_external,https://gis.data.mn.gov/datasets/mndot::shoulder-unpaved-left-in-minnesota,
4240b78f99c64d4c962032a9bcc43425_0,documentation_external,https://gis.data.mn.gov/datasets/mndot::shoulder-paved-left-in-minnesota,
afddf9d4a09847bf8c5948982b342439_0,documentation_external,https://gis.data.mn.gov/datasets/mndot::shoulder-paved-right-in-minnesota,
fe7af8e3fc584f868f58faf28a284ae5_5,documentation_external,https://gis.data.mn.gov/datasets/minnesota::impaired-streams-partially-within-reservations-minnesota-2016,
82b97e4746934c41a61c173d56ce43f0_0,documentation_external,https://gis.data.mn.gov/datasets/mndot::roadway-surface-material-in-minnesota,
21ad3dce436f43fbb81ccbda1ea97629_0,documentation_external,https://gis.data.mn.gov/datasets/mndot::roundabouts-in-minnesota,
0312b408dce547e488af5f96fe5dcf65_0,documentation_external,https://gis.data.mn.gov/datasets/mndot::parking-right-side-in-minnesota,
3e1b8848022d487f85f1a62af8de83e1_0,documentation_external,https://gis.data.mn.gov/datasets/mndot::parking-left-side-in-minnesota,
4b3fadb78a404aec99b4ef8dc057770a_0,documentation_external,https://gis.data.mn.gov/datasets/mndot::primary-routes-in-minnesota,
dd3c8b62a23b4034ade4be5d21faaf22_0,documentation_external,https://gis.data.mn.gov/datasets/mndot::mndot-winter-maintenance-subdistricts,
a7eed6bd8a24474ba340a31e49891bbc_0,documentation_external,https://gis.data.mn.gov/datasets/mndot::mndot-winter-maintenance-subareas,
d0a7599e9d5e48a1b7f208d16b578c97_0,documentation_external,https://gis.data.mn.gov/datasets/mndot::mndot-summer-maintenance-subareas,
924fddcfe1c94cfd8ad12d7f7ba78da4_0,documentation_external,https://gis.data.mn.gov/datasets/mndot::mndot-summer-maintenance-subdistricts,
f43eb977f2d94b0ea09a48560601e2ec_50,documentation_external,https://gis.data.mn.gov/datasets/DakotaCounty::buildings-dakota-county-minnesota,
fb6168c4078e4f61bccb69fa4b702afb_0,documentation_external,https://gis.data.mn.gov/datasets/mndot::mndot-roadway-routes-in-minnesota,
50d0361beeb941388ac5bb8622f1dd7c_0,documentation_external,https://gis.data.mn.gov/datasets/mndot::mndot-control-sections,
0bb81f4c333340869c06ba51bc93e0f9_0,documentation_external,https://gis.data.mn.gov/datasets/mndot::jurisdiction-lookup-for-minnesota,
8de949297c694b9596934167bcc966ff_0,documentation_external,https://gis.data.mn.gov/datasets/mndot::medians-in-minnesota,
124e7800617c42feb30432fb7d60d486_0,documentation_external,https://gis.data.mn.gov/datasets/mndot::memorial-routes-in-minnesota,
039b90caac6c4b84be1ec78f8b03e7e2_0,documentation_external,https://gis.data.mn.gov/datasets/mndot::mndot-construction-district-boundaries,
918c58ec22ec400f8ff03bb4c0ece4af_0,documentation_external,https://gis.data.mn.gov/datasets/mndot::highway-reference-posts-in-minnesota,
3e4273117efd428796ad311a2178caee_0,documentation_external,https://gis.data.mn.gov/datasets/mndot::curbs-in-minnesota,
fe7af8e3fc584f868f58faf28a284ae5_6,documentation_external,https://gis.data.mn.gov/datasets/minnesota::impaired-streams-minnesota-2016,
113c66da1d374bf489267745e0720221_0,documentation_external,https://gis.data.mn.gov/datasets/mndot::coincident-routes-in-minnesota,
ada7d5c6a73e4eba9f9984915f24506c_0,documentation_external,https://gis.data.mn.gov/datasets/mndot::additional-lanes-right-side-in-minnesota,
bc50aaf9f06149e9ab2d52d581370e63_0,documentation_external,https://gis.data.mn.gov/datasets/mndot::additional-lanes-left-side-in-minnesota,
c5ef350f4dc3456db09f5aca8e8afb3b_0,documentation_external,https://gis.data.mn.gov/datasets/mndot::toll-roads-in-minnesota-1,
989e33190dad45cebea971106c2b4551_0,documentation_external,https://gis.data.mn.gov/datasets/mndot::traffic-access-control-in-minnesota,
0da569b08c9e4caeadea2ac174bbd9a5_0,documentation_external,https://gis.data.mn.gov/datasets/mndot::roadway-weather-information-sites-in-minnesota,
baa61669bfb1471492b9e95962ca92d4_0,documentation_external,https://gis.data.mn.gov/datasets/mndot::state-aid-designated-nonexistent-routes-in-minnesota-1,
42923bcddafe4909b4eed0a03dea893a_0,documentation_external,https://gis.data.mn.gov/datasets/mndot::annual-average-daily-traffic-segments-current-in-minnesota-1,
1f76b5d407cb442994bc57a636de07f4_0,documentation_external,https://gis.data.mn.gov/datasets/mndot::national-truck-network-in-minnesota,
7382aa57b0d0471da6a34929ff445253_0,documentation_external,https://gis.data.mn.gov/datasets/mndot::roadway-facility-types-in-minnesota,
e059ccb81dcc440ab1b3733e19060b3e_0,documentation_external,https://gis.data.mn.gov/datasets/mndot::regional-development-organization-in-minnesota,
6d6ae6c4dfe1407fa0efc914c12895e7_0,documentation_external,https://gis.data.mn.gov/datasets/mndot::national-highway-system-in-minnesota,
bca87a397c794879a0663b2b290c1133_0,documentation_external,https://gis.data.mn.gov/datasets/fillmoreco::fillmore-county-mn-parcels,
f9e32539acb94053a9c172e95fca5fa8_0,documentation_external,https://gis.data.mn.gov/datasets/mndot::mndot-facilities,
9b8a7a723a49403d95ceb1fc2f70b292_0,documentation_external,https://gis.data.mn.gov/datasets/mndot::metro-planning-area-boundaries-in-minnesota,
e3e95e64d5a4452aab998c3a94eb2e8f_0,documentation_external,https://gis.data.mn.gov/datasets/mndot::high-occupancy-vehicle-lanes-in-minnesota,
43e0c7618c534fe5a1f5cd3378194f4d_0,documentation_external,https://gis.data.mn.gov/datasets/mndot::federal-functional-class-in-minnesota,
f53af12d8b144f1d9f198e33b73acf13_0,documentation_external,https://gis.data.mn.gov/datasets/mndot::federal-urban-area-codes-in-minnesota,
ac3bb27d04fb45bfaecf62ee36614c4d_0,documentation_external,https://gis.data.mn.gov/datasets/mndot::city-boundaries-in-minnesota,
d204aeb1d3b4431a8b468b6b14908397_0,documentation_external,https://gis.data.mn.gov/datasets/mndot::federal-adjusted-urban-area-boundaries-in-minnesota,
ab5055c738bd41318a47ba1837e9eb30_0,documentation_external,https://gis.data.mn.gov/datasets/mndot::area-transportation-partnership-boundaries-in-minnesota,
182b48fd464544f188160d9063aa659b_0,documentation_external,https://gis.data.mn.gov/datasets/mndot::bridges-in-minnesota,
3e3cd8fea2b14f248913e44c83e24f2d,documentation_external,https://gis.data.mn.gov/datasets/minnesota::douglas-county-work-unit-hydro-flattened-bare-earth-dem,
fe7af8e3fc584f868f58faf28a284ae5_7,documentation_external,https://gis.data.mn.gov/datasets/minnesota::impaired-beaches-minnesota-2016,
198169ca920c4cd0bd51a3a1f81883a7,documentation_external,https://gis.data.mn.gov/datasets/minnesota::red-river-work-unit-2-hydro-flattened-bare-earth-dem,
a348d5cb9d3b49a1bccc2560730d4cbe_0,documentation_external,https://gis.data.mn.gov/datasets/mndot::airport-influence-areas-in-minnesota,
a60212250c3546a6a433ac9d18944f59_0,documentation_external,https://gis.data.mn.gov/datasets/mndot::airport-runways-in-minnesota,
78396485950d42ea99bd7e1f4e26a1b8,documentation_external,https://gis.data.mn.gov/datasets/minnesota::red-river-work-unit-4-hydro-flattened-bare-earth-dem,
61d67f7b8fd94fd68b06679a45dfb145,documentation_external,https://gis.data.mn.gov/datasets/minnesota::red-river-work-unit-1-hydro-flattened-bare-earth-dem,
9529e8e3843941809e4b3c31e9a97f5d,documentation_external,https://gis.data.mn.gov/datasets/minnesota::red-river-work-unit-3-hydro-flattened-bare-earth-dem,
5a50e7c816044ff2843bc5c318b5123a,documentation_external,https://gis.data.mn.gov/datasets/minnesota::central-mississippi-river-work-unit-1-hydro-flattened-bare-earth-dem,
8a017ba1148f488cb2c7cf8330764d5b_0,documentation_external,https://gis.data.mn.gov/datasets/mndot::historic-heavy-commercial-annual-average-daily-traffic-in-minnesota,
f3e04d902eeb45ee90a7c6da04a4d718_0,documentation_external,https://gis.data.mn.gov/datasets/mndot::historic-annual-average-daily-traffic-in-minnesota,
223c1fe1cdb74668910c0568660bf7a8_0,documentation_external,https://gis.data.mn.gov/datasets/mndot::airports-in-minnesota,
7e6ab49c68094f12afa2deb5094461f4_1,documentation_external,https://gis.data.mn.gov/datasets/minnesota::agricultural-preserves-2023-3,
7e1dc13aa91242aea8746a37a793c6dd_0,documentation_external,https://gis.data.mn.gov/datasets/minnesota::drainage-centerlines-12,
7e1dc13aa91242aea8746a37a793c6dd_1,documentation_external,https://gis.data.mn.gov/datasets/minnesota::ditchshed-4,
7e1dc13aa91242aea8746a37a793c6dd_2,documentation_external,https://gis.data.mn.gov/datasets/minnesota::drainage-authorities-9,
7e1dc13aa91242aea8746a37a793c6dd_3,documentation_external,https://gis.data.mn.gov/datasets/minnesota::systems-9,
0fa7cdfb27fc4d2f89dc1418e3634541_0,documentation_external,https://gis.data.mn.gov/datasets/minnesota::historic-landslide-points,
0fa7cdfb27fc4d2f89dc1418e3634541_1,documentation_external,https://gis.data.mn.gov/datasets/minnesota::scarps-lines,
0fa7cdfb27fc4d2f89dc1418e3634541_2,documentation_external,https://gis.data.mn.gov/datasets/minnesota::deposits-polygons,
0fa7cdfb27fc4d2f89dc1418e3634541_3,documentation_external,https://gis.data.mn.gov/datasets/minnesota::headscarp-flanks-polygons,
0fa7cdfb27fc4d2f89dc1418e3634541_4,documentation_external,https://gis.data.mn.gov/datasets/minnesota::mappingareas,
0fa7cdfb27fc4d2f89dc1418e3634541_5,documentation_external,https://gis.data.mn.gov/datasets/minnesota::slide-properties,
7165bef203de488bb45a6fc233e3ded8_0,documentation_external,https://gis.data.mn.gov/datasets/WasecaCounty::waseca-county-parcels,
557c02d3b50042dd9fda6a9f8424052a_0,documentation_external,https://gis.data.mn.gov/datasets/minnesota::address-points,
136b28bd0d874076b702ca55b9aafffc_0,documentation_external,https://gis.data.mn.gov/datasets/minnesota::anoka-county-parcels-2,
136b28bd0d874076b702ca55b9aafffc_1,documentation_external,https://gis.data.mn.gov/datasets/minnesota::carver-county-parcels-2,
136b28bd0d874076b702ca55b9aafffc_2,documentation_external,https://gis.data.mn.gov/datasets/minnesota::dakota-county-parcels-2,
fe7af8e3fc584f868f58faf28a284ae5_8,documentation_external,https://gis.data.mn.gov/datasets/minnesota::impaired-wetlands-minnesota-2016,
136b28bd0d874076b702ca55b9aafffc_3,documentation_external,https://gis.data.mn.gov/datasets/minnesota::hennepin-county-parcels-2,
136b28bd0d874076b702ca55b9aafffc_4,documentation_external,https://gis.data.mn.gov/datasets/minnesota::ramsey-county-parcels-2,
136b28bd0d874076b702ca55b9aafffc_5,documentation_external,https://gis.data.mn.gov/datasets/minnesota::scott-county-parcels-2,
136b28bd0d874076b702ca55b9aafffc_6,documentation_external,https://gis.data.mn.gov/datasets/minnesota::washington-county-parcels-2,
27d9f56cfec6454688110d08ae6826a0_0,documentation_external,https://gis.data.mn.gov/datasets/minnesota::anoka-county-parcels-5,
27d9f56cfec6454688110d08ae6826a0_1,documentation_external,https://gis.data.mn.gov/datasets/minnesota::carver-county-parcels-5,
27d9f56cfec6454688110d08ae6826a0_2,documentation_external,https://gis.data.mn.gov/datasets/minnesota::dakota-county-parcels-5,
fe7af8e3fc584f868f58faf28a284ae5_9,documentation_external,https://gis.data.mn.gov/datasets/minnesota::impaired-lakes-wholly-within-reservations-minnesota-2016,
8704715f6f0d492385c8eafa33edeb5d_0,documentation_external,https://gis.data.mn.gov/datasets/minnesota::impaired-wetlands-points-minnesota-2014-final,
8704715f6f0d492385c8eafa33edeb5d_1,documentation_external,https://gis.data.mn.gov/datasets/minnesota::impaired-lakes-points-minnesota-2014-final,
8704715f6f0d492385c8eafa33edeb5d_2,documentation_external,https://gis.data.mn.gov/datasets/minnesota::impaired-streams-minnesota-2014-final,
8704715f6f0d492385c8eafa33edeb5d_3,documentation_external,https://gis.data.mn.gov/datasets/minnesota::impaired-2014-beaches,
8704715f6f0d492385c8eafa33edeb5d_4,documentation_external,https://gis.data.mn.gov/datasets/minnesota::impaired-wetlands-minnesota-2014-final,
8704715f6f0d492385c8eafa33edeb5d_5,documentation_external,https://gis.data.mn.gov/datasets/minnesota::impaired-lakes-minnesota-2014-final,
5434b8ee63a548de8ef253d07e5c2a35_0,documentation_external,https://gis.data.mn.gov/datasets/minnesota::impaired-streams-2012,
9f0c08307ce14c8fb23dec156e71854f_0,documentation_external,https://gis.data.mn.gov/datasets/minnesota::env-impaired-lakes-2012-pts,
9f0c08307ce14c8fb23dec156e71854f_1,documentation_external,https://gis.data.mn.gov/datasets/minnesota::env-impaired-lakes-2012,
e1a52ed4955946399bccbb16c6f24d53_0,documentation_external,https://gis.data.mn.gov/datasets/minnesota::env-impaired-lakes-pts,
e1a52ed4955946399bccbb16c6f24d53_1,documentation_external,https://gis.data.mn.gov/datasets/minnesota::env-impaired-2010-lakes,
ae5acd1baae3433390320d7cf1b7d038_0,documentation_external,https://gis.data.mn.gov/datasets/minnesota::mpca-feedlot-program-vulnerable-groundwater-areas,
b27b9c736d74425e8e44f0e360c22567_0,documentation_external,https://gis.data.mn.gov/datasets/minnesota::mpca-environmental-justice-areas-1,
b27b9c736d74425e8e44f0e360c22567_1,documentation_external,https://gis.data.mn.gov/datasets/minnesota::mpca-census-tribal-areas-1,
82b24f41e4da45ecae257e961eb787c0_1,documentation_external,https://gis.data.mn.gov/datasets/82b24f41e4da45ecae257e961eb787c0_1,
82b24f41e4da45ecae257e961eb787c0_2,documentation_external,https://gis.data.mn.gov/datasets/82b24f41e4da45ecae257e961eb787c0_2,
72162081e03b4ccca9cddd44cbed2dbf_0,documentation_external,https://gis.data.mn.gov/datasets/minnesota::clp-wastefootprint,
72162081e03b4ccca9cddd44cbed2dbf_1,documentation_external,https://gis.data.mn.gov/datasets/minnesota::clp-mowingarea,
72162081e03b4ccca9cddd44cbed2dbf_2,documentation_external,https://gis.data.mn.gov/datasets/minnesota::clp-landmanagementarea,
72162081e03b4ccca9cddd44cbed2dbf_3,documentation_external,https://gis.data.mn.gov/datasets/minnesota::clp-mowingnotes,
afc3957e9c784a6cab13370f17be8ad7_0,documentation_external,https://gis.data.mn.gov/datasets/minnesota::env-assessed-wetlands-2012-pts,
afc3957e9c784a6cab13370f17be8ad7_1,documentation_external,https://gis.data.mn.gov/datasets/minnesota::env-assessed-wetlands-2012,
1d559f4e7ab34c45a41aba3f7faa22ef_0,documentation_external,https://gis.data.mn.gov/datasets/minnesota::2010-wetland-assessments,
220692cbd6ba43d299fa60a0f8ef5df5_0,documentation_external,https://gis.data.mn.gov/datasets/minnesota::assessed-wetlands-points-minnesota-draft-2026,
220692cbd6ba43d299fa60a0f8ef5df5_1,documentation_external,https://gis.data.mn.gov/datasets/minnesota::assessed-lakes-points-minnesota-draft-2026,
220692cbd6ba43d299fa60a0f8ef5df5_2,documentation_external,https://gis.data.mn.gov/datasets/minnesota::assessed-streams-minnesota-draft-2026,
220692cbd6ba43d299fa60a0f8ef5df5_3,documentation_external,https://gis.data.mn.gov/datasets/minnesota::assessed-beaches-minnesota-draft-2026,
220692cbd6ba43d299fa60a0f8ef5df5_4,documentation_external,https://gis.data.mn.gov/datasets/minnesota::assessed-wetlands-minnesota-draft-2026,
220692cbd6ba43d299fa60a0f8ef5df5_5,documentation_external,https://gis.data.mn.gov/datasets/minnesota::assessed-lakes-minnesota-draft-2026,
cbda80aab4d84ee58e8c4d7010ad6c7e_0,documentation_external,https://gis.data.mn.gov/datasets/minnesota::assessed-wetlands-points-minnesota-2024-1,
cbda80aab4d84ee58e8c4d7010ad6c7e_1,documentation_external,https://gis.data.mn.gov/datasets/minnesota::assessed-lakes-points-minnesota-2024-1,
cbda80aab4d84ee58e8c4d7010ad6c7e_2,documentation_external,https://gis.data.mn.gov/datasets/minnesota::assessed-streams-minnesota-2024-1,
cbda80aab4d84ee58e8c4d7010ad6c7e_3,documentation_external,https://gis.data.mn.gov/datasets/minnesota::assessed-beaches-minnesota-2024-1,
cbda80aab4d84ee58e8c4d7010ad6c7e_4,documentation_external,https://gis.data.mn.gov/datasets/minnesota::assessed-wetlands-minnesota-2024-1,
cbda80aab4d84ee58e8c4d7010ad6c7e_5,documentation_external,https://gis.data.mn.gov/datasets/minnesota::assessed-lakes-minnesota-2024-1,
6162bf1e3145488fa25f69b50ed84944_0,documentation_external,https://gis.data.mn.gov/datasets/minnesota::assessed-2022-wetlands-points-1,
6162bf1e3145488fa25f69b50ed84944_1,documentation_external,https://gis.data.mn.gov/datasets/minnesota::assessed-2022-lakes-points-1,
6162bf1e3145488fa25f69b50ed84944_2,documentation_external,https://gis.data.mn.gov/datasets/minnesota::assessed-2022-streams-1,
6162bf1e3145488fa25f69b50ed84944_3,documentation_external,https://gis.data.mn.gov/datasets/minnesota::assessed-2022-beaches-1,
6162bf1e3145488fa25f69b50ed84944_4,documentation_external,https://gis.data.mn.gov/datasets/minnesota::assessed-2022-wetlands-1,
6162bf1e3145488fa25f69b50ed84944_5,documentation_external,https://gis.data.mn.gov/datasets/minnesota::assessed-2022-lakes-1,
5a003821845e49e5bdeedbb0e5db7162_0,documentation_external,https://gis.data.mn.gov/datasets/minnesota::assessed-wetlands-points-minnesota-2020-1,
5a003821845e49e5bdeedbb0e5db7162_1,documentation_external,https://gis.data.mn.gov/datasets/minnesota::assessed-lakes-points-minnesota-2020-1,
5a003821845e49e5bdeedbb0e5db7162_2,documentation_external,https://gis.data.mn.gov/datasets/minnesota::assessed-streams-minnesota-2020-1,
5a003821845e49e5bdeedbb0e5db7162_3,documentation_external,https://gis.data.mn.gov/datasets/minnesota::assessed-beaches-minnesota-2020-1,
5a003821845e49e5bdeedbb0e5db7162_4,documentation_external,https://gis.data.mn.gov/datasets/minnesota::assessed-wetlands-minnesota-2020-1,
5a003821845e49e5bdeedbb0e5db7162_5,documentation_external,https://gis.data.mn.gov/datasets/minnesota::assessed-lakes-minnesota-2020-1,
3b1cfcd58ee74c76ac1b815de24d722c_0,documentation_external,https://gis.data.mn.gov/datasets/minnesota::assessed-wetlands-points-minnesota-2018-1,
3b1cfcd58ee74c76ac1b815de24d722c_1,documentation_external,https://gis.data.mn.gov/datasets/minnesota::assessed-lakes-points-minnesota-2018-1,
3b1cfcd58ee74c76ac1b815de24d722c_2,documentation_external,https://gis.data.mn.gov/datasets/minnesota::assessed-streams-minnesota-2018-1,
3b1cfcd58ee74c76ac1b815de24d722c_3,documentation_external,https://gis.data.mn.gov/datasets/minnesota::assessed-beaches-minnesota-2018-1,
3b1cfcd58ee74c76ac1b815de24d722c_4,documentation_external,https://gis.data.mn.gov/datasets/minnesota::assessed-wetlands-minnesota-2018-1,
3b1cfcd58ee74c76ac1b815de24d722c_5,documentation_external,https://gis.data.mn.gov/datasets/minnesota::assessed-lakes-minnesota-2018-1,
a37d5c3926144ba496c3ecc721ac61fa_0,documentation_external,https://gis.data.mn.gov/datasets/minnesota::2012-assessed-streams,
ba84fe85a9ae45c7ad7b3b079fa565b7_0,documentation_external,https://gis.data.mn.gov/datasets/minnesota::2010-stream-assessments,
de07e486418f47d3a7c4f77026815df0_0,documentation_external,https://gis.data.mn.gov/datasets/minnesota::env-assessed-lakes-2012-pts-1,
de07e486418f47d3a7c4f77026815df0_1,documentation_external,https://gis.data.mn.gov/datasets/minnesota::env-assessed-lakes-2012-1,
4573853ed1244a7f9b3081d1425d1198_0,documentation_external,https://gis.data.mn.gov/datasets/minnesota::2010-lake-assessments-1,
a334160bc9794ac791c6c14407348738_0,documentation_external,https://gis.data.mn.gov/datasets/minnesota::u-s-wind-turbine-database-minnesota-and-national-1,
bbc0be7fd6594623a9d3f03294bbe8a9_0,documentation_external,https://gis.data.mn.gov/datasets/minnesota::telephone-exchange-service-area-boundaries-minnesota-1,
f1b545bcc02f42fcb9b9eada85c32494_0,documentation_external,https://gis.data.mn.gov/datasets/minnesota::electric-utility-service-areas-minnesota-january-2026-1,
515028a0cb3a42e0b6470b2af035121c_0,documentation_external,https://gis.data.mn.gov/datasets/minnesota::trans-road-centerlines-open-1,
515028a0cb3a42e0b6470b2af035121c_1,documentation_external,https://gis.data.mn.gov/datasets/minnesota::trans-road-centerlines-open-metadata-1,
3deae54c24114f2bb59287c1498e9e44_0,documentation_external,https://gis.data.mn.gov/datasets/minnesota::correctional-facilities-in-minnesota-1,
d09e8539ef224100aefe716c812d1d8d,documentation_external,https://gis.data.mn.gov/datasets/minnesota::public-lands-minnesota-1983-1,
69148d3959194a05a23964cc60f6517b_0,documentation_external,https://gis.data.mn.gov/datasets/minnesota::plan-parcels-open-metadata-2,
69148d3959194a05a23964cc60f6517b_1,documentation_external,https://gis.data.mn.gov/datasets/minnesota::plan-parcels-open-2,
e291df8ece734baba9a58f43911b94a2_0,documentation_external,https://gis.data.mn.gov/datasets/minnesota::polytopoint-1,
e291df8ece734baba9a58f43911b94a2_1,documentation_external,https://gis.data.mn.gov/datasets/minnesota::city-and-township-population-centers-1,
a2411dfe6ab34975b9de7e119963d639_0,documentation_external,https://gis.data.mn.gov/datasets/minnesota::minnesota-3dgeo-500-meter-tile-index-1,
93ef82996330439bbb2c6113664f3362_0,documentation_external,https://gis.data.mn.gov/datasets/minnesota::minnesota-3dgeo-1000-meter-tile-index-1,
c9a9b12194c84cafac058ba8a9ca9e02_0,documentation_external,https://gis.data.mn.gov/datasets/minnesota::geographic-names-minnesota-1,
56cea28c38114c3e9f772e2f72eab35e_0,documentation_external,https://gis.data.mn.gov/datasets/minnesota::address-locations-plus-zip4-opt-in-open-counties-minnesota-1,
39e1d5e08885476c82adcad9896681b6_0,documentation_external,https://gis.data.mn.gov/datasets/minnesota::loc-addresses-open-1,
39e1d5e08885476c82adcad9896681b6_1,documentation_external,https://gis.data.mn.gov/datasets/minnesota::loc-addresses-open-metadata-1,
a18a475e17dd458e86388183e1db4aa8_0,documentation_external,https://gis.data.mn.gov/datasets/minnesota::minnesota-licensed-nursing-and-boarding-care-homes,
2396668679a640788852c916fdae6045_0,documentation_external,https://gis.data.mn.gov/datasets/minnesota::family-and-child-care-centers-minnesota-1,
798b1b7aa2074f4a976d9a7c763f20d2_0,documentation_external,https://gis.data.mn.gov/datasets/minnesota::zip-code-tabulation-areas-5-digit-zcta5-minnesota-2020-1,
09b810c5499841a8b89ecdbef7229386_0,documentation_external,https://gis.data.mn.gov/datasets/minnesota::regional-development-organizations-1,
0510237911a14af8a51debd139586bab_0,documentation_external,https://gis.data.mn.gov/datasets/minnesota::pubschool-districtcenters-2008-09,
0510237911a14af8a51debd139586bab_1,documentation_external,https://gis.data.mn.gov/datasets/minnesota::pubschool-districtcenters-2007-08,
0510237911a14af8a51debd139586bab_2,documentation_external,https://gis.data.mn.gov/datasets/minnesota::pubschool-districtcenters-2006-07,
ce1a06d6b8384408bdc7687b6f0f86e9_0,documentation_external,https://gis.data.mn.gov/datasets/minnesota::school-program-locations-minnesota-sy2025-26,
b8a11a94b9cc420ca6c9d8bcce3b1b83_0,documentation_external,https://gis.data.mn.gov/datasets/minnesota::public-school-buildings-in-minnesota,
c292b5072a644c999d38054205937304_0,documentation_external,https://gis.data.mn.gov/datasets/minnesota::pub-school-program-locs-2008-09,
c292b5072a644c999d38054205937304_1,documentation_external,https://gis.data.mn.gov/datasets/minnesota::pub-school-program-locs-2007-08,
c292b5072a644c999d38054205937304_2,documentation_external,https://gis.data.mn.gov/datasets/minnesota::pub-school-program-locs-2006-07,
c292b5072a644c999d38054205937304_3,documentation_external,https://gis.data.mn.gov/datasets/minnesota::pub-school-program-locs-2005-06,
c292b5072a644c999d38054205937304_4,documentation_external,https://gis.data.mn.gov/datasets/minnesota::pub-school-program-locs-2004-05,
c292b5072a644c999d38054205937304_5,documentation_external,https://gis.data.mn.gov/datasets/minnesota::pub-school-program-locs-2003-04,
c292b5072a644c999d38054205937304_6,documentation_external,https://gis.data.mn.gov/datasets/minnesota::pub-school-program-locs-2002-03,
fc3c51831631403792c621994cd7e967_0,documentation_external,https://gis.data.mn.gov/datasets/minnesota::nonpub-school-program-locs-2008-09,
fc3c51831631403792c621994cd7e967_1,documentation_external,https://gis.data.mn.gov/datasets/minnesota::nonpub-school-program-locs-2007-08,
fc3c51831631403792c621994cd7e967_2,documentation_external,https://gis.data.mn.gov/datasets/minnesota::nonpub-school-program-locs-2006-07,
73308a41e24348efaa2dc9e448606d39_0,documentation_external,https://gis.data.mn.gov/datasets/minnesota::shallowbedrock,
b69e16f09cea4d1a95ec129f1d1ac300_0,documentation_external,https://gis.data.mn.gov/datasets/minnesota::cover-crop-residue-huc12,
caf847f24e0548d486ad744b488188c9_9,documentation_external,https://gis.data.mn.gov/datasets/minnesota::aquatic-invasive-species-animals-py-1,
b69e16f09cea4d1a95ec129f1d1ac300_1,documentation_external,https://gis.data.mn.gov/datasets/minnesota::cover-crop-residue-counties,
b69e16f09cea4d1a95ec129f1d1ac300_2,documentation_external,https://gis.data.mn.gov/datasets/minnesota::cover-crop-residue-agroecoregion,
b69e16f09cea4d1a95ec129f1d1ac300_3,documentation_external,https://gis.data.mn.gov/datasets/minnesota::cover-crop-residue-1w1p,
a9ff826ad8e24c85be6e69dd763c6c4b_0,documentation_external,https://gis.data.mn.gov/datasets/minnesota::living-landscapes-priority-areas,
4ba60ab8bb0346a8abe9cb4f98648f85_0,documentation_external,https://gis.data.mn.gov/datasets/minnesota::state-funded-conservation-easements-rim-reserve,
982c1fa99b3a424d9a19a0934eff8b6b_0,documentation_external,https://gis.data.mn.gov/datasets/minnesota::bank-service-areas,
44af90e9c3944e7b8a81fe1df92e770b_0,documentation_external,https://gis.data.mn.gov/datasets/minnesota::one-watershed-one-plan-planning-areas,
9a4c2f377f7147fca11e346e3f993b4a_0,documentation_external,https://gis.data.mn.gov/maps/minnesota::agri-cropland-data-layer-2015-1,
9a4c2f377f7147fca11e346e3f993b4a_1,documentation_external,https://gis.data.mn.gov/datasets/minnesota::counts-1,
0bbbde55954a4b3aad4d79d0d0057d28,documentation_external,https://gis.data.mn.gov/datasets/minnesota::cropland-data-layer-2014-minnesota-1,
b41b508719bf40dca98a283ca2368c02,documentation_external,https://gis.data.mn.gov/datasets/minnesota::cropland-data-layer-2013-minnesota-1,
f564ddb31c5f4a868132c02dae342e49,documentation_external,https://gis.data.mn.gov/datasets/minnesota::cropland-data-layer-2012-minnesota-1,
42783e7e99684ad7b2ce5849285ff9f3,documentation_external,https://gis.data.mn.gov/datasets/minnesota::cropland-data-layer-2011-minnesota-1,
8df5a50e5ae54a50a4a9fd342fda07a3,documentation_external,https://gis.data.mn.gov/datasets/minnesota::cropland-data-layer-2010-minnesota-1,
2f74e2ac5ce040db89587cf1dcab5949,documentation_external,https://gis.data.mn.gov/datasets/minnesota::cropland-data-layer-2009-minnesota-1,
598ce2faf8754b07b53136deba024bb7,documentation_external,https://gis.data.mn.gov/datasets/minnesota::cropland-data-layer-2008-minnesota-1,
a92c74ef151f48028ecc3e444f7a0bba,documentation_external,https://gis.data.mn.gov/datasets/minnesota::cropland-data-layer-2007-minnesota-1,
147e9ecdcb534eddb0b77f2196455c5a,documentation_external,https://gis.data.mn.gov/datasets/minnesota::cropland-data-layer-2006-minnesota-1,
bc0287a8b2204e88861aa8b13f6f4dab_0,documentation_external,https://gis.data.mn.gov/datasets/minnesota::agroecoregions-minnesota-1,
3a9d864061f742e6b0b3fd537d843eef_0,documentation_external,https://gis.data.mn.gov/datasets/minnesota::source-water-assessment-area-surface-water-1,
8b7333de140045a189e2dd431a16e4c8_0,documentation_external,https://gis.data.mn.gov/datasets/minnesota::source-water-assessment-areas-1,
0d9f255e2a684936a7c71c6e4d1af5ca_0,documentation_external,https://gis.data.mn.gov/datasets/minnesota::drinking-water-supply-management-area-for-surface-water-dwsma-sw-2008-2009-1,
215b2c5e69c841bc88d9e99297eabaf7_0,documentation_external,https://gis.data.mn.gov/datasets/minnesota::dwsma-sw-rev-1,
0adaf76ee3e5488083d6e25a19473e4f_0,documentation_external,https://gis.data.mn.gov/datasets/minnesota::dnr-wildlife-management-area-land-cover-publicly-accessible-1,
73308a41e24348efaa2dc9e448606d39_1,documentation_external,https://gis.data.mn.gov/datasets/minnesota::restrictions-by-quarter-sections-1,
215b2c5e69c841bc88d9e99297eabaf7_1,documentation_external,https://gis.data.mn.gov/datasets/minnesota::dwsma-sw-1,
71bc3568b5584720a49fd7032e2c3725_0,documentation_external,https://gis.data.mn.gov/datasets/minnesota::nitraterisk-poly-1,
71bc3568b5584720a49fd7032e2c3725_1,documentation_external,https://gis.data.mn.gov/maps/minnesota::nitraterisk-1,
f2c02d79135d4de9baaf3b77639d85fd_0,documentation_external,https://gis.data.mn.gov/datasets/minnesota::svi2020-minnesota-tract-1,
f2c02d79135d4de9baaf3b77639d85fd_1,documentation_external,https://gis.data.mn.gov/datasets/minnesota::svi2020-minnesota-metro-tract-1,
f2c02d79135d4de9baaf3b77639d85fd_2,documentation_external,https://gis.data.mn.gov/datasets/minnesota::svi2020-minnesota-county-1,
ff923bd158cd4351b37ba7987a9034c0_0,documentation_external,https://gis.data.mn.gov/datasets/minnesota::geos-special-well-const-areas-pre2023-1,
ff923bd158cd4351b37ba7987a9034c0_1,documentation_external,https://gis.data.mn.gov/datasets/minnesota::geos-special-well-const-areas-1,
15f0569f86444ba2adb863c6f5a98c55_0,documentation_external,https://gis.data.mn.gov/datasets/minnesota::h-sens-1,
15f0569f86444ba2adb863c6f5a98c55_1,documentation_external,https://gis.data.mn.gov/maps/minnesota::hg-sens-1,
8d4841462cc34a34b183c6ba31815237_0,documentation_external,https://gis.data.mn.gov/datasets/minnesota::counties-surface-water-systems2023,
8d4841462cc34a34b183c6ba31815237_1,documentation_external,https://gis.data.mn.gov/datasets/minnesota::counties-surface-water-systems,
8d4841462cc34a34b183c6ba31815237_2,documentation_external,https://gis.data.mn.gov/datasets/minnesota::regions-noncom2023,
8d4841462cc34a34b183c6ba31815237_3,documentation_external,https://gis.data.mn.gov/datasets/minnesota::regions-noncom,
8d4841462cc34a34b183c6ba31815237_4,documentation_external,https://gis.data.mn.gov/datasets/minnesota::counties-noncom2023-1,
8d4841462cc34a34b183c6ba31815237_5,documentation_external,https://gis.data.mn.gov/datasets/minnesota::counties-noncom,
129c778d5dc14d519f18b687b0de9f6f_0,documentation_external,https://gis.data.mn.gov/datasets/minnesota::minnesota-board-of-animal-health-field-staff-by-city,
796cba407b014bfcae4d5f0050dd4c68_0,documentation_external,https://gis.data.mn.gov/datasets/minnesota::school-district-boundaries-minnesota-sy2025-26,
eb537c3ba85d45b5b64c8d881cf241e5_0,documentation_external,https://gis.data.mn.gov/datasets/minnesota::school-district-boundaries-2024-25,
eb537c3ba85d45b5b64c8d881cf241e5_1,documentation_external,https://gis.data.mn.gov/datasets/minnesota::school-district-boundaries-2023-24,
eb537c3ba85d45b5b64c8d881cf241e5_2,documentation_external,https://gis.data.mn.gov/datasets/minnesota::school-district-boundaries-2022-23,
eb537c3ba85d45b5b64c8d881cf241e5_3,documentation_external,https://gis.data.mn.gov/datasets/minnesota::school-district-boundaries-2021-22,
eb537c3ba85d45b5b64c8d881cf241e5_4,documentation_external,https://gis.data.mn.gov/datasets/minnesota::school-district-boundaries-2020-21,
390d3b2a569d421d9ef5970fa2794c56_0,documentation_external,https://gis.data.mn.gov/datasets/minnesota::school-district-boundaries-2019-20,
390d3b2a569d421d9ef5970fa2794c56_1,documentation_external,https://gis.data.mn.gov/datasets/minnesota::school-district-boundaries-2018-19,
390d3b2a569d421d9ef5970fa2794c56_2,documentation_external,https://gis.data.mn.gov/datasets/minnesota::school-district-boundaries-2017-18,
390d3b2a569d421d9ef5970fa2794c56_3,documentation_external,https://gis.data.mn.gov/datasets/minnesota::school-district-boundaries-2016-17,
390d3b2a569d421d9ef5970fa2794c56_4,documentation_external,https://gis.data.mn.gov/datasets/minnesota::school-district-boundaries-2015-16,
390d3b2a569d421d9ef5970fa2794c56_5,documentation_external,https://gis.data.mn.gov/datasets/minnesota::school-district-boundaries-2014-15,
cfb2da4b8adb4fa88654cd6e7b604b9b_0,documentation_external,https://gis.data.mn.gov/datasets/minnesota::mbs-sites-of-biodiversity-significance-1,
73308a41e24348efaa2dc9e448606d39_2,documentation_external,https://gis.data.mn.gov/datasets/minnesota::karst-1,
390d3b2a569d421d9ef5970fa2794c56_6,documentation_external,https://gis.data.mn.gov/datasets/minnesota::school-district-boundaries-2013-14,
390d3b2a569d421d9ef5970fa2794c56_7,documentation_external,https://gis.data.mn.gov/datasets/minnesota::school-district-boundaries-2012-13,
390d3b2a569d421d9ef5970fa2794c56_8,documentation_external,https://gis.data.mn.gov/datasets/minnesota::school-district-boundaries-2011-12,
390d3b2a569d421d9ef5970fa2794c56_9,documentation_external,https://gis.data.mn.gov/datasets/minnesota::school-district-boundaries-2010-11,
4b5dd3d98a19492198ee936c7f125c3b_0,documentation_external,https://gis.data.mn.gov/datasets/minnesota::school-district-boundaries-2009-10,
4b5dd3d98a19492198ee936c7f125c3b_1,documentation_external,https://gis.data.mn.gov/datasets/minnesota::school-district-boundaries-2008-09,
4b5dd3d98a19492198ee936c7f125c3b_2,documentation_external,https://gis.data.mn.gov/datasets/minnesota::school-district-boundaries-2007-08,
4b5dd3d98a19492198ee936c7f125c3b_3,documentation_external,https://gis.data.mn.gov/datasets/minnesota::school-district-boundaries-2006-07,
4b5dd3d98a19492198ee936c7f125c3b_4,documentation_external,https://gis.data.mn.gov/datasets/minnesota::school-district-boundaries-2005-06,
4b5dd3d98a19492198ee936c7f125c3b_5,documentation_external,https://gis.data.mn.gov/datasets/minnesota::school-district-boundaries-2004-05,
4b5dd3d98a19492198ee936c7f125c3b_6,documentation_external,https://gis.data.mn.gov/datasets/minnesota::school-district-boundaries-2003-04,
4b5dd3d98a19492198ee936c7f125c3b_7,documentation_external,https://gis.data.mn.gov/datasets/minnesota::school-district-boundaries-2002-03,
4b5dd3d98a19492198ee936c7f125c3b_8,documentation_external,https://gis.data.mn.gov/datasets/minnesota::school-district-boundaries-2001-02,
4b5dd3d98a19492198ee936c7f125c3b_9,documentation_external,https://gis.data.mn.gov/datasets/minnesota::school-district-boundaries-2000-01,
b8d2674d4ec449f3936014b689e6ab6b_0,documentation_external,https://gis.data.mn.gov/datasets/minnesota::school-district-boundaries-1999-00,
b8d2674d4ec449f3936014b689e6ab6b_1,documentation_external,https://gis.data.mn.gov/datasets/minnesota::school-district-boundaries-1998-99,
b8d2674d4ec449f3936014b689e6ab6b_10,documentation_external,https://gis.data.mn.gov/datasets/minnesota::school-district-boundaries-1989-90,
b8d2674d4ec449f3936014b689e6ab6b_2,documentation_external,https://gis.data.mn.gov/datasets/minnesota::school-district-boundaries-1997-98,
b8d2674d4ec449f3936014b689e6ab6b_3,documentation_external,https://gis.data.mn.gov/datasets/minnesota::school-district-boundaries-1996-97,
b8d2674d4ec449f3936014b689e6ab6b_4,documentation_external,https://gis.data.mn.gov/datasets/minnesota::school-district-boundaries-1995-96,
b8d2674d4ec449f3936014b689e6ab6b_5,documentation_external,https://gis.data.mn.gov/datasets/minnesota::school-district-boundaries-1994-95,
b8d2674d4ec449f3936014b689e6ab6b_6,documentation_external,https://gis.data.mn.gov/datasets/minnesota::school-district-boundaries-1993-94,
b8d2674d4ec449f3936014b689e6ab6b_7,documentation_external,https://gis.data.mn.gov/datasets/minnesota::school-district-boundaries-1992-93,
6b16d8ff221842339b5a5ddbf6505ffb_0,documentation_external,https://gis.data.mn.gov/datasets/minnesota::mndnr-native-prairies-1,
73308a41e24348efaa2dc9e448606d39_3,documentation_external,https://gis.data.mn.gov/datasets/minnesota::excludedcountiesnonag-1,
27d9f56cfec6454688110d08ae6826a0_3,documentation_external,https://gis.data.mn.gov/datasets/minnesota::hennepin-county-parcels-5,
b8d2674d4ec449f3936014b689e6ab6b_8,documentation_external,https://gis.data.mn.gov/datasets/minnesota::school-district-boundaries-1991-92,
b8d2674d4ec449f3936014b689e6ab6b_9,documentation_external,https://gis.data.mn.gov/datasets/minnesota::school-district-boundaries-1990-91,
6045d8113a1340e6a7490dcfe7c746d9_0,documentation_external,https://gis.data.mn.gov/datasets/minnesota::minnesota-school-district-boundaries-1972,
970a560c7d684a819748883bf2526689_0,documentation_external,https://gis.data.mn.gov/datasets/minnesota::school-attendance-area-boundaries-minnesota-sy2025-26,
9a3b791e3b23446fad6d77e8e363966c_0,documentation_external,https://gis.data.mn.gov/datasets/minnesota::school-attendance-areas-2024-25,
9a3b791e3b23446fad6d77e8e363966c_1,documentation_external,https://gis.data.mn.gov/datasets/minnesota::school-attendance-areas-2023-24,
9a3b791e3b23446fad6d77e8e363966c_2,documentation_external,https://gis.data.mn.gov/datasets/minnesota::school-attendance-areas-2022-23,
9a3b791e3b23446fad6d77e8e363966c_3,documentation_external,https://gis.data.mn.gov/datasets/minnesota::school-attendance-areas-2021-22,
9a3b791e3b23446fad6d77e8e363966c_4,documentation_external,https://gis.data.mn.gov/datasets/minnesota::school-attendance-areas-2020-21,
f6f0245f1c53406193989d52b61d5910_0,documentation_external,https://gis.data.mn.gov/datasets/minnesota::school-attendance-areas-2019-20,
f6f0245f1c53406193989d52b61d5910_1,documentation_external,https://gis.data.mn.gov/datasets/minnesota::school-attendance-areas-2018-19,
f6f0245f1c53406193989d52b61d5910_2,documentation_external,https://gis.data.mn.gov/datasets/minnesota::school-attendance-areas-2017-18,
f6f0245f1c53406193989d52b61d5910_3,documentation_external,https://gis.data.mn.gov/datasets/minnesota::school-attendance-areas-2016-17,
f6f0245f1c53406193989d52b61d5910_4,documentation_external,https://gis.data.mn.gov/datasets/minnesota::school-attendance-areas-2015-16,
f6f0245f1c53406193989d52b61d5910_5,documentation_external,https://gis.data.mn.gov/datasets/minnesota::school-attendance-areas-2014-15,
f6f0245f1c53406193989d52b61d5910_6,documentation_external,https://gis.data.mn.gov/datasets/minnesota::school-attendance-areas-2013-14,
f6f0245f1c53406193989d52b61d5910_7,documentation_external,https://gis.data.mn.gov/datasets/minnesota::school-attendance-areas-2012-13,
f6f0245f1c53406193989d52b61d5910_8,documentation_external,https://gis.data.mn.gov/datasets/minnesota::school-attendance-areas-2011-12,
f6f0245f1c53406193989d52b61d5910_9,documentation_external,https://gis.data.mn.gov/datasets/minnesota::school-attendance-areas-2010-11,
c4795cc3e1a54c4a86eef4cf38e0af6d_0,documentation_external,https://gis.data.mn.gov/datasets/minnesota::school-attendance-areas-2009-10,
c4795cc3e1a54c4a86eef4cf38e0af6d_1,documentation_external,https://gis.data.mn.gov/datasets/minnesota::school-attendance-areas-2008-09,
c4795cc3e1a54c4a86eef4cf38e0af6d_2,documentation_external,https://gis.data.mn.gov/datasets/minnesota::school-attendance-areas-2007-08,
abe3d669d65e4566bcd956cda970ca88_0,documentation_external,https://gis.data.mn.gov/datasets/minnesota::mndnr-native-plant-communities-groundwater-subset-1,
27d9f56cfec6454688110d08ae6826a0_4,documentation_external,https://gis.data.mn.gov/datasets/minnesota::ramsey-county-parcels-5,
73308a41e24348efaa2dc9e448606d39_4,documentation_external,https://gis.data.mn.gov/datasets/minnesota::excludedarea-climate-1,
c4795cc3e1a54c4a86eef4cf38e0af6d_3,documentation_external,https://gis.data.mn.gov/datasets/minnesota::school-attendance-areas-2006-07,
c4795cc3e1a54c4a86eef4cf38e0af6d_4,documentation_external,https://gis.data.mn.gov/datasets/minnesota::school-attendance-areas-2005-06,
c4795cc3e1a54c4a86eef4cf38e0af6d_5,documentation_external,https://gis.data.mn.gov/datasets/minnesota::school-attendance-areas-2004-05,
c4795cc3e1a54c4a86eef4cf38e0af6d_6,documentation_external,https://gis.data.mn.gov/datasets/minnesota::school-attendance-areas-2003-04,
c4795cc3e1a54c4a86eef4cf38e0af6d_7,documentation_external,https://gis.data.mn.gov/datasets/minnesota::school-attendance-areas-2002-03,
9cd4a064c78e46b9a80d4964d3f96b12_0,documentation_external,https://gis.data.mn.gov/datasets/minnesota::public-safety-answering-points-in-the-metropolitan-emergency-services-board-10-county-region-minnesota,
935a958babea40bdaf582860e4080d87_0,documentation_external,https://gis.data.mn.gov/datasets/minnesota::law-enforcement-agencies-in-the-metropolitan-emergency-services-board-10-county-region-minnesota,
747e10f7146845d2a9cd4579faa37757_0,documentation_external,https://gis.data.mn.gov/datasets/minnesota::emergency-service-zones-in-the-metropolitan-emergency-services-board-10-county-region-minnesota,
cda5d34d8d134b899e3b6aef69dddc23_0,documentation_external,https://gis.data.mn.gov/datasets/minnesota::emergency-medical-service-ems-agencies-in-the-metropolitan-emergency-services-board-10-county-region-minnesota,
7975aabf6e1e42998a40a4b085ffefdf_1,documentation_external,https://gis.data.mn.gov/datasets/hennepin::county-parcels,
692470f3af5146e4b93448c0f2ff66c8_2,documentation_external,https://gis.data.mn.gov/datasets/DakotaCounty::contours-1ft-2011-dakota-county-mn,
e1e373827f4d42c396193e8aa45d61a1_0,documentation_external,https://gis.data.mn.gov/datasets/minnesota::regional-park-administrative-boundaries,
e1e373827f4d42c396193e8aa45d61a1_1,documentation_external,https://gis.data.mn.gov/datasets/minnesota::regional-park-inholdings,
e1e373827f4d42c396193e8aa45d61a1_2,documentation_external,https://gis.data.mn.gov/datasets/minnesota::regional-park-management-boundaries,
e1e373827f4d42c396193e8aa45d61a1_3,documentation_external,https://gis.data.mn.gov/datasets/minnesota::regional-park-search-areas,
e1e373827f4d42c396193e8aa45d61a1_4,documentation_external,https://gis.data.mn.gov/datasets/minnesota::regional-trails,
27d9f56cfec6454688110d08ae6826a0_5,documentation_external,https://gis.data.mn.gov/datasets/minnesota::scott-county-parcels-5,
73308a41e24348efaa2dc9e448606d39_5,documentation_external,https://gis.data.mn.gov/datasets/minnesota::drinkingwatersupplymanagementareas-with-nitrate-gtr5-january2026-1,
6b1a8d6d1a814d2cb18592882c60d022_3,documentation_external,https://gis.data.mn.gov/datasets/minnesota::county-city-and-township-ctu-lookup-table,
3001c2722c9c4d12bf80c7f09aac8b13_0,documentation_external,https://gis.data.mn.gov/datasets/rice::address-points-rice-county-minnesota,
5d71998b92654a379900b02928cb6309_0,documentation_external,https://gis.data.mn.gov/datasets/RamseyGIS::cad-attributedparcelpoly,
acb2f4c6e3954f6094ea60a376a7fcd0_0,documentation_external,https://gis.data.mn.gov/datasets/mndot::shoulder-unpaved-right-in-minnesota,
9a88fa02356748ef93976c36003cdc2c_0,documentation_external,https://gis.data.mn.gov/datasets/rice::ditch-1,
9a88fa02356748ef93976c36003cdc2c_1,documentation_external,https://gis.data.mn.gov/datasets/rice::ditch-watershed,
0f717fcbcbbf467f880d77c3302c0f78_0,documentation_external,https://gis.data.mn.gov/datasets/rice::road-centerlines-rice-county-minnesota,
72d6f8d7e41a434da9d14e104242ef84_0,documentation_external,https://gis.data.mn.gov/datasets/RamseyGIS::cad-section,
e9ce093cd231469592cf38d21870b6c6_0,documentation_external,https://gis.data.mn.gov/datasets/RamseyGIS::cad-quartersection,
b85e295f7f0147d59d1435c6b2e2ee8a_0,documentation_external,https://gis.data.mn.gov/datasets/RamseyGIS::struc-transportation-1,
575651c75b394f448810358ce0a131d9_0,documentation_external,https://gis.data.mn.gov/datasets/RamseyGIS::struc-recreation,
a8350c28fbe448e7bce5dff6ca7fc3c7_0,documentation_external,https://gis.data.mn.gov/datasets/RamseyGIS::struc-parking,
d74cb00f51994092bd1a3823d907353c_94,documentation_external,https://gis.data.mn.gov/datasets/RamseyGIS::cad-governmentlot,
9cb6813610894c8ca76e20374bba0a4d_0,documentation_external,https://gis.data.mn.gov/datasets/minnesota::old-growth-smz-330ft-buffer-1,
27d9f56cfec6454688110d08ae6826a0_6,documentation_external,https://gis.data.mn.gov/datasets/minnesota::washington-county-parcels-5,
73308a41e24348efaa2dc9e448606d39_6,documentation_external,https://gis.data.mn.gov/datasets/minnesota::dwsma-low-vulnerability-exemption-january-2026-1,
baff9cbaa8a44ee980e18431058ae526_0,documentation_external,https://gis.data.mn.gov/datasets/RamseyGIS::cad-township,
9da0577fc41e4642ad6ef5d0011cd59b_0,documentation_external,https://gis.data.mn.gov/datasets/RamseyGIS::cad-halfsection,
033881ec4dba4f8d898d4a051bae2c77_25,documentation_external,https://gis.data.mn.gov/datasets/RamseyGIS::bound-commissionerdistrict2022,
8237c22226b14ebbb81b57315250f05b_0,documentation_external,https://gis.data.mn.gov/datasets/RamseyGIS::cad-quarterquartersection,
4ff2637f13eb4165ac4df01f8aa8f2a4_0,documentation_external,https://gis.data.mn.gov/datasets/RamseyGIS::bound-currentprecinct,
68b369feb7144782b4b88c37e5c585c8_0,documentation_external,https://gis.data.mn.gov/datasets/RamseyGIS::loc-benchmark,
9817e165061f480d81ba174f1a203218_0,documentation_external,https://gis.data.mn.gov/datasets/RamseyGIS::loc-sectioncorner,
b2319a19c2674be4acee55dec0dc6b3f_66,documentation_external,https://gis.data.mn.gov/datasets/RamseyGIS::cad-taxparcel,
1f6eeb5051b14fc4bfb4850866d8c7b2_19,documentation_external,https://gis.data.mn.gov/datasets/RamseyGIS::cad-conveyancedivision,
1e9749e448554efd9b89d46faa23f767_0,documentation_external,https://gis.data.mn.gov/datasets/RamseyGIS::cad-landtie,
5eb7f348b9284cb3a8b73b4876bab262_70,documentation_external,https://gis.data.mn.gov/datasets/RamseyGIS::cad-easement,
e7ad55298b7840a7ad8a5d5188851e24_64,documentation_external,https://gis.data.mn.gov/datasets/RamseyGIS::cad-specialsurvey,
8eee6739b2cd44c68360d0f905af8dbe_0,documentation_external,https://gis.data.mn.gov/datasets/RamseyGIS::cad-parcelinfo,
41dc1b9b3a3c41519f27c2d55017f5af_0,documentation_external,https://gis.data.mn.gov/datasets/RamseyGIS::water-waterline,
122c55bf35db4192832aa6f61bbbea75_0,documentation_external,https://gis.data.mn.gov/datasets/RamseyGIS::eniv-ssurgo,
77abcf90efcf48bdb6fca736bd5d80de_0,documentation_external,https://gis.data.mn.gov/datasets/RamseyGIS::cad-rightofway,
3f6116964d224684bf40f6ba572454bb_0,documentation_external,https://gis.data.mn.gov/datasets/RamseyGIS::cad-historicrightofway,
d736157160f04ebda427eb5ea104524f_0,documentation_external,https://gis.data.mn.gov/datasets/RamseyGIS::cad-attributedpersonalproperty,
e03ba9bac0404493a367cf33146bd5c9_0,documentation_external,https://gis.data.mn.gov/datasets/RamseyGIS::water-waterbody,
7ba382477ae54a5b87884c622dae57f1_0,documentation_external,https://gis.data.mn.gov/datasets/RamseyGIS::trans-railroad,
9cb6813610894c8ca76e20374bba0a4d_1,documentation_external,https://gis.data.mn.gov/datasets/minnesota::dnr-forest-inventory-old-growth-1,
73308a41e24348efaa2dc9e448606d39_7,documentation_external,https://gis.data.mn.gov/datasets/minnesota::coarsetexturesoilnotultralowsensitivty-1,
965a77aee5c648819fab826584b13e4e_0,documentation_external,https://gis.data.mn.gov/datasets/RamseyGIS::trans-streetsimple,
50a2589a9e51483e9a4af6d58a1ee696_0,documentation_external,https://gis.data.mn.gov/datasets/RamseyGIS::trans-street,
fdd129d06c3640b49aeb3ba0c92dabb9_28,documentation_external,https://gis.data.mn.gov/datasets/RamseyGIS::bound-city,
b7cf8db969134745aa94cba19f479149_0,documentation_external,https://gis.data.mn.gov/datasets/RamseyGIS::struc-building,
5ac96acaf00948a0a110681d332d06a6_0,documentation_external,https://gis.data.mn.gov/datasets/RamseyGIS::struc-miscellaneous,
49fb4ef13dfb42c882a198987c4c4897_43,documentation_external,https://gis.data.mn.gov/datasets/RamseyGIS::soc-park,
81d586fe3c0d4bc3a73bda6b484fde30_0,documentation_external,https://gis.data.mn.gov/datasets/RamseyGIS::cad-attributedparcelpoint,
beeff49ca87d4dd6aac3e93244cb13ee_0,documentation_external,https://gis.data.mn.gov/datasets/RamseyGIS::loc-addresspoints,
ac548c5c94b84976a12cd8d7b670d02f_0,documentation_external,https://gis.data.mn.gov/datasets/rice::tax-parcel-points-rice-county-minnesota,
e181438e4cb640bcb4bdcc7aa6e28f39_0,documentation_external,https://gis.data.mn.gov/datasets/minnesota::imagine-2050-community-designations,
67d6d26fc68247eda56c4ab3f2496baa_0,documentation_external,https://gis.data.mn.gov/datasets/rice::building-footprints-rice-county-minnesota,
558450eac2974d2bb9ec3d5b178d09b0_0,documentation_external,https://gis.data.mn.gov/datasets/minnesota::musa-2020-outline,
558450eac2974d2bb9ec3d5b178d09b0_1,documentation_external,https://gis.data.mn.gov/datasets/minnesota::musa-2020,
558450eac2974d2bb9ec3d5b178d09b0_2,documentation_external,https://gis.data.mn.gov/datasets/minnesota::musa-2030-outline,
558450eac2974d2bb9ec3d5b178d09b0_3,documentation_external,https://gis.data.mn.gov/datasets/minnesota::musa-2030,
558450eac2974d2bb9ec3d5b178d09b0_4,documentation_external,https://gis.data.mn.gov/datasets/minnesota::musa-2040-outline,
558450eac2974d2bb9ec3d5b178d09b0_5,documentation_external,https://gis.data.mn.gov/datasets/minnesota::musa-2040,
558450eac2974d2bb9ec3d5b178d09b0_6,documentation_external,https://gis.data.mn.gov/datasets/minnesota::musa-2050-outline,
558450eac2974d2bb9ec3d5b178d09b0_7,documentation_external,https://gis.data.mn.gov/datasets/minnesota::musa-2050,
558450eac2974d2bb9ec3d5b178d09b0_8,documentation_external,https://gis.data.mn.gov/datasets/minnesota::musa-composite,
558450eac2974d2bb9ec3d5b178d09b0_9,documentation_external,https://gis.data.mn.gov/datasets/minnesota::musa-undesignated-reserve,
619074eaf3e347c8aa4dc1773303448d_0,documentation_external,https://gis.data.mn.gov/datasets/minnesota::dnr-division-of-wildlife-administrative-areas-1,
336eddb5b52c491f80c007c077394fa4_0,documentation_external,https://gis.data.mn.gov/datasets/minnesota::anoka-county-parcels-4,
73308a41e24348efaa2dc9e448606d39_8,documentation_external,https://gis.data.mn.gov/datasets/minnesota::bedrockquerynrcs-1,
029de972fb944fbf9606dd147def1056_0,documentation_external,https://gis.data.mn.gov/datasets/minnesota::planned-land-use-1,
029de972fb944fbf9606dd147def1056_1,documentation_external,https://gis.data.mn.gov/datasets/minnesota::plu-regional-detailed-designations,
029de972fb944fbf9606dd147def1056_2,documentation_external,https://gis.data.mn.gov/datasets/minnesota::plu-regional-general-designations,
029de972fb944fbf9606dd147def1056_3,documentation_external,https://gis.data.mn.gov/datasets/minnesota::plu-regional-housing-density-ranges,
575c35bc39ce45e4a989669b9f4449bc_0,documentation_external,https://gis.data.mn.gov/datasets/minnesota::government-owned-lands-derived-from-opt-in-open-data-counties-minnesota-1,
42c956f07a714d76b242b5fdafe4e9a3_0,documentation_external,https://gis.data.mn.gov/datasets/mndot::primary-routes-measured-in-minnesota,
c104ba2d60f14fb29827386680a4828f_0,documentation_external,https://gis.data.mn.gov/datasets/mndot::route-system-lookup-in-minnesota,
3f3ee3b140564bc588b773512276f24b_0,documentation_external,https://gis.data.mn.gov/datasets/mndot::locks-and-dams-in-minnesota,
7fb9bb44724c4e4e9f7d3c265d89d45c_0,documentation_external,https://gis.data.mn.gov/datasets/mndot::heavy-commercial-annual-average-daily-traffic-segments-current-in-minnesota,
c284fcd5b78644f0923f9903ed5dfa08_0,documentation_external,https://gis.data.mn.gov/datasets/mndot::heavy-commercial-annual-average-daily-traffic-locations-current-in-minnesota,
4ec4be193c8c481b9057b4be4dedbe80_0,documentation_external,https://gis.data.mn.gov/datasets/mndot::annual-average-daily-traffic-locations-current-in-minnesota,
0d0828f3958349309263a6203b31cc4e_0,documentation_external,https://gis.data.mn.gov/datasets/minnesota::revised-drinking-water-supply-management-area-vulnerability,
3a71aaab703a4454823758b1810f31a5_0,documentation_external,https://gis.data.mn.gov/datasets/minnesota::minnesota-ohv-trails-2026-season-1,
ff548af5cbba4259966882b17539ce82_0,documentation_external,https://gis.data.mn.gov/datasets/minnesota::boring-locations-in-drill-core-library-1,
ff548af5cbba4259966882b17539ce82_1,documentation_external,https://gis.data.mn.gov/datasets/minnesota::boring-locations-in-drill-core-library-attach-2,
ff548af5cbba4259966882b17539ce82_2,documentation_external,https://gis.data.mn.gov/datasets/minnesota::dcl-lineage-2,
ff548af5cbba4259966882b17539ce82_3,documentation_external,https://gis.data.mn.gov/datasets/minnesota::dcl-lineage-attach-2,
69c6cb1f62cc47c481769e500d0a064f_68,documentation_external,https://gis.data.mn.gov/datasets/RamseyGIS::cad-simultaneousconveyance,
3ed5cf58c7de4e738c64e4488587edaa_0,documentation_external,https://gis.data.mn.gov/datasets/RamseyGIS::elev-contour,
c993e5c4be6c4317b97b37011785268f_0,documentation_external,https://gis.data.mn.gov/datasets/minnesota::calcareous-fens-source-feature-points-1,
87ccab06cbf94db9b5a3028330d40efd_0,documentation_external,https://gis.data.mn.gov/datasets/minnesota::mndnr-division-of-fisheries-administrative-areas-1,
9d62ddd9d50c45cbb727648a246c0f7b_0,documentation_external,https://gis.data.mn.gov/datasets/minnesota::impaired-wetland-points-minnesota-draft-2026,
9d62ddd9d50c45cbb727648a246c0f7b_1,documentation_external,https://gis.data.mn.gov/datasets/minnesota::impaired-lake-points-partially-within-reservations-minnesota-draft-2026,
9d62ddd9d50c45cbb727648a246c0f7b_10,documentation_external,https://gis.data.mn.gov/datasets/minnesota::corrected-streams-minnesota-draft-2026,
9d62ddd9d50c45cbb727648a246c0f7b_11,documentation_external,https://gis.data.mn.gov/datasets/minnesota::impaired-wetlands-minnesota-draft-2026,
9d62ddd9d50c45cbb727648a246c0f7b_12,documentation_external,https://gis.data.mn.gov/datasets/minnesota::impaired-lakes-partially-within-reservations-minnesota-draft-2026,
9d62ddd9d50c45cbb727648a246c0f7b_13,documentation_external,https://gis.data.mn.gov/datasets/minnesota::impaired-lakes-minnesota-draft-2026,
9d62ddd9d50c45cbb727648a246c0f7b_14,documentation_external,https://gis.data.mn.gov/datasets/minnesota::delisted-lakes-minnesota-draft-2026,
9d62ddd9d50c45cbb727648a246c0f7b_15,documentation_external,https://gis.data.mn.gov/datasets/minnesota::corrected-wetlands-minnesota-draft-2026,
9d62ddd9d50c45cbb727648a246c0f7b_16,documentation_external,https://gis.data.mn.gov/datasets/minnesota::corrected-lakes-minnesota-draft-2026,
336eddb5b52c491f80c007c077394fa4_1,documentation_external,https://gis.data.mn.gov/datasets/minnesota::carver-county-parcels-4,
12e18d9bb4db4a1fa5385de26c1d4101_0,documentation_external,https://gis.data.mn.gov/datasets/minnesota::minnesota-water-table-aquifer-vulnerability-1,
9d62ddd9d50c45cbb727648a246c0f7b_2,documentation_external,https://gis.data.mn.gov/datasets/minnesota::impaired-lake-points-minnesota-draft-2026,
9d62ddd9d50c45cbb727648a246c0f7b_3,documentation_external,https://gis.data.mn.gov/datasets/minnesota::delisted-lake-points-minnesota-draft-2026,
9d62ddd9d50c45cbb727648a246c0f7b_4,documentation_external,https://gis.data.mn.gov/datasets/minnesota::corrected-wetlands-points-minnesota-draft-2026,
9d62ddd9d50c45cbb727648a246c0f7b_5,documentation_external,https://gis.data.mn.gov/datasets/minnesota::corrected-lake-points-minnesota-draft-2026,
9d62ddd9d50c45cbb727648a246c0f7b_6,documentation_external,https://gis.data.mn.gov/datasets/minnesota::impaired-streams-partially-within-reservations-minnesota-draft-2026,
9d62ddd9d50c45cbb727648a246c0f7b_7,documentation_external,https://gis.data.mn.gov/datasets/minnesota::impaired-streams-minnesota-draft-2026,
9d62ddd9d50c45cbb727648a246c0f7b_8,documentation_external,https://gis.data.mn.gov/datasets/minnesota::impaired-beaches-minnesota-draft-2026,
9d62ddd9d50c45cbb727648a246c0f7b_9,documentation_external,https://gis.data.mn.gov/datasets/minnesota::delisted-streams-minnesota-draft-2026,
1466758c531b4734bd21f8945f46fbe7_0,documentation_external,https://gis.data.mn.gov/datasets/minnesota::pca-wild-rice-streams-inventory,
1466758c531b4734bd21f8945f46fbe7_1,documentation_external,https://gis.data.mn.gov/datasets/minnesota::pca-wild-rice-lakes-inventory,
10e72bd5b4874e3a95ec4c616f81f2b2_0,documentation_external,https://gis.data.mn.gov/datasets/minnesota::impaired-wetland-points-minnesota-draft-2022,
10e72bd5b4874e3a95ec4c616f81f2b2_1,documentation_external,https://gis.data.mn.gov/datasets/minnesota::impaired-lake-points-wholly-within-reservations-minnesota-draft-2022,
10e72bd5b4874e3a95ec4c616f81f2b2_10,documentation_external,https://gis.data.mn.gov/datasets/minnesota::impaired-beaches-minnesota-draft-2022,
10e72bd5b4874e3a95ec4c616f81f2b2_11,documentation_external,https://gis.data.mn.gov/datasets/minnesota::delisted-streams-minnesota-draft-2022,
10e72bd5b4874e3a95ec4c616f81f2b2_12,documentation_external,https://gis.data.mn.gov/datasets/minnesota::corrected-streams-minnesota-draft-2022,
10e72bd5b4874e3a95ec4c616f81f2b2_13,documentation_external,https://gis.data.mn.gov/datasets/minnesota::impaired-wetlands-minnesota-draft-2022,
10e72bd5b4874e3a95ec4c616f81f2b2_14,documentation_external,https://gis.data.mn.gov/datasets/minnesota::impaired-lakes-wholly-within-reservations-minnesota-draft-2022,
10e72bd5b4874e3a95ec4c616f81f2b2_15,documentation_external,https://gis.data.mn.gov/datasets/minnesota::impaired-lakes-partially-within-reservations-minnesota-draft-2022,
10e72bd5b4874e3a95ec4c616f81f2b2_16,documentation_external,https://gis.data.mn.gov/datasets/minnesota::impaired-lakes-minnesota-draft-2022,
10e72bd5b4874e3a95ec4c616f81f2b2_17,documentation_external,https://gis.data.mn.gov/datasets/minnesota::delisted-lakes-minnesota-draft-2022,
10e72bd5b4874e3a95ec4c616f81f2b2_18,documentation_external,https://gis.data.mn.gov/datasets/minnesota::corrected-wetlands-minnesota-draft-2022,
10e72bd5b4874e3a95ec4c616f81f2b2_19,documentation_external,https://gis.data.mn.gov/datasets/minnesota::corrected-lakes-minnesota-draft-2022,
10e72bd5b4874e3a95ec4c616f81f2b2_2,documentation_external,https://gis.data.mn.gov/datasets/minnesota::impaired-lake-points-partially-within-reservations-minnesota-draft-2022,
10e72bd5b4874e3a95ec4c616f81f2b2_3,documentation_external,https://gis.data.mn.gov/datasets/minnesota::impaired-lake-points-minnesota-draft-2022,
10e72bd5b4874e3a95ec4c616f81f2b2_4,documentation_external,https://gis.data.mn.gov/datasets/minnesota::delisted-lake-points-minnesota-draft-2022,
10e72bd5b4874e3a95ec4c616f81f2b2_5,documentation_external,https://gis.data.mn.gov/datasets/minnesota::corrected-wetlands-points-minnesota-draft-2022,
10e72bd5b4874e3a95ec4c616f81f2b2_6,documentation_external,https://gis.data.mn.gov/datasets/minnesota::corrected-lake-points-minnesota-draft-2022,
10e72bd5b4874e3a95ec4c616f81f2b2_7,documentation_external,https://gis.data.mn.gov/datasets/minnesota::impaired-streams-wholly-within-reservations-minnesota-draft-2022,
10e72bd5b4874e3a95ec4c616f81f2b2_8,documentation_external,https://gis.data.mn.gov/datasets/minnesota::impaired-streams-partially-within-reservations-minnesota-draft-2022,
10e72bd5b4874e3a95ec4c616f81f2b2_9,documentation_external,https://gis.data.mn.gov/datasets/minnesota::impaired-streams-minnesota-draft-2022,
fbc6c35059894add9476f94753df37b6_0,documentation_external,https://gis.data.mn.gov/datasets/minnesota::impaired-streams-2010,
5805c0b285814e1c8d58159015a639ed_0,documentation_external,https://gis.data.mn.gov/datasets/minnesota::antenna-structure-registrations-federal-communications-commission-fcc-minnesota,
336eddb5b52c491f80c007c077394fa4_2,documentation_external,https://gis.data.mn.gov/datasets/minnesota::dakota-county-parcels-4,
67588f31a1214bad901cfae35d6da8c3_0,documentation_external,https://gis.data.mn.gov/datasets/minnesota::ethanol-plants-minnesota-1,
1f3685e9ae7242e3bca8319bc60b9d2c_0,documentation_external,https://gis.data.mn.gov/datasets/minnesota::trs-1,
1f3685e9ae7242e3bca8319bc60b9d2c_1,documentation_external,https://gis.data.mn.gov/datasets/minnesota::tr,
1f3685e9ae7242e3bca8319bc60b9d2c_2,documentation_external,https://gis.data.mn.gov/datasets/minnesota::cty,
1f3685e9ae7242e3bca8319bc60b9d2c_3,documentation_external,https://gis.data.mn.gov/datasets/minnesota::ctr,
1f3685e9ae7242e3bca8319bc60b9d2c_4,documentation_external,https://gis.data.mn.gov/datasets/minnesota::bndy,
10e478a4051a46d1b05f02337643d92e_0,documentation_external,https://gis.data.mn.gov/datasets/minnesota::roslcpy30-2,
10e478a4051a46d1b05f02337643d92e_1,documentation_external,https://gis.data.mn.gov/datasets/minnesota::riplcpy30-2,
116a40a39b184dfcafca5a4fb5faa7da_0,documentation_external,https://gis.data.mn.gov/datasets/minnesota::land-use-minnesota-1969-1,
b1645123a70a4128bc877beac3dc748c_0,documentation_external,https://gis.data.mn.gov/datasets/minnesota::clearwater-1,
b1645123a70a4128bc877beac3dc748c_1,documentation_external,https://gis.data.mn.gov/datasets/minnesota::beltrami-1,
b02794b39e1e4125a3c89b059195f3dc_0,documentation_external,https://gis.data.mn.gov/datasets/minnesota::statewide-nwi-1,
b02794b39e1e4125a3c89b059195f3dc_1,documentation_external,https://gis.data.mn.gov/datasets/minnesota::project-boundary-1,
b02794b39e1e4125a3c89b059195f3dc_2,documentation_external,https://gis.data.mn.gov/datasets/minnesota::state-cowardin-extended-2,
b02794b39e1e4125a3c89b059195f3dc_3,documentation_external,https://gis.data.mn.gov/datasets/minnesota::state-hgm-extended-1,
da098fb741874d168cf03e22b64a2d39_0,documentation_external,https://gis.data.mn.gov/datasets/minnesota::stream-routes-major-river-centerlines-1,
336eddb5b52c491f80c007c077394fa4_3,documentation_external,https://gis.data.mn.gov/datasets/minnesota::hennepin-county-parcels-4,
b30e1b9916ea4a739670330d91f02a5d_0,documentation_external,https://gis.data.mn.gov/datasets/minnesota::minnesota-six-inch-soil-temperature-network-1,
d26eb1d402e84c4db9a302d29f4fc1c9_0,documentation_external,https://gis.data.mn.gov/datasets/minnesota::dnr-rivers-and-streams-1,
d26eb1d402e84c4db9a302d29f4fc1c9_1,documentation_external,https://gis.data.mn.gov/datasets/minnesota::dnr-hydro-features-all-1,
10c4cf094c834bc7b6668d8f0316b062_0,documentation_external,https://gis.data.mn.gov/datasets/minnesota::rare-natural-communities-3,
10c4cf094c834bc7b6668d8f0316b062_1,documentation_external,https://gis.data.mn.gov/datasets/minnesota::potential-rare-natural-communities-1,
e33f8c1bd2854b25957a88c64197f500_0,documentation_external,https://gis.data.mn.gov/datasets/minnesota::minnesota-water-trails-1,
a2244a38d9f34dc1a3f4cbcb0901af40_0,documentation_external,https://gis.data.mn.gov/datasets/minnesota::state-trails-of-minnesota-1,
336eddb5b52c491f80c007c077394fa4_4,documentation_external,https://gis.data.mn.gov/datasets/minnesota::ramsey-county-parcels-4,
336eddb5b52c491f80c007c077394fa4_5,documentation_external,https://gis.data.mn.gov/datasets/minnesota::scott-county-parcels-4,
336eddb5b52c491f80c007c077394fa4_6,documentation_external,https://gis.data.mn.gov/datasets/minnesota::washington-county-parcels-4,
ec439bc92b5b4d769cf775f4fa0a1b1e_0,documentation_external,https://gis.data.mn.gov/datasets/minnesota::anoka-county-parcel-points-5,
ec439bc92b5b4d769cf775f4fa0a1b1e_1,documentation_external,https://gis.data.mn.gov/datasets/minnesota::carver-county-parcel-points-5,
ec439bc92b5b4d769cf775f4fa0a1b1e_2,documentation_external,https://gis.data.mn.gov/datasets/minnesota::dakota-county-parcel-points-5,
ec439bc92b5b4d769cf775f4fa0a1b1e_3,documentation_external,https://gis.data.mn.gov/datasets/minnesota::hennepin-county-parcel-points-5,
ec439bc92b5b4d769cf775f4fa0a1b1e_4,documentation_external,https://gis.data.mn.gov/datasets/minnesota::ramsey-county-parcel-points-5,
ec439bc92b5b4d769cf775f4fa0a1b1e_5,documentation_external,https://gis.data.mn.gov/datasets/minnesota::scott-county-parcel-points-5,
ec439bc92b5b4d769cf775f4fa0a1b1e_6,documentation_external,https://gis.data.mn.gov/datasets/minnesota::washington-county-parcel-points-5,
ec439bc92b5b4d769cf775f4fa0a1b1e_7,documentation_external,https://gis.data.mn.gov/datasets/minnesota::7-county-parcel-points-4,
3b064dfe73cc49daa4afc2a811ab7fa5_0,documentation_external,https://gis.data.mn.gov/datasets/minnesota::anoka-county-parcels-3,
3b064dfe73cc49daa4afc2a811ab7fa5_1,documentation_external,https://gis.data.mn.gov/datasets/minnesota::carver-county-parcels-3,
3b064dfe73cc49daa4afc2a811ab7fa5_2,documentation_external,https://gis.data.mn.gov/datasets/minnesota::dakota-county-parcels-3,
fbaf1000f1ff45e0acc4057e3d88a5e8_0,documentation_external,https://gis.data.mn.gov/datasets/minnesota::spongy-moth-formerly-gypsy-moth-treatments-minnesota-1,
3b064dfe73cc49daa4afc2a811ab7fa5_3,documentation_external,https://gis.data.mn.gov/datasets/minnesota::hennepin-county-parcels-3,
3b064dfe73cc49daa4afc2a811ab7fa5_4,documentation_external,https://gis.data.mn.gov/datasets/minnesota::ramsey-county-parcels-3,
3b064dfe73cc49daa4afc2a811ab7fa5_5,documentation_external,https://gis.data.mn.gov/datasets/minnesota::scott-county-parcels-3,
3b064dfe73cc49daa4afc2a811ab7fa5_6,documentation_external,https://gis.data.mn.gov/datasets/minnesota::washington-county-parcels-3,
f0a63fe53817415896d19f53b16f49cc_0,documentation_external,https://gis.data.mn.gov/datasets/minnesota::anoka-county-parcels-1,
f0a63fe53817415896d19f53b16f49cc_1,documentation_external,https://gis.data.mn.gov/datasets/minnesota::carver-county-parcels-1,
f0a63fe53817415896d19f53b16f49cc_2,documentation_external,https://gis.data.mn.gov/datasets/minnesota::dakota-county-parcels-1,
f0a63fe53817415896d19f53b16f49cc_3,documentation_external,https://gis.data.mn.gov/datasets/minnesota::hennepin-county-parcels-1,
f0a63fe53817415896d19f53b16f49cc_4,documentation_external,https://gis.data.mn.gov/datasets/minnesota::ramsey-county-parcels-1,
f0a63fe53817415896d19f53b16f49cc_5,documentation_external,https://gis.data.mn.gov/datasets/minnesota::scott-county-parcels-1,
f0a63fe53817415896d19f53b16f49cc_6,documentation_external,https://gis.data.mn.gov/datasets/minnesota::washington-county-parcels-1,
b8fbbfe08eb74da686611605501467ed_0,documentation_external,https://gis.data.mn.gov/datasets/minnesota::anoka-county-parcels,
b8fbbfe08eb74da686611605501467ed_1,documentation_external,https://gis.data.mn.gov/datasets/minnesota::carver-county-parcels,
b8fbbfe08eb74da686611605501467ed_2,documentation_external,https://gis.data.mn.gov/datasets/minnesota::dakota-county-parcels,
b8fbbfe08eb74da686611605501467ed_3,documentation_external,https://gis.data.mn.gov/datasets/minnesota::hennepin-county-parcels,
b8fbbfe08eb74da686611605501467ed_4,documentation_external,https://gis.data.mn.gov/datasets/minnesota::ramsey-county-parcels,
b8fbbfe08eb74da686611605501467ed_5,documentation_external,https://gis.data.mn.gov/datasets/minnesota::scott-county-parcels,
b8fbbfe08eb74da686611605501467ed_6,documentation_external,https://gis.data.mn.gov/datasets/minnesota::washington-county-parcels,
a789985ca4b8469885943a06e4dd0cd3_0,documentation_external,https://gis.data.mn.gov/datasets/minnesota::anoka-county-parcel-points-4,
a789985ca4b8469885943a06e4dd0cd3_1,documentation_external,https://gis.data.mn.gov/datasets/minnesota::carver-county-parcel-points-4,
a789985ca4b8469885943a06e4dd0cd3_2,documentation_external,https://gis.data.mn.gov/datasets/minnesota::dakota-county-parcel-points-4,
a789985ca4b8469885943a06e4dd0cd3_3,documentation_external,https://gis.data.mn.gov/datasets/minnesota::hennepin-county-parcel-points-4,
a789985ca4b8469885943a06e4dd0cd3_4,documentation_external,https://gis.data.mn.gov/datasets/minnesota::ramsey-county-parcel-points-4,
a789985ca4b8469885943a06e4dd0cd3_5,documentation_external,https://gis.data.mn.gov/datasets/minnesota::scott-county-parcel-points-4,
a789985ca4b8469885943a06e4dd0cd3_6,documentation_external,https://gis.data.mn.gov/datasets/minnesota::washington-county-parcel-points-4,
a789985ca4b8469885943a06e4dd0cd3_7,documentation_external,https://gis.data.mn.gov/datasets/minnesota::7-county-parcel-points-3,
c7beac64d2124af6b40b76d790e151a4_0,documentation_external,https://gis.data.mn.gov/datasets/minnesota::anoka-county-parcel-points-3,
c7beac64d2124af6b40b76d790e151a4_1,documentation_external,https://gis.data.mn.gov/datasets/minnesota::carver-county-parcel-points-3,
c7beac64d2124af6b40b76d790e151a4_2,documentation_external,https://gis.data.mn.gov/datasets/minnesota::dakota-county-parcel-points-3,
c7beac64d2124af6b40b76d790e151a4_3,documentation_external,https://gis.data.mn.gov/datasets/minnesota::hennepin-county-parcel-points-3,
c7beac64d2124af6b40b76d790e151a4_4,documentation_external,https://gis.data.mn.gov/datasets/minnesota::ramsey-county-parcel-points-3,
c7beac64d2124af6b40b76d790e151a4_5,documentation_external,https://gis.data.mn.gov/datasets/minnesota::scott-county-parcel-points-3,
c7beac64d2124af6b40b76d790e151a4_6,documentation_external,https://gis.data.mn.gov/datasets/minnesota::washington-county-parcel-points-3,
c7beac64d2124af6b40b76d790e151a4_7,documentation_external,https://gis.data.mn.gov/datasets/minnesota::7-county-parcel-points-2,
5367145ced2a414896b8a2308fb2d6b9_0,documentation_external,https://gis.data.mn.gov/datasets/minnesota::anoka-county-parcel-points-1,
5367145ced2a414896b8a2308fb2d6b9_1,documentation_external,https://gis.data.mn.gov/datasets/minnesota::carver-county-parcel-points-1,
5367145ced2a414896b8a2308fb2d6b9_2,documentation_external,https://gis.data.mn.gov/datasets/minnesota::dakota-county-parcel-points-1,
5367145ced2a414896b8a2308fb2d6b9_3,documentation_external,https://gis.data.mn.gov/datasets/minnesota::hennepin-county-parcel-points-1,
5367145ced2a414896b8a2308fb2d6b9_4,documentation_external,https://gis.data.mn.gov/datasets/minnesota::ramsey-county-parcel-points-1,
e38d404eff4e43d397e26ab8fb04611a_0,documentation_external,https://gis.data.mn.gov/datasets/minnesota::initial-township-test-results-1,
5367145ced2a414896b8a2308fb2d6b9_5,documentation_external,https://gis.data.mn.gov/datasets/minnesota::scott-county-parcel-points-1,
5367145ced2a414896b8a2308fb2d6b9_6,documentation_external,https://gis.data.mn.gov/datasets/minnesota::washington-county-parcel-points-1,
5367145ced2a414896b8a2308fb2d6b9_7,documentation_external,https://gis.data.mn.gov/datasets/minnesota::7-county-parcel-points-1,
75230e00edc6418283af8e941e1c58e5_0,documentation_external,https://gis.data.mn.gov/datasets/minnesota::anoka-county-parcel-points,
75230e00edc6418283af8e941e1c58e5_1,documentation_external,https://gis.data.mn.gov/datasets/minnesota::carver-county-parcel-points,
75230e00edc6418283af8e941e1c58e5_2,documentation_external,https://gis.data.mn.gov/datasets/minnesota::dakota-county-parcel-points,
75230e00edc6418283af8e941e1c58e5_3,documentation_external,https://gis.data.mn.gov/datasets/minnesota::hennepin-county-parcel-points,
75230e00edc6418283af8e941e1c58e5_4,documentation_external,https://gis.data.mn.gov/datasets/minnesota::ramsey-county-parcel-points,
75230e00edc6418283af8e941e1c58e5_5,documentation_external,https://gis.data.mn.gov/datasets/minnesota::scott-county-parcel-points,
75230e00edc6418283af8e941e1c58e5_6,documentation_external,https://gis.data.mn.gov/datasets/minnesota::washington-county-parcel-points,
75230e00edc6418283af8e941e1c58e5_7,documentation_external,https://gis.data.mn.gov/datasets/minnesota::7-county-parcel-points,
2de650d171ad4a55bec2b292c0e3dba7_1,documentation_external,https://gis.data.mn.gov/datasets/minnesota::road-centerlines-modification-log,
3acbb515e1754670896b467f79d15ff5_0,documentation_external,https://gis.data.mn.gov/datasets/minnesota::address-points-modifications,
614698911771452c8f75e28619c91b75_0,documentation_external,https://gis.data.mn.gov/datasets/minnesota::road-centerlines-1,
28588b891c104db989f870ac70fd444c_0,documentation_external,https://gis.data.mn.gov/datasets/minnesota::transit-shelters,
28588b891c104db989f870ac70fd444c_1,documentation_external,https://gis.data.mn.gov/datasets/minnesota::transit-shelter-stop-relationship-table,
28588b891c104db989f870ac70fd444c_2,documentation_external,https://gis.data.mn.gov/datasets/minnesota::transit-shelter-stop-lookup-table,
e38d404eff4e43d397e26ab8fb04611a_1,documentation_external,https://gis.data.mn.gov/datasets/minnesota::final-township-test-results-1,
28588b891c104db989f870ac70fd444c_3,documentation_external,https://gis.data.mn.gov/datasets/minnesota::transit-shelter-stops,
b76ef586d87c4d2a97447fefec8da819_3,documentation_external,https://gis.data.mn.gov/datasets/minnesota::water-resource-recovery-facilities-public-version,
10af0bf9ae5b46209619ebfde7c79ed2_5,documentation_external,https://gis.data.mn.gov/datasets/minnesota::transitway-platforms,
083cb19fe26c46a78b3961371fb7c49e_3,documentation_external,https://gis.data.mn.gov/datasets/minnesota::sap-proactive-corridors,
6745b51432554e38b7b6528db0683814_0,documentation_external,https://gis.data.mn.gov/datasets/minnesota::residential-permits,
9befd5b5e17641458c7a355e8e8af22f_1,documentation_external,https://gis.data.mn.gov/datasets/minnesota::non-residential-permits,
c315925bd49a4fb9935c19448a5a901f_0,documentation_external,https://gis.data.mn.gov/datasets/minnesota::priority-waters-assessed-rivers-and-streams,
c315925bd49a4fb9935c19448a5a901f_1,documentation_external,https://gis.data.mn.gov/datasets/minnesota::priority-waters-assessed-river-and-stream-reaches,
c315925bd49a4fb9935c19448a5a901f_2,documentation_external,https://gis.data.mn.gov/datasets/minnesota::priority-waters-assessed-lakes,
aab052defc1945f681321907186a825d_2,documentation_external,https://gis.data.mn.gov/datasets/minnesota::metro-transit-stops-itinerary-version-change,
be3077f28b4142939827aea858b76957_1,documentation_external,https://gis.data.mn.gov/datasets/minnesota::metro-transit-stops-itinerary-version-archive,
61a8ee4135344526a5823ab8c71a79f1_0,documentation_external,https://gis.data.mn.gov/datasets/minnesota::gypsy-moth-treatments-minnesota-1,
8963d9215e8642d7b5b3024746774f3b_0,documentation_external,https://gis.data.mn.gov/datasets/minnesota::brown-marmorated-stink-bug-survey-data-minnesota-1,
79da3cf3b65d456f8ea1d8b33698f607_0,documentation_external,https://gis.data.mn.gov/datasets/minnesota::border-entities-1,
79da3cf3b65d456f8ea1d8b33698f607_1,documentation_external,https://gis.data.mn.gov/datasets/minnesota::border-us-lakes-1,
79da3cf3b65d456f8ea1d8b33698f607_2,documentation_external,https://gis.data.mn.gov/datasets/minnesota::great-lakes-shoreline-1,
e941c1ac31a944c488b261b6a419739f_0,documentation_external,https://gis.data.mn.gov/datasets/minnesota::urban-areas-minnesota-1,
7bb64f20b3ab4d98931ad84f0ffd02d8_0,documentation_external,https://gis.data.mn.gov/datasets/minnesota::precip-norm-1991-2020-annual-contours,
7bb64f20b3ab4d98931ad84f0ffd02d8_1,documentation_external,https://gis.data.mn.gov/datasets/minnesota::precip-norm-1991-2020-12-contours,
7bb64f20b3ab4d98931ad84f0ffd02d8_10,documentation_external,https://gis.data.mn.gov/datasets/minnesota::precip-norm-1991-2020-03-contours,
7bb64f20b3ab4d98931ad84f0ffd02d8_11,documentation_external,https://gis.data.mn.gov/datasets/minnesota::precip-norm-1991-2020-02-contours,
7bb64f20b3ab4d98931ad84f0ffd02d8_12,documentation_external,https://gis.data.mn.gov/datasets/minnesota::precip-norm-1991-2020-01-contours,
7bb64f20b3ab4d98931ad84f0ffd02d8_13,documentation_external,https://gis.data.mn.gov/maps/minnesota::precip-norm-1991-2020-annual,
7bb64f20b3ab4d98931ad84f0ffd02d8_14,documentation_external,https://gis.data.mn.gov/maps/minnesota::precip-norm-1991-2020-12,
7bb64f20b3ab4d98931ad84f0ffd02d8_15,documentation_external,https://gis.data.mn.gov/maps/minnesota::precip-norm-1991-2020-11,
7bb64f20b3ab4d98931ad84f0ffd02d8_16,documentation_external,https://gis.data.mn.gov/maps/minnesota::precip-norm-1991-2020-10,
7bb64f20b3ab4d98931ad84f0ffd02d8_17,documentation_external,https://gis.data.mn.gov/maps/minnesota::precip-norm-1991-2020-09,
7bb64f20b3ab4d98931ad84f0ffd02d8_18,documentation_external,https://gis.data.mn.gov/maps/minnesota::precip-norm-1991-2020-08,
7bb64f20b3ab4d98931ad84f0ffd02d8_19,documentation_external,https://gis.data.mn.gov/maps/minnesota::precip-norm-1991-2020-07,
7bb64f20b3ab4d98931ad84f0ffd02d8_2,documentation_external,https://gis.data.mn.gov/datasets/minnesota::precip-norm-1991-2020-11-contours,
7bb64f20b3ab4d98931ad84f0ffd02d8_20,documentation_external,https://gis.data.mn.gov/maps/minnesota::precip-norm-1991-2020-06,
7bb64f20b3ab4d98931ad84f0ffd02d8_21,documentation_external,https://gis.data.mn.gov/maps/minnesota::precip-norm-1991-2020-05,
7bb64f20b3ab4d98931ad84f0ffd02d8_22,documentation_external,https://gis.data.mn.gov/maps/minnesota::precip-norm-1991-2020-04,
7bb64f20b3ab4d98931ad84f0ffd02d8_23,documentation_external,https://gis.data.mn.gov/maps/minnesota::precip-norm-1991-2020-03,
7bb64f20b3ab4d98931ad84f0ffd02d8_24,documentation_external,https://gis.data.mn.gov/maps/minnesota::precip-norm-1991-2020-02,
7bb64f20b3ab4d98931ad84f0ffd02d8_25,documentation_external,https://gis.data.mn.gov/maps/minnesota::precip-norm-1991-2020-01,
7bb64f20b3ab4d98931ad84f0ffd02d8_3,documentation_external,https://gis.data.mn.gov/datasets/minnesota::precip-norm-1991-2020-10-contours,
7bb64f20b3ab4d98931ad84f0ffd02d8_4,documentation_external,https://gis.data.mn.gov/datasets/minnesota::precip-norm-1991-2020-09-contours,
7bb64f20b3ab4d98931ad84f0ffd02d8_5,documentation_external,https://gis.data.mn.gov/datasets/minnesota::precip-norm-1991-2020-08-contours,
7bb64f20b3ab4d98931ad84f0ffd02d8_6,documentation_external,https://gis.data.mn.gov/datasets/minnesota::precip-norm-1991-2020-07-contours,
7bb64f20b3ab4d98931ad84f0ffd02d8_7,documentation_external,https://gis.data.mn.gov/datasets/minnesota::precip-norm-1991-2020-06-contours,
7bb64f20b3ab4d98931ad84f0ffd02d8_8,documentation_external,https://gis.data.mn.gov/datasets/minnesota::precip-norm-1991-2020-05-contours,
7bb64f20b3ab4d98931ad84f0ffd02d8_9,documentation_external,https://gis.data.mn.gov/datasets/minnesota::precip-norm-1991-2020-04-contours,
8955040a9b3c472186c1bf7fddaa9cb9_0,documentation_external,https://gis.data.mn.gov/maps/minnesota::precip-norm-1981-2010-annual-1,
8955040a9b3c472186c1bf7fddaa9cb9_1,documentation_external,https://gis.data.mn.gov/maps/minnesota::precip-norm-1981-2010-12-1,
8955040a9b3c472186c1bf7fddaa9cb9_10,documentation_external,https://gis.data.mn.gov/maps/minnesota::precip-norm-1981-2010-03-1,
8955040a9b3c472186c1bf7fddaa9cb9_11,documentation_external,https://gis.data.mn.gov/maps/minnesota::precip-norm-1981-2010-02-1,
8955040a9b3c472186c1bf7fddaa9cb9_12,documentation_external,https://gis.data.mn.gov/maps/minnesota::precip-norm-1981-2010-01-1,
8955040a9b3c472186c1bf7fddaa9cb9_2,documentation_external,https://gis.data.mn.gov/maps/minnesota::precip-norm-1981-2010-11-1,
8955040a9b3c472186c1bf7fddaa9cb9_3,documentation_external,https://gis.data.mn.gov/maps/minnesota::precip-norm-1981-2010-10-1,
8955040a9b3c472186c1bf7fddaa9cb9_4,documentation_external,https://gis.data.mn.gov/maps/minnesota::precip-norm-1981-2010-09-1,
8955040a9b3c472186c1bf7fddaa9cb9_5,documentation_external,https://gis.data.mn.gov/maps/minnesota::precip-norm-1981-2010-08-1,
8955040a9b3c472186c1bf7fddaa9cb9_6,documentation_external,https://gis.data.mn.gov/maps/minnesota::precip-norm-1981-2010-07-1,
8955040a9b3c472186c1bf7fddaa9cb9_7,documentation_external,https://gis.data.mn.gov/maps/minnesota::precip-norm-1981-2010-06-1,
8955040a9b3c472186c1bf7fddaa9cb9_8,documentation_external,https://gis.data.mn.gov/maps/minnesota::precip-norm-1981-2010-05-1,
8955040a9b3c472186c1bf7fddaa9cb9_9,documentation_external,https://gis.data.mn.gov/maps/minnesota::precip-norm-1981-2010-04-1,
5c24c289f80f49eaa2151c9f2e8b8b63,documentation_external,https://gis.data.mn.gov/datasets/minnesota::cropland-data-layer-2025-minnesota,
5ad54ef0b9ca40b29c4913dfe7d5e88a,documentation_external,https://gis.data.mn.gov/datasets/minnesota::cropland-data-layer-2024-minnesota,
5aba83eeaf004f96b7fdaec87d66b0af,documentation_external,https://gis.data.mn.gov/datasets/minnesota::cropland-data-layer-2023-minnesota-1,
9e942ba2aced494d8760616a0b8e3918,documentation_external,https://gis.data.mn.gov/datasets/minnesota::cropland-data-layer-2022-minnesota-2,
2b1db8ebc8754167af22ba5c4d4a7c1e,documentation_external,https://gis.data.mn.gov/datasets/minnesota::cropland-data-layer-2021-minnesota-1,
b913cd8769d94774af5f70fe320f66b1,documentation_external,https://gis.data.mn.gov/datasets/minnesota::cropland-data-layer-2020-minnesota-1,
a27f1972b43541f8867282d57926f73a,documentation_external,https://gis.data.mn.gov/datasets/minnesota::cropland-data-layer-2019-minnesota-1,
a28c437536a5488a93482eaeffd48a6d,documentation_external,https://gis.data.mn.gov/datasets/minnesota::cropland-data-layer-2018-minnesota-1,
6567f21fe9d24fc09bf564aa0a260e02,documentation_external,https://gis.data.mn.gov/datasets/minnesota::cropland-data-layer-2017-minnesota-1,
4781c53916874e66aea67b8782d00ffd,documentation_external,https://gis.data.mn.gov/datasets/minnesota::cropland-data-layer-2016-minnesota-1,
3c9612c0705f4e17aa10dc1104977d40,documentation_external,https://gis.data.mn.gov/datasets/minnesota::mnmodel-prehistoric-hydrographic-model-minnesota-2,
474851bf54954f698096e9c640c834b3,documentation_external,https://gis.data.mn.gov/datasets/minnesota::mnmodel-historic-hydrographic-model-minnesota,
f6e9b480c62e4446b256d13127fc4876,documentation_external,https://gis.data.mn.gov/datasets/minnesota::mnmodel-from-everywhere-to-everywhere-minnesota,
6e6a8c32fdf24fc99c61915925e6bba7_0,documentation_external,https://gis.data.mn.gov/datasets/minnesota::mnmodel-surficial-geology-landscape-model-minnesota,
4fa343f6c0db43e6b0f5e0c469dc1d30_0,documentation_external,https://gis.data.mn.gov/datasets/minnesota::borings,
4fa343f6c0db43e6b0f5e0c469dc1d30_1,documentation_external,https://gis.data.mn.gov/datasets/minnesota::x-sections,
4fa343f6c0db43e6b0f5e0c469dc1d30_2,documentation_external,https://gis.data.mn.gov/datasets/minnesota::lfsa,
5f11cacb860c443e9a4b37e0d326f5a1,documentation_external,https://gis.data.mn.gov/datasets/minnesota::mnmodel-visibility-viewshed-minnesota,
3e5eeb1f4db3431abcb3568c7bf53587,documentation_external,https://gis.data.mn.gov/datasets/minnesota::mnmodel-topographic-wetness-index-minnesota,
2cb6c76ee2384bfb8a7fff5cc4ec9b03,documentation_external,https://gis.data.mn.gov/datasets/minnesota::mnmodel-digital-terrain-model-pits-removed-minnesota,
254b839fad56473c82428a2d8e0b9f27_0,documentation_external,https://gis.data.mn.gov/datasets/minnesota::mnmodel-wild-rice-locations-minnesota,
0e26d48fa32842f2acd8f80e028d9d96,documentation_external,https://gis.data.mn.gov/datasets/minnesota::mnmodel-historical-vegetation-model-minnesota,
942b2e228f0f4f669763a8db178905a4_0,documentation_external,https://gis.data.mn.gov/datasets/minnesota::stream-routes-with-strahler-stream-order-1,
ad5983f428b84b4fbc8adfb946a06c3b_0,documentation_external,https://gis.data.mn.gov/datasets/minnesota::shallow-lakes-identified-by-dnr-wildlife-3,
ad5983f428b84b4fbc8adfb946a06c3b_1,documentation_external,https://gis.data.mn.gov/datasets/minnesota::priority-shallow-lakes-identified-by-dnr-wildlife-1,
757765ca1fb14ba9ba69e3001991d51d_0,documentation_external,https://gis.data.mn.gov/datasets/minnesota::national-wetlands-inventory-points-1,
757765ca1fb14ba9ba69e3001991d51d_1,documentation_external,https://gis.data.mn.gov/datasets/minnesota::national-wetlands-inventory-lines-1,
757765ca1fb14ba9ba69e3001991d51d_2,documentation_external,https://gis.data.mn.gov/datasets/minnesota::national-wetlands-inventory-polygons-1,
757765ca1fb14ba9ba69e3001991d51d_3,documentation_external,https://gis.data.mn.gov/maps/minnesota::national-wetlands-inventory-raster-1,
757765ca1fb14ba9ba69e3001991d51d_4,documentation_external,https://gis.data.mn.gov/datasets/minnesota::raster-lookup-1,
c31c3d00c015485b84a9d2a8e02aa696_0,documentation_external,https://gis.data.mn.gov/datasets/minnesota::stream-routes-with-kittle-numbers-and-mile-measures-1,
10d514bdb22b49fb971bd8c67abfde5f_0,documentation_external,https://gis.data.mn.gov/datasets/minnesota::dnr-hydrography-large-lakes-in-minnesota-1,
048d84827c9940ce96e37a813a53c8e2_0,documentation_external,https://gis.data.mn.gov/datasets/minnesota::lake-superior-1,
c4bbf4b8e45a48afba2d73f24089c187_0,documentation_external,https://gis.data.mn.gov/datasets/minnesota::lake-bathymetric-contours-1,
c4bbf4b8e45a48afba2d73f24089c187_1,documentation_external,https://gis.data.mn.gov/datasets/minnesota::lake-bathymetric-outline-1,
c4bbf4b8e45a48afba2d73f24089c187_2,documentation_external,https://gis.data.mn.gov/datasets/minnesota::lake-bathymetric-metadata-1,
c4bbf4b8e45a48afba2d73f24089c187_3,documentation_external,https://gis.data.mn.gov/maps/minnesota::lake-bathymetric-elevation-model-1,
c4bbf4b8e45a48afba2d73f24089c187_4,documentation_external,https://gis.data.mn.gov/datasets/minnesota::lake-bathymetry-mapdates-1,
d82e692a71fa4ff08511f00c111c6b8d,documentation_external,https://gis.data.mn.gov/datasets/minnesota::lake-bathymetric-dem-shaded-relief-image-1,
8d2132ccfb0b49018da95824506d4dfa_0,documentation_external,https://gis.data.mn.gov/datasets/minnesota::lake-basin-fetch-max-length-width-1,
8d2132ccfb0b49018da95824506d4dfa_1,documentation_external,https://gis.data.mn.gov/datasets/minnesota::lake-basin-morphology-3,
8dc7c07f51e44ae8816be25796c36c5e_0,documentation_external,https://gis.data.mn.gov/datasets/minnesota::lake-basin-littoral-zone-observed-1,
8dc7c07f51e44ae8816be25796c36c5e_1,documentation_external,https://gis.data.mn.gov/datasets/minnesota::lake-basin-littoral-zone-15-ft-std-1,
dfa71b71d55941789ef649ee52f03883_0,documentation_external,https://gis.data.mn.gov/datasets/minnesota::fisheries-reclamation-events-1,
dfa71b71d55941789ef649ee52f03883_1,documentation_external,https://gis.data.mn.gov/datasets/minnesota::water-fisheries-reclamation-events-relate-1,
49babc6c5052422499fa5c996a3ddd39_0,documentation_external,https://gis.data.mn.gov/datasets/minnesota::dnr-watercourses-from-lidar-smoothed-1,
49babc6c5052422499fa5c996a3ddd39_1,documentation_external,https://gis.data.mn.gov/datasets/minnesota::dnr-watercourses-from-lidar-1,
49babc6c5052422499fa5c996a3ddd39_2,documentation_external,https://gis.data.mn.gov/datasets/minnesota::major-2-additional-detailed-stream-lines-1,
49babc6c5052422499fa5c996a3ddd39_3,documentation_external,https://gis.data.mn.gov/datasets/minnesota::major-1-additional-detailed-stream-lines-1,
49babc6c5052422499fa5c996a3ddd39_4,documentation_external,https://gis.data.mn.gov/datasets/minnesota::flow-accumulation-2nd-order-lines-major2-1,
28d6a3aa5bc8431bb90af36ac80974af_0,documentation_external,https://gis.data.mn.gov/datasets/minnesota::state-forest-campgrounds-and-day-use-areas-orig-1,
28d6a3aa5bc8431bb90af36ac80974af_1,documentation_external,https://gis.data.mn.gov/datasets/minnesota::state-forest-campgrounds-and-day-use-areas-3,
a6e3b14752ff4a6fa91a6b44c385ff6e_0,documentation_external,https://gis.data.mn.gov/datasets/minnesota::dnr-parks-and-trails-camping-units-1,
2f3d810557004199bbaa1ba7387959b5_0,documentation_external,https://gis.data.mn.gov/datasets/minnesota::public-fishing-sites-in-minnesota-1,
c90e8f624b714e3498a4c21b4e52df32_0,documentation_external,https://gis.data.mn.gov/datasets/minnesota::minnesota-trails-division-of-parks-and-trails-1,
d06cdf7fdd5d40288ea1a4002e56cb52_0,documentation_external,https://gis.data.mn.gov/datasets/minnesota::stateland-type-volstead-1,
d06cdf7fdd5d40288ea1a4002e56cb52_1,documentation_external,https://gis.data.mn.gov/datasets/minnesota::stateland-type-trust-1,
d06cdf7fdd5d40288ea1a4002e56cb52_10,documentation_external,https://gis.data.mn.gov/datasets/minnesota::stateland-admin-dnrparkstrails-1,
d06cdf7fdd5d40288ea1a4002e56cb52_11,documentation_external,https://gis.data.mn.gov/datasets/minnesota::stateland-admin-dnrother-1,
d06cdf7fdd5d40288ea1a4002e56cb52_12,documentation_external,https://gis.data.mn.gov/datasets/minnesota::stateland-admin-dnrforestry-1,
d06cdf7fdd5d40288ea1a4002e56cb52_13,documentation_external,https://gis.data.mn.gov/datasets/minnesota::stateland-admin-dnrfisheries-1,
d06cdf7fdd5d40288ea1a4002e56cb52_14,documentation_external,https://gis.data.mn.gov/datasets/minnesota::stateland-admin-dnrecologicalwaterresources-1,
d06cdf7fdd5d40288ea1a4002e56cb52_2,documentation_external,https://gis.data.mn.gov/datasets/minnesota::stateland-type-other-1,
d06cdf7fdd5d40288ea1a4002e56cb52_3,documentation_external,https://gis.data.mn.gov/datasets/minnesota::stateland-type-consolidatedconservation-1,
d06cdf7fdd5d40288ea1a4002e56cb52_4,documentation_external,https://gis.data.mn.gov/datasets/minnesota::stateland-type-acquired-1,
d06cdf7fdd5d40288ea1a4002e56cb52_5,documentation_external,https://gis.data.mn.gov/datasets/minnesota::stateland-interest-leaseinagreement-1,
d06cdf7fdd5d40288ea1a4002e56cb52_6,documentation_external,https://gis.data.mn.gov/datasets/minnesota::stateland-interest-feesurface-1,
d06cdf7fdd5d40288ea1a4002e56cb52_7,documentation_external,https://gis.data.mn.gov/datasets/minnesota::stateland-interest-easementin-1,
d06cdf7fdd5d40288ea1a4002e56cb52_8,documentation_external,https://gis.data.mn.gov/datasets/minnesota::stateland-interest-conservationeasement-1,
d06cdf7fdd5d40288ea1a4002e56cb52_9,documentation_external,https://gis.data.mn.gov/datasets/minnesota::stateland-admin-dnrwildlife-1,
b056066e71c84e6c94dab7f84bfc2fd2_0,documentation_external,https://gis.data.mn.gov/maps/minnesota::wt-elev-1,
b056066e71c84e6c94dab7f84bfc2fd2_1,documentation_external,https://gis.data.mn.gov/maps/minnesota::dep-wt-1,
8c1cac2220794236b8098fce3764110d_0,documentation_external,https://gis.data.mn.gov/datasets/minnesota::trout-stream-sanctuary-upper-point-1,
8c1cac2220794236b8098fce3764110d_1,documentation_external,https://gis.data.mn.gov/datasets/minnesota::trout-stream-posted-boundary-upper-point-1,
8c1cac2220794236b8098fce3764110d_2,documentation_external,https://gis.data.mn.gov/datasets/minnesota::trout-stream-special-regulations-1,
43392623c7dc471da0b84615b3a0faa4_0,documentation_external,https://gis.data.mn.gov/datasets/minnesota::state-designated-trout-streams-minnesota-1,
099d61e5630a4d3d90f653ccc5f0db6b_0,documentation_external,https://gis.data.mn.gov/datasets/minnesota::watershed-management-districts-and-organizations,
edc1ffac09254187b98a294fd8d9eaa8,documentation_external,https://gis.data.mn.gov/datasets/minnesota::statewide-seamless-2m-lidar-dem-minnesota-2nd-generation,
fe0aa68af730461eb2106be15572e42b,documentation_external,https://gis.data.mn.gov/datasets/minnesota::statewide-seamless-1m-lidar-dem-minnesota-2nd-generation,
2bf21a024b1a4df1be0b016b4751d649_0,documentation_external,https://gis.data.mn.gov/content/minnesota::2nd-generation-landscape-feature-index,
2bf21a024b1a4df1be0b016b4751d649_1,documentation_external,https://gis.data.mn.gov/datasets/minnesota::boundary,
2bf21a024b1a4df1be0b016b4751d649_2,documentation_external,https://gis.data.mn.gov/datasets/minnesota::footprint,
2bf21a024b1a4df1be0b016b4751d649_3,documentation_external,https://gis.data.mn.gov/maps/minnesota::image,
2bf21a024b1a4df1be0b016b4751d649_4,documentation_external,https://gis.data.mn.gov/content/minnesota::2nd-generation-hillshade,
2bf21a024b1a4df1be0b016b4751d649_5,documentation_external,https://gis.data.mn.gov/datasets/minnesota::boundary-1,
2bf21a024b1a4df1be0b016b4751d649_6,documentation_external,https://gis.data.mn.gov/datasets/minnesota::footprint-1,
2bf21a024b1a4df1be0b016b4751d649_7,documentation_external,https://gis.data.mn.gov/maps/minnesota::image-1,
317f05359f1446acad8ab9414fd2bd10_0,documentation_external,https://gis.data.mn.gov/datasets/minnesota::public-water-access-sites-in-minnesota-1,
f24c1f2b315a43549a494a7cefc643b1_0,documentation_external,https://gis.data.mn.gov/datasets/minnesota::minnesota-wetland-banking-program-easements,
4f784cd43ab34e09b7c8a28dde5182f2_14,documentation_external,https://gis.data.mn.gov/datasets/DakotaCounty::municipalities-dakota-county-minnesota,
4fd56626c8fb4538ad9f4ccfd1ad9fe1_0,documentation_external,https://gis.data.mn.gov/datasets/minnesota::minnesota-crop-sequence-boundaries-2022,
d887279047ae4ecc9e57c1cc05e2fee7_0,documentation_external,https://gis.data.mn.gov/datasets/minnesota::minnesota-crop-sequence-boundaries-2021-1,
4d61d20fd56c40a3b9f91b716beafc32_0,documentation_external,https://gis.data.mn.gov/datasets/minnesota::minnesota-crop-sequence-boundaries-2020-1,
fc18ea36e29d4b92ad2a47880c04ab40_0,documentation_external,https://gis.data.mn.gov/datasets/minnesota::minnesota-crop-sequence-boundaries-2019-1,
dd212908aa894720b2f2b6b93e4a6dde_0,documentation_external,https://gis.data.mn.gov/datasets/minnesota::minnesota-crop-sequence-boundaries-2018-1,
19ed875c89a34b3d865bea1929b038d4_0,documentation_external,https://gis.data.mn.gov/datasets/minnesota::minnesota-crop-sequence-boundaries-2017-1,
e8a7f72e6621404daf80ca38e57058a1_0,documentation_external,https://gis.data.mn.gov/datasets/minnesota::minnesota-crop-sequence-boundaries-2016-1,
0449056519434257949ad57e76beaf43_0,documentation_external,https://gis.data.mn.gov/datasets/minnesota::minnesota-crop-sequence-boundaries-2015-1,
9ec68dea89b74f6fb4a1bf11e97a0f4d_0,documentation_external,https://gis.data.mn.gov/datasets/minnesota::minnesota-agricultural-water-quality-certification-program-mawqcp-pilot-and-expanded-areas-1,
694bd187aa7e454d9871a77d6044ad3c,documentation_external,https://gis.data.mn.gov/datasets/minnesota::pollution-sensitivity-of-near-surface-materials-1,
0d1578a108ac49a68e94ce6010402ce6_0,documentation_external,https://gis.data.mn.gov/datasets/minnesota::assessed-wetlands-points-minnesota-2014-final-1,
0d1578a108ac49a68e94ce6010402ce6_1,documentation_external,https://gis.data.mn.gov/datasets/minnesota::assessed-lakes-points-minnesota-2014-final-1,
0d1578a108ac49a68e94ce6010402ce6_2,documentation_external,https://gis.data.mn.gov/datasets/minnesota::assessed-streams-minnesota-2014-final-1,
0d1578a108ac49a68e94ce6010402ce6_3,documentation_external,https://gis.data.mn.gov/datasets/minnesota::assessed-beaches-minnesota-2014-final-1,
0d1578a108ac49a68e94ce6010402ce6_4,documentation_external,https://gis.data.mn.gov/datasets/minnesota::assessed-wetlands-minnesota-2014-final-1,
0d1578a108ac49a68e94ce6010402ce6_5,documentation_external,https://gis.data.mn.gov/datasets/minnesota::assessed-lakes-minnesota-2014-final-1,
feb54e44e46542aeb9eb942121971dae_0,documentation_external,https://gis.data.mn.gov/datasets/minnesota::statewide-chemistry,
feb54e44e46542aeb9eb942121971dae_1,documentation_external,https://gis.data.mn.gov/datasets/minnesota::statewide-chemistry-all,
17407acecc394042a5c9f8b86a8d5085_0,documentation_external,https://gis.data.mn.gov/datasets/minnesota::paleocurrent-directions-1,
17407acecc394042a5c9f8b86a8d5085_1,documentation_external,https://gis.data.mn.gov/datasets/minnesota::glacial-structures-1,
17407acecc394042a5c9f8b86a8d5085_2,documentation_external,https://gis.data.mn.gov/datasets/minnesota::blue-mounds-state-park-geologic-stations-1,
17407acecc394042a5c9f8b86a8d5085_3,documentation_external,https://gis.data.mn.gov/datasets/minnesota::blue-mounds-state-park-geologic-features-1,
17407acecc394042a5c9f8b86a8d5085_4,documentation_external,https://gis.data.mn.gov/datasets/minnesota::bedding-1,
17407acecc394042a5c9f8b86a8d5085_5,documentation_external,https://gis.data.mn.gov/datasets/minnesota::blue-mounds-state-park-fractures-1,
17407acecc394042a5c9f8b86a8d5085_6,documentation_external,https://gis.data.mn.gov/datasets/minnesota::blue-mounds-state-park-outcrop-1,
17407acecc394042a5c9f8b86a8d5085_7,documentation_external,https://gis.data.mn.gov/datasets/minnesota::blue-mounds-state-park-bedrock-geologic-units-1,
e246e6ef8b7e43ab9b5542bbd7a5da8b_0,documentation_external,https://gis.data.mn.gov/datasets/minnesota::groundwater-provinces-of-minnesota-2021-1,
08a402f9dead45ab88d076eca33ebd74_0,documentation_external,https://gis.data.mn.gov/datasets/minnesota::dnr-fisheries-fish-hatcheries-1,
ee70abbc572c46d189f7aa4a0966536c_0,documentation_external,https://gis.data.mn.gov/datasets/minnesota::metro-transit-stops,
2d9c1510994f4dca9662503e96818c3b_0,documentation_external,https://gis.data.mn.gov/datasets/minnesota::impaired-wetland-points-minnesota-proposed-2024,
2d9c1510994f4dca9662503e96818c3b_1,documentation_external,https://gis.data.mn.gov/datasets/minnesota::impaired-lake-points-partially-within-reservations-minnesota-proposed-2024,
2d9c1510994f4dca9662503e96818c3b_10,documentation_external,https://gis.data.mn.gov/datasets/minnesota::corrected-streams-minnesota-proposed-2024,
2d9c1510994f4dca9662503e96818c3b_11,documentation_external,https://gis.data.mn.gov/datasets/minnesota::impaired-wetlands-minnesota-proposed-2024,
2d9c1510994f4dca9662503e96818c3b_12,documentation_external,https://gis.data.mn.gov/datasets/minnesota::impaired-lakes-partially-within-reservations-minnesota-proposed-2024,
2d9c1510994f4dca9662503e96818c3b_13,documentation_external,https://gis.data.mn.gov/datasets/minnesota::impaired-lakes-minnesota-proposed-2024,
2d9c1510994f4dca9662503e96818c3b_14,documentation_external,https://gis.data.mn.gov/datasets/minnesota::delisted-lakes-minnesota-proposed-2024,
2d9c1510994f4dca9662503e96818c3b_15,documentation_external,https://gis.data.mn.gov/datasets/minnesota::corrected-wetlands-minnesota-proposed-2024,
2d9c1510994f4dca9662503e96818c3b_16,documentation_external,https://gis.data.mn.gov/datasets/minnesota::corrected-lakes-minnesota-proposed-2024,
2d9c1510994f4dca9662503e96818c3b_2,documentation_external,https://gis.data.mn.gov/datasets/minnesota::impaired-lake-points-minnesota-proposed-2024,
2d9c1510994f4dca9662503e96818c3b_3,documentation_external,https://gis.data.mn.gov/datasets/minnesota::delisted-lake-points-minnesota-proposed-2024,
2d9c1510994f4dca9662503e96818c3b_4,documentation_external,https://gis.data.mn.gov/datasets/minnesota::corrected-wetlands-points-minnesota-proposed-2024,
2d9c1510994f4dca9662503e96818c3b_5,documentation_external,https://gis.data.mn.gov/datasets/minnesota::corrected-lake-points-minnesota-proposed-2024,
2d9c1510994f4dca9662503e96818c3b_6,documentation_external,https://gis.data.mn.gov/datasets/minnesota::impaired-streams-partially-within-reservations-minnesota-proposed-2024,
2d9c1510994f4dca9662503e96818c3b_7,documentation_external,https://gis.data.mn.gov/datasets/minnesota::impaired-streams-minnesota-proposed-2024,
2d9c1510994f4dca9662503e96818c3b_8,documentation_external,https://gis.data.mn.gov/datasets/minnesota::impaired-beaches-minnesota-proposed-2024,
2d9c1510994f4dca9662503e96818c3b_9,documentation_external,https://gis.data.mn.gov/datasets/minnesota::delist-2024-proposed-streams,
9152888e541347428ce4ca6a718c8fd0_0,documentation_external,https://gis.data.mn.gov/datasets/minnesota::dnr-watersheds-dnr-level-04-huc8-major-pour-points-20230901-1,
9152888e541347428ce4ca6a718c8fd0_1,documentation_external,https://gis.data.mn.gov/datasets/minnesota::dnr-watersheds-dnr-level-04-huc8-major-pour-points-2,
9152888e541347428ce4ca6a718c8fd0_2,documentation_external,https://gis.data.mn.gov/datasets/minnesota::minnesota-hydrologic-units-pour-points-2,
9152888e541347428ce4ca6a718c8fd0_3,documentation_external,https://gis.data.mn.gov/datasets/minnesota::minnesota-hydrologic-units-flow-network-lines-2,
9152888e541347428ce4ca6a718c8fd0_4,documentation_external,https://gis.data.mn.gov/datasets/minnesota::dnr-watersheds-dnr-level-08-all-catchments-3,
9152888e541347428ce4ca6a718c8fd0_5,documentation_external,https://gis.data.mn.gov/datasets/minnesota::dnr-watersheds-dnr-level-07-minors-2,
9152888e541347428ce4ca6a718c8fd0_6,documentation_external,https://gis.data.mn.gov/datasets/minnesota::dnr-watersheds-dnr-level-04-huc-08-majors-3,
9152888e541347428ce4ca6a718c8fd0_7,documentation_external,https://gis.data.mn.gov/datasets/minnesota::dnr-watersheds-dnr-level-02-huc-04-2,
df7027185dcd4aa4b6c70fc84053fa2a_0,documentation_external,https://gis.data.mn.gov/datasets/minnesota::metro-transit-routes,
1af69170fbfb4ded98e7478672f9ac47_6,documentation_external,https://gis.data.mn.gov/datasets/minnesota::metro-transit-patterns-by-street-segments,
b7eb58a4729348e4a30ce7e53fb9a870_0,documentation_external,https://gis.data.mn.gov/datasets/minnesota::dnr-wildlife-management-areas-public-facilities-points-1,
3ca6b2e8690a461998d72f3e800df51b_5,documentation_external,https://gis.data.mn.gov/datasets/minnesota::metro-transit-patterns-by-stop-segments,
bb4bc63319b1450aba1e70196c0ed8ae_4,documentation_external,https://gis.data.mn.gov/datasets/minnesota::metro-transit-patterns-by-node-segments,
94281a103e324fd4a1c7266af9e94310_3,documentation_external,https://gis.data.mn.gov/datasets/minnesota::metro-transit-patterns-change,
68a5645e3b6848a79c8ffdd11514a85a_1,documentation_external,https://gis.data.mn.gov/datasets/minnesota::metro-transit-patterns,
f8b8526a4e4f4fb4ad4c44f8a78f4318_2,documentation_external,https://gis.data.mn.gov/datasets/minnesota::meters-public-version,
f2f0e3b2234d45f1a90d4b84a3cdff44_0,documentation_external,https://gis.data.mn.gov/datasets/minnesota::lift-stations-public-version,
cff2dfe3aa974781a12a585c7b441cbf_0,documentation_external,https://gis.data.mn.gov/datasets/minnesota::lakes-and-rivers,
29edded7482647ac9c2926cf56aa0164_4,documentation_external,https://gis.data.mn.gov/datasets/minnesota::interceptors-public-version,
dcb3513614d34514bcc2c52571183ad3_2,documentation_external,https://gis.data.mn.gov/datasets/minnesota::historical-transit-routes,
469904c55c62452982234a850acd4631_1,documentation_external,https://gis.data.mn.gov/datasets/minnesota::historical-transit-facilities,
c920b202e0d44c62af7469757e761401_0,documentation_external,https://gis.data.mn.gov/datasets/minnesota::transitway-stations-locations-generalized-1,
c920b202e0d44c62af7469757e761401_1,documentation_external,https://gis.data.mn.gov/datasets/minnesota::transitway-alignments-generalized-1,
c920b202e0d44c62af7469757e761401_4,documentation_external,https://gis.data.mn.gov/datasets/minnesota::transitway-stations-attributes-generalized-1,
47982f6fe37248bbae997c16c81b4163_7,documentation_external,https://gis.data.mn.gov/datasets/minnesota::transit-trip-count-and-headway-by-route,
03ed7049e0ab44efbfa11e9bf93c85d5_6,documentation_external,https://gis.data.mn.gov/datasets/minnesota::transit-trip-count-and-headway-summary,
1a2009827d714c69b7c4d174b00fff8a_0,documentation_external,https://gis.data.mn.gov/datasets/minnesota::sap-bike-crash-risk-index,
e204604f9693490cbad47705070a0dd7_7,documentation_external,https://gis.data.mn.gov/datasets/minnesota::sap-reactive-pedestrian-corridors,
3b4f2f03b5fe432fa24fbaa457177c11_8,documentation_external,https://gis.data.mn.gov/datasets/minnesota::sap-reactive-motorcycle-corridors,
3c74422c39d04b9da67438eb14599975_6,documentation_external,https://gis.data.mn.gov/datasets/minnesota::sap-reactive-bike-corridors,
3269a16fe8dd422194546620099bd232_5,documentation_external,https://gis.data.mn.gov/datasets/minnesota::sap-reactive-auto-corridors,
2966944035ea48a4b5d2153a695fcbcb_4,documentation_external,https://gis.data.mn.gov/datasets/minnesota::sap-proactive-intersections,
d6c96615cef445a597b9c5badbf0c380_2,documentation_external,https://gis.data.mn.gov/datasets/minnesota::sap-motor-vehicle-crash-risk-index,
a0d1107894c04877a581c618e73d3f5b_1,documentation_external,https://gis.data.mn.gov/datasets/minnesota::sap-high-injury-streets-all-modes,
b7eb58a4729348e4a30ce7e53fb9a870_1,documentation_external,https://gis.data.mn.gov/datasets/minnesota::dnr-wildlife-management-areas-public-facilities-lines-1,
b5b21d1776644c99999efd8bff5f16e2_0,documentation_external,https://gis.data.mn.gov/datasets/minnesota::park-and-rides-and-transit-centers,
dce4c0c13853491090bffe6998c5181d_4,documentation_external,https://gis.data.mn.gov/datasets/minnesota::transit-taxing-district,
1eae59ef82a348ecad32fb0804b90926_0,documentation_external,https://gis.data.mn.gov/datasets/minnesota::metropolitan-planning-organization-area-2020,
bb17fc1a866a4f6396c33737e0bb0963_0,documentation_external,https://gis.data.mn.gov/datasets/minnesota::tax-parcels,
4d457b28300b415d8cc9b04d039935ae_2,documentation_external,https://gis.data.mn.gov/datasets/minnesota::sewersheds-public-version,
78a526696e30497eb779afbc7cc90209_1,documentation_external,https://gis.data.mn.gov/datasets/minnesota::liquid-waste-receiving-public-version,
3268f3d771ed4144807dfca4422b5431_2,documentation_external,https://gis.data.mn.gov/datasets/minnesota::metro-transit-patterns-archive,
d7903b83244a4878bcfb31f362bf5787_0,documentation_external,https://gis.data.mn.gov/datasets/UMN::d-07-minnesota-precambrian-geochronology-database,
69b3b2d5156b4188a605bd58072cc9bb_0,documentation_external,https://gis.data.mn.gov/datasets/UMN::d-06-minnesota-bedrock-structural-database,
4a105e06b129469da3ab2e29adf936a7_1,documentation_external,https://gis.data.mn.gov/datasets/UMN::cretaceous-albian-fm-3,
4a105e06b129469da3ab2e29adf936a7_10,documentation_external,https://gis.data.mn.gov/datasets/UMN::mesorpoterozoic-keweenawan-geology-under-lake-superior,
4a105e06b129469da3ab2e29adf936a7_11,documentation_external,https://gis.data.mn.gov/datasets/UMN::paleoproterozoic-precambrian-geology,
4a105e06b129469da3ab2e29adf936a7_13,documentation_external,https://gis.data.mn.gov/datasets/UMN::archean-contacts-faults,
4a105e06b129469da3ab2e29adf936a7_14,documentation_external,https://gis.data.mn.gov/datasets/UMN::archean-precambrain-geology,
4a105e06b129469da3ab2e29adf936a7_16,documentation_external,https://gis.data.mn.gov/datasets/UMN::mesoproterozoic-precambrian-geology,
4a105e06b129469da3ab2e29adf936a7_17,documentation_external,https://gis.data.mn.gov/datasets/UMN::precambrian-form-lines,
4a105e06b129469da3ab2e29adf936a7_18,documentation_external,https://gis.data.mn.gov/datasets/UMN::paleozoic-fault-1,
4a105e06b129469da3ab2e29adf936a7_19,documentation_external,https://gis.data.mn.gov/datasets/UMN::state-boundary-2,
4a105e06b129469da3ab2e29adf936a7_2,documentation_external,https://gis.data.mn.gov/datasets/UMN::cretaceous-coleraine-fm-3,
4a105e06b129469da3ab2e29adf936a7_21,documentation_external,https://gis.data.mn.gov/datasets/UMN::precambrian-dikes,
4a105e06b129469da3ab2e29adf936a7_3,documentation_external,https://gis.data.mn.gov/datasets/UMN::cretaceous-undifferentiated-3,
4a105e06b129469da3ab2e29adf936a7_4,documentation_external,https://gis.data.mn.gov/datasets/UMN::jurassic-3,
4a105e06b129469da3ab2e29adf936a7_6,documentation_external,https://gis.data.mn.gov/datasets/UMN::paleozoic-bedrock-5,
4a105e06b129469da3ab2e29adf936a7_8,documentation_external,https://gis.data.mn.gov/datasets/UMN::precambrian-contacts-faults-4,
4a105e06b129469da3ab2e29adf936a7_9,documentation_external,https://gis.data.mn.gov/datasets/UMN::mesorpoterozoic-keweenawan-sediment,
6ce64c4b0fe64d70ac9441b8624afc9b_0,documentation_external,https://gis.data.mn.gov/datasets/UMN::d-02-minnesota-bedrock-outcrop-database,
1427f0d1156e44a584e4b8bd68aa5bc7_0,documentation_external,https://gis.data.mn.gov/datasets/UMN::d-01-surficial-geology-of-minnesota,
ae9ccd616a374c409338d20c6a6bff0e_0,documentation_external,https://gis.data.mn.gov/datasets/minnesota::rbtn-destinations,
ae9ccd616a374c409338d20c6a6bff0e_1,documentation_external,https://gis.data.mn.gov/datasets/minnesota::rbtn-alignments,
ae9ccd616a374c409338d20c6a6bff0e_2,documentation_external,https://gis.data.mn.gov/datasets/minnesota::rbtn-corridors,
ae9ccd616a374c409338d20c6a6bff0e_3,documentation_external,https://gis.data.mn.gov/datasets/minnesota::major-river-bicycle-barrier-crossings,
fa1530a44b0e4d6eb5268957c5dd9a49_3,documentation_external,https://gis.data.mn.gov/datasets/minnesota::transit-advantages-1,
1b61d6b80e7c42d08606d8b6d506a270_0,documentation_external,https://gis.data.mn.gov/datasets/minnesota::high-frequency-network-1,
b7eb58a4729348e4a30ce7e53fb9a870_2,documentation_external,https://gis.data.mn.gov/datasets/minnesota::dnr-wildlife-management-areas-public-facilities-polygons-1,
7aa5d017c1fa4cb7a611d96369fcf2dc_0,documentation_external,https://gis.data.mn.gov/datasets/minnesota::metropolitan-council-districts,
af4dccc1771e41638da1584c0698c583_0,documentation_external,https://gis.data.mn.gov/datasets/wrightgis::wright-county-park-trails,
422bbbbb083f444fb107707e606ff140_2,documentation_external,https://gis.data.mn.gov/datasets/minnesota::regional-transit-authority-transit-service-area,
5e1e00b8f62c4f77a6d09af6bfd1df42_4,documentation_external,https://gis.data.mn.gov/datasets/minnesota::transitway-increased-revenue-scenario-2040,
61c8d26d555e4cdea96ba1280f8b7b29_2,documentation_external,https://gis.data.mn.gov/datasets/minnesota::manufactured-housing-parks,
7c8e9e6c073c423ab76c800f47e0415f_4,documentation_external,https://gis.data.mn.gov/datasets/minnesota::lca-transit-oriented-development-grant-areas-dissolved,
7e314628872246a2b614ab3129b48c50_3,documentation_external,https://gis.data.mn.gov/datasets/minnesota::transit-link-service-areas,
726ca23e14fa4aeca7b10bd289711e70_1,documentation_external,https://gis.data.mn.gov/datasets/minnesota::parks-policy-plan-regional-trails,
2eea42951475461fa6ad3555b0825bf0_2,documentation_external,https://gis.data.mn.gov/datasets/minnesota::parks-policy-plan-administrative-boundaries,
0469e8fa6d7147c7819110a6ea259fe6_0,documentation_external,https://gis.data.mn.gov/datasets/minnesota::public-parcels-metro-ctus,
5bf46466a6c44a66a31f1ac40094b457_0,documentation_external,https://gis.data.mn.gov/datasets/minnesota::minnesota-walk-in-access-sites-access-trails-1,
f6a23d34cbb64c4fa8021d8c492f4939_0,documentation_external,https://gis.data.mn.gov/datasets/minnesota::census-2020-population-block,
f6a23d34cbb64c4fa8021d8c492f4939_1,documentation_external,https://gis.data.mn.gov/datasets/minnesota::census-2020-population-block-group,
f6a23d34cbb64c4fa8021d8c492f4939_2,documentation_external,https://gis.data.mn.gov/datasets/minnesota::census-2020-population-mcd,
f6a23d34cbb64c4fa8021d8c492f4939_3,documentation_external,https://gis.data.mn.gov/datasets/minnesota::census-2020-population-school-district,
f6a23d34cbb64c4fa8021d8c492f4939_4,documentation_external,https://gis.data.mn.gov/datasets/minnesota::census-2020-population-tract,
f6a23d34cbb64c4fa8021d8c492f4939_5,documentation_external,https://gis.data.mn.gov/datasets/minnesota::census-2020-population-zip-code,
909f7265fe4040629ecee6ed742444a8,documentation_external,https://gis.data.mn.gov/datasets/UMN::d-03-depth-to-bedrock-2025-1,
f70069de20464372b75f3edcab7db3a5_0,documentation_external,https://gis.data.mn.gov/datasets/minnesota::state-wildlife-action-plan-habitats,
3d08352d6924465786752dc446f6ba71_2,documentation_external,https://gis.data.mn.gov/datasets/minnesota::imagine-2050-restorable-wetlands,
a5b34c1fbc874f33a5fe09f22a7e836a_1,documentation_external,https://gis.data.mn.gov/datasets/minnesota::imagine-2050-regionally-significant-ecological-areas,
980dad1f5e884b70b9a0c29e8ddb094f_0,documentation_external,https://gis.data.mn.gov/datasets/980dad1f5e884b70b9a0c29e8ddb094f_0,
caaf0b000d90478cbbc8901b15f52e49_0,documentation_external,https://gis.data.mn.gov/datasets/minnesota::targeted-regional-capacity,
caaf0b000d90478cbbc8901b15f52e49_1,documentation_external,https://gis.data.mn.gov/datasets/minnesota::spot-mobility,
caaf0b000d90478cbbc8901b15f52e49_2,documentation_external,https://gis.data.mn.gov/datasets/minnesota::regionally-significant-project-points,
caaf0b000d90478cbbc8901b15f52e49_3,documentation_external,https://gis.data.mn.gov/datasets/minnesota::interchanges,
caaf0b000d90478cbbc8901b15f52e49_4,documentation_external,https://gis.data.mn.gov/datasets/minnesota::highway-safety-projects,
328189ada4d04c3c849e5c05d82da847_0,documentation_external,https://gis.data.mn.gov/datasets/minnesota::mndnr-buildings-1,
3442c914daa74811a320ce5a8f97142c_0,documentation_external,https://gis.data.mn.gov/datasets/minnesota::stream-crossing-summary-1,
3442c914daa74811a320ce5a8f97142c_1,documentation_external,https://gis.data.mn.gov/datasets/minnesota::culvert-opening-1,
3442c914daa74811a320ce5a8f97142c_2,documentation_external,https://gis.data.mn.gov/datasets/minnesota::bridge-assessments-1,
dfa70fcba96e4d24ac73fef484b2da9c_10,documentation_external,https://gis.data.mn.gov/datasets/minnesota::pls-fortyln3,
dfa70fcba96e4d24ac73fef484b2da9c_11,documentation_external,https://gis.data.mn.gov/datasets/minnesota::pls4own-fortyln3,
dfa70fcba96e4d24ac73fef484b2da9c_12,documentation_external,https://gis.data.mn.gov/datasets/minnesota::twprng,
dfa70fcba96e4d24ac73fef484b2da9c_13,documentation_external,https://gis.data.mn.gov/datasets/minnesota::pls-twpspy3,
dfa70fcba96e4d24ac73fef484b2da9c_14,documentation_external,https://gis.data.mn.gov/datasets/minnesota::pls-sectpy3-1,
dfa70fcba96e4d24ac73fef484b2da9c_15,documentation_external,https://gis.data.mn.gov/datasets/minnesota::pls-quartpy3,
dfa70fcba96e4d24ac73fef484b2da9c_16,documentation_external,https://gis.data.mn.gov/datasets/minnesota::pls-fortypy3,
dfa70fcba96e4d24ac73fef484b2da9c_17,documentation_external,https://gis.data.mn.gov/datasets/minnesota::pls4own-fortypy3,
dfa70fcba96e4d24ac73fef484b2da9c_4,documentation_external,https://gis.data.mn.gov/datasets/minnesota::twplabpts,
dfa70fcba96e4d24ac73fef484b2da9c_5,documentation_external,https://gis.data.mn.gov/datasets/minnesota::pls-twpspt3,
dfa70fcba96e4d24ac73fef484b2da9c_6,documentation_external,https://gis.data.mn.gov/datasets/minnesota::pls-sectpt3,
dfa70fcba96e4d24ac73fef484b2da9c_7,documentation_external,https://gis.data.mn.gov/datasets/minnesota::pls-quartpt3,
dfa70fcba96e4d24ac73fef484b2da9c_8,documentation_external,https://gis.data.mn.gov/datasets/minnesota::pls-fortypt3,
dfa70fcba96e4d24ac73fef484b2da9c_9,documentation_external,https://gis.data.mn.gov/datasets/minnesota::pls4own-fortypt3,
85b1b3a42b6649d7b3a0704a8be529a8_0,documentation_external,https://gis.data.mn.gov/datasets/minnesota::dnr-qq-quad-tile-scheme-centroids-1,
85b1b3a42b6649d7b3a0704a8be529a8_1,documentation_external,https://gis.data.mn.gov/datasets/minnesota::dnr-qq-quad-tile-scheme-polygons-1,
36103107d3b84414b95c4c225c5b6c88_0,documentation_external,https://gis.data.mn.gov/datasets/minnesota::usgs-1250000-2-by-1-degree-quadrangle-index-1,
42bf50e37e1f4ce2a8ec24569f0e3e34_0,documentation_external,https://gis.data.mn.gov/datasets/minnesota::usgs-1100000-1-by-1-2-degree-quadrangle-index-1,
1ef8d9f0700b465e9d3d601e08123ffc_0,documentation_external,https://gis.data.mn.gov/datasets/minnesota::usgs-124000-7-1-2-minute-quadrangle-index-1,
44d9a7d134c34895a6477560dabad3ab_0,documentation_external,https://gis.data.mn.gov/datasets/minnesota::usgs-112000-quarter-7-1-2-minute-quadrangle-index-1,
44b400dda3854ff3a639d001a6ba17ad_0,documentation_external,https://gis.data.mn.gov/datasets/minnesota::usgs-162500-15-minute-quadrangle-index-1,
a883589d33ea452884413040017a0457_0,documentation_external,https://gis.data.mn.gov/datasets/minnesota::surficial-sands-of-minnesota-1,
eadf2fab3cc14d30a68f3d74d9b5c20a_0,documentation_external,https://gis.data.mn.gov/datasets/eadf2fab3cc14d30a68f3d74d9b5c20a_0,
eadf2fab3cc14d30a68f3d74d9b5c20a_1,documentation_external,https://gis.data.mn.gov/datasets/eadf2fab3cc14d30a68f3d74d9b5c20a_1,
eadf2fab3cc14d30a68f3d74d9b5c20a_10,documentation_external,https://gis.data.mn.gov/datasets/eadf2fab3cc14d30a68f3d74d9b5c20a_10,
eadf2fab3cc14d30a68f3d74d9b5c20a_11,documentation_external,https://gis.data.mn.gov/datasets/eadf2fab3cc14d30a68f3d74d9b5c20a_11,
eadf2fab3cc14d30a68f3d74d9b5c20a_12,documentation_external,https://gis.data.mn.gov/datasets/eadf2fab3cc14d30a68f3d74d9b5c20a_12,
eadf2fab3cc14d30a68f3d74d9b5c20a_13,documentation_external,https://gis.data.mn.gov/datasets/eadf2fab3cc14d30a68f3d74d9b5c20a_13,
eadf2fab3cc14d30a68f3d74d9b5c20a_14,documentation_external,https://gis.data.mn.gov/datasets/eadf2fab3cc14d30a68f3d74d9b5c20a_14,
eadf2fab3cc14d30a68f3d74d9b5c20a_15,documentation_external,https://gis.data.mn.gov/datasets/eadf2fab3cc14d30a68f3d74d9b5c20a_15,
eadf2fab3cc14d30a68f3d74d9b5c20a_16,documentation_external,https://gis.data.mn.gov/datasets/eadf2fab3cc14d30a68f3d74d9b5c20a_16,
eadf2fab3cc14d30a68f3d74d9b5c20a_17,documentation_external,https://gis.data.mn.gov/datasets/eadf2fab3cc14d30a68f3d74d9b5c20a_17,
eadf2fab3cc14d30a68f3d74d9b5c20a_18,documentation_external,https://gis.data.mn.gov/datasets/eadf2fab3cc14d30a68f3d74d9b5c20a_18,
eadf2fab3cc14d30a68f3d74d9b5c20a_19,documentation_external,https://gis.data.mn.gov/datasets/eadf2fab3cc14d30a68f3d74d9b5c20a_19,
eadf2fab3cc14d30a68f3d74d9b5c20a_2,documentation_external,https://gis.data.mn.gov/datasets/eadf2fab3cc14d30a68f3d74d9b5c20a_2,
eadf2fab3cc14d30a68f3d74d9b5c20a_20,documentation_external,https://gis.data.mn.gov/datasets/eadf2fab3cc14d30a68f3d74d9b5c20a_20,
eadf2fab3cc14d30a68f3d74d9b5c20a_21,documentation_external,https://gis.data.mn.gov/datasets/eadf2fab3cc14d30a68f3d74d9b5c20a_21,
eadf2fab3cc14d30a68f3d74d9b5c20a_22,documentation_external,https://gis.data.mn.gov/datasets/eadf2fab3cc14d30a68f3d74d9b5c20a_22,
eadf2fab3cc14d30a68f3d74d9b5c20a_23,documentation_external,https://gis.data.mn.gov/datasets/eadf2fab3cc14d30a68f3d74d9b5c20a_23,
eadf2fab3cc14d30a68f3d74d9b5c20a_24,documentation_external,https://gis.data.mn.gov/datasets/eadf2fab3cc14d30a68f3d74d9b5c20a_24,
eadf2fab3cc14d30a68f3d74d9b5c20a_25,documentation_external,https://gis.data.mn.gov/datasets/eadf2fab3cc14d30a68f3d74d9b5c20a_25,
eadf2fab3cc14d30a68f3d74d9b5c20a_26,documentation_external,https://gis.data.mn.gov/datasets/eadf2fab3cc14d30a68f3d74d9b5c20a_26,
eadf2fab3cc14d30a68f3d74d9b5c20a_27,documentation_external,https://gis.data.mn.gov/datasets/eadf2fab3cc14d30a68f3d74d9b5c20a_27,
eadf2fab3cc14d30a68f3d74d9b5c20a_28,documentation_external,https://gis.data.mn.gov/datasets/eadf2fab3cc14d30a68f3d74d9b5c20a_28,
eadf2fab3cc14d30a68f3d74d9b5c20a_29,documentation_external,https://gis.data.mn.gov/datasets/eadf2fab3cc14d30a68f3d74d9b5c20a_29,
eadf2fab3cc14d30a68f3d74d9b5c20a_3,documentation_external,https://gis.data.mn.gov/datasets/eadf2fab3cc14d30a68f3d74d9b5c20a_3,
eadf2fab3cc14d30a68f3d74d9b5c20a_30,documentation_external,https://gis.data.mn.gov/datasets/eadf2fab3cc14d30a68f3d74d9b5c20a_30,
eadf2fab3cc14d30a68f3d74d9b5c20a_4,documentation_external,https://gis.data.mn.gov/datasets/eadf2fab3cc14d30a68f3d74d9b5c20a_4,
eadf2fab3cc14d30a68f3d74d9b5c20a_5,documentation_external,https://gis.data.mn.gov/datasets/eadf2fab3cc14d30a68f3d74d9b5c20a_5,
eadf2fab3cc14d30a68f3d74d9b5c20a_6,documentation_external,https://gis.data.mn.gov/datasets/eadf2fab3cc14d30a68f3d74d9b5c20a_6,
eadf2fab3cc14d30a68f3d74d9b5c20a_7,documentation_external,https://gis.data.mn.gov/datasets/eadf2fab3cc14d30a68f3d74d9b5c20a_7,
eadf2fab3cc14d30a68f3d74d9b5c20a_8,documentation_external,https://gis.data.mn.gov/datasets/eadf2fab3cc14d30a68f3d74d9b5c20a_8,
eadf2fab3cc14d30a68f3d74d9b5c20a_9,documentation_external,https://gis.data.mn.gov/datasets/eadf2fab3cc14d30a68f3d74d9b5c20a_9,
d8528f576aea478a86abd07099cb0a1d_0,documentation_external,https://gis.data.mn.gov/datasets/minnesota::surfacekarst-carbonateonly-1,
d8528f576aea478a86abd07099cb0a1d_1,documentation_external,https://gis.data.mn.gov/datasets/minnesota::surfacekarst-carbonate-sandstone-1,
91ef630ab3794faaa850921f3eebe53f_0,documentation_external,https://gis.data.mn.gov/datasets/minnesota::potentially-wet-histosols-in-minnesota-1,
173d3993a9f2433bb093c970ac3e8d38_0,documentation_external,https://gis.data.mn.gov/datasets/minnesota::peat-inventory-of-minnesota-1,
8cb779e2c1a54befa787f6b5b9ed8870_0,documentation_external,https://gis.data.mn.gov/datasets/minnesota::sapolygon-1,
8cb779e2c1a54befa787f6b5b9ed8870_1,documentation_external,https://gis.data.mn.gov/maps/minnesota::gnatsgo-histosols-1,
8cb779e2c1a54befa787f6b5b9ed8870_2,documentation_external,https://gis.data.mn.gov/datasets/minnesota::legend-1,
800809e5eeb34f8687e03e05aaa8d513_0,documentation_external,https://gis.data.mn.gov/datasets/minnesota::areal-extent-of-the-mt-simon-hinckley-aquifer-1,
32f9f4c0bd8940609464742946c8da90,documentation_external,https://gis.data.mn.gov/datasets/minnesota::mississippi-river-corridor-critical-area-mrcca-soil-erosion-susceptibility-1,
3242279480c24fb797c85211414e84c8_0,documentation_external,https://gis.data.mn.gov/datasets/minnesota::points-2,
3242279480c24fb797c85211414e84c8_1,documentation_external,https://gis.data.mn.gov/datasets/minnesota::grids-1,
3242279480c24fb797c85211414e84c8_2,documentation_external,https://gis.data.mn.gov/datasets/minnesota::mineral-exploration-areas-1,
3242279480c24fb797c85211414e84c8_3,documentation_external,https://gis.data.mn.gov/datasets/minnesota::georeferenced-map-footprints-1,
3242279480c24fb797c85211414e84c8_4,documentation_external,https://gis.data.mn.gov/datasets/minnesota::outcrops-1,
3242279480c24fb797c85211414e84c8_5,documentation_external,https://gis.data.mn.gov/datasets/minnesota::minarchive-documents-table-1,
cf6a336df28c499ea83fcfd5b80f6b39_0,documentation_external,https://gis.data.mn.gov/datasets/minnesota::lehmann-collection-exploration-areas-1,
cf6a336df28c499ea83fcfd5b80f6b39_1,documentation_external,https://gis.data.mn.gov/maps/minnesota::polaris-joint-venture-georef-map-1,
0fff6a888a3046298350ad5bfad23e19_0,documentation_external,https://gis.data.mn.gov/datasets/minnesota::dnr-mineral-potential-section-projects-since-1976-1,
278ecae336024131bf466642b7dbda4a_0,documentation_external,https://gis.data.mn.gov/datasets/minnesota::ecological-land-type-associations-of-minnesota-1,
8e8e02c2b34d4bff8d88fd8c1d8d8c87,documentation_external,https://gis.data.mn.gov/datasets/minnesota::usfs-ssurgo-based-histosols,
cde55d26842d4f4e94641adef0efbf10_0,documentation_external,https://gis.data.mn.gov/datasets/minnesota::score-the-shore-survey-minnesota-1,
a9c5fa193906424e93226d491da7dce7_0,documentation_external,https://gis.data.mn.gov/datasets/minnesota::m-102-primary-sources-of-construction-aggregate-in-the-twin-cities-seven-county-metropolitan-area-compilation-of-pits-and-quarries-1,
a9c5fa193906424e93226d491da7dce7_1,documentation_external,https://gis.data.mn.gov/datasets/minnesota::aggregate-resource-mapping-program-compilation-of-dnr-test-holes-1,
a9c5fa193906424e93226d491da7dce7_10,documentation_external,https://gis.data.mn.gov/datasets/minnesota::armp-fieldobservations-attach,
a9c5fa193906424e93226d491da7dce7_2,documentation_external,https://gis.data.mn.gov/datasets/minnesota::aggregate-resource-mapping-program-compilation-of-geologic-field-observations-1,
a9c5fa193906424e93226d491da7dce7_3,documentation_external,https://gis.data.mn.gov/datasets/minnesota::aggregate-resource-mapping-program-compilation-of-gravel-pits-quarries-and-prospects-1,
a9c5fa193906424e93226d491da7dce7_4,documentation_external,https://gis.data.mn.gov/datasets/minnesota::m-102-primary-sources-of-construction-aggregate-in-the-twin-cities-seven-county-metropolitan-area-sand-and-gravel-sources-1,
a9c5fa193906424e93226d491da7dce7_5,documentation_external,https://gis.data.mn.gov/datasets/minnesota::m-102-primary-sources-of-construction-aggregate-in-the-twin-cities-seven-county-metropolitan-area-bedrock-aggregate-sources-1,
a9c5fa193906424e93226d491da7dce7_6,documentation_external,https://gis.data.mn.gov/datasets/minnesota::aggregate-resource-mapping-program-compilation-of-sand-and-gravel-resource-potential-1,
a9c5fa193906424e93226d491da7dce7_7,documentation_external,https://gis.data.mn.gov/datasets/minnesota::aggregate-resource-mapping-program-compilation-of-crushed-stone-resource-potential-1,
caaf0b000d90478cbbc8901b15f52e49_5,documentation_external,https://gis.data.mn.gov/datasets/minnesota::travel-time-index,
caaf0b000d90478cbbc8901b15f52e49_6,documentation_external,https://gis.data.mn.gov/datasets/minnesota::regionally-significant-project-lines,
d005e387eb2041e1aaed189c3c692d48_0,documentation_external,https://gis.data.mn.gov/datasets/minnesota::project-location-points,
d005e387eb2041e1aaed189c3c692d48_1,documentation_external,https://gis.data.mn.gov/datasets/minnesota::freight-terminals,
d005e387eb2041e1aaed189c3c692d48_2,documentation_external,https://gis.data.mn.gov/datasets/minnesota::primary-highway-freight-system,
d005e387eb2041e1aaed189c3c692d48_3,documentation_external,https://gis.data.mn.gov/datasets/minnesota::non-primary-highway-freight-system,
d005e387eb2041e1aaed189c3c692d48_4,documentation_external,https://gis.data.mn.gov/datasets/minnesota::freight-corridors,
d005e387eb2041e1aaed189c3c692d48_5,documentation_external,https://gis.data.mn.gov/datasets/minnesota::critical-rural-and-urban-freight-corridors,
d005e387eb2041e1aaed189c3c692d48_6,documentation_external,https://gis.data.mn.gov/datasets/minnesota::active-railroads,
54eb2d6974d34383a336f164e2a51b4a_0,documentation_external,https://gis.data.mn.gov/datasets/54eb2d6974d34383a336f164e2a51b4a_0,
d28c3e68015049f5a16955684d2b324c_2,documentation_external,https://gis.data.mn.gov/datasets/minnesota::localized-flooding-for-climate-vulnerability-screening,
97182cc5f9bb405f995d47727ace309e_1,documentation_external,https://gis.data.mn.gov/datasets/minnesota::flood-hazards-linear-transit-features,
5cf9198d97124ce494eb0cf5837cdf0f_0,documentation_external,https://gis.data.mn.gov/datasets/5cf9198d97124ce494eb0cf5837cdf0f_0,
453c0f3d03524469b0cbd30bc7ddc897_0,documentation_external,https://gis.data.mn.gov/datasets/453c0f3d03524469b0cbd30bc7ddc897_0,
5781d84f9c744747bebae6d0b67ad834_0,documentation_external,https://gis.data.mn.gov/datasets/5781d84f9c744747bebae6d0b67ad834_0,
23e48132d82d4898a3e80bb615fa1d9b_0,documentation_external,https://gis.data.mn.gov/datasets/23e48132d82d4898a3e80bb615fa1d9b_0,
eb2f9531e1634a90833b187c8135ff34_0,documentation_external,https://gis.data.mn.gov/datasets/eb2f9531e1634a90833b187c8135ff34_0,
6607744f7c044d4d9d416d68e227a8ec_0,documentation_external,https://gis.data.mn.gov/datasets/minnesota::tip-final-point,
6607744f7c044d4d9d416d68e227a8ec_1,documentation_external,https://gis.data.mn.gov/datasets/minnesota::tip-final-line,
6607744f7c044d4d9d416d68e227a8ec_2,documentation_external,https://gis.data.mn.gov/datasets/minnesota::tip-final-full-table,
6607744f7c044d4d9d416d68e227a8ec_3,documentation_external,https://gis.data.mn.gov/datasets/minnesota::tip-final-unmapped,
ee9d7a270bd4436eb1e2ce8c38e5b777_0,documentation_external,https://gis.data.mn.gov/datasets/minnesota::functional-class-roads-existing,
fd74124b5c6c4c56a7996612ca652957_1,documentation_external,https://gis.data.mn.gov/datasets/minnesota::functional-class-roads-planned,
cea33d26c60540fd971c44d90b723878_1,documentation_external,https://gis.data.mn.gov/datasets/minnesota::taz-official-with-current-forecasts,
0b51e57a8cac48d5a9d606911eda9198_3,documentation_external,https://gis.data.mn.gov/datasets/minnesota::taz-forecasts-by-taz-community,
1de9005d738247afac8d6dd5475c2b7d_0,documentation_external,https://gis.data.mn.gov/datasets/minnesota::metro-transit-better-bus-stops,
9202c0cdb94b489bb53dc834fb8a927e_0,documentation_external,https://gis.data.mn.gov/datasets/minnesota::road-centerlines,
c92f5acf05a046d7a59b5108c721640f_0,documentation_external,https://gis.data.mn.gov/datasets/minnesota::address-points-1,
3a5257076c814bfa87295f33505cca05_1,documentation_external,https://gis.data.mn.gov/datasets/minnesota::metro-transit-adopt-a-stops,
72205f4c8ce64f4ca13e05e995bc6e0b_1,documentation_external,https://gis.data.mn.gov/datasets/minnesota::metropolitan-bikeways,
0886bf6cfb8d454f82041f54d9a7c251_0,documentation_external,https://gis.data.mn.gov/datasets/minnesota::dtat-areas,
0886bf6cfb8d454f82041f54d9a7c251_1,documentation_external,https://gis.data.mn.gov/datasets/minnesota::dtat-alignments,
0886bf6cfb8d454f82041f54d9a7c251_2,documentation_external,https://gis.data.mn.gov/datasets/minnesota::dtat-stations,
e9fb4b228ca34564b9cfd01fa9b1815f_0,documentation_external,https://gis.data.mn.gov/datasets/minnesota::dtat-non-residential-permits,
e9fb4b228ca34564b9cfd01fa9b1815f_1,documentation_external,https://gis.data.mn.gov/datasets/minnesota::dtat-residential-permits,
dfce895794034600929425f0aeacbe0c_0,documentation_external,https://gis.data.mn.gov/datasets/minnesota::drainage-centerlines-1,
dfce895794034600929425f0aeacbe0c_1,documentation_external,https://gis.data.mn.gov/datasets/minnesota::ditchshed,
dfce895794034600929425f0aeacbe0c_2,documentation_external,https://gis.data.mn.gov/datasets/minnesota::drainage-authorities-1,
dfce895794034600929425f0aeacbe0c_3,documentation_external,https://gis.data.mn.gov/datasets/minnesota::systems-1,
1bd4e32492b14d40bf69e3b34a5a87e4_0,documentation_external,https://gis.data.mn.gov/datasets/minnesota::drainage-centerlines-6,
1bd4e32492b14d40bf69e3b34a5a87e4_1,documentation_external,https://gis.data.mn.gov/datasets/minnesota::drainage-authorities-5,
1bd4e32492b14d40bf69e3b34a5a87e4_2,documentation_external,https://gis.data.mn.gov/datasets/minnesota::systems-5,
05a4cd747fa44707a12b53f531764e41_0,documentation_external,https://gis.data.mn.gov/datasets/minnesota::structures-3,
05a4cd747fa44707a12b53f531764e41_1,documentation_external,https://gis.data.mn.gov/datasets/minnesota::drainage-centerlines-7,
05a4cd747fa44707a12b53f531764e41_2,documentation_external,https://gis.data.mn.gov/datasets/minnesota::ditchshed-8,
05a4cd747fa44707a12b53f531764e41_3,documentation_external,https://gis.data.mn.gov/datasets/minnesota::drainage-authorities-6,
05a4cd747fa44707a12b53f531764e41_4,documentation_external,https://gis.data.mn.gov/datasets/minnesota::systems-6,
e4608ffa71bc402ab180cca5db5052fa_0,documentation_external,https://gis.data.mn.gov/datasets/minnesota::drainage-centerlines-13,
e4608ffa71bc402ab180cca5db5052fa_1,documentation_external,https://gis.data.mn.gov/datasets/minnesota::ditchshed-9,
e4608ffa71bc402ab180cca5db5052fa_2,documentation_external,https://gis.data.mn.gov/datasets/minnesota::drainage-authorities-10,
e4608ffa71bc402ab180cca5db5052fa_3,documentation_external,https://gis.data.mn.gov/datasets/minnesota::systems-10,
5e98533386e846c79684da1f83c7c6bf_0,documentation_external,https://gis.data.mn.gov/datasets/minnesota::profile-points,
5e98533386e846c79684da1f83c7c6bf_1,documentation_external,https://gis.data.mn.gov/datasets/minnesota::structures,
5e98533386e846c79684da1f83c7c6bf_2,documentation_external,https://gis.data.mn.gov/datasets/minnesota::drainage-centerlines-11,
5e98533386e846c79684da1f83c7c6bf_3,documentation_external,https://gis.data.mn.gov/datasets/minnesota::ditchshed-1,
5e98533386e846c79684da1f83c7c6bf_4,documentation_external,https://gis.data.mn.gov/datasets/minnesota::drainage-authorities-8,
5e98533386e846c79684da1f83c7c6bf_5,documentation_external,https://gis.data.mn.gov/datasets/minnesota::systems-8,
81583aeb32da4bf08f03286d22989826,documentation_external,https://gis.data.mn.gov/datasets/minnesota::becker-county-work-unit-hydro-flattened-bare-earth-dem,
79094c65c3e24c0391a20f3cf94834d1,documentation_external,https://gis.data.mn.gov/datasets/minnesota::rainy-lake-work-unit-1-4-hydro-flattened-bare-earth-dem,
32faddb495774df29d3c7a5976b7a71a,documentation_external,https://gis.data.mn.gov/datasets/minnesota::minnesota-river-west-work-unit-3-hydro-flattened-bare-earth-dem,
5f67c7dade2b48e48864bff6542c0074,documentation_external,https://gis.data.mn.gov/datasets/minnesota::minnesota-river-west-work-unit-2-hydro-flattened-bare-earth-dem,
dfbc8852a2aa4af2a04a01fe147fe7bc,documentation_external,https://gis.data.mn.gov/datasets/minnesota::minnesota-river-west-work-unit-1-hydro-flattened-bare-earth-dem,
5ca8023cd2484d1cb464f74f209506f8,documentation_external,https://gis.data.mn.gov/datasets/minnesota::minnesota-river-east-work-unit-2-hydro-flattened-bare-earth-dem,
d7ae70771b4a4a1a910a502cc3546514,documentation_external,https://gis.data.mn.gov/datasets/minnesota::minnesota-river-east-work-unit-1-hydro-flattened-bare-earth-dem,
1912e5ff28db4ace8951295367781ee3,documentation_external,https://gis.data.mn.gov/datasets/minnesota::lake-superior-work-unit-hydro-flattened-bare-earth-dem,
afef4fcdae3f4bde94ae92890cb13777,documentation_external,https://gis.data.mn.gov/datasets/minnesota::missouri-big-sioux-work-unit-hydro-flattened-bare-earth-dem,
724eeca5d3ab48589cc893fc9e5218a2,documentation_external,https://gis.data.mn.gov/datasets/minnesota::lower-mississippi-work-unit-4-hydro-flattened-bare-earth-dem,
61caa8c017454987a7de31bf6c5a0618,documentation_external,https://gis.data.mn.gov/datasets/minnesota::lower-mississippi-work-unit-3-hydro-flattened-bare-earth-dem,
9506fb10126e4e2e83ce23eac5f08cfb,documentation_external,https://gis.data.mn.gov/datasets/minnesota::lower-mississippi-work-unit-1-hydro-flattened-bare-earth-dem,
2f349947f9b040aeae41733071a17fd3,documentation_external,https://gis.data.mn.gov/datasets/minnesota::lower-mississippi-work-unit-5-hydro-flattened-bare-earth-dem,
50c3271985d94146895ce583cf987aee,documentation_external,https://gis.data.mn.gov/datasets/minnesota::lower-mississippi-work-unit-2-hydro-flattened-bare-earth-dem,
6df98039de8243a6926b56270d23d1fb,documentation_external,https://gis.data.mn.gov/datasets/minnesota::central-mississippi-river-work-unit-2-hydro-flattened-bare-earth-dem,
e546c341087f45ee9963d12b6d2f81dd,documentation_external,https://gis.data.mn.gov/datasets/minnesota::central-mississippi-river-work-unit-6-hydro-flattened-bare-earth-dem,
ae289bc3c7b64e8495acc5f0c5899eb7,documentation_external,https://gis.data.mn.gov/datasets/minnesota::central-mississippi-river-work-unit-5-hydro-flattened-bare-earth-dem,
acfbbbdac1d2403b95ee3be95c4710f8,documentation_external,https://gis.data.mn.gov/datasets/minnesota::central-mississippi-river-work-unit-4-hydro-flattened-bare-earth-dem,
9fe7a021fc48406082e22773e292d926,documentation_external,https://gis.data.mn.gov/datasets/minnesota::central-mississippi-river-work-unit-3-hydro-flattened-bare-earth-dem,
da996f8d27fb4f3abe212674eddf7594,documentation_external,https://gis.data.mn.gov/datasets/minnesota::upper-mississippi-work-unit-1-hydro-flattened-bare-earth-dem,
46bd3dd2a8ed474ca154237a77f04043,documentation_external,https://gis.data.mn.gov/datasets/minnesota::upper-mississippi-work-unit-3-hydro-flattened-bare-earth-dem,
d59a9be8e65948b09884d58ec63c6bc6,documentation_external,https://gis.data.mn.gov/datasets/minnesota::upper-mississippi-work-unit-6-hydro-flattened-bare-earth-dem,
906943391ac04e84bbd1196c153d5d51,documentation_external,https://gis.data.mn.gov/datasets/minnesota::upper-mississippi-work-unit-5-hydro-flattened-bare-earth-dem,
5d4bf5323bba486e97fd5434e95d53e2,documentation_external,https://gis.data.mn.gov/datasets/minnesota::upper-mississippi-work-unit-4-hydro-flattened-bare-earth-dem,
9152888e541347428ce4ca6a718c8fd0_8,documentation_external,https://gis.data.mn.gov/datasets/minnesota::dnr-watersheds-dnr-level-01-huc-02-2,
2cd2f7084f634ed291a98912e40204a9_0,documentation_external,https://gis.data.mn.gov/datasets/minnesota::assessed-wetlands-points-minnesota-2016-1,
2cd2f7084f634ed291a98912e40204a9_1,documentation_external,https://gis.data.mn.gov/datasets/minnesota::assessed-lakes-points-minnesota-2016-1,
2cd2f7084f634ed291a98912e40204a9_2,documentation_external,https://gis.data.mn.gov/datasets/minnesota::assessed-streams-minnesota-2016-1,
2cd2f7084f634ed291a98912e40204a9_3,documentation_external,https://gis.data.mn.gov/datasets/minnesota::assessed-beaches-minnesota-2016-1,
2cd2f7084f634ed291a98912e40204a9_4,documentation_external,https://gis.data.mn.gov/datasets/minnesota::assessed-wetlands-minnesota-2016-1,
2cd2f7084f634ed291a98912e40204a9_5,documentation_external,https://gis.data.mn.gov/datasets/minnesota::assessed-lakes-minnesota-2016-1,
d67ee8b50aa94a96bce91acf5c5c882a_0,documentation_external,https://gis.data.mn.gov/datasets/minnesota::dnr-watersheds-dnr-level-04-huc8-major-pour-points-3,
d67ee8b50aa94a96bce91acf5c5c882a_1,documentation_external,https://gis.data.mn.gov/datasets/minnesota::minnesota-hydrologic-units-pour-points-3,
d67ee8b50aa94a96bce91acf5c5c882a_2,documentation_external,https://gis.data.mn.gov/datasets/minnesota::minnesota-hydrologic-units-flow-network-lines-3,
d67ee8b50aa94a96bce91acf5c5c882a_3,documentation_external,https://gis.data.mn.gov/datasets/minnesota::dnr-watersheds-dnr-level-08-all-catchments-4,
d67ee8b50aa94a96bce91acf5c5c882a_4,documentation_external,https://gis.data.mn.gov/datasets/minnesota::dnr-watersheds-dnr-level-07-minors-3,
d67ee8b50aa94a96bce91acf5c5c882a_5,documentation_external,https://gis.data.mn.gov/datasets/minnesota::dnr-watersheds-dnr-level-04-huc-08-majors-4,
d67ee8b50aa94a96bce91acf5c5c882a_6,documentation_external,https://gis.data.mn.gov/datasets/minnesota::dnr-watersheds-dnr-level-02-huc-04-3,
d67ee8b50aa94a96bce91acf5c5c882a_7,documentation_external,https://gis.data.mn.gov/datasets/minnesota::dnr-watersheds-dnr-level-01-huc-02-3,
0725383c7aa540c7ba71a8474d2d9e9b,documentation_external,https://gis.data.mn.gov/datasets/minnesota::upper-mississippi-work-unit-2-hydro-flattened-bare-earth-dem,
03ffc04cc6cd423aaa097079bef8ec15_0,documentation_external,https://gis.data.mn.gov/datasets/minnesota::dim-stone-northern-mn-jan2018-1,
03ffc04cc6cd423aaa097079bef8ec15_1,documentation_external,https://gis.data.mn.gov/datasets/minnesota::dim-stone-northern-mn-1,
cb1c7c765c89413eb3bb338dbe0e3f29_0,documentation_external,https://gis.data.mn.gov/datasets/minnesota::trout-stream-designation-pls-sections-2,
cb1c7c765c89413eb3bb338dbe0e3f29_1,documentation_external,https://gis.data.mn.gov/datasets/minnesota::pls-trout-designation-master-2,
3c84436653e54d1cb0682bebe2722b39_0,documentation_external,https://gis.data.mn.gov/datasets/minnesota::designated-water-features-wild-scenic-and-recreational-rivers-1,
c19bb308e4ae4863a4cb595784b14d6b_0,documentation_external,https://gis.data.mn.gov/datasets/minnesota::pollution-sensitivity-of-the-bedrock-surface-minnesota-hydrogeology-atlas-series-hg-01-1,
c6c97394a2264090b8cfbd6cb837e096_0,documentation_external,https://gis.data.mn.gov/datasets/minnesota::dnr-hydrography-fishing-in-the-neighborhood-fin-ponds-1,
670159c260b2479c8fc641dc7915b844_0,documentation_external,https://gis.data.mn.gov/datasets/minnesota::ecs-subsections-of-mn-v99a-1,
670159c260b2479c8fc641dc7915b844_1,documentation_external,https://gis.data.mn.gov/datasets/minnesota::ecs-sections-of-mn-v99a-1,
670159c260b2479c8fc641dc7915b844_2,documentation_external,https://gis.data.mn.gov/datasets/minnesota::ecs-provinces-of-mn-v99a-1,
01e9624e59dc40af85c43c45b3598576_0,documentation_external,https://gis.data.mn.gov/datasets/minnesota::assessed-wetlands-points-minnesota-proposed-2020,
01e9624e59dc40af85c43c45b3598576_1,documentation_external,https://gis.data.mn.gov/datasets/minnesota::assessed-lakes-points-minnesota-proposed-2020,
01e9624e59dc40af85c43c45b3598576_2,documentation_external,https://gis.data.mn.gov/datasets/minnesota::assessed-streams-minnesota-proposed-2020,
01e9624e59dc40af85c43c45b3598576_3,documentation_external,https://gis.data.mn.gov/datasets/minnesota::assessed-beaches-minnesota-proposed-2020,
01e9624e59dc40af85c43c45b3598576_4,documentation_external,https://gis.data.mn.gov/datasets/minnesota::assessed-wetlands-minnesota-proposed-2020,
01e9624e59dc40af85c43c45b3598576_5,documentation_external,https://gis.data.mn.gov/datasets/minnesota::assessed-lakes-minnesota-proposed-2020,
707006af199843ecb9375a602505f3e2_0,documentation_external,https://gis.data.mn.gov/datasets/minnesota::impaired-wetland-points-minnesota-proposed-2020,
2355a66b68b74c8a926e54ca1e6c92e2_0,documentation_external,https://gis.data.mn.gov/datasets/minnesota::parks-policy-plan-regional-trail-search-corridors,
707006af199843ecb9375a602505f3e2_1,documentation_external,https://gis.data.mn.gov/datasets/minnesota::impaired-lake-points-wholly-within-reservations-minnesota-proposed-2020,
707006af199843ecb9375a602505f3e2_10,documentation_external,https://gis.data.mn.gov/datasets/minnesota::impaired-beaches-minnesota-proposed-2020,
707006af199843ecb9375a602505f3e2_11,documentation_external,https://gis.data.mn.gov/datasets/minnesota::delisted-streams-minnesota-proposed-2020,
707006af199843ecb9375a602505f3e2_12,documentation_external,https://gis.data.mn.gov/datasets/minnesota::corrected-streams-minnesota-proposed-2020,
707006af199843ecb9375a602505f3e2_13,documentation_external,https://gis.data.mn.gov/datasets/minnesota::impaired-wetlands-minnesota-proposed-2020,
707006af199843ecb9375a602505f3e2_14,documentation_external,https://gis.data.mn.gov/datasets/minnesota::impaired-lakes-wholly-within-reservations-minnesota-proposed-2020,
707006af199843ecb9375a602505f3e2_15,documentation_external,https://gis.data.mn.gov/datasets/minnesota::impaired-lakes-partially-within-reservations-minnesota-proposed-2020,
707006af199843ecb9375a602505f3e2_16,documentation_external,https://gis.data.mn.gov/datasets/minnesota::impaired-lakes-minnesota-proposed-2020,
707006af199843ecb9375a602505f3e2_17,documentation_external,https://gis.data.mn.gov/datasets/minnesota::delisted-lakes-minnesota-proposed-2020,
707006af199843ecb9375a602505f3e2_18,documentation_external,https://gis.data.mn.gov/datasets/minnesota::corrected-wetlands-minnesota-proposed-2020,
707006af199843ecb9375a602505f3e2_19,documentation_external,https://gis.data.mn.gov/datasets/minnesota::corrected-lakes-minnesota-proposed-2020,
707006af199843ecb9375a602505f3e2_2,documentation_external,https://gis.data.mn.gov/datasets/minnesota::impaired-lake-points-partially-within-reservations-minnesota-proposed-2020,
707006af199843ecb9375a602505f3e2_3,documentation_external,https://gis.data.mn.gov/datasets/minnesota::impaired-lake-points-minnesota-proposed-2020,
707006af199843ecb9375a602505f3e2_4,documentation_external,https://gis.data.mn.gov/datasets/minnesota::delisted-lake-points-minnesota-proposed-2020,
707006af199843ecb9375a602505f3e2_5,documentation_external,https://gis.data.mn.gov/datasets/minnesota::corrected-wetlands-points-minnesota-proposed-2020,
707006af199843ecb9375a602505f3e2_6,documentation_external,https://gis.data.mn.gov/datasets/minnesota::corrected-lake-points-minnesota-proposed-2020,
707006af199843ecb9375a602505f3e2_7,documentation_external,https://gis.data.mn.gov/datasets/minnesota::impaired-streams-wholly-within-reservations-minnesota-proposed-2020,
707006af199843ecb9375a602505f3e2_8,documentation_external,https://gis.data.mn.gov/datasets/minnesota::impaired-streams-partially-within-reservations-minnesota-draft-2020,
707006af199843ecb9375a602505f3e2_9,documentation_external,https://gis.data.mn.gov/datasets/minnesota::impaired-streams-minnesota-proposed-2020,
6cbd7615249c4d34abbc5446716f7705_0,documentation_external,https://gis.data.mn.gov/datasets/mndot::navigable-waterways-in-minnesota,
7f7721fc03cc4e18aa1ea9aac02efb40_0,documentation_external,https://gis.data.mn.gov/datasets/mndot::scenic-byways-in-minnesota,
b69c033c3a04460fbd2428e81403bd02_0,documentation_external,https://gis.data.mn.gov/datasets/mndot::rest-areas-in-minnesota,
fdfd618653194b9aa40ea91764a5be4a_0,documentation_external,https://gis.data.mn.gov/datasets/minnesota::historic-peatleases-dissolved-1,
fdfd618653194b9aa40ea91764a5be4a_1,documentation_external,https://gis.data.mn.gov/datasets/minnesota::historic-peatleases-1,
fdfd618653194b9aa40ea91764a5be4a_2,documentation_external,https://gis.data.mn.gov/datasets/minnesota::active-peatleases-dissolved-1,
fdfd618653194b9aa40ea91764a5be4a_3,documentation_external,https://gis.data.mn.gov/datasets/minnesota::active-peatleases-1,
0d9e0d712c124755933408980351f797_0,documentation_external,https://gis.data.mn.gov/datasets/minnesota::historic-minleases-dissolved-1,
0d9e0d712c124755933408980351f797_1,documentation_external,https://gis.data.mn.gov/datasets/minnesota::historic-minleases-1,
0d9e0d712c124755933408980351f797_2,documentation_external,https://gis.data.mn.gov/datasets/minnesota::active-minleases-dissolved-1,
0d9e0d712c124755933408980351f797_3,documentation_external,https://gis.data.mn.gov/datasets/minnesota::active-minleases-1,
cf4baf3c439247b4b51aaefa62cd9f37_0,documentation_external,https://gis.data.mn.gov/datasets/minnesota::impaired-wetland-points-minnesota-2024,
cf4baf3c439247b4b51aaefa62cd9f37_1,documentation_external,https://gis.data.mn.gov/datasets/minnesota::impaired-lake-points-partially-within-reservations-minnesota-2024,
cf4baf3c439247b4b51aaefa62cd9f37_10,documentation_external,https://gis.data.mn.gov/datasets/minnesota::corrected-streams-minnesota-2024,
cf4baf3c439247b4b51aaefa62cd9f37_11,documentation_external,https://gis.data.mn.gov/datasets/minnesota::impaired-wetlands-minnesota-2024,
cf4baf3c439247b4b51aaefa62cd9f37_12,documentation_external,https://gis.data.mn.gov/datasets/minnesota::impaired-lakes-partially-within-reservations-minnesota-2024,
cf4baf3c439247b4b51aaefa62cd9f37_13,documentation_external,https://gis.data.mn.gov/datasets/minnesota::impaired-lakes-minnesota-2024,
cf4baf3c439247b4b51aaefa62cd9f37_14,documentation_external,https://gis.data.mn.gov/datasets/minnesota::delisted-lakes-minnesota-2024,
cf4baf3c439247b4b51aaefa62cd9f37_15,documentation_external,https://gis.data.mn.gov/datasets/minnesota::corrected-wetlands-minnesota-2024,
cf4baf3c439247b4b51aaefa62cd9f37_16,documentation_external,https://gis.data.mn.gov/datasets/minnesota::corrected-lakes-minnesota-2024,
cf4baf3c439247b4b51aaefa62cd9f37_2,documentation_external,https://gis.data.mn.gov/datasets/minnesota::impaired-lake-points-minnesota-2024,
cf4baf3c439247b4b51aaefa62cd9f37_3,documentation_external,https://gis.data.mn.gov/datasets/minnesota::delisted-lake-points-minnesota-2024,
cf4baf3c439247b4b51aaefa62cd9f37_4,documentation_external,https://gis.data.mn.gov/datasets/minnesota::corrected-wetlands-points-minnesota-2024,
cf4baf3c439247b4b51aaefa62cd9f37_5,documentation_external,https://gis.data.mn.gov/datasets/minnesota::corrected-lake-points-minnesota-2024,
cf4baf3c439247b4b51aaefa62cd9f37_6,documentation_external,https://gis.data.mn.gov/datasets/minnesota::impaired-streams-partially-within-reservations-minnesota-2024,
cf4baf3c439247b4b51aaefa62cd9f37_7,documentation_external,https://gis.data.mn.gov/datasets/minnesota::impaired-streams-minnesota-2024,
cf4baf3c439247b4b51aaefa62cd9f37_8,documentation_external,https://gis.data.mn.gov/datasets/minnesota::impaired-beaches-minnesota-2024,
cf4baf3c439247b4b51aaefa62cd9f37_9,documentation_external,https://gis.data.mn.gov/datasets/minnesota::delist-2024-streams,
66f964ad5f914de3b43c8a4ebb5a0c18_0,documentation_external,https://gis.data.mn.gov/datasets/minnesota::impaired-wetland-points-minnesota-2020,
66f964ad5f914de3b43c8a4ebb5a0c18_1,documentation_external,https://gis.data.mn.gov/datasets/minnesota::impaired-lake-points-wholly-within-reservations-minnesota-2020,
66f964ad5f914de3b43c8a4ebb5a0c18_10,documentation_external,https://gis.data.mn.gov/datasets/minnesota::impaired-beaches-minnesota-2020,
66f964ad5f914de3b43c8a4ebb5a0c18_11,documentation_external,https://gis.data.mn.gov/datasets/minnesota::delisted-streams-minnesota-2020,
66f964ad5f914de3b43c8a4ebb5a0c18_12,documentation_external,https://gis.data.mn.gov/datasets/minnesota::corrected-streams-minnesota-2020,
66f964ad5f914de3b43c8a4ebb5a0c18_13,documentation_external,https://gis.data.mn.gov/datasets/minnesota::impaired-wetlands-minnesota-2020,
66f964ad5f914de3b43c8a4ebb5a0c18_14,documentation_external,https://gis.data.mn.gov/datasets/minnesota::impaired-lakes-wholly-within-reservations-minnesota-2020,
66f964ad5f914de3b43c8a4ebb5a0c18_15,documentation_external,https://gis.data.mn.gov/datasets/minnesota::impaired-lakes-partially-within-reservations-minnesota-2020,
66f964ad5f914de3b43c8a4ebb5a0c18_16,documentation_external,https://gis.data.mn.gov/datasets/minnesota::impaired-lakes-minnesota-2020,
66f964ad5f914de3b43c8a4ebb5a0c18_17,documentation_external,https://gis.data.mn.gov/datasets/minnesota::delisted-lakes-minnesota-2020,
