"current_title","updated_title","feed_title","parent_title_from_feed","role","change","review_notes","source","ID","arcgis_item_ID","sublayer_number","parent_ID","currently_harvested","included_with_updated_rules","current_source_code","currently_harvested_via_this_source","service_container_name_from_URL","illustrative_service_suffix_NOT_current_policy","items_sharing_service_container","service_root_URL","feed_identifier","landing_page","current_harvest_links","updated_links","feed_file","current_primary_file","current_distributions_file"
"Landmarks List [Maryland--Baltimore County]","Landmarks List [Maryland--Baltimore County]","Landmarks List","","sublayer","same as current harvest","No explicit same-item parent in feed; title unchanged by context rule; Service container shared by different ArcGIS items","baltimore_county","007ba19409004effab261b2de75f5144_3","007ba19409004effab261b2de75f5144","3","","yes","yes","04b-24005","yes","Historic","Landmarks List - Historic","4","https://bcgisdata.baltimorecountymd.gov/arcgis/rest/services/Historic/Historic/MapServer","https://www.arcgis.com/home/item.html?id=007ba19409004effab261b2de75f5144&sublayer=3","https://opendata.baltimorecountymd.gov/datasets/BC-GIS::landmarks-list","https://bcgisdata.baltimorecountymd.gov/arcgis/rest/services/Historic/Historic/MapServer/3
https://opendata.baltimorecountymd.gov/datasets/BC-GIS::landmarks-list","https://bcgisdata.baltimorecountymd.gov/arcgis/rest/services/Historic/Historic/MapServer/3
https://opendata.baltimorecountymd.gov/api/download/v1/items/007ba19409004effab261b2de75f5144/csv?layers=3
https://opendata.baltimorecountymd.gov/api/download/v1/items/007ba19409004effab261b2de75f5144/geojson?layers=3
https://opendata.baltimorecountymd.gov/api/download/v1/items/007ba19409004effab261b2de75f5144/kml?layers=3
https://opendata.baltimorecountymd.gov/api/download/v1/items/007ba19409004effab261b2de75f5144/shapefile?layers=3
https://opendata.baltimorecountymd.gov/datasets/BC-GIS::landmarks-list","example-feeds/BaltimoreCoHubDCAT1.1.json","outputs\2026-10-09_arcgis_primary.csv","outputs\2026-10-09_arcgis_distributions.csv"
"Legislative Districts [Maryland--Baltimore County]","Legislative Districts [Maryland--Baltimore County]","Legislative Districts","","sublayer","same as current harvest","No explicit same-item parent in feed; title unchanged by context rule; Service container shared by different ArcGIS items","baltimore_county","023a3389fc744d6fb992bb803a339510_5","023a3389fc744d6fb992bb803a339510","5","","yes","yes","04b-24005","yes","Political","Legislative Districts - Political","9","https://bcgisdata.baltimorecountymd.gov/arcgis/rest/services/Political/Political/MapServer","https://www.arcgis.com/home/item.html?id=023a3389fc744d6fb992bb803a339510&sublayer=5","https://opendata.baltimorecountymd.gov/datasets/BC-GIS::legislative-districts","https://bcgisdata.baltimorecountymd.gov/arcgis/rest/services/Political/Political/MapServer/5
https://opendata.baltimorecountymd.gov/datasets/BC-GIS::legislative-districts","https://bcgisdata.baltimorecountymd.gov/arcgis/rest/services/Political/Political/MapServer/5
https://opendata.baltimorecountymd.gov/api/download/v1/items/023a3389fc744d6fb992bb803a339510/csv?layers=5
https://opendata.baltimorecountymd.gov/api/download/v1/items/023a3389fc744d6fb992bb803a339510/geojson?layers=5
https://opendata.baltimorecountymd.gov/api/download/v1/items/023a3389fc744d6fb992bb803a339510/kml?layers=5
https://opendata.baltimorecountymd.gov/api/download/v1/items/023a3389fc744d6fb992bb803a339510/shapefile?layers=5
https://opendata.baltimorecountymd.gov/datasets/BC-GIS::legislative-districts","example-feeds/BaltimoreCoHubDCAT1.1.json","outputs\2026-10-09_arcgis_primary.csv","outputs\2026-10-09_arcgis_distributions.csv"
"Census Blocks 2010 [Maryland--Baltimore County]","Census Blocks 2010 [Maryland--Baltimore County]","Census Blocks 2010","","sublayer","same as current harvest","No explicit same-item parent in feed; title unchanged by context rule; Service container shared by different ArcGIS items","baltimore_county","02da3e78244c4c09bef922a6fe31291d_1","02da3e78244c4c09bef922a6fe31291d","1","","yes","yes","04b-24005","yes","Demographics","Census Blocks 2010 - Demographics","10","https://bcgisdata.baltimorecountymd.gov/arcgis/rest/services/Demographics/Demographics/MapServer","https://www.arcgis.com/home/item.html?id=02da3e78244c4c09bef922a6fe31291d&sublayer=1","https://opendata.baltimorecountymd.gov/datasets/BC-GIS::census-blocks-2010","https://bcgisdata.baltimorecountymd.gov/arcgis/rest/services/Demographics/Demographics/MapServer/1
https://opendata.baltimorecountymd.gov/datasets/BC-GIS::census-blocks-2010","https://bcgisdata.baltimorecountymd.gov/arcgis/rest/services/Demographics/Demographics/MapServer/1
https://opendata.baltimorecountymd.gov/api/download/v1/items/02da3e78244c4c09bef922a6fe31291d/csv?layers=1
https://opendata.baltimorecountymd.gov/api/download/v1/items/02da3e78244c4c09bef922a6fe31291d/geojson?layers=1
https://opendata.baltimorecountymd.gov/api/download/v1/items/02da3e78244c4c09bef922a6fe31291d/kml?layers=1
https://opendata.baltimorecountymd.gov/api/download/v1/items/02da3e78244c4c09bef922a6fe31291d/shapefile?layers=1
https://opendata.baltimorecountymd.gov/datasets/BC-GIS::census-blocks-2010","example-feeds/BaltimoreCoHubDCAT1.1.json","outputs\2026-10-09_arcgis_primary.csv","outputs\2026-10-09_arcgis_distributions.csv"
"Regional Planning Districts [Maryland--Baltimore County]","Regional Planning Districts [Maryland--Baltimore County]","Regional Planning Districts","","sublayer","same as current harvest","No explicit same-item parent in feed; title unchanged by context rule; Service container shared by different ArcGIS items","baltimore_county","0445803832b74dc78a904e984807dab5_5","0445803832b74dc78a904e984807dab5","5","","yes","yes","04b-24005","yes","Demographics","Regional Planning Districts - Demographics","10","https://bcgisdata.baltimorecountymd.gov/arcgis/rest/services/Demographics/Demographics/MapServer","https://www.arcgis.com/home/item.html?id=0445803832b74dc78a904e984807dab5&sublayer=5","https://opendata.baltimorecountymd.gov/datasets/BC-GIS::regional-planning-districts","https://bcgisdata.baltimorecountymd.gov/arcgis/rest/services/Demographics/Demographics/MapServer/5
https://opendata.baltimorecountymd.gov/datasets/BC-GIS::regional-planning-districts","https://bcgisdata.baltimorecountymd.gov/arcgis/rest/services/Demographics/Demographics/MapServer/5
https://opendata.baltimorecountymd.gov/api/download/v1/items/0445803832b74dc78a904e984807dab5/csv?layers=5
https://opendata.baltimorecountymd.gov/api/download/v1/items/0445803832b74dc78a904e984807dab5/geojson?layers=5
https://opendata.baltimorecountymd.gov/api/download/v1/items/0445803832b74dc78a904e984807dab5/kml?layers=5
https://opendata.baltimorecountymd.gov/api/download/v1/items/0445803832b74dc78a904e984807dab5/shapefile?layers=5
https://opendata.baltimorecountymd.gov/datasets/BC-GIS::regional-planning-districts","example-feeds/BaltimoreCoHubDCAT1.1.json","outputs\2026-10-09_arcgis_primary.csv","outputs\2026-10-09_arcgis_distributions.csv"
"Middle Schools [Maryland--Baltimore County]","Middle Schools [Maryland--Baltimore County]","Middle Schools","","sublayer","same as current harvest","No explicit same-item parent in feed; title unchanged by context rule; Service container shared by different ArcGIS items","baltimore_county","0551d42df59b4dc194df40653518a511_3","0551d42df59b4dc194df40653518a511","3","","yes","yes","04b-24005","yes","SchoolDistricts","Middle Schools - SchoolDistricts","7","https://bcgisdata.baltimorecountymd.gov/arcgis/rest/services/Education/SchoolDistricts/MapServer","https://www.arcgis.com/home/item.html?id=0551d42df59b4dc194df40653518a511&sublayer=3","https://opendata.baltimorecountymd.gov/datasets/BC-GIS::middle-schools","https://bcgisdata.baltimorecountymd.gov/arcgis/rest/services/Education/SchoolDistricts/MapServer/3
https://opendata.baltimorecountymd.gov/datasets/BC-GIS::middle-schools","https://bcgisdata.baltimorecountymd.gov/arcgis/rest/services/Education/SchoolDistricts/MapServer/3
https://opendata.baltimorecountymd.gov/api/download/v1/items/0551d42df59b4dc194df40653518a511/csv?layers=3
https://opendata.baltimorecountymd.gov/api/download/v1/items/0551d42df59b4dc194df40653518a511/geojson?layers=3
https://opendata.baltimorecountymd.gov/api/download/v1/items/0551d42df59b4dc194df40653518a511/kml?layers=3
https://opendata.baltimorecountymd.gov/api/download/v1/items/0551d42df59b4dc194df40653518a511/shapefile?layers=3
https://opendata.baltimorecountymd.gov/datasets/BC-GIS::middle-schools","example-feeds/BaltimoreCoHubDCAT1.1.json","outputs\2026-10-09_arcgis_primary.csv","outputs\2026-10-09_arcgis_distributions.csv"
"Fire Department [Maryland--Baltimore County]","Fire Department [Maryland--Baltimore County]","Fire Department","","sublayer","same as current harvest","No explicit same-item parent in feed; title unchanged by context rule; Service container shared by different ArcGIS items","baltimore_county","07123f3f20c740f5b7fc495bc4ce1cff_2","07123f3f20c740f5b7fc495bc4ce1cff","2","","yes","yes","04b-24005","yes","PublicSafety","Fire Department - PublicSafety","3","https://bcgisdata.baltimorecountymd.gov/arcgis/rest/services/PublicSafety/PublicSafety/MapServer","https://www.arcgis.com/home/item.html?id=07123f3f20c740f5b7fc495bc4ce1cff&sublayer=2","https://opendata.baltimorecountymd.gov/datasets/BC-GIS::fire-department","https://bcgisdata.baltimorecountymd.gov/arcgis/rest/services/PublicSafety/PublicSafety/MapServer/2
https://opendata.baltimorecountymd.gov/datasets/BC-GIS::fire-department","https://bcgisdata.baltimorecountymd.gov/arcgis/rest/services/PublicSafety/PublicSafety/MapServer/2
https://opendata.baltimorecountymd.gov/api/download/v1/items/07123f3f20c740f5b7fc495bc4ce1cff/csv?layers=2
https://opendata.baltimorecountymd.gov/api/download/v1/items/07123f3f20c740f5b7fc495bc4ce1cff/geojson?layers=2
https://opendata.baltimorecountymd.gov/api/download/v1/items/07123f3f20c740f5b7fc495bc4ce1cff/kml?layers=2
https://opendata.baltimorecountymd.gov/api/download/v1/items/07123f3f20c740f5b7fc495bc4ce1cff/shapefile?layers=2
https://opendata.baltimorecountymd.gov/datasets/BC-GIS::fire-department","example-feeds/BaltimoreCoHubDCAT1.1.json","outputs\2026-10-09_arcgis_primary.csv","outputs\2026-10-09_arcgis_distributions.csv"
"Contours [Maryland--Baltimore County]","Contours [Maryland--Baltimore County]","Contours","","sublayer","same as current harvest","No explicit same-item parent in feed; title unchanged by context rule; Service container shared by different ArcGIS items","baltimore_county","0792e2c9707a4ca5ac8d487a76022479_0","0792e2c9707a4ca5ac8d487a76022479","0","","yes","yes","04b-24005","yes","Contours","","4","https://bcgisdata.baltimorecountymd.gov/arcgis/rest/services/Elevation/Contours/MapServer","https://www.arcgis.com/home/item.html?id=0792e2c9707a4ca5ac8d487a76022479&sublayer=0","https://opendata.baltimorecountymd.gov/datasets/BC-GIS::contours","https://bcgisdata.baltimorecountymd.gov/arcgis/rest/services/Elevation/Contours/MapServer/0
https://opendata.baltimorecountymd.gov/datasets/BC-GIS::contours","https://bcgisdata.baltimorecountymd.gov/arcgis/rest/services/Elevation/Contours/MapServer/0
https://opendata.baltimorecountymd.gov/api/download/v1/items/0792e2c9707a4ca5ac8d487a76022479/csv?layers=0
https://opendata.baltimorecountymd.gov/api/download/v1/items/0792e2c9707a4ca5ac8d487a76022479/geojson?layers=0
https://opendata.baltimorecountymd.gov/api/download/v1/items/0792e2c9707a4ca5ac8d487a76022479/kml?layers=0
https://opendata.baltimorecountymd.gov/api/download/v1/items/0792e2c9707a4ca5ac8d487a76022479/shapefile?layers=0
https://opendata.baltimorecountymd.gov/datasets/BC-GIS::contours","example-feeds/BaltimoreCoHubDCAT1.1.json","outputs\2026-10-09_arcgis_primary.csv","outputs\2026-10-09_arcgis_distributions.csv"
"Census Blocks 2020 [Maryland--Baltimore County]","Census Blocks 2020 [Maryland--Baltimore County]","Census Blocks 2020","","sublayer","same as current harvest","No explicit same-item parent in feed; title unchanged by context rule; Service container shared by different ArcGIS items","baltimore_county","08282103b3244386beb174b634b28de7_10","08282103b3244386beb174b634b28de7","10","","yes","yes","04b-24005","yes","Demographics","Census Blocks 2020 - Demographics","10","https://bcgisdata.baltimorecountymd.gov/arcgis/rest/services/Demographics/Demographics/MapServer","https://www.arcgis.com/home/item.html?id=08282103b3244386beb174b634b28de7&sublayer=10","https://opendata.baltimorecountymd.gov/datasets/BC-GIS::census-blocks-2020","https://bcgisdata.baltimorecountymd.gov/arcgis/rest/services/Demographics/Demographics/MapServer/10
https://opendata.baltimorecountymd.gov/datasets/BC-GIS::census-blocks-2020","https://bcgisdata.baltimorecountymd.gov/arcgis/rest/services/Demographics/Demographics/MapServer/10
https://opendata.baltimorecountymd.gov/api/download/v1/items/08282103b3244386beb174b634b28de7/csv?layers=10
https://opendata.baltimorecountymd.gov/api/download/v1/items/08282103b3244386beb174b634b28de7/geojson?layers=10
https://opendata.baltimorecountymd.gov/api/download/v1/items/08282103b3244386beb174b634b28de7/kml?layers=10
https://opendata.baltimorecountymd.gov/api/download/v1/items/08282103b3244386beb174b634b28de7/shapefile?layers=10
https://opendata.baltimorecountymd.gov/datasets/BC-GIS::census-blocks-2020","example-feeds/BaltimoreCoHubDCAT1.1.json","outputs\2026-10-09_arcgis_primary.csv","outputs\2026-10-09_arcgis_distributions.csv"
"Planned Centers [Maryland--Baltimore County]","Planned Centers [Maryland--Baltimore County]","Planned Centers","","sublayer","same as current harvest","No explicit same-item parent in feed; title unchanged by context rule; Service container shared by different ArcGIS items","baltimore_county","09b9a11be1c145ad975c281c229e9e4a_17","09b9a11be1c145ad975c281c229e9e4a","17","","yes","yes","04b-24005","yes","Landuse","Planned Centers - Landuse","14","https://bcgisdata.baltimorecountymd.gov/arcgis/rest/services/LandusePlanning/Landuse/MapServer","https://www.arcgis.com/home/item.html?id=09b9a11be1c145ad975c281c229e9e4a&sublayer=17","https://opendata.baltimorecountymd.gov/datasets/BC-GIS::planned-centers","https://bcgisdata.baltimorecountymd.gov/arcgis/rest/services/LandusePlanning/Landuse/MapServer/17
https://opendata.baltimorecountymd.gov/datasets/BC-GIS::planned-centers","https://bcgisdata.baltimorecountymd.gov/arcgis/rest/services/LandusePlanning/Landuse/MapServer/17
https://opendata.baltimorecountymd.gov/api/download/v1/items/09b9a11be1c145ad975c281c229e9e4a/csv?layers=17
https://opendata.baltimorecountymd.gov/api/download/v1/items/09b9a11be1c145ad975c281c229e9e4a/geojson?layers=17
https://opendata.baltimorecountymd.gov/api/download/v1/items/09b9a11be1c145ad975c281c229e9e4a/kml?layers=17
https://opendata.baltimorecountymd.gov/api/download/v1/items/09b9a11be1c145ad975c281c229e9e4a/shapefile?layers=17
https://opendata.baltimorecountymd.gov/datasets/BC-GIS::planned-centers","example-feeds/BaltimoreCoHubDCAT1.1.json","outputs\2026-10-09_arcgis_primary.csv","outputs\2026-10-09_arcgis_distributions.csv"
"Easements [Maryland--Baltimore County]","Easements [Maryland--Baltimore County]","Easements","","sublayer","same as current harvest","No explicit same-item parent in feed; title unchanged by context rule; Service container shared by different ArcGIS items","baltimore_county","0a34183937db4f619a273e4155f41b3f_11","0a34183937db4f619a273e4155f41b3f","11","","yes","yes","04b-24005","yes","Landuse","Easements - Landuse","14","https://bcgisdata.baltimorecountymd.gov/arcgis/rest/services/LandusePlanning/Landuse/MapServer","https://www.arcgis.com/home/item.html?id=0a34183937db4f619a273e4155f41b3f&sublayer=11","https://opendata.baltimorecountymd.gov/datasets/BC-GIS::easements","https://bcgisdata.baltimorecountymd.gov/arcgis/rest/services/LandusePlanning/Landuse/MapServer/11
https://opendata.baltimorecountymd.gov/datasets/BC-GIS::easements","https://bcgisdata.baltimorecountymd.gov/arcgis/rest/services/LandusePlanning/Landuse/MapServer/11
https://opendata.baltimorecountymd.gov/api/download/v1/items/0a34183937db4f619a273e4155f41b3f/csv?layers=11
https://opendata.baltimorecountymd.gov/api/download/v1/items/0a34183937db4f619a273e4155f41b3f/geojson?layers=11
https://opendata.baltimorecountymd.gov/api/download/v1/items/0a34183937db4f619a273e4155f41b3f/kml?layers=11
https://opendata.baltimorecountymd.gov/api/download/v1/items/0a34183937db4f619a273e4155f41b3f/shapefile?layers=11
https://opendata.baltimorecountymd.gov/datasets/BC-GIS::easements","example-feeds/BaltimoreCoHubDCAT1.1.json","outputs\2026-10-09_arcgis_primary.csv","outputs\2026-10-09_arcgis_distributions.csv"
"ClimateActionPlan - Nuis Flood Zone 6 7 ft SLR [Maryland--Baltimore County]","ClimateActionPlan - Nuis Flood Zone 6 7 ft SLR [Maryland--Baltimore County]","ClimateActionPlan - Nuis Flood Zone 6 7 ft SLR","","sublayer","same as current harvest","No explicit same-item parent in feed; title unchanged by context rule; Service container shared by different ArcGIS items","baltimore_county","0b95a65816c142cabede76b9c6476ee1_22","0b95a65816c142cabede76b9c6476ee1","22","","yes","yes","04b-24005","yes","ClimateActionPlan","","28","https://bcgisdata.baltimorecountymd.gov/arcgis/rest/services/Environmental/ClimateActionPlan/MapServer","https://www.arcgis.com/home/item.html?id=0b95a65816c142cabede76b9c6476ee1&sublayer=22","https://opendata.baltimorecountymd.gov/datasets/BC-GIS::climateactionplan-nuis-flood-zone-6-7-ft-slr","https://bcgisdata.baltimorecountymd.gov/arcgis/rest/services/Environmental/ClimateActionPlan/MapServer/22
https://opendata.baltimorecountymd.gov/datasets/BC-GIS::climateactionplan-nuis-flood-zone-6-7-ft-slr","https://bcgisdata.baltimorecountymd.gov/arcgis/rest/services/Environmental/ClimateActionPlan/MapServer/22
https://opendata.baltimorecountymd.gov/api/download/v1/items/0b95a65816c142cabede76b9c6476ee1/csv?layers=22
https://opendata.baltimorecountymd.gov/api/download/v1/items/0b95a65816c142cabede76b9c6476ee1/geojson?layers=22
https://opendata.baltimorecountymd.gov/api/download/v1/items/0b95a65816c142cabede76b9c6476ee1/kml?layers=22
https://opendata.baltimorecountymd.gov/api/download/v1/items/0b95a65816c142cabede76b9c6476ee1/shapefile?layers=22
https://opendata.baltimorecountymd.gov/datasets/BC-GIS::climateactionplan-nuis-flood-zone-6-7-ft-slr","example-feeds/BaltimoreCoHubDCAT1.1.json","outputs\2026-10-09_arcgis_primary.csv","outputs\2026-10-09_arcgis_distributions.csv"
"ClimateActionPlan - Avg HighTide Elv 2080 3 4ft [Maryland--Baltimore County]","ClimateActionPlan - Avg HighTide Elv 2080 3 4ft [Maryland--Baltimore County]","ClimateActionPlan - Avg HighTide Elv 2080 3 4ft","","sublayer","same as current harvest","No explicit same-item parent in feed; title unchanged by context rule; Service container shared by different ArcGIS items","baltimore_county","0bade95d42ec496a8b8528916705a9bd_15","0bade95d42ec496a8b8528916705a9bd","15","","yes","yes","04b-24005","yes","ClimateActionPlan","","28","https://bcgisdata.baltimorecountymd.gov/arcgis/rest/services/Environmental/ClimateActionPlan/MapServer","https://www.arcgis.com/home/item.html?id=0bade95d42ec496a8b8528916705a9bd&sublayer=15","https://opendata.baltimorecountymd.gov/datasets/BC-GIS::climateactionplan-avg-hightide-elv-2080-3-4ft","https://bcgisdata.baltimorecountymd.gov/arcgis/rest/services/Environmental/ClimateActionPlan/MapServer/15
https://opendata.baltimorecountymd.gov/datasets/BC-GIS::climateactionplan-avg-hightide-elv-2080-3-4ft","https://bcgisdata.baltimorecountymd.gov/arcgis/rest/services/Environmental/ClimateActionPlan/MapServer/15
https://opendata.baltimorecountymd.gov/api/download/v1/items/0bade95d42ec496a8b8528916705a9bd/csv?layers=15
https://opendata.baltimorecountymd.gov/api/download/v1/items/0bade95d42ec496a8b8528916705a9bd/geojson?layers=15
https://opendata.baltimorecountymd.gov/api/download/v1/items/0bade95d42ec496a8b8528916705a9bd/kml?layers=15
https://opendata.baltimorecountymd.gov/api/download/v1/items/0bade95d42ec496a8b8528916705a9bd/shapefile?layers=15
https://opendata.baltimorecountymd.gov/datasets/BC-GIS::climateactionplan-avg-hightide-elv-2080-3-4ft","example-feeds/BaltimoreCoHubDCAT1.1.json","outputs\2026-10-09_arcgis_primary.csv","outputs\2026-10-09_arcgis_distributions.csv"
"Basic Services - Sewer [Maryland--Baltimore County]","Basic Services - Sewer [Maryland--Baltimore County]","Basic Services - Sewer","","sublayer","same as current harvest","No explicit same-item parent in feed; title unchanged by context rule; Service container shared by different ArcGIS items","baltimore_county","0c722a195460434fb71b92be078c9c10_2","0c722a195460434fb71b92be078c9c10","2","","yes","yes","04b-24005","yes","BasicServices","Basic Services - Sewer - BasicServices","5","https://bcgisdata.baltimorecountymd.gov/arcgis/rest/services/DevelopmentManagement/BasicServices/MapServer","https://www.arcgis.com/home/item.html?id=0c722a195460434fb71b92be078c9c10&sublayer=2","https://opendata.baltimorecountymd.gov/datasets/BC-GIS::basic-services-sewer","https://bcgisdata.baltimorecountymd.gov/arcgis/rest/services/DevelopmentManagement/BasicServices/MapServer/2
https://opendata.baltimorecountymd.gov/datasets/BC-GIS::basic-services-sewer","https://bcgisdata.baltimorecountymd.gov/arcgis/rest/services/DevelopmentManagement/BasicServices/MapServer/2
https://opendata.baltimorecountymd.gov/api/download/v1/items/0c722a195460434fb71b92be078c9c10/csv?layers=2
https://opendata.baltimorecountymd.gov/api/download/v1/items/0c722a195460434fb71b92be078c9c10/geojson?layers=2
https://opendata.baltimorecountymd.gov/api/download/v1/items/0c722a195460434fb71b92be078c9c10/kml?layers=2
https://opendata.baltimorecountymd.gov/api/download/v1/items/0c722a195460434fb71b92be078c9c10/shapefile?layers=2
https://opendata.baltimorecountymd.gov/datasets/BC-GIS::basic-services-sewer","example-feeds/BaltimoreCoHubDCAT1.1.json","outputs\2026-10-09_arcgis_primary.csv","outputs\2026-10-09_arcgis_distributions.csv"
"Proposed Landuse [Maryland--Baltimore County]","Proposed Landuse [Maryland--Baltimore County]","Proposed Landuse","","sublayer","same as current harvest","No explicit same-item parent in feed; title unchanged by context rule; Service container shared by different ArcGIS items","baltimore_county","0ca29b072fdb49cbaa334a8a9411d7c9_12","0ca29b072fdb49cbaa334a8a9411d7c9","12","","yes","yes","04b-24005","yes","Landuse","","14","https://bcgisdata.baltimorecountymd.gov/arcgis/rest/services/LandusePlanning/Landuse/MapServer","https://www.arcgis.com/home/item.html?id=0ca29b072fdb49cbaa334a8a9411d7c9&sublayer=12","https://opendata.baltimorecountymd.gov/datasets/BC-GIS::proposed-landuse","https://bcgisdata.baltimorecountymd.gov/arcgis/rest/services/LandusePlanning/Landuse/MapServer/12
https://opendata.baltimorecountymd.gov/datasets/BC-GIS::proposed-landuse","https://bcgisdata.baltimorecountymd.gov/arcgis/rest/services/LandusePlanning/Landuse/MapServer/12
https://opendata.baltimorecountymd.gov/api/download/v1/items/0ca29b072fdb49cbaa334a8a9411d7c9/csv?layers=12
https://opendata.baltimorecountymd.gov/api/download/v1/items/0ca29b072fdb49cbaa334a8a9411d7c9/geojson?layers=12
https://opendata.baltimorecountymd.gov/api/download/v1/items/0ca29b072fdb49cbaa334a8a9411d7c9/kml?layers=12
https://opendata.baltimorecountymd.gov/api/download/v1/items/0ca29b072fdb49cbaa334a8a9411d7c9/shapefile?layers=12
https://opendata.baltimorecountymd.gov/datasets/BC-GIS::proposed-landuse","example-feeds/BaltimoreCoHubDCAT1.1.json","outputs\2026-10-09_arcgis_primary.csv","outputs\2026-10-09_arcgis_distributions.csv"
"Road Inventory Conditions [Maryland--Baltimore County]","Road Inventory Conditions [Maryland--Baltimore County]","Road Inventory Conditions","","sublayer","same as current harvest","No explicit same-item parent in feed; title unchanged by context rule","baltimore_county","0ca9a427f79c466892779c2ccdb50d03_0","0ca9a427f79c466892779c2ccdb50d03","0","","yes","yes","04b-24005","yes","CountyRoadConditions","Road Inventory Conditions - CountyRoadConditions","1","https://bcgisapps.baltimorecountymd.gov/arcgis/rest/services/CountyRoadConditions/MapServer","https://www.arcgis.com/home/item.html?id=0ca9a427f79c466892779c2ccdb50d03&sublayer=0","https://opendata.baltimorecountymd.gov/datasets/BC-GIS::road-inventory-conditions","https://bcgisapps.baltimorecountymd.gov/arcgis/rest/services/CountyRoadConditions/MapServer/0
https://opendata.baltimorecountymd.gov/datasets/BC-GIS::road-inventory-conditions","https://bcgisapps.baltimorecountymd.gov/arcgis/rest/services/CountyRoadConditions/MapServer/0
https://opendata.baltimorecountymd.gov/api/download/v1/items/0ca9a427f79c466892779c2ccdb50d03/csv?layers=0
https://opendata.baltimorecountymd.gov/api/download/v1/items/0ca9a427f79c466892779c2ccdb50d03/geojson?layers=0
https://opendata.baltimorecountymd.gov/api/download/v1/items/0ca9a427f79c466892779c2ccdb50d03/kml?layers=0
https://opendata.baltimorecountymd.gov/api/download/v1/items/0ca9a427f79c466892779c2ccdb50d03/shapefile?layers=0
https://opendata.baltimorecountymd.gov/datasets/BC-GIS::road-inventory-conditions","example-feeds/BaltimoreCoHubDCAT1.1.json","outputs\2026-10-09_arcgis_primary.csv","outputs\2026-10-09_arcgis_distributions.csv"
"historic features [Maryland--Baltimore County]","historic features [Maryland--Baltimore County]","historic features","","sublayer","same as current harvest","No explicit same-item parent in feed; title unchanged by context rule; Service container shared by different ArcGIS items","baltimore_county","0d7614eca95549d4a16a337df9d5f85d_6","0d7614eca95549d4a16a337df9d5f85d","6","","yes","yes","04b-24005","yes","Historic","","4","https://bcgisdata.baltimorecountymd.gov/arcgis/rest/services/Historic/Historic/MapServer","https://www.arcgis.com/home/item.html?id=0d7614eca95549d4a16a337df9d5f85d&sublayer=6","https://opendata.baltimorecountymd.gov/datasets/BC-GIS::historic-features","https://bcgisdata.baltimorecountymd.gov/arcgis/rest/services/Historic/Historic/MapServer/6
https://opendata.baltimorecountymd.gov/datasets/BC-GIS::historic-features","https://bcgisdata.baltimorecountymd.gov/arcgis/rest/services/Historic/Historic/MapServer/6
https://opendata.baltimorecountymd.gov/api/download/v1/items/0d7614eca95549d4a16a337df9d5f85d/csv?layers=6
https://opendata.baltimorecountymd.gov/api/download/v1/items/0d7614eca95549d4a16a337df9d5f85d/geojson?layers=6
https://opendata.baltimorecountymd.gov/api/download/v1/items/0d7614eca95549d4a16a337df9d5f85d/kml?layers=6
https://opendata.baltimorecountymd.gov/api/download/v1/items/0d7614eca95549d4a16a337df9d5f85d/shapefile?layers=6
https://opendata.baltimorecountymd.gov/datasets/BC-GIS::historic-features","example-feeds/BaltimoreCoHubDCAT1.1.json","outputs\2026-10-09_arcgis_primary.csv","outputs\2026-10-09_arcgis_distributions.csv"
"Salt Storage [Maryland--Baltimore County]","Salt Storage [Maryland--Baltimore County]","Salt Storage","","sublayer","same as current harvest","No explicit same-item parent in feed; title unchanged by context rule; Service container shared by different ArcGIS items","baltimore_county","0d7988c35b1741b3b91bb55be41ea661_4","0d7988c35b1741b3b91bb55be41ea661","4","","yes","yes","04b-24005","yes","DPWMaintenance","Salt Storage - DPWMaintenance","2","https://bcgisdata.baltimorecountymd.gov/arcgis/rest/services/Transportation/DPWMaintenance/MapServer","https://www.arcgis.com/home/item.html?id=0d7988c35b1741b3b91bb55be41ea661&sublayer=4","https://opendata.baltimorecountymd.gov/datasets/BC-GIS::salt-storage","https://bcgisdata.baltimorecountymd.gov/arcgis/rest/services/Transportation/DPWMaintenance/MapServer/4
https://opendata.baltimorecountymd.gov/datasets/BC-GIS::salt-storage","https://bcgisdata.baltimorecountymd.gov/arcgis/rest/services/Transportation/DPWMaintenance/MapServer/4
https://opendata.baltimorecountymd.gov/api/download/v1/items/0d7988c35b1741b3b91bb55be41ea661/csv?layers=4
https://opendata.baltimorecountymd.gov/api/download/v1/items/0d7988c35b1741b3b91bb55be41ea661/geojson?layers=4
https://opendata.baltimorecountymd.gov/api/download/v1/items/0d7988c35b1741b3b91bb55be41ea661/kml?layers=4
https://opendata.baltimorecountymd.gov/api/download/v1/items/0d7988c35b1741b3b91bb55be41ea661/shapefile?layers=4
https://opendata.baltimorecountymd.gov/datasets/BC-GIS::salt-storage","example-feeds/BaltimoreCoHubDCAT1.1.json","outputs\2026-10-09_arcgis_primary.csv","outputs\2026-10-09_arcgis_distributions.csv"
"Maryland Scenic Byway [Maryland--Baltimore County]","Maryland Scenic Byway [Maryland--Baltimore County]","Maryland Scenic Byway","","sublayer","same as current harvest","No explicit same-item parent in feed; title unchanged by context rule; Service container shared by different ArcGIS items","baltimore_county","1168e0e54054430cb5bb0d2eb2182151_0","1168e0e54054430cb5bb0d2eb2182151","0","","yes","yes","04b-24005","yes","Scenic","","2","https://bcgisdata.baltimorecountymd.gov/arcgis/rest/services/Scenic/Scenic/MapServer","https://www.arcgis.com/home/item.html?id=1168e0e54054430cb5bb0d2eb2182151&sublayer=0","https://opendata.baltimorecountymd.gov/datasets/BC-GIS::maryland-scenic-byway","https://bcgisdata.baltimorecountymd.gov/arcgis/rest/services/Scenic/Scenic/MapServer/0
https://opendata.baltimorecountymd.gov/datasets/BC-GIS::maryland-scenic-byway","https://bcgisdata.baltimorecountymd.gov/arcgis/rest/services/Scenic/Scenic/MapServer/0
https://opendata.baltimorecountymd.gov/api/download/v1/items/1168e0e54054430cb5bb0d2eb2182151/csv?layers=0
https://opendata.baltimorecountymd.gov/api/download/v1/items/1168e0e54054430cb5bb0d2eb2182151/geojson?layers=0
https://opendata.baltimorecountymd.gov/api/download/v1/items/1168e0e54054430cb5bb0d2eb2182151/kml?layers=0
https://opendata.baltimorecountymd.gov/api/download/v1/items/1168e0e54054430cb5bb0d2eb2182151/shapefile?layers=0
https://opendata.baltimorecountymd.gov/datasets/BC-GIS::maryland-scenic-byway","example-feeds/BaltimoreCoHubDCAT1.1.json","outputs\2026-10-09_arcgis_primary.csv","outputs\2026-10-09_arcgis_distributions.csv"
"ClimateActionPlan - Nuis Flood Zone 2 6 ft SLR [Maryland--Baltimore County]","ClimateActionPlan - Nuis Flood Zone 2 6 ft SLR [Maryland--Baltimore County]","ClimateActionPlan - Nuis Flood Zone 2 6 ft SLR","","sublayer","same as current harvest","No explicit same-item parent in feed; title unchanged by context rule; Service container shared by different ArcGIS items","baltimore_county","11f93fefb1e24c6cae94ac95ba5aaa83_17","11f93fefb1e24c6cae94ac95ba5aaa83","17","","yes","yes","04b-24005","yes","ClimateActionPlan","","28","https://bcgisdata.baltimorecountymd.gov/arcgis/rest/services/Environmental/ClimateActionPlan/MapServer","https://www.arcgis.com/home/item.html?id=11f93fefb1e24c6cae94ac95ba5aaa83&sublayer=17","https://opendata.baltimorecountymd.gov/datasets/BC-GIS::climateactionplan-nuis-flood-zone-2-6-ft-slr","https://bcgisdata.baltimorecountymd.gov/arcgis/rest/services/Environmental/ClimateActionPlan/MapServer/17
https://opendata.baltimorecountymd.gov/datasets/BC-GIS::climateactionplan-nuis-flood-zone-2-6-ft-slr","https://bcgisdata.baltimorecountymd.gov/arcgis/rest/services/Environmental/ClimateActionPlan/MapServer/17
https://opendata.baltimorecountymd.gov/api/download/v1/items/11f93fefb1e24c6cae94ac95ba5aaa83/csv?layers=17
https://opendata.baltimorecountymd.gov/api/download/v1/items/11f93fefb1e24c6cae94ac95ba5aaa83/geojson?layers=17
https://opendata.baltimorecountymd.gov/api/download/v1/items/11f93fefb1e24c6cae94ac95ba5aaa83/kml?layers=17
https://opendata.baltimorecountymd.gov/api/download/v1/items/11f93fefb1e24c6cae94ac95ba5aaa83/shapefile?layers=17
https://opendata.baltimorecountymd.gov/datasets/BC-GIS::climateactionplan-nuis-flood-zone-2-6-ft-slr","example-feeds/BaltimoreCoHubDCAT1.1.json","outputs\2026-10-09_arcgis_primary.csv","outputs\2026-10-09_arcgis_distributions.csv"
"Bill 55-25 - As Amended [Maryland--Baltimore County]","Bill 55-25 - As Amended [Maryland--Baltimore County]","Bill 55-25 - As Amended","","sublayer","same as current harvest","No explicit same-item parent in feed; title unchanged by context rule","baltimore_county","12d02d20d447459ca1fa807e880bd9dc_0","12d02d20d447459ca1fa807e880bd9dc","0","","yes","yes","04b-24005","yes","Bill%2055-25%20Proposed%20Council%20Amendment","Bill 55-25 - As Amended - Bill%2055-25%20Proposed%20Council%20Amendment","1","https://services2.arcgis.com/Ynpzre7M7vSGY7dh/arcgis/rest/services/Bill%2055-25%20Proposed%20Council%20Amendment/FeatureServer","https://www.arcgis.com/home/item.html?id=12d02d20d447459ca1fa807e880bd9dc&sublayer=0","https://opendata.baltimorecountymd.gov/datasets/BC-GIS::bill-55-25-as-amended","https://opendata.baltimorecountymd.gov/datasets/BC-GIS::bill-55-25-as-amended
https://services2.arcgis.com/Ynpzre7M7vSGY7dh/arcgis/rest/services/Bill%2055-25%20Proposed%20Council%20Amendment/FeatureServer/0","https://opendata.baltimorecountymd.gov/api/download/v1/items/12d02d20d447459ca1fa807e880bd9dc/csv?layers=0
https://opendata.baltimorecountymd.gov/api/download/v1/items/12d02d20d447459ca1fa807e880bd9dc/geojson?layers=0
https://opendata.baltimorecountymd.gov/api/download/v1/items/12d02d20d447459ca1fa807e880bd9dc/kml?layers=0
https://opendata.baltimorecountymd.gov/api/download/v1/items/12d02d20d447459ca1fa807e880bd9dc/shapefile?layers=0
https://opendata.baltimorecountymd.gov/datasets/BC-GIS::bill-55-25-as-amended
https://services2.arcgis.com/Ynpzre7M7vSGY7dh/arcgis/rest/services/Bill%2055-25%20Proposed%20Council%20Amendment/FeatureServer/0","example-feeds/BaltimoreCoHubDCAT1.1.json","outputs\2026-10-09_arcgis_primary.csv","outputs\2026-10-09_arcgis_distributions.csv"
"Sewer Sheds [Maryland--Baltimore County]","Sewer Sheds [Maryland--Baltimore County]","Sewer Sheds","","sublayer","same as current harvest","No explicit same-item parent in feed; title unchanged by context rule","baltimore_county","1447307b07a9476eb7af8606b72b80c6_13","1447307b07a9476eb7af8606b72b80c6","13","","yes","yes","04b-24005","yes","Sewer","","1","https://bcgisdata.baltimorecountymd.gov/arcgis/rest/services/Utility/Sewer/MapServer","https://www.arcgis.com/home/item.html?id=1447307b07a9476eb7af8606b72b80c6&sublayer=13","https://opendata.baltimorecountymd.gov/datasets/BC-GIS::sewer-sheds","https://bcgisdata.baltimorecountymd.gov/arcgis/rest/services/Utility/Sewer/MapServer/13
https://opendata.baltimorecountymd.gov/datasets/BC-GIS::sewer-sheds","https://bcgisdata.baltimorecountymd.gov/arcgis/rest/services/Utility/Sewer/MapServer/13
https://opendata.baltimorecountymd.gov/api/download/v1/items/1447307b07a9476eb7af8606b72b80c6/csv?layers=13
https://opendata.baltimorecountymd.gov/api/download/v1/items/1447307b07a9476eb7af8606b72b80c6/geojson?layers=13
https://opendata.baltimorecountymd.gov/api/download/v1/items/1447307b07a9476eb7af8606b72b80c6/kml?layers=13
https://opendata.baltimorecountymd.gov/api/download/v1/items/1447307b07a9476eb7af8606b72b80c6/shapefile?layers=13
https://opendata.baltimorecountymd.gov/datasets/BC-GIS::sewer-sheds","example-feeds/BaltimoreCoHubDCAT1.1.json","outputs\2026-10-09_arcgis_primary.csv","outputs\2026-10-09_arcgis_distributions.csv"
"Herbicide Application Route [Maryland--Baltimore County]","Herbicide Application Route [Maryland--Baltimore County]","Herbicide Application Route","","sublayer","same as current harvest","No explicit same-item parent in feed; title unchanged by context rule; Service container shared by different ArcGIS items","baltimore_county","170a1e347b04412fb81adc99c8ce1271_10","170a1e347b04412fb81adc99c8ce1271","10","","yes","yes","04b-24005","yes","Transportation","Herbicide Application Route - Transportation","16","https://bcgisdata.baltimorecountymd.gov/arcgis/rest/services/Transportation/Transportation/MapServer","https://www.arcgis.com/home/item.html?id=170a1e347b04412fb81adc99c8ce1271&sublayer=10","https://opendata.baltimorecountymd.gov/datasets/BC-GIS::herbicide-application-route","https://bcgisdata.baltimorecountymd.gov/arcgis/rest/services/Transportation/Transportation/MapServer/10
https://opendata.baltimorecountymd.gov/datasets/BC-GIS::herbicide-application-route","https://bcgisdata.baltimorecountymd.gov/arcgis/rest/services/Transportation/Transportation/MapServer/10
https://opendata.baltimorecountymd.gov/api/download/v1/items/170a1e347b04412fb81adc99c8ce1271/csv?layers=10
https://opendata.baltimorecountymd.gov/api/download/v1/items/170a1e347b04412fb81adc99c8ce1271/geojson?layers=10
https://opendata.baltimorecountymd.gov/api/download/v1/items/170a1e347b04412fb81adc99c8ce1271/kml?layers=10
https://opendata.baltimorecountymd.gov/api/download/v1/items/170a1e347b04412fb81adc99c8ce1271/shapefile?layers=10
https://opendata.baltimorecountymd.gov/datasets/BC-GIS::herbicide-application-route","example-feeds/BaltimoreCoHubDCAT1.1.json","outputs\2026-10-09_arcgis_primary.csv","outputs\2026-10-09_arcgis_distributions.csv"
"High Schools [Maryland--Baltimore County]","High Schools [Maryland--Baltimore County]","High Schools","","sublayer","same as current harvest","No explicit same-item parent in feed; title unchanged by context rule; Service container shared by different ArcGIS items","baltimore_county","1a810e4dc72f4ccb9f9559b25fcd5b06_2","1a810e4dc72f4ccb9f9559b25fcd5b06","2","","yes","yes","04b-24005","yes","SchoolDistricts","High Schools - SchoolDistricts","7","https://bcgisdata.baltimorecountymd.gov/arcgis/rest/services/Education/SchoolDistricts/MapServer","https://www.arcgis.com/home/item.html?id=1a810e4dc72f4ccb9f9559b25fcd5b06&sublayer=2","https://opendata.baltimorecountymd.gov/datasets/BC-GIS::high-schools-1","https://bcgisdata.baltimorecountymd.gov/arcgis/rest/services/Education/SchoolDistricts/MapServer/2
https://opendata.baltimorecountymd.gov/datasets/BC-GIS::high-schools-1","https://bcgisdata.baltimorecountymd.gov/arcgis/rest/services/Education/SchoolDistricts/MapServer/2
https://opendata.baltimorecountymd.gov/api/download/v1/items/1a810e4dc72f4ccb9f9559b25fcd5b06/csv?layers=2
https://opendata.baltimorecountymd.gov/api/download/v1/items/1a810e4dc72f4ccb9f9559b25fcd5b06/geojson?layers=2
https://opendata.baltimorecountymd.gov/api/download/v1/items/1a810e4dc72f4ccb9f9559b25fcd5b06/kml?layers=2
https://opendata.baltimorecountymd.gov/api/download/v1/items/1a810e4dc72f4ccb9f9559b25fcd5b06/shapefile?layers=2
https://opendata.baltimorecountymd.gov/datasets/BC-GIS::high-schools-1","example-feeds/BaltimoreCoHubDCAT1.1.json","outputs\2026-10-09_arcgis_primary.csv","outputs\2026-10-09_arcgis_distributions.csv"
"ClimateActionPlan - St Clines in SLR Zone 6 7ft [Maryland--Baltimore County]","ClimateActionPlan - St Clines in SLR Zone 6 7ft [Maryland--Baltimore County]","ClimateActionPlan - St Clines in SLR Zone 6 7ft","","sublayer","same as current harvest","No explicit same-item parent in feed; title unchanged by context rule; Service container shared by different ArcGIS items","baltimore_county","1b45daeff48a47b3895411f16a68d0f9_12","1b45daeff48a47b3895411f16a68d0f9","12","","yes","yes","04b-24005","yes","ClimateActionPlan","","28","https://bcgisdata.baltimorecountymd.gov/arcgis/rest/services/Environmental/ClimateActionPlan/MapServer","https://www.arcgis.com/home/item.html?id=1b45daeff48a47b3895411f16a68d0f9&sublayer=12","https://opendata.baltimorecountymd.gov/datasets/BC-GIS::climateactionplan-st-clines-in-slr-zone-6-7ft","https://bcgisdata.baltimorecountymd.gov/arcgis/rest/services/Environmental/ClimateActionPlan/MapServer/12
https://opendata.baltimorecountymd.gov/datasets/BC-GIS::climateactionplan-st-clines-in-slr-zone-6-7ft","https://bcgisdata.baltimorecountymd.gov/arcgis/rest/services/Environmental/ClimateActionPlan/MapServer/12
https://opendata.baltimorecountymd.gov/api/download/v1/items/1b45daeff48a47b3895411f16a68d0f9/csv?layers=12
https://opendata.baltimorecountymd.gov/api/download/v1/items/1b45daeff48a47b3895411f16a68d0f9/geojson?layers=12
https://opendata.baltimorecountymd.gov/api/download/v1/items/1b45daeff48a47b3895411f16a68d0f9/kml?layers=12
https://opendata.baltimorecountymd.gov/api/download/v1/items/1b45daeff48a47b3895411f16a68d0f9/shapefile?layers=12
https://opendata.baltimorecountymd.gov/datasets/BC-GIS::climateactionplan-st-clines-in-slr-zone-6-7ft","example-feeds/BaltimoreCoHubDCAT1.1.json","outputs\2026-10-09_arcgis_primary.csv","outputs\2026-10-09_arcgis_distributions.csv"
"Bill 55-25 Proposed Patoka and Ertel Amendment [Maryland--Baltimore County]","Bill 55-25 Proposed Patoka and Ertel Amendment [Maryland--Baltimore County]","Bill 55-25 Proposed Patoka and Ertel Amendment","","sublayer","same as current harvest","No explicit same-item parent in feed; title unchanged by context rule","baltimore_county","1b4ed4b2e003400fba5675770bf091a9_0","1b4ed4b2e003400fba5675770bf091a9","0","","yes","yes","04b-24005","yes","Bill%2055-25%20Proposed%20Patoka%20and%20Ertel%20Amendment","Bill 55-25 Proposed Patoka and Ertel Amendment - Bill%2055-25%20Proposed%20Patoka%20and%20Ertel%20Amendment","1","https://services2.arcgis.com/Ynpzre7M7vSGY7dh/arcgis/rest/services/Bill%2055-25%20Proposed%20Patoka%20and%20Ertel%20Amendment/FeatureServer","https://www.arcgis.com/home/item.html?id=1b4ed4b2e003400fba5675770bf091a9&sublayer=0","https://opendata.baltimorecountymd.gov/datasets/BC-GIS::bill-55-25-proposed-patoka-and-ertel-amendment","https://opendata.baltimorecountymd.gov/datasets/BC-GIS::bill-55-25-proposed-patoka-and-ertel-amendment
https://services2.arcgis.com/Ynpzre7M7vSGY7dh/arcgis/rest/services/Bill%2055-25%20Proposed%20Patoka%20and%20Ertel%20Amendment/FeatureServer/0","https://opendata.baltimorecountymd.gov/api/download/v1/items/1b4ed4b2e003400fba5675770bf091a9/csv?layers=0
https://opendata.baltimorecountymd.gov/api/download/v1/items/1b4ed4b2e003400fba5675770bf091a9/geojson?layers=0
https://opendata.baltimorecountymd.gov/api/download/v1/items/1b4ed4b2e003400fba5675770bf091a9/kml?layers=0
https://opendata.baltimorecountymd.gov/api/download/v1/items/1b4ed4b2e003400fba5675770bf091a9/shapefile?layers=0
https://opendata.baltimorecountymd.gov/datasets/BC-GIS::bill-55-25-proposed-patoka-and-ertel-amendment
https://services2.arcgis.com/Ynpzre7M7vSGY7dh/arcgis/rest/services/Bill%2055-25%20Proposed%20Patoka%20and%20Ertel%20Amendment/FeatureServer/0","example-feeds/BaltimoreCoHubDCAT1.1.json","outputs\2026-10-09_arcgis_primary.csv","outputs\2026-10-09_arcgis_distributions.csv"
"Transportation Inspection Districts [Maryland--Baltimore County]","Transportation Inspection Districts [Maryland--Baltimore County]","Transportation Inspection Districts","","sublayer","same as current harvest","No explicit same-item parent in feed; title unchanged by context rule; Service container shared by different ArcGIS items","baltimore_county","1c287fb6f804418d8543959785215886_8","1c287fb6f804418d8543959785215886","8","","yes","yes","04b-24005","yes","Transportation","","16","https://bcgisdata.baltimorecountymd.gov/arcgis/rest/services/Transportation/Transportation/MapServer","https://www.arcgis.com/home/item.html?id=1c287fb6f804418d8543959785215886&sublayer=8","https://opendata.baltimorecountymd.gov/datasets/BC-GIS::transportation-inspection-districts","https://bcgisdata.baltimorecountymd.gov/arcgis/rest/services/Transportation/Transportation/MapServer/8
https://opendata.baltimorecountymd.gov/datasets/BC-GIS::transportation-inspection-districts","https://bcgisdata.baltimorecountymd.gov/arcgis/rest/services/Transportation/Transportation/MapServer/8
https://opendata.baltimorecountymd.gov/api/download/v1/items/1c287fb6f804418d8543959785215886/csv?layers=8
https://opendata.baltimorecountymd.gov/api/download/v1/items/1c287fb6f804418d8543959785215886/geojson?layers=8
https://opendata.baltimorecountymd.gov/api/download/v1/items/1c287fb6f804418d8543959785215886/kml?layers=8
https://opendata.baltimorecountymd.gov/api/download/v1/items/1c287fb6f804418d8543959785215886/shapefile?layers=8
https://opendata.baltimorecountymd.gov/datasets/BC-GIS::transportation-inspection-districts","example-feeds/BaltimoreCoHubDCAT1.1.json","outputs\2026-10-09_arcgis_primary.csv","outputs\2026-10-09_arcgis_distributions.csv"
"County Boundary [Maryland--Baltimore County]","County Boundary [Maryland--Baltimore County]","County Boundary","","sublayer","same as current harvest","No explicit same-item parent in feed; title unchanged by context rule","baltimore_county","1ceeba66308d43dba83981e9cd280d70_0","1ceeba66308d43dba83981e9cd280d70","0","","yes","yes","04b-24005","yes","CountyBoundary","County Boundary - CountyBoundary","1","https://bcgisdata.baltimorecountymd.gov/arcgis/rest/services/Admin/CountyBoundary/MapServer","https://www.arcgis.com/home/item.html?id=1ceeba66308d43dba83981e9cd280d70&sublayer=0","https://opendata.baltimorecountymd.gov/datasets/BC-GIS::county-boundary","https://bcgisdata.baltimorecountymd.gov/arcgis/rest/services/Admin/CountyBoundary/MapServer/0
https://opendata.baltimorecountymd.gov/datasets/BC-GIS::county-boundary","https://bcgisdata.baltimorecountymd.gov/arcgis/rest/services/Admin/CountyBoundary/MapServer/0
https://opendata.baltimorecountymd.gov/api/download/v1/items/1ceeba66308d43dba83981e9cd280d70/csv?layers=0
https://opendata.baltimorecountymd.gov/api/download/v1/items/1ceeba66308d43dba83981e9cd280d70/geojson?layers=0
https://opendata.baltimorecountymd.gov/api/download/v1/items/1ceeba66308d43dba83981e9cd280d70/kml?layers=0
https://opendata.baltimorecountymd.gov/api/download/v1/items/1ceeba66308d43dba83981e9cd280d70/shapefile?layers=0
https://opendata.baltimorecountymd.gov/datasets/BC-GIS::county-boundary","example-feeds/BaltimoreCoHubDCAT1.1.json","outputs\2026-10-09_arcgis_primary.csv","outputs\2026-10-09_arcgis_distributions.csv"
"Subdivisions [Maryland--Baltimore County]","Subdivisions [Maryland--Baltimore County]","Subdivisions","","sublayer","same as current harvest","No explicit same-item parent in feed; title unchanged by context rule; Service container shared by different ArcGIS items","baltimore_county","217c84d9ed914b01afff255f8abf950f_2","217c84d9ed914b01afff255f8abf950f","2","","yes","yes","04b-24005","yes","Property","Subdivisions - Property","3","https://bcgisdata.baltimorecountymd.gov/arcgis/rest/services/Property/Property/MapServer","https://www.arcgis.com/home/item.html?id=217c84d9ed914b01afff255f8abf950f&sublayer=2","https://opendata.baltimorecountymd.gov/datasets/BC-GIS::subdivisions","https://bcgisdata.baltimorecountymd.gov/arcgis/rest/services/Property/Property/MapServer/2
https://opendata.baltimorecountymd.gov/datasets/BC-GIS::subdivisions","https://bcgisdata.baltimorecountymd.gov/arcgis/rest/services/Property/Property/MapServer/2
https://opendata.baltimorecountymd.gov/api/download/v1/items/217c84d9ed914b01afff255f8abf950f/csv?layers=2
https://opendata.baltimorecountymd.gov/api/download/v1/items/217c84d9ed914b01afff255f8abf950f/geojson?layers=2
https://opendata.baltimorecountymd.gov/api/download/v1/items/217c84d9ed914b01afff255f8abf950f/kml?layers=2
https://opendata.baltimorecountymd.gov/api/download/v1/items/217c84d9ed914b01afff255f8abf950f/shapefile?layers=2
https://opendata.baltimorecountymd.gov/datasets/BC-GIS::subdivisions","example-feeds/BaltimoreCoHubDCAT1.1.json","outputs\2026-10-09_arcgis_primary.csv","outputs\2026-10-09_arcgis_distributions.csv"
"Orthophotography 1938 [Maryland--Baltimore County]","Orthophotography 1938 [Maryland--Baltimore County]","Orthophotography 1938","","standalone_item","same as current harvest","","baltimore_county","2211f7e032814a8d80c1289af5ebad3b","2211f7e032814a8d80c1289af5ebad3b","","","yes","yes","04b-24005","yes","Orthos1938","","1","https://bcgisimagery.baltimorecountymd.gov/arcgis/rest/services/Orthos1938/ImageServer","https://www.arcgis.com/home/item.html?id=2211f7e032814a8d80c1289af5ebad3b","https://opendata.baltimorecountymd.gov/datasets/BC-GIS::orthophotography-1938","https://bcgisimagery.baltimorecountymd.gov/arcgis/rest/services/Orthos1938/ImageServer
https://opendata.baltimorecountymd.gov/datasets/BC-GIS::orthophotography-1938","https://bcgisimagery.baltimorecountymd.gov/arcgis/rest/services/Orthos1938/ImageServer
https://opendata.baltimorecountymd.gov/datasets/BC-GIS::orthophotography-1938","example-feeds/BaltimoreCoHubDCAT1.1.json","outputs\2026-10-09_arcgis_primary.csv","outputs\2026-10-09_arcgis_distributions.csv"
"CZMP Issues 2000 [Maryland--Baltimore County]","CZMP Issues 2000 [Maryland--Baltimore County]","CZMP Issues 2000","","sublayer","same as current harvest","No explicit same-item parent in feed; title unchanged by context rule; Service container shared by different ArcGIS items","baltimore_county","23777c3d6bc44b1d90f45666acc8e854_4","23777c3d6bc44b1d90f45666acc8e854","4","","yes","yes","04b-24005","yes","Zoning","CZMP Issues 2000 - Zoning","16","https://bcgisdata.baltimorecountymd.gov/arcgis/rest/services/DevelopmentManagement/Zoning/MapServer","https://www.arcgis.com/home/item.html?id=23777c3d6bc44b1d90f45666acc8e854&sublayer=4","https://opendata.baltimorecountymd.gov/datasets/BC-GIS::czmp-issues-2000","https://bcgisdata.baltimorecountymd.gov/arcgis/rest/services/DevelopmentManagement/Zoning/MapServer/4
https://opendata.baltimorecountymd.gov/datasets/BC-GIS::czmp-issues-2000","https://bcgisdata.baltimorecountymd.gov/arcgis/rest/services/DevelopmentManagement/Zoning/MapServer/4
https://opendata.baltimorecountymd.gov/api/download/v1/items/23777c3d6bc44b1d90f45666acc8e854/csv?layers=4
https://opendata.baltimorecountymd.gov/api/download/v1/items/23777c3d6bc44b1d90f45666acc8e854/geojson?layers=4
https://opendata.baltimorecountymd.gov/api/download/v1/items/23777c3d6bc44b1d90f45666acc8e854/kml?layers=4
https://opendata.baltimorecountymd.gov/api/download/v1/items/23777c3d6bc44b1d90f45666acc8e854/shapefile?layers=4
https://opendata.baltimorecountymd.gov/datasets/BC-GIS::czmp-issues-2000","example-feeds/BaltimoreCoHubDCAT1.1.json","outputs\2026-10-09_arcgis_primary.csv","outputs\2026-10-09_arcgis_distributions.csv"
"Zoning 2012 [Maryland--Baltimore County]","Zoning 2012 [Maryland--Baltimore County]","Zoning 2012","","sublayer","same as current harvest","No explicit same-item parent in feed; title unchanged by context rule; Service container shared by different ArcGIS items","baltimore_county","23b71eef525844fd9b2c6ad755e7ea8c_9","23b71eef525844fd9b2c6ad755e7ea8c","9","","yes","yes","04b-24005","yes","Zoning","","16","https://bcgisdata.baltimorecountymd.gov/arcgis/rest/services/DevelopmentManagement/Zoning/MapServer","https://www.arcgis.com/home/item.html?id=23b71eef525844fd9b2c6ad755e7ea8c&sublayer=9","https://opendata.baltimorecountymd.gov/datasets/BC-GIS::zoning-2012","https://bcgisdata.baltimorecountymd.gov/arcgis/rest/services/DevelopmentManagement/Zoning/MapServer/9
https://opendata.baltimorecountymd.gov/datasets/BC-GIS::zoning-2012","https://bcgisdata.baltimorecountymd.gov/arcgis/rest/services/DevelopmentManagement/Zoning/MapServer/9
https://opendata.baltimorecountymd.gov/api/download/v1/items/23b71eef525844fd9b2c6ad755e7ea8c/csv?layers=9
https://opendata.baltimorecountymd.gov/api/download/v1/items/23b71eef525844fd9b2c6ad755e7ea8c/geojson?layers=9
https://opendata.baltimorecountymd.gov/api/download/v1/items/23b71eef525844fd9b2c6ad755e7ea8c/kml?layers=9
https://opendata.baltimorecountymd.gov/api/download/v1/items/23b71eef525844fd9b2c6ad755e7ea8c/shapefile?layers=9
https://opendata.baltimorecountymd.gov/datasets/BC-GIS::zoning-2012","example-feeds/BaltimoreCoHubDCAT1.1.json","outputs\2026-10-09_arcgis_primary.csv","outputs\2026-10-09_arcgis_distributions.csv"
"Dams [Maryland--Baltimore County]","Dams [Maryland--Baltimore County]","Dams","","sublayer","same as current harvest","No explicit same-item parent in feed; title unchanged by context rule; Service container shared by different ArcGIS items","baltimore_county","243d67ed81894cd283c35a3ac60333fd_38","243d67ed81894cd283c35a3ac60333fd","38","","yes","yes","04b-24005","yes","Floodplain","Dams - Floodplain","13","https://bcgisdata.baltimorecountymd.gov/arcgis/rest/services/DevelopmentManagement/Floodplain/MapServer","https://www.arcgis.com/home/item.html?id=243d67ed81894cd283c35a3ac60333fd&sublayer=38","https://opendata.baltimorecountymd.gov/datasets/BC-GIS::dams","https://bcgisdata.baltimorecountymd.gov/arcgis/rest/services/DevelopmentManagement/Floodplain/MapServer/38
https://opendata.baltimorecountymd.gov/datasets/BC-GIS::dams","https://bcgisdata.baltimorecountymd.gov/arcgis/rest/services/DevelopmentManagement/Floodplain/MapServer/38
https://opendata.baltimorecountymd.gov/api/download/v1/items/243d67ed81894cd283c35a3ac60333fd/csv?layers=38
https://opendata.baltimorecountymd.gov/api/download/v1/items/243d67ed81894cd283c35a3ac60333fd/geojson?layers=38
https://opendata.baltimorecountymd.gov/api/download/v1/items/243d67ed81894cd283c35a3ac60333fd/kml?layers=38
https://opendata.baltimorecountymd.gov/api/download/v1/items/243d67ed81894cd283c35a3ac60333fd/shapefile?layers=38
https://opendata.baltimorecountymd.gov/datasets/BC-GIS::dams","example-feeds/BaltimoreCoHubDCAT1.1.json","outputs\2026-10-09_arcgis_primary.csv","outputs\2026-10-09_arcgis_distributions.csv"
"ClimateActionPlan - St Clines in SLR Zone 2 6ft [Maryland--Baltimore County]","ClimateActionPlan - St Clines in SLR Zone 2 6ft [Maryland--Baltimore County]","ClimateActionPlan - St Clines in SLR Zone 2 6ft","","sublayer","same as current harvest","No explicit same-item parent in feed; title unchanged by context rule; Service container shared by different ArcGIS items","baltimore_county","24d7b6c8125644e9badbc733d1d7c14f_7","24d7b6c8125644e9badbc733d1d7c14f","7","","yes","yes","04b-24005","yes","ClimateActionPlan","","28","https://bcgisdata.baltimorecountymd.gov/arcgis/rest/services/Environmental/ClimateActionPlan/MapServer","https://www.arcgis.com/home/item.html?id=24d7b6c8125644e9badbc733d1d7c14f&sublayer=7","https://opendata.baltimorecountymd.gov/datasets/BC-GIS::climateactionplan-st-clines-in-slr-zone-2-6ft","https://bcgisdata.baltimorecountymd.gov/arcgis/rest/services/Environmental/ClimateActionPlan/MapServer/7
https://opendata.baltimorecountymd.gov/datasets/BC-GIS::climateactionplan-st-clines-in-slr-zone-2-6ft","https://bcgisdata.baltimorecountymd.gov/arcgis/rest/services/Environmental/ClimateActionPlan/MapServer/7
https://opendata.baltimorecountymd.gov/api/download/v1/items/24d7b6c8125644e9badbc733d1d7c14f/csv?layers=7
https://opendata.baltimorecountymd.gov/api/download/v1/items/24d7b6c8125644e9badbc733d1d7c14f/geojson?layers=7
https://opendata.baltimorecountymd.gov/api/download/v1/items/24d7b6c8125644e9badbc733d1d7c14f/kml?layers=7
https://opendata.baltimorecountymd.gov/api/download/v1/items/24d7b6c8125644e9badbc733d1d7c14f/shapefile?layers=7
https://opendata.baltimorecountymd.gov/datasets/BC-GIS::climateactionplan-st-clines-in-slr-zone-2-6ft","example-feeds/BaltimoreCoHubDCAT1.1.json","outputs\2026-10-09_arcgis_primary.csv","outputs\2026-10-09_arcgis_distributions.csv"
"Alleys and Driveways [Maryland--Baltimore County]","Alleys and Driveways [Maryland--Baltimore County]","Alleys and Driveways","","sublayer","same as current harvest","No explicit same-item parent in feed; title unchanged by context rule; Service container shared by different ArcGIS items","baltimore_county","26faa41ad9e1445c95b8b95c1ba4559c_6","26faa41ad9e1445c95b8b95c1ba4559c","6","","yes","yes","04b-24005","yes","Centerlines","Alleys and Driveways - Centerlines","7","https://bcgisdata.baltimorecountymd.gov/arcgis/rest/services/Transportation/Centerlines/MapServer","https://www.arcgis.com/home/item.html?id=26faa41ad9e1445c95b8b95c1ba4559c&sublayer=6","https://opendata.baltimorecountymd.gov/datasets/BC-GIS::alleys-and-driveways","https://bcgisdata.baltimorecountymd.gov/arcgis/rest/services/Transportation/Centerlines/MapServer/6
https://opendata.baltimorecountymd.gov/datasets/BC-GIS::alleys-and-driveways","https://bcgisdata.baltimorecountymd.gov/arcgis/rest/services/Transportation/Centerlines/MapServer/6
https://opendata.baltimorecountymd.gov/api/download/v1/items/26faa41ad9e1445c95b8b95c1ba4559c/csv?layers=6
https://opendata.baltimorecountymd.gov/api/download/v1/items/26faa41ad9e1445c95b8b95c1ba4559c/geojson?layers=6
https://opendata.baltimorecountymd.gov/api/download/v1/items/26faa41ad9e1445c95b8b95c1ba4559c/kml?layers=6
https://opendata.baltimorecountymd.gov/api/download/v1/items/26faa41ad9e1445c95b8b95c1ba4559c/shapefile?layers=6
https://opendata.baltimorecountymd.gov/datasets/BC-GIS::alleys-and-driveways","example-feeds/BaltimoreCoHubDCAT1.1.json","outputs\2026-10-09_arcgis_primary.csv","outputs\2026-10-09_arcgis_distributions.csv"
"Rural Legacy Areas [Maryland--Baltimore County]","Rural Legacy Areas [Maryland--Baltimore County]","Rural Legacy Areas","","sublayer","same as current harvest","No explicit same-item parent in feed; title unchanged by context rule; Service container shared by different ArcGIS items","baltimore_county","27ef23a8f1a549f59a9a26ba115f98db_0","27ef23a8f1a549f59a9a26ba115f98db","0","","yes","yes","04b-24005","yes","LandPreservation","Rural Legacy Areas - LandPreservation","3","https://bcgisdata.baltimorecountymd.gov/arcgis/rest/services/LandPreservation/LandPreservation/MapServer","https://www.arcgis.com/home/item.html?id=27ef23a8f1a549f59a9a26ba115f98db&sublayer=0","https://opendata.baltimorecountymd.gov/datasets/BC-GIS::rural-legacy-areas","https://bcgisdata.baltimorecountymd.gov/arcgis/rest/services/LandPreservation/LandPreservation/MapServer/0
https://opendata.baltimorecountymd.gov/datasets/BC-GIS::rural-legacy-areas","https://bcgisdata.baltimorecountymd.gov/arcgis/rest/services/LandPreservation/LandPreservation/MapServer/0
https://opendata.baltimorecountymd.gov/api/download/v1/items/27ef23a8f1a549f59a9a26ba115f98db/csv?layers=0
https://opendata.baltimorecountymd.gov/api/download/v1/items/27ef23a8f1a549f59a9a26ba115f98db/geojson?layers=0
https://opendata.baltimorecountymd.gov/api/download/v1/items/27ef23a8f1a549f59a9a26ba115f98db/kml?layers=0
https://opendata.baltimorecountymd.gov/api/download/v1/items/27ef23a8f1a549f59a9a26ba115f98db/shapefile?layers=0
https://opendata.baltimorecountymd.gov/datasets/BC-GIS::rural-legacy-areas","example-feeds/BaltimoreCoHubDCAT1.1.json","outputs\2026-10-09_arcgis_primary.csv","outputs\2026-10-09_arcgis_distributions.csv"
"ClimateActionPlan - PBI Categorized Asset Point [Maryland--Baltimore County]","ClimateActionPlan - PBI Categorized Asset Point [Maryland--Baltimore County]","ClimateActionPlan - PBI Categorized Asset Point","","sublayer","same as current harvest","No explicit same-item parent in feed; title unchanged by context rule; Service container shared by different ArcGIS items","baltimore_county","285c19fc85d34b08b9a5a603bb49f9d8_1","285c19fc85d34b08b9a5a603bb49f9d8","1","","yes","yes","04b-24005","yes","ClimateActionPlan","","28","https://bcgisdata.baltimorecountymd.gov/arcgis/rest/services/Environmental/ClimateActionPlan/MapServer","https://www.arcgis.com/home/item.html?id=285c19fc85d34b08b9a5a603bb49f9d8&sublayer=1","https://opendata.baltimorecountymd.gov/datasets/BC-GIS::climateactionplan-pbi-categorized-asset-point","https://bcgisdata.baltimorecountymd.gov/arcgis/rest/services/Environmental/ClimateActionPlan/MapServer/1
https://opendata.baltimorecountymd.gov/datasets/BC-GIS::climateactionplan-pbi-categorized-asset-point","https://bcgisdata.baltimorecountymd.gov/arcgis/rest/services/Environmental/ClimateActionPlan/MapServer/1
https://opendata.baltimorecountymd.gov/api/download/v1/items/285c19fc85d34b08b9a5a603bb49f9d8/csv?layers=1
https://opendata.baltimorecountymd.gov/api/download/v1/items/285c19fc85d34b08b9a5a603bb49f9d8/geojson?layers=1
https://opendata.baltimorecountymd.gov/api/download/v1/items/285c19fc85d34b08b9a5a603bb49f9d8/kml?layers=1
https://opendata.baltimorecountymd.gov/api/download/v1/items/285c19fc85d34b08b9a5a603bb49f9d8/shapefile?layers=1
https://opendata.baltimorecountymd.gov/datasets/BC-GIS::climateactionplan-pbi-categorized-asset-point","example-feeds/BaltimoreCoHubDCAT1.1.json","outputs\2026-10-09_arcgis_primary.csv","outputs\2026-10-09_arcgis_distributions.csv"
"Middle School Districts [Maryland--Baltimore County]","Middle School Districts [Maryland--Baltimore County]","Middle School Districts","","sublayer","same as current harvest","No explicit same-item parent in feed; title unchanged by context rule; Service container shared by different ArcGIS items","baltimore_county","286ecb1bf68f4dbcbaf1c0557945aec2_7","286ecb1bf68f4dbcbaf1c0557945aec2","7","","yes","yes","04b-24005","yes","SchoolDistricts","Middle School Districts - SchoolDistricts","7","https://bcgisdata.baltimorecountymd.gov/arcgis/rest/services/Education/SchoolDistricts/MapServer","https://www.arcgis.com/home/item.html?id=286ecb1bf68f4dbcbaf1c0557945aec2&sublayer=7","https://opendata.baltimorecountymd.gov/datasets/BC-GIS::middle-school-districts","https://bcgisdata.baltimorecountymd.gov/arcgis/rest/services/Education/SchoolDistricts/MapServer/7
https://opendata.baltimorecountymd.gov/datasets/BC-GIS::middle-school-districts","https://bcgisdata.baltimorecountymd.gov/arcgis/rest/services/Education/SchoolDistricts/MapServer/7
https://opendata.baltimorecountymd.gov/api/download/v1/items/286ecb1bf68f4dbcbaf1c0557945aec2/csv?layers=7
https://opendata.baltimorecountymd.gov/api/download/v1/items/286ecb1bf68f4dbcbaf1c0557945aec2/geojson?layers=7
https://opendata.baltimorecountymd.gov/api/download/v1/items/286ecb1bf68f4dbcbaf1c0557945aec2/kml?layers=7
https://opendata.baltimorecountymd.gov/api/download/v1/items/286ecb1bf68f4dbcbaf1c0557945aec2/shapefile?layers=7
https://opendata.baltimorecountymd.gov/datasets/BC-GIS::middle-school-districts","example-feeds/BaltimoreCoHubDCAT1.1.json","outputs\2026-10-09_arcgis_primary.csv","outputs\2026-10-09_arcgis_distributions.csv"
"200 Scale Grid [Maryland--Baltimore County]","200 Scale Grid [Maryland--Baltimore County]","200 Scale Grid","","sublayer","same as current harvest","No explicit same-item parent in feed; title unchanged by context rule","baltimore_county","292e16b4dfa642eab699cd84a604d5c3_1","292e16b4dfa642eab699cd84a604d5c3","1","","yes","yes","04b-24005","yes","Grids","200 Scale Grid - Grids","1","https://bcgisdata.baltimorecountymd.gov/arcgis/rest/services/Admin/Grids/MapServer","https://www.arcgis.com/home/item.html?id=292e16b4dfa642eab699cd84a604d5c3&sublayer=1","https://opendata.baltimorecountymd.gov/datasets/BC-GIS::200-scale-grid","https://bcgisdata.baltimorecountymd.gov/arcgis/rest/services/Admin/Grids/MapServer/1
https://opendata.baltimorecountymd.gov/datasets/BC-GIS::200-scale-grid","https://bcgisdata.baltimorecountymd.gov/arcgis/rest/services/Admin/Grids/MapServer/1
https://opendata.baltimorecountymd.gov/api/download/v1/items/292e16b4dfa642eab699cd84a604d5c3/csv?layers=1
https://opendata.baltimorecountymd.gov/api/download/v1/items/292e16b4dfa642eab699cd84a604d5c3/geojson?layers=1
https://opendata.baltimorecountymd.gov/api/download/v1/items/292e16b4dfa642eab699cd84a604d5c3/kml?layers=1
https://opendata.baltimorecountymd.gov/api/download/v1/items/292e16b4dfa642eab699cd84a604d5c3/shapefile?layers=1
https://opendata.baltimorecountymd.gov/datasets/BC-GIS::200-scale-grid","example-feeds/BaltimoreCoHubDCAT1.1.json","outputs\2026-10-09_arcgis_primary.csv","outputs\2026-10-09_arcgis_distributions.csv"
"Legislative Districts 2002 [Maryland--Baltimore County]","Legislative Districts 2002 [Maryland--Baltimore County]","Legislative Districts 2002","","sublayer","same as current harvest","No explicit same-item parent in feed; title unchanged by context rule; Service container shared by different ArcGIS items","baltimore_county","29a6b9c0484d4f4abfdc04c3d4b111e1_10","29a6b9c0484d4f4abfdc04c3d4b111e1","10","","yes","yes","04b-24005","yes","Political","Legislative Districts 2002 - Political","9","https://bcgisdata.baltimorecountymd.gov/arcgis/rest/services/Political/Political/MapServer","https://www.arcgis.com/home/item.html?id=29a6b9c0484d4f4abfdc04c3d4b111e1&sublayer=10","https://opendata.baltimorecountymd.gov/datasets/BC-GIS::legislative-districts-2002","https://bcgisdata.baltimorecountymd.gov/arcgis/rest/services/Political/Political/MapServer/10
https://opendata.baltimorecountymd.gov/datasets/BC-GIS::legislative-districts-2002","https://bcgisdata.baltimorecountymd.gov/arcgis/rest/services/Political/Political/MapServer/10
https://opendata.baltimorecountymd.gov/api/download/v1/items/29a6b9c0484d4f4abfdc04c3d4b111e1/csv?layers=10
https://opendata.baltimorecountymd.gov/api/download/v1/items/29a6b9c0484d4f4abfdc04c3d4b111e1/geojson?layers=10
https://opendata.baltimorecountymd.gov/api/download/v1/items/29a6b9c0484d4f4abfdc04c3d4b111e1/kml?layers=10
https://opendata.baltimorecountymd.gov/api/download/v1/items/29a6b9c0484d4f4abfdc04c3d4b111e1/shapefile?layers=10
https://opendata.baltimorecountymd.gov/datasets/BC-GIS::legislative-districts-2002","example-feeds/BaltimoreCoHubDCAT1.1.json","outputs\2026-10-09_arcgis_primary.csv","outputs\2026-10-09_arcgis_distributions.csv"
"Railroads [Maryland--Baltimore County]","Railroads [Maryland--Baltimore County]","Railroads","","sublayer","same as current harvest","No explicit same-item parent in feed; title unchanged by context rule; Service container shared by different ArcGIS items","baltimore_county","2bbf2bfe8c4b4c999317ab8bda80bb8b_4","2bbf2bfe8c4b4c999317ab8bda80bb8b","4","","yes","yes","04b-24005","yes","Transportation","Railroads - Transportation","16","https://bcgisdata.baltimorecountymd.gov/arcgis/rest/services/Transportation/Transportation/MapServer","https://www.arcgis.com/home/item.html?id=2bbf2bfe8c4b4c999317ab8bda80bb8b&sublayer=4","https://opendata.baltimorecountymd.gov/datasets/BC-GIS::railroads","https://bcgisdata.baltimorecountymd.gov/arcgis/rest/services/Transportation/Transportation/MapServer/4
https://opendata.baltimorecountymd.gov/datasets/BC-GIS::railroads","https://bcgisdata.baltimorecountymd.gov/arcgis/rest/services/Transportation/Transportation/MapServer/4
https://opendata.baltimorecountymd.gov/api/download/v1/items/2bbf2bfe8c4b4c999317ab8bda80bb8b/csv?layers=4
https://opendata.baltimorecountymd.gov/api/download/v1/items/2bbf2bfe8c4b4c999317ab8bda80bb8b/geojson?layers=4
https://opendata.baltimorecountymd.gov/api/download/v1/items/2bbf2bfe8c4b4c999317ab8bda80bb8b/kml?layers=4
https://opendata.baltimorecountymd.gov/api/download/v1/items/2bbf2bfe8c4b4c999317ab8bda80bb8b/shapefile?layers=4
https://opendata.baltimorecountymd.gov/datasets/BC-GIS::railroads","example-feeds/BaltimoreCoHubDCAT1.1.json","outputs\2026-10-09_arcgis_primary.csv","outputs\2026-10-09_arcgis_distributions.csv"
"ClimateActionPlan - SLR2050 Impact StormDrain [Maryland--Baltimore County]","ClimateActionPlan - SLR2050 Impact StormDrain [Maryland--Baltimore County]","ClimateActionPlan - SLR2050 Impact StormDrain","","sublayer","same as current harvest","No explicit same-item parent in feed; title unchanged by context rule; Service container shared by different ArcGIS items","baltimore_county","2ec3c3e75c674c2aae137c0b520bca8e_5","2ec3c3e75c674c2aae137c0b520bca8e","5","","yes","yes","04b-24005","yes","ClimateActionPlan","","28","https://bcgisdata.baltimorecountymd.gov/arcgis/rest/services/Environmental/ClimateActionPlan/MapServer","https://www.arcgis.com/home/item.html?id=2ec3c3e75c674c2aae137c0b520bca8e&sublayer=5","https://opendata.baltimorecountymd.gov/datasets/BC-GIS::climateactionplan-slr2050-impact-stormdrain","https://bcgisdata.baltimorecountymd.gov/arcgis/rest/services/Environmental/ClimateActionPlan/MapServer/5
https://opendata.baltimorecountymd.gov/datasets/BC-GIS::climateactionplan-slr2050-impact-stormdrain","https://bcgisdata.baltimorecountymd.gov/arcgis/rest/services/Environmental/ClimateActionPlan/MapServer/5
https://opendata.baltimorecountymd.gov/api/download/v1/items/2ec3c3e75c674c2aae137c0b520bca8e/csv?layers=5
https://opendata.baltimorecountymd.gov/api/download/v1/items/2ec3c3e75c674c2aae137c0b520bca8e/geojson?layers=5
https://opendata.baltimorecountymd.gov/api/download/v1/items/2ec3c3e75c674c2aae137c0b520bca8e/kml?layers=5
https://opendata.baltimorecountymd.gov/api/download/v1/items/2ec3c3e75c674c2aae137c0b520bca8e/shapefile?layers=5
https://opendata.baltimorecountymd.gov/datasets/BC-GIS::climateactionplan-slr2050-impact-stormdrain","example-feeds/BaltimoreCoHubDCAT1.1.json","outputs\2026-10-09_arcgis_primary.csv","outputs\2026-10-09_arcgis_distributions.csv"
"Decorative Street Lights [Maryland--Baltimore County]","Decorative Street Lights [Maryland--Baltimore County]","Decorative Street Lights","","sublayer","same as current harvest","No explicit same-item parent in feed; title unchanged by context rule; Service container shared by different ArcGIS items","baltimore_county","2fb6222f432d4e26ad593f19b42a6283_16","2fb6222f432d4e26ad593f19b42a6283","16","","yes","yes","04b-24005","yes","Transportation","Decorative Street Lights - Transportation","16","https://bcgisdata.baltimorecountymd.gov/arcgis/rest/services/Transportation/Transportation/MapServer","https://www.arcgis.com/home/item.html?id=2fb6222f432d4e26ad593f19b42a6283&sublayer=16","https://opendata.baltimorecountymd.gov/datasets/BC-GIS::decorative-street-lights","https://bcgisdata.baltimorecountymd.gov/arcgis/rest/services/Transportation/Transportation/MapServer/16
https://opendata.baltimorecountymd.gov/datasets/BC-GIS::decorative-street-lights","https://bcgisdata.baltimorecountymd.gov/arcgis/rest/services/Transportation/Transportation/MapServer/16
https://opendata.baltimorecountymd.gov/api/download/v1/items/2fb6222f432d4e26ad593f19b42a6283/csv?layers=16
https://opendata.baltimorecountymd.gov/api/download/v1/items/2fb6222f432d4e26ad593f19b42a6283/geojson?layers=16
https://opendata.baltimorecountymd.gov/api/download/v1/items/2fb6222f432d4e26ad593f19b42a6283/kml?layers=16
https://opendata.baltimorecountymd.gov/api/download/v1/items/2fb6222f432d4e26ad593f19b42a6283/shapefile?layers=16
https://opendata.baltimorecountymd.gov/datasets/BC-GIS::decorative-street-lights","example-feeds/BaltimoreCoHubDCAT1.1.json","outputs\2026-10-09_arcgis_primary.csv","outputs\2026-10-09_arcgis_distributions.csv"
"Enterprise Zones [Maryland--Baltimore County]","Enterprise Zones [Maryland--Baltimore County]","Enterprise Zones","","sublayer","same as current harvest","No explicit same-item parent in feed; title unchanged by context rule; Service container shared by different ArcGIS items","baltimore_county","3349bf5e2d4a4f31a8c321a10d11f2f6_2","3349bf5e2d4a4f31a8c321a10d11f2f6","2","","yes","yes","04b-24005","yes","Economic","Enterprise Zones - Economic","6","https://bcgisdata.baltimorecountymd.gov/arcgis/rest/services/Economic/Economic/MapServer","https://www.arcgis.com/home/item.html?id=3349bf5e2d4a4f31a8c321a10d11f2f6&sublayer=2","https://opendata.baltimorecountymd.gov/datasets/BC-GIS::enterprise-zones","https://bcgisdata.baltimorecountymd.gov/arcgis/rest/services/Economic/Economic/MapServer/2
https://opendata.baltimorecountymd.gov/datasets/BC-GIS::enterprise-zones","https://bcgisdata.baltimorecountymd.gov/arcgis/rest/services/Economic/Economic/MapServer/2
https://opendata.baltimorecountymd.gov/api/download/v1/items/3349bf5e2d4a4f31a8c321a10d11f2f6/csv?layers=2
https://opendata.baltimorecountymd.gov/api/download/v1/items/3349bf5e2d4a4f31a8c321a10d11f2f6/geojson?layers=2
https://opendata.baltimorecountymd.gov/api/download/v1/items/3349bf5e2d4a4f31a8c321a10d11f2f6/kml?layers=2
https://opendata.baltimorecountymd.gov/api/download/v1/items/3349bf5e2d4a4f31a8c321a10d11f2f6/shapefile?layers=2
https://opendata.baltimorecountymd.gov/datasets/BC-GIS::enterprise-zones","example-feeds/BaltimoreCoHubDCAT1.1.json","outputs\2026-10-09_arcgis_primary.csv","outputs\2026-10-09_arcgis_distributions.csv"
"County Open Space [Maryland--Baltimore County]","County Open Space [Maryland--Baltimore County]","County Open Space","","sublayer","same as current harvest","No explicit same-item parent in feed; title unchanged by context rule; Service container shared by different ArcGIS items","baltimore_county","3538cc526709435ab2f3ebff01930b7d_3","3538cc526709435ab2f3ebff01930b7d","3","","yes","yes","04b-24005","yes","ParkBoundaries","County Open Space - ParkBoundaries","5","https://bcgisdata.baltimorecountymd.gov/arcgis/rest/services/Recreation/ParkBoundaries/MapServer","https://www.arcgis.com/home/item.html?id=3538cc526709435ab2f3ebff01930b7d&sublayer=3","https://opendata.baltimorecountymd.gov/datasets/BC-GIS::county-open-space","https://bcgisdata.baltimorecountymd.gov/arcgis/rest/services/Recreation/ParkBoundaries/MapServer/3
https://opendata.baltimorecountymd.gov/datasets/BC-GIS::county-open-space","https://bcgisdata.baltimorecountymd.gov/arcgis/rest/services/Recreation/ParkBoundaries/MapServer/3
https://opendata.baltimorecountymd.gov/api/download/v1/items/3538cc526709435ab2f3ebff01930b7d/csv?layers=3
https://opendata.baltimorecountymd.gov/api/download/v1/items/3538cc526709435ab2f3ebff01930b7d/geojson?layers=3
https://opendata.baltimorecountymd.gov/api/download/v1/items/3538cc526709435ab2f3ebff01930b7d/kml?layers=3
https://opendata.baltimorecountymd.gov/api/download/v1/items/3538cc526709435ab2f3ebff01930b7d/shapefile?layers=3
https://opendata.baltimorecountymd.gov/datasets/BC-GIS::county-open-space","example-feeds/BaltimoreCoHubDCAT1.1.json","outputs\2026-10-09_arcgis_primary.csv","outputs\2026-10-09_arcgis_distributions.csv"
"Baltimore County Scenic Route [Maryland--Baltimore County]","Baltimore County Scenic Route [Maryland--Baltimore County]","Baltimore County Scenic Route","","sublayer","same as current harvest","No explicit same-item parent in feed; title unchanged by context rule; Service container shared by different ArcGIS items","baltimore_county","3602fc9d37a14cb5b8b196f24039ac79_1","3602fc9d37a14cb5b8b196f24039ac79","1","","yes","yes","04b-24005","yes","Scenic","","2","https://bcgisdata.baltimorecountymd.gov/arcgis/rest/services/Scenic/Scenic/MapServer","https://www.arcgis.com/home/item.html?id=3602fc9d37a14cb5b8b196f24039ac79&sublayer=1","https://opendata.baltimorecountymd.gov/datasets/BC-GIS::baltimore-county-scenic-route","https://bcgisdata.baltimorecountymd.gov/arcgis/rest/services/Scenic/Scenic/MapServer/1
https://opendata.baltimorecountymd.gov/datasets/BC-GIS::baltimore-county-scenic-route","https://bcgisdata.baltimorecountymd.gov/arcgis/rest/services/Scenic/Scenic/MapServer/1
https://opendata.baltimorecountymd.gov/api/download/v1/items/3602fc9d37a14cb5b8b196f24039ac79/csv?layers=1
https://opendata.baltimorecountymd.gov/api/download/v1/items/3602fc9d37a14cb5b8b196f24039ac79/geojson?layers=1
https://opendata.baltimorecountymd.gov/api/download/v1/items/3602fc9d37a14cb5b8b196f24039ac79/kml?layers=1
https://opendata.baltimorecountymd.gov/api/download/v1/items/3602fc9d37a14cb5b8b196f24039ac79/shapefile?layers=1
https://opendata.baltimorecountymd.gov/datasets/BC-GIS::baltimore-county-scenic-route","example-feeds/BaltimoreCoHubDCAT1.1.json","outputs\2026-10-09_arcgis_primary.csv","outputs\2026-10-09_arcgis_distributions.csv"
"2025 Baltimore County Redistricting Commission Final Recommendation [Maryland--Baltimore County]","2025 Baltimore County Redistricting Commission Final Recommendation [Maryland--Baltimore County]","2025 Baltimore County Redistricting Commission Final Recommendation","","sublayer","same as current harvest","No explicit same-item parent in feed; title unchanged by context rule","baltimore_county","3b111d2cd0bb4bccb5ea2affc777987d_0","3b111d2cd0bb4bccb5ea2affc777987d","0","","yes","yes","04b-24005","yes","BaltimoreCountyRedistrictingCommissionFinalPlan","2025 Baltimore County Redistricting Commission Final Recommendation - BaltimoreCountyRedistrictingCommissionFinalPlan","1","https://services2.arcgis.com/Ynpzre7M7vSGY7dh/arcgis/rest/services/BaltimoreCountyRedistrictingCommissionFinalPlan/FeatureServer","https://www.arcgis.com/home/item.html?id=3b111d2cd0bb4bccb5ea2affc777987d&sublayer=0","https://opendata.baltimorecountymd.gov/datasets/BC-GIS::2025-baltimore-county-redistricting-commission-final-recommendation","https://opendata.baltimorecountymd.gov/datasets/BC-GIS::2025-baltimore-county-redistricting-commission-final-recommendation
https://services2.arcgis.com/Ynpzre7M7vSGY7dh/arcgis/rest/services/BaltimoreCountyRedistrictingCommissionFinalPlan/FeatureServer/0","https://opendata.baltimorecountymd.gov/api/download/v1/items/3b111d2cd0bb4bccb5ea2affc777987d/csv?layers=0
https://opendata.baltimorecountymd.gov/api/download/v1/items/3b111d2cd0bb4bccb5ea2affc777987d/geojson?layers=0
https://opendata.baltimorecountymd.gov/api/download/v1/items/3b111d2cd0bb4bccb5ea2affc777987d/kml?layers=0
https://opendata.baltimorecountymd.gov/api/download/v1/items/3b111d2cd0bb4bccb5ea2affc777987d/shapefile?layers=0
https://opendata.baltimorecountymd.gov/datasets/BC-GIS::2025-baltimore-county-redistricting-commission-final-recommendation
https://services2.arcgis.com/Ynpzre7M7vSGY7dh/arcgis/rest/services/BaltimoreCountyRedistrictingCommissionFinalPlan/FeatureServer/0","example-feeds/BaltimoreCoHubDCAT1.1.json","outputs\2026-10-09_arcgis_primary.csv","outputs\2026-10-09_arcgis_distributions.csv"
"Gas Permits [Maryland--Baltimore County]","Gas Permits [Maryland--Baltimore County]","Gas Permits","","sublayer","same as current harvest","No explicit same-item parent in feed; title unchanged by context rule; Service container shared by different ArcGIS items","baltimore_county","3b902faa793e45d88df366163e109667_6","3b902faa793e45d88df366163e109667","6","","yes","yes","04b-24005","yes","ActiveDevelopment","Gas Permits - ActiveDevelopment","8","https://bcgisdata.baltimorecountymd.gov/arcgis/rest/services/DevelopmentManagement/ActiveDevelopment/MapServer","https://www.arcgis.com/home/item.html?id=3b902faa793e45d88df366163e109667&sublayer=6","https://opendata.baltimorecountymd.gov/datasets/BC-GIS::gas-permits","https://bcgisdata.baltimorecountymd.gov/arcgis/rest/services/DevelopmentManagement/ActiveDevelopment/MapServer/6
https://opendata.baltimorecountymd.gov/datasets/BC-GIS::gas-permits","https://bcgisdata.baltimorecountymd.gov/arcgis/rest/services/DevelopmentManagement/ActiveDevelopment/MapServer/6
https://opendata.baltimorecountymd.gov/api/download/v1/items/3b902faa793e45d88df366163e109667/csv?layers=6
https://opendata.baltimorecountymd.gov/api/download/v1/items/3b902faa793e45d88df366163e109667/geojson?layers=6
https://opendata.baltimorecountymd.gov/api/download/v1/items/3b902faa793e45d88df366163e109667/kml?layers=6
https://opendata.baltimorecountymd.gov/api/download/v1/items/3b902faa793e45d88df366163e109667/shapefile?layers=6
https://opendata.baltimorecountymd.gov/datasets/BC-GIS::gas-permits","example-feeds/BaltimoreCoHubDCAT1.1.json","outputs\2026-10-09_arcgis_primary.csv","outputs\2026-10-09_arcgis_distributions.csv"
"Permits Prior to 2022 [Maryland--Baltimore County]","Permits Prior to 2022 [Maryland--Baltimore County]","Permits Prior to 2022","","sublayer","same as current harvest","No explicit same-item parent in feed; title unchanged by context rule; Service container shared by different ArcGIS items","baltimore_county","3b94eb1944d34f159e0f5a710a8a27bb_3","3b94eb1944d34f159e0f5a710a8a27bb","3","","yes","yes","04b-24005","yes","ActiveDevelopment","Permits Prior to 2022 - ActiveDevelopment","8","https://bcgisdata.baltimorecountymd.gov/arcgis/rest/services/DevelopmentManagement/ActiveDevelopment/MapServer","https://www.arcgis.com/home/item.html?id=3b94eb1944d34f159e0f5a710a8a27bb&sublayer=3","https://opendata.baltimorecountymd.gov/datasets/BC-GIS::permits-prior-to-2022","https://bcgisdata.baltimorecountymd.gov/arcgis/rest/services/DevelopmentManagement/ActiveDevelopment/MapServer/3
https://opendata.baltimorecountymd.gov/datasets/BC-GIS::permits-prior-to-2022","https://bcgisdata.baltimorecountymd.gov/arcgis/rest/services/DevelopmentManagement/ActiveDevelopment/MapServer/3
https://opendata.baltimorecountymd.gov/api/download/v1/items/3b94eb1944d34f159e0f5a710a8a27bb/csv?layers=3
https://opendata.baltimorecountymd.gov/api/download/v1/items/3b94eb1944d34f159e0f5a710a8a27bb/geojson?layers=3
https://opendata.baltimorecountymd.gov/api/download/v1/items/3b94eb1944d34f159e0f5a710a8a27bb/kml?layers=3
https://opendata.baltimorecountymd.gov/api/download/v1/items/3b94eb1944d34f159e0f5a710a8a27bb/shapefile?layers=3
https://opendata.baltimorecountymd.gov/datasets/BC-GIS::permits-prior-to-2022","example-feeds/BaltimoreCoHubDCAT1.1.json","outputs\2026-10-09_arcgis_primary.csv","outputs\2026-10-09_arcgis_distributions.csv"
"Current CBCA Land Use Designation [Maryland--Baltimore County]","Current CBCA Land Use Designation [Maryland--Baltimore County]","Current CBCA Land Use Designation","","sublayer","same as current harvest","No explicit same-item parent in feed; title unchanged by context rule; Service container shared by different ArcGIS items","baltimore_county","3c899241dc1a49bdb213fa5a4cd43181_7","3c899241dc1a49bdb213fa5a4cd43181","7","","yes","yes","04b-24005","yes","Environmental","Current CBCA Land Use Designation - Environmental","3","https://bcgisdata.baltimorecountymd.gov/arcgis/rest/services/Environmental/Environmental/MapServer","https://www.arcgis.com/home/item.html?id=3c899241dc1a49bdb213fa5a4cd43181&sublayer=7","https://opendata.baltimorecountymd.gov/datasets/BC-GIS::current-cbca-land-use-designation","https://bcgisdata.baltimorecountymd.gov/arcgis/rest/services/Environmental/Environmental/MapServer/7
https://opendata.baltimorecountymd.gov/datasets/BC-GIS::current-cbca-land-use-designation","https://bcgisdata.baltimorecountymd.gov/arcgis/rest/services/Environmental/Environmental/MapServer/7
https://opendata.baltimorecountymd.gov/api/download/v1/items/3c899241dc1a49bdb213fa5a4cd43181/csv?layers=7
https://opendata.baltimorecountymd.gov/api/download/v1/items/3c899241dc1a49bdb213fa5a4cd43181/geojson?layers=7
https://opendata.baltimorecountymd.gov/api/download/v1/items/3c899241dc1a49bdb213fa5a4cd43181/kml?layers=7
https://opendata.baltimorecountymd.gov/api/download/v1/items/3c899241dc1a49bdb213fa5a4cd43181/shapefile?layers=7
https://opendata.baltimorecountymd.gov/datasets/BC-GIS::current-cbca-land-use-designation","example-feeds/BaltimoreCoHubDCAT1.1.json","outputs\2026-10-09_arcgis_primary.csv","outputs\2026-10-09_arcgis_distributions.csv"
"Development Plans [Maryland--Baltimore County]","Development Plans [Maryland--Baltimore County]","Development Plans","","sublayer","same as current harvest","No explicit same-item parent in feed; title unchanged by context rule; Service container shared by different ArcGIS items","baltimore_county","3dbbc0db067040799bb1d90a28bffbec_2","3dbbc0db067040799bb1d90a28bffbec","2","","yes","yes","04b-24005","yes","ActiveDevelopment","Development Plans - ActiveDevelopment","8","https://bcgisdata.baltimorecountymd.gov/arcgis/rest/services/DevelopmentManagement/ActiveDevelopment/MapServer","https://www.arcgis.com/home/item.html?id=3dbbc0db067040799bb1d90a28bffbec&sublayer=2","https://opendata.baltimorecountymd.gov/datasets/BC-GIS::development-plans","https://bcgisdata.baltimorecountymd.gov/arcgis/rest/services/DevelopmentManagement/ActiveDevelopment/MapServer/2
https://opendata.baltimorecountymd.gov/datasets/BC-GIS::development-plans","https://bcgisdata.baltimorecountymd.gov/arcgis/rest/services/DevelopmentManagement/ActiveDevelopment/MapServer/2
https://opendata.baltimorecountymd.gov/api/download/v1/items/3dbbc0db067040799bb1d90a28bffbec/csv?layers=2
https://opendata.baltimorecountymd.gov/api/download/v1/items/3dbbc0db067040799bb1d90a28bffbec/geojson?layers=2
https://opendata.baltimorecountymd.gov/api/download/v1/items/3dbbc0db067040799bb1d90a28bffbec/kml?layers=2
https://opendata.baltimorecountymd.gov/api/download/v1/items/3dbbc0db067040799bb1d90a28bffbec/shapefile?layers=2
https://opendata.baltimorecountymd.gov/datasets/BC-GIS::development-plans","example-feeds/BaltimoreCoHubDCAT1.1.json","outputs\2026-10-09_arcgis_primary.csv","outputs\2026-10-09_arcgis_distributions.csv"
"ClimateActionPlan - Nuis Flood Zone 4 2 ft SLR [Maryland--Baltimore County]","ClimateActionPlan - Nuis Flood Zone 4 2 ft SLR [Maryland--Baltimore County]","ClimateActionPlan - Nuis Flood Zone 4 2 ft SLR","","sublayer","same as current harvest","No explicit same-item parent in feed; title unchanged by context rule; Service container shared by different ArcGIS items","baltimore_county","3f0d11cf18224314ad5e456afeb046d8_19","3f0d11cf18224314ad5e456afeb046d8","19","","yes","yes","04b-24005","yes","ClimateActionPlan","","28","https://bcgisdata.baltimorecountymd.gov/arcgis/rest/services/Environmental/ClimateActionPlan/MapServer","https://www.arcgis.com/home/item.html?id=3f0d11cf18224314ad5e456afeb046d8&sublayer=19","https://opendata.baltimorecountymd.gov/datasets/BC-GIS::climateactionplan-nuis-flood-zone-4-2-ft-slr","https://bcgisdata.baltimorecountymd.gov/arcgis/rest/services/Environmental/ClimateActionPlan/MapServer/19
https://opendata.baltimorecountymd.gov/datasets/BC-GIS::climateactionplan-nuis-flood-zone-4-2-ft-slr","https://bcgisdata.baltimorecountymd.gov/arcgis/rest/services/Environmental/ClimateActionPlan/MapServer/19
https://opendata.baltimorecountymd.gov/api/download/v1/items/3f0d11cf18224314ad5e456afeb046d8/csv?layers=19
https://opendata.baltimorecountymd.gov/api/download/v1/items/3f0d11cf18224314ad5e456afeb046d8/geojson?layers=19
https://opendata.baltimorecountymd.gov/api/download/v1/items/3f0d11cf18224314ad5e456afeb046d8/kml?layers=19
https://opendata.baltimorecountymd.gov/api/download/v1/items/3f0d11cf18224314ad5e456afeb046d8/shapefile?layers=19
https://opendata.baltimorecountymd.gov/datasets/BC-GIS::climateactionplan-nuis-flood-zone-4-2-ft-slr","example-feeds/BaltimoreCoHubDCAT1.1.json","outputs\2026-10-09_arcgis_primary.csv","outputs\2026-10-09_arcgis_distributions.csv"
"Business Park Centers [Maryland--Baltimore County]","Business Park Centers [Maryland--Baltimore County]","Business Park Centers","","sublayer","same as current harvest","No explicit same-item parent in feed; title unchanged by context rule; Service container shared by different ArcGIS items","baltimore_county","403bb87a1fb34cebaae3c91968b33360_3","403bb87a1fb34cebaae3c91968b33360","3","","yes","yes","04b-24005","yes","Economic","Business Park Centers - Economic","6","https://bcgisdata.baltimorecountymd.gov/arcgis/rest/services/Economic/Economic/MapServer","https://www.arcgis.com/home/item.html?id=403bb87a1fb34cebaae3c91968b33360&sublayer=3","https://opendata.baltimorecountymd.gov/datasets/BC-GIS::business-park-centers","https://bcgisdata.baltimorecountymd.gov/arcgis/rest/services/Economic/Economic/MapServer/3
https://opendata.baltimorecountymd.gov/datasets/BC-GIS::business-park-centers","https://bcgisdata.baltimorecountymd.gov/arcgis/rest/services/Economic/Economic/MapServer/3
https://opendata.baltimorecountymd.gov/api/download/v1/items/403bb87a1fb34cebaae3c91968b33360/csv?layers=3
https://opendata.baltimorecountymd.gov/api/download/v1/items/403bb87a1fb34cebaae3c91968b33360/geojson?layers=3
https://opendata.baltimorecountymd.gov/api/download/v1/items/403bb87a1fb34cebaae3c91968b33360/kml?layers=3
https://opendata.baltimorecountymd.gov/api/download/v1/items/403bb87a1fb34cebaae3c91968b33360/shapefile?layers=3
https://opendata.baltimorecountymd.gov/datasets/BC-GIS::business-park-centers","example-feeds/BaltimoreCoHubDCAT1.1.json","outputs\2026-10-09_arcgis_primary.csv","outputs\2026-10-09_arcgis_distributions.csv"
"Community Plans [Maryland--Baltimore County]","Community Plans [Maryland--Baltimore County]","Community Plans","","sublayer","same as current harvest","No explicit same-item parent in feed; title unchanged by context rule; Service container shared by different ArcGIS items","baltimore_county","41c5495992b345a5b3d7cb533f8116b4_3","41c5495992b345a5b3d7cb533f8116b4","3","","yes","yes","04b-24005","yes","Landuse","Community Plans - Landuse","14","https://bcgisdata.baltimorecountymd.gov/arcgis/rest/services/LandusePlanning/Landuse/MapServer","https://www.arcgis.com/home/item.html?id=41c5495992b345a5b3d7cb533f8116b4&sublayer=3","https://opendata.baltimorecountymd.gov/datasets/BC-GIS::community-plans","https://bcgisdata.baltimorecountymd.gov/arcgis/rest/services/LandusePlanning/Landuse/MapServer/3
https://opendata.baltimorecountymd.gov/datasets/BC-GIS::community-plans","https://bcgisdata.baltimorecountymd.gov/arcgis/rest/services/LandusePlanning/Landuse/MapServer/3
https://opendata.baltimorecountymd.gov/api/download/v1/items/41c5495992b345a5b3d7cb533f8116b4/csv?layers=3
https://opendata.baltimorecountymd.gov/api/download/v1/items/41c5495992b345a5b3d7cb533f8116b4/geojson?layers=3
https://opendata.baltimorecountymd.gov/api/download/v1/items/41c5495992b345a5b3d7cb533f8116b4/kml?layers=3
https://opendata.baltimorecountymd.gov/api/download/v1/items/41c5495992b345a5b3d7cb533f8116b4/shapefile?layers=3
https://opendata.baltimorecountymd.gov/datasets/BC-GIS::community-plans","example-feeds/BaltimoreCoHubDCAT1.1.json","outputs\2026-10-09_arcgis_primary.csv","outputs\2026-10-09_arcgis_distributions.csv"
"CSX Rail Crossing [Maryland--Baltimore County]","CSX Rail Crossing [Maryland--Baltimore County]","CSX Rail Crossing","","sublayer","same as current harvest","No explicit same-item parent in feed; title unchanged by context rule; Service container shared by different ArcGIS items","baltimore_county","41de29b9f7de41aeaef5c2f1f4e2ceeb_13","41de29b9f7de41aeaef5c2f1f4e2ceeb","13","","yes","yes","04b-24005","yes","Transportation","CSX Rail Crossing - Transportation","16","https://bcgisdata.baltimorecountymd.gov/arcgis/rest/services/Transportation/Transportation/MapServer","https://www.arcgis.com/home/item.html?id=41de29b9f7de41aeaef5c2f1f4e2ceeb&sublayer=13","https://opendata.baltimorecountymd.gov/datasets/BC-GIS::csx-rail-crossing","https://bcgisdata.baltimorecountymd.gov/arcgis/rest/services/Transportation/Transportation/MapServer/13
https://opendata.baltimorecountymd.gov/datasets/BC-GIS::csx-rail-crossing","https://bcgisdata.baltimorecountymd.gov/arcgis/rest/services/Transportation/Transportation/MapServer/13
https://opendata.baltimorecountymd.gov/api/download/v1/items/41de29b9f7de41aeaef5c2f1f4e2ceeb/csv?layers=13
https://opendata.baltimorecountymd.gov/api/download/v1/items/41de29b9f7de41aeaef5c2f1f4e2ceeb/geojson?layers=13
https://opendata.baltimorecountymd.gov/api/download/v1/items/41de29b9f7de41aeaef5c2f1f4e2ceeb/kml?layers=13
https://opendata.baltimorecountymd.gov/api/download/v1/items/41de29b9f7de41aeaef5c2f1f4e2ceeb/shapefile?layers=13
https://opendata.baltimorecountymd.gov/datasets/BC-GIS::csx-rail-crossing","example-feeds/BaltimoreCoHubDCAT1.1.json","outputs\2026-10-09_arcgis_primary.csv","outputs\2026-10-09_arcgis_distributions.csv"
"ClimateActionPlan - St Clines in SLR Zone 3 1ft [Maryland--Baltimore County]","ClimateActionPlan - St Clines in SLR Zone 3 1ft [Maryland--Baltimore County]","ClimateActionPlan - St Clines in SLR Zone 3 1ft","","sublayer","same as current harvest","No explicit same-item parent in feed; title unchanged by context rule; Service container shared by different ArcGIS items","baltimore_county","44a7cd7363ea4522b520063df21c883f_8","44a7cd7363ea4522b520063df21c883f","8","","yes","yes","04b-24005","yes","ClimateActionPlan","","28","https://bcgisdata.baltimorecountymd.gov/arcgis/rest/services/Environmental/ClimateActionPlan/MapServer","https://www.arcgis.com/home/item.html?id=44a7cd7363ea4522b520063df21c883f&sublayer=8","https://opendata.baltimorecountymd.gov/datasets/BC-GIS::climateactionplan-st-clines-in-slr-zone-3-1ft","https://bcgisdata.baltimorecountymd.gov/arcgis/rest/services/Environmental/ClimateActionPlan/MapServer/8
https://opendata.baltimorecountymd.gov/datasets/BC-GIS::climateactionplan-st-clines-in-slr-zone-3-1ft","https://bcgisdata.baltimorecountymd.gov/arcgis/rest/services/Environmental/ClimateActionPlan/MapServer/8
https://opendata.baltimorecountymd.gov/api/download/v1/items/44a7cd7363ea4522b520063df21c883f/csv?layers=8
https://opendata.baltimorecountymd.gov/api/download/v1/items/44a7cd7363ea4522b520063df21c883f/geojson?layers=8
https://opendata.baltimorecountymd.gov/api/download/v1/items/44a7cd7363ea4522b520063df21c883f/kml?layers=8
https://opendata.baltimorecountymd.gov/api/download/v1/items/44a7cd7363ea4522b520063df21c883f/shapefile?layers=8
https://opendata.baltimorecountymd.gov/datasets/BC-GIS::climateactionplan-st-clines-in-slr-zone-3-1ft","example-feeds/BaltimoreCoHubDCAT1.1.json","outputs\2026-10-09_arcgis_primary.csv","outputs\2026-10-09_arcgis_distributions.csv"
"CZMP Issues 2012 [Maryland--Baltimore County]","CZMP Issues 2012 [Maryland--Baltimore County]","CZMP Issues 2012","","sublayer","same as current harvest","No explicit same-item parent in feed; title unchanged by context rule; Service container shared by different ArcGIS items","baltimore_county","45eb6e8b5e8446848b44f1f9307ec5f6_10","45eb6e8b5e8446848b44f1f9307ec5f6","10","","yes","yes","04b-24005","yes","Zoning","CZMP Issues 2012 - Zoning","16","https://bcgisdata.baltimorecountymd.gov/arcgis/rest/services/DevelopmentManagement/Zoning/MapServer","https://www.arcgis.com/home/item.html?id=45eb6e8b5e8446848b44f1f9307ec5f6&sublayer=10","https://opendata.baltimorecountymd.gov/datasets/BC-GIS::czmp-issues-2012","https://bcgisdata.baltimorecountymd.gov/arcgis/rest/services/DevelopmentManagement/Zoning/MapServer/10
https://opendata.baltimorecountymd.gov/datasets/BC-GIS::czmp-issues-2012","https://bcgisdata.baltimorecountymd.gov/arcgis/rest/services/DevelopmentManagement/Zoning/MapServer/10
https://opendata.baltimorecountymd.gov/api/download/v1/items/45eb6e8b5e8446848b44f1f9307ec5f6/csv?layers=10
https://opendata.baltimorecountymd.gov/api/download/v1/items/45eb6e8b5e8446848b44f1f9307ec5f6/geojson?layers=10
https://opendata.baltimorecountymd.gov/api/download/v1/items/45eb6e8b5e8446848b44f1f9307ec5f6/kml?layers=10
https://opendata.baltimorecountymd.gov/api/download/v1/items/45eb6e8b5e8446848b44f1f9307ec5f6/shapefile?layers=10
https://opendata.baltimorecountymd.gov/datasets/BC-GIS::czmp-issues-2012","example-feeds/BaltimoreCoHubDCAT1.1.json","outputs\2026-10-09_arcgis_primary.csv","outputs\2026-10-09_arcgis_distributions.csv"
"ClimateActionPlan - Coastal Water Surface Grid 01 PCT [Maryland--Baltimore County]","ClimateActionPlan - Coastal Water Surface Grid 01 PCT [Maryland--Baltimore County]","ClimateActionPlan - Coastal Water Surface Grid 01 PCT","","sublayer","same as current harvest","No explicit same-item parent in feed; title unchanged by context rule; Service container shared by different ArcGIS items","baltimore_county","46603f843fd14242aba44854348dfdb2_26","46603f843fd14242aba44854348dfdb2","26","","yes","yes","04b-24005","yes","ClimateActionPlan","","28","https://bcgisdata.baltimorecountymd.gov/arcgis/rest/services/Environmental/ClimateActionPlan/MapServer","https://www.arcgis.com/home/item.html?id=46603f843fd14242aba44854348dfdb2&sublayer=26","https://opendata.baltimorecountymd.gov/maps/BC-GIS::climateactionplan-coastal-water-surface-grid-01-pct","https://bcgisdata.baltimorecountymd.gov/arcgis/rest/services/Environmental/ClimateActionPlan/MapServer/26
https://opendata.baltimorecountymd.gov/maps/BC-GIS::climateactionplan-coastal-water-surface-grid-01-pct","https://bcgisdata.baltimorecountymd.gov/arcgis/rest/services/Environmental/ClimateActionPlan/MapServer/26
https://opendata.baltimorecountymd.gov/api/download/v1/items/46603f843fd14242aba44854348dfdb2/csv?layers=26
https://opendata.baltimorecountymd.gov/api/download/v1/items/46603f843fd14242aba44854348dfdb2/geojson?layers=26
https://opendata.baltimorecountymd.gov/api/download/v1/items/46603f843fd14242aba44854348dfdb2/kml?layers=26
https://opendata.baltimorecountymd.gov/api/download/v1/items/46603f843fd14242aba44854348dfdb2/shapefile?layers=26
https://opendata.baltimorecountymd.gov/maps/BC-GIS::climateactionplan-coastal-water-surface-grid-01-pct","example-feeds/BaltimoreCoHubDCAT1.1.json","outputs\2026-10-09_arcgis_primary.csv","outputs\2026-10-09_arcgis_distributions.csv"
"ClimateActionPlan - Prioritized Roads In SFHA [Maryland--Baltimore County]","ClimateActionPlan - Prioritized Roads In SFHA [Maryland--Baltimore County]","ClimateActionPlan - Prioritized Roads In SFHA","","sublayer","same as current harvest","No explicit same-item parent in feed; title unchanged by context rule; Service container shared by different ArcGIS items","baltimore_county","47765e727d774519a8cfc1cfc724c048_4","47765e727d774519a8cfc1cfc724c048","4","","yes","yes","04b-24005","yes","ClimateActionPlan","","28","https://bcgisdata.baltimorecountymd.gov/arcgis/rest/services/Environmental/ClimateActionPlan/MapServer","https://www.arcgis.com/home/item.html?id=47765e727d774519a8cfc1cfc724c048&sublayer=4","https://opendata.baltimorecountymd.gov/datasets/BC-GIS::climateactionplan-prioritized-roads-in-sfha","https://bcgisdata.baltimorecountymd.gov/arcgis/rest/services/Environmental/ClimateActionPlan/MapServer/4
https://opendata.baltimorecountymd.gov/datasets/BC-GIS::climateactionplan-prioritized-roads-in-sfha","https://bcgisdata.baltimorecountymd.gov/arcgis/rest/services/Environmental/ClimateActionPlan/MapServer/4
https://opendata.baltimorecountymd.gov/api/download/v1/items/47765e727d774519a8cfc1cfc724c048/csv?layers=4
https://opendata.baltimorecountymd.gov/api/download/v1/items/47765e727d774519a8cfc1cfc724c048/geojson?layers=4
https://opendata.baltimorecountymd.gov/api/download/v1/items/47765e727d774519a8cfc1cfc724c048/kml?layers=4
https://opendata.baltimorecountymd.gov/api/download/v1/items/47765e727d774519a8cfc1cfc724c048/shapefile?layers=4
https://opendata.baltimorecountymd.gov/datasets/BC-GIS::climateactionplan-prioritized-roads-in-sfha","example-feeds/BaltimoreCoHubDCAT1.1.json","outputs\2026-10-09_arcgis_primary.csv","outputs\2026-10-09_arcgis_distributions.csv"
"Use and Occupancy Permits [Maryland--Baltimore County]","Use and Occupancy Permits [Maryland--Baltimore County]","Use and Occupancy Permits","","sublayer","same as current harvest","No explicit same-item parent in feed; title unchanged by context rule; Service container shared by different ArcGIS items","baltimore_county","482f6a63c0324537b4eecfdeda125e0d_8","482f6a63c0324537b4eecfdeda125e0d","8","","yes","yes","04b-24005","yes","ActiveDevelopment","Use and Occupancy Permits - ActiveDevelopment","8","https://bcgisdata.baltimorecountymd.gov/arcgis/rest/services/DevelopmentManagement/ActiveDevelopment/MapServer","https://www.arcgis.com/home/item.html?id=482f6a63c0324537b4eecfdeda125e0d&sublayer=8","https://opendata.baltimorecountymd.gov/datasets/BC-GIS::use-and-occupancy-permits-1","https://bcgisdata.baltimorecountymd.gov/arcgis/rest/services/DevelopmentManagement/ActiveDevelopment/MapServer/8
https://opendata.baltimorecountymd.gov/datasets/BC-GIS::use-and-occupancy-permits-1","https://bcgisdata.baltimorecountymd.gov/arcgis/rest/services/DevelopmentManagement/ActiveDevelopment/MapServer/8
https://opendata.baltimorecountymd.gov/api/download/v1/items/482f6a63c0324537b4eecfdeda125e0d/csv?layers=8
https://opendata.baltimorecountymd.gov/api/download/v1/items/482f6a63c0324537b4eecfdeda125e0d/geojson?layers=8
https://opendata.baltimorecountymd.gov/api/download/v1/items/482f6a63c0324537b4eecfdeda125e0d/kml?layers=8
https://opendata.baltimorecountymd.gov/api/download/v1/items/482f6a63c0324537b4eecfdeda125e0d/shapefile?layers=8
https://opendata.baltimorecountymd.gov/datasets/BC-GIS::use-and-occupancy-permits-1","example-feeds/BaltimoreCoHubDCAT1.1.json","outputs\2026-10-09_arcgis_primary.csv","outputs\2026-10-09_arcgis_distributions.csv"
"Levees [Maryland--Baltimore County]","Levees [Maryland--Baltimore County]","Levees","","sublayer","same as current harvest","No explicit same-item parent in feed; title unchanged by context rule; Service container shared by different ArcGIS items","baltimore_county","4838064f540b49d98e157902b458deea_39","4838064f540b49d98e157902b458deea","39","","yes","yes","04b-24005","yes","Floodplain","Levees - Floodplain","13","https://bcgisdata.baltimorecountymd.gov/arcgis/rest/services/DevelopmentManagement/Floodplain/MapServer","https://www.arcgis.com/home/item.html?id=4838064f540b49d98e157902b458deea&sublayer=39","https://opendata.baltimorecountymd.gov/datasets/BC-GIS::levees","https://bcgisdata.baltimorecountymd.gov/arcgis/rest/services/DevelopmentManagement/Floodplain/MapServer/39
https://opendata.baltimorecountymd.gov/datasets/BC-GIS::levees","https://bcgisdata.baltimorecountymd.gov/arcgis/rest/services/DevelopmentManagement/Floodplain/MapServer/39
https://opendata.baltimorecountymd.gov/api/download/v1/items/4838064f540b49d98e157902b458deea/csv?layers=39
https://opendata.baltimorecountymd.gov/api/download/v1/items/4838064f540b49d98e157902b458deea/geojson?layers=39
https://opendata.baltimorecountymd.gov/api/download/v1/items/4838064f540b49d98e157902b458deea/kml?layers=39
https://opendata.baltimorecountymd.gov/api/download/v1/items/4838064f540b49d98e157902b458deea/shapefile?layers=39
https://opendata.baltimorecountymd.gov/datasets/BC-GIS::levees","example-feeds/BaltimoreCoHubDCAT1.1.json","outputs\2026-10-09_arcgis_primary.csv","outputs\2026-10-09_arcgis_distributions.csv"
"ClimateActionPlan - Park Struct Vuln 100YFld [Maryland--Baltimore County]","ClimateActionPlan - Park Struct Vuln 100YFld [Maryland--Baltimore County]","ClimateActionPlan - Park Struct Vuln 100YFld","","sublayer","same as current harvest","No explicit same-item parent in feed; title unchanged by context rule; Service container shared by different ArcGIS items","baltimore_county","4890e9a936d54a5ea8dc23f9360187c8_23","4890e9a936d54a5ea8dc23f9360187c8","23","","yes","yes","04b-24005","yes","ClimateActionPlan","","28","https://bcgisdata.baltimorecountymd.gov/arcgis/rest/services/Environmental/ClimateActionPlan/MapServer","https://www.arcgis.com/home/item.html?id=4890e9a936d54a5ea8dc23f9360187c8&sublayer=23","https://opendata.baltimorecountymd.gov/datasets/BC-GIS::climateactionplan-park-struct-vuln-100yfld","https://bcgisdata.baltimorecountymd.gov/arcgis/rest/services/Environmental/ClimateActionPlan/MapServer/23
https://opendata.baltimorecountymd.gov/datasets/BC-GIS::climateactionplan-park-struct-vuln-100yfld","https://bcgisdata.baltimorecountymd.gov/arcgis/rest/services/Environmental/ClimateActionPlan/MapServer/23
https://opendata.baltimorecountymd.gov/api/download/v1/items/4890e9a936d54a5ea8dc23f9360187c8/csv?layers=23
https://opendata.baltimorecountymd.gov/api/download/v1/items/4890e9a936d54a5ea8dc23f9360187c8/geojson?layers=23
https://opendata.baltimorecountymd.gov/api/download/v1/items/4890e9a936d54a5ea8dc23f9360187c8/kml?layers=23
https://opendata.baltimorecountymd.gov/api/download/v1/items/4890e9a936d54a5ea8dc23f9360187c8/shapefile?layers=23
https://opendata.baltimorecountymd.gov/datasets/BC-GIS::climateactionplan-park-struct-vuln-100yfld","example-feeds/BaltimoreCoHubDCAT1.1.json","outputs\2026-10-09_arcgis_primary.csv","outputs\2026-10-09_arcgis_distributions.csv"
"Flooding Concerns [Maryland--Baltimore County]","Flooding Concerns [Maryland--Baltimore County]","Flooding Concerns","","sublayer","same as current harvest","No explicit same-item parent in feed; title unchanged by context rule; Service container shared by different ArcGIS items","baltimore_county","4a49a438eb00453b8b9f66e46789151b_41","4a49a438eb00453b8b9f66e46789151b","41","","yes","yes","04b-24005","yes","Floodplain","Flooding Concerns - Floodplain","13","https://bcgisdata.baltimorecountymd.gov/arcgis/rest/services/DevelopmentManagement/Floodplain/MapServer","https://www.arcgis.com/home/item.html?id=4a49a438eb00453b8b9f66e46789151b&sublayer=41","https://opendata.baltimorecountymd.gov/datasets/BC-GIS::flooding-concerns","https://bcgisdata.baltimorecountymd.gov/arcgis/rest/services/DevelopmentManagement/Floodplain/MapServer/41
https://opendata.baltimorecountymd.gov/datasets/BC-GIS::flooding-concerns","https://bcgisdata.baltimorecountymd.gov/arcgis/rest/services/DevelopmentManagement/Floodplain/MapServer/41
https://opendata.baltimorecountymd.gov/api/download/v1/items/4a49a438eb00453b8b9f66e46789151b/csv?layers=41
https://opendata.baltimorecountymd.gov/api/download/v1/items/4a49a438eb00453b8b9f66e46789151b/geojson?layers=41
https://opendata.baltimorecountymd.gov/api/download/v1/items/4a49a438eb00453b8b9f66e46789151b/kml?layers=41
https://opendata.baltimorecountymd.gov/api/download/v1/items/4a49a438eb00453b8b9f66e46789151b/shapefile?layers=41
https://opendata.baltimorecountymd.gov/datasets/BC-GIS::flooding-concerns","example-feeds/BaltimoreCoHubDCAT1.1.json","outputs\2026-10-09_arcgis_primary.csv","outputs\2026-10-09_arcgis_distributions.csv"
"CZMP Issues Points 2020 [Maryland--Baltimore County]","CZMP Issues Points 2020 [Maryland--Baltimore County]","CZMP Issues Points 2020","","sublayer","same as current harvest","No explicit same-item parent in feed; title unchanged by context rule; Service container shared by different ArcGIS items","baltimore_county","4aa4f6e19f3247c3a7127d29834cea37_0","4aa4f6e19f3247c3a7127d29834cea37","0","","yes","yes","04b-24005","yes","CZMP2020","CZMP Issues Points 2020 - CZMP2020","2","https://bcgisapps.baltimorecountymd.gov/arcgis/rest/services/CZMP2020/MapServer","https://www.arcgis.com/home/item.html?id=4aa4f6e19f3247c3a7127d29834cea37&sublayer=0","https://opendata.baltimorecountymd.gov/datasets/BC-GIS::czmp-issues-points-2020","https://bcgisapps.baltimorecountymd.gov/arcgis/rest/services/CZMP2020/MapServer/0
https://opendata.baltimorecountymd.gov/datasets/BC-GIS::czmp-issues-points-2020","https://bcgisapps.baltimorecountymd.gov/arcgis/rest/services/CZMP2020/MapServer/0
https://opendata.baltimorecountymd.gov/api/download/v1/items/4aa4f6e19f3247c3a7127d29834cea37/csv?layers=0
https://opendata.baltimorecountymd.gov/api/download/v1/items/4aa4f6e19f3247c3a7127d29834cea37/geojson?layers=0
https://opendata.baltimorecountymd.gov/api/download/v1/items/4aa4f6e19f3247c3a7127d29834cea37/kml?layers=0
https://opendata.baltimorecountymd.gov/api/download/v1/items/4aa4f6e19f3247c3a7127d29834cea37/shapefile?layers=0
https://opendata.baltimorecountymd.gov/datasets/BC-GIS::czmp-issues-points-2020","example-feeds/BaltimoreCoHubDCAT1.1.json","outputs\2026-10-09_arcgis_primary.csv","outputs\2026-10-09_arcgis_distributions.csv"
"Bike Facilities [Maryland--Baltimore County]","Bike Facilities [Maryland--Baltimore County]","Bike Facilities","","sublayer","same as current harvest","No explicit same-item parent in feed; title unchanged by context rule","baltimore_county","4bf259b744f2469eba744aef87617de3_0","4bf259b744f2469eba744aef87617de3","0","","yes","yes","04b-24005","yes","BikeFacilities","Bike Facilities - BikeFacilities","1","https://bcgisapps.baltimorecountymd.gov/arcgis/rest/services/BikeFacilities/MapServer","https://www.arcgis.com/home/item.html?id=4bf259b744f2469eba744aef87617de3&sublayer=0","https://opendata.baltimorecountymd.gov/datasets/BC-GIS::bike-facilities","https://bcgisapps.baltimorecountymd.gov/arcgis/rest/services/BikeFacilities/MapServer/0
https://opendata.baltimorecountymd.gov/datasets/BC-GIS::bike-facilities","https://bcgisapps.baltimorecountymd.gov/arcgis/rest/services/BikeFacilities/MapServer/0
https://opendata.baltimorecountymd.gov/api/download/v1/items/4bf259b744f2469eba744aef87617de3/csv?layers=0
https://opendata.baltimorecountymd.gov/api/download/v1/items/4bf259b744f2469eba744aef87617de3/geojson?layers=0
https://opendata.baltimorecountymd.gov/api/download/v1/items/4bf259b744f2469eba744aef87617de3/kml?layers=0
https://opendata.baltimorecountymd.gov/api/download/v1/items/4bf259b744f2469eba744aef87617de3/shapefile?layers=0
https://opendata.baltimorecountymd.gov/datasets/BC-GIS::bike-facilities","example-feeds/BaltimoreCoHubDCAT1.1.json","outputs\2026-10-09_arcgis_primary.csv","outputs\2026-10-09_arcgis_distributions.csv"
"Zoning [Maryland--Baltimore County]","Zoning [Maryland--Baltimore County]","Zoning","","sublayer","same as current harvest","No explicit same-item parent in feed; title unchanged by context rule; Service container shared by different ArcGIS items","baltimore_county","4e6b3a9b216d48fda5d3bec4b2670a8c_1","4e6b3a9b216d48fda5d3bec4b2670a8c","1","","yes","yes","04b-24005","yes","Zoning","","16","https://bcgisdata.baltimorecountymd.gov/arcgis/rest/services/DevelopmentManagement/Zoning/MapServer","https://www.arcgis.com/home/item.html?id=4e6b3a9b216d48fda5d3bec4b2670a8c&sublayer=1","https://opendata.baltimorecountymd.gov/datasets/BC-GIS::zoning","https://bcgisdata.baltimorecountymd.gov/arcgis/rest/services/DevelopmentManagement/Zoning/MapServer/1
https://opendata.baltimorecountymd.gov/datasets/BC-GIS::zoning","https://bcgisdata.baltimorecountymd.gov/arcgis/rest/services/DevelopmentManagement/Zoning/MapServer/1
https://opendata.baltimorecountymd.gov/api/download/v1/items/4e6b3a9b216d48fda5d3bec4b2670a8c/csv?layers=1
https://opendata.baltimorecountymd.gov/api/download/v1/items/4e6b3a9b216d48fda5d3bec4b2670a8c/geojson?layers=1
https://opendata.baltimorecountymd.gov/api/download/v1/items/4e6b3a9b216d48fda5d3bec4b2670a8c/kml?layers=1
https://opendata.baltimorecountymd.gov/api/download/v1/items/4e6b3a9b216d48fda5d3bec4b2670a8c/shapefile?layers=1
https://opendata.baltimorecountymd.gov/datasets/BC-GIS::zoning","example-feeds/BaltimoreCoHubDCAT1.1.json","outputs\2026-10-09_arcgis_primary.csv","outputs\2026-10-09_arcgis_distributions.csv"
"2025BaltimoreCountyCouncilmanicRedistrictingCommissionIteration1 [Maryland--Baltimore County]","2025BaltimoreCountyCouncilmanicRedistrictingCommissionIteration1 [Maryland--Baltimore County]","2025BaltimoreCountyCouncilmanicRedistrictingCommissionIteration1","","sublayer","same as current harvest","No explicit same-item parent in feed; title unchanged by context rule","baltimore_county","5040c5e681fb49df90278c9eb9d2294e_0","5040c5e681fb49df90278c9eb9d2294e","0","","yes","yes","04b-24005","yes","2025%20Baltimore%20County%20Councilmanic%20Redistricting%20Commission%20Iteration%201","2025BaltimoreCountyCouncilmanicRedistrictingCommissionIteration1 - 2025%20Baltimore%20County%20Councilmanic%20Redistricting%20Commission%20Iteration%201","1","https://services2.arcgis.com/Ynpzre7M7vSGY7dh/arcgis/rest/services/2025%20Baltimore%20County%20Councilmanic%20Redistricting%20Commission%20Iteration%201/FeatureServer","https://www.arcgis.com/home/item.html?id=5040c5e681fb49df90278c9eb9d2294e&sublayer=0","https://opendata.baltimorecountymd.gov/datasets/BC-GIS::2025baltimorecountycouncilmanicredistrictingcommissioniteration1","https://opendata.baltimorecountymd.gov/datasets/BC-GIS::2025baltimorecountycouncilmanicredistrictingcommissioniteration1
https://services2.arcgis.com/Ynpzre7M7vSGY7dh/arcgis/rest/services/2025%20Baltimore%20County%20Councilmanic%20Redistricting%20Commission%20Iteration%201/FeatureServer/0","https://opendata.baltimorecountymd.gov/api/download/v1/items/5040c5e681fb49df90278c9eb9d2294e/csv?layers=0
https://opendata.baltimorecountymd.gov/api/download/v1/items/5040c5e681fb49df90278c9eb9d2294e/geojson?layers=0
https://opendata.baltimorecountymd.gov/api/download/v1/items/5040c5e681fb49df90278c9eb9d2294e/kml?layers=0
https://opendata.baltimorecountymd.gov/api/download/v1/items/5040c5e681fb49df90278c9eb9d2294e/shapefile?layers=0
https://opendata.baltimorecountymd.gov/datasets/BC-GIS::2025baltimorecountycouncilmanicredistrictingcommissioniteration1
https://services2.arcgis.com/Ynpzre7M7vSGY7dh/arcgis/rest/services/2025%20Baltimore%20County%20Councilmanic%20Redistricting%20Commission%20Iteration%201/FeatureServer/0","example-feeds/BaltimoreCoHubDCAT1.1.json","outputs\2026-10-09_arcgis_primary.csv","outputs\2026-10-09_arcgis_distributions.csv"
"2023 Calendar Year Retirement [Maryland--Baltimore County]","2023 Calendar Year Retirement [Maryland--Baltimore County]","2023 Calendar Year Retirement","","sublayer","same as current harvest","No explicit same-item parent in feed; title unchanged by context rule","baltimore_county","51a1bcb56c744aa794b9f91f0e9b99a7_0","51a1bcb56c744aa794b9f91f0e9b99a7","0","","yes","yes","04b-24005","yes","2023_calendar_year_retirement","2023 Calendar Year Retirement - 2023_calendar_year_retirement","1","https://services2.arcgis.com/Ynpzre7M7vSGY7dh/arcgis/rest/services/2023_calendar_year_retirement/FeatureServer","https://www.arcgis.com/home/item.html?id=51a1bcb56c744aa794b9f91f0e9b99a7&sublayer=0","https://opendata.baltimorecountymd.gov/datasets/BC-GIS::2023-calendar-year-retirement","https://opendata.baltimorecountymd.gov/datasets/BC-GIS::2023-calendar-year-retirement
https://services2.arcgis.com/Ynpzre7M7vSGY7dh/arcgis/rest/services/2023_calendar_year_retirement/FeatureServer/0","https://opendata.baltimorecountymd.gov/api/download/v1/items/51a1bcb56c744aa794b9f91f0e9b99a7/csv?layers=0
https://opendata.baltimorecountymd.gov/api/download/v1/items/51a1bcb56c744aa794b9f91f0e9b99a7/geojson?layers=0
https://opendata.baltimorecountymd.gov/api/download/v1/items/51a1bcb56c744aa794b9f91f0e9b99a7/kml?layers=0
https://opendata.baltimorecountymd.gov/api/download/v1/items/51a1bcb56c744aa794b9f91f0e9b99a7/shapefile?layers=0
https://opendata.baltimorecountymd.gov/datasets/BC-GIS::2023-calendar-year-retirement
https://services2.arcgis.com/Ynpzre7M7vSGY7dh/arcgis/rest/services/2023_calendar_year_retirement/FeatureServer/0","example-feeds/BaltimoreCoHubDCAT1.1.json","outputs\2026-10-09_arcgis_primary.csv","outputs\2026-10-09_arcgis_distributions.csv"
"Sewer Master Plan [Maryland--Baltimore County]","Sewer Master Plan [Maryland--Baltimore County]","Sewer Master Plan","","sublayer","same as current harvest","No explicit same-item parent in feed; title unchanged by context rule; Service container shared by different ArcGIS items","baltimore_county","52444a25fed04fbd824665c5c6315b90_1","52444a25fed04fbd824665c5c6315b90","1","","yes","yes","04b-24005","yes","UtilityMasterPlans","Sewer Master Plan - UtilityMasterPlans","4","https://bcgisdata.baltimorecountymd.gov/arcgis/rest/services/DevelopmentManagement/UtilityMasterPlans/MapServer","https://www.arcgis.com/home/item.html?id=52444a25fed04fbd824665c5c6315b90&sublayer=1","https://opendata.baltimorecountymd.gov/datasets/BC-GIS::sewer-master-plan","https://bcgisdata.baltimorecountymd.gov/arcgis/rest/services/DevelopmentManagement/UtilityMasterPlans/MapServer/1
https://opendata.baltimorecountymd.gov/datasets/BC-GIS::sewer-master-plan","https://bcgisdata.baltimorecountymd.gov/arcgis/rest/services/DevelopmentManagement/UtilityMasterPlans/MapServer/1
https://opendata.baltimorecountymd.gov/api/download/v1/items/52444a25fed04fbd824665c5c6315b90/csv?layers=1
https://opendata.baltimorecountymd.gov/api/download/v1/items/52444a25fed04fbd824665c5c6315b90/geojson?layers=1
https://opendata.baltimorecountymd.gov/api/download/v1/items/52444a25fed04fbd824665c5c6315b90/kml?layers=1
https://opendata.baltimorecountymd.gov/api/download/v1/items/52444a25fed04fbd824665c5c6315b90/shapefile?layers=1
https://opendata.baltimorecountymd.gov/datasets/BC-GIS::sewer-master-plan","example-feeds/BaltimoreCoHubDCAT1.1.json","outputs\2026-10-09_arcgis_primary.csv","outputs\2026-10-09_arcgis_distributions.csv"
"Materials Recovery Locations [Maryland--Baltimore County]","Materials Recovery Locations [Maryland--Baltimore County]","Materials Recovery Locations","","sublayer","same as current harvest","No explicit same-item parent in feed; title unchanged by context rule; Service container shared by different ArcGIS items","baltimore_county","5271d2adad174b95813654cdc06aee81_20","5271d2adad174b95813654cdc06aee81","20","","yes","yes","04b-24005","yes","Transportation","Materials Recovery Locations - Transportation","16","https://bcgisdata.baltimorecountymd.gov/arcgis/rest/services/Transportation/Transportation/MapServer","https://www.arcgis.com/home/item.html?id=5271d2adad174b95813654cdc06aee81&sublayer=20","https://opendata.baltimorecountymd.gov/datasets/BC-GIS::materials-recovery-locations","https://bcgisdata.baltimorecountymd.gov/arcgis/rest/services/Transportation/Transportation/MapServer/20
https://opendata.baltimorecountymd.gov/datasets/BC-GIS::materials-recovery-locations","https://bcgisdata.baltimorecountymd.gov/arcgis/rest/services/Transportation/Transportation/MapServer/20
https://opendata.baltimorecountymd.gov/api/download/v1/items/5271d2adad174b95813654cdc06aee81/csv?layers=20
https://opendata.baltimorecountymd.gov/api/download/v1/items/5271d2adad174b95813654cdc06aee81/geojson?layers=20
https://opendata.baltimorecountymd.gov/api/download/v1/items/5271d2adad174b95813654cdc06aee81/kml?layers=20
https://opendata.baltimorecountymd.gov/api/download/v1/items/5271d2adad174b95813654cdc06aee81/shapefile?layers=20
https://opendata.baltimorecountymd.gov/datasets/BC-GIS::materials-recovery-locations","example-feeds/BaltimoreCoHubDCAT1.1.json","outputs\2026-10-09_arcgis_primary.csv","outputs\2026-10-09_arcgis_distributions.csv"
"Limit of Moderate Wave Action (LIMWA) [Maryland--Baltimore County]","Limit of Moderate Wave Action (LIMWA) [Maryland--Baltimore County]","Limit of Moderate Wave Action (LIMWA)","","sublayer","same as current harvest","No explicit same-item parent in feed; title unchanged by context rule; Service container shared by different ArcGIS items","baltimore_county","55dd57fc1f1a497fb6f8b5d45003e139_4","55dd57fc1f1a497fb6f8b5d45003e139","4","","yes","yes","04b-24005","yes","Floodplain","Limit of Moderate Wave Action (LIMWA) - Floodplain","13","https://bcgisdata.baltimorecountymd.gov/arcgis/rest/services/DevelopmentManagement/Floodplain/MapServer","https://www.arcgis.com/home/item.html?id=55dd57fc1f1a497fb6f8b5d45003e139&sublayer=4","https://opendata.baltimorecountymd.gov/datasets/BC-GIS::limit-of-moderate-wave-action-limwa","https://bcgisdata.baltimorecountymd.gov/arcgis/rest/services/DevelopmentManagement/Floodplain/MapServer/4
https://opendata.baltimorecountymd.gov/datasets/BC-GIS::limit-of-moderate-wave-action-limwa","https://bcgisdata.baltimorecountymd.gov/arcgis/rest/services/DevelopmentManagement/Floodplain/MapServer/4
https://opendata.baltimorecountymd.gov/api/download/v1/items/55dd57fc1f1a497fb6f8b5d45003e139/csv?layers=4
https://opendata.baltimorecountymd.gov/api/download/v1/items/55dd57fc1f1a497fb6f8b5d45003e139/geojson?layers=4
https://opendata.baltimorecountymd.gov/api/download/v1/items/55dd57fc1f1a497fb6f8b5d45003e139/kml?layers=4
https://opendata.baltimorecountymd.gov/api/download/v1/items/55dd57fc1f1a497fb6f8b5d45003e139/shapefile?layers=4
https://opendata.baltimorecountymd.gov/datasets/BC-GIS::limit-of-moderate-wave-action-limwa","example-feeds/BaltimoreCoHubDCAT1.1.json","outputs\2026-10-09_arcgis_primary.csv","outputs\2026-10-09_arcgis_distributions.csv"
"ClimateActionPlan - SLR2080 Impact StormDrain [Maryland--Baltimore County]","ClimateActionPlan - SLR2080 Impact StormDrain [Maryland--Baltimore County]","ClimateActionPlan - SLR2080 Impact StormDrain","","sublayer","same as current harvest","No explicit same-item parent in feed; title unchanged by context rule; Service container shared by different ArcGIS items","baltimore_county","5605801a2a914eb3be1e7355b07b8cc9_6","5605801a2a914eb3be1e7355b07b8cc9","6","","yes","yes","04b-24005","yes","ClimateActionPlan","","28","https://bcgisdata.baltimorecountymd.gov/arcgis/rest/services/Environmental/ClimateActionPlan/MapServer","https://www.arcgis.com/home/item.html?id=5605801a2a914eb3be1e7355b07b8cc9&sublayer=6","https://opendata.baltimorecountymd.gov/datasets/BC-GIS::climateactionplan-slr2080-impact-stormdrain","https://bcgisdata.baltimorecountymd.gov/arcgis/rest/services/Environmental/ClimateActionPlan/MapServer/6
https://opendata.baltimorecountymd.gov/datasets/BC-GIS::climateactionplan-slr2080-impact-stormdrain","https://bcgisdata.baltimorecountymd.gov/arcgis/rest/services/Environmental/ClimateActionPlan/MapServer/6
https://opendata.baltimorecountymd.gov/api/download/v1/items/5605801a2a914eb3be1e7355b07b8cc9/csv?layers=6
https://opendata.baltimorecountymd.gov/api/download/v1/items/5605801a2a914eb3be1e7355b07b8cc9/geojson?layers=6
https://opendata.baltimorecountymd.gov/api/download/v1/items/5605801a2a914eb3be1e7355b07b8cc9/kml?layers=6
https://opendata.baltimorecountymd.gov/api/download/v1/items/5605801a2a914eb3be1e7355b07b8cc9/shapefile?layers=6
https://opendata.baltimorecountymd.gov/datasets/BC-GIS::climateactionplan-slr2080-impact-stormdrain","example-feeds/BaltimoreCoHubDCAT1.1.json","outputs\2026-10-09_arcgis_primary.csv","outputs\2026-10-09_arcgis_distributions.csv"
"Parcels [Maryland--Baltimore County]","Parcels [Maryland--Baltimore County]","Parcels","","sublayer","same as current harvest","No explicit same-item parent in feed; title unchanged by context rule; Service container shared by different ArcGIS items","baltimore_county","578ad61ce8804da09039ca19651bdd71_1","578ad61ce8804da09039ca19651bdd71","1","","yes","yes","04b-24005","yes","Property","Parcels - Property","3","https://bcgisdata.baltimorecountymd.gov/arcgis/rest/services/Property/Property/MapServer","https://www.arcgis.com/home/item.html?id=578ad61ce8804da09039ca19651bdd71&sublayer=1","https://opendata.baltimorecountymd.gov/datasets/BC-GIS::parcels-2","https://bcgisdata.baltimorecountymd.gov/arcgis/rest/services/Property/Property/MapServer/1
https://opendata.baltimorecountymd.gov/datasets/BC-GIS::parcels-2","https://bcgisdata.baltimorecountymd.gov/arcgis/rest/services/Property/Property/MapServer/1
https://opendata.baltimorecountymd.gov/api/download/v1/items/578ad61ce8804da09039ca19651bdd71/csv?layers=1
https://opendata.baltimorecountymd.gov/api/download/v1/items/578ad61ce8804da09039ca19651bdd71/geojson?layers=1
https://opendata.baltimorecountymd.gov/api/download/v1/items/578ad61ce8804da09039ca19651bdd71/kml?layers=1
https://opendata.baltimorecountymd.gov/api/download/v1/items/578ad61ce8804da09039ca19651bdd71/shapefile?layers=1
https://opendata.baltimorecountymd.gov/datasets/BC-GIS::parcels-2","example-feeds/BaltimoreCoHubDCAT1.1.json","outputs\2026-10-09_arcgis_primary.csv","outputs\2026-10-09_arcgis_distributions.csv"
"Vehicle Washing Locations [Maryland--Baltimore County]","Vehicle Washing Locations [Maryland--Baltimore County]","Vehicle Washing Locations","","sublayer","same as current harvest","No explicit same-item parent in feed; title unchanged by context rule; Service container shared by different ArcGIS items","baltimore_county","584fd1fa7a134f07bd8be10a7b7b4201_11","584fd1fa7a134f07bd8be10a7b7b4201","11","","yes","yes","04b-24005","yes","Transportation","Vehicle Washing Locations - Transportation","16","https://bcgisdata.baltimorecountymd.gov/arcgis/rest/services/Transportation/Transportation/MapServer","https://www.arcgis.com/home/item.html?id=584fd1fa7a134f07bd8be10a7b7b4201&sublayer=11","https://opendata.baltimorecountymd.gov/datasets/BC-GIS::vehicle-washing-locations","https://bcgisdata.baltimorecountymd.gov/arcgis/rest/services/Transportation/Transportation/MapServer/11
https://opendata.baltimorecountymd.gov/datasets/BC-GIS::vehicle-washing-locations","https://bcgisdata.baltimorecountymd.gov/arcgis/rest/services/Transportation/Transportation/MapServer/11
https://opendata.baltimorecountymd.gov/api/download/v1/items/584fd1fa7a134f07bd8be10a7b7b4201/csv?layers=11
https://opendata.baltimorecountymd.gov/api/download/v1/items/584fd1fa7a134f07bd8be10a7b7b4201/geojson?layers=11
https://opendata.baltimorecountymd.gov/api/download/v1/items/584fd1fa7a134f07bd8be10a7b7b4201/kml?layers=11
https://opendata.baltimorecountymd.gov/api/download/v1/items/584fd1fa7a134f07bd8be10a7b7b4201/shapefile?layers=11
https://opendata.baltimorecountymd.gov/datasets/BC-GIS::vehicle-washing-locations","example-feeds/BaltimoreCoHubDCAT1.1.json","outputs\2026-10-09_arcgis_primary.csv","outputs\2026-10-09_arcgis_distributions.csv"
"Zoning 2004 [Maryland--Baltimore County]","Zoning 2004 [Maryland--Baltimore County]","Zoning 2004","","sublayer","same as current harvest","No explicit same-item parent in feed; title unchanged by context rule; Service container shared by different ArcGIS items","baltimore_county","59b39ac9b6e84913827d59e7c10313c7_5","59b39ac9b6e84913827d59e7c10313c7","5","","yes","yes","04b-24005","yes","Zoning","","16","https://bcgisdata.baltimorecountymd.gov/arcgis/rest/services/DevelopmentManagement/Zoning/MapServer","https://www.arcgis.com/home/item.html?id=59b39ac9b6e84913827d59e7c10313c7&sublayer=5","https://opendata.baltimorecountymd.gov/datasets/BC-GIS::zoning-2004","https://bcgisdata.baltimorecountymd.gov/arcgis/rest/services/DevelopmentManagement/Zoning/MapServer/5
https://opendata.baltimorecountymd.gov/datasets/BC-GIS::zoning-2004","https://bcgisdata.baltimorecountymd.gov/arcgis/rest/services/DevelopmentManagement/Zoning/MapServer/5
https://opendata.baltimorecountymd.gov/api/download/v1/items/59b39ac9b6e84913827d59e7c10313c7/csv?layers=5
https://opendata.baltimorecountymd.gov/api/download/v1/items/59b39ac9b6e84913827d59e7c10313c7/geojson?layers=5
https://opendata.baltimorecountymd.gov/api/download/v1/items/59b39ac9b6e84913827d59e7c10313c7/kml?layers=5
https://opendata.baltimorecountymd.gov/api/download/v1/items/59b39ac9b6e84913827d59e7c10313c7/shapefile?layers=5
https://opendata.baltimorecountymd.gov/datasets/BC-GIS::zoning-2004","example-feeds/BaltimoreCoHubDCAT1.1.json","outputs\2026-10-09_arcgis_primary.csv","outputs\2026-10-09_arcgis_distributions.csv"
"Councilmanic Districts 2002 [Maryland--Baltimore County]","Councilmanic Districts 2002 [Maryland--Baltimore County]","Councilmanic Districts 2002","","sublayer","same as current harvest","No explicit same-item parent in feed; title unchanged by context rule; Service container shared by different ArcGIS items","baltimore_county","5ce748a13d6345499a3ffa47d2f7b4c5_9","5ce748a13d6345499a3ffa47d2f7b4c5","9","","yes","yes","04b-24005","yes","Political","Councilmanic Districts 2002 - Political","9","https://bcgisdata.baltimorecountymd.gov/arcgis/rest/services/Political/Political/MapServer","https://www.arcgis.com/home/item.html?id=5ce748a13d6345499a3ffa47d2f7b4c5&sublayer=9","https://opendata.baltimorecountymd.gov/datasets/BC-GIS::councilmanic-districts-2002","https://bcgisdata.baltimorecountymd.gov/arcgis/rest/services/Political/Political/MapServer/9
https://opendata.baltimorecountymd.gov/datasets/BC-GIS::councilmanic-districts-2002","https://bcgisdata.baltimorecountymd.gov/arcgis/rest/services/Political/Political/MapServer/9
https://opendata.baltimorecountymd.gov/api/download/v1/items/5ce748a13d6345499a3ffa47d2f7b4c5/csv?layers=9
https://opendata.baltimorecountymd.gov/api/download/v1/items/5ce748a13d6345499a3ffa47d2f7b4c5/geojson?layers=9
https://opendata.baltimorecountymd.gov/api/download/v1/items/5ce748a13d6345499a3ffa47d2f7b4c5/kml?layers=9
https://opendata.baltimorecountymd.gov/api/download/v1/items/5ce748a13d6345499a3ffa47d2f7b4c5/shapefile?layers=9
https://opendata.baltimorecountymd.gov/datasets/BC-GIS::councilmanic-districts-2002","example-feeds/BaltimoreCoHubDCAT1.1.json","outputs\2026-10-09_arcgis_primary.csv","outputs\2026-10-09_arcgis_distributions.csv"
"Water Master Plan [Maryland--Baltimore County]","Water Master Plan [Maryland--Baltimore County]","Water Master Plan","","sublayer","same as current harvest","No explicit same-item parent in feed; title unchanged by context rule; Service container shared by different ArcGIS items","baltimore_county","5cee118734954c119377f836a3e481bf_4","5cee118734954c119377f836a3e481bf","4","","yes","yes","04b-24005","yes","UtilityMasterPlans","Water Master Plan - UtilityMasterPlans","4","https://bcgisdata.baltimorecountymd.gov/arcgis/rest/services/DevelopmentManagement/UtilityMasterPlans/MapServer","https://www.arcgis.com/home/item.html?id=5cee118734954c119377f836a3e481bf&sublayer=4","https://opendata.baltimorecountymd.gov/datasets/BC-GIS::water-master-plan-1","https://bcgisdata.baltimorecountymd.gov/arcgis/rest/services/DevelopmentManagement/UtilityMasterPlans/MapServer/4
https://opendata.baltimorecountymd.gov/datasets/BC-GIS::water-master-plan-1","https://bcgisdata.baltimorecountymd.gov/arcgis/rest/services/DevelopmentManagement/UtilityMasterPlans/MapServer/4
https://opendata.baltimorecountymd.gov/api/download/v1/items/5cee118734954c119377f836a3e481bf/csv?layers=4
https://opendata.baltimorecountymd.gov/api/download/v1/items/5cee118734954c119377f836a3e481bf/geojson?layers=4
https://opendata.baltimorecountymd.gov/api/download/v1/items/5cee118734954c119377f836a3e481bf/kml?layers=4
https://opendata.baltimorecountymd.gov/api/download/v1/items/5cee118734954c119377f836a3e481bf/shapefile?layers=4
https://opendata.baltimorecountymd.gov/datasets/BC-GIS::water-master-plan-1","example-feeds/BaltimoreCoHubDCAT1.1.json","outputs\2026-10-09_arcgis_primary.csv","outputs\2026-10-09_arcgis_distributions.csv"
"Public Crime Data [Maryland--Baltimore County]","Public Crime Data [Maryland--Baltimore County]","Public Crime Data","","sublayer","same as current harvest","No explicit same-item parent in feed; title unchanged by context rule","baltimore_county","5d12c0e0281e484086842f534217f608_0","5d12c0e0281e484086842f534217f608","0","","yes","yes","04b-24005","yes","PublicCrime","Public Crime Data - PublicCrime","1","https://bcgisdata.baltimorecountymd.gov/arcgis/rest/services/PublicSafety/PublicCrime/MapServer","https://www.arcgis.com/home/item.html?id=5d12c0e0281e484086842f534217f608&sublayer=0","https://opendata.baltimorecountymd.gov/datasets/BC-GIS::public-crime-data","https://bcgisdata.baltimorecountymd.gov/arcgis/rest/services/PublicSafety/PublicCrime/MapServer/0
https://opendata.baltimorecountymd.gov/datasets/BC-GIS::public-crime-data","https://bcgisdata.baltimorecountymd.gov/arcgis/rest/services/PublicSafety/PublicCrime/MapServer/0
https://opendata.baltimorecountymd.gov/api/download/v1/items/5d12c0e0281e484086842f534217f608/csv?layers=0
https://opendata.baltimorecountymd.gov/api/download/v1/items/5d12c0e0281e484086842f534217f608/geojson?layers=0
https://opendata.baltimorecountymd.gov/api/download/v1/items/5d12c0e0281e484086842f534217f608/kml?layers=0
https://opendata.baltimorecountymd.gov/api/download/v1/items/5d12c0e0281e484086842f534217f608/shapefile?layers=0
https://opendata.baltimorecountymd.gov/datasets/BC-GIS::public-crime-data","example-feeds/BaltimoreCoHubDCAT1.1.json","outputs\2026-10-09_arcgis_primary.csv","outputs\2026-10-09_arcgis_distributions.csv"
"Census Tracts 2020 [Maryland--Baltimore County]","Census Tracts 2020 [Maryland--Baltimore County]","Census Tracts 2020","","sublayer","same as current harvest","No explicit same-item parent in feed; title unchanged by context rule; Service container shared by different ArcGIS items","baltimore_county","5d96b835df7b482a964aa7f7c956714c_11","5d96b835df7b482a964aa7f7c956714c","11","","yes","yes","04b-24005","yes","Demographics","Census Tracts 2020 - Demographics","10","https://bcgisdata.baltimorecountymd.gov/arcgis/rest/services/Demographics/Demographics/MapServer","https://www.arcgis.com/home/item.html?id=5d96b835df7b482a964aa7f7c956714c&sublayer=11","https://opendata.baltimorecountymd.gov/datasets/BC-GIS::census-tracts-2020-1","https://bcgisdata.baltimorecountymd.gov/arcgis/rest/services/Demographics/Demographics/MapServer/11
https://opendata.baltimorecountymd.gov/datasets/BC-GIS::census-tracts-2020-1","https://bcgisdata.baltimorecountymd.gov/arcgis/rest/services/Demographics/Demographics/MapServer/11
https://opendata.baltimorecountymd.gov/api/download/v1/items/5d96b835df7b482a964aa7f7c956714c/csv?layers=11
https://opendata.baltimorecountymd.gov/api/download/v1/items/5d96b835df7b482a964aa7f7c956714c/geojson?layers=11
https://opendata.baltimorecountymd.gov/api/download/v1/items/5d96b835df7b482a964aa7f7c956714c/kml?layers=11
https://opendata.baltimorecountymd.gov/api/download/v1/items/5d96b835df7b482a964aa7f7c956714c/shapefile?layers=11
https://opendata.baltimorecountymd.gov/datasets/BC-GIS::census-tracts-2020-1","example-feeds/BaltimoreCoHubDCAT1.1.json","outputs\2026-10-09_arcgis_primary.csv","outputs\2026-10-09_arcgis_distributions.csv"
"Vacant Properties [Maryland--Baltimore County]","Vacant Properties [Maryland--Baltimore County]","Vacant Properties","","sublayer","same as current harvest","No explicit same-item parent in feed; title unchanged by context rule","baltimore_county","61237e77564d43a6a8b43474863eb28b_2","61237e77564d43a6a8b43474863eb28b","2","","yes","yes","04b-24005","yes","Facilities","Vacant Properties - Facilities","1","https://bcgisdata.baltimorecountymd.gov/arcgis/rest/services/Facilities/Facilities/MapServer","https://www.arcgis.com/home/item.html?id=61237e77564d43a6a8b43474863eb28b&sublayer=2","https://opendata.baltimorecountymd.gov/datasets/BC-GIS::vacant-properties","https://bcgisdata.baltimorecountymd.gov/arcgis/rest/services/Facilities/Facilities/MapServer/2
https://opendata.baltimorecountymd.gov/datasets/BC-GIS::vacant-properties","https://bcgisdata.baltimorecountymd.gov/arcgis/rest/services/Facilities/Facilities/MapServer/2
https://opendata.baltimorecountymd.gov/api/download/v1/items/61237e77564d43a6a8b43474863eb28b/csv?layers=2
https://opendata.baltimorecountymd.gov/api/download/v1/items/61237e77564d43a6a8b43474863eb28b/geojson?layers=2
https://opendata.baltimorecountymd.gov/api/download/v1/items/61237e77564d43a6a8b43474863eb28b/kml?layers=2
https://opendata.baltimorecountymd.gov/api/download/v1/items/61237e77564d43a6a8b43474863eb28b/shapefile?layers=2
https://opendata.baltimorecountymd.gov/datasets/BC-GIS::vacant-properties","example-feeds/BaltimoreCoHubDCAT1.1.json","outputs\2026-10-09_arcgis_primary.csv","outputs\2026-10-09_arcgis_distributions.csv"
"Contours 2001 [Maryland--Baltimore County]","Contours 2001 [Maryland--Baltimore County]","Contours 2001","","sublayer","same as current harvest","No explicit same-item parent in feed; title unchanged by context rule; Service container shared by different ArcGIS items","baltimore_county","61b570a92a7446198b11c9be24e1926c_2","61b570a92a7446198b11c9be24e1926c","2","","yes","yes","04b-24005","yes","Contours","","4","https://bcgisdata.baltimorecountymd.gov/arcgis/rest/services/Elevation/Contours/MapServer","https://www.arcgis.com/home/item.html?id=61b570a92a7446198b11c9be24e1926c&sublayer=2","https://opendata.baltimorecountymd.gov/datasets/BC-GIS::contours-2001","https://bcgisdata.baltimorecountymd.gov/arcgis/rest/services/Elevation/Contours/MapServer/2
https://opendata.baltimorecountymd.gov/datasets/BC-GIS::contours-2001","https://bcgisdata.baltimorecountymd.gov/arcgis/rest/services/Elevation/Contours/MapServer/2
https://opendata.baltimorecountymd.gov/api/download/v1/items/61b570a92a7446198b11c9be24e1926c/csv?layers=2
https://opendata.baltimorecountymd.gov/api/download/v1/items/61b570a92a7446198b11c9be24e1926c/geojson?layers=2
https://opendata.baltimorecountymd.gov/api/download/v1/items/61b570a92a7446198b11c9be24e1926c/kml?layers=2
https://opendata.baltimorecountymd.gov/api/download/v1/items/61b570a92a7446198b11c9be24e1926c/shapefile?layers=2
https://opendata.baltimorecountymd.gov/datasets/BC-GIS::contours-2001","example-feeds/BaltimoreCoHubDCAT1.1.json","outputs\2026-10-09_arcgis_primary.csv","outputs\2026-10-09_arcgis_distributions.csv"
"Floodplain Purchases [Maryland--Baltimore County]","Floodplain Purchases [Maryland--Baltimore County]","Floodplain Purchases","","sublayer","same as current harvest","No explicit same-item parent in feed; title unchanged by context rule; Service container shared by different ArcGIS items","baltimore_county","65a93bb914fe4aff8240691f8597f62b_36","65a93bb914fe4aff8240691f8597f62b","36","","yes","yes","04b-24005","yes","Floodplain","","13","https://bcgisdata.baltimorecountymd.gov/arcgis/rest/services/DevelopmentManagement/Floodplain/MapServer","https://www.arcgis.com/home/item.html?id=65a93bb914fe4aff8240691f8597f62b&sublayer=36","https://opendata.baltimorecountymd.gov/datasets/BC-GIS::floodplain-purchases-1","https://bcgisdata.baltimorecountymd.gov/arcgis/rest/services/DevelopmentManagement/Floodplain/MapServer/36
https://opendata.baltimorecountymd.gov/datasets/BC-GIS::floodplain-purchases-1","https://bcgisdata.baltimorecountymd.gov/arcgis/rest/services/DevelopmentManagement/Floodplain/MapServer/36
https://opendata.baltimorecountymd.gov/api/download/v1/items/65a93bb914fe4aff8240691f8597f62b/csv?layers=36
https://opendata.baltimorecountymd.gov/api/download/v1/items/65a93bb914fe4aff8240691f8597f62b/geojson?layers=36
https://opendata.baltimorecountymd.gov/api/download/v1/items/65a93bb914fe4aff8240691f8597f62b/kml?layers=36
https://opendata.baltimorecountymd.gov/api/download/v1/items/65a93bb914fe4aff8240691f8597f62b/shapefile?layers=36
https://opendata.baltimorecountymd.gov/datasets/BC-GIS::floodplain-purchases-1","example-feeds/BaltimoreCoHubDCAT1.1.json","outputs\2026-10-09_arcgis_primary.csv","outputs\2026-10-09_arcgis_distributions.csv"
"","","Baltimore County  DFIRM","","standalone_item","not included by updated rules","Still excluded by existing filter or parent eligibility checks","baltimore_county","66c733159a024a9cbb20134f93610b4e","66c733159a024a9cbb20134f93610b4e","","","no","no","","no","","","0","","https://www.arcgis.com/home/item.html?id=66c733159a024a9cbb20134f93610b4e","https://opendata.baltimorecountymd.gov/apps/BC-GIS::baltimore-county-dfirm","","","example-feeds/BaltimoreCoHubDCAT1.1.json","outputs\2026-10-09_arcgis_primary.csv","outputs\2026-10-09_arcgis_distributions.csv"
"Bill 55-25 Proposed Young Amendment to Patoka/Ertel Amendment [Maryland--Baltimore County]","Bill 55-25 Proposed Young Amendment to Patoka/Ertel Amendment [Maryland--Baltimore County]","Bill 55-25 Proposed Young Amendment to Patoka/Ertel Amendment","","sublayer","same as current harvest","No explicit same-item parent in feed; title unchanged by context rule","baltimore_county","6821ba0b2574459c99a775571a7d34ed_0","6821ba0b2574459c99a775571a7d34ed","0","","yes","yes","04b-24005","yes","Bill%2055-25%20Proposed%20Young%20Amendment%20to%20Patoka_Ertel","Bill 55-25 Proposed Young Amendment to Patoka/Ertel Amendment - Bill%2055-25%20Proposed%20Young%20Amendment%20to%20Patoka_Ertel","1","https://services2.arcgis.com/Ynpzre7M7vSGY7dh/arcgis/rest/services/Bill%2055-25%20Proposed%20Young%20Amendment%20to%20Patoka_Ertel/FeatureServer","https://www.arcgis.com/home/item.html?id=6821ba0b2574459c99a775571a7d34ed&sublayer=0","https://opendata.baltimorecountymd.gov/datasets/BC-GIS::bill-55-25-proposed-young-amendment-to-patoka-ertel-amendment","https://opendata.baltimorecountymd.gov/datasets/BC-GIS::bill-55-25-proposed-young-amendment-to-patoka-ertel-amendment
https://services2.arcgis.com/Ynpzre7M7vSGY7dh/arcgis/rest/services/Bill%2055-25%20Proposed%20Young%20Amendment%20to%20Patoka_Ertel/FeatureServer/0","https://opendata.baltimorecountymd.gov/api/download/v1/items/6821ba0b2574459c99a775571a7d34ed/csv?layers=0
https://opendata.baltimorecountymd.gov/api/download/v1/items/6821ba0b2574459c99a775571a7d34ed/geojson?layers=0
https://opendata.baltimorecountymd.gov/api/download/v1/items/6821ba0b2574459c99a775571a7d34ed/kml?layers=0
https://opendata.baltimorecountymd.gov/api/download/v1/items/6821ba0b2574459c99a775571a7d34ed/shapefile?layers=0
https://opendata.baltimorecountymd.gov/datasets/BC-GIS::bill-55-25-proposed-young-amendment-to-patoka-ertel-amendment
https://services2.arcgis.com/Ynpzre7M7vSGY7dh/arcgis/rest/services/Bill%2055-25%20Proposed%20Young%20Amendment%20to%20Patoka_Ertel/FeatureServer/0","example-feeds/BaltimoreCoHubDCAT1.1.json","outputs\2026-10-09_arcgis_primary.csv","outputs\2026-10-09_arcgis_distributions.csv"
"Census Block Groups 2010 [Maryland--Baltimore County]","Census Block Groups 2010 [Maryland--Baltimore County]","Census Block Groups 2010","","sublayer","same as current harvest","No explicit same-item parent in feed; title unchanged by context rule; Service container shared by different ArcGIS items","baltimore_county","696ef6be43bc42f7b7c027961f308bab_2","696ef6be43bc42f7b7c027961f308bab","2","","yes","yes","04b-24005","yes","Demographics","Census Block Groups 2010 - Demographics","10","https://bcgisdata.baltimorecountymd.gov/arcgis/rest/services/Demographics/Demographics/MapServer","https://www.arcgis.com/home/item.html?id=696ef6be43bc42f7b7c027961f308bab&sublayer=2","https://opendata.baltimorecountymd.gov/datasets/BC-GIS::census-block-groups-2010","https://bcgisdata.baltimorecountymd.gov/arcgis/rest/services/Demographics/Demographics/MapServer/2
https://opendata.baltimorecountymd.gov/datasets/BC-GIS::census-block-groups-2010","https://bcgisdata.baltimorecountymd.gov/arcgis/rest/services/Demographics/Demographics/MapServer/2
https://opendata.baltimorecountymd.gov/api/download/v1/items/696ef6be43bc42f7b7c027961f308bab/csv?layers=2
https://opendata.baltimorecountymd.gov/api/download/v1/items/696ef6be43bc42f7b7c027961f308bab/geojson?layers=2
https://opendata.baltimorecountymd.gov/api/download/v1/items/696ef6be43bc42f7b7c027961f308bab/kml?layers=2
https://opendata.baltimorecountymd.gov/api/download/v1/items/696ef6be43bc42f7b7c027961f308bab/shapefile?layers=2
https://opendata.baltimorecountymd.gov/datasets/BC-GIS::census-block-groups-2010","example-feeds/BaltimoreCoHubDCAT1.1.json","outputs\2026-10-09_arcgis_primary.csv","outputs\2026-10-09_arcgis_distributions.csv"
"Congressional Districts [Maryland--Baltimore County]","Congressional Districts [Maryland--Baltimore County]","Congressional Districts","","sublayer","same as current harvest","No explicit same-item parent in feed; title unchanged by context rule; Service container shared by different ArcGIS items","baltimore_county","69752115939a459589c76b6ac1117992_4","69752115939a459589c76b6ac1117992","4","","yes","yes","04b-24005","yes","Political","Congressional Districts - Political","9","https://bcgisdata.baltimorecountymd.gov/arcgis/rest/services/Political/Political/MapServer","https://www.arcgis.com/home/item.html?id=69752115939a459589c76b6ac1117992&sublayer=4","https://opendata.baltimorecountymd.gov/datasets/BC-GIS::congressional-districts","https://bcgisdata.baltimorecountymd.gov/arcgis/rest/services/Political/Political/MapServer/4
https://opendata.baltimorecountymd.gov/datasets/BC-GIS::congressional-districts","https://bcgisdata.baltimorecountymd.gov/arcgis/rest/services/Political/Political/MapServer/4
https://opendata.baltimorecountymd.gov/api/download/v1/items/69752115939a459589c76b6ac1117992/csv?layers=4
https://opendata.baltimorecountymd.gov/api/download/v1/items/69752115939a459589c76b6ac1117992/geojson?layers=4
https://opendata.baltimorecountymd.gov/api/download/v1/items/69752115939a459589c76b6ac1117992/kml?layers=4
https://opendata.baltimorecountymd.gov/api/download/v1/items/69752115939a459589c76b6ac1117992/shapefile?layers=4
https://opendata.baltimorecountymd.gov/datasets/BC-GIS::congressional-districts","example-feeds/BaltimoreCoHubDCAT1.1.json","outputs\2026-10-09_arcgis_primary.csv","outputs\2026-10-09_arcgis_distributions.csv"
"CZMP Issue Polygons 2016 [Maryland--Baltimore County]","CZMP Issue Polygons 2016 [Maryland--Baltimore County]","CZMP Issue Polygons 2016","","sublayer","same as current harvest","No explicit same-item parent in feed; title unchanged by context rule; Service container shared by different ArcGIS items","baltimore_county","69ab6a2a73c14735abd0a741d75003d5_13","69ab6a2a73c14735abd0a741d75003d5","13","","yes","yes","04b-24005","yes","Zoning","CZMP Issue Polygons 2016 - Zoning","16","https://bcgisdata.baltimorecountymd.gov/arcgis/rest/services/DevelopmentManagement/Zoning/MapServer","https://www.arcgis.com/home/item.html?id=69ab6a2a73c14735abd0a741d75003d5&sublayer=13","https://opendata.baltimorecountymd.gov/datasets/BC-GIS::czmp-issue-polygons-2016","https://bcgisdata.baltimorecountymd.gov/arcgis/rest/services/DevelopmentManagement/Zoning/MapServer/13
https://opendata.baltimorecountymd.gov/datasets/BC-GIS::czmp-issue-polygons-2016","https://bcgisdata.baltimorecountymd.gov/arcgis/rest/services/DevelopmentManagement/Zoning/MapServer/13
https://opendata.baltimorecountymd.gov/api/download/v1/items/69ab6a2a73c14735abd0a741d75003d5/csv?layers=13
https://opendata.baltimorecountymd.gov/api/download/v1/items/69ab6a2a73c14735abd0a741d75003d5/geojson?layers=13
https://opendata.baltimorecountymd.gov/api/download/v1/items/69ab6a2a73c14735abd0a741d75003d5/kml?layers=13
https://opendata.baltimorecountymd.gov/api/download/v1/items/69ab6a2a73c14735abd0a741d75003d5/shapefile?layers=13
https://opendata.baltimorecountymd.gov/datasets/BC-GIS::czmp-issue-polygons-2016","example-feeds/BaltimoreCoHubDCAT1.1.json","outputs\2026-10-09_arcgis_primary.csv","outputs\2026-10-09_arcgis_distributions.csv"
"Census Designated Places 2020 [Maryland--Baltimore County]","Census Designated Places 2020 [Maryland--Baltimore County]","Census Designated Places 2020","","sublayer","same as current harvest","No explicit same-item parent in feed; title unchanged by context rule; Service container shared by different ArcGIS items","baltimore_county","6bae87aeff5346e7b061d0366648c393_9","6bae87aeff5346e7b061d0366648c393","9","","yes","yes","04b-24005","yes","Demographics","Census Designated Places 2020 - Demographics","10","https://bcgisdata.baltimorecountymd.gov/arcgis/rest/services/Demographics/Demographics/MapServer","https://www.arcgis.com/home/item.html?id=6bae87aeff5346e7b061d0366648c393&sublayer=9","https://opendata.baltimorecountymd.gov/datasets/BC-GIS::census-designated-places-2020","https://bcgisdata.baltimorecountymd.gov/arcgis/rest/services/Demographics/Demographics/MapServer/9
https://opendata.baltimorecountymd.gov/datasets/BC-GIS::census-designated-places-2020","https://bcgisdata.baltimorecountymd.gov/arcgis/rest/services/Demographics/Demographics/MapServer/9
https://opendata.baltimorecountymd.gov/api/download/v1/items/6bae87aeff5346e7b061d0366648c393/csv?layers=9
https://opendata.baltimorecountymd.gov/api/download/v1/items/6bae87aeff5346e7b061d0366648c393/geojson?layers=9
https://opendata.baltimorecountymd.gov/api/download/v1/items/6bae87aeff5346e7b061d0366648c393/kml?layers=9
https://opendata.baltimorecountymd.gov/api/download/v1/items/6bae87aeff5346e7b061d0366648c393/shapefile?layers=9
https://opendata.baltimorecountymd.gov/datasets/BC-GIS::census-designated-places-2020","example-feeds/BaltimoreCoHubDCAT1.1.json","outputs\2026-10-09_arcgis_primary.csv","outputs\2026-10-09_arcgis_distributions.csv"
"Elementary Schools [Maryland--Baltimore County]","Elementary Schools [Maryland--Baltimore County]","Elementary Schools","","sublayer","same as current harvest","No explicit same-item parent in feed; title unchanged by context rule; Service container shared by different ArcGIS items","baltimore_county","6bfa618b2d1f43d79fada6be5092d48e_1","6bfa618b2d1f43d79fada6be5092d48e","1","","yes","yes","04b-24005","yes","SchoolDistricts","Elementary Schools - SchoolDistricts","7","https://bcgisdata.baltimorecountymd.gov/arcgis/rest/services/Education/SchoolDistricts/MapServer","https://www.arcgis.com/home/item.html?id=6bfa618b2d1f43d79fada6be5092d48e&sublayer=1","https://opendata.baltimorecountymd.gov/datasets/BC-GIS::elementary-schools","https://bcgisdata.baltimorecountymd.gov/arcgis/rest/services/Education/SchoolDistricts/MapServer/1
https://opendata.baltimorecountymd.gov/datasets/BC-GIS::elementary-schools","https://bcgisdata.baltimorecountymd.gov/arcgis/rest/services/Education/SchoolDistricts/MapServer/1
https://opendata.baltimorecountymd.gov/api/download/v1/items/6bfa618b2d1f43d79fada6be5092d48e/csv?layers=1
https://opendata.baltimorecountymd.gov/api/download/v1/items/6bfa618b2d1f43d79fada6be5092d48e/geojson?layers=1
https://opendata.baltimorecountymd.gov/api/download/v1/items/6bfa618b2d1f43d79fada6be5092d48e/kml?layers=1
https://opendata.baltimorecountymd.gov/api/download/v1/items/6bfa618b2d1f43d79fada6be5092d48e/shapefile?layers=1
https://opendata.baltimorecountymd.gov/datasets/BC-GIS::elementary-schools","example-feeds/BaltimoreCoHubDCAT1.1.json","outputs\2026-10-09_arcgis_primary.csv","outputs\2026-10-09_arcgis_distributions.csv"
"Election Districts [Maryland--Baltimore County]","Election Districts [Maryland--Baltimore County]","Election Districts","","sublayer","same as current harvest","No explicit same-item parent in feed; title unchanged by context rule; Service container shared by different ArcGIS items","baltimore_county","6e3bd64813ea4c08bf1ceb758e41b912_1","6e3bd64813ea4c08bf1ceb758e41b912","1","","yes","yes","04b-24005","yes","Political","Election Districts - Political","9","https://bcgisdata.baltimorecountymd.gov/arcgis/rest/services/Political/Political/MapServer","https://www.arcgis.com/home/item.html?id=6e3bd64813ea4c08bf1ceb758e41b912&sublayer=1","https://opendata.baltimorecountymd.gov/datasets/BC-GIS::election-districts","https://bcgisdata.baltimorecountymd.gov/arcgis/rest/services/Political/Political/MapServer/1
https://opendata.baltimorecountymd.gov/datasets/BC-GIS::election-districts","https://bcgisdata.baltimorecountymd.gov/arcgis/rest/services/Political/Political/MapServer/1
https://opendata.baltimorecountymd.gov/api/download/v1/items/6e3bd64813ea4c08bf1ceb758e41b912/csv?layers=1
https://opendata.baltimorecountymd.gov/api/download/v1/items/6e3bd64813ea4c08bf1ceb758e41b912/geojson?layers=1
https://opendata.baltimorecountymd.gov/api/download/v1/items/6e3bd64813ea4c08bf1ceb758e41b912/kml?layers=1
https://opendata.baltimorecountymd.gov/api/download/v1/items/6e3bd64813ea4c08bf1ceb758e41b912/shapefile?layers=1
https://opendata.baltimorecountymd.gov/datasets/BC-GIS::election-districts","example-feeds/BaltimoreCoHubDCAT1.1.json","outputs\2026-10-09_arcgis_primary.csv","outputs\2026-10-09_arcgis_distributions.csv"
"Pal Centers [Maryland--Baltimore County]","Pal Centers [Maryland--Baltimore County]","Pal Centers","","sublayer","same as current harvest","No explicit same-item parent in feed; title unchanged by context rule; Service container shared by different ArcGIS items","baltimore_county","6ed7019afeeb4aab9d0d65bec5020cf9_14","6ed7019afeeb4aab9d0d65bec5020cf9","14","","yes","yes","04b-24005","yes","CountyFacilities","Pal Centers - CountyFacilities","2","https://bcgisdata.baltimorecountymd.gov/arcgis/rest/services/Facilities/CountyFacilities/MapServer","https://www.arcgis.com/home/item.html?id=6ed7019afeeb4aab9d0d65bec5020cf9&sublayer=14","https://opendata.baltimorecountymd.gov/datasets/BC-GIS::pal-centers","https://bcgisdata.baltimorecountymd.gov/arcgis/rest/services/Facilities/CountyFacilities/MapServer/14
https://opendata.baltimorecountymd.gov/datasets/BC-GIS::pal-centers","https://bcgisdata.baltimorecountymd.gov/arcgis/rest/services/Facilities/CountyFacilities/MapServer/14
https://opendata.baltimorecountymd.gov/api/download/v1/items/6ed7019afeeb4aab9d0d65bec5020cf9/csv?layers=14
https://opendata.baltimorecountymd.gov/api/download/v1/items/6ed7019afeeb4aab9d0d65bec5020cf9/geojson?layers=14
https://opendata.baltimorecountymd.gov/api/download/v1/items/6ed7019afeeb4aab9d0d65bec5020cf9/kml?layers=14
https://opendata.baltimorecountymd.gov/api/download/v1/items/6ed7019afeeb4aab9d0d65bec5020cf9/shapefile?layers=14
https://opendata.baltimorecountymd.gov/datasets/BC-GIS::pal-centers","example-feeds/BaltimoreCoHubDCAT1.1.json","outputs\2026-10-09_arcgis_primary.csv","outputs\2026-10-09_arcgis_distributions.csv"
"ClimateActionPlan - Nuis Flood Zone 3 1 ft SLR [Maryland--Baltimore County]","ClimateActionPlan - Nuis Flood Zone 3 1 ft SLR [Maryland--Baltimore County]","ClimateActionPlan - Nuis Flood Zone 3 1 ft SLR","","sublayer","same as current harvest","No explicit same-item parent in feed; title unchanged by context rule; Service container shared by different ArcGIS items","baltimore_county","7125a58897684fcc8349e4a34eb60133_18","7125a58897684fcc8349e4a34eb60133","18","","yes","yes","04b-24005","yes","ClimateActionPlan","","28","https://bcgisdata.baltimorecountymd.gov/arcgis/rest/services/Environmental/ClimateActionPlan/MapServer","https://www.arcgis.com/home/item.html?id=7125a58897684fcc8349e4a34eb60133&sublayer=18","https://opendata.baltimorecountymd.gov/datasets/BC-GIS::climateactionplan-nuis-flood-zone-3-1-ft-slr","https://bcgisdata.baltimorecountymd.gov/arcgis/rest/services/Environmental/ClimateActionPlan/MapServer/18
https://opendata.baltimorecountymd.gov/datasets/BC-GIS::climateactionplan-nuis-flood-zone-3-1-ft-slr","https://bcgisdata.baltimorecountymd.gov/arcgis/rest/services/Environmental/ClimateActionPlan/MapServer/18
https://opendata.baltimorecountymd.gov/api/download/v1/items/7125a58897684fcc8349e4a34eb60133/csv?layers=18
https://opendata.baltimorecountymd.gov/api/download/v1/items/7125a58897684fcc8349e4a34eb60133/geojson?layers=18
https://opendata.baltimorecountymd.gov/api/download/v1/items/7125a58897684fcc8349e4a34eb60133/kml?layers=18
https://opendata.baltimorecountymd.gov/api/download/v1/items/7125a58897684fcc8349e4a34eb60133/shapefile?layers=18
https://opendata.baltimorecountymd.gov/datasets/BC-GIS::climateactionplan-nuis-flood-zone-3-1-ft-slr","example-feeds/BaltimoreCoHubDCAT1.1.json","outputs\2026-10-09_arcgis_primary.csv","outputs\2026-10-09_arcgis_distributions.csv"
"Public Golf Courses [Maryland--Baltimore County]","Public Golf Courses [Maryland--Baltimore County]","Public Golf Courses","","sublayer","same as current harvest","No explicit same-item parent in feed; title unchanged by context rule; Service container shared by different ArcGIS items","baltimore_county","7197a9c353cf4d7cb20f8c5ad3a4f02f_2","7197a9c353cf4d7cb20f8c5ad3a4f02f","2","","yes","yes","04b-24005","yes","ParkBoundaries","Public Golf Courses - ParkBoundaries","5","https://bcgisdata.baltimorecountymd.gov/arcgis/rest/services/Recreation/ParkBoundaries/MapServer","https://www.arcgis.com/home/item.html?id=7197a9c353cf4d7cb20f8c5ad3a4f02f&sublayer=2","https://opendata.baltimorecountymd.gov/datasets/BC-GIS::public-golf-courses","https://bcgisdata.baltimorecountymd.gov/arcgis/rest/services/Recreation/ParkBoundaries/MapServer/2
https://opendata.baltimorecountymd.gov/datasets/BC-GIS::public-golf-courses","https://bcgisdata.baltimorecountymd.gov/arcgis/rest/services/Recreation/ParkBoundaries/MapServer/2
https://opendata.baltimorecountymd.gov/api/download/v1/items/7197a9c353cf4d7cb20f8c5ad3a4f02f/csv?layers=2
https://opendata.baltimorecountymd.gov/api/download/v1/items/7197a9c353cf4d7cb20f8c5ad3a4f02f/geojson?layers=2
https://opendata.baltimorecountymd.gov/api/download/v1/items/7197a9c353cf4d7cb20f8c5ad3a4f02f/kml?layers=2
https://opendata.baltimorecountymd.gov/api/download/v1/items/7197a9c353cf4d7cb20f8c5ad3a4f02f/shapefile?layers=2
https://opendata.baltimorecountymd.gov/datasets/BC-GIS::public-golf-courses","example-feeds/BaltimoreCoHubDCAT1.1.json","outputs\2026-10-09_arcgis_primary.csv","outputs\2026-10-09_arcgis_distributions.csv"
"Zoning 2020 [Maryland--Baltimore County]","Zoning 2020 [Maryland--Baltimore County]","Zoning 2020","","sublayer","same as current harvest","No explicit same-item parent in feed; title unchanged by context rule; Service container shared by different ArcGIS items","baltimore_county","72b71cb4284b4c91a2b0f8cf6cc329fe_16","72b71cb4284b4c91a2b0f8cf6cc329fe","16","","yes","yes","04b-24005","yes","Zoning","","16","https://bcgisdata.baltimorecountymd.gov/arcgis/rest/services/DevelopmentManagement/Zoning/MapServer","https://www.arcgis.com/home/item.html?id=72b71cb4284b4c91a2b0f8cf6cc329fe&sublayer=16","https://opendata.baltimorecountymd.gov/datasets/BC-GIS::zoning-2020","https://bcgisdata.baltimorecountymd.gov/arcgis/rest/services/DevelopmentManagement/Zoning/MapServer/16
https://opendata.baltimorecountymd.gov/datasets/BC-GIS::zoning-2020","https://bcgisdata.baltimorecountymd.gov/arcgis/rest/services/DevelopmentManagement/Zoning/MapServer/16
https://opendata.baltimorecountymd.gov/api/download/v1/items/72b71cb4284b4c91a2b0f8cf6cc329fe/csv?layers=16
https://opendata.baltimorecountymd.gov/api/download/v1/items/72b71cb4284b4c91a2b0f8cf6cc329fe/geojson?layers=16
https://opendata.baltimorecountymd.gov/api/download/v1/items/72b71cb4284b4c91a2b0f8cf6cc329fe/kml?layers=16
https://opendata.baltimorecountymd.gov/api/download/v1/items/72b71cb4284b4c91a2b0f8cf6cc329fe/shapefile?layers=16
https://opendata.baltimorecountymd.gov/datasets/BC-GIS::zoning-2020","example-feeds/BaltimoreCoHubDCAT1.1.json","outputs\2026-10-09_arcgis_primary.csv","outputs\2026-10-09_arcgis_distributions.csv"
"Address Points [Maryland--Baltimore County]","Address Points [Maryland--Baltimore County]","Address Points","","sublayer","same as current harvest","No explicit same-item parent in feed; title unchanged by context rule; Service container shared by different ArcGIS items","baltimore_county","73ab7a6d5f3c451d8fae0a7d3bc65f58_0","73ab7a6d5f3c451d8fae0a7d3bc65f58","0","","yes","yes","04b-24005","yes","Address","","2","https://bcgisdata.baltimorecountymd.gov/arcgis/rest/services/Facilities/Address/MapServer","https://www.arcgis.com/home/item.html?id=73ab7a6d5f3c451d8fae0a7d3bc65f58&sublayer=0","https://opendata.baltimorecountymd.gov/datasets/BC-GIS::address-points","https://bcgisdata.baltimorecountymd.gov/arcgis/rest/services/Facilities/Address/MapServer/0
https://opendata.baltimorecountymd.gov/datasets/BC-GIS::address-points","https://bcgisdata.baltimorecountymd.gov/arcgis/rest/services/Facilities/Address/MapServer/0
https://opendata.baltimorecountymd.gov/api/download/v1/items/73ab7a6d5f3c451d8fae0a7d3bc65f58/csv?layers=0
https://opendata.baltimorecountymd.gov/api/download/v1/items/73ab7a6d5f3c451d8fae0a7d3bc65f58/geojson?layers=0
https://opendata.baltimorecountymd.gov/api/download/v1/items/73ab7a6d5f3c451d8fae0a7d3bc65f58/kml?layers=0
https://opendata.baltimorecountymd.gov/api/download/v1/items/73ab7a6d5f3c451d8fae0a7d3bc65f58/shapefile?layers=0
https://opendata.baltimorecountymd.gov/datasets/BC-GIS::address-points","example-feeds/BaltimoreCoHubDCAT1.1.json","outputs\2026-10-09_arcgis_primary.csv","outputs\2026-10-09_arcgis_distributions.csv"
"Building Footprints [Maryland--Baltimore County]","Building Footprints [Maryland--Baltimore County]","Building Footprints","","sublayer","same as current harvest","No explicit same-item parent in feed; title unchanged by context rule","baltimore_county","75df59ea556c45c1a96ac646a8a37a3c_2","75df59ea556c45c1a96ac646a8a37a3c","2","","yes","yes","04b-24005","yes","Buildings","Building Footprints - Buildings","1","https://bcgisdata.baltimorecountymd.gov/arcgis/rest/services/Facilities/Buildings/MapServer","https://www.arcgis.com/home/item.html?id=75df59ea556c45c1a96ac646a8a37a3c&sublayer=2","https://opendata.baltimorecountymd.gov/datasets/BC-GIS::building-footprints","https://bcgisdata.baltimorecountymd.gov/arcgis/rest/services/Facilities/Buildings/MapServer/2
https://opendata.baltimorecountymd.gov/datasets/BC-GIS::building-footprints","https://bcgisdata.baltimorecountymd.gov/arcgis/rest/services/Facilities/Buildings/MapServer/2
https://opendata.baltimorecountymd.gov/api/download/v1/items/75df59ea556c45c1a96ac646a8a37a3c/csv?layers=2
https://opendata.baltimorecountymd.gov/api/download/v1/items/75df59ea556c45c1a96ac646a8a37a3c/geojson?layers=2
https://opendata.baltimorecountymd.gov/api/download/v1/items/75df59ea556c45c1a96ac646a8a37a3c/kml?layers=2
https://opendata.baltimorecountymd.gov/api/download/v1/items/75df59ea556c45c1a96ac646a8a37a3c/shapefile?layers=2
https://opendata.baltimorecountymd.gov/datasets/BC-GIS::building-footprints","example-feeds/BaltimoreCoHubDCAT1.1.json","outputs\2026-10-09_arcgis_primary.csv","outputs\2026-10-09_arcgis_distributions.csv"
"Rural Village [Maryland--Baltimore County]","Rural Village [Maryland--Baltimore County]","Rural Village","","sublayer","same as current harvest","No explicit same-item parent in feed; title unchanged by context rule; Service container shared by different ArcGIS items","baltimore_county","761571848f8f421d95e3541873d11c4c_3","761571848f8f421d95e3541873d11c4c","3","","yes","yes","04b-24005","yes","LandPreservation","Rural Village - LandPreservation","3","https://bcgisdata.baltimorecountymd.gov/arcgis/rest/services/LandPreservation/LandPreservation/MapServer","https://www.arcgis.com/home/item.html?id=761571848f8f421d95e3541873d11c4c&sublayer=3","https://opendata.baltimorecountymd.gov/datasets/BC-GIS::rural-village","https://bcgisdata.baltimorecountymd.gov/arcgis/rest/services/LandPreservation/LandPreservation/MapServer/3
https://opendata.baltimorecountymd.gov/datasets/BC-GIS::rural-village","https://bcgisdata.baltimorecountymd.gov/arcgis/rest/services/LandPreservation/LandPreservation/MapServer/3
https://opendata.baltimorecountymd.gov/api/download/v1/items/761571848f8f421d95e3541873d11c4c/csv?layers=3
https://opendata.baltimorecountymd.gov/api/download/v1/items/761571848f8f421d95e3541873d11c4c/geojson?layers=3
https://opendata.baltimorecountymd.gov/api/download/v1/items/761571848f8f421d95e3541873d11c4c/kml?layers=3
https://opendata.baltimorecountymd.gov/api/download/v1/items/761571848f8f421d95e3541873d11c4c/shapefile?layers=3
https://opendata.baltimorecountymd.gov/datasets/BC-GIS::rural-village","example-feeds/BaltimoreCoHubDCAT1.1.json","outputs\2026-10-09_arcgis_primary.csv","outputs\2026-10-09_arcgis_distributions.csv"
"CZMP Issues 2008 [Maryland--Baltimore County]","CZMP Issues 2008 [Maryland--Baltimore County]","CZMP Issues 2008","","sublayer","same as current harvest","No explicit same-item parent in feed; title unchanged by context rule; Service container shared by different ArcGIS items","baltimore_county","7717b80181d54ef5882485b19b66c139_8","7717b80181d54ef5882485b19b66c139","8","","yes","yes","04b-24005","yes","Zoning","CZMP Issues 2008 - Zoning","16","https://bcgisdata.baltimorecountymd.gov/arcgis/rest/services/DevelopmentManagement/Zoning/MapServer","https://www.arcgis.com/home/item.html?id=7717b80181d54ef5882485b19b66c139&sublayer=8","https://opendata.baltimorecountymd.gov/datasets/BC-GIS::czmp-issues-2008","https://bcgisdata.baltimorecountymd.gov/arcgis/rest/services/DevelopmentManagement/Zoning/MapServer/8
https://opendata.baltimorecountymd.gov/datasets/BC-GIS::czmp-issues-2008","https://bcgisdata.baltimorecountymd.gov/arcgis/rest/services/DevelopmentManagement/Zoning/MapServer/8
https://opendata.baltimorecountymd.gov/api/download/v1/items/7717b80181d54ef5882485b19b66c139/csv?layers=8
https://opendata.baltimorecountymd.gov/api/download/v1/items/7717b80181d54ef5882485b19b66c139/geojson?layers=8
https://opendata.baltimorecountymd.gov/api/download/v1/items/7717b80181d54ef5882485b19b66c139/kml?layers=8
https://opendata.baltimorecountymd.gov/api/download/v1/items/7717b80181d54ef5882485b19b66c139/shapefile?layers=8
https://opendata.baltimorecountymd.gov/datasets/BC-GIS::czmp-issues-2008","example-feeds/BaltimoreCoHubDCAT1.1.json","outputs\2026-10-09_arcgis_primary.csv","outputs\2026-10-09_arcgis_distributions.csv"
"Metro Line [Maryland--Baltimore County]","Metro Line [Maryland--Baltimore County]","Metro Line","","sublayer","same as current harvest","No explicit same-item parent in feed; title unchanged by context rule; Service container shared by different ArcGIS items","baltimore_county","7b416fe30e3a400ba2a597ea6c6d03f9_1","7b416fe30e3a400ba2a597ea6c6d03f9","1","","yes","yes","04b-24005","yes","Transportation","Metro Line - Transportation","16","https://bcgisdata.baltimorecountymd.gov/arcgis/rest/services/Transportation/Transportation/MapServer","https://www.arcgis.com/home/item.html?id=7b416fe30e3a400ba2a597ea6c6d03f9&sublayer=1","https://opendata.baltimorecountymd.gov/datasets/BC-GIS::metro-line","https://bcgisdata.baltimorecountymd.gov/arcgis/rest/services/Transportation/Transportation/MapServer/1
https://opendata.baltimorecountymd.gov/datasets/BC-GIS::metro-line","https://bcgisdata.baltimorecountymd.gov/arcgis/rest/services/Transportation/Transportation/MapServer/1
https://opendata.baltimorecountymd.gov/api/download/v1/items/7b416fe30e3a400ba2a597ea6c6d03f9/csv?layers=1
https://opendata.baltimorecountymd.gov/api/download/v1/items/7b416fe30e3a400ba2a597ea6c6d03f9/geojson?layers=1
https://opendata.baltimorecountymd.gov/api/download/v1/items/7b416fe30e3a400ba2a597ea6c6d03f9/kml?layers=1
https://opendata.baltimorecountymd.gov/api/download/v1/items/7b416fe30e3a400ba2a597ea6c6d03f9/shapefile?layers=1
https://opendata.baltimorecountymd.gov/datasets/BC-GIS::metro-line","example-feeds/BaltimoreCoHubDCAT1.1.json","outputs\2026-10-09_arcgis_primary.csv","outputs\2026-10-09_arcgis_distributions.csv"
"Hydrology Polygons [Maryland--Baltimore County]","Hydrology Polygons [Maryland--Baltimore County]","Hydrology Polygons","","sublayer","same as current harvest","No explicit same-item parent in feed; title unchanged by context rule; Service container shared by different ArcGIS items","baltimore_county","7bcd4cba2669447ab645671034d70df8_1","7bcd4cba2669447ab645671034d70df8","1","","yes","yes","04b-24005","yes","Hydrology","","4","https://bcgisdata.baltimorecountymd.gov/arcgis/rest/services/Hydrology/Hydrology/MapServer","https://www.arcgis.com/home/item.html?id=7bcd4cba2669447ab645671034d70df8&sublayer=1","https://opendata.baltimorecountymd.gov/datasets/BC-GIS::hydrology-polygons","https://bcgisdata.baltimorecountymd.gov/arcgis/rest/services/Hydrology/Hydrology/MapServer/1
https://opendata.baltimorecountymd.gov/datasets/BC-GIS::hydrology-polygons","https://bcgisdata.baltimorecountymd.gov/arcgis/rest/services/Hydrology/Hydrology/MapServer/1
https://opendata.baltimorecountymd.gov/api/download/v1/items/7bcd4cba2669447ab645671034d70df8/csv?layers=1
https://opendata.baltimorecountymd.gov/api/download/v1/items/7bcd4cba2669447ab645671034d70df8/geojson?layers=1
https://opendata.baltimorecountymd.gov/api/download/v1/items/7bcd4cba2669447ab645671034d70df8/kml?layers=1
https://opendata.baltimorecountymd.gov/api/download/v1/items/7bcd4cba2669447ab645671034d70df8/shapefile?layers=1
https://opendata.baltimorecountymd.gov/datasets/BC-GIS::hydrology-polygons","example-feeds/BaltimoreCoHubDCAT1.1.json","outputs\2026-10-09_arcgis_primary.csv","outputs\2026-10-09_arcgis_distributions.csv"
"ClimateActionPlan - Storm Drains Int HistStreams [Maryland--Baltimore County]","ClimateActionPlan - Storm Drains Int HistStreams [Maryland--Baltimore County]","ClimateActionPlan - Storm Drains Int HistStreams","","sublayer","same as current harvest","No explicit same-item parent in feed; title unchanged by context rule; Service container shared by different ArcGIS items","baltimore_county","7ca9da362dff4c97aa89496934a7c8cb_13","7ca9da362dff4c97aa89496934a7c8cb","13","","yes","yes","04b-24005","yes","ClimateActionPlan","","28","https://bcgisdata.baltimorecountymd.gov/arcgis/rest/services/Environmental/ClimateActionPlan/MapServer","https://www.arcgis.com/home/item.html?id=7ca9da362dff4c97aa89496934a7c8cb&sublayer=13","https://opendata.baltimorecountymd.gov/datasets/BC-GIS::climateactionplan-storm-drains-int-histstreams","https://bcgisdata.baltimorecountymd.gov/arcgis/rest/services/Environmental/ClimateActionPlan/MapServer/13
https://opendata.baltimorecountymd.gov/datasets/BC-GIS::climateactionplan-storm-drains-int-histstreams","https://bcgisdata.baltimorecountymd.gov/arcgis/rest/services/Environmental/ClimateActionPlan/MapServer/13
https://opendata.baltimorecountymd.gov/api/download/v1/items/7ca9da362dff4c97aa89496934a7c8cb/csv?layers=13
https://opendata.baltimorecountymd.gov/api/download/v1/items/7ca9da362dff4c97aa89496934a7c8cb/geojson?layers=13
https://opendata.baltimorecountymd.gov/api/download/v1/items/7ca9da362dff4c97aa89496934a7c8cb/kml?layers=13
https://opendata.baltimorecountymd.gov/api/download/v1/items/7ca9da362dff4c97aa89496934a7c8cb/shapefile?layers=13
https://opendata.baltimorecountymd.gov/datasets/BC-GIS::climateactionplan-storm-drains-int-histstreams","example-feeds/BaltimoreCoHubDCAT1.1.json","outputs\2026-10-09_arcgis_primary.csv","outputs\2026-10-09_arcgis_distributions.csv"
"Contours 1995 [Maryland--Baltimore County]","Contours 1995 [Maryland--Baltimore County]","Contours 1995","","sublayer","same as current harvest","No explicit same-item parent in feed; title unchanged by context rule; Service container shared by different ArcGIS items","baltimore_county","7cf48ed53d5645389edb8f908d9a8f69_1","7cf48ed53d5645389edb8f908d9a8f69","1","","yes","yes","04b-24005","yes","Contours","","4","https://bcgisdata.baltimorecountymd.gov/arcgis/rest/services/Elevation/Contours/MapServer","https://www.arcgis.com/home/item.html?id=7cf48ed53d5645389edb8f908d9a8f69&sublayer=1","https://opendata.baltimorecountymd.gov/datasets/BC-GIS::contours-1995","https://bcgisdata.baltimorecountymd.gov/arcgis/rest/services/Elevation/Contours/MapServer/1
https://opendata.baltimorecountymd.gov/datasets/BC-GIS::contours-1995","https://bcgisdata.baltimorecountymd.gov/arcgis/rest/services/Elevation/Contours/MapServer/1
https://opendata.baltimorecountymd.gov/api/download/v1/items/7cf48ed53d5645389edb8f908d9a8f69/csv?layers=1
https://opendata.baltimorecountymd.gov/api/download/v1/items/7cf48ed53d5645389edb8f908d9a8f69/geojson?layers=1
https://opendata.baltimorecountymd.gov/api/download/v1/items/7cf48ed53d5645389edb8f908d9a8f69/kml?layers=1
https://opendata.baltimorecountymd.gov/api/download/v1/items/7cf48ed53d5645389edb8f908d9a8f69/shapefile?layers=1
https://opendata.baltimorecountymd.gov/datasets/BC-GIS::contours-1995","example-feeds/BaltimoreCoHubDCAT1.1.json","outputs\2026-10-09_arcgis_primary.csv","outputs\2026-10-09_arcgis_distributions.csv"
"2025 Baltimore County Councilmanic Redistricting Commission Iteration 2 [Maryland--Baltimore County]","2025 Baltimore County Councilmanic Redistricting Commission Iteration 2 [Maryland--Baltimore County]","2025 Baltimore County Councilmanic Redistricting Commission Iteration 2","","sublayer","same as current harvest","No explicit same-item parent in feed; title unchanged by context rule","baltimore_county","7dedfb74e2bb422d9a4455b8657a103e_0","7dedfb74e2bb422d9a4455b8657a103e","0","","yes","yes","04b-24005","yes","2025%20Baltimore%20County%20Councilmanic%20Redistricting%20Commission%20Iteration%202","2025 Baltimore County Councilmanic Redistricting Commission Iteration 2 - 2025%20Baltimore%20County%20Councilmanic%20Redistricting%20Commission%20Iteration%202","1","https://services2.arcgis.com/Ynpzre7M7vSGY7dh/arcgis/rest/services/2025%20Baltimore%20County%20Councilmanic%20Redistricting%20Commission%20Iteration%202/FeatureServer","https://www.arcgis.com/home/item.html?id=7dedfb74e2bb422d9a4455b8657a103e&sublayer=0","https://opendata.baltimorecountymd.gov/datasets/BC-GIS::2025-baltimore-county-councilmanic-redistricting-commission-iteration-2","https://opendata.baltimorecountymd.gov/datasets/BC-GIS::2025-baltimore-county-councilmanic-redistricting-commission-iteration-2
https://services2.arcgis.com/Ynpzre7M7vSGY7dh/arcgis/rest/services/2025%20Baltimore%20County%20Councilmanic%20Redistricting%20Commission%20Iteration%202/FeatureServer/0","https://opendata.baltimorecountymd.gov/api/download/v1/items/7dedfb74e2bb422d9a4455b8657a103e/csv?layers=0
https://opendata.baltimorecountymd.gov/api/download/v1/items/7dedfb74e2bb422d9a4455b8657a103e/geojson?layers=0
https://opendata.baltimorecountymd.gov/api/download/v1/items/7dedfb74e2bb422d9a4455b8657a103e/kml?layers=0
https://opendata.baltimorecountymd.gov/api/download/v1/items/7dedfb74e2bb422d9a4455b8657a103e/shapefile?layers=0
https://opendata.baltimorecountymd.gov/datasets/BC-GIS::2025-baltimore-county-councilmanic-redistricting-commission-iteration-2
https://services2.arcgis.com/Ynpzre7M7vSGY7dh/arcgis/rest/services/2025%20Baltimore%20County%20Councilmanic%20Redistricting%20Commission%20Iteration%202/FeatureServer/0","example-feeds/BaltimoreCoHubDCAT1.1.json","outputs\2026-10-09_arcgis_primary.csv","outputs\2026-10-09_arcgis_distributions.csv"
"Grass Mowing Routes [Maryland--Baltimore County]","Grass Mowing Routes [Maryland--Baltimore County]","Grass Mowing Routes","","sublayer","same as current harvest","No explicit same-item parent in feed; title unchanged by context rule; Service container shared by different ArcGIS items","baltimore_county","80038739c09a42058f0e2b005473756c_9","80038739c09a42058f0e2b005473756c","9","","yes","yes","04b-24005","yes","Transportation","Grass Mowing Routes - Transportation","16","https://bcgisdata.baltimorecountymd.gov/arcgis/rest/services/Transportation/Transportation/MapServer","https://www.arcgis.com/home/item.html?id=80038739c09a42058f0e2b005473756c&sublayer=9","https://opendata.baltimorecountymd.gov/datasets/BC-GIS::grass-mowing-routes","https://bcgisdata.baltimorecountymd.gov/arcgis/rest/services/Transportation/Transportation/MapServer/9
https://opendata.baltimorecountymd.gov/datasets/BC-GIS::grass-mowing-routes","https://bcgisdata.baltimorecountymd.gov/arcgis/rest/services/Transportation/Transportation/MapServer/9
https://opendata.baltimorecountymd.gov/api/download/v1/items/80038739c09a42058f0e2b005473756c/csv?layers=9
https://opendata.baltimorecountymd.gov/api/download/v1/items/80038739c09a42058f0e2b005473756c/geojson?layers=9
https://opendata.baltimorecountymd.gov/api/download/v1/items/80038739c09a42058f0e2b005473756c/kml?layers=9
https://opendata.baltimorecountymd.gov/api/download/v1/items/80038739c09a42058f0e2b005473756c/shapefile?layers=9
https://opendata.baltimorecountymd.gov/datasets/BC-GIS::grass-mowing-routes","example-feeds/BaltimoreCoHubDCAT1.1.json","outputs\2026-10-09_arcgis_primary.csv","outputs\2026-10-09_arcgis_distributions.csv"
"Chambers of Commerce [Maryland--Baltimore County]","Chambers of Commerce [Maryland--Baltimore County]","Chambers of Commerce","","sublayer","same as current harvest","No explicit same-item parent in feed; title unchanged by context rule; Service container shared by different ArcGIS items","baltimore_county","80a616daae42434c9dbf6063f604c0a7_0","80a616daae42434c9dbf6063f604c0a7","0","","yes","yes","04b-24005","yes","Economic","Chambers of Commerce - Economic","6","https://bcgisdata.baltimorecountymd.gov/arcgis/rest/services/Economic/Economic/MapServer","https://www.arcgis.com/home/item.html?id=80a616daae42434c9dbf6063f604c0a7&sublayer=0","https://opendata.baltimorecountymd.gov/datasets/BC-GIS::chambers-of-commerce","https://bcgisdata.baltimorecountymd.gov/arcgis/rest/services/Economic/Economic/MapServer/0
https://opendata.baltimorecountymd.gov/datasets/BC-GIS::chambers-of-commerce","https://bcgisdata.baltimorecountymd.gov/arcgis/rest/services/Economic/Economic/MapServer/0
https://opendata.baltimorecountymd.gov/api/download/v1/items/80a616daae42434c9dbf6063f604c0a7/csv?layers=0
https://opendata.baltimorecountymd.gov/api/download/v1/items/80a616daae42434c9dbf6063f604c0a7/geojson?layers=0
https://opendata.baltimorecountymd.gov/api/download/v1/items/80a616daae42434c9dbf6063f604c0a7/kml?layers=0
https://opendata.baltimorecountymd.gov/api/download/v1/items/80a616daae42434c9dbf6063f604c0a7/shapefile?layers=0
https://opendata.baltimorecountymd.gov/datasets/BC-GIS::chambers-of-commerce","example-feeds/BaltimoreCoHubDCAT1.1.json","outputs\2026-10-09_arcgis_primary.csv","outputs\2026-10-09_arcgis_distributions.csv"
"ClimateActionPlan - Park Struct Vuln 500YFld [Maryland--Baltimore County]","ClimateActionPlan - Park Struct Vuln 500YFld [Maryland--Baltimore County]","ClimateActionPlan - Park Struct Vuln 500YFld","","sublayer","same as current harvest","No explicit same-item parent in feed; title unchanged by context rule; Service container shared by different ArcGIS items","baltimore_county","81cf5849f4924c60802fe51dae2fd97f_24","81cf5849f4924c60802fe51dae2fd97f","24","","yes","yes","04b-24005","yes","ClimateActionPlan","","28","https://bcgisdata.baltimorecountymd.gov/arcgis/rest/services/Environmental/ClimateActionPlan/MapServer","https://www.arcgis.com/home/item.html?id=81cf5849f4924c60802fe51dae2fd97f&sublayer=24","https://opendata.baltimorecountymd.gov/datasets/BC-GIS::climateactionplan-park-struct-vuln-500yfld","https://bcgisdata.baltimorecountymd.gov/arcgis/rest/services/Environmental/ClimateActionPlan/MapServer/24
https://opendata.baltimorecountymd.gov/datasets/BC-GIS::climateactionplan-park-struct-vuln-500yfld","https://bcgisdata.baltimorecountymd.gov/arcgis/rest/services/Environmental/ClimateActionPlan/MapServer/24
https://opendata.baltimorecountymd.gov/api/download/v1/items/81cf5849f4924c60802fe51dae2fd97f/csv?layers=24
https://opendata.baltimorecountymd.gov/api/download/v1/items/81cf5849f4924c60802fe51dae2fd97f/geojson?layers=24
https://opendata.baltimorecountymd.gov/api/download/v1/items/81cf5849f4924c60802fe51dae2fd97f/kml?layers=24
https://opendata.baltimorecountymd.gov/api/download/v1/items/81cf5849f4924c60802fe51dae2fd97f/shapefile?layers=24
https://opendata.baltimorecountymd.gov/datasets/BC-GIS::climateactionplan-park-struct-vuln-500yfld","example-feeds/BaltimoreCoHubDCAT1.1.json","outputs\2026-10-09_arcgis_primary.csv","outputs\2026-10-09_arcgis_distributions.csv"
"FY 2022 Vendors and Contracts [Maryland--Baltimore County]","FY 2022 Vendors and Contracts [Maryland--Baltimore County]","FY 2022 Vendors and Contracts","","sublayer","same as current harvest","No explicit same-item parent in feed; title unchanged by context rule","baltimore_county","827a467098f8422286bd730dc0ff78ac_0","827a467098f8422286bd730dc0ff78ac","0","","yes","yes","04b-24005","yes","FY_2022_Vendors_and_Contracts","FY 2022 Vendors and Contracts - FY_2022_Vendors_and_Contracts","1","https://services2.arcgis.com/Ynpzre7M7vSGY7dh/arcgis/rest/services/FY_2022_Vendors_and_Contracts/FeatureServer","https://www.arcgis.com/home/item.html?id=827a467098f8422286bd730dc0ff78ac&sublayer=0","https://opendata.baltimorecountymd.gov/datasets/BC-GIS::fy-2022-vendors-and-contracts","https://opendata.baltimorecountymd.gov/datasets/BC-GIS::fy-2022-vendors-and-contracts
https://services2.arcgis.com/Ynpzre7M7vSGY7dh/arcgis/rest/services/FY_2022_Vendors_and_Contracts/FeatureServer/0","https://opendata.baltimorecountymd.gov/api/download/v1/items/827a467098f8422286bd730dc0ff78ac/csv?layers=0
https://opendata.baltimorecountymd.gov/api/download/v1/items/827a467098f8422286bd730dc0ff78ac/geojson?layers=0
https://opendata.baltimorecountymd.gov/api/download/v1/items/827a467098f8422286bd730dc0ff78ac/kml?layers=0
https://opendata.baltimorecountymd.gov/api/download/v1/items/827a467098f8422286bd730dc0ff78ac/shapefile?layers=0
https://opendata.baltimorecountymd.gov/datasets/BC-GIS::fy-2022-vendors-and-contracts
https://services2.arcgis.com/Ynpzre7M7vSGY7dh/arcgis/rest/services/FY_2022_Vendors_and_Contracts/FeatureServer/0","example-feeds/BaltimoreCoHubDCAT1.1.json","outputs\2026-10-09_arcgis_primary.csv","outputs\2026-10-09_arcgis_distributions.csv"
"Soils [Maryland--Baltimore County]","Soils [Maryland--Baltimore County]","Soils","","sublayer","same as current harvest","No explicit same-item parent in feed; title unchanged by context rule; Service container shared by different ArcGIS items","baltimore_county","83adaa3991904208b8dbf093424f7735_0","83adaa3991904208b8dbf093424f7735","0","","yes","yes","04b-24005","yes","Geophysical","Soils - Geophysical","2","https://bcgisdata.baltimorecountymd.gov/arcgis/rest/services/Geophysical/Geophysical/MapServer","https://www.arcgis.com/home/item.html?id=83adaa3991904208b8dbf093424f7735&sublayer=0","https://opendata.baltimorecountymd.gov/datasets/BC-GIS::soils","https://bcgisdata.baltimorecountymd.gov/arcgis/rest/services/Geophysical/Geophysical/MapServer/0
https://opendata.baltimorecountymd.gov/datasets/BC-GIS::soils","https://bcgisdata.baltimorecountymd.gov/arcgis/rest/services/Geophysical/Geophysical/MapServer/0
https://opendata.baltimorecountymd.gov/api/download/v1/items/83adaa3991904208b8dbf093424f7735/csv?layers=0
https://opendata.baltimorecountymd.gov/api/download/v1/items/83adaa3991904208b8dbf093424f7735/geojson?layers=0
https://opendata.baltimorecountymd.gov/api/download/v1/items/83adaa3991904208b8dbf093424f7735/kml?layers=0
https://opendata.baltimorecountymd.gov/api/download/v1/items/83adaa3991904208b8dbf093424f7735/shapefile?layers=0
https://opendata.baltimorecountymd.gov/datasets/BC-GIS::soils","example-feeds/BaltimoreCoHubDCAT1.1.json","outputs\2026-10-09_arcgis_primary.csv","outputs\2026-10-09_arcgis_distributions.csv"
"ClimateActionPlan - SLR2080 Impacted Outfalls [Maryland--Baltimore County]","ClimateActionPlan - SLR2080 Impacted Outfalls [Maryland--Baltimore County]","ClimateActionPlan - SLR2080 Impacted Outfalls","","sublayer","same as current harvest","No explicit same-item parent in feed; title unchanged by context rule; Service container shared by different ArcGIS items","baltimore_county","8639f82769b74421ad0bdd7c3bef80fb_3","8639f82769b74421ad0bdd7c3bef80fb","3","","yes","yes","04b-24005","yes","ClimateActionPlan","","28","https://bcgisdata.baltimorecountymd.gov/arcgis/rest/services/Environmental/ClimateActionPlan/MapServer","https://www.arcgis.com/home/item.html?id=8639f82769b74421ad0bdd7c3bef80fb&sublayer=3","https://opendata.baltimorecountymd.gov/datasets/BC-GIS::climateactionplan-slr2080-impacted-outfalls","https://bcgisdata.baltimorecountymd.gov/arcgis/rest/services/Environmental/ClimateActionPlan/MapServer/3
https://opendata.baltimorecountymd.gov/datasets/BC-GIS::climateactionplan-slr2080-impacted-outfalls","https://bcgisdata.baltimorecountymd.gov/arcgis/rest/services/Environmental/ClimateActionPlan/MapServer/3
https://opendata.baltimorecountymd.gov/api/download/v1/items/8639f82769b74421ad0bdd7c3bef80fb/csv?layers=3
https://opendata.baltimorecountymd.gov/api/download/v1/items/8639f82769b74421ad0bdd7c3bef80fb/geojson?layers=3
https://opendata.baltimorecountymd.gov/api/download/v1/items/8639f82769b74421ad0bdd7c3bef80fb/kml?layers=3
https://opendata.baltimorecountymd.gov/api/download/v1/items/8639f82769b74421ad0bdd7c3bef80fb/shapefile?layers=3
https://opendata.baltimorecountymd.gov/datasets/BC-GIS::climateactionplan-slr2080-impacted-outfalls","example-feeds/BaltimoreCoHubDCAT1.1.json","outputs\2026-10-09_arcgis_primary.csv","outputs\2026-10-09_arcgis_distributions.csv"
"Streetscapes [Maryland--Baltimore County]","Streetscapes [Maryland--Baltimore County]","Streetscapes","","sublayer","same as current harvest","No explicit same-item parent in feed; title unchanged by context rule; Service container shared by different ArcGIS items","baltimore_county","879cf2bc298c4b4da038efa8b9fe005e_18","879cf2bc298c4b4da038efa8b9fe005e","18","","yes","yes","04b-24005","yes","Transportation","Streetscapes - Transportation","16","https://bcgisdata.baltimorecountymd.gov/arcgis/rest/services/Transportation/Transportation/MapServer","https://www.arcgis.com/home/item.html?id=879cf2bc298c4b4da038efa8b9fe005e&sublayer=18","https://opendata.baltimorecountymd.gov/datasets/BC-GIS::streetscapes","https://bcgisdata.baltimorecountymd.gov/arcgis/rest/services/Transportation/Transportation/MapServer/18
https://opendata.baltimorecountymd.gov/datasets/BC-GIS::streetscapes","https://bcgisdata.baltimorecountymd.gov/arcgis/rest/services/Transportation/Transportation/MapServer/18
https://opendata.baltimorecountymd.gov/api/download/v1/items/879cf2bc298c4b4da038efa8b9fe005e/csv?layers=18
https://opendata.baltimorecountymd.gov/api/download/v1/items/879cf2bc298c4b4da038efa8b9fe005e/geojson?layers=18
https://opendata.baltimorecountymd.gov/api/download/v1/items/879cf2bc298c4b4da038efa8b9fe005e/kml?layers=18
https://opendata.baltimorecountymd.gov/api/download/v1/items/879cf2bc298c4b4da038efa8b9fe005e/shapefile?layers=18
https://opendata.baltimorecountymd.gov/datasets/BC-GIS::streetscapes","example-feeds/BaltimoreCoHubDCAT1.1.json","outputs\2026-10-09_arcgis_primary.csv","outputs\2026-10-09_arcgis_distributions.csv"
"Minor Roads [Maryland--Baltimore County]","Minor Roads [Maryland--Baltimore County]","Minor Roads","","sublayer","same as current harvest","No explicit same-item parent in feed; title unchanged by context rule; Service container shared by different ArcGIS items","baltimore_county","88832d18578a4f55af61c8682f4fb1dd_4","88832d18578a4f55af61c8682f4fb1dd","4","","yes","yes","04b-24005","yes","Centerlines","Minor Roads - Centerlines","7","https://bcgisdata.baltimorecountymd.gov/arcgis/rest/services/Transportation/Centerlines/MapServer","https://www.arcgis.com/home/item.html?id=88832d18578a4f55af61c8682f4fb1dd&sublayer=4","https://opendata.baltimorecountymd.gov/datasets/BC-GIS::minor-roads","https://bcgisdata.baltimorecountymd.gov/arcgis/rest/services/Transportation/Centerlines/MapServer/4
https://opendata.baltimorecountymd.gov/datasets/BC-GIS::minor-roads","https://bcgisdata.baltimorecountymd.gov/arcgis/rest/services/Transportation/Centerlines/MapServer/4
https://opendata.baltimorecountymd.gov/api/download/v1/items/88832d18578a4f55af61c8682f4fb1dd/csv?layers=4
https://opendata.baltimorecountymd.gov/api/download/v1/items/88832d18578a4f55af61c8682f4fb1dd/geojson?layers=4
https://opendata.baltimorecountymd.gov/api/download/v1/items/88832d18578a4f55af61c8682f4fb1dd/kml?layers=4
https://opendata.baltimorecountymd.gov/api/download/v1/items/88832d18578a4f55af61c8682f4fb1dd/shapefile?layers=4
https://opendata.baltimorecountymd.gov/datasets/BC-GIS::minor-roads","example-feeds/BaltimoreCoHubDCAT1.1.json","outputs\2026-10-09_arcgis_primary.csv","outputs\2026-10-09_arcgis_distributions.csv"
"Light Rail [Maryland--Baltimore County]","Light Rail [Maryland--Baltimore County]","Light Rail","","sublayer","same as current harvest","No explicit same-item parent in feed; title unchanged by context rule; Service container shared by different ArcGIS items","baltimore_county","8a865f43e5e74759b368d5ebe9246d9e_2","8a865f43e5e74759b368d5ebe9246d9e","2","","yes","yes","04b-24005","yes","Transportation","Light Rail - Transportation","16","https://bcgisdata.baltimorecountymd.gov/arcgis/rest/services/Transportation/Transportation/MapServer","https://www.arcgis.com/home/item.html?id=8a865f43e5e74759b368d5ebe9246d9e&sublayer=2","https://opendata.baltimorecountymd.gov/datasets/BC-GIS::light-rail","https://bcgisdata.baltimorecountymd.gov/arcgis/rest/services/Transportation/Transportation/MapServer/2
https://opendata.baltimorecountymd.gov/datasets/BC-GIS::light-rail","https://bcgisdata.baltimorecountymd.gov/arcgis/rest/services/Transportation/Transportation/MapServer/2
https://opendata.baltimorecountymd.gov/api/download/v1/items/8a865f43e5e74759b368d5ebe9246d9e/csv?layers=2
https://opendata.baltimorecountymd.gov/api/download/v1/items/8a865f43e5e74759b368d5ebe9246d9e/geojson?layers=2
https://opendata.baltimorecountymd.gov/api/download/v1/items/8a865f43e5e74759b368d5ebe9246d9e/kml?layers=2
https://opendata.baltimorecountymd.gov/api/download/v1/items/8a865f43e5e74759b368d5ebe9246d9e/shapefile?layers=2
https://opendata.baltimorecountymd.gov/datasets/BC-GIS::light-rail","example-feeds/BaltimoreCoHubDCAT1.1.json","outputs\2026-10-09_arcgis_primary.csv","outputs\2026-10-09_arcgis_distributions.csv"
"Truck Height Cameras [Maryland--Baltimore County]","Truck Height Cameras [Maryland--Baltimore County]","Truck Height Cameras","","sublayer","same as current harvest","No explicit same-item parent in feed; title unchanged by context rule; Service container shared by different ArcGIS items","baltimore_county","8aefbe671af6406280ba10b66c181bf4_12","8aefbe671af6406280ba10b66c181bf4","12","","yes","yes","04b-24005","yes","Transportation","Truck Height Cameras - Transportation","16","https://bcgisdata.baltimorecountymd.gov/arcgis/rest/services/Transportation/Transportation/MapServer","https://www.arcgis.com/home/item.html?id=8aefbe671af6406280ba10b66c181bf4&sublayer=12","https://opendata.baltimorecountymd.gov/datasets/BC-GIS::truck-height-cameras","https://bcgisdata.baltimorecountymd.gov/arcgis/rest/services/Transportation/Transportation/MapServer/12
https://opendata.baltimorecountymd.gov/datasets/BC-GIS::truck-height-cameras","https://bcgisdata.baltimorecountymd.gov/arcgis/rest/services/Transportation/Transportation/MapServer/12
https://opendata.baltimorecountymd.gov/api/download/v1/items/8aefbe671af6406280ba10b66c181bf4/csv?layers=12
https://opendata.baltimorecountymd.gov/api/download/v1/items/8aefbe671af6406280ba10b66c181bf4/geojson?layers=12
https://opendata.baltimorecountymd.gov/api/download/v1/items/8aefbe671af6406280ba10b66c181bf4/kml?layers=12
https://opendata.baltimorecountymd.gov/api/download/v1/items/8aefbe671af6406280ba10b66c181bf4/shapefile?layers=12
https://opendata.baltimorecountymd.gov/datasets/BC-GIS::truck-height-cameras","example-feeds/BaltimoreCoHubDCAT1.1.json","outputs\2026-10-09_arcgis_primary.csv","outputs\2026-10-09_arcgis_distributions.csv"
"Master Plan 2030 Retrofit Union [Maryland--Baltimore County]","Master Plan 2030 Retrofit Union [Maryland--Baltimore County]","Master Plan 2030 Retrofit Union","","sublayer","same as current harvest","No explicit same-item parent in feed; title unchanged by context rule; Service container shared by different ArcGIS items","baltimore_county","8b7eb3e478bf4e11b72755fbea03bafb_5","8b7eb3e478bf4e11b72755fbea03bafb","5","","yes","yes","04b-24005","yes","MasterPlans2030Retrofit","Master Plan 2030 Retrofit Union - MasterPlans2030Retrofit","6","https://bcgisapps.baltimorecountymd.gov/arcgis/rest/services/MasterPlans2030Retrofit/MapServer","https://www.arcgis.com/home/item.html?id=8b7eb3e478bf4e11b72755fbea03bafb&sublayer=5","https://opendata.baltimorecountymd.gov/datasets/BC-GIS::master-plan-2030-retrofit-union","https://bcgisapps.baltimorecountymd.gov/arcgis/rest/services/MasterPlans2030Retrofit/MapServer/5
https://opendata.baltimorecountymd.gov/datasets/BC-GIS::master-plan-2030-retrofit-union","https://bcgisapps.baltimorecountymd.gov/arcgis/rest/services/MasterPlans2030Retrofit/MapServer/5
https://opendata.baltimorecountymd.gov/api/download/v1/items/8b7eb3e478bf4e11b72755fbea03bafb/csv?layers=5
https://opendata.baltimorecountymd.gov/api/download/v1/items/8b7eb3e478bf4e11b72755fbea03bafb/geojson?layers=5
https://opendata.baltimorecountymd.gov/api/download/v1/items/8b7eb3e478bf4e11b72755fbea03bafb/kml?layers=5
https://opendata.baltimorecountymd.gov/api/download/v1/items/8b7eb3e478bf4e11b72755fbea03bafb/shapefile?layers=5
https://opendata.baltimorecountymd.gov/datasets/BC-GIS::master-plan-2030-retrofit-union","example-feeds/BaltimoreCoHubDCAT1.1.json","outputs\2026-10-09_arcgis_primary.csv","outputs\2026-10-09_arcgis_distributions.csv"
"Highway Shops [Maryland--Baltimore County]","Highway Shops [Maryland--Baltimore County]","Highway Shops","","sublayer","same as current harvest","No explicit same-item parent in feed; title unchanged by context rule; Service container shared by different ArcGIS items","baltimore_county","8c6cc223fbdd4d08a757f47fe08d010e_2","8c6cc223fbdd4d08a757f47fe08d010e","2","","yes","yes","04b-24005","yes","DPWMaintenance","Highway Shops - DPWMaintenance","2","https://bcgisdata.baltimorecountymd.gov/arcgis/rest/services/Transportation/DPWMaintenance/MapServer","https://www.arcgis.com/home/item.html?id=8c6cc223fbdd4d08a757f47fe08d010e&sublayer=2","https://opendata.baltimorecountymd.gov/datasets/BC-GIS::highway-shops","https://bcgisdata.baltimorecountymd.gov/arcgis/rest/services/Transportation/DPWMaintenance/MapServer/2
https://opendata.baltimorecountymd.gov/datasets/BC-GIS::highway-shops","https://bcgisdata.baltimorecountymd.gov/arcgis/rest/services/Transportation/DPWMaintenance/MapServer/2
https://opendata.baltimorecountymd.gov/api/download/v1/items/8c6cc223fbdd4d08a757f47fe08d010e/csv?layers=2
https://opendata.baltimorecountymd.gov/api/download/v1/items/8c6cc223fbdd4d08a757f47fe08d010e/geojson?layers=2
https://opendata.baltimorecountymd.gov/api/download/v1/items/8c6cc223fbdd4d08a757f47fe08d010e/kml?layers=2
https://opendata.baltimorecountymd.gov/api/download/v1/items/8c6cc223fbdd4d08a757f47fe08d010e/shapefile?layers=2
https://opendata.baltimorecountymd.gov/datasets/BC-GIS::highway-shops","example-feeds/BaltimoreCoHubDCAT1.1.json","outputs\2026-10-09_arcgis_primary.csv","outputs\2026-10-09_arcgis_distributions.csv"
"Polling Places [Maryland--Baltimore County]","Polling Places [Maryland--Baltimore County]","Polling Places","","sublayer","same as current harvest","No explicit same-item parent in feed; title unchanged by context rule; Service container shared by different ArcGIS items","baltimore_county","9251007e020f49828f8d11c56a6ef27d_0","9251007e020f49828f8d11c56a6ef27d","0","","yes","yes","04b-24005","yes","Political","Polling Places - Political","9","https://bcgisdata.baltimorecountymd.gov/arcgis/rest/services/Political/Political/MapServer","https://www.arcgis.com/home/item.html?id=9251007e020f49828f8d11c56a6ef27d&sublayer=0","https://opendata.baltimorecountymd.gov/datasets/BC-GIS::polling-places","https://bcgisdata.baltimorecountymd.gov/arcgis/rest/services/Political/Political/MapServer/0
https://opendata.baltimorecountymd.gov/datasets/BC-GIS::polling-places","https://bcgisdata.baltimorecountymd.gov/arcgis/rest/services/Political/Political/MapServer/0
https://opendata.baltimorecountymd.gov/api/download/v1/items/9251007e020f49828f8d11c56a6ef27d/csv?layers=0
https://opendata.baltimorecountymd.gov/api/download/v1/items/9251007e020f49828f8d11c56a6ef27d/geojson?layers=0
https://opendata.baltimorecountymd.gov/api/download/v1/items/9251007e020f49828f8d11c56a6ef27d/kml?layers=0
https://opendata.baltimorecountymd.gov/api/download/v1/items/9251007e020f49828f8d11c56a6ef27d/shapefile?layers=0
https://opendata.baltimorecountymd.gov/datasets/BC-GIS::polling-places","example-feeds/BaltimoreCoHubDCAT1.1.json","outputs\2026-10-09_arcgis_primary.csv","outputs\2026-10-09_arcgis_distributions.csv"
"Arts and Entertainment Districts [Maryland--Baltimore County]","Arts and Entertainment Districts [Maryland--Baltimore County]","Arts and Entertainment Districts","","sublayer","same as current harvest","No explicit same-item parent in feed; title unchanged by context rule; Service container shared by different ArcGIS items","baltimore_county","93acb22870174b48adfa73b0c6f95f0d_9","93acb22870174b48adfa73b0c6f95f0d","9","","yes","yes","04b-24005","yes","Economic","Arts and Entertainment Districts - Economic","6","https://bcgisdata.baltimorecountymd.gov/arcgis/rest/services/Economic/Economic/MapServer","https://www.arcgis.com/home/item.html?id=93acb22870174b48adfa73b0c6f95f0d&sublayer=9","https://opendata.baltimorecountymd.gov/datasets/BC-GIS::arts-and-entertainment-districts","https://bcgisdata.baltimorecountymd.gov/arcgis/rest/services/Economic/Economic/MapServer/9
https://opendata.baltimorecountymd.gov/datasets/BC-GIS::arts-and-entertainment-districts","https://bcgisdata.baltimorecountymd.gov/arcgis/rest/services/Economic/Economic/MapServer/9
https://opendata.baltimorecountymd.gov/api/download/v1/items/93acb22870174b48adfa73b0c6f95f0d/csv?layers=9
https://opendata.baltimorecountymd.gov/api/download/v1/items/93acb22870174b48adfa73b0c6f95f0d/geojson?layers=9
https://opendata.baltimorecountymd.gov/api/download/v1/items/93acb22870174b48adfa73b0c6f95f0d/kml?layers=9
https://opendata.baltimorecountymd.gov/api/download/v1/items/93acb22870174b48adfa73b0c6f95f0d/shapefile?layers=9
https://opendata.baltimorecountymd.gov/datasets/BC-GIS::arts-and-entertainment-districts","example-feeds/BaltimoreCoHubDCAT1.1.json","outputs\2026-10-09_arcgis_primary.csv","outputs\2026-10-09_arcgis_distributions.csv"
"Address Units [Maryland--Baltimore County]","Address Units [Maryland--Baltimore County]","Address Units","","sublayer","same as current harvest","No explicit same-item parent in feed; title unchanged by context rule; Service container shared by different ArcGIS items","baltimore_county","941faed044d747b5aa1b0d46c92d9586_1","941faed044d747b5aa1b0d46c92d9586","1","","yes","yes","04b-24005","yes","Address","","2","https://bcgisdata.baltimorecountymd.gov/arcgis/rest/services/Facilities/Address/MapServer","https://www.arcgis.com/home/item.html?id=941faed044d747b5aa1b0d46c92d9586&sublayer=1","https://opendata.baltimorecountymd.gov/datasets/BC-GIS::address-units","https://bcgisdata.baltimorecountymd.gov/arcgis/rest/services/Facilities/Address/MapServer/1
https://opendata.baltimorecountymd.gov/datasets/BC-GIS::address-units","https://bcgisdata.baltimorecountymd.gov/arcgis/rest/services/Facilities/Address/MapServer/1
https://opendata.baltimorecountymd.gov/api/download/v1/items/941faed044d747b5aa1b0d46c92d9586/csv?layers=1
https://opendata.baltimorecountymd.gov/api/download/v1/items/941faed044d747b5aa1b0d46c92d9586/geojson?layers=1
https://opendata.baltimorecountymd.gov/api/download/v1/items/941faed044d747b5aa1b0d46c92d9586/kml?layers=1
https://opendata.baltimorecountymd.gov/api/download/v1/items/941faed044d747b5aa1b0d46c92d9586/shapefile?layers=1
https://opendata.baltimorecountymd.gov/datasets/BC-GIS::address-units","example-feeds/BaltimoreCoHubDCAT1.1.json","outputs\2026-10-09_arcgis_primary.csv","outputs\2026-10-09_arcgis_distributions.csv"
"ClimateActionPlan -County Owned Park Prop [Maryland--Baltimore County]","ClimateActionPlan -County Owned Park Prop [Maryland--Baltimore County]","ClimateActionPlan -County Owned Park Prop","","sublayer","same as current harvest","No explicit same-item parent in feed; title unchanged by context rule; Service container shared by different ArcGIS items","baltimore_county","94279a36aeab4a99a636bf2f2ccf9c63_16","94279a36aeab4a99a636bf2f2ccf9c63","16","","yes","yes","04b-24005","yes","ClimateActionPlan","","28","https://bcgisdata.baltimorecountymd.gov/arcgis/rest/services/Environmental/ClimateActionPlan/MapServer","https://www.arcgis.com/home/item.html?id=94279a36aeab4a99a636bf2f2ccf9c63&sublayer=16","https://opendata.baltimorecountymd.gov/datasets/BC-GIS::climateactionplan-county-owned-park-prop","https://bcgisdata.baltimorecountymd.gov/arcgis/rest/services/Environmental/ClimateActionPlan/MapServer/16
https://opendata.baltimorecountymd.gov/datasets/BC-GIS::climateactionplan-county-owned-park-prop","https://bcgisdata.baltimorecountymd.gov/arcgis/rest/services/Environmental/ClimateActionPlan/MapServer/16
https://opendata.baltimorecountymd.gov/api/download/v1/items/94279a36aeab4a99a636bf2f2ccf9c63/csv?layers=16
https://opendata.baltimorecountymd.gov/api/download/v1/items/94279a36aeab4a99a636bf2f2ccf9c63/geojson?layers=16
https://opendata.baltimorecountymd.gov/api/download/v1/items/94279a36aeab4a99a636bf2f2ccf9c63/kml?layers=16
https://opendata.baltimorecountymd.gov/api/download/v1/items/94279a36aeab4a99a636bf2f2ccf9c63/shapefile?layers=16
https://opendata.baltimorecountymd.gov/datasets/BC-GIS::climateactionplan-county-owned-park-prop","example-feeds/BaltimoreCoHubDCAT1.1.json","outputs\2026-10-09_arcgis_primary.csv","outputs\2026-10-09_arcgis_distributions.csv"
"Geology [Maryland--Baltimore County]","Geology [Maryland--Baltimore County]","Geology","","sublayer","same as current harvest","No explicit same-item parent in feed; title unchanged by context rule; Service container shared by different ArcGIS items","baltimore_county","943b1bc104ad4e75a793de89a89cdb30_1","943b1bc104ad4e75a793de89a89cdb30","1","","yes","yes","04b-24005","yes","Geophysical","Geology - Geophysical","2","https://bcgisdata.baltimorecountymd.gov/arcgis/rest/services/Geophysical/Geophysical/MapServer","https://www.arcgis.com/home/item.html?id=943b1bc104ad4e75a793de89a89cdb30&sublayer=1","https://opendata.baltimorecountymd.gov/datasets/BC-GIS::geology","https://bcgisdata.baltimorecountymd.gov/arcgis/rest/services/Geophysical/Geophysical/MapServer/1
https://opendata.baltimorecountymd.gov/datasets/BC-GIS::geology","https://bcgisdata.baltimorecountymd.gov/arcgis/rest/services/Geophysical/Geophysical/MapServer/1
https://opendata.baltimorecountymd.gov/api/download/v1/items/943b1bc104ad4e75a793de89a89cdb30/csv?layers=1
https://opendata.baltimorecountymd.gov/api/download/v1/items/943b1bc104ad4e75a793de89a89cdb30/geojson?layers=1
https://opendata.baltimorecountymd.gov/api/download/v1/items/943b1bc104ad4e75a793de89a89cdb30/kml?layers=1
https://opendata.baltimorecountymd.gov/api/download/v1/items/943b1bc104ad4e75a793de89a89cdb30/shapefile?layers=1
https://opendata.baltimorecountymd.gov/datasets/BC-GIS::geology","example-feeds/BaltimoreCoHubDCAT1.1.json","outputs\2026-10-09_arcgis_primary.csv","outputs\2026-10-09_arcgis_distributions.csv"
"Councilmanic Districts [Maryland--Baltimore County]","Councilmanic Districts [Maryland--Baltimore County]","Councilmanic Districts ","","sublayer","same as current harvest","No explicit same-item parent in feed; title unchanged by context rule; Service container shared by different ArcGIS items","baltimore_county","969744157d74446cab5207bff0f06e53_3","969744157d74446cab5207bff0f06e53","3","","yes","yes","04b-24005","yes","Political","Councilmanic Districts - Political","9","https://bcgisdata.baltimorecountymd.gov/arcgis/rest/services/Political/Political/MapServer","https://www.arcgis.com/home/item.html?id=969744157d74446cab5207bff0f06e53&sublayer=3","https://opendata.baltimorecountymd.gov/datasets/BC-GIS::councilmanic-districts-","https://bcgisdata.baltimorecountymd.gov/arcgis/rest/services/Political/Political/MapServer/3
https://opendata.baltimorecountymd.gov/datasets/BC-GIS::councilmanic-districts-","https://bcgisdata.baltimorecountymd.gov/arcgis/rest/services/Political/Political/MapServer/3
https://opendata.baltimorecountymd.gov/api/download/v1/items/969744157d74446cab5207bff0f06e53/csv?layers=3
https://opendata.baltimorecountymd.gov/api/download/v1/items/969744157d74446cab5207bff0f06e53/geojson?layers=3
https://opendata.baltimorecountymd.gov/api/download/v1/items/969744157d74446cab5207bff0f06e53/kml?layers=3
https://opendata.baltimorecountymd.gov/api/download/v1/items/969744157d74446cab5207bff0f06e53/shapefile?layers=3
https://opendata.baltimorecountymd.gov/datasets/BC-GIS::councilmanic-districts-","example-feeds/BaltimoreCoHubDCAT1.1.json","outputs\2026-10-09_arcgis_primary.csv","outputs\2026-10-09_arcgis_distributions.csv"
"ClimateActionPlan - Categorized Asset Points [Maryland--Baltimore County]","ClimateActionPlan - Categorized Asset Points [Maryland--Baltimore County]","ClimateActionPlan - Categorized Asset Points","","sublayer","same as current harvest","No explicit same-item parent in feed; title unchanged by context rule; Service container shared by different ArcGIS items","baltimore_county","96cdfa7350724e23b27c0bcfb3d7fb7c_0","96cdfa7350724e23b27c0bcfb3d7fb7c","0","","yes","yes","04b-24005","yes","ClimateActionPlan","","28","https://bcgisdata.baltimorecountymd.gov/arcgis/rest/services/Environmental/ClimateActionPlan/MapServer","https://www.arcgis.com/home/item.html?id=96cdfa7350724e23b27c0bcfb3d7fb7c&sublayer=0","https://opendata.baltimorecountymd.gov/datasets/BC-GIS::climateactionplan-categorized-asset-points","https://bcgisdata.baltimorecountymd.gov/arcgis/rest/services/Environmental/ClimateActionPlan/MapServer/0
https://opendata.baltimorecountymd.gov/datasets/BC-GIS::climateactionplan-categorized-asset-points","https://bcgisdata.baltimorecountymd.gov/arcgis/rest/services/Environmental/ClimateActionPlan/MapServer/0
https://opendata.baltimorecountymd.gov/api/download/v1/items/96cdfa7350724e23b27c0bcfb3d7fb7c/csv?layers=0
https://opendata.baltimorecountymd.gov/api/download/v1/items/96cdfa7350724e23b27c0bcfb3d7fb7c/geojson?layers=0
https://opendata.baltimorecountymd.gov/api/download/v1/items/96cdfa7350724e23b27c0bcfb3d7fb7c/kml?layers=0
https://opendata.baltimorecountymd.gov/api/download/v1/items/96cdfa7350724e23b27c0bcfb3d7fb7c/shapefile?layers=0
https://opendata.baltimorecountymd.gov/datasets/BC-GIS::climateactionplan-categorized-asset-points","example-feeds/BaltimoreCoHubDCAT1.1.json","outputs\2026-10-09_arcgis_primary.csv","outputs\2026-10-09_arcgis_distributions.csv"
"County Owned Properties [Maryland--Baltimore County]","County Owned Properties [Maryland--Baltimore County]","County Owned Properties","","sublayer","same as current harvest","No explicit same-item parent in feed; title unchanged by context rule; Service container shared by different ArcGIS items","baltimore_county","9839ccaab6614304a54b962386ce9393_8","9839ccaab6614304a54b962386ce9393","8","","yes","yes","04b-24005","yes","Landuse","County Owned Properties - Landuse","14","https://bcgisdata.baltimorecountymd.gov/arcgis/rest/services/LandusePlanning/Landuse/MapServer","https://www.arcgis.com/home/item.html?id=9839ccaab6614304a54b962386ce9393&sublayer=8","https://opendata.baltimorecountymd.gov/datasets/BC-GIS::county-owned-properties","https://bcgisdata.baltimorecountymd.gov/arcgis/rest/services/LandusePlanning/Landuse/MapServer/8
https://opendata.baltimorecountymd.gov/datasets/BC-GIS::county-owned-properties","https://bcgisdata.baltimorecountymd.gov/arcgis/rest/services/LandusePlanning/Landuse/MapServer/8
https://opendata.baltimorecountymd.gov/api/download/v1/items/9839ccaab6614304a54b962386ce9393/csv?layers=8
https://opendata.baltimorecountymd.gov/api/download/v1/items/9839ccaab6614304a54b962386ce9393/geojson?layers=8
https://opendata.baltimorecountymd.gov/api/download/v1/items/9839ccaab6614304a54b962386ce9393/kml?layers=8
https://opendata.baltimorecountymd.gov/api/download/v1/items/9839ccaab6614304a54b962386ce9393/shapefile?layers=8
https://opendata.baltimorecountymd.gov/datasets/BC-GIS::county-owned-properties","example-feeds/BaltimoreCoHubDCAT1.1.json","outputs\2026-10-09_arcgis_primary.csv","outputs\2026-10-09_arcgis_distributions.csv"
"2022 Calendar Year Retirement [Maryland--Baltimore County]","2022 Calendar Year Retirement [Maryland--Baltimore County]","2022 Calendar Year Retirement ","","sublayer","same as current harvest","No explicit same-item parent in feed; title unchanged by context rule","baltimore_county","9885955aaac345199e8b22a4e7d7dd01_0","9885955aaac345199e8b22a4e7d7dd01","0","","yes","yes","04b-24005","yes","2022_Calendar_Year_Retirement_Final","2022 Calendar Year Retirement - 2022_Calendar_Year_Retirement_Final","1","https://services2.arcgis.com/Ynpzre7M7vSGY7dh/arcgis/rest/services/2022_Calendar_Year_Retirement_Final/FeatureServer","https://www.arcgis.com/home/item.html?id=9885955aaac345199e8b22a4e7d7dd01&sublayer=0","https://opendata.baltimorecountymd.gov/datasets/BC-GIS::2022-calendar-year-retirement-","https://opendata.baltimorecountymd.gov/datasets/BC-GIS::2022-calendar-year-retirement-
https://services2.arcgis.com/Ynpzre7M7vSGY7dh/arcgis/rest/services/2022_Calendar_Year_Retirement_Final/FeatureServer/0","https://opendata.baltimorecountymd.gov/api/download/v1/items/9885955aaac345199e8b22a4e7d7dd01/csv?layers=0
https://opendata.baltimorecountymd.gov/api/download/v1/items/9885955aaac345199e8b22a4e7d7dd01/geojson?layers=0
https://opendata.baltimorecountymd.gov/api/download/v1/items/9885955aaac345199e8b22a4e7d7dd01/kml?layers=0
https://opendata.baltimorecountymd.gov/api/download/v1/items/9885955aaac345199e8b22a4e7d7dd01/shapefile?layers=0
https://opendata.baltimorecountymd.gov/datasets/BC-GIS::2022-calendar-year-retirement-
https://services2.arcgis.com/Ynpzre7M7vSGY7dh/arcgis/rest/services/2022_Calendar_Year_Retirement_Final/FeatureServer/0","example-feeds/BaltimoreCoHubDCAT1.1.json","outputs\2026-10-09_arcgis_primary.csv","outputs\2026-10-09_arcgis_distributions.csv"
"Councilmanic Districts 2012 [Maryland--Baltimore County]","Councilmanic Districts 2012 [Maryland--Baltimore County]","Councilmanic Districts 2012","","sublayer","same as current harvest","No explicit same-item parent in feed; title unchanged by context rule; Service container shared by different ArcGIS items","baltimore_county","9a34d285b5f34045bdd40d7221bfb603_8","9a34d285b5f34045bdd40d7221bfb603","8","","yes","yes","04b-24005","yes","Political","Councilmanic Districts 2012 - Political","9","https://bcgisdata.baltimorecountymd.gov/arcgis/rest/services/Political/Political/MapServer","https://www.arcgis.com/home/item.html?id=9a34d285b5f34045bdd40d7221bfb603&sublayer=8","https://opendata.baltimorecountymd.gov/datasets/BC-GIS::councilmanic-districts-2012-1","https://bcgisdata.baltimorecountymd.gov/arcgis/rest/services/Political/Political/MapServer/8
https://opendata.baltimorecountymd.gov/datasets/BC-GIS::councilmanic-districts-2012-1","https://bcgisdata.baltimorecountymd.gov/arcgis/rest/services/Political/Political/MapServer/8
https://opendata.baltimorecountymd.gov/api/download/v1/items/9a34d285b5f34045bdd40d7221bfb603/csv?layers=8
https://opendata.baltimorecountymd.gov/api/download/v1/items/9a34d285b5f34045bdd40d7221bfb603/geojson?layers=8
https://opendata.baltimorecountymd.gov/api/download/v1/items/9a34d285b5f34045bdd40d7221bfb603/kml?layers=8
https://opendata.baltimorecountymd.gov/api/download/v1/items/9a34d285b5f34045bdd40d7221bfb603/shapefile?layers=8
https://opendata.baltimorecountymd.gov/datasets/BC-GIS::councilmanic-districts-2012-1","example-feeds/BaltimoreCoHubDCAT1.1.json","outputs\2026-10-09_arcgis_primary.csv","outputs\2026-10-09_arcgis_distributions.csv"
"County Facilities [Maryland--Baltimore County]","County Facilities [Maryland--Baltimore County]","County Facilities","","sublayer","same as current harvest","No explicit same-item parent in feed; title unchanged by context rule; Service container shared by different ArcGIS items","baltimore_county","9b2df1ecb0cf4020926c37d477711540_15","9b2df1ecb0cf4020926c37d477711540","15","","yes","yes","04b-24005","yes","CountyFacilities","County Facilities - CountyFacilities","2","https://bcgisdata.baltimorecountymd.gov/arcgis/rest/services/Facilities/CountyFacilities/MapServer","https://www.arcgis.com/home/item.html?id=9b2df1ecb0cf4020926c37d477711540&sublayer=15","https://opendata.baltimorecountymd.gov/datasets/BC-GIS::county-facilities-1","https://bcgisdata.baltimorecountymd.gov/arcgis/rest/services/Facilities/CountyFacilities/MapServer/15
https://opendata.baltimorecountymd.gov/datasets/BC-GIS::county-facilities-1","https://bcgisdata.baltimorecountymd.gov/arcgis/rest/services/Facilities/CountyFacilities/MapServer/15
https://opendata.baltimorecountymd.gov/api/download/v1/items/9b2df1ecb0cf4020926c37d477711540/csv?layers=15
https://opendata.baltimorecountymd.gov/api/download/v1/items/9b2df1ecb0cf4020926c37d477711540/geojson?layers=15
https://opendata.baltimorecountymd.gov/api/download/v1/items/9b2df1ecb0cf4020926c37d477711540/kml?layers=15
https://opendata.baltimorecountymd.gov/api/download/v1/items/9b2df1ecb0cf4020926c37d477711540/shapefile?layers=15
https://opendata.baltimorecountymd.gov/datasets/BC-GIS::county-facilities-1","example-feeds/BaltimoreCoHubDCAT1.1.json","outputs\2026-10-09_arcgis_primary.csv","outputs\2026-10-09_arcgis_distributions.csv"
"Contours 2005 [Maryland--Baltimore County]","Contours 2005 [Maryland--Baltimore County]","Contours 2005","","sublayer","same as current harvest","No explicit same-item parent in feed; title unchanged by context rule; Service container shared by different ArcGIS items","baltimore_county","9b7ab1419adc49de8691af9b4fa49b6c_3","9b7ab1419adc49de8691af9b4fa49b6c","3","","yes","yes","04b-24005","yes","Contours","","4","https://bcgisdata.baltimorecountymd.gov/arcgis/rest/services/Elevation/Contours/MapServer","https://www.arcgis.com/home/item.html?id=9b7ab1419adc49de8691af9b4fa49b6c&sublayer=3","https://opendata.baltimorecountymd.gov/datasets/BC-GIS::contours-2005","https://bcgisdata.baltimorecountymd.gov/arcgis/rest/services/Elevation/Contours/MapServer/3
https://opendata.baltimorecountymd.gov/datasets/BC-GIS::contours-2005","https://bcgisdata.baltimorecountymd.gov/arcgis/rest/services/Elevation/Contours/MapServer/3
https://opendata.baltimorecountymd.gov/api/download/v1/items/9b7ab1419adc49de8691af9b4fa49b6c/csv?layers=3
https://opendata.baltimorecountymd.gov/api/download/v1/items/9b7ab1419adc49de8691af9b4fa49b6c/geojson?layers=3
https://opendata.baltimorecountymd.gov/api/download/v1/items/9b7ab1419adc49de8691af9b4fa49b6c/kml?layers=3
https://opendata.baltimorecountymd.gov/api/download/v1/items/9b7ab1419adc49de8691af9b4fa49b6c/shapefile?layers=3
https://opendata.baltimorecountymd.gov/datasets/BC-GIS::contours-2005","example-feeds/BaltimoreCoHubDCAT1.1.json","outputs\2026-10-09_arcgis_primary.csv","outputs\2026-10-09_arcgis_distributions.csv"
"ClimateActionPlan - St Clines in SLR Zone 4 9ft [Maryland--Baltimore County]","ClimateActionPlan - St Clines in SLR Zone 4 9ft [Maryland--Baltimore County]","ClimateActionPlan - St Clines in SLR Zone 4 9ft","","sublayer","same as current harvest","No explicit same-item parent in feed; title unchanged by context rule; Service container shared by different ArcGIS items","baltimore_county","9bd7c357a9f64b559cac8a9d515813b0_10","9bd7c357a9f64b559cac8a9d515813b0","10","","yes","yes","04b-24005","yes","ClimateActionPlan","","28","https://bcgisdata.baltimorecountymd.gov/arcgis/rest/services/Environmental/ClimateActionPlan/MapServer","https://www.arcgis.com/home/item.html?id=9bd7c357a9f64b559cac8a9d515813b0&sublayer=10","https://opendata.baltimorecountymd.gov/datasets/BC-GIS::climateactionplan-st-clines-in-slr-zone-4-9ft","https://bcgisdata.baltimorecountymd.gov/arcgis/rest/services/Environmental/ClimateActionPlan/MapServer/10
https://opendata.baltimorecountymd.gov/datasets/BC-GIS::climateactionplan-st-clines-in-slr-zone-4-9ft","https://bcgisdata.baltimorecountymd.gov/arcgis/rest/services/Environmental/ClimateActionPlan/MapServer/10
https://opendata.baltimorecountymd.gov/api/download/v1/items/9bd7c357a9f64b559cac8a9d515813b0/csv?layers=10
https://opendata.baltimorecountymd.gov/api/download/v1/items/9bd7c357a9f64b559cac8a9d515813b0/geojson?layers=10
https://opendata.baltimorecountymd.gov/api/download/v1/items/9bd7c357a9f64b559cac8a9d515813b0/kml?layers=10
https://opendata.baltimorecountymd.gov/api/download/v1/items/9bd7c357a9f64b559cac8a9d515813b0/shapefile?layers=10
https://opendata.baltimorecountymd.gov/datasets/BC-GIS::climateactionplan-st-clines-in-slr-zone-4-9ft","example-feeds/BaltimoreCoHubDCAT1.1.json","outputs\2026-10-09_arcgis_primary.csv","outputs\2026-10-09_arcgis_distributions.csv"
"School Recreation Centers [Maryland--Baltimore County]","School Recreation Centers [Maryland--Baltimore County]","School Recreation Centers","","sublayer","same as current harvest","No explicit same-item parent in feed; title unchanged by context rule; Service container shared by different ArcGIS items","baltimore_county","9c22411e4b66447cbcb022d619eba995_4","9c22411e4b66447cbcb022d619eba995","4","","yes","yes","04b-24005","yes","ParkBoundaries","School Recreation Centers - ParkBoundaries","5","https://bcgisdata.baltimorecountymd.gov/arcgis/rest/services/Recreation/ParkBoundaries/MapServer","https://www.arcgis.com/home/item.html?id=9c22411e4b66447cbcb022d619eba995&sublayer=4","https://opendata.baltimorecountymd.gov/datasets/BC-GIS::school-recreation-centers","https://bcgisdata.baltimorecountymd.gov/arcgis/rest/services/Recreation/ParkBoundaries/MapServer/4
https://opendata.baltimorecountymd.gov/datasets/BC-GIS::school-recreation-centers","https://bcgisdata.baltimorecountymd.gov/arcgis/rest/services/Recreation/ParkBoundaries/MapServer/4
https://opendata.baltimorecountymd.gov/api/download/v1/items/9c22411e4b66447cbcb022d619eba995/csv?layers=4
https://opendata.baltimorecountymd.gov/api/download/v1/items/9c22411e4b66447cbcb022d619eba995/geojson?layers=4
https://opendata.baltimorecountymd.gov/api/download/v1/items/9c22411e4b66447cbcb022d619eba995/kml?layers=4
https://opendata.baltimorecountymd.gov/api/download/v1/items/9c22411e4b66447cbcb022d619eba995/shapefile?layers=4
https://opendata.baltimorecountymd.gov/datasets/BC-GIS::school-recreation-centers","example-feeds/BaltimoreCoHubDCAT1.1.json","outputs\2026-10-09_arcgis_primary.csv","outputs\2026-10-09_arcgis_distributions.csv"
"Hydrology Lines [Maryland--Baltimore County]","Hydrology Lines [Maryland--Baltimore County]","Hydrology Lines","","sublayer","same as current harvest","No explicit same-item parent in feed; title unchanged by context rule; Service container shared by different ArcGIS items","baltimore_county","9cf187a3d0d444ffaae25cc8720d41eb_0","9cf187a3d0d444ffaae25cc8720d41eb","0","","yes","yes","04b-24005","yes","Hydrology","","4","https://bcgisdata.baltimorecountymd.gov/arcgis/rest/services/Hydrology/Hydrology/MapServer","https://www.arcgis.com/home/item.html?id=9cf187a3d0d444ffaae25cc8720d41eb&sublayer=0","https://opendata.baltimorecountymd.gov/datasets/BC-GIS::hydrology-lines","https://bcgisdata.baltimorecountymd.gov/arcgis/rest/services/Hydrology/Hydrology/MapServer/0
https://opendata.baltimorecountymd.gov/datasets/BC-GIS::hydrology-lines","https://bcgisdata.baltimorecountymd.gov/arcgis/rest/services/Hydrology/Hydrology/MapServer/0
https://opendata.baltimorecountymd.gov/api/download/v1/items/9cf187a3d0d444ffaae25cc8720d41eb/csv?layers=0
https://opendata.baltimorecountymd.gov/api/download/v1/items/9cf187a3d0d444ffaae25cc8720d41eb/geojson?layers=0
https://opendata.baltimorecountymd.gov/api/download/v1/items/9cf187a3d0d444ffaae25cc8720d41eb/kml?layers=0
https://opendata.baltimorecountymd.gov/api/download/v1/items/9cf187a3d0d444ffaae25cc8720d41eb/shapefile?layers=0
https://opendata.baltimorecountymd.gov/datasets/BC-GIS::hydrology-lines","example-feeds/BaltimoreCoHubDCAT1.1.json","outputs\2026-10-09_arcgis_primary.csv","outputs\2026-10-09_arcgis_distributions.csv"
"Community Associations [Maryland--Baltimore County]","Community Associations [Maryland--Baltimore County]","Community Associations","","sublayer","same as current harvest","No explicit same-item parent in feed; title unchanged by context rule; Service container shared by different ArcGIS items","baltimore_county","9d2fc1528d5048cba5c617a092d1b617_2","9d2fc1528d5048cba5c617a092d1b617","2","","yes","yes","04b-24005","yes","Landuse","Community Associations - Landuse","14","https://bcgisdata.baltimorecountymd.gov/arcgis/rest/services/LandusePlanning/Landuse/MapServer","https://www.arcgis.com/home/item.html?id=9d2fc1528d5048cba5c617a092d1b617&sublayer=2","https://opendata.baltimorecountymd.gov/datasets/BC-GIS::community-associations","https://bcgisdata.baltimorecountymd.gov/arcgis/rest/services/LandusePlanning/Landuse/MapServer/2
https://opendata.baltimorecountymd.gov/datasets/BC-GIS::community-associations","https://bcgisdata.baltimorecountymd.gov/arcgis/rest/services/LandusePlanning/Landuse/MapServer/2
https://opendata.baltimorecountymd.gov/api/download/v1/items/9d2fc1528d5048cba5c617a092d1b617/csv?layers=2
https://opendata.baltimorecountymd.gov/api/download/v1/items/9d2fc1528d5048cba5c617a092d1b617/geojson?layers=2
https://opendata.baltimorecountymd.gov/api/download/v1/items/9d2fc1528d5048cba5c617a092d1b617/kml?layers=2
https://opendata.baltimorecountymd.gov/api/download/v1/items/9d2fc1528d5048cba5c617a092d1b617/shapefile?layers=2
https://opendata.baltimorecountymd.gov/datasets/BC-GIS::community-associations","example-feeds/BaltimoreCoHubDCAT1.1.json","outputs\2026-10-09_arcgis_primary.csv","outputs\2026-10-09_arcgis_distributions.csv"
"Basic Services - Sewer Relief Points [Maryland--Baltimore County]","Basic Services - Sewer Relief Points [Maryland--Baltimore County]","Basic Services - Sewer Relief Points","","sublayer","same as current harvest","No explicit same-item parent in feed; title unchanged by context rule; Service container shared by different ArcGIS items","baltimore_county","9d7af81ec68447f2aa3b49e7578d2eae_1","9d7af81ec68447f2aa3b49e7578d2eae","1","","yes","yes","04b-24005","yes","BasicServices","Basic Services - Sewer Relief Points - BasicServices","5","https://bcgisdata.baltimorecountymd.gov/arcgis/rest/services/DevelopmentManagement/BasicServices/MapServer","https://www.arcgis.com/home/item.html?id=9d7af81ec68447f2aa3b49e7578d2eae&sublayer=1","https://opendata.baltimorecountymd.gov/datasets/BC-GIS::basic-services-sewer-relief-points","https://bcgisdata.baltimorecountymd.gov/arcgis/rest/services/DevelopmentManagement/BasicServices/MapServer/1
https://opendata.baltimorecountymd.gov/datasets/BC-GIS::basic-services-sewer-relief-points","https://bcgisdata.baltimorecountymd.gov/arcgis/rest/services/DevelopmentManagement/BasicServices/MapServer/1
https://opendata.baltimorecountymd.gov/api/download/v1/items/9d7af81ec68447f2aa3b49e7578d2eae/csv?layers=1
https://opendata.baltimorecountymd.gov/api/download/v1/items/9d7af81ec68447f2aa3b49e7578d2eae/geojson?layers=1
https://opendata.baltimorecountymd.gov/api/download/v1/items/9d7af81ec68447f2aa3b49e7578d2eae/kml?layers=1
https://opendata.baltimorecountymd.gov/api/download/v1/items/9d7af81ec68447f2aa3b49e7578d2eae/shapefile?layers=1
https://opendata.baltimorecountymd.gov/datasets/BC-GIS::basic-services-sewer-relief-points","example-feeds/BaltimoreCoHubDCAT1.1.json","outputs\2026-10-09_arcgis_primary.csv","outputs\2026-10-09_arcgis_distributions.csv"
"Census Designated Places 2010 [Maryland--Baltimore County]","Census Designated Places 2010 [Maryland--Baltimore County]","Census Designated Places 2010","","sublayer","same as current harvest","No explicit same-item parent in feed; title unchanged by context rule; Service container shared by different ArcGIS items","baltimore_county","a0d7f768b6b1481e814662c2d46e18b0_4","a0d7f768b6b1481e814662c2d46e18b0","4","","yes","yes","04b-24005","yes","Demographics","Census Designated Places 2010 - Demographics","10","https://bcgisdata.baltimorecountymd.gov/arcgis/rest/services/Demographics/Demographics/MapServer","https://www.arcgis.com/home/item.html?id=a0d7f768b6b1481e814662c2d46e18b0&sublayer=4","https://opendata.baltimorecountymd.gov/datasets/BC-GIS::census-designated-places-2010","https://bcgisdata.baltimorecountymd.gov/arcgis/rest/services/Demographics/Demographics/MapServer/4
https://opendata.baltimorecountymd.gov/datasets/BC-GIS::census-designated-places-2010","https://bcgisdata.baltimorecountymd.gov/arcgis/rest/services/Demographics/Demographics/MapServer/4
https://opendata.baltimorecountymd.gov/api/download/v1/items/a0d7f768b6b1481e814662c2d46e18b0/csv?layers=4
https://opendata.baltimorecountymd.gov/api/download/v1/items/a0d7f768b6b1481e814662c2d46e18b0/geojson?layers=4
https://opendata.baltimorecountymd.gov/api/download/v1/items/a0d7f768b6b1481e814662c2d46e18b0/kml?layers=4
https://opendata.baltimorecountymd.gov/api/download/v1/items/a0d7f768b6b1481e814662c2d46e18b0/shapefile?layers=4
https://opendata.baltimorecountymd.gov/datasets/BC-GIS::census-designated-places-2010","example-feeds/BaltimoreCoHubDCAT1.1.json","outputs\2026-10-09_arcgis_primary.csv","outputs\2026-10-09_arcgis_distributions.csv"
"Master Plan 2030 Place Types Current [Maryland--Baltimore County]","Master Plan 2030 Place Types Current [Maryland--Baltimore County]","Master Plan 2030 Place Types Current","","sublayer","same as current harvest","No explicit same-item parent in feed; title unchanged by context rule; Service container shared by different ArcGIS items","baltimore_county","a16e336fa41549d4a25b69dd67e7bf55_6","a16e336fa41549d4a25b69dd67e7bf55","6","","yes","yes","04b-24005","yes","MasterPlans2030Retrofit","Master Plan 2030 Place Types Current - MasterPlans2030Retrofit","6","https://bcgisapps.baltimorecountymd.gov/arcgis/rest/services/MasterPlans2030Retrofit/MapServer","https://www.arcgis.com/home/item.html?id=a16e336fa41549d4a25b69dd67e7bf55&sublayer=6","https://opendata.baltimorecountymd.gov/datasets/BC-GIS::master-plan-2030-place-types-current","https://bcgisapps.baltimorecountymd.gov/arcgis/rest/services/MasterPlans2030Retrofit/MapServer/6
https://opendata.baltimorecountymd.gov/datasets/BC-GIS::master-plan-2030-place-types-current","https://bcgisapps.baltimorecountymd.gov/arcgis/rest/services/MasterPlans2030Retrofit/MapServer/6
https://opendata.baltimorecountymd.gov/api/download/v1/items/a16e336fa41549d4a25b69dd67e7bf55/csv?layers=6
https://opendata.baltimorecountymd.gov/api/download/v1/items/a16e336fa41549d4a25b69dd67e7bf55/geojson?layers=6
https://opendata.baltimorecountymd.gov/api/download/v1/items/a16e336fa41549d4a25b69dd67e7bf55/kml?layers=6
https://opendata.baltimorecountymd.gov/api/download/v1/items/a16e336fa41549d4a25b69dd67e7bf55/shapefile?layers=6
https://opendata.baltimorecountymd.gov/datasets/BC-GIS::master-plan-2030-place-types-current","example-feeds/BaltimoreCoHubDCAT1.1.json","outputs\2026-10-09_arcgis_primary.csv","outputs\2026-10-09_arcgis_distributions.csv"
"Basic Services - Intersections [Maryland--Baltimore County]","Basic Services - Intersections [Maryland--Baltimore County]","Basic Services - Intersections","","sublayer","same as current harvest","No explicit same-item parent in feed; title unchanged by context rule; Service container shared by different ArcGIS items","baltimore_county","a224cb11744c4e30b8a2c078281b1b72_4","a224cb11744c4e30b8a2c078281b1b72","4","","yes","yes","04b-24005","yes","BasicServices","Basic Services - Intersections - BasicServices","5","https://bcgisdata.baltimorecountymd.gov/arcgis/rest/services/DevelopmentManagement/BasicServices/MapServer","https://www.arcgis.com/home/item.html?id=a224cb11744c4e30b8a2c078281b1b72&sublayer=4","https://opendata.baltimorecountymd.gov/datasets/BC-GIS::basic-services-intersections","https://bcgisdata.baltimorecountymd.gov/arcgis/rest/services/DevelopmentManagement/BasicServices/MapServer/4
https://opendata.baltimorecountymd.gov/datasets/BC-GIS::basic-services-intersections","https://bcgisdata.baltimorecountymd.gov/arcgis/rest/services/DevelopmentManagement/BasicServices/MapServer/4
https://opendata.baltimorecountymd.gov/api/download/v1/items/a224cb11744c4e30b8a2c078281b1b72/csv?layers=4
https://opendata.baltimorecountymd.gov/api/download/v1/items/a224cb11744c4e30b8a2c078281b1b72/geojson?layers=4
https://opendata.baltimorecountymd.gov/api/download/v1/items/a224cb11744c4e30b8a2c078281b1b72/kml?layers=4
https://opendata.baltimorecountymd.gov/api/download/v1/items/a224cb11744c4e30b8a2c078281b1b72/shapefile?layers=4
https://opendata.baltimorecountymd.gov/datasets/BC-GIS::basic-services-intersections","example-feeds/BaltimoreCoHubDCAT1.1.json","outputs\2026-10-09_arcgis_primary.csv","outputs\2026-10-09_arcgis_distributions.csv"
"Shopping Centers [Maryland--Baltimore County]","Shopping Centers [Maryland--Baltimore County]","Shopping Centers","","sublayer","same as current harvest","No explicit same-item parent in feed; title unchanged by context rule; Service container shared by different ArcGIS items","baltimore_county","a31bf4d59d7d45289ca07c36b663b0b6_6","a31bf4d59d7d45289ca07c36b663b0b6","6","","yes","yes","04b-24005","yes","Economic","Shopping Centers - Economic","6","https://bcgisdata.baltimorecountymd.gov/arcgis/rest/services/Economic/Economic/MapServer","https://www.arcgis.com/home/item.html?id=a31bf4d59d7d45289ca07c36b663b0b6&sublayer=6","https://opendata.baltimorecountymd.gov/datasets/BC-GIS::shopping-centers","https://bcgisdata.baltimorecountymd.gov/arcgis/rest/services/Economic/Economic/MapServer/6
https://opendata.baltimorecountymd.gov/datasets/BC-GIS::shopping-centers","https://bcgisdata.baltimorecountymd.gov/arcgis/rest/services/Economic/Economic/MapServer/6
https://opendata.baltimorecountymd.gov/api/download/v1/items/a31bf4d59d7d45289ca07c36b663b0b6/csv?layers=6
https://opendata.baltimorecountymd.gov/api/download/v1/items/a31bf4d59d7d45289ca07c36b663b0b6/geojson?layers=6
https://opendata.baltimorecountymd.gov/api/download/v1/items/a31bf4d59d7d45289ca07c36b663b0b6/kml?layers=6
https://opendata.baltimorecountymd.gov/api/download/v1/items/a31bf4d59d7d45289ca07c36b663b0b6/shapefile?layers=6
https://opendata.baltimorecountymd.gov/datasets/BC-GIS::shopping-centers","example-feeds/BaltimoreCoHubDCAT1.1.json","outputs\2026-10-09_arcgis_primary.csv","outputs\2026-10-09_arcgis_distributions.csv"
"Zoning 2000 [Maryland--Baltimore County]","Zoning 2000 [Maryland--Baltimore County]","Zoning 2000","","sublayer","same as current harvest","No explicit same-item parent in feed; title unchanged by context rule; Service container shared by different ArcGIS items","baltimore_county","a3e905503b164ef2a58288370d97a7d4_3","a3e905503b164ef2a58288370d97a7d4","3","","yes","yes","04b-24005","yes","Zoning","","16","https://bcgisdata.baltimorecountymd.gov/arcgis/rest/services/DevelopmentManagement/Zoning/MapServer","https://www.arcgis.com/home/item.html?id=a3e905503b164ef2a58288370d97a7d4&sublayer=3","https://opendata.baltimorecountymd.gov/datasets/BC-GIS::zoning-2000","https://bcgisdata.baltimorecountymd.gov/arcgis/rest/services/DevelopmentManagement/Zoning/MapServer/3
https://opendata.baltimorecountymd.gov/datasets/BC-GIS::zoning-2000","https://bcgisdata.baltimorecountymd.gov/arcgis/rest/services/DevelopmentManagement/Zoning/MapServer/3
https://opendata.baltimorecountymd.gov/api/download/v1/items/a3e905503b164ef2a58288370d97a7d4/csv?layers=3
https://opendata.baltimorecountymd.gov/api/download/v1/items/a3e905503b164ef2a58288370d97a7d4/geojson?layers=3
https://opendata.baltimorecountymd.gov/api/download/v1/items/a3e905503b164ef2a58288370d97a7d4/kml?layers=3
https://opendata.baltimorecountymd.gov/api/download/v1/items/a3e905503b164ef2a58288370d97a7d4/shapefile?layers=3
https://opendata.baltimorecountymd.gov/datasets/BC-GIS::zoning-2000","example-feeds/BaltimoreCoHubDCAT1.1.json","outputs\2026-10-09_arcgis_primary.csv","outputs\2026-10-09_arcgis_distributions.csv"
"Floodplain Easements [Maryland--Baltimore County]","Floodplain Easements [Maryland--Baltimore County]","Floodplain Easements","","sublayer","same as current harvest","No explicit same-item parent in feed; title unchanged by context rule; Service container shared by different ArcGIS items","baltimore_county","a43c1b9e6c2f44c19f2425ff777ab28d_5","a43c1b9e6c2f44c19f2425ff777ab28d","5","","yes","yes","04b-24005","yes","Landuse","Floodplain Easements - Landuse","14","https://bcgisdata.baltimorecountymd.gov/arcgis/rest/services/LandusePlanning/Landuse/MapServer","https://www.arcgis.com/home/item.html?id=a43c1b9e6c2f44c19f2425ff777ab28d&sublayer=5","https://opendata.baltimorecountymd.gov/datasets/BC-GIS::floodplain-easements","https://bcgisdata.baltimorecountymd.gov/arcgis/rest/services/LandusePlanning/Landuse/MapServer/5
https://opendata.baltimorecountymd.gov/datasets/BC-GIS::floodplain-easements","https://bcgisdata.baltimorecountymd.gov/arcgis/rest/services/LandusePlanning/Landuse/MapServer/5
https://opendata.baltimorecountymd.gov/api/download/v1/items/a43c1b9e6c2f44c19f2425ff777ab28d/csv?layers=5
https://opendata.baltimorecountymd.gov/api/download/v1/items/a43c1b9e6c2f44c19f2425ff777ab28d/geojson?layers=5
https://opendata.baltimorecountymd.gov/api/download/v1/items/a43c1b9e6c2f44c19f2425ff777ab28d/kml?layers=5
https://opendata.baltimorecountymd.gov/api/download/v1/items/a43c1b9e6c2f44c19f2425ff777ab28d/shapefile?layers=5
https://opendata.baltimorecountymd.gov/datasets/BC-GIS::floodplain-easements","example-feeds/BaltimoreCoHubDCAT1.1.json","outputs\2026-10-09_arcgis_primary.csv","outputs\2026-10-09_arcgis_distributions.csv"
"2023 Orthophotography [Maryland--Baltimore County]","2023 Orthophotography [Maryland--Baltimore County]","2023 Orthophotography ","","standalone_item","same as current harvest","","baltimore_county","a7d2723a265f4dfc8515f5b2a61b2e47","a7d2723a265f4dfc8515f5b2a61b2e47","","","yes","yes","04b-24005","yes","Orthos2023","","1","https://bcgisimagery.baltimorecountymd.gov/arcgis/rest/services/Orthos2023/ImageServer","https://www.arcgis.com/home/item.html?id=a7d2723a265f4dfc8515f5b2a61b2e47","https://opendata.baltimorecountymd.gov/datasets/BC-GIS::2023-orthophotography-","https://bcgisimagery.baltimorecountymd.gov/arcgis/rest/services/Orthos2023/ImageServer
https://opendata.baltimorecountymd.gov/datasets/BC-GIS::2023-orthophotography-","https://bcgisimagery.baltimorecountymd.gov/arcgis/rest/services/Orthos2023/ImageServer
https://opendata.baltimorecountymd.gov/datasets/BC-GIS::2023-orthophotography-","example-feeds/BaltimoreCoHubDCAT1.1.json","outputs\2026-10-09_arcgis_primary.csv","outputs\2026-10-09_arcgis_distributions.csv"
"Water - Historic Petitions [Maryland--Baltimore County]","Water - Historic Petitions [Maryland--Baltimore County]","Water - Historic Petitions","","sublayer","same as current harvest","No explicit same-item parent in feed; title unchanged by context rule; Service container shared by different ArcGIS items","baltimore_county","a8c32f2382ea4afca34cb4ded7a8213b_5","a8c32f2382ea4afca34cb4ded7a8213b","5","","yes","yes","04b-24005","yes","UtilityMasterPlans","Water - Historic Petitions - UtilityMasterPlans","4","https://bcgisdata.baltimorecountymd.gov/arcgis/rest/services/DevelopmentManagement/UtilityMasterPlans/MapServer","https://www.arcgis.com/home/item.html?id=a8c32f2382ea4afca34cb4ded7a8213b&sublayer=5","https://opendata.baltimorecountymd.gov/datasets/BC-GIS::water-historic-petitions-1","https://bcgisdata.baltimorecountymd.gov/arcgis/rest/services/DevelopmentManagement/UtilityMasterPlans/MapServer/5
https://opendata.baltimorecountymd.gov/datasets/BC-GIS::water-historic-petitions-1","https://bcgisdata.baltimorecountymd.gov/arcgis/rest/services/DevelopmentManagement/UtilityMasterPlans/MapServer/5
https://opendata.baltimorecountymd.gov/api/download/v1/items/a8c32f2382ea4afca34cb4ded7a8213b/csv?layers=5
https://opendata.baltimorecountymd.gov/api/download/v1/items/a8c32f2382ea4afca34cb4ded7a8213b/geojson?layers=5
https://opendata.baltimorecountymd.gov/api/download/v1/items/a8c32f2382ea4afca34cb4ded7a8213b/kml?layers=5
https://opendata.baltimorecountymd.gov/api/download/v1/items/a8c32f2382ea4afca34cb4ded7a8213b/shapefile?layers=5
https://opendata.baltimorecountymd.gov/datasets/BC-GIS::water-historic-petitions-1","example-feeds/BaltimoreCoHubDCAT1.1.json","outputs\2026-10-09_arcgis_primary.csv","outputs\2026-10-09_arcgis_distributions.csv"
"CZMP Issues 2004 [Maryland--Baltimore County]","CZMP Issues 2004 [Maryland--Baltimore County]","CZMP Issues 2004","","sublayer","same as current harvest","No explicit same-item parent in feed; title unchanged by context rule; Service container shared by different ArcGIS items","baltimore_county","a9bf0b3045844b9e8ea734a6741c5421_6","a9bf0b3045844b9e8ea734a6741c5421","6","","yes","yes","04b-24005","yes","Zoning","CZMP Issues 2004 - Zoning","16","https://bcgisdata.baltimorecountymd.gov/arcgis/rest/services/DevelopmentManagement/Zoning/MapServer","https://www.arcgis.com/home/item.html?id=a9bf0b3045844b9e8ea734a6741c5421&sublayer=6","https://opendata.baltimorecountymd.gov/datasets/BC-GIS::czmp-issues-2004","https://bcgisdata.baltimorecountymd.gov/arcgis/rest/services/DevelopmentManagement/Zoning/MapServer/6
https://opendata.baltimorecountymd.gov/datasets/BC-GIS::czmp-issues-2004","https://bcgisdata.baltimorecountymd.gov/arcgis/rest/services/DevelopmentManagement/Zoning/MapServer/6
https://opendata.baltimorecountymd.gov/api/download/v1/items/a9bf0b3045844b9e8ea734a6741c5421/csv?layers=6
https://opendata.baltimorecountymd.gov/api/download/v1/items/a9bf0b3045844b9e8ea734a6741c5421/geojson?layers=6
https://opendata.baltimorecountymd.gov/api/download/v1/items/a9bf0b3045844b9e8ea734a6741c5421/kml?layers=6
https://opendata.baltimorecountymd.gov/api/download/v1/items/a9bf0b3045844b9e8ea734a6741c5421/shapefile?layers=6
https://opendata.baltimorecountymd.gov/datasets/BC-GIS::czmp-issues-2004","example-feeds/BaltimoreCoHubDCAT1.1.json","outputs\2026-10-09_arcgis_primary.csv","outputs\2026-10-09_arcgis_distributions.csv"
"Capital Projects [Maryland--Baltimore County]","Capital Projects [Maryland--Baltimore County]","Capital Projects","","sublayer","same as current harvest","No explicit same-item parent in feed; title unchanged by context rule","baltimore_county","aaeb6c96c72c495f9ad1a0b46de16477_0","aaeb6c96c72c495f9ad1a0b46de16477","0","","yes","yes","04b-24005","yes","CapitalProjects","Capital Projects - CapitalProjects","1","https://bcgisapps.baltimorecountymd.gov/arcgis/rest/services/CapitalProjects/MapServer","https://www.arcgis.com/home/item.html?id=aaeb6c96c72c495f9ad1a0b46de16477&sublayer=0","https://opendata.baltimorecountymd.gov/datasets/BC-GIS::capital-projects","https://bcgisapps.baltimorecountymd.gov/arcgis/rest/services/CapitalProjects/MapServer/0
https://opendata.baltimorecountymd.gov/datasets/BC-GIS::capital-projects","https://bcgisapps.baltimorecountymd.gov/arcgis/rest/services/CapitalProjects/MapServer/0
https://opendata.baltimorecountymd.gov/api/download/v1/items/aaeb6c96c72c495f9ad1a0b46de16477/csv?layers=0
https://opendata.baltimorecountymd.gov/api/download/v1/items/aaeb6c96c72c495f9ad1a0b46de16477/geojson?layers=0
https://opendata.baltimorecountymd.gov/api/download/v1/items/aaeb6c96c72c495f9ad1a0b46de16477/kml?layers=0
https://opendata.baltimorecountymd.gov/api/download/v1/items/aaeb6c96c72c495f9ad1a0b46de16477/shapefile?layers=0
https://opendata.baltimorecountymd.gov/datasets/BC-GIS::capital-projects","example-feeds/BaltimoreCoHubDCAT1.1.json","outputs\2026-10-09_arcgis_primary.csv","outputs\2026-10-09_arcgis_distributions.csv"
"Plumbing Permits [Maryland--Baltimore County]","Plumbing Permits [Maryland--Baltimore County]","Plumbing Permits","","sublayer","same as current harvest","No explicit same-item parent in feed; title unchanged by context rule; Service container shared by different ArcGIS items","baltimore_county","ab2749e8d6394d6cab4bd40e36a79a3e_7","ab2749e8d6394d6cab4bd40e36a79a3e","7","","yes","yes","04b-24005","yes","ActiveDevelopment","Plumbing Permits - ActiveDevelopment","8","https://bcgisdata.baltimorecountymd.gov/arcgis/rest/services/DevelopmentManagement/ActiveDevelopment/MapServer","https://www.arcgis.com/home/item.html?id=ab2749e8d6394d6cab4bd40e36a79a3e&sublayer=7","https://opendata.baltimorecountymd.gov/datasets/BC-GIS::plumbing-permits","https://bcgisdata.baltimorecountymd.gov/arcgis/rest/services/DevelopmentManagement/ActiveDevelopment/MapServer/7
https://opendata.baltimorecountymd.gov/datasets/BC-GIS::plumbing-permits","https://bcgisdata.baltimorecountymd.gov/arcgis/rest/services/DevelopmentManagement/ActiveDevelopment/MapServer/7
https://opendata.baltimorecountymd.gov/api/download/v1/items/ab2749e8d6394d6cab4bd40e36a79a3e/csv?layers=7
https://opendata.baltimorecountymd.gov/api/download/v1/items/ab2749e8d6394d6cab4bd40e36a79a3e/geojson?layers=7
https://opendata.baltimorecountymd.gov/api/download/v1/items/ab2749e8d6394d6cab4bd40e36a79a3e/kml?layers=7
https://opendata.baltimorecountymd.gov/api/download/v1/items/ab2749e8d6394d6cab4bd40e36a79a3e/shapefile?layers=7
https://opendata.baltimorecountymd.gov/datasets/BC-GIS::plumbing-permits","example-feeds/BaltimoreCoHubDCAT1.1.json","outputs\2026-10-09_arcgis_primary.csv","outputs\2026-10-09_arcgis_distributions.csv"
"High School Districts [Maryland--Baltimore County]","High School Districts [Maryland--Baltimore County]","High School Districts","","sublayer","same as current harvest","No explicit same-item parent in feed; title unchanged by context rule; Service container shared by different ArcGIS items","baltimore_county","acedee9823fc4b618f34e6411fc31d78_8","acedee9823fc4b618f34e6411fc31d78","8","","yes","yes","04b-24005","yes","SchoolDistricts","High School Districts - SchoolDistricts","7","https://bcgisdata.baltimorecountymd.gov/arcgis/rest/services/Education/SchoolDistricts/MapServer","https://www.arcgis.com/home/item.html?id=acedee9823fc4b618f34e6411fc31d78&sublayer=8","https://opendata.baltimorecountymd.gov/datasets/BC-GIS::high-school-districts","https://bcgisdata.baltimorecountymd.gov/arcgis/rest/services/Education/SchoolDistricts/MapServer/8
https://opendata.baltimorecountymd.gov/datasets/BC-GIS::high-school-districts","https://bcgisdata.baltimorecountymd.gov/arcgis/rest/services/Education/SchoolDistricts/MapServer/8
https://opendata.baltimorecountymd.gov/api/download/v1/items/acedee9823fc4b618f34e6411fc31d78/csv?layers=8
https://opendata.baltimorecountymd.gov/api/download/v1/items/acedee9823fc4b618f34e6411fc31d78/geojson?layers=8
https://opendata.baltimorecountymd.gov/api/download/v1/items/acedee9823fc4b618f34e6411fc31d78/kml?layers=8
https://opendata.baltimorecountymd.gov/api/download/v1/items/acedee9823fc4b618f34e6411fc31d78/shapefile?layers=8
https://opendata.baltimorecountymd.gov/datasets/BC-GIS::high-school-districts","example-feeds/BaltimoreCoHubDCAT1.1.json","outputs\2026-10-09_arcgis_primary.csv","outputs\2026-10-09_arcgis_distributions.csv"
"Bill 55-25 - As Introduced [Maryland--Baltimore County]","Bill 55-25 - As Introduced [Maryland--Baltimore County]","Bill 55-25 - As Introduced","","sublayer","same as current harvest","No explicit same-item parent in feed; title unchanged by context rule","baltimore_county","afc6305fb55a4ec3b5250c613874a79f_0","afc6305fb55a4ec3b5250c613874a79f","0","","yes","yes","04b-24005","yes","BaltimoreCountyCouncilmanicProposed1","Bill 55-25 - As Introduced - BaltimoreCountyCouncilmanicProposed1","1","https://services2.arcgis.com/Ynpzre7M7vSGY7dh/arcgis/rest/services/BaltimoreCountyCouncilmanicProposed1/FeatureServer","https://www.arcgis.com/home/item.html?id=afc6305fb55a4ec3b5250c613874a79f&sublayer=0","https://opendata.baltimorecountymd.gov/datasets/BC-GIS::bill-55-25-as-introduced","https://opendata.baltimorecountymd.gov/datasets/BC-GIS::bill-55-25-as-introduced
https://services2.arcgis.com/Ynpzre7M7vSGY7dh/arcgis/rest/services/BaltimoreCountyCouncilmanicProposed1/FeatureServer/0","https://opendata.baltimorecountymd.gov/api/download/v1/items/afc6305fb55a4ec3b5250c613874a79f/csv?layers=0
https://opendata.baltimorecountymd.gov/api/download/v1/items/afc6305fb55a4ec3b5250c613874a79f/geojson?layers=0
https://opendata.baltimorecountymd.gov/api/download/v1/items/afc6305fb55a4ec3b5250c613874a79f/kml?layers=0
https://opendata.baltimorecountymd.gov/api/download/v1/items/afc6305fb55a4ec3b5250c613874a79f/shapefile?layers=0
https://opendata.baltimorecountymd.gov/datasets/BC-GIS::bill-55-25-as-introduced
https://services2.arcgis.com/Ynpzre7M7vSGY7dh/arcgis/rest/services/BaltimoreCountyCouncilmanicProposed1/FeatureServer/0","example-feeds/BaltimoreCoHubDCAT1.1.json","outputs\2026-10-09_arcgis_primary.csv","outputs\2026-10-09_arcgis_distributions.csv"
"Police Department [Maryland--Baltimore County]","Police Department [Maryland--Baltimore County]","Police Department","","sublayer","same as current harvest","No explicit same-item parent in feed; title unchanged by context rule; Service container shared by different ArcGIS items","baltimore_county","b0d5ff94cbca496b8817e729d606a1ad_1","b0d5ff94cbca496b8817e729d606a1ad","1","","yes","yes","04b-24005","yes","PublicSafety","Police Department - PublicSafety","3","https://bcgisdata.baltimorecountymd.gov/arcgis/rest/services/PublicSafety/PublicSafety/MapServer","https://www.arcgis.com/home/item.html?id=b0d5ff94cbca496b8817e729d606a1ad&sublayer=1","https://opendata.baltimorecountymd.gov/datasets/BC-GIS::police-department","https://bcgisdata.baltimorecountymd.gov/arcgis/rest/services/PublicSafety/PublicSafety/MapServer/1
https://opendata.baltimorecountymd.gov/datasets/BC-GIS::police-department","https://bcgisdata.baltimorecountymd.gov/arcgis/rest/services/PublicSafety/PublicSafety/MapServer/1
https://opendata.baltimorecountymd.gov/api/download/v1/items/b0d5ff94cbca496b8817e729d606a1ad/csv?layers=1
https://opendata.baltimorecountymd.gov/api/download/v1/items/b0d5ff94cbca496b8817e729d606a1ad/geojson?layers=1
https://opendata.baltimorecountymd.gov/api/download/v1/items/b0d5ff94cbca496b8817e729d606a1ad/kml?layers=1
https://opendata.baltimorecountymd.gov/api/download/v1/items/b0d5ff94cbca496b8817e729d606a1ad/shapefile?layers=1
https://opendata.baltimorecountymd.gov/datasets/BC-GIS::police-department","example-feeds/BaltimoreCoHubDCAT1.1.json","outputs\2026-10-09_arcgis_primary.csv","outputs\2026-10-09_arcgis_distributions.csv"
"ClimateActionPlan - Nuis Flood Zone 5 2 ft SLR [Maryland--Baltimore County]","ClimateActionPlan - Nuis Flood Zone 5 2 ft SLR [Maryland--Baltimore County]","ClimateActionPlan - Nuis Flood Zone 5 2 ft SLR","","sublayer","same as current harvest","No explicit same-item parent in feed; title unchanged by context rule; Service container shared by different ArcGIS items","baltimore_county","b1a96b5708344626aa0c956182b4dcdc_21","b1a96b5708344626aa0c956182b4dcdc","21","","yes","yes","04b-24005","yes","ClimateActionPlan","","28","https://bcgisdata.baltimorecountymd.gov/arcgis/rest/services/Environmental/ClimateActionPlan/MapServer","https://www.arcgis.com/home/item.html?id=b1a96b5708344626aa0c956182b4dcdc&sublayer=21","https://opendata.baltimorecountymd.gov/datasets/BC-GIS::climateactionplan-nuis-flood-zone-5-2-ft-slr","https://bcgisdata.baltimorecountymd.gov/arcgis/rest/services/Environmental/ClimateActionPlan/MapServer/21
https://opendata.baltimorecountymd.gov/datasets/BC-GIS::climateactionplan-nuis-flood-zone-5-2-ft-slr","https://bcgisdata.baltimorecountymd.gov/arcgis/rest/services/Environmental/ClimateActionPlan/MapServer/21
https://opendata.baltimorecountymd.gov/api/download/v1/items/b1a96b5708344626aa0c956182b4dcdc/csv?layers=21
https://opendata.baltimorecountymd.gov/api/download/v1/items/b1a96b5708344626aa0c956182b4dcdc/geojson?layers=21
https://opendata.baltimorecountymd.gov/api/download/v1/items/b1a96b5708344626aa0c956182b4dcdc/kml?layers=21
https://opendata.baltimorecountymd.gov/api/download/v1/items/b1a96b5708344626aa0c956182b4dcdc/shapefile?layers=21
https://opendata.baltimorecountymd.gov/datasets/BC-GIS::climateactionplan-nuis-flood-zone-5-2-ft-slr","example-feeds/BaltimoreCoHubDCAT1.1.json","outputs\2026-10-09_arcgis_primary.csv","outputs\2026-10-09_arcgis_distributions.csv"
"Government Lands [Maryland--Baltimore County]","Government Lands [Maryland--Baltimore County]","Government Lands","","sublayer","same as current harvest","No explicit same-item parent in feed; title unchanged by context rule; Service container shared by different ArcGIS items","baltimore_county","b202b03fa1b04329b0f2d13465e38c6f_7","b202b03fa1b04329b0f2d13465e38c6f","7","","yes","yes","04b-24005","yes","Landuse","Government Lands - Landuse","14","https://bcgisdata.baltimorecountymd.gov/arcgis/rest/services/LandusePlanning/Landuse/MapServer","https://www.arcgis.com/home/item.html?id=b202b03fa1b04329b0f2d13465e38c6f&sublayer=7","https://opendata.baltimorecountymd.gov/datasets/BC-GIS::government-lands","https://bcgisdata.baltimorecountymd.gov/arcgis/rest/services/LandusePlanning/Landuse/MapServer/7
https://opendata.baltimorecountymd.gov/datasets/BC-GIS::government-lands","https://bcgisdata.baltimorecountymd.gov/arcgis/rest/services/LandusePlanning/Landuse/MapServer/7
https://opendata.baltimorecountymd.gov/api/download/v1/items/b202b03fa1b04329b0f2d13465e38c6f/csv?layers=7
https://opendata.baltimorecountymd.gov/api/download/v1/items/b202b03fa1b04329b0f2d13465e38c6f/geojson?layers=7
https://opendata.baltimorecountymd.gov/api/download/v1/items/b202b03fa1b04329b0f2d13465e38c6f/kml?layers=7
https://opendata.baltimorecountymd.gov/api/download/v1/items/b202b03fa1b04329b0f2d13465e38c6f/shapefile?layers=7
https://opendata.baltimorecountymd.gov/datasets/BC-GIS::government-lands","example-feeds/BaltimoreCoHubDCAT1.1.json","outputs\2026-10-09_arcgis_primary.csv","outputs\2026-10-09_arcgis_distributions.csv"
"Abandoned Railroad [Maryland--Baltimore County]","Abandoned Railroad [Maryland--Baltimore County]","Abandoned Railroad","","sublayer","same as current harvest","No explicit same-item parent in feed; title unchanged by context rule; Service container shared by different ArcGIS items","baltimore_county","b30582ab816548918a209848254a3ef5_3","b30582ab816548918a209848254a3ef5","3","","yes","yes","04b-24005","yes","Transportation","Abandoned Railroad - Transportation","16","https://bcgisdata.baltimorecountymd.gov/arcgis/rest/services/Transportation/Transportation/MapServer","https://www.arcgis.com/home/item.html?id=b30582ab816548918a209848254a3ef5&sublayer=3","https://opendata.baltimorecountymd.gov/datasets/BC-GIS::abandoned-railroad","https://bcgisdata.baltimorecountymd.gov/arcgis/rest/services/Transportation/Transportation/MapServer/3
https://opendata.baltimorecountymd.gov/datasets/BC-GIS::abandoned-railroad","https://bcgisdata.baltimorecountymd.gov/arcgis/rest/services/Transportation/Transportation/MapServer/3
https://opendata.baltimorecountymd.gov/api/download/v1/items/b30582ab816548918a209848254a3ef5/csv?layers=3
https://opendata.baltimorecountymd.gov/api/download/v1/items/b30582ab816548918a209848254a3ef5/geojson?layers=3
https://opendata.baltimorecountymd.gov/api/download/v1/items/b30582ab816548918a209848254a3ef5/kml?layers=3
https://opendata.baltimorecountymd.gov/api/download/v1/items/b30582ab816548918a209848254a3ef5/shapefile?layers=3
https://opendata.baltimorecountymd.gov/datasets/BC-GIS::abandoned-railroad","example-feeds/BaltimoreCoHubDCAT1.1.json","outputs\2026-10-09_arcgis_primary.csv","outputs\2026-10-09_arcgis_distributions.csv"
"Drainage Complaints [Maryland--Baltimore County]","Drainage Complaints [Maryland--Baltimore County]","Drainage Complaints","","sublayer","same as current harvest","No explicit same-item parent in feed; title unchanged by context rule; Service container shared by different ArcGIS items","baltimore_county","b3a90255773547f583fb06c858b6e29d_40","b3a90255773547f583fb06c858b6e29d","40","","yes","yes","04b-24005","yes","Floodplain","Drainage Complaints - Floodplain","13","https://bcgisdata.baltimorecountymd.gov/arcgis/rest/services/DevelopmentManagement/Floodplain/MapServer","https://www.arcgis.com/home/item.html?id=b3a90255773547f583fb06c858b6e29d&sublayer=40","https://opendata.baltimorecountymd.gov/datasets/BC-GIS::drainage-complaints","https://bcgisdata.baltimorecountymd.gov/arcgis/rest/services/DevelopmentManagement/Floodplain/MapServer/40
https://opendata.baltimorecountymd.gov/datasets/BC-GIS::drainage-complaints","https://bcgisdata.baltimorecountymd.gov/arcgis/rest/services/DevelopmentManagement/Floodplain/MapServer/40
https://opendata.baltimorecountymd.gov/api/download/v1/items/b3a90255773547f583fb06c858b6e29d/csv?layers=40
https://opendata.baltimorecountymd.gov/api/download/v1/items/b3a90255773547f583fb06c858b6e29d/geojson?layers=40
https://opendata.baltimorecountymd.gov/api/download/v1/items/b3a90255773547f583fb06c858b6e29d/kml?layers=40
https://opendata.baltimorecountymd.gov/api/download/v1/items/b3a90255773547f583fb06c858b6e29d/shapefile?layers=40
https://opendata.baltimorecountymd.gov/datasets/BC-GIS::drainage-complaints","example-feeds/BaltimoreCoHubDCAT1.1.json","outputs\2026-10-09_arcgis_primary.csv","outputs\2026-10-09_arcgis_distributions.csv"
"Tree Inventory [Maryland--Baltimore County]","Tree Inventory [Maryland--Baltimore County]","Tree Inventory","","sublayer","same as current harvest","No explicit same-item parent in feed; title unchanged by context rule; Service container shared by different ArcGIS items; Transportation is a service URL label, not an explicit parent dataset title","baltimore_county","b459f3d0fcac4c6abaadbad6a6c92387_19","b459f3d0fcac4c6abaadbad6a6c92387","19","","yes","yes","04b-24005","yes","Transportation","Tree Inventory - Transportation","16","https://bcgisdata.baltimorecountymd.gov/arcgis/rest/services/Transportation/Transportation/MapServer","https://www.arcgis.com/home/item.html?id=b459f3d0fcac4c6abaadbad6a6c92387&sublayer=19","https://opendata.baltimorecountymd.gov/datasets/BC-GIS::tree-inventory","https://bcgisdata.baltimorecountymd.gov/arcgis/rest/services/Transportation/Transportation/MapServer/19
https://opendata.baltimorecountymd.gov/datasets/BC-GIS::tree-inventory","https://bcgisdata.baltimorecountymd.gov/arcgis/rest/services/Transportation/Transportation/MapServer/19
https://opendata.baltimorecountymd.gov/api/download/v1/items/b459f3d0fcac4c6abaadbad6a6c92387/csv?layers=19
https://opendata.baltimorecountymd.gov/api/download/v1/items/b459f3d0fcac4c6abaadbad6a6c92387/geojson?layers=19
https://opendata.baltimorecountymd.gov/api/download/v1/items/b459f3d0fcac4c6abaadbad6a6c92387/kml?layers=19
https://opendata.baltimorecountymd.gov/api/download/v1/items/b459f3d0fcac4c6abaadbad6a6c92387/shapefile?layers=19
https://opendata.baltimorecountymd.gov/datasets/BC-GIS::tree-inventory","example-feeds/BaltimoreCoHubDCAT1.1.json","outputs\2026-10-09_arcgis_primary.csv","outputs\2026-10-09_arcgis_distributions.csv"
"Traffic Analysis Zones [Maryland--Baltimore County]","Traffic Analysis Zones [Maryland--Baltimore County]","Traffic Analysis Zones","","sublayer","same as current harvest","No explicit same-item parent in feed; title unchanged by context rule; Service container shared by different ArcGIS items","baltimore_county","b5992e61e441465f9d9bd622517aaf95_6","b5992e61e441465f9d9bd622517aaf95","6","","yes","yes","04b-24005","yes","Demographics","Traffic Analysis Zones - Demographics","10","https://bcgisdata.baltimorecountymd.gov/arcgis/rest/services/Demographics/Demographics/MapServer","https://www.arcgis.com/home/item.html?id=b5992e61e441465f9d9bd622517aaf95&sublayer=6","https://opendata.baltimorecountymd.gov/datasets/BC-GIS::traffic-analysis-zones","https://bcgisdata.baltimorecountymd.gov/arcgis/rest/services/Demographics/Demographics/MapServer/6
https://opendata.baltimorecountymd.gov/datasets/BC-GIS::traffic-analysis-zones","https://bcgisdata.baltimorecountymd.gov/arcgis/rest/services/Demographics/Demographics/MapServer/6
https://opendata.baltimorecountymd.gov/api/download/v1/items/b5992e61e441465f9d9bd622517aaf95/csv?layers=6
https://opendata.baltimorecountymd.gov/api/download/v1/items/b5992e61e441465f9d9bd622517aaf95/geojson?layers=6
https://opendata.baltimorecountymd.gov/api/download/v1/items/b5992e61e441465f9d9bd622517aaf95/kml?layers=6
https://opendata.baltimorecountymd.gov/api/download/v1/items/b5992e61e441465f9d9bd622517aaf95/shapefile?layers=6
https://opendata.baltimorecountymd.gov/datasets/BC-GIS::traffic-analysis-zones","example-feeds/BaltimoreCoHubDCAT1.1.json","outputs\2026-10-09_arcgis_primary.csv","outputs\2026-10-09_arcgis_distributions.csv"
"Zipcodes [Maryland--Baltimore County]","Zipcodes [Maryland--Baltimore County]","Zipcodes","","sublayer","same as current harvest","No explicit same-item parent in feed; title unchanged by context rule","baltimore_county","b61afcd87ad941feac40d2c67d72fe69_0","b61afcd87ad941feac40d2c67d72fe69","0","","yes","yes","04b-24005","yes","ZIPCodes","","1","https://bcgisdata.baltimorecountymd.gov/arcgis/rest/services/Miscellaneous/ZIPCodes/MapServer","https://www.arcgis.com/home/item.html?id=b61afcd87ad941feac40d2c67d72fe69&sublayer=0","https://opendata.baltimorecountymd.gov/datasets/BC-GIS::zipcodes","https://bcgisdata.baltimorecountymd.gov/arcgis/rest/services/Miscellaneous/ZIPCodes/MapServer/0
https://opendata.baltimorecountymd.gov/datasets/BC-GIS::zipcodes","https://bcgisdata.baltimorecountymd.gov/arcgis/rest/services/Miscellaneous/ZIPCodes/MapServer/0
https://opendata.baltimorecountymd.gov/api/download/v1/items/b61afcd87ad941feac40d2c67d72fe69/csv?layers=0
https://opendata.baltimorecountymd.gov/api/download/v1/items/b61afcd87ad941feac40d2c67d72fe69/geojson?layers=0
https://opendata.baltimorecountymd.gov/api/download/v1/items/b61afcd87ad941feac40d2c67d72fe69/kml?layers=0
https://opendata.baltimorecountymd.gov/api/download/v1/items/b61afcd87ad941feac40d2c67d72fe69/shapefile?layers=0
https://opendata.baltimorecountymd.gov/datasets/BC-GIS::zipcodes","example-feeds/BaltimoreCoHubDCAT1.1.json","outputs\2026-10-09_arcgis_primary.csv","outputs\2026-10-09_arcgis_distributions.csv"
"Active Development [Maryland--Baltimore County]","Active Development [Maryland--Baltimore County]","Active Development","","sublayer","same as current harvest","No explicit same-item parent in feed; title unchanged by context rule; Service container shared by different ArcGIS items","baltimore_county","b6aa7dda57ff445094f9ebb79f28a2b1_1","b6aa7dda57ff445094f9ebb79f28a2b1","1","","yes","yes","04b-24005","yes","ActiveDevelopment","Active Development - ActiveDevelopment","8","https://bcgisdata.baltimorecountymd.gov/arcgis/rest/services/DevelopmentManagement/ActiveDevelopment/MapServer","https://www.arcgis.com/home/item.html?id=b6aa7dda57ff445094f9ebb79f28a2b1&sublayer=1","https://opendata.baltimorecountymd.gov/datasets/BC-GIS::active-development","https://bcgisdata.baltimorecountymd.gov/arcgis/rest/services/DevelopmentManagement/ActiveDevelopment/MapServer/1
https://opendata.baltimorecountymd.gov/datasets/BC-GIS::active-development","https://bcgisdata.baltimorecountymd.gov/arcgis/rest/services/DevelopmentManagement/ActiveDevelopment/MapServer/1
https://opendata.baltimorecountymd.gov/api/download/v1/items/b6aa7dda57ff445094f9ebb79f28a2b1/csv?layers=1
https://opendata.baltimorecountymd.gov/api/download/v1/items/b6aa7dda57ff445094f9ebb79f28a2b1/geojson?layers=1
https://opendata.baltimorecountymd.gov/api/download/v1/items/b6aa7dda57ff445094f9ebb79f28a2b1/kml?layers=1
https://opendata.baltimorecountymd.gov/api/download/v1/items/b6aa7dda57ff445094f9ebb79f28a2b1/shapefile?layers=1
https://opendata.baltimorecountymd.gov/datasets/BC-GIS::active-development","example-feeds/BaltimoreCoHubDCAT1.1.json","outputs\2026-10-09_arcgis_primary.csv","outputs\2026-10-09_arcgis_distributions.csv"
"Master Plan 2030 Areas Identified for Retrofit [Maryland--Baltimore County]","Master Plan 2030 Areas Identified for Retrofit [Maryland--Baltimore County]","Master Plan 2030 Areas Identified for Retrofit","","sublayer","same as current harvest","No explicit same-item parent in feed; title unchanged by context rule; Service container shared by different ArcGIS items","baltimore_county","b6dd82c45bed4e21b5b4d28cb2c70ea8_4","b6dd82c45bed4e21b5b4d28cb2c70ea8","4","","yes","yes","04b-24005","yes","MasterPlans2030Retrofit","Master Plan 2030 Areas Identified for Retrofit - MasterPlans2030Retrofit","6","https://bcgisapps.baltimorecountymd.gov/arcgis/rest/services/MasterPlans2030Retrofit/MapServer","https://www.arcgis.com/home/item.html?id=b6dd82c45bed4e21b5b4d28cb2c70ea8&sublayer=4","https://opendata.baltimorecountymd.gov/datasets/BC-GIS::master-plan-2030-areas-identified-for-retrofit","https://bcgisapps.baltimorecountymd.gov/arcgis/rest/services/MasterPlans2030Retrofit/MapServer/4
https://opendata.baltimorecountymd.gov/datasets/BC-GIS::master-plan-2030-areas-identified-for-retrofit","https://bcgisapps.baltimorecountymd.gov/arcgis/rest/services/MasterPlans2030Retrofit/MapServer/4
https://opendata.baltimorecountymd.gov/api/download/v1/items/b6dd82c45bed4e21b5b4d28cb2c70ea8/csv?layers=4
https://opendata.baltimorecountymd.gov/api/download/v1/items/b6dd82c45bed4e21b5b4d28cb2c70ea8/geojson?layers=4
https://opendata.baltimorecountymd.gov/api/download/v1/items/b6dd82c45bed4e21b5b4d28cb2c70ea8/kml?layers=4
https://opendata.baltimorecountymd.gov/api/download/v1/items/b6dd82c45bed4e21b5b4d28cb2c70ea8/shapefile?layers=4
https://opendata.baltimorecountymd.gov/datasets/BC-GIS::master-plan-2030-areas-identified-for-retrofit","example-feeds/BaltimoreCoHubDCAT1.1.json","outputs\2026-10-09_arcgis_primary.csv","outputs\2026-10-09_arcgis_distributions.csv"
"ClimateActionPlan - St Clines in SLR Zone 4 2ft [Maryland--Baltimore County]","ClimateActionPlan - St Clines in SLR Zone 4 2ft [Maryland--Baltimore County]","ClimateActionPlan - St Clines in SLR Zone 4 2ft","","sublayer","same as current harvest","No explicit same-item parent in feed; title unchanged by context rule; Service container shared by different ArcGIS items","baltimore_county","b8146abbb4504f3f99ca27d68c9f30f3_9","b8146abbb4504f3f99ca27d68c9f30f3","9","","yes","yes","04b-24005","yes","ClimateActionPlan","","28","https://bcgisdata.baltimorecountymd.gov/arcgis/rest/services/Environmental/ClimateActionPlan/MapServer","https://www.arcgis.com/home/item.html?id=b8146abbb4504f3f99ca27d68c9f30f3&sublayer=9","https://opendata.baltimorecountymd.gov/datasets/BC-GIS::climateactionplan-st-clines-in-slr-zone-4-2ft","https://bcgisdata.baltimorecountymd.gov/arcgis/rest/services/Environmental/ClimateActionPlan/MapServer/9
https://opendata.baltimorecountymd.gov/datasets/BC-GIS::climateactionplan-st-clines-in-slr-zone-4-2ft","https://bcgisdata.baltimorecountymd.gov/arcgis/rest/services/Environmental/ClimateActionPlan/MapServer/9
https://opendata.baltimorecountymd.gov/api/download/v1/items/b8146abbb4504f3f99ca27d68c9f30f3/csv?layers=9
https://opendata.baltimorecountymd.gov/api/download/v1/items/b8146abbb4504f3f99ca27d68c9f30f3/geojson?layers=9
https://opendata.baltimorecountymd.gov/api/download/v1/items/b8146abbb4504f3f99ca27d68c9f30f3/kml?layers=9
https://opendata.baltimorecountymd.gov/api/download/v1/items/b8146abbb4504f3f99ca27d68c9f30f3/shapefile?layers=9
https://opendata.baltimorecountymd.gov/datasets/BC-GIS::climateactionplan-st-clines-in-slr-zone-4-2ft","example-feeds/BaltimoreCoHubDCAT1.1.json","outputs\2026-10-09_arcgis_primary.csv","outputs\2026-10-09_arcgis_distributions.csv"
"ClimateActionPlan - Nuis Flood Zone 4 9 ft SLR [Maryland--Baltimore County]","ClimateActionPlan - Nuis Flood Zone 4 9 ft SLR [Maryland--Baltimore County]","ClimateActionPlan - Nuis Flood Zone 4 9 ft SLR","","sublayer","same as current harvest","No explicit same-item parent in feed; title unchanged by context rule; Service container shared by different ArcGIS items","baltimore_county","bd9a7e781fa04087b79a80e5e555ea76_20","bd9a7e781fa04087b79a80e5e555ea76","20","","yes","yes","04b-24005","yes","ClimateActionPlan","","28","https://bcgisdata.baltimorecountymd.gov/arcgis/rest/services/Environmental/ClimateActionPlan/MapServer","https://www.arcgis.com/home/item.html?id=bd9a7e781fa04087b79a80e5e555ea76&sublayer=20","https://opendata.baltimorecountymd.gov/datasets/BC-GIS::climateactionplan-nuis-flood-zone-4-9-ft-slr","https://bcgisdata.baltimorecountymd.gov/arcgis/rest/services/Environmental/ClimateActionPlan/MapServer/20
https://opendata.baltimorecountymd.gov/datasets/BC-GIS::climateactionplan-nuis-flood-zone-4-9-ft-slr","https://bcgisdata.baltimorecountymd.gov/arcgis/rest/services/Environmental/ClimateActionPlan/MapServer/20
https://opendata.baltimorecountymd.gov/api/download/v1/items/bd9a7e781fa04087b79a80e5e555ea76/csv?layers=20
https://opendata.baltimorecountymd.gov/api/download/v1/items/bd9a7e781fa04087b79a80e5e555ea76/geojson?layers=20
https://opendata.baltimorecountymd.gov/api/download/v1/items/bd9a7e781fa04087b79a80e5e555ea76/kml?layers=20
https://opendata.baltimorecountymd.gov/api/download/v1/items/bd9a7e781fa04087b79a80e5e555ea76/shapefile?layers=20
https://opendata.baltimorecountymd.gov/datasets/BC-GIS::climateactionplan-nuis-flood-zone-4-9-ft-slr","example-feeds/BaltimoreCoHubDCAT1.1.json","outputs\2026-10-09_arcgis_primary.csv","outputs\2026-10-09_arcgis_distributions.csv"
"Interstates [Maryland--Baltimore County]","Interstates [Maryland--Baltimore County]","Interstates","","sublayer","same as current harvest","No explicit same-item parent in feed; title unchanged by context rule; Service container shared by different ArcGIS items","baltimore_county","bfa6b1a1c6bf4b899c56a2fd9287cd18_1","bfa6b1a1c6bf4b899c56a2fd9287cd18","1","","yes","yes","04b-24005","yes","Centerlines","Interstates - Centerlines","7","https://bcgisdata.baltimorecountymd.gov/arcgis/rest/services/Transportation/Centerlines/MapServer","https://www.arcgis.com/home/item.html?id=bfa6b1a1c6bf4b899c56a2fd9287cd18&sublayer=1","https://opendata.baltimorecountymd.gov/datasets/BC-GIS::interstates","https://bcgisdata.baltimorecountymd.gov/arcgis/rest/services/Transportation/Centerlines/MapServer/1
https://opendata.baltimorecountymd.gov/datasets/BC-GIS::interstates","https://bcgisdata.baltimorecountymd.gov/arcgis/rest/services/Transportation/Centerlines/MapServer/1
https://opendata.baltimorecountymd.gov/api/download/v1/items/bfa6b1a1c6bf4b899c56a2fd9287cd18/csv?layers=1
https://opendata.baltimorecountymd.gov/api/download/v1/items/bfa6b1a1c6bf4b899c56a2fd9287cd18/geojson?layers=1
https://opendata.baltimorecountymd.gov/api/download/v1/items/bfa6b1a1c6bf4b899c56a2fd9287cd18/kml?layers=1
https://opendata.baltimorecountymd.gov/api/download/v1/items/bfa6b1a1c6bf4b899c56a2fd9287cd18/shapefile?layers=1
https://opendata.baltimorecountymd.gov/datasets/BC-GIS::interstates","example-feeds/BaltimoreCoHubDCAT1.1.json","outputs\2026-10-09_arcgis_primary.csv","outputs\2026-10-09_arcgis_distributions.csv"
"Encumbrance [Maryland--Baltimore County]","Encumbrance [Maryland--Baltimore County]","Encumbrance","","sublayer","same as current harvest","No explicit same-item parent in feed; title unchanged by context rule; Service container shared by different ArcGIS items","baltimore_county","c209470f1fb84e55b6feb90cd35b84b0_9","c209470f1fb84e55b6feb90cd35b84b0","9","","yes","yes","04b-24005","yes","Landuse","Encumbrance - Landuse","14","https://bcgisdata.baltimorecountymd.gov/arcgis/rest/services/LandusePlanning/Landuse/MapServer","https://www.arcgis.com/home/item.html?id=c209470f1fb84e55b6feb90cd35b84b0&sublayer=9","https://opendata.baltimorecountymd.gov/datasets/BC-GIS::encumbrance","https://bcgisdata.baltimorecountymd.gov/arcgis/rest/services/LandusePlanning/Landuse/MapServer/9
https://opendata.baltimorecountymd.gov/datasets/BC-GIS::encumbrance","https://bcgisdata.baltimorecountymd.gov/arcgis/rest/services/LandusePlanning/Landuse/MapServer/9
https://opendata.baltimorecountymd.gov/api/download/v1/items/c209470f1fb84e55b6feb90cd35b84b0/csv?layers=9
https://opendata.baltimorecountymd.gov/api/download/v1/items/c209470f1fb84e55b6feb90cd35b84b0/geojson?layers=9
https://opendata.baltimorecountymd.gov/api/download/v1/items/c209470f1fb84e55b6feb90cd35b84b0/kml?layers=9
https://opendata.baltimorecountymd.gov/api/download/v1/items/c209470f1fb84e55b6feb90cd35b84b0/shapefile?layers=9
https://opendata.baltimorecountymd.gov/datasets/BC-GIS::encumbrance","example-feeds/BaltimoreCoHubDCAT1.1.json","outputs\2026-10-09_arcgis_primary.csv","outputs\2026-10-09_arcgis_distributions.csv"
"ClimateActionPlan - St Clines in SLR Zone 5 2ft [Maryland--Baltimore County]","ClimateActionPlan - St Clines in SLR Zone 5 2ft [Maryland--Baltimore County]","ClimateActionPlan - St Clines in SLR Zone 5 2ft","","sublayer","same as current harvest","No explicit same-item parent in feed; title unchanged by context rule; Service container shared by different ArcGIS items","baltimore_county","c340bcba789048efa0b562915224302c_11","c340bcba789048efa0b562915224302c","11","","yes","yes","04b-24005","yes","ClimateActionPlan","","28","https://bcgisdata.baltimorecountymd.gov/arcgis/rest/services/Environmental/ClimateActionPlan/MapServer","https://www.arcgis.com/home/item.html?id=c340bcba789048efa0b562915224302c&sublayer=11","https://opendata.baltimorecountymd.gov/datasets/BC-GIS::climateactionplan-st-clines-in-slr-zone-5-2ft","https://bcgisdata.baltimorecountymd.gov/arcgis/rest/services/Environmental/ClimateActionPlan/MapServer/11
https://opendata.baltimorecountymd.gov/datasets/BC-GIS::climateactionplan-st-clines-in-slr-zone-5-2ft","https://bcgisdata.baltimorecountymd.gov/arcgis/rest/services/Environmental/ClimateActionPlan/MapServer/11
https://opendata.baltimorecountymd.gov/api/download/v1/items/c340bcba789048efa0b562915224302c/csv?layers=11
https://opendata.baltimorecountymd.gov/api/download/v1/items/c340bcba789048efa0b562915224302c/geojson?layers=11
https://opendata.baltimorecountymd.gov/api/download/v1/items/c340bcba789048efa0b562915224302c/kml?layers=11
https://opendata.baltimorecountymd.gov/api/download/v1/items/c340bcba789048efa0b562915224302c/shapefile?layers=11
https://opendata.baltimorecountymd.gov/datasets/BC-GIS::climateactionplan-st-clines-in-slr-zone-5-2ft","example-feeds/BaltimoreCoHubDCAT1.1.json","outputs\2026-10-09_arcgis_primary.csv","outputs\2026-10-09_arcgis_distributions.csv"
"Basic Services - Transportation Zones [Maryland--Baltimore County]","Basic Services - Transportation Zones [Maryland--Baltimore County]","Basic Services - Transportation Zones","","sublayer","same as current harvest","No explicit same-item parent in feed; title unchanged by context rule; Service container shared by different ArcGIS items","baltimore_county","c35fd2232db14392928b2827827e9ab4_5","c35fd2232db14392928b2827827e9ab4","5","","yes","yes","04b-24005","yes","BasicServices","Basic Services - Transportation Zones - BasicServices","5","https://bcgisdata.baltimorecountymd.gov/arcgis/rest/services/DevelopmentManagement/BasicServices/MapServer","https://www.arcgis.com/home/item.html?id=c35fd2232db14392928b2827827e9ab4&sublayer=5","https://opendata.baltimorecountymd.gov/datasets/BC-GIS::basic-services-transportation-zones","https://bcgisdata.baltimorecountymd.gov/arcgis/rest/services/DevelopmentManagement/BasicServices/MapServer/5
https://opendata.baltimorecountymd.gov/datasets/BC-GIS::basic-services-transportation-zones","https://bcgisdata.baltimorecountymd.gov/arcgis/rest/services/DevelopmentManagement/BasicServices/MapServer/5
https://opendata.baltimorecountymd.gov/api/download/v1/items/c35fd2232db14392928b2827827e9ab4/csv?layers=5
https://opendata.baltimorecountymd.gov/api/download/v1/items/c35fd2232db14392928b2827827e9ab4/geojson?layers=5
https://opendata.baltimorecountymd.gov/api/download/v1/items/c35fd2232db14392928b2827827e9ab4/kml?layers=5
https://opendata.baltimorecountymd.gov/api/download/v1/items/c35fd2232db14392928b2827827e9ab4/shapefile?layers=5
https://opendata.baltimorecountymd.gov/datasets/BC-GIS::basic-services-transportation-zones","example-feeds/BaltimoreCoHubDCAT1.1.json","outputs\2026-10-09_arcgis_primary.csv","outputs\2026-10-09_arcgis_distributions.csv"
"","","Active Development Search","","standalone_item","not included by updated rules","Still excluded by existing filter or parent eligibility checks","baltimore_county","c391da56ddb84353879a281a57556edf","c391da56ddb84353879a281a57556edf","","","no","no","","no","","","0","","https://www.arcgis.com/home/item.html?id=c391da56ddb84353879a281a57556edf","https://opendata.baltimorecountymd.gov/apps/BC-GIS::active-development-search","","","example-feeds/BaltimoreCoHubDCAT1.1.json","outputs\2026-10-09_arcgis_primary.csv","outputs\2026-10-09_arcgis_distributions.csv"
"Flood Hazard Area [Maryland--Baltimore County]","Flood Hazard Area [Maryland--Baltimore County]","Flood Hazard Area","","sublayer","same as current harvest","No explicit same-item parent in feed; title unchanged by context rule; Service container shared by different ArcGIS items","baltimore_county","c4c74231efbf4d78a8a41d69daf744ef_13","c4c74231efbf4d78a8a41d69daf744ef","13","","yes","yes","04b-24005","yes","Floodplain","Flood Hazard Area - Floodplain","13","https://bcgisdata.baltimorecountymd.gov/arcgis/rest/services/DevelopmentManagement/Floodplain/MapServer","https://www.arcgis.com/home/item.html?id=c4c74231efbf4d78a8a41d69daf744ef&sublayer=13","https://opendata.baltimorecountymd.gov/datasets/BC-GIS::flood-hazard-area","https://bcgisdata.baltimorecountymd.gov/arcgis/rest/services/DevelopmentManagement/Floodplain/MapServer/13
https://opendata.baltimorecountymd.gov/datasets/BC-GIS::flood-hazard-area","https://bcgisdata.baltimorecountymd.gov/arcgis/rest/services/DevelopmentManagement/Floodplain/MapServer/13
https://opendata.baltimorecountymd.gov/api/download/v1/items/c4c74231efbf4d78a8a41d69daf744ef/csv?layers=13
https://opendata.baltimorecountymd.gov/api/download/v1/items/c4c74231efbf4d78a8a41d69daf744ef/geojson?layers=13
https://opendata.baltimorecountymd.gov/api/download/v1/items/c4c74231efbf4d78a8a41d69daf744ef/kml?layers=13
https://opendata.baltimorecountymd.gov/api/download/v1/items/c4c74231efbf4d78a8a41d69daf744ef/shapefile?layers=13
https://opendata.baltimorecountymd.gov/datasets/BC-GIS::flood-hazard-area","example-feeds/BaltimoreCoHubDCAT1.1.json","outputs\2026-10-09_arcgis_primary.csv","outputs\2026-10-09_arcgis_distributions.csv"
"Zoning History [Maryland--Baltimore County]","Zoning History [Maryland--Baltimore County]","Zoning History","","sublayer","same as current harvest","No explicit same-item parent in feed; title unchanged by context rule; Service container shared by different ArcGIS items","baltimore_county","c59695f4ea3b4613822bab9f5f2d3a12_0","c59695f4ea3b4613822bab9f5f2d3a12","0","","yes","yes","04b-24005","yes","DevelopmentReview","Zoning History - DevelopmentReview","4","https://bcgisdata.baltimorecountymd.gov/arcgis/rest/services/DevelopmentManagement/DevelopmentReview/MapServer","https://www.arcgis.com/home/item.html?id=c59695f4ea3b4613822bab9f5f2d3a12&sublayer=0","https://opendata.baltimorecountymd.gov/datasets/BC-GIS::zoning-history","https://bcgisdata.baltimorecountymd.gov/arcgis/rest/services/DevelopmentManagement/DevelopmentReview/MapServer/0
https://opendata.baltimorecountymd.gov/datasets/BC-GIS::zoning-history","https://bcgisdata.baltimorecountymd.gov/arcgis/rest/services/DevelopmentManagement/DevelopmentReview/MapServer/0
https://opendata.baltimorecountymd.gov/api/download/v1/items/c59695f4ea3b4613822bab9f5f2d3a12/csv?layers=0
https://opendata.baltimorecountymd.gov/api/download/v1/items/c59695f4ea3b4613822bab9f5f2d3a12/geojson?layers=0
https://opendata.baltimorecountymd.gov/api/download/v1/items/c59695f4ea3b4613822bab9f5f2d3a12/kml?layers=0
https://opendata.baltimorecountymd.gov/api/download/v1/items/c59695f4ea3b4613822bab9f5f2d3a12/shapefile?layers=0
https://opendata.baltimorecountymd.gov/datasets/BC-GIS::zoning-history","example-feeds/BaltimoreCoHubDCAT1.1.json","outputs\2026-10-09_arcgis_primary.csv","outputs\2026-10-09_arcgis_distributions.csv"
"Metropolitan District [Maryland--Baltimore County]","Metropolitan District [Maryland--Baltimore County]","Metropolitan District","","sublayer","same as current harvest","No explicit same-item parent in feed; title unchanged by context rule; Service container shared by different ArcGIS items","baltimore_county","c5a37849074b4f1cb368848beecfe9ec_4","c5a37849074b4f1cb368848beecfe9ec","4","","yes","yes","04b-24005","yes","DevelopmentReview","Metropolitan District - DevelopmentReview","4","https://bcgisdata.baltimorecountymd.gov/arcgis/rest/services/DevelopmentManagement/DevelopmentReview/MapServer","https://www.arcgis.com/home/item.html?id=c5a37849074b4f1cb368848beecfe9ec&sublayer=4","https://opendata.baltimorecountymd.gov/datasets/BC-GIS::metropolitan-district","https://bcgisdata.baltimorecountymd.gov/arcgis/rest/services/DevelopmentManagement/DevelopmentReview/MapServer/4
https://opendata.baltimorecountymd.gov/datasets/BC-GIS::metropolitan-district","https://bcgisdata.baltimorecountymd.gov/arcgis/rest/services/DevelopmentManagement/DevelopmentReview/MapServer/4
https://opendata.baltimorecountymd.gov/api/download/v1/items/c5a37849074b4f1cb368848beecfe9ec/csv?layers=4
https://opendata.baltimorecountymd.gov/api/download/v1/items/c5a37849074b4f1cb368848beecfe9ec/geojson?layers=4
https://opendata.baltimorecountymd.gov/api/download/v1/items/c5a37849074b4f1cb368848beecfe9ec/kml?layers=4
https://opendata.baltimorecountymd.gov/api/download/v1/items/c5a37849074b4f1cb368848beecfe9ec/shapefile?layers=4
https://opendata.baltimorecountymd.gov/datasets/BC-GIS::metropolitan-district","example-feeds/BaltimoreCoHubDCAT1.1.json","outputs\2026-10-09_arcgis_primary.csv","outputs\2026-10-09_arcgis_distributions.csv"
"Land Preservation Easements [Maryland--Baltimore County]","Land Preservation Easements [Maryland--Baltimore County]","Land Preservation Easements","","sublayer","same as current harvest","No explicit same-item parent in feed; title unchanged by context rule; Service container shared by different ArcGIS items","baltimore_county","c74c1e05d82840439f3a7cb13c7e31ae_2","c74c1e05d82840439f3a7cb13c7e31ae","2","","yes","yes","04b-24005","yes","LandPreservation","Land Preservation Easements - LandPreservation","3","https://bcgisdata.baltimorecountymd.gov/arcgis/rest/services/LandPreservation/LandPreservation/MapServer","https://www.arcgis.com/home/item.html?id=c74c1e05d82840439f3a7cb13c7e31ae&sublayer=2","https://opendata.baltimorecountymd.gov/datasets/BC-GIS::land-preservation-easements","https://bcgisdata.baltimorecountymd.gov/arcgis/rest/services/LandPreservation/LandPreservation/MapServer/2
https://opendata.baltimorecountymd.gov/datasets/BC-GIS::land-preservation-easements","https://bcgisdata.baltimorecountymd.gov/arcgis/rest/services/LandPreservation/LandPreservation/MapServer/2
https://opendata.baltimorecountymd.gov/api/download/v1/items/c74c1e05d82840439f3a7cb13c7e31ae/csv?layers=2
https://opendata.baltimorecountymd.gov/api/download/v1/items/c74c1e05d82840439f3a7cb13c7e31ae/geojson?layers=2
https://opendata.baltimorecountymd.gov/api/download/v1/items/c74c1e05d82840439f3a7cb13c7e31ae/kml?layers=2
https://opendata.baltimorecountymd.gov/api/download/v1/items/c74c1e05d82840439f3a7cb13c7e31ae/shapefile?layers=2
https://opendata.baltimorecountymd.gov/datasets/BC-GIS::land-preservation-easements","example-feeds/BaltimoreCoHubDCAT1.1.json","outputs\2026-10-09_arcgis_primary.csv","outputs\2026-10-09_arcgis_distributions.csv"
"Voter Precincts [Maryland--Baltimore County]","Voter Precincts [Maryland--Baltimore County]","Voter Precincts","","sublayer","same as current harvest","No explicit same-item parent in feed; title unchanged by context rule; Service container shared by different ArcGIS items","baltimore_county","c8138fe491fd43e3966b10525451ca68_2","c8138fe491fd43e3966b10525451ca68","2","","yes","yes","04b-24005","yes","Political","Voter Precincts - Political","9","https://bcgisdata.baltimorecountymd.gov/arcgis/rest/services/Political/Political/MapServer","https://www.arcgis.com/home/item.html?id=c8138fe491fd43e3966b10525451ca68&sublayer=2","https://opendata.baltimorecountymd.gov/datasets/BC-GIS::voter-precincts","https://bcgisdata.baltimorecountymd.gov/arcgis/rest/services/Political/Political/MapServer/2
https://opendata.baltimorecountymd.gov/datasets/BC-GIS::voter-precincts","https://bcgisdata.baltimorecountymd.gov/arcgis/rest/services/Political/Political/MapServer/2
https://opendata.baltimorecountymd.gov/api/download/v1/items/c8138fe491fd43e3966b10525451ca68/csv?layers=2
https://opendata.baltimorecountymd.gov/api/download/v1/items/c8138fe491fd43e3966b10525451ca68/geojson?layers=2
https://opendata.baltimorecountymd.gov/api/download/v1/items/c8138fe491fd43e3966b10525451ca68/kml?layers=2
https://opendata.baltimorecountymd.gov/api/download/v1/items/c8138fe491fd43e3966b10525451ca68/shapefile?layers=2
https://opendata.baltimorecountymd.gov/datasets/BC-GIS::voter-precincts","example-feeds/BaltimoreCoHubDCAT1.1.json","outputs\2026-10-09_arcgis_primary.csv","outputs\2026-10-09_arcgis_distributions.csv"
"Road Edge of Pavement [Maryland--Baltimore County]","Road Edge of Pavement [Maryland--Baltimore County]","Road Edge of Pavement","","sublayer","same as current harvest","No explicit same-item parent in feed; title unchanged by context rule; Service container shared by different ArcGIS items","baltimore_county","c8301bf4b8ed463a8949cd71b4188c41_6","c8301bf4b8ed463a8949cd71b4188c41","6","","yes","yes","04b-24005","yes","Transportation","Road Edge of Pavement - Transportation","16","https://bcgisdata.baltimorecountymd.gov/arcgis/rest/services/Transportation/Transportation/MapServer","https://www.arcgis.com/home/item.html?id=c8301bf4b8ed463a8949cd71b4188c41&sublayer=6","https://opendata.baltimorecountymd.gov/datasets/BC-GIS::road-edge-of-pavement","https://bcgisdata.baltimorecountymd.gov/arcgis/rest/services/Transportation/Transportation/MapServer/6
https://opendata.baltimorecountymd.gov/datasets/BC-GIS::road-edge-of-pavement","https://bcgisdata.baltimorecountymd.gov/arcgis/rest/services/Transportation/Transportation/MapServer/6
https://opendata.baltimorecountymd.gov/api/download/v1/items/c8301bf4b8ed463a8949cd71b4188c41/csv?layers=6
https://opendata.baltimorecountymd.gov/api/download/v1/items/c8301bf4b8ed463a8949cd71b4188c41/geojson?layers=6
https://opendata.baltimorecountymd.gov/api/download/v1/items/c8301bf4b8ed463a8949cd71b4188c41/kml?layers=6
https://opendata.baltimorecountymd.gov/api/download/v1/items/c8301bf4b8ed463a8949cd71b4188c41/shapefile?layers=6
https://opendata.baltimorecountymd.gov/datasets/BC-GIS::road-edge-of-pavement","example-feeds/BaltimoreCoHubDCAT1.1.json","outputs\2026-10-09_arcgis_primary.csv","outputs\2026-10-09_arcgis_distributions.csv"
"High Water Marks Isabel [Maryland--Baltimore County]","High Water Marks Isabel [Maryland--Baltimore County]","High Water Marks Isabel","","sublayer","same as current harvest","No explicit same-item parent in feed; title unchanged by context rule; Service container shared by different ArcGIS items","baltimore_county","c95ea951011d47a7aa49646ab274ed5f_43","c95ea951011d47a7aa49646ab274ed5f","43","","yes","yes","04b-24005","yes","Floodplain","High Water Marks Isabel - Floodplain","13","https://bcgisdata.baltimorecountymd.gov/arcgis/rest/services/DevelopmentManagement/Floodplain/MapServer","https://www.arcgis.com/home/item.html?id=c95ea951011d47a7aa49646ab274ed5f&sublayer=43","https://opendata.baltimorecountymd.gov/datasets/BC-GIS::high-water-marks-isabel","https://bcgisdata.baltimorecountymd.gov/arcgis/rest/services/DevelopmentManagement/Floodplain/MapServer/43
https://opendata.baltimorecountymd.gov/datasets/BC-GIS::high-water-marks-isabel","https://bcgisdata.baltimorecountymd.gov/arcgis/rest/services/DevelopmentManagement/Floodplain/MapServer/43
https://opendata.baltimorecountymd.gov/api/download/v1/items/c95ea951011d47a7aa49646ab274ed5f/csv?layers=43
https://opendata.baltimorecountymd.gov/api/download/v1/items/c95ea951011d47a7aa49646ab274ed5f/geojson?layers=43
https://opendata.baltimorecountymd.gov/api/download/v1/items/c95ea951011d47a7aa49646ab274ed5f/kml?layers=43
https://opendata.baltimorecountymd.gov/api/download/v1/items/c95ea951011d47a7aa49646ab274ed5f/shapefile?layers=43
https://opendata.baltimorecountymd.gov/datasets/BC-GIS::high-water-marks-isabel","example-feeds/BaltimoreCoHubDCAT1.1.json","outputs\2026-10-09_arcgis_primary.csv","outputs\2026-10-09_arcgis_distributions.csv"
"Developer Floodplain Studies [Maryland--Baltimore County]","Developer Floodplain Studies [Maryland--Baltimore County]","Developer Floodplain Studies","","sublayer","same as current harvest","No explicit same-item parent in feed; title unchanged by context rule; Service container shared by different ArcGIS items","baltimore_county","c9acf2020f884f05bf70f33493e8b49e_37","c9acf2020f884f05bf70f33493e8b49e","37","","yes","yes","04b-24005","yes","Floodplain","","13","https://bcgisdata.baltimorecountymd.gov/arcgis/rest/services/DevelopmentManagement/Floodplain/MapServer","https://www.arcgis.com/home/item.html?id=c9acf2020f884f05bf70f33493e8b49e&sublayer=37","https://opendata.baltimorecountymd.gov/datasets/BC-GIS::developer-floodplain-studies","https://bcgisdata.baltimorecountymd.gov/arcgis/rest/services/DevelopmentManagement/Floodplain/MapServer/37
https://opendata.baltimorecountymd.gov/datasets/BC-GIS::developer-floodplain-studies","https://bcgisdata.baltimorecountymd.gov/arcgis/rest/services/DevelopmentManagement/Floodplain/MapServer/37
https://opendata.baltimorecountymd.gov/api/download/v1/items/c9acf2020f884f05bf70f33493e8b49e/csv?layers=37
https://opendata.baltimorecountymd.gov/api/download/v1/items/c9acf2020f884f05bf70f33493e8b49e/geojson?layers=37
https://opendata.baltimorecountymd.gov/api/download/v1/items/c9acf2020f884f05bf70f33493e8b49e/kml?layers=37
https://opendata.baltimorecountymd.gov/api/download/v1/items/c9acf2020f884f05bf70f33493e8b49e/shapefile?layers=37
https://opendata.baltimorecountymd.gov/datasets/BC-GIS::developer-floodplain-studies","example-feeds/BaltimoreCoHubDCAT1.1.json","outputs\2026-10-09_arcgis_primary.csv","outputs\2026-10-09_arcgis_distributions.csv"
"Census Block Groups 2020 [Maryland--Baltimore County]","Census Block Groups 2020 [Maryland--Baltimore County]","Census Block Groups 2020","","sublayer","same as current harvest","No explicit same-item parent in feed; title unchanged by context rule; Service container shared by different ArcGIS items","baltimore_county","ca039098b64c4456ac1f0ae1ad495c47_9","ca039098b64c4456ac1f0ae1ad495c47","9","","yes","yes","04b-24005","yes","Demographics","Census Block Groups 2020 - Demographics","10","https://bcgisdata.baltimorecountymd.gov/arcgis/rest/services/Demographics/Demographics/MapServer","https://www.arcgis.com/home/item.html?id=ca039098b64c4456ac1f0ae1ad495c47&sublayer=9","https://opendata.baltimorecountymd.gov/datasets/BC-GIS::census-block-groups-2020","https://bcgisdata.baltimorecountymd.gov/arcgis/rest/services/Demographics/Demographics/MapServer/9
https://opendata.baltimorecountymd.gov/datasets/BC-GIS::census-block-groups-2020","https://bcgisdata.baltimorecountymd.gov/arcgis/rest/services/Demographics/Demographics/MapServer/9
https://opendata.baltimorecountymd.gov/api/download/v1/items/ca039098b64c4456ac1f0ae1ad495c47/csv?layers=9
https://opendata.baltimorecountymd.gov/api/download/v1/items/ca039098b64c4456ac1f0ae1ad495c47/geojson?layers=9
https://opendata.baltimorecountymd.gov/api/download/v1/items/ca039098b64c4456ac1f0ae1ad495c47/kml?layers=9
https://opendata.baltimorecountymd.gov/api/download/v1/items/ca039098b64c4456ac1f0ae1ad495c47/shapefile?layers=9
https://opendata.baltimorecountymd.gov/datasets/BC-GIS::census-block-groups-2020","example-feeds/BaltimoreCoHubDCAT1.1.json","outputs\2026-10-09_arcgis_primary.csv","outputs\2026-10-09_arcgis_distributions.csv"
"CZMP Issues 1996 [Maryland--Baltimore County]","CZMP Issues 1996 [Maryland--Baltimore County]","CZMP Issues 1996","","sublayer","same as current harvest","No explicit same-item parent in feed; title unchanged by context rule; Service container shared by different ArcGIS items","baltimore_county","cb933c79b39843a4a135272bde09f8f8_2","cb933c79b39843a4a135272bde09f8f8","2","","yes","yes","04b-24005","yes","Zoning","CZMP Issues 1996 - Zoning","16","https://bcgisdata.baltimorecountymd.gov/arcgis/rest/services/DevelopmentManagement/Zoning/MapServer","https://www.arcgis.com/home/item.html?id=cb933c79b39843a4a135272bde09f8f8&sublayer=2","https://opendata.baltimorecountymd.gov/datasets/BC-GIS::czmp-issues-1996","https://bcgisdata.baltimorecountymd.gov/arcgis/rest/services/DevelopmentManagement/Zoning/MapServer/2
https://opendata.baltimorecountymd.gov/datasets/BC-GIS::czmp-issues-1996","https://bcgisdata.baltimorecountymd.gov/arcgis/rest/services/DevelopmentManagement/Zoning/MapServer/2
https://opendata.baltimorecountymd.gov/api/download/v1/items/cb933c79b39843a4a135272bde09f8f8/csv?layers=2
https://opendata.baltimorecountymd.gov/api/download/v1/items/cb933c79b39843a4a135272bde09f8f8/geojson?layers=2
https://opendata.baltimorecountymd.gov/api/download/v1/items/cb933c79b39843a4a135272bde09f8f8/kml?layers=2
https://opendata.baltimorecountymd.gov/api/download/v1/items/cb933c79b39843a4a135272bde09f8f8/shapefile?layers=2
https://opendata.baltimorecountymd.gov/datasets/BC-GIS::czmp-issues-1996","example-feeds/BaltimoreCoHubDCAT1.1.json","outputs\2026-10-09_arcgis_primary.csv","outputs\2026-10-09_arcgis_distributions.csv"
"Local Roads [Maryland--Baltimore County]","Local Roads [Maryland--Baltimore County]","Local Roads","","sublayer","same as current harvest","No explicit same-item parent in feed; title unchanged by context rule; Service container shared by different ArcGIS items","baltimore_county","cbcec9513fcf49c2854e7a181261f797_5","cbcec9513fcf49c2854e7a181261f797","5","","yes","yes","04b-24005","yes","Centerlines","Local Roads - Centerlines","7","https://bcgisdata.baltimorecountymd.gov/arcgis/rest/services/Transportation/Centerlines/MapServer","https://www.arcgis.com/home/item.html?id=cbcec9513fcf49c2854e7a181261f797&sublayer=5","https://opendata.baltimorecountymd.gov/datasets/BC-GIS::local-roads","https://bcgisdata.baltimorecountymd.gov/arcgis/rest/services/Transportation/Centerlines/MapServer/5
https://opendata.baltimorecountymd.gov/datasets/BC-GIS::local-roads","https://bcgisdata.baltimorecountymd.gov/arcgis/rest/services/Transportation/Centerlines/MapServer/5
https://opendata.baltimorecountymd.gov/api/download/v1/items/cbcec9513fcf49c2854e7a181261f797/csv?layers=5
https://opendata.baltimorecountymd.gov/api/download/v1/items/cbcec9513fcf49c2854e7a181261f797/geojson?layers=5
https://opendata.baltimorecountymd.gov/api/download/v1/items/cbcec9513fcf49c2854e7a181261f797/kml?layers=5
https://opendata.baltimorecountymd.gov/api/download/v1/items/cbcec9513fcf49c2854e7a181261f797/shapefile?layers=5
https://opendata.baltimorecountymd.gov/datasets/BC-GIS::local-roads","example-feeds/BaltimoreCoHubDCAT1.1.json","outputs\2026-10-09_arcgis_primary.csv","outputs\2026-10-09_arcgis_distributions.csv"
"Priority Funding Areas [Maryland--Baltimore County]","Priority Funding Areas [Maryland--Baltimore County]","Priority Funding Areas","","sublayer","same as current harvest","No explicit same-item parent in feed; title unchanged by context rule; Service container shared by different ArcGIS items","baltimore_county","cc1fccb0386b4fcfafd9a82408f6270d_4","cc1fccb0386b4fcfafd9a82408f6270d","4","","yes","yes","04b-24005","yes","Landuse","Priority Funding Areas - Landuse","14","https://bcgisdata.baltimorecountymd.gov/arcgis/rest/services/LandusePlanning/Landuse/MapServer","https://www.arcgis.com/home/item.html?id=cc1fccb0386b4fcfafd9a82408f6270d&sublayer=4","https://opendata.baltimorecountymd.gov/datasets/BC-GIS::priority-funding-areas","https://bcgisdata.baltimorecountymd.gov/arcgis/rest/services/LandusePlanning/Landuse/MapServer/4
https://opendata.baltimorecountymd.gov/datasets/BC-GIS::priority-funding-areas","https://bcgisdata.baltimorecountymd.gov/arcgis/rest/services/LandusePlanning/Landuse/MapServer/4
https://opendata.baltimorecountymd.gov/api/download/v1/items/cc1fccb0386b4fcfafd9a82408f6270d/csv?layers=4
https://opendata.baltimorecountymd.gov/api/download/v1/items/cc1fccb0386b4fcfafd9a82408f6270d/geojson?layers=4
https://opendata.baltimorecountymd.gov/api/download/v1/items/cc1fccb0386b4fcfafd9a82408f6270d/kml?layers=4
https://opendata.baltimorecountymd.gov/api/download/v1/items/cc1fccb0386b4fcfafd9a82408f6270d/shapefile?layers=4
https://opendata.baltimorecountymd.gov/datasets/BC-GIS::priority-funding-areas","example-feeds/BaltimoreCoHubDCAT1.1.json","outputs\2026-10-09_arcgis_primary.csv","outputs\2026-10-09_arcgis_distributions.csv"
"Elevation Certificates [Maryland--Baltimore County]","Elevation Certificates [Maryland--Baltimore County]","Elevation Certificates","","sublayer","same as current harvest","No explicit same-item parent in feed; title unchanged by context rule; Service container shared by different ArcGIS items","baltimore_county","cc343c9eed344e85a6f14f80b0adc72d_1","cc343c9eed344e85a6f14f80b0adc72d","1","","yes","yes","04b-24005","yes","Floodplain","Elevation Certificates - Floodplain","13","https://bcgisdata.baltimorecountymd.gov/arcgis/rest/services/DevelopmentManagement/Floodplain/MapServer","https://www.arcgis.com/home/item.html?id=cc343c9eed344e85a6f14f80b0adc72d&sublayer=1","https://opendata.baltimorecountymd.gov/datasets/BC-GIS::elevation-certificates","https://bcgisdata.baltimorecountymd.gov/arcgis/rest/services/DevelopmentManagement/Floodplain/MapServer/1
https://opendata.baltimorecountymd.gov/datasets/BC-GIS::elevation-certificates","https://bcgisdata.baltimorecountymd.gov/arcgis/rest/services/DevelopmentManagement/Floodplain/MapServer/1
https://opendata.baltimorecountymd.gov/api/download/v1/items/cc343c9eed344e85a6f14f80b0adc72d/csv?layers=1
https://opendata.baltimorecountymd.gov/api/download/v1/items/cc343c9eed344e85a6f14f80b0adc72d/geojson?layers=1
https://opendata.baltimorecountymd.gov/api/download/v1/items/cc343c9eed344e85a6f14f80b0adc72d/kml?layers=1
https://opendata.baltimorecountymd.gov/api/download/v1/items/cc343c9eed344e85a6f14f80b0adc72d/shapefile?layers=1
https://opendata.baltimorecountymd.gov/datasets/BC-GIS::elevation-certificates","example-feeds/BaltimoreCoHubDCAT1.1.json","outputs\2026-10-09_arcgis_primary.csv","outputs\2026-10-09_arcgis_distributions.csv"
"Growth Tiers [Maryland--Baltimore County]","Growth Tiers [Maryland--Baltimore County]","Growth Tiers","","sublayer","same as current harvest","No explicit same-item parent in feed; title unchanged by context rule; Service container shared by different ArcGIS items","baltimore_county","cc64f4d8d13749779bb19d26053eef95_2","cc64f4d8d13749779bb19d26053eef95","2","","yes","yes","04b-24005","yes","DevelopmentReview","Growth Tiers - DevelopmentReview","4","https://bcgisdata.baltimorecountymd.gov/arcgis/rest/services/DevelopmentManagement/DevelopmentReview/MapServer","https://www.arcgis.com/home/item.html?id=cc64f4d8d13749779bb19d26053eef95&sublayer=2","https://opendata.baltimorecountymd.gov/datasets/BC-GIS::growth-tiers","https://bcgisdata.baltimorecountymd.gov/arcgis/rest/services/DevelopmentManagement/DevelopmentReview/MapServer/2
https://opendata.baltimorecountymd.gov/datasets/BC-GIS::growth-tiers","https://bcgisdata.baltimorecountymd.gov/arcgis/rest/services/DevelopmentManagement/DevelopmentReview/MapServer/2
https://opendata.baltimorecountymd.gov/api/download/v1/items/cc64f4d8d13749779bb19d26053eef95/csv?layers=2
https://opendata.baltimorecountymd.gov/api/download/v1/items/cc64f4d8d13749779bb19d26053eef95/geojson?layers=2
https://opendata.baltimorecountymd.gov/api/download/v1/items/cc64f4d8d13749779bb19d26053eef95/kml?layers=2
https://opendata.baltimorecountymd.gov/api/download/v1/items/cc64f4d8d13749779bb19d26053eef95/shapefile?layers=2
https://opendata.baltimorecountymd.gov/datasets/BC-GIS::growth-tiers","example-feeds/BaltimoreCoHubDCAT1.1.json","outputs\2026-10-09_arcgis_primary.csv","outputs\2026-10-09_arcgis_distributions.csv"
"Plats [Maryland--Baltimore County]","Plats [Maryland--Baltimore County]","Plats","","sublayer","same as current harvest","No explicit same-item parent in feed; title unchanged by context rule; Service container shared by different ArcGIS items","baltimore_county","cd34c85cd7dd49d59021f284f1adafdd_3","cd34c85cd7dd49d59021f284f1adafdd","3","","yes","yes","04b-24005","yes","Property","Plats - Property","3","https://bcgisdata.baltimorecountymd.gov/arcgis/rest/services/Property/Property/MapServer","https://www.arcgis.com/home/item.html?id=cd34c85cd7dd49d59021f284f1adafdd&sublayer=3","https://opendata.baltimorecountymd.gov/datasets/BC-GIS::plats","https://bcgisdata.baltimorecountymd.gov/arcgis/rest/services/Property/Property/MapServer/3
https://opendata.baltimorecountymd.gov/datasets/BC-GIS::plats","https://bcgisdata.baltimorecountymd.gov/arcgis/rest/services/Property/Property/MapServer/3
https://opendata.baltimorecountymd.gov/api/download/v1/items/cd34c85cd7dd49d59021f284f1adafdd/csv?layers=3
https://opendata.baltimorecountymd.gov/api/download/v1/items/cd34c85cd7dd49d59021f284f1adafdd/geojson?layers=3
https://opendata.baltimorecountymd.gov/api/download/v1/items/cd34c85cd7dd49d59021f284f1adafdd/kml?layers=3
https://opendata.baltimorecountymd.gov/api/download/v1/items/cd34c85cd7dd49d59021f284f1adafdd/shapefile?layers=3
https://opendata.baltimorecountymd.gov/datasets/BC-GIS::plats","example-feeds/BaltimoreCoHubDCAT1.1.json","outputs\2026-10-09_arcgis_primary.csv","outputs\2026-10-09_arcgis_distributions.csv"
"Permits [Maryland--Baltimore County]","Permits [Maryland--Baltimore County]","Permits","","sublayer","same as current harvest","No explicit same-item parent in feed; title unchanged by context rule; Service container shared by different ArcGIS items","baltimore_county","cfd6eb593b524875a80e3c45e4575fa9_4","cfd6eb593b524875a80e3c45e4575fa9","4","","yes","yes","04b-24005","yes","ActiveDevelopment","Permits - ActiveDevelopment","8","https://bcgisdata.baltimorecountymd.gov/arcgis/rest/services/DevelopmentManagement/ActiveDevelopment/MapServer","https://www.arcgis.com/home/item.html?id=cfd6eb593b524875a80e3c45e4575fa9&sublayer=4","https://opendata.baltimorecountymd.gov/datasets/BC-GIS::permits","https://bcgisdata.baltimorecountymd.gov/arcgis/rest/services/DevelopmentManagement/ActiveDevelopment/MapServer/4
https://opendata.baltimorecountymd.gov/datasets/BC-GIS::permits","https://bcgisdata.baltimorecountymd.gov/arcgis/rest/services/DevelopmentManagement/ActiveDevelopment/MapServer/4
https://opendata.baltimorecountymd.gov/api/download/v1/items/cfd6eb593b524875a80e3c45e4575fa9/csv?layers=4
https://opendata.baltimorecountymd.gov/api/download/v1/items/cfd6eb593b524875a80e3c45e4575fa9/geojson?layers=4
https://opendata.baltimorecountymd.gov/api/download/v1/items/cfd6eb593b524875a80e3c45e4575fa9/kml?layers=4
https://opendata.baltimorecountymd.gov/api/download/v1/items/cfd6eb593b524875a80e3c45e4575fa9/shapefile?layers=4
https://opendata.baltimorecountymd.gov/datasets/BC-GIS::permits","example-feeds/BaltimoreCoHubDCAT1.1.json","outputs\2026-10-09_arcgis_primary.csv","outputs\2026-10-09_arcgis_distributions.csv"
"Master Plan 2030 Place Types Adopted [Maryland--Baltimore County]","Master Plan 2030 Place Types Adopted [Maryland--Baltimore County]","Master Plan 2030 Place Types Adopted","","sublayer","same as current harvest","No explicit same-item parent in feed; title unchanged by context rule; Service container shared by different ArcGIS items","baltimore_county","d0b9c8da110049909f042e069fea642c_7","d0b9c8da110049909f042e069fea642c","7","","yes","yes","04b-24005","yes","MasterPlans2030Retrofit","Master Plan 2030 Place Types Adopted - MasterPlans2030Retrofit","6","https://bcgisapps.baltimorecountymd.gov/arcgis/rest/services/MasterPlans2030Retrofit/MapServer","https://www.arcgis.com/home/item.html?id=d0b9c8da110049909f042e069fea642c&sublayer=7","https://opendata.baltimorecountymd.gov/datasets/BC-GIS::master-plan-2030-place-types-adopted","https://bcgisapps.baltimorecountymd.gov/arcgis/rest/services/MasterPlans2030Retrofit/MapServer/7
https://opendata.baltimorecountymd.gov/datasets/BC-GIS::master-plan-2030-place-types-adopted","https://bcgisapps.baltimorecountymd.gov/arcgis/rest/services/MasterPlans2030Retrofit/MapServer/7
https://opendata.baltimorecountymd.gov/api/download/v1/items/d0b9c8da110049909f042e069fea642c/csv?layers=7
https://opendata.baltimorecountymd.gov/api/download/v1/items/d0b9c8da110049909f042e069fea642c/geojson?layers=7
https://opendata.baltimorecountymd.gov/api/download/v1/items/d0b9c8da110049909f042e069fea642c/kml?layers=7
https://opendata.baltimorecountymd.gov/api/download/v1/items/d0b9c8da110049909f042e069fea642c/shapefile?layers=7
https://opendata.baltimorecountymd.gov/datasets/BC-GIS::master-plan-2030-place-types-adopted","example-feeds/BaltimoreCoHubDCAT1.1.json","outputs\2026-10-09_arcgis_primary.csv","outputs\2026-10-09_arcgis_distributions.csv"
"Master Plan 2030 Retrofit Points [Maryland--Baltimore County]","Master Plan 2030 Retrofit Points [Maryland--Baltimore County]","Master Plan 2030 Retrofit Points","","sublayer","same as current harvest","No explicit same-item parent in feed; title unchanged by context rule; Service container shared by different ArcGIS items","baltimore_county","d4135365293941268c01711b4981f8df_0","d4135365293941268c01711b4981f8df","0","","yes","yes","04b-24005","yes","MasterPlans2030Retrofit","Master Plan 2030 Retrofit Points - MasterPlans2030Retrofit","6","https://bcgisapps.baltimorecountymd.gov/arcgis/rest/services/MasterPlans2030Retrofit/MapServer","https://www.arcgis.com/home/item.html?id=d4135365293941268c01711b4981f8df&sublayer=0","https://opendata.baltimorecountymd.gov/datasets/BC-GIS::master-plan-2030-retrofit-points","https://bcgisapps.baltimorecountymd.gov/arcgis/rest/services/MasterPlans2030Retrofit/MapServer/0
https://opendata.baltimorecountymd.gov/datasets/BC-GIS::master-plan-2030-retrofit-points","https://bcgisapps.baltimorecountymd.gov/arcgis/rest/services/MasterPlans2030Retrofit/MapServer/0
https://opendata.baltimorecountymd.gov/api/download/v1/items/d4135365293941268c01711b4981f8df/csv?layers=0
https://opendata.baltimorecountymd.gov/api/download/v1/items/d4135365293941268c01711b4981f8df/geojson?layers=0
https://opendata.baltimorecountymd.gov/api/download/v1/items/d4135365293941268c01711b4981f8df/kml?layers=0
https://opendata.baltimorecountymd.gov/api/download/v1/items/d4135365293941268c01711b4981f8df/shapefile?layers=0
https://opendata.baltimorecountymd.gov/datasets/BC-GIS::master-plan-2030-retrofit-points","example-feeds/BaltimoreCoHubDCAT1.1.json","outputs\2026-10-09_arcgis_primary.csv","outputs\2026-10-09_arcgis_distributions.csv"
"Bill 55-25 Proposed Marks Amendment to Patoka/Ertel Amendment [Maryland--Baltimore County]","Bill 55-25 Proposed Marks Amendment to Patoka/Ertel Amendment [Maryland--Baltimore County]","Bill 55-25 Proposed Marks Amendment to Patoka/Ertel Amendment","","sublayer","same as current harvest","No explicit same-item parent in feed; title unchanged by context rule","baltimore_county","d48f067343814cce9d11da1f0d004c50_0","d48f067343814cce9d11da1f0d004c50","0","","yes","yes","04b-24005","yes","Bill%2055-25%20Proposed%20Amendment%20Marks","Bill 55-25 Proposed Marks Amendment to Patoka/Ertel Amendment - Bill%2055-25%20Proposed%20Amendment%20Marks","1","https://services2.arcgis.com/Ynpzre7M7vSGY7dh/arcgis/rest/services/Bill%2055-25%20Proposed%20Amendment%20Marks/FeatureServer","https://www.arcgis.com/home/item.html?id=d48f067343814cce9d11da1f0d004c50&sublayer=0","https://opendata.baltimorecountymd.gov/datasets/BC-GIS::bill-55-25-proposed-marks-amendment-to-patoka-ertel-amendment","https://opendata.baltimorecountymd.gov/datasets/BC-GIS::bill-55-25-proposed-marks-amendment-to-patoka-ertel-amendment
https://services2.arcgis.com/Ynpzre7M7vSGY7dh/arcgis/rest/services/Bill%2055-25%20Proposed%20Amendment%20Marks/FeatureServer/0","https://opendata.baltimorecountymd.gov/api/download/v1/items/d48f067343814cce9d11da1f0d004c50/csv?layers=0
https://opendata.baltimorecountymd.gov/api/download/v1/items/d48f067343814cce9d11da1f0d004c50/geojson?layers=0
https://opendata.baltimorecountymd.gov/api/download/v1/items/d48f067343814cce9d11da1f0d004c50/kml?layers=0
https://opendata.baltimorecountymd.gov/api/download/v1/items/d48f067343814cce9d11da1f0d004c50/shapefile?layers=0
https://opendata.baltimorecountymd.gov/datasets/BC-GIS::bill-55-25-proposed-marks-amendment-to-patoka-ertel-amendment
https://services2.arcgis.com/Ynpzre7M7vSGY7dh/arcgis/rest/services/Bill%2055-25%20Proposed%20Amendment%20Marks/FeatureServer/0","example-feeds/BaltimoreCoHubDCAT1.1.json","outputs\2026-10-09_arcgis_primary.csv","outputs\2026-10-09_arcgis_distributions.csv"
"Centerlines [Maryland--Baltimore County]","Centerlines [Maryland--Baltimore County]","Centerlines","","sublayer","same as current harvest","No explicit same-item parent in feed; title unchanged by context rule; Service container shared by different ArcGIS items","baltimore_county","d5f5c3b94ac141bebc2abc355bd532e7_7","d5f5c3b94ac141bebc2abc355bd532e7","7","","yes","yes","04b-24005","yes","Centerlines","","7","https://bcgisdata.baltimorecountymd.gov/arcgis/rest/services/Transportation/Centerlines/MapServer","https://www.arcgis.com/home/item.html?id=d5f5c3b94ac141bebc2abc355bd532e7&sublayer=7","https://opendata.baltimorecountymd.gov/datasets/BC-GIS::centerlines","https://bcgisdata.baltimorecountymd.gov/arcgis/rest/services/Transportation/Centerlines/MapServer/7
https://opendata.baltimorecountymd.gov/datasets/BC-GIS::centerlines","https://bcgisdata.baltimorecountymd.gov/arcgis/rest/services/Transportation/Centerlines/MapServer/7
https://opendata.baltimorecountymd.gov/api/download/v1/items/d5f5c3b94ac141bebc2abc355bd532e7/csv?layers=7
https://opendata.baltimorecountymd.gov/api/download/v1/items/d5f5c3b94ac141bebc2abc355bd532e7/geojson?layers=7
https://opendata.baltimorecountymd.gov/api/download/v1/items/d5f5c3b94ac141bebc2abc355bd532e7/kml?layers=7
https://opendata.baltimorecountymd.gov/api/download/v1/items/d5f5c3b94ac141bebc2abc355bd532e7/shapefile?layers=7
https://opendata.baltimorecountymd.gov/datasets/BC-GIS::centerlines","example-feeds/BaltimoreCoHubDCAT1.1.json","outputs\2026-10-09_arcgis_primary.csv","outputs\2026-10-09_arcgis_distributions.csv"
"Maryland Inventory of Historic Places(MIHP) [Maryland--Baltimore County]","Maryland Inventory of Historic Places(MIHP) [Maryland--Baltimore County]","Maryland Inventory of Historic Places(MIHP)","","sublayer","same as current harvest","No explicit same-item parent in feed; title unchanged by context rule; Service container shared by different ArcGIS items","baltimore_county","d91829dc442f47cda7907c34502042a1_2","d91829dc442f47cda7907c34502042a1","2","","yes","yes","04b-24005","yes","Historic","","4","https://bcgisdata.baltimorecountymd.gov/arcgis/rest/services/Historic/Historic/MapServer","https://www.arcgis.com/home/item.html?id=d91829dc442f47cda7907c34502042a1&sublayer=2","https://opendata.baltimorecountymd.gov/datasets/BC-GIS::maryland-inventory-of-historic-placesmihp","https://bcgisdata.baltimorecountymd.gov/arcgis/rest/services/Historic/Historic/MapServer/2
https://opendata.baltimorecountymd.gov/datasets/BC-GIS::maryland-inventory-of-historic-placesmihp","https://bcgisdata.baltimorecountymd.gov/arcgis/rest/services/Historic/Historic/MapServer/2
https://opendata.baltimorecountymd.gov/api/download/v1/items/d91829dc442f47cda7907c34502042a1/csv?layers=2
https://opendata.baltimorecountymd.gov/api/download/v1/items/d91829dc442f47cda7907c34502042a1/geojson?layers=2
https://opendata.baltimorecountymd.gov/api/download/v1/items/d91829dc442f47cda7907c34502042a1/kml?layers=2
https://opendata.baltimorecountymd.gov/api/download/v1/items/d91829dc442f47cda7907c34502042a1/shapefile?layers=2
https://opendata.baltimorecountymd.gov/datasets/BC-GIS::maryland-inventory-of-historic-placesmihp","example-feeds/BaltimoreCoHubDCAT1.1.json","outputs\2026-10-09_arcgis_primary.csv","outputs\2026-10-09_arcgis_distributions.csv"
"Elementary School Districts [Maryland--Baltimore County]","Elementary School Districts [Maryland--Baltimore County]","Elementary School Districts","","sublayer","same as current harvest","No explicit same-item parent in feed; title unchanged by context rule; Service container shared by different ArcGIS items","baltimore_county","d9d0a232476f4202a654c77902c3333e_6","d9d0a232476f4202a654c77902c3333e","6","","yes","yes","04b-24005","yes","SchoolDistricts","Elementary School Districts - SchoolDistricts","7","https://bcgisdata.baltimorecountymd.gov/arcgis/rest/services/Education/SchoolDistricts/MapServer","https://www.arcgis.com/home/item.html?id=d9d0a232476f4202a654c77902c3333e&sublayer=6","https://opendata.baltimorecountymd.gov/datasets/BC-GIS::elementary-school-districts","https://bcgisdata.baltimorecountymd.gov/arcgis/rest/services/Education/SchoolDistricts/MapServer/6
https://opendata.baltimorecountymd.gov/datasets/BC-GIS::elementary-school-districts","https://bcgisdata.baltimorecountymd.gov/arcgis/rest/services/Education/SchoolDistricts/MapServer/6
https://opendata.baltimorecountymd.gov/api/download/v1/items/d9d0a232476f4202a654c77902c3333e/csv?layers=6
https://opendata.baltimorecountymd.gov/api/download/v1/items/d9d0a232476f4202a654c77902c3333e/geojson?layers=6
https://opendata.baltimorecountymd.gov/api/download/v1/items/d9d0a232476f4202a654c77902c3333e/kml?layers=6
https://opendata.baltimorecountymd.gov/api/download/v1/items/d9d0a232476f4202a654c77902c3333e/shapefile?layers=6
https://opendata.baltimorecountymd.gov/datasets/BC-GIS::elementary-school-districts","example-feeds/BaltimoreCoHubDCAT1.1.json","outputs\2026-10-09_arcgis_primary.csv","outputs\2026-10-09_arcgis_distributions.csv"
"ClimateActionPlan - Baltimore County Flow Lines [Maryland--Baltimore County]","ClimateActionPlan - Baltimore County Flow Lines [Maryland--Baltimore County]","ClimateActionPlan - Baltimore County Flow Lines","","sublayer","same as current harvest","No explicit same-item parent in feed; title unchanged by context rule; Service container shared by different ArcGIS items","baltimore_county","da1b5a9d5fc94911833b3e21f10b3460_25","da1b5a9d5fc94911833b3e21f10b3460","25","","yes","yes","04b-24005","yes","ClimateActionPlan","","28","https://bcgisdata.baltimorecountymd.gov/arcgis/rest/services/Environmental/ClimateActionPlan/MapServer","https://www.arcgis.com/home/item.html?id=da1b5a9d5fc94911833b3e21f10b3460&sublayer=25","https://opendata.baltimorecountymd.gov/maps/BC-GIS::climateactionplan-baltimore-county-flow-lines","https://bcgisdata.baltimorecountymd.gov/arcgis/rest/services/Environmental/ClimateActionPlan/MapServer/25
https://opendata.baltimorecountymd.gov/maps/BC-GIS::climateactionplan-baltimore-county-flow-lines","https://bcgisdata.baltimorecountymd.gov/arcgis/rest/services/Environmental/ClimateActionPlan/MapServer/25
https://opendata.baltimorecountymd.gov/api/download/v1/items/da1b5a9d5fc94911833b3e21f10b3460/csv?layers=25
https://opendata.baltimorecountymd.gov/api/download/v1/items/da1b5a9d5fc94911833b3e21f10b3460/geojson?layers=25
https://opendata.baltimorecountymd.gov/api/download/v1/items/da1b5a9d5fc94911833b3e21f10b3460/kml?layers=25
https://opendata.baltimorecountymd.gov/api/download/v1/items/da1b5a9d5fc94911833b3e21f10b3460/shapefile?layers=25
https://opendata.baltimorecountymd.gov/maps/BC-GIS::climateactionplan-baltimore-county-flow-lines","example-feeds/BaltimoreCoHubDCAT1.1.json","outputs\2026-10-09_arcgis_primary.csv","outputs\2026-10-09_arcgis_distributions.csv"
"Sustainable Communities [Maryland--Baltimore County]","Sustainable Communities [Maryland--Baltimore County]","Sustainable Communities","","sublayer","same as current harvest","No explicit same-item parent in feed; title unchanged by context rule; Service container shared by different ArcGIS items","baltimore_county","daf4ef0ef67e4ef5877a0bab345c9485_15","daf4ef0ef67e4ef5877a0bab345c9485","15","","yes","yes","04b-24005","yes","Landuse","Sustainable Communities - Landuse","14","https://bcgisdata.baltimorecountymd.gov/arcgis/rest/services/LandusePlanning/Landuse/MapServer","https://www.arcgis.com/home/item.html?id=daf4ef0ef67e4ef5877a0bab345c9485&sublayer=15","https://opendata.baltimorecountymd.gov/datasets/BC-GIS::sustainable-communities","https://bcgisdata.baltimorecountymd.gov/arcgis/rest/services/LandusePlanning/Landuse/MapServer/15
https://opendata.baltimorecountymd.gov/datasets/BC-GIS::sustainable-communities","https://bcgisdata.baltimorecountymd.gov/arcgis/rest/services/LandusePlanning/Landuse/MapServer/15
https://opendata.baltimorecountymd.gov/api/download/v1/items/daf4ef0ef67e4ef5877a0bab345c9485/csv?layers=15
https://opendata.baltimorecountymd.gov/api/download/v1/items/daf4ef0ef67e4ef5877a0bab345c9485/geojson?layers=15
https://opendata.baltimorecountymd.gov/api/download/v1/items/daf4ef0ef67e4ef5877a0bab345c9485/kml?layers=15
https://opendata.baltimorecountymd.gov/api/download/v1/items/daf4ef0ef67e4ef5877a0bab345c9485/shapefile?layers=15
https://opendata.baltimorecountymd.gov/datasets/BC-GIS::sustainable-communities","example-feeds/BaltimoreCoHubDCAT1.1.json","outputs\2026-10-09_arcgis_primary.csv","outputs\2026-10-09_arcgis_distributions.csv"
"Rental License [Maryland--Baltimore County]","Rental License [Maryland--Baltimore County]","Rental License","","sublayer","same as current harvest","No explicit same-item parent in feed; title unchanged by context rule","baltimore_county","dd46d384d67a4304a6c57f65e5db13c7_0","dd46d384d67a4304a6c57f65e5db13c7","0","","yes","yes","04b-24005","yes","RentalLicense","Rental License - RentalLicense","1","https://bcgisapps.baltimorecountymd.gov/arcgis/rest/services/RentalLicense/MapServer","https://www.arcgis.com/home/item.html?id=dd46d384d67a4304a6c57f65e5db13c7&sublayer=0","https://opendata.baltimorecountymd.gov/datasets/BC-GIS::rental-license","https://bcgisapps.baltimorecountymd.gov/arcgis/rest/services/RentalLicense/MapServer/0
https://opendata.baltimorecountymd.gov/datasets/BC-GIS::rental-license","https://bcgisapps.baltimorecountymd.gov/arcgis/rest/services/RentalLicense/MapServer/0
https://opendata.baltimorecountymd.gov/api/download/v1/items/dd46d384d67a4304a6c57f65e5db13c7/csv?layers=0
https://opendata.baltimorecountymd.gov/api/download/v1/items/dd46d384d67a4304a6c57f65e5db13c7/geojson?layers=0
https://opendata.baltimorecountymd.gov/api/download/v1/items/dd46d384d67a4304a6c57f65e5db13c7/kml?layers=0
https://opendata.baltimorecountymd.gov/api/download/v1/items/dd46d384d67a4304a6c57f65e5db13c7/shapefile?layers=0
https://opendata.baltimorecountymd.gov/datasets/BC-GIS::rental-license","example-feeds/BaltimoreCoHubDCAT1.1.json","outputs\2026-10-09_arcgis_primary.csv","outputs\2026-10-09_arcgis_distributions.csv"
"Baltimore County Historic Districts [Maryland--Baltimore County]","Baltimore County Historic Districts [Maryland--Baltimore County]","Baltimore County Historic Districts","","sublayer","same as current harvest","No explicit same-item parent in feed; title unchanged by context rule; Service container shared by different ArcGIS items","baltimore_county","dd638cfeca364e8197868b319ce1f39b_5","dd638cfeca364e8197868b319ce1f39b","5","","yes","yes","04b-24005","yes","Historic","","4","https://bcgisdata.baltimorecountymd.gov/arcgis/rest/services/Historic/Historic/MapServer","https://www.arcgis.com/home/item.html?id=dd638cfeca364e8197868b319ce1f39b&sublayer=5","https://opendata.baltimorecountymd.gov/datasets/BC-GIS::baltimore-county-historic-districts","https://bcgisdata.baltimorecountymd.gov/arcgis/rest/services/Historic/Historic/MapServer/5
https://opendata.baltimorecountymd.gov/datasets/BC-GIS::baltimore-county-historic-districts","https://bcgisdata.baltimorecountymd.gov/arcgis/rest/services/Historic/Historic/MapServer/5
https://opendata.baltimorecountymd.gov/api/download/v1/items/dd638cfeca364e8197868b319ce1f39b/csv?layers=5
https://opendata.baltimorecountymd.gov/api/download/v1/items/dd638cfeca364e8197868b319ce1f39b/geojson?layers=5
https://opendata.baltimorecountymd.gov/api/download/v1/items/dd638cfeca364e8197868b319ce1f39b/kml?layers=5
https://opendata.baltimorecountymd.gov/api/download/v1/items/dd638cfeca364e8197868b319ce1f39b/shapefile?layers=5
https://opendata.baltimorecountymd.gov/datasets/BC-GIS::baltimore-county-historic-districts","example-feeds/BaltimoreCoHubDCAT1.1.json","outputs\2026-10-09_arcgis_primary.csv","outputs\2026-10-09_arcgis_distributions.csv"
"Street Sweeping Routes [Maryland--Baltimore County]","Street Sweeping Routes [Maryland--Baltimore County]","Street Sweeping Routes","","sublayer","same as current harvest","No explicit same-item parent in feed; title unchanged by context rule; Service container shared by different ArcGIS items","baltimore_county","de8ef1ec9fe8417d9b7646a2813e8fbc_15","de8ef1ec9fe8417d9b7646a2813e8fbc","15","","yes","yes","04b-24005","yes","Transportation","Street Sweeping Routes - Transportation","16","https://bcgisdata.baltimorecountymd.gov/arcgis/rest/services/Transportation/Transportation/MapServer","https://www.arcgis.com/home/item.html?id=de8ef1ec9fe8417d9b7646a2813e8fbc&sublayer=15","https://opendata.baltimorecountymd.gov/datasets/BC-GIS::street-sweeping-routes","https://bcgisdata.baltimorecountymd.gov/arcgis/rest/services/Transportation/Transportation/MapServer/15
https://opendata.baltimorecountymd.gov/datasets/BC-GIS::street-sweeping-routes","https://bcgisdata.baltimorecountymd.gov/arcgis/rest/services/Transportation/Transportation/MapServer/15
https://opendata.baltimorecountymd.gov/api/download/v1/items/de8ef1ec9fe8417d9b7646a2813e8fbc/csv?layers=15
https://opendata.baltimorecountymd.gov/api/download/v1/items/de8ef1ec9fe8417d9b7646a2813e8fbc/geojson?layers=15
https://opendata.baltimorecountymd.gov/api/download/v1/items/de8ef1ec9fe8417d9b7646a2813e8fbc/kml?layers=15
https://opendata.baltimorecountymd.gov/api/download/v1/items/de8ef1ec9fe8417d9b7646a2813e8fbc/shapefile?layers=15
https://opendata.baltimorecountymd.gov/datasets/BC-GIS::street-sweeping-routes","example-feeds/BaltimoreCoHubDCAT1.1.json","outputs\2026-10-09_arcgis_primary.csv","outputs\2026-10-09_arcgis_distributions.csv"
"Special Flood Hazard Area (BCR) [Maryland--Baltimore County]","Special Flood Hazard Area (BCR) [Maryland--Baltimore County]","Special Flood Hazard Area (BCR)","","sublayer","same as current harvest","No explicit same-item parent in feed; title unchanged by context rule; Service container shared by different ArcGIS items","baltimore_county","e25c69362f3d4133af79c5250519597f_20","e25c69362f3d4133af79c5250519597f","20","","yes","yes","04b-24005","yes","Floodplain","Special Flood Hazard Area (BCR) - Floodplain","13","https://bcgisdata.baltimorecountymd.gov/arcgis/rest/services/DevelopmentManagement/Floodplain/MapServer","https://www.arcgis.com/home/item.html?id=e25c69362f3d4133af79c5250519597f&sublayer=20","https://opendata.baltimorecountymd.gov/datasets/BC-GIS::special-flood-hazard-area-bcr","https://bcgisdata.baltimorecountymd.gov/arcgis/rest/services/DevelopmentManagement/Floodplain/MapServer/20
https://opendata.baltimorecountymd.gov/datasets/BC-GIS::special-flood-hazard-area-bcr","https://bcgisdata.baltimorecountymd.gov/arcgis/rest/services/DevelopmentManagement/Floodplain/MapServer/20
https://opendata.baltimorecountymd.gov/api/download/v1/items/e25c69362f3d4133af79c5250519597f/csv?layers=20
https://opendata.baltimorecountymd.gov/api/download/v1/items/e25c69362f3d4133af79c5250519597f/geojson?layers=20
https://opendata.baltimorecountymd.gov/api/download/v1/items/e25c69362f3d4133af79c5250519597f/kml?layers=20
https://opendata.baltimorecountymd.gov/api/download/v1/items/e25c69362f3d4133af79c5250519597f/shapefile?layers=20
https://opendata.baltimorecountymd.gov/datasets/BC-GIS::special-flood-hazard-area-bcr","example-feeds/BaltimoreCoHubDCAT1.1.json","outputs\2026-10-09_arcgis_primary.csv","outputs\2026-10-09_arcgis_distributions.csv"
"Zoning 2024 [Maryland--Baltimore County]","Zoning 2024 [Maryland--Baltimore County]","Zoning 2024","","sublayer","same as current harvest","No explicit same-item parent in feed; title unchanged by context rule; Service container shared by different ArcGIS items","baltimore_county","e25e3dfa06ce4a7298a044b523930708_17","e25e3dfa06ce4a7298a044b523930708","17","","yes","yes","04b-24005","yes","Zoning","","16","https://bcgisdata.baltimorecountymd.gov/arcgis/rest/services/DevelopmentManagement/Zoning/MapServer","https://www.arcgis.com/home/item.html?id=e25e3dfa06ce4a7298a044b523930708&sublayer=17","https://opendata.baltimorecountymd.gov/datasets/BC-GIS::zoning-2024","https://bcgisdata.baltimorecountymd.gov/arcgis/rest/services/DevelopmentManagement/Zoning/MapServer/17
https://opendata.baltimorecountymd.gov/datasets/BC-GIS::zoning-2024","https://bcgisdata.baltimorecountymd.gov/arcgis/rest/services/DevelopmentManagement/Zoning/MapServer/17
https://opendata.baltimorecountymd.gov/api/download/v1/items/e25e3dfa06ce4a7298a044b523930708/csv?layers=17
https://opendata.baltimorecountymd.gov/api/download/v1/items/e25e3dfa06ce4a7298a044b523930708/geojson?layers=17
https://opendata.baltimorecountymd.gov/api/download/v1/items/e25e3dfa06ce4a7298a044b523930708/kml?layers=17
https://opendata.baltimorecountymd.gov/api/download/v1/items/e25e3dfa06ce4a7298a044b523930708/shapefile?layers=17
https://opendata.baltimorecountymd.gov/datasets/BC-GIS::zoning-2024","example-feeds/BaltimoreCoHubDCAT1.1.json","outputs\2026-10-09_arcgis_primary.csv","outputs\2026-10-09_arcgis_distributions.csv"
"Police Precincts [Maryland--Baltimore County]","Police Precincts [Maryland--Baltimore County]","Police Precincts","","sublayer","same as current harvest","No explicit same-item parent in feed; title unchanged by context rule; Service container shared by different ArcGIS items","baltimore_county","e2dab54d202647739c12ab7fbd594e4e_0","e2dab54d202647739c12ab7fbd594e4e","0","","yes","yes","04b-24005","yes","PublicSafety","Police Precincts - PublicSafety","3","https://bcgisdata.baltimorecountymd.gov/arcgis/rest/services/PublicSafety/PublicSafety/MapServer","https://www.arcgis.com/home/item.html?id=e2dab54d202647739c12ab7fbd594e4e&sublayer=0","https://opendata.baltimorecountymd.gov/datasets/BC-GIS::police-precincts","https://bcgisdata.baltimorecountymd.gov/arcgis/rest/services/PublicSafety/PublicSafety/MapServer/0
https://opendata.baltimorecountymd.gov/datasets/BC-GIS::police-precincts","https://bcgisdata.baltimorecountymd.gov/arcgis/rest/services/PublicSafety/PublicSafety/MapServer/0
https://opendata.baltimorecountymd.gov/api/download/v1/items/e2dab54d202647739c12ab7fbd594e4e/csv?layers=0
https://opendata.baltimorecountymd.gov/api/download/v1/items/e2dab54d202647739c12ab7fbd594e4e/geojson?layers=0
https://opendata.baltimorecountymd.gov/api/download/v1/items/e2dab54d202647739c12ab7fbd594e4e/kml?layers=0
https://opendata.baltimorecountymd.gov/api/download/v1/items/e2dab54d202647739c12ab7fbd594e4e/shapefile?layers=0
https://opendata.baltimorecountymd.gov/datasets/BC-GIS::police-precincts","example-feeds/BaltimoreCoHubDCAT1.1.json","outputs\2026-10-09_arcgis_primary.csv","outputs\2026-10-09_arcgis_distributions.csv"
"Zoning 2008 [Maryland--Baltimore County]","Zoning 2008 [Maryland--Baltimore County]","Zoning 2008","","sublayer","same as current harvest","No explicit same-item parent in feed; title unchanged by context rule; Service container shared by different ArcGIS items","baltimore_county","e38b51bdd76a4b3eaed4d9caf4abef2e_7","e38b51bdd76a4b3eaed4d9caf4abef2e","7","","yes","yes","04b-24005","yes","Zoning","","16","https://bcgisdata.baltimorecountymd.gov/arcgis/rest/services/DevelopmentManagement/Zoning/MapServer","https://www.arcgis.com/home/item.html?id=e38b51bdd76a4b3eaed4d9caf4abef2e&sublayer=7","https://opendata.baltimorecountymd.gov/datasets/BC-GIS::zoning-2008","https://bcgisdata.baltimorecountymd.gov/arcgis/rest/services/DevelopmentManagement/Zoning/MapServer/7
https://opendata.baltimorecountymd.gov/datasets/BC-GIS::zoning-2008","https://bcgisdata.baltimorecountymd.gov/arcgis/rest/services/DevelopmentManagement/Zoning/MapServer/7
https://opendata.baltimorecountymd.gov/api/download/v1/items/e38b51bdd76a4b3eaed4d9caf4abef2e/csv?layers=7
https://opendata.baltimorecountymd.gov/api/download/v1/items/e38b51bdd76a4b3eaed4d9caf4abef2e/geojson?layers=7
https://opendata.baltimorecountymd.gov/api/download/v1/items/e38b51bdd76a4b3eaed4d9caf4abef2e/kml?layers=7
https://opendata.baltimorecountymd.gov/api/download/v1/items/e38b51bdd76a4b3eaed4d9caf4abef2e/shapefile?layers=7
https://opendata.baltimorecountymd.gov/datasets/BC-GIS::zoning-2008","example-feeds/BaltimoreCoHubDCAT1.1.json","outputs\2026-10-09_arcgis_primary.csv","outputs\2026-10-09_arcgis_distributions.csv"
"2024 Calendar Year Retirement [Maryland--Baltimore County]","2024 Calendar Year Retirement [Maryland--Baltimore County]","2024 Calendar Year Retirement","","sublayer","same as current harvest","No explicit same-item parent in feed; title unchanged by context rule","baltimore_county","e3c5c20aba484bb09d4675a054a28fbf_0","e3c5c20aba484bb09d4675a054a28fbf","0","","yes","yes","04b-24005","yes","Map","2024 Calendar Year Retirement - Map","1","https://services2.arcgis.com/Ynpzre7M7vSGY7dh/arcgis/rest/services/Map/FeatureServer","https://www.arcgis.com/home/item.html?id=e3c5c20aba484bb09d4675a054a28fbf&sublayer=0","https://opendata.baltimorecountymd.gov/datasets/BC-GIS::2024-calendar-year-retirement","https://opendata.baltimorecountymd.gov/datasets/BC-GIS::2024-calendar-year-retirement
https://services2.arcgis.com/Ynpzre7M7vSGY7dh/arcgis/rest/services/Map/FeatureServer/0","https://opendata.baltimorecountymd.gov/api/download/v1/items/e3c5c20aba484bb09d4675a054a28fbf/csv?layers=0
https://opendata.baltimorecountymd.gov/api/download/v1/items/e3c5c20aba484bb09d4675a054a28fbf/geojson?layers=0
https://opendata.baltimorecountymd.gov/api/download/v1/items/e3c5c20aba484bb09d4675a054a28fbf/kml?layers=0
https://opendata.baltimorecountymd.gov/api/download/v1/items/e3c5c20aba484bb09d4675a054a28fbf/shapefile?layers=0
https://opendata.baltimorecountymd.gov/datasets/BC-GIS::2024-calendar-year-retirement
https://services2.arcgis.com/Ynpzre7M7vSGY7dh/arcgis/rest/services/Map/FeatureServer/0","example-feeds/BaltimoreCoHubDCAT1.1.json","outputs\2026-10-09_arcgis_primary.csv","outputs\2026-10-09_arcgis_distributions.csv"
"Alternative Fuel Stations [Maryland--Baltimore County]","Alternative Fuel Stations [Maryland--Baltimore County]","Alternative Fuel Stations","","sublayer","same as current harvest","No explicit same-item parent in feed; title unchanged by context rule","baltimore_county","e42637259cd9460284979ceb1d596ce1_0","e42637259cd9460284979ceb1d596ce1","0","","yes","yes","04b-24005","yes","Alternate_Fuel","Alternative Fuel Stations - Alternate_Fuel","1","https://services9.arcgis.com/RHVPKKiFTONKtxq3/arcgis/rest/services/Alternate_Fuel/FeatureServer","https://www.arcgis.com/home/item.html?id=e42637259cd9460284979ceb1d596ce1&sublayer=0","https://opendata.baltimorecountymd.gov/datasets/BC-GIS::alternative-fuel-stations","https://opendata.baltimorecountymd.gov/datasets/BC-GIS::alternative-fuel-stations
https://services9.arcgis.com/RHVPKKiFTONKtxq3/arcgis/rest/services/Alternate_Fuel/FeatureServer/0","https://opendata.baltimorecountymd.gov/api/download/v1/items/e42637259cd9460284979ceb1d596ce1/csv?layers=0
https://opendata.baltimorecountymd.gov/api/download/v1/items/e42637259cd9460284979ceb1d596ce1/excel?layers=0
https://opendata.baltimorecountymd.gov/api/download/v1/items/e42637259cd9460284979ceb1d596ce1/featureCollection?layers=0
https://opendata.baltimorecountymd.gov/api/download/v1/items/e42637259cd9460284979ceb1d596ce1/filegdb?layers=0
https://opendata.baltimorecountymd.gov/api/download/v1/items/e42637259cd9460284979ceb1d596ce1/geoPackage?layers=0
https://opendata.baltimorecountymd.gov/api/download/v1/items/e42637259cd9460284979ceb1d596ce1/geojson?layers=0
https://opendata.baltimorecountymd.gov/api/download/v1/items/e42637259cd9460284979ceb1d596ce1/kml?layers=0
https://opendata.baltimorecountymd.gov/api/download/v1/items/e42637259cd9460284979ceb1d596ce1/shapefile?layers=0
https://opendata.baltimorecountymd.gov/api/download/v1/items/e42637259cd9460284979ceb1d596ce1/sqlite?layers=0
https://opendata.baltimorecountymd.gov/datasets/BC-GIS::alternative-fuel-stations
https://services9.arcgis.com/RHVPKKiFTONKtxq3/arcgis/rest/services/Alternate_Fuel/FeatureServer/0","example-feeds/BaltimoreCoHubDCAT1.1.json","outputs\2026-10-09_arcgis_primary.csv","outputs\2026-10-09_arcgis_distributions.csv"
"Landuse [Maryland--Baltimore County]","Landuse [Maryland--Baltimore County]","Landuse","","sublayer","same as current harvest","No explicit same-item parent in feed; title unchanged by context rule; Service container shared by different ArcGIS items","baltimore_county","e45bd5ad0de14bf988f825dd7a4431af_0","e45bd5ad0de14bf988f825dd7a4431af","0","","yes","yes","04b-24005","yes","Landuse","","14","https://bcgisdata.baltimorecountymd.gov/arcgis/rest/services/LandusePlanning/Landuse/MapServer","https://www.arcgis.com/home/item.html?id=e45bd5ad0de14bf988f825dd7a4431af&sublayer=0","https://opendata.baltimorecountymd.gov/datasets/BC-GIS::landuse","https://bcgisdata.baltimorecountymd.gov/arcgis/rest/services/LandusePlanning/Landuse/MapServer/0
https://opendata.baltimorecountymd.gov/datasets/BC-GIS::landuse","https://bcgisdata.baltimorecountymd.gov/arcgis/rest/services/LandusePlanning/Landuse/MapServer/0
https://opendata.baltimorecountymd.gov/api/download/v1/items/e45bd5ad0de14bf988f825dd7a4431af/csv?layers=0
https://opendata.baltimorecountymd.gov/api/download/v1/items/e45bd5ad0de14bf988f825dd7a4431af/geojson?layers=0
https://opendata.baltimorecountymd.gov/api/download/v1/items/e45bd5ad0de14bf988f825dd7a4431af/kml?layers=0
https://opendata.baltimorecountymd.gov/api/download/v1/items/e45bd5ad0de14bf988f825dd7a4431af/shapefile?layers=0
https://opendata.baltimorecountymd.gov/datasets/BC-GIS::landuse","example-feeds/BaltimoreCoHubDCAT1.1.json","outputs\2026-10-09_arcgis_primary.csv","outputs\2026-10-09_arcgis_distributions.csv"
"Census Tracts 2010 [Maryland--Baltimore County]","Census Tracts 2010 [Maryland--Baltimore County]","Census Tracts 2010","","sublayer","same as current harvest","No explicit same-item parent in feed; title unchanged by context rule; Service container shared by different ArcGIS items","baltimore_county","e4a592e01ee445339f96812ef683d884_3","e4a592e01ee445339f96812ef683d884","3","","yes","yes","04b-24005","yes","Demographics","Census Tracts 2010 - Demographics","10","https://bcgisdata.baltimorecountymd.gov/arcgis/rest/services/Demographics/Demographics/MapServer","https://www.arcgis.com/home/item.html?id=e4a592e01ee445339f96812ef683d884&sublayer=3","https://opendata.baltimorecountymd.gov/datasets/BC-GIS::census-tracts-2010","https://bcgisdata.baltimorecountymd.gov/arcgis/rest/services/Demographics/Demographics/MapServer/3
https://opendata.baltimorecountymd.gov/datasets/BC-GIS::census-tracts-2010","https://bcgisdata.baltimorecountymd.gov/arcgis/rest/services/Demographics/Demographics/MapServer/3
https://opendata.baltimorecountymd.gov/api/download/v1/items/e4a592e01ee445339f96812ef683d884/csv?layers=3
https://opendata.baltimorecountymd.gov/api/download/v1/items/e4a592e01ee445339f96812ef683d884/geojson?layers=3
https://opendata.baltimorecountymd.gov/api/download/v1/items/e4a592e01ee445339f96812ef683d884/kml?layers=3
https://opendata.baltimorecountymd.gov/api/download/v1/items/e4a592e01ee445339f96812ef683d884/shapefile?layers=3
https://opendata.baltimorecountymd.gov/datasets/BC-GIS::census-tracts-2010","example-feeds/BaltimoreCoHubDCAT1.1.json","outputs\2026-10-09_arcgis_primary.csv","outputs\2026-10-09_arcgis_distributions.csv"
"CZMP Issues Points 2016 [Maryland--Baltimore County]","CZMP Issues Points 2016 [Maryland--Baltimore County]","CZMP Issues Points 2016","","sublayer","same as current harvest","No explicit same-item parent in feed; title unchanged by context rule; Service container shared by different ArcGIS items","baltimore_county","e4ca7cf5abfe4afca283b1ab9bdcb7ef_12","e4ca7cf5abfe4afca283b1ab9bdcb7ef","12","","yes","yes","04b-24005","yes","Zoning","CZMP Issues Points 2016 - Zoning","16","https://bcgisdata.baltimorecountymd.gov/arcgis/rest/services/DevelopmentManagement/Zoning/MapServer","https://www.arcgis.com/home/item.html?id=e4ca7cf5abfe4afca283b1ab9bdcb7ef&sublayer=12","https://opendata.baltimorecountymd.gov/datasets/BC-GIS::czmp-issues-points-2016","https://bcgisdata.baltimorecountymd.gov/arcgis/rest/services/DevelopmentManagement/Zoning/MapServer/12
https://opendata.baltimorecountymd.gov/datasets/BC-GIS::czmp-issues-points-2016","https://bcgisdata.baltimorecountymd.gov/arcgis/rest/services/DevelopmentManagement/Zoning/MapServer/12
https://opendata.baltimorecountymd.gov/api/download/v1/items/e4ca7cf5abfe4afca283b1ab9bdcb7ef/csv?layers=12
https://opendata.baltimorecountymd.gov/api/download/v1/items/e4ca7cf5abfe4afca283b1ab9bdcb7ef/geojson?layers=12
https://opendata.baltimorecountymd.gov/api/download/v1/items/e4ca7cf5abfe4afca283b1ab9bdcb7ef/kml?layers=12
https://opendata.baltimorecountymd.gov/api/download/v1/items/e4ca7cf5abfe4afca283b1ab9bdcb7ef/shapefile?layers=12
https://opendata.baltimorecountymd.gov/datasets/BC-GIS::czmp-issues-points-2016","example-feeds/BaltimoreCoHubDCAT1.1.json","outputs\2026-10-09_arcgis_primary.csv","outputs\2026-10-09_arcgis_distributions.csv"
"Colleges [Maryland--Baltimore County]","Colleges [Maryland--Baltimore County]","Colleges","","sublayer","same as current harvest","No explicit same-item parent in feed; title unchanged by context rule; Service container shared by different ArcGIS items","baltimore_county","e693fbdbc5cb4c45aafdad3d84f36e10_9","e693fbdbc5cb4c45aafdad3d84f36e10","9","","yes","yes","04b-24005","yes","SchoolDistricts","Colleges - SchoolDistricts","7","https://bcgisdata.baltimorecountymd.gov/arcgis/rest/services/Education/SchoolDistricts/MapServer","https://www.arcgis.com/home/item.html?id=e693fbdbc5cb4c45aafdad3d84f36e10&sublayer=9","https://opendata.baltimorecountymd.gov/datasets/BC-GIS::colleges","https://bcgisdata.baltimorecountymd.gov/arcgis/rest/services/Education/SchoolDistricts/MapServer/9
https://opendata.baltimorecountymd.gov/datasets/BC-GIS::colleges","https://bcgisdata.baltimorecountymd.gov/arcgis/rest/services/Education/SchoolDistricts/MapServer/9
https://opendata.baltimorecountymd.gov/api/download/v1/items/e693fbdbc5cb4c45aafdad3d84f36e10/csv?layers=9
https://opendata.baltimorecountymd.gov/api/download/v1/items/e693fbdbc5cb4c45aafdad3d84f36e10/geojson?layers=9
https://opendata.baltimorecountymd.gov/api/download/v1/items/e693fbdbc5cb4c45aafdad3d84f36e10/kml?layers=9
https://opendata.baltimorecountymd.gov/api/download/v1/items/e693fbdbc5cb4c45aafdad3d84f36e10/shapefile?layers=9
https://opendata.baltimorecountymd.gov/datasets/BC-GIS::colleges","example-feeds/BaltimoreCoHubDCAT1.1.json","outputs\2026-10-09_arcgis_primary.csv","outputs\2026-10-09_arcgis_distributions.csv"
"Master Plan 2030 Small Area Plans [Maryland--Baltimore County]","Master Plan 2030 Small Area Plans [Maryland--Baltimore County]","Master Plan 2030 Small Area Plans","","sublayer","same as current harvest","No explicit same-item parent in feed; title unchanged by context rule; Service container shared by different ArcGIS items","baltimore_county","e6e847efff6d4d2faeb4959ab20a5326_8","e6e847efff6d4d2faeb4959ab20a5326","8","","yes","yes","04b-24005","yes","MasterPlans2030Retrofit","Master Plan 2030 Small Area Plans - MasterPlans2030Retrofit","6","https://bcgisapps.baltimorecountymd.gov/arcgis/rest/services/MasterPlans2030Retrofit/MapServer","https://www.arcgis.com/home/item.html?id=e6e847efff6d4d2faeb4959ab20a5326&sublayer=8","https://opendata.baltimorecountymd.gov/datasets/BC-GIS::master-plan-2030-small-area-plans","https://bcgisapps.baltimorecountymd.gov/arcgis/rest/services/MasterPlans2030Retrofit/MapServer/8
https://opendata.baltimorecountymd.gov/datasets/BC-GIS::master-plan-2030-small-area-plans","https://bcgisapps.baltimorecountymd.gov/arcgis/rest/services/MasterPlans2030Retrofit/MapServer/8
https://opendata.baltimorecountymd.gov/api/download/v1/items/e6e847efff6d4d2faeb4959ab20a5326/csv?layers=8
https://opendata.baltimorecountymd.gov/api/download/v1/items/e6e847efff6d4d2faeb4959ab20a5326/geojson?layers=8
https://opendata.baltimorecountymd.gov/api/download/v1/items/e6e847efff6d4d2faeb4959ab20a5326/kml?layers=8
https://opendata.baltimorecountymd.gov/api/download/v1/items/e6e847efff6d4d2faeb4959ab20a5326/shapefile?layers=8
https://opendata.baltimorecountymd.gov/datasets/BC-GIS::master-plan-2030-small-area-plans","example-feeds/BaltimoreCoHubDCAT1.1.json","outputs\2026-10-09_arcgis_primary.csv","outputs\2026-10-09_arcgis_distributions.csv"
"County Park [Maryland--Baltimore County]","County Park [Maryland--Baltimore County]","County Park","","sublayer","same as current harvest","No explicit same-item parent in feed; title unchanged by context rule; Service container shared by different ArcGIS items","baltimore_county","e914030d240f41a0bf3e304eb2139665_1","e914030d240f41a0bf3e304eb2139665","1","","yes","yes","04b-24005","yes","ParkBoundaries","County Park - ParkBoundaries","5","https://bcgisdata.baltimorecountymd.gov/arcgis/rest/services/Recreation/ParkBoundaries/MapServer","https://www.arcgis.com/home/item.html?id=e914030d240f41a0bf3e304eb2139665&sublayer=1","https://opendata.baltimorecountymd.gov/datasets/BC-GIS::county-park","https://bcgisdata.baltimorecountymd.gov/arcgis/rest/services/Recreation/ParkBoundaries/MapServer/1
https://opendata.baltimorecountymd.gov/datasets/BC-GIS::county-park","https://bcgisdata.baltimorecountymd.gov/arcgis/rest/services/Recreation/ParkBoundaries/MapServer/1
https://opendata.baltimorecountymd.gov/api/download/v1/items/e914030d240f41a0bf3e304eb2139665/csv?layers=1
https://opendata.baltimorecountymd.gov/api/download/v1/items/e914030d240f41a0bf3e304eb2139665/geojson?layers=1
https://opendata.baltimorecountymd.gov/api/download/v1/items/e914030d240f41a0bf3e304eb2139665/kml?layers=1
https://opendata.baltimorecountymd.gov/api/download/v1/items/e914030d240f41a0bf3e304eb2139665/shapefile?layers=1
https://opendata.baltimorecountymd.gov/datasets/BC-GIS::county-park","example-feeds/BaltimoreCoHubDCAT1.1.json","outputs\2026-10-09_arcgis_primary.csv","outputs\2026-10-09_arcgis_distributions.csv"
"ClimateActionPlan - Avg HighTide Elv 2050 2 4ft [Maryland--Baltimore County]","ClimateActionPlan - Avg HighTide Elv 2050 2 4ft [Maryland--Baltimore County]","ClimateActionPlan - Avg HighTide Elv 2050 2 4ft","","sublayer","same as current harvest","No explicit same-item parent in feed; title unchanged by context rule; Service container shared by different ArcGIS items","baltimore_county","e929a32cb4a140c6b46ba44578f9ec9f_14","e929a32cb4a140c6b46ba44578f9ec9f","14","","yes","yes","04b-24005","yes","ClimateActionPlan","","28","https://bcgisdata.baltimorecountymd.gov/arcgis/rest/services/Environmental/ClimateActionPlan/MapServer","https://www.arcgis.com/home/item.html?id=e929a32cb4a140c6b46ba44578f9ec9f&sublayer=14","https://opendata.baltimorecountymd.gov/datasets/BC-GIS::climateactionplan-avg-hightide-elv-2050-2-4ft","https://bcgisdata.baltimorecountymd.gov/arcgis/rest/services/Environmental/ClimateActionPlan/MapServer/14
https://opendata.baltimorecountymd.gov/datasets/BC-GIS::climateactionplan-avg-hightide-elv-2050-2-4ft","https://bcgisdata.baltimorecountymd.gov/arcgis/rest/services/Environmental/ClimateActionPlan/MapServer/14
https://opendata.baltimorecountymd.gov/api/download/v1/items/e929a32cb4a140c6b46ba44578f9ec9f/csv?layers=14
https://opendata.baltimorecountymd.gov/api/download/v1/items/e929a32cb4a140c6b46ba44578f9ec9f/geojson?layers=14
https://opendata.baltimorecountymd.gov/api/download/v1/items/e929a32cb4a140c6b46ba44578f9ec9f/kml?layers=14
https://opendata.baltimorecountymd.gov/api/download/v1/items/e929a32cb4a140c6b46ba44578f9ec9f/shapefile?layers=14
https://opendata.baltimorecountymd.gov/datasets/BC-GIS::climateactionplan-avg-hightide-elv-2050-2-4ft","example-feeds/BaltimoreCoHubDCAT1.1.json","outputs\2026-10-09_arcgis_primary.csv","outputs\2026-10-09_arcgis_distributions.csv"
"ClimateActionPlan - Riverine Water Surface Grid 01 PCT [Maryland--Baltimore County]","ClimateActionPlan - Riverine Water Surface Grid 01 PCT [Maryland--Baltimore County]","ClimateActionPlan - Riverine Water Surface Grid 01 PCT","","sublayer","same as current harvest","No explicit same-item parent in feed; title unchanged by context rule; Service container shared by different ArcGIS items","baltimore_county","e9fcb27b58a74823919acf4d58c16b01_27","e9fcb27b58a74823919acf4d58c16b01","27","","yes","yes","04b-24005","yes","ClimateActionPlan","","28","https://bcgisdata.baltimorecountymd.gov/arcgis/rest/services/Environmental/ClimateActionPlan/MapServer","https://www.arcgis.com/home/item.html?id=e9fcb27b58a74823919acf4d58c16b01&sublayer=27","https://opendata.baltimorecountymd.gov/maps/BC-GIS::climateactionplan-riverine-water-surface-grid-01-pct","https://bcgisdata.baltimorecountymd.gov/arcgis/rest/services/Environmental/ClimateActionPlan/MapServer/27
https://opendata.baltimorecountymd.gov/maps/BC-GIS::climateactionplan-riverine-water-surface-grid-01-pct","https://bcgisdata.baltimorecountymd.gov/arcgis/rest/services/Environmental/ClimateActionPlan/MapServer/27
https://opendata.baltimorecountymd.gov/api/download/v1/items/e9fcb27b58a74823919acf4d58c16b01/csv?layers=27
https://opendata.baltimorecountymd.gov/api/download/v1/items/e9fcb27b58a74823919acf4d58c16b01/geojson?layers=27
https://opendata.baltimorecountymd.gov/api/download/v1/items/e9fcb27b58a74823919acf4d58c16b01/kml?layers=27
https://opendata.baltimorecountymd.gov/api/download/v1/items/e9fcb27b58a74823919acf4d58c16b01/shapefile?layers=27
https://opendata.baltimorecountymd.gov/maps/BC-GIS::climateactionplan-riverine-water-surface-grid-01-pct","example-feeds/BaltimoreCoHubDCAT1.1.json","outputs\2026-10-09_arcgis_primary.csv","outputs\2026-10-09_arcgis_distributions.csv"
"Major Roads [Maryland--Baltimore County]","Major Roads [Maryland--Baltimore County]","Major Roads","","sublayer","same as current harvest","No explicit same-item parent in feed; title unchanged by context rule; Service container shared by different ArcGIS items","baltimore_county","ea017ad53dcf4fc58c2c749268e34e20_3","ea017ad53dcf4fc58c2c749268e34e20","3","","yes","yes","04b-24005","yes","Centerlines","Major Roads - Centerlines","7","https://bcgisdata.baltimorecountymd.gov/arcgis/rest/services/Transportation/Centerlines/MapServer","https://www.arcgis.com/home/item.html?id=ea017ad53dcf4fc58c2c749268e34e20&sublayer=3","https://opendata.baltimorecountymd.gov/datasets/BC-GIS::major-roads","https://bcgisdata.baltimorecountymd.gov/arcgis/rest/services/Transportation/Centerlines/MapServer/3
https://opendata.baltimorecountymd.gov/datasets/BC-GIS::major-roads","https://bcgisdata.baltimorecountymd.gov/arcgis/rest/services/Transportation/Centerlines/MapServer/3
https://opendata.baltimorecountymd.gov/api/download/v1/items/ea017ad53dcf4fc58c2c749268e34e20/csv?layers=3
https://opendata.baltimorecountymd.gov/api/download/v1/items/ea017ad53dcf4fc58c2c749268e34e20/geojson?layers=3
https://opendata.baltimorecountymd.gov/api/download/v1/items/ea017ad53dcf4fc58c2c749268e34e20/kml?layers=3
https://opendata.baltimorecountymd.gov/api/download/v1/items/ea017ad53dcf4fc58c2c749268e34e20/shapefile?layers=3
https://opendata.baltimorecountymd.gov/datasets/BC-GIS::major-roads","example-feeds/BaltimoreCoHubDCAT1.1.json","outputs\2026-10-09_arcgis_primary.csv","outputs\2026-10-09_arcgis_distributions.csv"
"Reservoir [Maryland--Baltimore County]","Reservoir [Maryland--Baltimore County]","Reservoir","","sublayer","same as current harvest","No explicit same-item parent in feed; title unchanged by context rule; Service container shared by different ArcGIS items","baltimore_county","ea67fb80734b4df1938ec43d6e2754ca_0","ea67fb80734b4df1938ec43d6e2754ca","0","","yes","yes","04b-24005","yes","ParkBoundaries","Reservoir - ParkBoundaries","5","https://bcgisdata.baltimorecountymd.gov/arcgis/rest/services/Recreation/ParkBoundaries/MapServer","https://www.arcgis.com/home/item.html?id=ea67fb80734b4df1938ec43d6e2754ca&sublayer=0","https://opendata.baltimorecountymd.gov/datasets/BC-GIS::reservoir","https://bcgisdata.baltimorecountymd.gov/arcgis/rest/services/Recreation/ParkBoundaries/MapServer/0
https://opendata.baltimorecountymd.gov/datasets/BC-GIS::reservoir","https://bcgisdata.baltimorecountymd.gov/arcgis/rest/services/Recreation/ParkBoundaries/MapServer/0
https://opendata.baltimorecountymd.gov/api/download/v1/items/ea67fb80734b4df1938ec43d6e2754ca/csv?layers=0
https://opendata.baltimorecountymd.gov/api/download/v1/items/ea67fb80734b4df1938ec43d6e2754ca/geojson?layers=0
https://opendata.baltimorecountymd.gov/api/download/v1/items/ea67fb80734b4df1938ec43d6e2754ca/kml?layers=0
https://opendata.baltimorecountymd.gov/api/download/v1/items/ea67fb80734b4df1938ec43d6e2754ca/shapefile?layers=0
https://opendata.baltimorecountymd.gov/datasets/BC-GIS::reservoir","example-feeds/BaltimoreCoHubDCAT1.1.json","outputs\2026-10-09_arcgis_primary.csv","outputs\2026-10-09_arcgis_distributions.csv"
"Commercial Revitilization Districts [Maryland--Baltimore County]","Commercial Revitilization Districts [Maryland--Baltimore County]","Commercial Revitilization Districts","","sublayer","same as current harvest","No explicit same-item parent in feed; title unchanged by context rule; Service container shared by different ArcGIS items","baltimore_county","eb2cbd46173e412d9026fa494f6097bd_1","eb2cbd46173e412d9026fa494f6097bd","1","","yes","yes","04b-24005","yes","Economic","Commercial Revitilization Districts - Economic","6","https://bcgisdata.baltimorecountymd.gov/arcgis/rest/services/Economic/Economic/MapServer","https://www.arcgis.com/home/item.html?id=eb2cbd46173e412d9026fa494f6097bd&sublayer=1","https://opendata.baltimorecountymd.gov/datasets/BC-GIS::commercial-revitilization-districts","https://bcgisdata.baltimorecountymd.gov/arcgis/rest/services/Economic/Economic/MapServer/1
https://opendata.baltimorecountymd.gov/datasets/BC-GIS::commercial-revitilization-districts","https://bcgisdata.baltimorecountymd.gov/arcgis/rest/services/Economic/Economic/MapServer/1
https://opendata.baltimorecountymd.gov/api/download/v1/items/eb2cbd46173e412d9026fa494f6097bd/csv?layers=1
https://opendata.baltimorecountymd.gov/api/download/v1/items/eb2cbd46173e412d9026fa494f6097bd/geojson?layers=1
https://opendata.baltimorecountymd.gov/api/download/v1/items/eb2cbd46173e412d9026fa494f6097bd/kml?layers=1
https://opendata.baltimorecountymd.gov/api/download/v1/items/eb2cbd46173e412d9026fa494f6097bd/shapefile?layers=1
https://opendata.baltimorecountymd.gov/datasets/BC-GIS::commercial-revitilization-districts","example-feeds/BaltimoreCoHubDCAT1.1.json","outputs\2026-10-09_arcgis_primary.csv","outputs\2026-10-09_arcgis_distributions.csv"
"Interstate Ramps [Maryland--Baltimore County]","Interstate Ramps [Maryland--Baltimore County]","Interstate Ramps","","sublayer","same as current harvest","No explicit same-item parent in feed; title unchanged by context rule; Service container shared by different ArcGIS items","baltimore_county","eb5c12fb4ffb4d35b1cb265b2d6f9626_2","eb5c12fb4ffb4d35b1cb265b2d6f9626","2","","yes","yes","04b-24005","yes","Centerlines","Interstate Ramps - Centerlines","7","https://bcgisdata.baltimorecountymd.gov/arcgis/rest/services/Transportation/Centerlines/MapServer","https://www.arcgis.com/home/item.html?id=eb5c12fb4ffb4d35b1cb265b2d6f9626&sublayer=2","https://opendata.baltimorecountymd.gov/datasets/BC-GIS::interstate-ramps","https://bcgisdata.baltimorecountymd.gov/arcgis/rest/services/Transportation/Centerlines/MapServer/2
https://opendata.baltimorecountymd.gov/datasets/BC-GIS::interstate-ramps","https://bcgisdata.baltimorecountymd.gov/arcgis/rest/services/Transportation/Centerlines/MapServer/2
https://opendata.baltimorecountymd.gov/api/download/v1/items/eb5c12fb4ffb4d35b1cb265b2d6f9626/csv?layers=2
https://opendata.baltimorecountymd.gov/api/download/v1/items/eb5c12fb4ffb4d35b1cb265b2d6f9626/geojson?layers=2
https://opendata.baltimorecountymd.gov/api/download/v1/items/eb5c12fb4ffb4d35b1cb265b2d6f9626/kml?layers=2
https://opendata.baltimorecountymd.gov/api/download/v1/items/eb5c12fb4ffb4d35b1cb265b2d6f9626/shapefile?layers=2
https://opendata.baltimorecountymd.gov/datasets/BC-GIS::interstate-ramps","example-feeds/BaltimoreCoHubDCAT1.1.json","outputs\2026-10-09_arcgis_primary.csv","outputs\2026-10-09_arcgis_distributions.csv"
"CZMP Issues Polygons 2020 [Maryland--Baltimore County]","CZMP Issues Polygons 2020 [Maryland--Baltimore County]","CZMP Issues Polygons 2020","","sublayer","same as current harvest","No explicit same-item parent in feed; title unchanged by context rule; Service container shared by different ArcGIS items","baltimore_county","ecd34971521b4c708fb9b83b873f9eeb_0","ecd34971521b4c708fb9b83b873f9eeb","0","","yes","yes","04b-24005","yes","CZMP2020","CZMP Issues Polygons 2020 - CZMP2020","2","https://bcgisapps.baltimorecountymd.gov/arcgis/rest/services/CZMP2020/MapServer","https://www.arcgis.com/home/item.html?id=ecd34971521b4c708fb9b83b873f9eeb&sublayer=0","https://opendata.baltimorecountymd.gov/datasets/BC-GIS::czmp-issues-polygons-2020","https://bcgisapps.baltimorecountymd.gov/arcgis/rest/services/CZMP2020/MapServer/0
https://opendata.baltimorecountymd.gov/datasets/BC-GIS::czmp-issues-polygons-2020","https://bcgisapps.baltimorecountymd.gov/arcgis/rest/services/CZMP2020/MapServer/0
https://opendata.baltimorecountymd.gov/api/download/v1/items/ecd34971521b4c708fb9b83b873f9eeb/csv?layers=0
https://opendata.baltimorecountymd.gov/api/download/v1/items/ecd34971521b4c708fb9b83b873f9eeb/geojson?layers=0
https://opendata.baltimorecountymd.gov/api/download/v1/items/ecd34971521b4c708fb9b83b873f9eeb/kml?layers=0
https://opendata.baltimorecountymd.gov/api/download/v1/items/ecd34971521b4c708fb9b83b873f9eeb/shapefile?layers=0
https://opendata.baltimorecountymd.gov/datasets/BC-GIS::czmp-issues-polygons-2020","example-feeds/BaltimoreCoHubDCAT1.1.json","outputs\2026-10-09_arcgis_primary.csv","outputs\2026-10-09_arcgis_distributions.csv"
"Impervious Surface [Maryland--Baltimore County]","Impervious Surface [Maryland--Baltimore County]","Impervious Surface","","sublayer","same as current harvest","No explicit same-item parent in feed; title unchanged by context rule; Service container shared by different ArcGIS items","baltimore_county","ee0284b10afe48a3bf0e78dcebf8d33f_9","ee0284b10afe48a3bf0e78dcebf8d33f","9","","yes","yes","04b-24005","yes","Environmental","Impervious Surface - Environmental","3","https://bcgisdata.baltimorecountymd.gov/arcgis/rest/services/Environmental/Environmental/MapServer","https://www.arcgis.com/home/item.html?id=ee0284b10afe48a3bf0e78dcebf8d33f&sublayer=9","https://opendata.baltimorecountymd.gov/datasets/BC-GIS::impervious-surface","https://bcgisdata.baltimorecountymd.gov/arcgis/rest/services/Environmental/Environmental/MapServer/9
https://opendata.baltimorecountymd.gov/datasets/BC-GIS::impervious-surface","https://bcgisdata.baltimorecountymd.gov/arcgis/rest/services/Environmental/Environmental/MapServer/9
https://opendata.baltimorecountymd.gov/api/download/v1/items/ee0284b10afe48a3bf0e78dcebf8d33f/csv?layers=9
https://opendata.baltimorecountymd.gov/api/download/v1/items/ee0284b10afe48a3bf0e78dcebf8d33f/geojson?layers=9
https://opendata.baltimorecountymd.gov/api/download/v1/items/ee0284b10afe48a3bf0e78dcebf8d33f/kml?layers=9
https://opendata.baltimorecountymd.gov/api/download/v1/items/ee0284b10afe48a3bf0e78dcebf8d33f/shapefile?layers=9
https://opendata.baltimorecountymd.gov/datasets/BC-GIS::impervious-surface","example-feeds/BaltimoreCoHubDCAT1.1.json","outputs\2026-10-09_arcgis_primary.csv","outputs\2026-10-09_arcgis_distributions.csv"
"CZMP Issues 2024 Polygons [Maryland--Baltimore County]","CZMP Issues 2024 Polygons [Maryland--Baltimore County]","CZMP Issues 2024 Polygons","","sublayer","same as current harvest","No explicit same-item parent in feed; title unchanged by context rule; Service container shared by different ArcGIS items","baltimore_county","ef53efb65d2b437d9bbbd3582f38643e_14","ef53efb65d2b437d9bbbd3582f38643e","14","","yes","yes","04b-24005","yes","Zoning","CZMP Issues 2024 Polygons - Zoning","16","https://bcgisdata.baltimorecountymd.gov/arcgis/rest/services/DevelopmentManagement/Zoning/MapServer","https://www.arcgis.com/home/item.html?id=ef53efb65d2b437d9bbbd3582f38643e&sublayer=14","https://opendata.baltimorecountymd.gov/datasets/BC-GIS::czmp-issues-2024-polygons","https://bcgisdata.baltimorecountymd.gov/arcgis/rest/services/DevelopmentManagement/Zoning/MapServer/14
https://opendata.baltimorecountymd.gov/datasets/BC-GIS::czmp-issues-2024-polygons","https://bcgisdata.baltimorecountymd.gov/arcgis/rest/services/DevelopmentManagement/Zoning/MapServer/14
https://opendata.baltimorecountymd.gov/api/download/v1/items/ef53efb65d2b437d9bbbd3582f38643e/csv?layers=14
https://opendata.baltimorecountymd.gov/api/download/v1/items/ef53efb65d2b437d9bbbd3582f38643e/geojson?layers=14
https://opendata.baltimorecountymd.gov/api/download/v1/items/ef53efb65d2b437d9bbbd3582f38643e/kml?layers=14
https://opendata.baltimorecountymd.gov/api/download/v1/items/ef53efb65d2b437d9bbbd3582f38643e/shapefile?layers=14
https://opendata.baltimorecountymd.gov/datasets/BC-GIS::czmp-issues-2024-polygons","example-feeds/BaltimoreCoHubDCAT1.1.json","outputs\2026-10-09_arcgis_primary.csv","outputs\2026-10-09_arcgis_distributions.csv"
"Bill 55-25 Proposed Jones Amendment [Maryland--Baltimore County]","Bill 55-25 Proposed Jones Amendment [Maryland--Baltimore County]","Bill 55-25 Proposed Jones Amendment","","sublayer","same as current harvest","No explicit same-item parent in feed; title unchanged by context rule","baltimore_county","f0ee9bd575014d1eb78310110853c24d_0","f0ee9bd575014d1eb78310110853c24d","0","","yes","yes","04b-24005","yes","Bill%2055%20-%2025%20-%20Jones%20Amendment","Bill 55-25 Proposed Jones Amendment - Bill%2055%20-%2025%20-%20Jones%20Amendment","1","https://services2.arcgis.com/Ynpzre7M7vSGY7dh/arcgis/rest/services/Bill%2055%20-%2025%20-%20Jones%20Amendment/FeatureServer","https://www.arcgis.com/home/item.html?id=f0ee9bd575014d1eb78310110853c24d&sublayer=0","https://opendata.baltimorecountymd.gov/datasets/BC-GIS::bill-55-25-proposed-jones-amendment","https://opendata.baltimorecountymd.gov/datasets/BC-GIS::bill-55-25-proposed-jones-amendment
https://services2.arcgis.com/Ynpzre7M7vSGY7dh/arcgis/rest/services/Bill%2055%20-%2025%20-%20Jones%20Amendment/FeatureServer/0","https://opendata.baltimorecountymd.gov/api/download/v1/items/f0ee9bd575014d1eb78310110853c24d/csv?layers=0
https://opendata.baltimorecountymd.gov/api/download/v1/items/f0ee9bd575014d1eb78310110853c24d/geojson?layers=0
https://opendata.baltimorecountymd.gov/api/download/v1/items/f0ee9bd575014d1eb78310110853c24d/kml?layers=0
https://opendata.baltimorecountymd.gov/api/download/v1/items/f0ee9bd575014d1eb78310110853c24d/shapefile?layers=0
https://opendata.baltimorecountymd.gov/datasets/BC-GIS::bill-55-25-proposed-jones-amendment
https://services2.arcgis.com/Ynpzre7M7vSGY7dh/arcgis/rest/services/Bill%2055%20-%2025%20-%20Jones%20Amendment/FeatureServer/0","example-feeds/BaltimoreCoHubDCAT1.1.json","outputs\2026-10-09_arcgis_primary.csv","outputs\2026-10-09_arcgis_distributions.csv"
"Letter Of Map Revision (LOMR) [Maryland--Baltimore County]","Letter Of Map Revision (LOMR) [Maryland--Baltimore County]","Letter Of Map Revision (LOMR)","","sublayer","same as current harvest","No explicit same-item parent in feed; title unchanged by context rule; Service container shared by different ArcGIS items","baltimore_county","f160572c2afa46508ba0b1d64a333cc4_2","f160572c2afa46508ba0b1d64a333cc4","2","","yes","yes","04b-24005","yes","Floodplain","Letter Of Map Revision (LOMR) - Floodplain","13","https://bcgisdata.baltimorecountymd.gov/arcgis/rest/services/DevelopmentManagement/Floodplain/MapServer","https://www.arcgis.com/home/item.html?id=f160572c2afa46508ba0b1d64a333cc4&sublayer=2","https://opendata.baltimorecountymd.gov/datasets/BC-GIS::letter-of-map-revision-lomr","https://bcgisdata.baltimorecountymd.gov/arcgis/rest/services/DevelopmentManagement/Floodplain/MapServer/2
https://opendata.baltimorecountymd.gov/datasets/BC-GIS::letter-of-map-revision-lomr","https://bcgisdata.baltimorecountymd.gov/arcgis/rest/services/DevelopmentManagement/Floodplain/MapServer/2
https://opendata.baltimorecountymd.gov/api/download/v1/items/f160572c2afa46508ba0b1d64a333cc4/csv?layers=2
https://opendata.baltimorecountymd.gov/api/download/v1/items/f160572c2afa46508ba0b1d64a333cc4/geojson?layers=2
https://opendata.baltimorecountymd.gov/api/download/v1/items/f160572c2afa46508ba0b1d64a333cc4/kml?layers=2
https://opendata.baltimorecountymd.gov/api/download/v1/items/f160572c2afa46508ba0b1d64a333cc4/shapefile?layers=2
https://opendata.baltimorecountymd.gov/datasets/BC-GIS::letter-of-map-revision-lomr","example-feeds/BaltimoreCoHubDCAT1.1.json","outputs\2026-10-09_arcgis_primary.csv","outputs\2026-10-09_arcgis_distributions.csv"
"Historic Streams [Maryland--Baltimore County]","Historic Streams [Maryland--Baltimore County]","Historic Streams","","sublayer","same as current harvest","No explicit same-item parent in feed; title unchanged by context rule; Service container shared by different ArcGIS items","baltimore_county","f3a69a95f2ac4879b1be4650d54a9c9e_7","f3a69a95f2ac4879b1be4650d54a9c9e","7","","yes","yes","04b-24005","yes","Hydrology","Historic Streams - Hydrology","4","https://bcgisdata.baltimorecountymd.gov/arcgis/rest/services/Hydrology/Hydrology/MapServer","https://www.arcgis.com/home/item.html?id=f3a69a95f2ac4879b1be4650d54a9c9e&sublayer=7","https://opendata.baltimorecountymd.gov/datasets/BC-GIS::historic-streams","https://bcgisdata.baltimorecountymd.gov/arcgis/rest/services/Hydrology/Hydrology/MapServer/7
https://opendata.baltimorecountymd.gov/datasets/BC-GIS::historic-streams","https://bcgisdata.baltimorecountymd.gov/arcgis/rest/services/Hydrology/Hydrology/MapServer/7
https://opendata.baltimorecountymd.gov/api/download/v1/items/f3a69a95f2ac4879b1be4650d54a9c9e/csv?layers=7
https://opendata.baltimorecountymd.gov/api/download/v1/items/f3a69a95f2ac4879b1be4650d54a9c9e/geojson?layers=7
https://opendata.baltimorecountymd.gov/api/download/v1/items/f3a69a95f2ac4879b1be4650d54a9c9e/kml?layers=7
https://opendata.baltimorecountymd.gov/api/download/v1/items/f3a69a95f2ac4879b1be4650d54a9c9e/shapefile?layers=7
https://opendata.baltimorecountymd.gov/datasets/BC-GIS::historic-streams","example-feeds/BaltimoreCoHubDCAT1.1.json","outputs\2026-10-09_arcgis_primary.csv","outputs\2026-10-09_arcgis_distributions.csv"
"CBCA Outer Boundary [Maryland--Baltimore County]","CBCA Outer Boundary [Maryland--Baltimore County]","CBCA Outer Boundary","","sublayer","same as current harvest","No explicit same-item parent in feed; title unchanged by context rule; Service container shared by different ArcGIS items","baltimore_county","f5b2f41063cd433097f43ecd8ef7f695_1","f5b2f41063cd433097f43ecd8ef7f695","1","","yes","yes","04b-24005","yes","Environmental","CBCA Outer Boundary - Environmental","3","https://bcgisdata.baltimorecountymd.gov/arcgis/rest/services/Environmental/Environmental/MapServer","https://www.arcgis.com/home/item.html?id=f5b2f41063cd433097f43ecd8ef7f695&sublayer=1","https://opendata.baltimorecountymd.gov/datasets/BC-GIS::cbca-outer-boundary","https://bcgisdata.baltimorecountymd.gov/arcgis/rest/services/Environmental/Environmental/MapServer/1
https://opendata.baltimorecountymd.gov/datasets/BC-GIS::cbca-outer-boundary","https://bcgisdata.baltimorecountymd.gov/arcgis/rest/services/Environmental/Environmental/MapServer/1
https://opendata.baltimorecountymd.gov/api/download/v1/items/f5b2f41063cd433097f43ecd8ef7f695/csv?layers=1
https://opendata.baltimorecountymd.gov/api/download/v1/items/f5b2f41063cd433097f43ecd8ef7f695/geojson?layers=1
https://opendata.baltimorecountymd.gov/api/download/v1/items/f5b2f41063cd433097f43ecd8ef7f695/kml?layers=1
https://opendata.baltimorecountymd.gov/api/download/v1/items/f5b2f41063cd433097f43ecd8ef7f695/shapefile?layers=1
https://opendata.baltimorecountymd.gov/datasets/BC-GIS::cbca-outer-boundary","example-feeds/BaltimoreCoHubDCAT1.1.json","outputs\2026-10-09_arcgis_primary.csv","outputs\2026-10-09_arcgis_distributions.csv"
"Land Management Areas [Maryland--Baltimore County]","Land Management Areas [Maryland--Baltimore County]","Land Management Areas","","sublayer","same as current harvest","No explicit same-item parent in feed; title unchanged by context rule; Service container shared by different ArcGIS items","baltimore_county","f60c1f95113c4c6aa136b67ce38a6d19_13","f60c1f95113c4c6aa136b67ce38a6d19","13","","yes","yes","04b-24005","yes","Landuse","Land Management Areas - Landuse","14","https://bcgisdata.baltimorecountymd.gov/arcgis/rest/services/LandusePlanning/Landuse/MapServer","https://www.arcgis.com/home/item.html?id=f60c1f95113c4c6aa136b67ce38a6d19&sublayer=13","https://opendata.baltimorecountymd.gov/datasets/BC-GIS::land-management-areas","https://bcgisdata.baltimorecountymd.gov/arcgis/rest/services/LandusePlanning/Landuse/MapServer/13
https://opendata.baltimorecountymd.gov/datasets/BC-GIS::land-management-areas","https://bcgisdata.baltimorecountymd.gov/arcgis/rest/services/LandusePlanning/Landuse/MapServer/13
https://opendata.baltimorecountymd.gov/api/download/v1/items/f60c1f95113c4c6aa136b67ce38a6d19/csv?layers=13
https://opendata.baltimorecountymd.gov/api/download/v1/items/f60c1f95113c4c6aa136b67ce38a6d19/geojson?layers=13
https://opendata.baltimorecountymd.gov/api/download/v1/items/f60c1f95113c4c6aa136b67ce38a6d19/kml?layers=13
https://opendata.baltimorecountymd.gov/api/download/v1/items/f60c1f95113c4c6aa136b67ce38a6d19/shapefile?layers=13
https://opendata.baltimorecountymd.gov/datasets/BC-GIS::land-management-areas","example-feeds/BaltimoreCoHubDCAT1.1.json","outputs\2026-10-09_arcgis_primary.csv","outputs\2026-10-09_arcgis_distributions.csv"
"Basic Services - Water(Empty) [Maryland--Baltimore County]","Basic Services - Water(Empty) [Maryland--Baltimore County]","Basic Services - Water(Empty)","","sublayer","same as current harvest","No explicit same-item parent in feed; title unchanged by context rule; Service container shared by different ArcGIS items","baltimore_county","f6727fbbb8b842d3b30baae05cef24cb_7","f6727fbbb8b842d3b30baae05cef24cb","7","","yes","yes","04b-24005","yes","BasicServices","Basic Services - Water(Empty) - BasicServices","5","https://bcgisdata.baltimorecountymd.gov/arcgis/rest/services/DevelopmentManagement/BasicServices/MapServer","https://www.arcgis.com/home/item.html?id=f6727fbbb8b842d3b30baae05cef24cb&sublayer=7","https://opendata.baltimorecountymd.gov/datasets/BC-GIS::basic-services-waterempty","https://bcgisdata.baltimorecountymd.gov/arcgis/rest/services/DevelopmentManagement/BasicServices/MapServer/7
https://opendata.baltimorecountymd.gov/datasets/BC-GIS::basic-services-waterempty","https://bcgisdata.baltimorecountymd.gov/arcgis/rest/services/DevelopmentManagement/BasicServices/MapServer/7
https://opendata.baltimorecountymd.gov/api/download/v1/items/f6727fbbb8b842d3b30baae05cef24cb/csv?layers=7
https://opendata.baltimorecountymd.gov/api/download/v1/items/f6727fbbb8b842d3b30baae05cef24cb/geojson?layers=7
https://opendata.baltimorecountymd.gov/api/download/v1/items/f6727fbbb8b842d3b30baae05cef24cb/kml?layers=7
https://opendata.baltimorecountymd.gov/api/download/v1/items/f6727fbbb8b842d3b30baae05cef24cb/shapefile?layers=7
https://opendata.baltimorecountymd.gov/datasets/BC-GIS::basic-services-waterempty","example-feeds/BaltimoreCoHubDCAT1.1.json","outputs\2026-10-09_arcgis_primary.csv","outputs\2026-10-09_arcgis_distributions.csv"
"","","My Neighborhood","","standalone_item","not included by updated rules","Still excluded by existing filter or parent eligibility checks","baltimore_county","f6ef64fa1a3844e5b89c44716f8f0c05","f6ef64fa1a3844e5b89c44716f8f0c05","","","no","no","","no","","","0","","https://www.arcgis.com/home/item.html?id=f6ef64fa1a3844e5b89c44716f8f0c05","https://opendata.baltimorecountymd.gov/apps/BC-GIS::my-neighborhood","","","example-feeds/BaltimoreCoHubDCAT1.1.json","outputs\2026-10-09_arcgis_primary.csv","outputs\2026-10-09_arcgis_distributions.csv"
"Letter of Map Amendment (LOMA) [Maryland--Baltimore County]","Letter of Map Amendment (LOMA) [Maryland--Baltimore County]","Letter of Map Amendment (LOMA)","","sublayer","same as current harvest","No explicit same-item parent in feed; title unchanged by context rule; Service container shared by different ArcGIS items","baltimore_county","f7bc8e66a737470386785a07d33cd3c6_0","f7bc8e66a737470386785a07d33cd3c6","0","","yes","yes","04b-24005","yes","Floodplain","Letter of Map Amendment (LOMA) - Floodplain","13","https://bcgisdata.baltimorecountymd.gov/arcgis/rest/services/DevelopmentManagement/Floodplain/MapServer","https://www.arcgis.com/home/item.html?id=f7bc8e66a737470386785a07d33cd3c6&sublayer=0","https://opendata.baltimorecountymd.gov/datasets/BC-GIS::letter-of-map-amendment-loma","https://bcgisdata.baltimorecountymd.gov/arcgis/rest/services/DevelopmentManagement/Floodplain/MapServer/0
https://opendata.baltimorecountymd.gov/datasets/BC-GIS::letter-of-map-amendment-loma","https://bcgisdata.baltimorecountymd.gov/arcgis/rest/services/DevelopmentManagement/Floodplain/MapServer/0
https://opendata.baltimorecountymd.gov/api/download/v1/items/f7bc8e66a737470386785a07d33cd3c6/csv?layers=0
https://opendata.baltimorecountymd.gov/api/download/v1/items/f7bc8e66a737470386785a07d33cd3c6/geojson?layers=0
https://opendata.baltimorecountymd.gov/api/download/v1/items/f7bc8e66a737470386785a07d33cd3c6/kml?layers=0
https://opendata.baltimorecountymd.gov/api/download/v1/items/f7bc8e66a737470386785a07d33cd3c6/shapefile?layers=0
https://opendata.baltimorecountymd.gov/datasets/BC-GIS::letter-of-map-amendment-loma","example-feeds/BaltimoreCoHubDCAT1.1.json","outputs\2026-10-09_arcgis_primary.csv","outputs\2026-10-09_arcgis_distributions.csv"
"Urban Rural Demarcation Line [Maryland--Baltimore County]","Urban Rural Demarcation Line [Maryland--Baltimore County]","Urban Rural Demarcation Line","","sublayer","same as current harvest","No explicit same-item parent in feed; title unchanged by context rule; Service container shared by different ArcGIS items","baltimore_county","f88b67ddbee74ca198392bd76771a71e_1","f88b67ddbee74ca198392bd76771a71e","1","","yes","yes","04b-24005","yes","Landuse","Urban Rural Demarcation Line - Landuse","14","https://bcgisdata.baltimorecountymd.gov/arcgis/rest/services/LandusePlanning/Landuse/MapServer","https://www.arcgis.com/home/item.html?id=f88b67ddbee74ca198392bd76771a71e&sublayer=1","https://opendata.baltimorecountymd.gov/datasets/BC-GIS::urban-rural-demarcation-line","https://bcgisdata.baltimorecountymd.gov/arcgis/rest/services/LandusePlanning/Landuse/MapServer/1
https://opendata.baltimorecountymd.gov/datasets/BC-GIS::urban-rural-demarcation-line","https://bcgisdata.baltimorecountymd.gov/arcgis/rest/services/LandusePlanning/Landuse/MapServer/1
https://opendata.baltimorecountymd.gov/api/download/v1/items/f88b67ddbee74ca198392bd76771a71e/csv?layers=1
https://opendata.baltimorecountymd.gov/api/download/v1/items/f88b67ddbee74ca198392bd76771a71e/geojson?layers=1
https://opendata.baltimorecountymd.gov/api/download/v1/items/f88b67ddbee74ca198392bd76771a71e/kml?layers=1
https://opendata.baltimorecountymd.gov/api/download/v1/items/f88b67ddbee74ca198392bd76771a71e/shapefile?layers=1
https://opendata.baltimorecountymd.gov/datasets/BC-GIS::urban-rural-demarcation-line","example-feeds/BaltimoreCoHubDCAT1.1.json","outputs\2026-10-09_arcgis_primary.csv","outputs\2026-10-09_arcgis_distributions.csv"
"Electrical Permits [Maryland--Baltimore County]","Electrical Permits [Maryland--Baltimore County]","Electrical Permits","","sublayer","same as current harvest","No explicit same-item parent in feed; title unchanged by context rule; Service container shared by different ArcGIS items","baltimore_county","fb1b685973734e72a67c4ba2cdc6e890_5","fb1b685973734e72a67c4ba2cdc6e890","5","","yes","yes","04b-24005","yes","ActiveDevelopment","Electrical Permits - ActiveDevelopment","8","https://bcgisdata.baltimorecountymd.gov/arcgis/rest/services/DevelopmentManagement/ActiveDevelopment/MapServer","https://www.arcgis.com/home/item.html?id=fb1b685973734e72a67c4ba2cdc6e890&sublayer=5","https://opendata.baltimorecountymd.gov/datasets/BC-GIS::electrical-permits","https://bcgisdata.baltimorecountymd.gov/arcgis/rest/services/DevelopmentManagement/ActiveDevelopment/MapServer/5
https://opendata.baltimorecountymd.gov/datasets/BC-GIS::electrical-permits","https://bcgisdata.baltimorecountymd.gov/arcgis/rest/services/DevelopmentManagement/ActiveDevelopment/MapServer/5
https://opendata.baltimorecountymd.gov/api/download/v1/items/fb1b685973734e72a67c4ba2cdc6e890/csv?layers=5
https://opendata.baltimorecountymd.gov/api/download/v1/items/fb1b685973734e72a67c4ba2cdc6e890/geojson?layers=5
https://opendata.baltimorecountymd.gov/api/download/v1/items/fb1b685973734e72a67c4ba2cdc6e890/kml?layers=5
https://opendata.baltimorecountymd.gov/api/download/v1/items/fb1b685973734e72a67c4ba2cdc6e890/shapefile?layers=5
https://opendata.baltimorecountymd.gov/datasets/BC-GIS::electrical-permits","example-feeds/BaltimoreCoHubDCAT1.1.json","outputs\2026-10-09_arcgis_primary.csv","outputs\2026-10-09_arcgis_distributions.csv"
"ClimateActionPlan - SLR2050 Impacted Outfalls [Maryland--Baltimore County]","ClimateActionPlan - SLR2050 Impacted Outfalls [Maryland--Baltimore County]","ClimateActionPlan - SLR2050 Impacted Outfalls","","sublayer","same as current harvest","No explicit same-item parent in feed; title unchanged by context rule; Service container shared by different ArcGIS items","baltimore_county","fb7d74fdbded46529fd1adf4eab0c3b4_2","fb7d74fdbded46529fd1adf4eab0c3b4","2","","yes","yes","04b-24005","yes","ClimateActionPlan","","28","https://bcgisdata.baltimorecountymd.gov/arcgis/rest/services/Environmental/ClimateActionPlan/MapServer","https://www.arcgis.com/home/item.html?id=fb7d74fdbded46529fd1adf4eab0c3b4&sublayer=2","https://opendata.baltimorecountymd.gov/datasets/BC-GIS::climateactionplan-slr2050-impacted-outfalls","https://bcgisdata.baltimorecountymd.gov/arcgis/rest/services/Environmental/ClimateActionPlan/MapServer/2
https://opendata.baltimorecountymd.gov/datasets/BC-GIS::climateactionplan-slr2050-impacted-outfalls","https://bcgisdata.baltimorecountymd.gov/arcgis/rest/services/Environmental/ClimateActionPlan/MapServer/2
https://opendata.baltimorecountymd.gov/api/download/v1/items/fb7d74fdbded46529fd1adf4eab0c3b4/csv?layers=2
https://opendata.baltimorecountymd.gov/api/download/v1/items/fb7d74fdbded46529fd1adf4eab0c3b4/geojson?layers=2
https://opendata.baltimorecountymd.gov/api/download/v1/items/fb7d74fdbded46529fd1adf4eab0c3b4/kml?layers=2
https://opendata.baltimorecountymd.gov/api/download/v1/items/fb7d74fdbded46529fd1adf4eab0c3b4/shapefile?layers=2
https://opendata.baltimorecountymd.gov/datasets/BC-GIS::climateactionplan-slr2050-impacted-outfalls","example-feeds/BaltimoreCoHubDCAT1.1.json","outputs\2026-10-09_arcgis_primary.csv","outputs\2026-10-09_arcgis_distributions.csv"
"Zoning 2016 [Maryland--Baltimore County]","Zoning 2016 [Maryland--Baltimore County]","Zoning 2016","","sublayer","same as current harvest","No explicit same-item parent in feed; title unchanged by context rule; Service container shared by different ArcGIS items","baltimore_county","fbd9da48ebea41b3945332111edcbd55_11","fbd9da48ebea41b3945332111edcbd55","11","","yes","yes","04b-24005","yes","Zoning","","16","https://bcgisdata.baltimorecountymd.gov/arcgis/rest/services/DevelopmentManagement/Zoning/MapServer","https://www.arcgis.com/home/item.html?id=fbd9da48ebea41b3945332111edcbd55&sublayer=11","https://opendata.baltimorecountymd.gov/datasets/BC-GIS::zoning-2016","https://bcgisdata.baltimorecountymd.gov/arcgis/rest/services/DevelopmentManagement/Zoning/MapServer/11
https://opendata.baltimorecountymd.gov/datasets/BC-GIS::zoning-2016","https://bcgisdata.baltimorecountymd.gov/arcgis/rest/services/DevelopmentManagement/Zoning/MapServer/11
https://opendata.baltimorecountymd.gov/api/download/v1/items/fbd9da48ebea41b3945332111edcbd55/csv?layers=11
https://opendata.baltimorecountymd.gov/api/download/v1/items/fbd9da48ebea41b3945332111edcbd55/geojson?layers=11
https://opendata.baltimorecountymd.gov/api/download/v1/items/fbd9da48ebea41b3945332111edcbd55/kml?layers=11
https://opendata.baltimorecountymd.gov/api/download/v1/items/fbd9da48ebea41b3945332111edcbd55/shapefile?layers=11
https://opendata.baltimorecountymd.gov/datasets/BC-GIS::zoning-2016","example-feeds/BaltimoreCoHubDCAT1.1.json","outputs\2026-10-09_arcgis_primary.csv","outputs\2026-10-09_arcgis_distributions.csv"
"Sewer - Historic Petitions [Maryland--Baltimore County]","Sewer - Historic Petitions [Maryland--Baltimore County]","Sewer - Historic Petitions","","sublayer","same as current harvest","No explicit same-item parent in feed; title unchanged by context rule; Service container shared by different ArcGIS items","baltimore_county","fcde927b468c4b73a6f086c5472cf60e_2","fcde927b468c4b73a6f086c5472cf60e","2","","yes","yes","04b-24005","yes","UtilityMasterPlans","Sewer - Historic Petitions - UtilityMasterPlans","4","https://bcgisdata.baltimorecountymd.gov/arcgis/rest/services/DevelopmentManagement/UtilityMasterPlans/MapServer","https://www.arcgis.com/home/item.html?id=fcde927b468c4b73a6f086c5472cf60e&sublayer=2","https://opendata.baltimorecountymd.gov/datasets/BC-GIS::sewer-historic-petitions-1","https://bcgisdata.baltimorecountymd.gov/arcgis/rest/services/DevelopmentManagement/UtilityMasterPlans/MapServer/2
https://opendata.baltimorecountymd.gov/datasets/BC-GIS::sewer-historic-petitions-1","https://bcgisdata.baltimorecountymd.gov/arcgis/rest/services/DevelopmentManagement/UtilityMasterPlans/MapServer/2
https://opendata.baltimorecountymd.gov/api/download/v1/items/fcde927b468c4b73a6f086c5472cf60e/csv?layers=2
https://opendata.baltimorecountymd.gov/api/download/v1/items/fcde927b468c4b73a6f086c5472cf60e/geojson?layers=2
https://opendata.baltimorecountymd.gov/api/download/v1/items/fcde927b468c4b73a6f086c5472cf60e/kml?layers=2
https://opendata.baltimorecountymd.gov/api/download/v1/items/fcde927b468c4b73a6f086c5472cf60e/shapefile?layers=2
https://opendata.baltimorecountymd.gov/datasets/BC-GIS::sewer-historic-petitions-1","example-feeds/BaltimoreCoHubDCAT1.1.json","outputs\2026-10-09_arcgis_primary.csv","outputs\2026-10-09_arcgis_distributions.csv"
"Design Review Panels [Maryland--Baltimore County]","Design Review Panels [Maryland--Baltimore County]","Design Review Panels","","sublayer","same as current harvest","No explicit same-item parent in feed; title unchanged by context rule; Service container shared by different ArcGIS items","baltimore_county","ff636c1faef241aba1c062a58a504f32_3","ff636c1faef241aba1c062a58a504f32","3","","yes","yes","04b-24005","yes","DevelopmentReview","Design Review Panels - DevelopmentReview","4","https://bcgisdata.baltimorecountymd.gov/arcgis/rest/services/DevelopmentManagement/DevelopmentReview/MapServer","https://www.arcgis.com/home/item.html?id=ff636c1faef241aba1c062a58a504f32&sublayer=3","https://opendata.baltimorecountymd.gov/datasets/BC-GIS::design-review-panels","https://bcgisdata.baltimorecountymd.gov/arcgis/rest/services/DevelopmentManagement/DevelopmentReview/MapServer/3
https://opendata.baltimorecountymd.gov/datasets/BC-GIS::design-review-panels","https://bcgisdata.baltimorecountymd.gov/arcgis/rest/services/DevelopmentManagement/DevelopmentReview/MapServer/3
https://opendata.baltimorecountymd.gov/api/download/v1/items/ff636c1faef241aba1c062a58a504f32/csv?layers=3
https://opendata.baltimorecountymd.gov/api/download/v1/items/ff636c1faef241aba1c062a58a504f32/geojson?layers=3
https://opendata.baltimorecountymd.gov/api/download/v1/items/ff636c1faef241aba1c062a58a504f32/kml?layers=3
https://opendata.baltimorecountymd.gov/api/download/v1/items/ff636c1faef241aba1c062a58a504f32/shapefile?layers=3
https://opendata.baltimorecountymd.gov/datasets/BC-GIS::design-review-panels","example-feeds/BaltimoreCoHubDCAT1.1.json","outputs\2026-10-09_arcgis_primary.csv","outputs\2026-10-09_arcgis_distributions.csv"
"Watersheds [Maryland--Baltimore County]","Watersheds [Maryland--Baltimore County]","Watersheds","","sublayer","same as current harvest","No explicit same-item parent in feed; title unchanged by context rule; Service container shared by different ArcGIS items","baltimore_county","ffa0ccbb55144cd38dca3ebecb80f8dd_2","ffa0ccbb55144cd38dca3ebecb80f8dd","2","","yes","yes","04b-24005","yes","Hydrology","Watersheds - Hydrology","4","https://bcgisdata.baltimorecountymd.gov/arcgis/rest/services/Hydrology/Hydrology/MapServer","https://www.arcgis.com/home/item.html?id=ffa0ccbb55144cd38dca3ebecb80f8dd&sublayer=2","https://opendata.baltimorecountymd.gov/datasets/BC-GIS::watersheds","https://bcgisdata.baltimorecountymd.gov/arcgis/rest/services/Hydrology/Hydrology/MapServer/2
https://opendata.baltimorecountymd.gov/datasets/BC-GIS::watersheds","https://bcgisdata.baltimorecountymd.gov/arcgis/rest/services/Hydrology/Hydrology/MapServer/2
https://opendata.baltimorecountymd.gov/api/download/v1/items/ffa0ccbb55144cd38dca3ebecb80f8dd/csv?layers=2
https://opendata.baltimorecountymd.gov/api/download/v1/items/ffa0ccbb55144cd38dca3ebecb80f8dd/geojson?layers=2
https://opendata.baltimorecountymd.gov/api/download/v1/items/ffa0ccbb55144cd38dca3ebecb80f8dd/kml?layers=2
https://opendata.baltimorecountymd.gov/api/download/v1/items/ffa0ccbb55144cd38dca3ebecb80f8dd/shapefile?layers=2
https://opendata.baltimorecountymd.gov/datasets/BC-GIS::watersheds","example-feeds/BaltimoreCoHubDCAT1.1.json","outputs\2026-10-09_arcgis_primary.csv","outputs\2026-10-09_arcgis_distributions.csv"
